sample_id,label,source,kind,signer_id,group_id,raw_path,landmarks_path,num_frames,fps,duration_s,any_hand_rate,pose_rate,quality_flag,split
53228502dfdb,SAD,include,video,,include:clip:53228502dfdb,data/external/include_pose/INCLUDE/Pose_Signs/Adjectives/4. sad/MVI_9568.pkl,data/processed/landmarks/include/SAD/53228502dfdb.npz,69,0.0,0.0,1.0,1.0,,train
01a819e32367,SAD,include,video,,include:clip:01a819e32367,data/external/include_pose/INCLUDE/Pose_Signs/Adjectives/4. sad/MVI_9721.pkl,data/processed/landmarks/include/SAD/01a819e32367.npz,68,0.0,0.0,1.0,1.0,,train
224ee3351c0f,SAD,include,video,,include:clip:224ee3351c0f,data/external/include_pose/INCLUDE/Pose_Signs/Adjectives/4. sad/MVI_9720.pkl,data/processed/landmarks/include/SAD/224ee3351c0f.npz,62,0.0,0.0,1.0,1.0,,train
4c970b934aa7,SAD,include,video,,include:clip:4c970b934aa7,data/external/include_pose/INCLUDE/Pose_Signs/Adjectives/4. sad/MVI_9722.pkl,data/processed/landmarks/include/SAD/4c970b934aa7.npz,62,0.0,0.0,1.0,1.0,,train
dff528bf3dca,SAD,include,video,,include:clip:dff528bf3dca,data/external/include_pose/INCLUDE/Pose_Signs/Adjectives/4. sad/MVI_9719.pkl,data/processed/landmarks/include/SAD/dff528bf3dca.npz,66,0.0,0.0,1.0,1.0,,train
a0ae55af8840,SAD,include,video,,include:clip:a0ae55af8840,data/external/include_pose/INCLUDE/Pose_Signs/Adjectives/4. sad/MVI_9565.pkl,data/processed/landmarks/include/SAD/a0ae55af8840.npz,63,0.0,0.0,1.0,1.0,,train
e121cc615d1c,HIGH,include,video,,include:clip:e121cc615d1c,data/external/include_pose/INCLUDE/Pose_Signs/Adjectives/23. high/MVI_9781.pkl,data/processed/landmarks/include/HIGH/e121cc615d1c.npz,57,0.0,0.0,0.807,1.0,,train
d46634f9c30c,HIGH,include,video,,include:clip:d46634f9c30c,data/external/include_pose/INCLUDE/Pose_Signs/Adjectives/23. high/MVI_9780.pkl,data/processed/landmarks/include/HIGH/d46634f9c30c.npz,63,0.0,0.0,0.7778,1.0,,train
d1ae9eebbeee,HIGH,include,video,,include:clip:d1ae9eebbeee,data/external/include_pose/INCLUDE/Pose_Signs/Adjectives/23. high/MVI_9654.pkl,data/processed/landmarks/include/HIGH/d1ae9eebbeee.npz,69,0.0,0.0,0.8986,1.0,,train
0529a21965f8,HIGH,include,video,,include:clip:0529a21965f8,data/external/include_pose/INCLUDE/Pose_Signs/Adjectives/23. high/MVI_9656.pkl,data/processed/landmarks/include/HIGH/0529a21965f8.npz,64,0.0,0.0,0.9219,1.0,,train
8e43f4559db8,HIGH,include,video,,include:clip:8e43f4559db8,data/external/include_pose/INCLUDE/Pose_Signs/Adjectives/23. high/MVI_9657.pkl,data/processed/landmarks/include/HIGH/8e43f4559db8.npz,70,0.0,0.0,0.9286,1.0,,train
a563df1ecf4a,COOL,include,video,,include:clip:a563df1ecf4a,data/external/include_pose/INCLUDE/Pose_Signs/Adjectives/90. cool/MVI_9420.pkl,data/processed/landmarks/include/COOL/a563df1ecf4a.npz,45,0.0,0.0,1.0,1.0,,train
e541bd77c65f,COOL,include,video,,include:clip:e541bd77c65f,data/external/include_pose/INCLUDE/Pose_Signs/Adjectives/90. cool/MVI_5227.pkl,data/processed/landmarks/include/COOL/e541bd77c65f.npz,57,0.0,0.0,1.0,1.0,,train
71a952033f0b,COOL,include,video,,include:clip:71a952033f0b,data/external/include_pose/INCLUDE/Pose_Signs/Adjectives/90. cool/MVI_5147.pkl,data/processed/landmarks/include/COOL/71a952033f0b.npz,68,0.0,0.0,1.0,1.0,,train
cd25342fb770,COOL,include,video,,include:clip:cd25342fb770,data/external/include_pose/INCLUDE/Pose_Signs/Adjectives/90. cool/MVI_5225.pkl,data/processed/landmarks/include/COOL/cd25342fb770.npz,61,0.0,0.0,1.0,1.0,,train
fb6e22cce443,COOL,include,video,,include:clip:fb6e22cce443,data/external/include_pose/INCLUDE/Pose_Signs/Adjectives/90. cool/MVI_5146.pkl,data/processed/landmarks/include/COOL/fb6e22cce443.npz,67,0.0,0.0,1.0,1.0,,train
0a8751d52f08,COOL,include,video,,include:clip:0a8751d52f08,data/external/include_pose/INCLUDE/Pose_Signs/Adjectives/90. cool/MVI_9419.pkl,data/processed/landmarks/include/COOL/0a8751d52f08.npz,50,0.0,0.0,1.0,1.0,,train
c15065c21d71,COOL,include,video,,include:clip:c15065c21d71,data/external/include_pose/INCLUDE/Pose_Signs/Adjectives/90. cool/MVI_9418.pkl,data/processed/landmarks/include/COOL/c15065c21d71.npz,55,0.0,0.0,1.0,1.0,,train
9c1daac2a5fd,COOL,include,video,,include:clip:9c1daac2a5fd,data/external/include_pose/INCLUDE/Pose_Signs/Adjectives/90. cool/MVI_9497.pkl,data/processed/landmarks/include/COOL/9c1daac2a5fd.npz,53,0.0,0.0,1.0,1.0,,train
6b1dd0ff3c87,COOL,include,video,,include:clip:6b1dd0ff3c87,data/external/include_pose/INCLUDE/Pose_Signs/Adjectives/90. cool/MVI_9337.pkl,data/processed/landmarks/include/COOL/6b1dd0ff3c87.npz,50,0.0,0.0,1.0,1.0,,train
db277395cc3e,COOL,include,video,,include:clip:db277395cc3e,data/external/include_pose/INCLUDE/Pose_Signs/Adjectives/90. cool/MVI_9256.pkl,data/processed/landmarks/include/COOL/db277395cc3e.npz,50,0.0,0.0,1.0,1.0,,train
b7db166e3ba1,COOL,include,video,,include:clip:b7db166e3ba1,data/external/include_pose/INCLUDE/Pose_Signs/Adjectives/90. cool/MVI_9258.pkl,data/processed/landmarks/include/COOL/b7db166e3ba1.npz,50,0.0,0.0,1.0,1.0,,train
7f16c219430d,COOL,include,video,,include:clip:7f16c219430d,data/external/include_pose/INCLUDE/Pose_Signs/Adjectives/90. cool/MVI_9338.pkl,data/processed/landmarks/include/COOL/7f16c219430d.npz,59,0.0,0.0,0.9831,1.0,,train
91ca78df5c15,COOL,include,video,,include:clip:91ca78df5c15,data/external/include_pose/INCLUDE/Pose_Signs/Adjectives/90. cool/MVI_5305.pkl,data/processed/landmarks/include/COOL/91ca78df5c15.npz,48,0.0,0.0,1.0,1.0,,train
f555ab445076,COOL,include,video,,include:clip:f555ab445076,data/external/include_pose/INCLUDE/Pose_Signs/Adjectives/90. cool/MVI_5306.pkl,data/processed/landmarks/include/COOL/f555ab445076.npz,43,0.0,0.0,1.0,1.0,,train
39c474af04bf,SMALL_LITTLE,include,video,,include:clip:39c474af04bf,data/external/include_pose/INCLUDE/Pose_Signs/Adjectives/84. small little/MVI_5208.pkl,data/processed/landmarks/include/SMALL_LITTLE/39c474af04bf.npz,58,0.0,0.0,0.8966,1.0,,train
9fbd824bf30d,SMALL_LITTLE,include,video,,include:clip:9fbd824bf30d,data/external/include_pose/INCLUDE/Pose_Signs/Adjectives/84. small little/MVI_9397.pkl,data/processed/landmarks/include/SMALL_LITTLE/9fbd824bf30d.npz,51,0.0,0.0,0.902,1.0,,train
e20c1411023f,SMALL_LITTLE,include,video,,include:clip:e20c1411023f,data/external/include_pose/INCLUDE/Pose_Signs/Adjectives/84. small little/MVI_9237.pkl,data/processed/landmarks/include/SMALL_LITTLE/e20c1411023f.npz,52,0.0,0.0,0.9231,1.0,,train
fcc4543c93b2,SMALL_LITTLE,include,video,,include:clip:fcc4543c93b2,data/external/include_pose/INCLUDE/Pose_Signs/Adjectives/84. small little/MVI_5127.pkl,data/processed/landmarks/include/SMALL_LITTLE/fcc4543c93b2.npz,80,0.0,0.0,0.9625,1.0,,train
ff661781aa3f,SMALL_LITTLE,include,video,,include:clip:ff661781aa3f,data/external/include_pose/INCLUDE/Pose_Signs/Adjectives/84. small little/MVI_9319.pkl,data/processed/landmarks/include/SMALL_LITTLE/ff661781aa3f.npz,51,0.0,0.0,0.902,1.0,,train
fde2c6b6b1df,SMALL_LITTLE,include,video,,include:clip:fde2c6b6b1df,data/external/include_pose/INCLUDE/Pose_Signs/Adjectives/84. small little/MVI_9480.pkl,data/processed/landmarks/include/SMALL_LITTLE/fde2c6b6b1df.npz,55,0.0,0.0,0.9455,1.0,,train
851dbd6661b8,SMALL_LITTLE,include,video,,include:clip:851dbd6661b8,data/external/include_pose/INCLUDE/Pose_Signs/Adjectives/84. small little/MVI_9479.pkl,data/processed/landmarks/include/SMALL_LITTLE/851dbd6661b8.npz,52,0.0,0.0,0.9231,1.0,,train
70c2a0a76ff3,SMALL_LITTLE,include,video,,include:clip:70c2a0a76ff3,data/external/include_pose/INCLUDE/Pose_Signs/Adjectives/84. small little/MVI_9478.pkl,data/processed/landmarks/include/SMALL_LITTLE/70c2a0a76ff3.npz,54,0.0,0.0,0.9074,1.0,,train
c89e78d90637,SMALL_LITTLE,include,video,,include:clip:c89e78d90637,data/external/include_pose/INCLUDE/Pose_Signs/Adjectives/84. small little/MVI_9320.pkl,data/processed/landmarks/include/SMALL_LITTLE/c89e78d90637.npz,52,0.0,0.0,0.7885,1.0,,train
d8f3a8ceb431,SMALL_LITTLE,include,video,,include:clip:d8f3a8ceb431,data/external/include_pose/INCLUDE/Pose_Signs/Adjectives/84. small little/MVI_5288.pkl,data/processed/landmarks/include/SMALL_LITTLE/d8f3a8ceb431.npz,38,0.0,0.0,0.9211,1.0,,train
43294a0cdbe9,SMALL_LITTLE,include,video,,include:clip:43294a0cdbe9,data/external/include_pose/INCLUDE/Pose_Signs/Adjectives/84. small little/MVI_5207.pkl,data/processed/landmarks/include/SMALL_LITTLE/43294a0cdbe9.npz,57,0.0,0.0,0.9123,1.0,,train
0ca565145727,SMALL_LITTLE,include,video,,include:clip:0ca565145727,data/external/include_pose/INCLUDE/Pose_Signs/Adjectives/84. small little/MVI_9398.pkl,data/processed/landmarks/include/SMALL_LITTLE/0ca565145727.npz,50,0.0,0.0,0.94,1.0,,train
ef66b87623d3,SMALL_LITTLE,include,video,,include:clip:ef66b87623d3,data/external/include_pose/INCLUDE/Pose_Signs/Adjectives/84. small little/MVI_9400.pkl,data/processed/landmarks/include/SMALL_LITTLE/ef66b87623d3.npz,53,0.0,0.0,0.9623,1.0,,train
2101bfd44bd8,SMALL_LITTLE,include,video,,include:clip:2101bfd44bd8,data/external/include_pose/INCLUDE/Pose_Signs/Adjectives/84. small little/MVI_5206.pkl,data/processed/landmarks/include/SMALL_LITTLE/2101bfd44bd8.npz,53,0.0,0.0,0.9623,1.0,,train
0615b222fd1c,SMALL_LITTLE,include,video,,include:clip:0615b222fd1c,data/external/include_pose/INCLUDE/Pose_Signs/Adjectives/84. small little/MVI_9238.pkl,data/processed/landmarks/include/SMALL_LITTLE/0615b222fd1c.npz,51,0.0,0.0,0.9216,1.0,,train
72b81a4c87e8,QUIET,include,video,,include:clip:72b81a4c87e8,data/external/include_pose/INCLUDE/Pose_Signs/Adjectives/2. quiet/MVI_5181.pkl,data/processed/landmarks/include/QUIET/72b81a4c87e8.npz,74,0.0,0.0,1.0,1.0,,train
8889544ff4cf,QUIET,include,video,,include:clip:8889544ff4cf,data/external/include_pose/INCLUDE/Pose_Signs/Adjectives/2. quiet/MVI_9537.pkl,data/processed/landmarks/include/QUIET/8889544ff4cf.npz,69,0.0,0.0,1.0,1.0,,train
52f2299afc30,QUIET,include,video,,include:clip:52f2299afc30,data/external/include_pose/INCLUDE/Pose_Signs/Adjectives/2. quiet/MVI_9292.pkl,data/processed/landmarks/include/QUIET/52f2299afc30.npz,53,0.0,0.0,1.0,1.0,,train
349b329daad9,QUIET,include,video,,include:clip:349b329daad9,data/external/include_pose/INCLUDE/Pose_Signs/Adjectives/2. quiet/MVI_9293.pkl,data/processed/landmarks/include/QUIET/349b329daad9.npz,53,0.0,0.0,1.0,1.0,,train
c8f8005bf141,QUIET,include,video,,include:clip:c8f8005bf141,data/external/include_pose/INCLUDE/Pose_Signs/Adjectives/2. quiet/MVI_9451.pkl,data/processed/landmarks/include/QUIET/c8f8005bf141.npz,57,0.0,0.0,1.0,1.0,,train
c07ad129d239,QUIET,include,video,,include:clip:c07ad129d239,data/external/include_pose/INCLUDE/Pose_Signs/Adjectives/2. quiet/MVI_9452.pkl,data/processed/landmarks/include/QUIET/c07ad129d239.npz,66,0.0,0.0,1.0,1.0,,train
478713a7b21a,QUIET,include,video,,include:clip:478713a7b21a,data/external/include_pose/INCLUDE/Pose_Signs/Adjectives/2. quiet/MVI_9453.pkl,data/processed/landmarks/include/QUIET/478713a7b21a.npz,60,0.0,0.0,1.0,1.0,,train
f07f8759a9bd,QUIET,include,video,,include:clip:f07f8759a9bd,data/external/include_pose/INCLUDE/Pose_Signs/Adjectives/2. quiet/MVI_5338.pkl,data/processed/landmarks/include/QUIET/f07f8759a9bd.npz,45,0.0,0.0,1.0,1.0,,train
9f0538724ec6,QUIET,include,video,,include:clip:9f0538724ec6,data/external/include_pose/INCLUDE/Pose_Signs/Adjectives/2. quiet/MVI_5339.pkl,data/processed/landmarks/include/QUIET/9f0538724ec6.npz,52,0.0,0.0,1.0,1.0,,train
fc22c3f3abd0,QUIET,include,video,,include:clip:fc22c3f3abd0,data/external/include_pose/INCLUDE/Pose_Signs/Adjectives/2. quiet/MVI_5262.pkl,data/processed/landmarks/include/QUIET/fc22c3f3abd0.npz,66,0.0,0.0,1.0,1.0,,train
158e85e24ca4,QUIET,include,video,,include:clip:158e85e24ca4,data/external/include_pose/INCLUDE/Pose_Signs/Adjectives/2. quiet/MVI_9539.pkl,data/processed/landmarks/include/QUIET/158e85e24ca4.npz,65,0.0,0.0,1.0,1.0,,train
a9132486cd53,QUIET,include,video,,include:clip:a9132486cd53,data/external/include_pose/INCLUDE/Pose_Signs/Adjectives/2. quiet/MVI_5261.pkl,data/processed/landmarks/include/QUIET/a9132486cd53.npz,63,0.0,0.0,1.0,1.0,,train
7ef37057df9d,QUIET,include,video,,include:clip:7ef37057df9d,data/external/include_pose/INCLUDE/Pose_Signs/Adjectives/2. quiet/MVI_5260.pkl,data/processed/landmarks/include/QUIET/7ef37057df9d.npz,69,0.0,0.0,1.0,1.0,,train
69ed27adc96b,QUIET,include,video,,include:clip:69ed27adc96b,data/external/include_pose/INCLUDE/Pose_Signs/Adjectives/2. quiet/MVI_9373.pkl,data/processed/landmarks/include/QUIET/69ed27adc96b.npz,47,0.0,0.0,1.0,1.0,,train
b4f0bbe54d49,QUIET,include,video,,include:clip:b4f0bbe54d49,data/external/include_pose/INCLUDE/Pose_Signs/Adjectives/2. quiet/MVI_9372.pkl,data/processed/landmarks/include/QUIET/b4f0bbe54d49.npz,47,0.0,0.0,1.0,1.0,,train
1c53266dc626,RICH,include,video,,include:clip:1c53266dc626,data/external/include_pose/INCLUDE/Pose_Signs/Adjectives/11. rich/MVI_9735.pkl,data/processed/landmarks/include/RICH/1c53266dc626.npz,59,0.0,0.0,0.9153,1.0,,train
9ece0c7dc377,RICH,include,video,,include:clip:9ece0c7dc377,data/external/include_pose/INCLUDE/Pose_Signs/Adjectives/11. rich/MVI_9736.pkl,data/processed/landmarks/include/RICH/9ece0c7dc377.npz,62,0.0,0.0,0.9355,1.0,,train
cc7c3ca825ba,RICH,include,video,,include:clip:cc7c3ca825ba,data/external/include_pose/INCLUDE/Pose_Signs/Adjectives/11. rich/MVI_9733.pkl,data/processed/landmarks/include/RICH/cc7c3ca825ba.npz,65,0.0,0.0,0.9231,1.0,,train
609fbbebe242,RICH,include,video,,include:clip:609fbbebe242,data/external/include_pose/INCLUDE/Pose_Signs/Adjectives/11. rich/MVI_9598.pkl,data/processed/landmarks/include/RICH/609fbbebe242.npz,58,0.0,0.0,0.9483,1.0,,train
4683dc77bbf8,RICH,include,video,,include:clip:4683dc77bbf8,data/external/include_pose/INCLUDE/Pose_Signs/Adjectives/11. rich/MVI_9599.pkl,data/processed/landmarks/include/RICH/4683dc77bbf8.npz,61,0.0,0.0,0.9672,1.0,,train
c89314f191da,DRY,include,video,,include:clip:c89314f191da,data/external/include_pose/INCLUDE/Pose_Signs/Adjectives/97. dry/MVI_5169.pkl,data/processed/landmarks/include/DRY/c89314f191da.npz,82,0.0,0.0,0.9878,1.0,,train
c893a8d1a002,DRY,include,video,,include:clip:c893a8d1a002,data/external/include_pose/INCLUDE/Pose_Signs/Adjectives/97. dry/MVI_9279.pkl,data/processed/landmarks/include/DRY/c893a8d1a002.npz,56,0.0,0.0,0.8571,1.0,,train
e3b8513adce5,DRY,include,video,,include:clip:e3b8513adce5,data/external/include_pose/INCLUDE/Pose_Signs/Adjectives/97. dry/MVI_9523.pkl,data/processed/landmarks/include/DRY/e3b8513adce5.npz,66,0.0,0.0,0.9697,1.0,,train
33364d0ba5e7,DRY,include,video,,include:clip:33364d0ba5e7,data/external/include_pose/INCLUDE/Pose_Signs/Adjectives/97. dry/MVI_5250.pkl,data/processed/landmarks/include/DRY/33364d0ba5e7.npz,67,0.0,0.0,0.9552,1.0,,train
b3479d8289ea,DRY,include,video,,include:clip:b3479d8289ea,data/external/include_pose/INCLUDE/Pose_Signs/Adjectives/97. dry/MVI_9522.pkl,data/processed/landmarks/include/DRY/b3479d8289ea.npz,64,0.0,0.0,0.9531,1.0,,train
d40213ae008d,DRY,include,video,,include:clip:d40213ae008d,data/external/include_pose/INCLUDE/Pose_Signs/Adjectives/97. dry/MVI_9278.pkl,data/processed/landmarks/include/DRY/d40213ae008d.npz,62,0.0,0.0,0.9032,1.0,,train
9f969c4baa24,DRY,include,video,,include:clip:9f969c4baa24,data/external/include_pose/INCLUDE/Pose_Signs/Adjectives/97. dry/MVI_5326.pkl,data/processed/landmarks/include/DRY/9f969c4baa24.npz,60,0.0,0.0,0.9667,1.0,,train
63e092c146c1,DRY,include,video,,include:clip:63e092c146c1,data/external/include_pose/INCLUDE/Pose_Signs/Adjectives/97. dry/MVI_9440.pkl,data/processed/landmarks/include/DRY/63e092c146c1.npz,58,0.0,0.0,0.9138,1.0,,train
98fe9e10ca93,DRY,include,video,,include:clip:98fe9e10ca93,data/external/include_pose/INCLUDE/Pose_Signs/Adjectives/97. dry/MVI_9521.pkl,data/processed/landmarks/include/DRY/98fe9e10ca93.npz,63,0.0,0.0,0.9524,1.0,,train
bbe9986eaf59,DRY,include,video,,include:clip:bbe9986eaf59,data/external/include_pose/INCLUDE/Pose_Signs/Adjectives/97. dry/MVI_5249.pkl,data/processed/landmarks/include/DRY/bbe9986eaf59.npz,67,0.0,0.0,0.9403,1.0,,train
df013d239169,DRY,include,video,,include:clip:df013d239169,data/external/include_pose/INCLUDE/Pose_Signs/Adjectives/97. dry/MVI_5328.pkl,data/processed/landmarks/include/DRY/df013d239169.npz,55,0.0,0.0,0.9636,1.0,,train
b7edb804c516,DRY,include,video,,include:clip:b7edb804c516,data/external/include_pose/INCLUDE/Pose_Signs/Adjectives/97. dry/MVI_9359.pkl,data/processed/landmarks/include/DRY/b7edb804c516.npz,55,0.0,0.0,0.9455,1.0,,train
f3106a4cf706,DRY,include,video,,include:clip:f3106a4cf706,data/external/include_pose/INCLUDE/Pose_Signs/Adjectives/97. dry/MVI_9360.pkl,data/processed/landmarks/include/DRY/f3106a4cf706.npz,53,0.0,0.0,0.9245,1.0,,train
c29c7067c0fa,DRY,include,video,,include:clip:c29c7067c0fa,data/external/include_pose/INCLUDE/Pose_Signs/Adjectives/97. dry/MVI_9439.pkl,data/processed/landmarks/include/DRY/c29c7067c0fa.npz,63,0.0,0.0,0.9683,1.0,,train
9c2aa2462a1e,FEMALE,include,video,,include:clip:9c2aa2462a1e,data/external/include_pose/INCLUDE/Pose_Signs/Adjectives/20. female/MVI_9769.pkl,data/processed/landmarks/include/FEMALE/9c2aa2462a1e.npz,46,0.0,0.0,1.0,1.0,,train
4ecb421f49b4,FEMALE,include,video,,include:clip:4ecb421f49b4,data/external/include_pose/INCLUDE/Pose_Signs/Adjectives/20. female/MVI_9768.pkl,data/processed/landmarks/include/FEMALE/4ecb421f49b4.npz,53,0.0,0.0,1.0,1.0,,train
af2c63b92717,FEMALE,include,video,,include:clip:af2c63b92717,data/external/include_pose/INCLUDE/Pose_Signs/Adjectives/20. female/MVI_9642.pkl,data/processed/landmarks/include/FEMALE/af2c63b92717.npz,57,0.0,0.0,1.0,1.0,,train
0c0a732b1cf3,FEMALE,include,video,,include:clip:0c0a732b1cf3,data/external/include_pose/INCLUDE/Pose_Signs/Adjectives/20. female/MVI_9643.pkl,data/processed/landmarks/include/FEMALE/0c0a732b1cf3.npz,52,0.0,0.0,1.0,1.0,,train
75125a5b318f,FEMALE,include,video,,include:clip:75125a5b318f,data/external/include_pose/INCLUDE/Pose_Signs/Adjectives/20. female/MVI_9645.pkl,data/processed/landmarks/include/FEMALE/75125a5b318f.npz,49,0.0,0.0,1.0,1.0,,train
947ef082b7d5,HEALTHY,include,video,,include:clip:947ef082b7d5,data/external/include_pose/INCLUDE/Pose_Signs/Adjectives/99. healthy/MVI_9286.pkl,data/processed/landmarks/include/HEALTHY/947ef082b7d5.npz,55,0.0,0.0,0.8182,1.0,,train
48d31b2cc21f,HEALTHY,include,video,,include:clip:48d31b2cc21f,data/external/include_pose/INCLUDE/Pose_Signs/Adjectives/99. healthy/MVI_9287.pkl,data/processed/landmarks/include/HEALTHY/48d31b2cc21f.npz,61,0.0,0.0,0.7869,1.0,,train
df7317d9482f,HEALTHY,include,video,,include:clip:df7317d9482f,data/external/include_pose/INCLUDE/Pose_Signs/Adjectives/99. healthy/MVI_5332.pkl,data/processed/landmarks/include/HEALTHY/df7317d9482f.npz,52,0.0,0.0,0.9038,1.0,,train
c903d87157a9,HEALTHY,include,video,,include:clip:c903d87157a9,data/external/include_pose/INCLUDE/Pose_Signs/Adjectives/99. healthy/MVI_9531.pkl,data/processed/landmarks/include/HEALTHY/c903d87157a9.npz,60,0.0,0.0,0.9333,1.0,,train
d81d332b89f8,HEALTHY,include,video,,include:clip:d81d332b89f8,data/external/include_pose/INCLUDE/Pose_Signs/Adjectives/99. healthy/MVI_9445.pkl,data/processed/landmarks/include/HEALTHY/d81d332b89f8.npz,64,0.0,0.0,0.8906,1.0,,train
1f4abab35c44,HEALTHY,include,video,,include:clip:1f4abab35c44,data/external/include_pose/INCLUDE/Pose_Signs/Adjectives/99. healthy/MVI_5256.pkl,data/processed/landmarks/include/HEALTHY/1f4abab35c44.npz,67,0.0,0.0,0.9701,1.0,,train
3d8b970893fc,HEALTHY,include,video,,include:clip:3d8b970893fc,data/external/include_pose/INCLUDE/Pose_Signs/Adjectives/99. healthy/MVI_9530.pkl,data/processed/landmarks/include/HEALTHY/3d8b970893fc.npz,61,0.0,0.0,0.9508,1.0,,train
d5d9d9892226,HEALTHY,include,video,,include:clip:d5d9d9892226,data/external/include_pose/INCLUDE/Pose_Signs/Adjectives/99. healthy/MVI_9532.pkl,data/processed/landmarks/include/HEALTHY/d5d9d9892226.npz,62,0.0,0.0,0.871,1.0,,train
e64e2e5c8174,HEALTHY,include,video,,include:clip:e64e2e5c8174,data/external/include_pose/INCLUDE/Pose_Signs/Adjectives/99. healthy/MVI_9446.pkl,data/processed/landmarks/include/HEALTHY/e64e2e5c8174.npz,60,0.0,0.0,0.9,1.0,,train
3d8b030e86e5,HEALTHY,include,video,,include:clip:3d8b030e86e5,data/external/include_pose/INCLUDE/Pose_Signs/Adjectives/99. healthy/MVI_9367.pkl,data/processed/landmarks/include/HEALTHY/3d8b030e86e5.npz,50,0.0,0.0,0.84,1.0,,train
c4f06bdbb2c7,HEALTHY,include,video,,include:clip:c4f06bdbb2c7,data/external/include_pose/INCLUDE/Pose_Signs/Adjectives/99. healthy/MVI_9365.pkl,data/processed/landmarks/include/HEALTHY/c4f06bdbb2c7.npz,55,0.0,0.0,0.8727,1.0,,train
729c5e694baf,HEALTHY,include,video,,include:clip:729c5e694baf,data/external/include_pose/INCLUDE/Pose_Signs/Adjectives/99. healthy/MVI_5173.pkl,data/processed/landmarks/include/HEALTHY/729c5e694baf.npz,67,0.0,0.0,0.9701,1.0,,train
f7d64e962233,HEALTHY,include,video,,include:clip:f7d64e962233,data/external/include_pose/INCLUDE/Pose_Signs/Adjectives/99. healthy/MVI_5174.pkl,data/processed/landmarks/include/HEALTHY/f7d64e962233.npz,78,0.0,0.0,0.8974,1.0,,train
3b670566e1b3,HEALTHY,include,video,,include:clip:3b670566e1b3,data/external/include_pose/INCLUDE/Pose_Signs/Adjectives/99. healthy/MVI_5175.pkl,data/processed/landmarks/include/HEALTHY/3b670566e1b3.npz,95,0.0,0.0,0.9368,1.0,,train
fbd417481746,WIDE,include,video,,include:clip:fbd417481746,data/external/include_pose/INCLUDE/Pose_Signs/Adjectives/81. wide/MVI_9390.pkl,data/processed/landmarks/include/WIDE/fbd417481746.npz,59,0.0,0.0,0.9153,1.0,,train
683a226c7df9,WIDE,include,video,,include:clip:683a226c7df9,data/external/include_pose/INCLUDE/Pose_Signs/Adjectives/81. wide/MVI_9227.pkl,data/processed/landmarks/include/WIDE/683a226c7df9.npz,39,0.0,0.0,0.8205,1.0,,train
49c3de63b8c3,WIDE,include,video,,include:clip:49c3de63b8c3,data/external/include_pose/INCLUDE/Pose_Signs/Adjectives/81. wide/MVI_5278.pkl,data/processed/landmarks/include/WIDE/49c3de63b8c3.npz,65,0.0,0.0,0.9692,1.0,,train
e14ff6acfb95,WIDE,include,video,,include:clip:e14ff6acfb95,data/external/include_pose/INCLUDE/Pose_Signs/Adjectives/81. wide/MVI_9469.pkl,data/processed/landmarks/include/WIDE/e14ff6acfb95.npz,55,0.0,0.0,0.9818,1.0,,train
8e2e029f9d45,WIDE,include,video,,include:clip:8e2e029f9d45,data/external/include_pose/INCLUDE/Pose_Signs/Adjectives/81. wide/MVI_5119.pkl,data/processed/landmarks/include/WIDE/8e2e029f9d45.npz,68,0.0,0.0,0.9559,1.0,,train
d6d60b277106,WIDE,include,video,,include:clip:d6d60b277106,data/external/include_pose/INCLUDE/Pose_Signs/Adjectives/81. wide/MVI_9310.pkl,data/processed/landmarks/include/WIDE/d6d60b277106.npz,51,0.0,0.0,0.8431,1.0,,train
58145c60ca1d,WIDE,include,video,,include:clip:58145c60ca1d,data/external/include_pose/INCLUDE/Pose_Signs/Adjectives/81. wide/MVI_5277.pkl,data/processed/landmarks/include/WIDE/58145c60ca1d.npz,57,0.0,0.0,0.9298,1.0,,train
9682dad44291,WIDE,include,video,,include:clip:9682dad44291,data/external/include_pose/INCLUDE/Pose_Signs/Adjectives/81. wide/MVI_5117.pkl,data/processed/landmarks/include/WIDE/9682dad44291.npz,61,0.0,0.0,0.9508,1.0,,train
b26a27d0004d,WIDE,include,video,,include:clip:b26a27d0004d,data/external/include_pose/INCLUDE/Pose_Signs/Adjectives/81. wide/MVI_5199.pkl,data/processed/landmarks/include/WIDE/b26a27d0004d.npz,71,0.0,0.0,0.9718,1.0,,train
0f1e1ab34e0a,WIDE,include,video,,include:clip:0f1e1ab34e0a,data/external/include_pose/INCLUDE/Pose_Signs/Adjectives/81. wide/MVI_5198.pkl,data/processed/landmarks/include/WIDE/0f1e1ab34e0a.npz,70,0.0,0.0,0.9571,1.0,,train
c72d55bc4fe3,WIDE,include,video,,include:clip:c72d55bc4fe3,data/external/include_pose/INCLUDE/Pose_Signs/Adjectives/81. wide/MVI_9229.pkl,data/processed/landmarks/include/WIDE/c72d55bc4fe3.npz,46,0.0,0.0,0.7826,1.0,,train
849469056ac6,WIDE,include,video,,include:clip:849469056ac6,data/external/include_pose/INCLUDE/Pose_Signs/Adjectives/81. wide/MVI_9228.pkl,data/processed/landmarks/include/WIDE/849469056ac6.npz,49,0.0,0.0,0.8367,1.0,,train
ea00b3fd6e83,WIDE,include,video,,include:clip:ea00b3fd6e83,data/external/include_pose/INCLUDE/Pose_Signs/Adjectives/81. wide/MVI_9389.pkl,data/processed/landmarks/include/WIDE/ea00b3fd6e83.npz,60,0.0,0.0,0.9667,1.0,,train
5605fd0e94ec,WIDE,include,video,,include:clip:5605fd0e94ec,data/external/include_pose/INCLUDE/Pose_Signs/Adjectives/81. wide/MVI_9388.pkl,data/processed/landmarks/include/WIDE/5605fd0e94ec.npz,51,0.0,0.0,0.9216,1.0,,train
a4394fd20471,SLOW,include,video,,include:clip:a4394fd20471,data/external/include_pose/INCLUDE/Pose_Signs/Adjectives/85. slow/MVI_9324.pkl,data/processed/landmarks/include/SLOW/a4394fd20471.npz,54,0.0,0.0,0.9074,1.0,,train
c44f55998c03,SLOW,include,video,,include:clip:c44f55998c03,data/external/include_pose/INCLUDE/Pose_Signs/Adjectives/85. slow/MVI_5130.pkl,data/processed/landmarks/include/SLOW/c44f55998c03.npz,67,0.0,0.0,0.8955,1.0,,train
2b538f0d200d,SLOW,include,video,,include:clip:2b538f0d200d,data/external/include_pose/INCLUDE/Pose_Signs/Adjectives/85. slow/MVI_5291.pkl,data/processed/landmarks/include/SLOW/2b538f0d200d.npz,58,0.0,0.0,0.9828,1.0,,train
314ae428a073,SLOW,include,video,,include:clip:314ae428a073,data/external/include_pose/INCLUDE/Pose_Signs/Adjectives/85. slow/MVI_9483.pkl,data/processed/landmarks/include/SLOW/314ae428a073.npz,65,0.0,0.0,0.9846,1.0,,train
e5bafbdf1ed5,SLOW,include,video,,include:clip:e5bafbdf1ed5,data/external/include_pose/INCLUDE/Pose_Signs/Adjectives/85. slow/MVI_9482.pkl,data/processed/landmarks/include/SLOW/e5bafbdf1ed5.npz,59,0.0,0.0,0.9831,1.0,,train
87a1703e999f,SLOW,include,video,,include:clip:87a1703e999f,data/external/include_pose/INCLUDE/Pose_Signs/Adjectives/85. slow/MVI_5131.pkl,data/processed/landmarks/include/SLOW/87a1703e999f.npz,89,0.0,0.0,0.9775,1.0,,train
75bf02ff252b,SLOW,include,video,,include:clip:75bf02ff252b,data/external/include_pose/INCLUDE/Pose_Signs/Adjectives/85. slow/MVI_9243.pkl,data/processed/landmarks/include/SLOW/75bf02ff252b.npz,46,0.0,0.0,0.8913,1.0,,train
7d0a2498a998,SLOW,include,video,,include:clip:7d0a2498a998,data/external/include_pose/INCLUDE/Pose_Signs/Adjectives/85. slow/MVI_9323.pkl,data/processed/landmarks/include/SLOW/7d0a2498a998.npz,57,0.0,0.0,0.9474,1.0,,train
2bbdcdac1491,SLOW,include,video,,include:clip:2bbdcdac1491,data/external/include_pose/INCLUDE/Pose_Signs/Adjectives/85. slow/MVI_9242.pkl,data/processed/landmarks/include/SLOW/2bbdcdac1491.npz,39,0.0,0.0,0.8205,1.0,,train
99718d85bd37,SLOW,include,video,,include:clip:99718d85bd37,data/external/include_pose/INCLUDE/Pose_Signs/Adjectives/85. slow/MVI_5210.pkl,data/processed/landmarks/include/SLOW/99718d85bd37.npz,69,0.0,0.0,0.971,1.0,,train
2c975373dbca,SLOW,include,video,,include:clip:2c975373dbca,data/external/include_pose/INCLUDE/Pose_Signs/Adjectives/85. slow/MVI_9402.pkl,data/processed/landmarks/include/SLOW/2c975373dbca.npz,60,0.0,0.0,0.9333,1.0,,train
b08f4b93ecb9,SLOW,include,video,,include:clip:b08f4b93ecb9,data/external/include_pose/INCLUDE/Pose_Signs/Adjectives/85. slow/MVI_9403.pkl,data/processed/landmarks/include/SLOW/b08f4b93ecb9.npz,64,0.0,0.0,0.9219,1.0,,train
fde8ae3a44c9,SLOW,include,video,,include:clip:fde8ae3a44c9,data/external/include_pose/INCLUDE/Pose_Signs/Adjectives/85. slow/MVI_5211.pkl,data/processed/landmarks/include/SLOW/fde8ae3a44c9.npz,75,0.0,0.0,0.9733,1.0,,train
cd5f7f9535c4,SLOW,include,video,,include:clip:cd5f7f9535c4,data/external/include_pose/INCLUDE/Pose_Signs/Adjectives/85. slow/MVI_9404.pkl,data/processed/landmarks/include/SLOW/cd5f7f9535c4.npz,62,0.0,0.0,0.9677,1.0,,train
a7385c84690c,HARD,include,video,,include:clip:a7385c84690c,data/external/include_pose/INCLUDE/Pose_Signs/Adjectives/26. hard/MVI_9795.pkl,data/processed/landmarks/include/HARD/a7385c84690c.npz,58,0.0,0.0,0.9483,1.0,,train
e0136c7ab0b7,HARD,include,video,,include:clip:e0136c7ab0b7,data/external/include_pose/INCLUDE/Pose_Signs/Adjectives/26. hard/MVI_9794.pkl,data/processed/landmarks/include/HARD/e0136c7ab0b7.npz,57,0.0,0.0,0.9474,1.0,,train
37f74f689eab,HARD,include,video,,include:clip:37f74f689eab,data/external/include_pose/INCLUDE/Pose_Signs/Adjectives/26. hard/MVI_9793.pkl,data/processed/landmarks/include/HARD/37f74f689eab.npz,62,0.0,0.0,0.9194,1.0,,train
249fb956c39f,HARD,include,video,,include:clip:249fb956c39f,data/external/include_pose/INCLUDE/Pose_Signs/Adjectives/26. hard/MVI_9669.pkl,data/processed/landmarks/include/HARD/249fb956c39f.npz,73,0.0,0.0,0.9041,1.0,,train
cfede0c58a77,HARD,include,video,,include:clip:cfede0c58a77,data/external/include_pose/INCLUDE/Pose_Signs/Adjectives/26. hard/MVI_9667.pkl,data/processed/landmarks/include/HARD/cfede0c58a77.npz,74,0.0,0.0,0.9054,1.0,,train
7fa60b7c3689,BLIND,include,video,,include:clip:7fa60b7c3689,data/external/include_pose/INCLUDE/Pose_Signs/Adjectives/8. Blind/MVI_9585.pkl,data/processed/landmarks/include/BLIND/7fa60b7c3689.npz,60,0.0,0.0,1.0,1.0,,train
46d8aebf6e43,BLIND,include,video,,include:clip:46d8aebf6e43,data/external/include_pose/INCLUDE/Pose_Signs/Adjectives/8. Blind/MVI_9586.pkl,data/processed/landmarks/include/BLIND/46d8aebf6e43.npz,52,0.0,0.0,1.0,1.0,,train
4e349875490c,BLIND,include,video,,include:clip:4e349875490c,data/external/include_pose/INCLUDE/Pose_Signs/Adjectives/8. Blind/MVI_9587.pkl,data/processed/landmarks/include/BLIND/4e349875490c.npz,59,0.0,0.0,1.0,1.0,,train
80b7a68b9968,BLIND,include,video,,include:clip:80b7a68b9968,data/external/include_pose/INCLUDE/Pose_Signs/Adjectives/8. Blind/MVI_9853.pkl,data/processed/landmarks/include/BLIND/80b7a68b9968.npz,56,0.0,0.0,1.0,1.0,,train
5e54ec5cf29c,BLIND,include,video,,include:clip:5e54ec5cf29c,data/external/include_pose/INCLUDE/Pose_Signs/Adjectives/8. Blind/MVI_9855.pkl,data/processed/landmarks/include/BLIND/5e54ec5cf29c.npz,54,0.0,0.0,1.0,1.0,,train
78fb599eaf70,BLIND,include,video,,include:clip:78fb599eaf70,data/external/include_pose/INCLUDE/Pose_Signs/Adjectives/8. Blind/MVI_9854.pkl,data/processed/landmarks/include/BLIND/78fb599eaf70.npz,56,0.0,0.0,1.0,1.0,,train
fbbf873186d8,GOOD,include,video,,include:clip:fbbf873186d8,data/external/include_pose/INCLUDE/Pose_Signs/Adjectives/94. good/MVI_9351.pkl,data/processed/landmarks/include/GOOD/fbbf873186d8.npz,50,0.0,0.0,1.0,1.0,,train
acc2cb34daae,GOOD,include,video,,include:clip:acc2cb34daae,data/external/include_pose/INCLUDE/Pose_Signs/Adjectives/94. good/MVI_9431.pkl,data/processed/landmarks/include/GOOD/acc2cb34daae.npz,59,0.0,0.0,1.0,1.0,,train
d95de985455f,GOOD,include,video,,include:clip:d95de985455f,data/external/include_pose/INCLUDE/Pose_Signs/Adjectives/94. good/MVI_9430.pkl,data/processed/landmarks/include/GOOD/d95de985455f.npz,67,0.0,0.0,0.9851,1.0,,train
dd1e89404315,GOOD,include,video,,include:clip:dd1e89404315,data/external/include_pose/INCLUDE/Pose_Signs/Adjectives/94. good/MVI_9268.pkl,data/processed/landmarks/include/GOOD/dd1e89404315.npz,46,0.0,0.0,1.0,1.0,,train
54961b0e9656,GOOD,include,video,,include:clip:54961b0e9656,data/external/include_pose/INCLUDE/Pose_Signs/Adjectives/94. good/MVI_5240.pkl,data/processed/landmarks/include/GOOD/54961b0e9656.npz,65,0.0,0.0,1.0,1.0,,train
e5ae4baa5dfa,GOOD,include,video,,include:clip:e5ae4baa5dfa,data/external/include_pose/INCLUDE/Pose_Signs/Adjectives/94. good/MVI_9269.pkl,data/processed/landmarks/include/GOOD/e5ae4baa5dfa.npz,48,0.0,0.0,1.0,1.0,,train
02b8e1248b9a,GOOD,include,video,,include:clip:02b8e1248b9a,data/external/include_pose/INCLUDE/Pose_Signs/Adjectives/94. good/MVI_5316.pkl,data/processed/landmarks/include/GOOD/02b8e1248b9a.npz,46,0.0,0.0,1.0,1.0,,train
e4b7a0f9c7f9,GOOD,include,video,,include:clip:e4b7a0f9c7f9,data/external/include_pose/INCLUDE/Pose_Signs/Adjectives/94. good/MVI_9511.pkl,data/processed/landmarks/include/GOOD/e4b7a0f9c7f9.npz,56,0.0,0.0,1.0,1.0,,train
2b2856d14df7,GOOD,include,video,,include:clip:2b2856d14df7,data/external/include_pose/INCLUDE/Pose_Signs/Adjectives/94. good/MVI_9512.pkl,data/processed/landmarks/include/GOOD/2b2856d14df7.npz,50,0.0,0.0,1.0,1.0,,train
ce743588da79,GOOD,include,video,,include:clip:ce743588da79,data/external/include_pose/INCLUDE/Pose_Signs/Adjectives/94. good/MVI_5159.pkl,data/processed/landmarks/include/GOOD/ce743588da79.npz,63,0.0,0.0,1.0,1.0,,train
3b29f3ba47d2,GOOD,include,video,,include:clip:3b29f3ba47d2,data/external/include_pose/INCLUDE/Pose_Signs/Adjectives/94. good/MVI_5158.pkl,data/processed/landmarks/include/GOOD/3b29f3ba47d2.npz,73,0.0,0.0,1.0,1.0,,train
5459b39bae16,GOOD,include,video,,include:clip:5459b39bae16,data/external/include_pose/INCLUDE/Pose_Signs/Adjectives/94. good/MVI_5238.pkl,data/processed/landmarks/include/GOOD/5459b39bae16.npz,49,0.0,0.0,1.0,1.0,,train
398d89d4ebe4,GOOD,include,video,,include:clip:398d89d4ebe4,data/external/include_pose/INCLUDE/Pose_Signs/Adjectives/94. good/MVI_9349.pkl,data/processed/landmarks/include/GOOD/398d89d4ebe4.npz,41,0.0,0.0,1.0,1.0,,train
ea2612c5d714,GOOD,include,video,,include:clip:ea2612c5d714,data/external/include_pose/INCLUDE/Pose_Signs/Adjectives/94. good/MVI_5160.pkl,data/processed/landmarks/include/GOOD/ea2612c5d714.npz,62,0.0,0.0,1.0,1.0,,train
07f1c016650b,WARM,include,video,,include:clip:07f1c016650b,data/external/include_pose/INCLUDE/Pose_Signs/Adjectives/89. warm/MVI_5144.pkl,data/processed/landmarks/include/WARM/07f1c016650b.npz,70,0.0,0.0,1.0,1.0,,train
ab28592e23c6,WARM,include,video,,include:clip:ab28592e23c6,data/external/include_pose/INCLUDE/Pose_Signs/Adjectives/89. warm/MVI_5224.pkl,data/processed/landmarks/include/WARM/ab28592e23c6.npz,67,0.0,0.0,1.0,1.0,,train
63a67683334a,WARM,include,video,,include:clip:63a67683334a,data/external/include_pose/INCLUDE/Pose_Signs/Adjectives/89. warm/MVI_5143.pkl,data/processed/landmarks/include/WARM/63a67683334a.npz,69,0.0,0.0,1.0,1.0,,train
d0d6465a6ea2,WARM,include,video,,include:clip:d0d6465a6ea2,data/external/include_pose/INCLUDE/Pose_Signs/Adjectives/89. warm/MVI_5141.pkl,data/processed/landmarks/include/WARM/d0d6465a6ea2.npz,67,0.0,0.0,1.0,1.0,,train
aab2ee490a2e,WARM,include,video,,include:clip:aab2ee490a2e,data/external/include_pose/INCLUDE/Pose_Signs/Adjectives/89. warm/MVI_5223.pkl,data/processed/landmarks/include/WARM/aab2ee490a2e.npz,62,0.0,0.0,1.0,1.0,,train
58a5f64c0f6b,WARM,include,video,,include:clip:58a5f64c0f6b,data/external/include_pose/INCLUDE/Pose_Signs/Adjectives/89. warm/MVI_9494.pkl,data/processed/landmarks/include/WARM/58a5f64c0f6b.npz,66,0.0,0.0,1.0,1.0,,train
ac330490ba74,WARM,include,video,,include:clip:ac330490ba74,data/external/include_pose/INCLUDE/Pose_Signs/Adjectives/89. warm/MVI_9495.pkl,data/processed/landmarks/include/WARM/ac330490ba74.npz,70,0.0,0.0,1.0,1.0,,train
747d25581898,WARM,include,video,,include:clip:747d25581898,data/external/include_pose/INCLUDE/Pose_Signs/Adjectives/89. warm/MVI_9254.pkl,data/processed/landmarks/include/WARM/747d25581898.npz,59,0.0,0.0,1.0,1.0,,train
763fa8082049,WARM,include,video,,include:clip:763fa8082049,data/external/include_pose/INCLUDE/Pose_Signs/Adjectives/89. warm/MVI_9334.pkl,data/processed/landmarks/include/WARM/763fa8082049.npz,55,0.0,0.0,1.0,1.0,,train
aa72f3286daa,WARM,include,video,,include:clip:aa72f3286daa,data/external/include_pose/INCLUDE/Pose_Signs/Adjectives/89. warm/MVI_9335.pkl,data/processed/landmarks/include/WARM/aa72f3286daa.npz,57,0.0,0.0,1.0,1.0,,train
77a6716a1d72,WARM,include,video,,include:clip:77a6716a1d72,data/external/include_pose/INCLUDE/Pose_Signs/Adjectives/89. warm/MVI_5303.pkl,data/processed/landmarks/include/WARM/77a6716a1d72.npz,46,0.0,0.0,1.0,1.0,,train
eaf28ecafb56,WARM,include,video,,include:clip:eaf28ecafb56,data/external/include_pose/INCLUDE/Pose_Signs/Adjectives/89. warm/MVI_9415.pkl,data/processed/landmarks/include/WARM/eaf28ecafb56.npz,77,0.0,0.0,1.0,1.0,,train
f2f832e59502,WARM,include,video,,include:clip:f2f832e59502,data/external/include_pose/INCLUDE/Pose_Signs/Adjectives/89. warm/MVI_9416.pkl,data/processed/landmarks/include/WARM/f2f832e59502.npz,74,0.0,0.0,0.9865,1.0,,train
c41c6b980e10,WARM,include,video,,include:clip:c41c6b980e10,data/external/include_pose/INCLUDE/Pose_Signs/Adjectives/89. warm/MVI_9417.pkl,data/processed/landmarks/include/WARM/c41c6b980e10.npz,66,0.0,0.0,0.9697,1.0,,train
0da9487bd530,CURVED,include,video,,include:clip:0da9487bd530,data/external/include_pose/INCLUDE/Pose_Signs/Adjectives/18. curved/MVI_9636.pkl,data/processed/landmarks/include/CURVED/0da9487bd530.npz,67,0.0,0.0,1.0,1.0,,train
09033f4c376d,CURVED,include,video,,include:clip:09033f4c376d,data/external/include_pose/INCLUDE/Pose_Signs/Adjectives/18. curved/MVI_9635.pkl,data/processed/landmarks/include/CURVED/09033f4c376d.npz,69,0.0,0.0,1.0,1.0,,train
a43d6a7f9ef4,CURVED,include,video,,include:clip:a43d6a7f9ef4,data/external/include_pose/INCLUDE/Pose_Signs/Adjectives/18. curved/MVI_9634.pkl,data/processed/landmarks/include/CURVED/a43d6a7f9ef4.npz,77,0.0,0.0,1.0,1.0,,train
0d6374537722,CURVED,include,video,,include:clip:0d6374537722,data/external/include_pose/INCLUDE/Pose_Signs/Adjectives/18. curved/MVI_9633.pkl,data/processed/landmarks/include/CURVED/0d6374537722.npz,77,0.0,0.0,1.0,1.0,,train
d600b1107a11,CURVED,include,video,,include:clip:d600b1107a11,data/external/include_pose/INCLUDE/Pose_Signs/Adjectives/18. curved/MVI_9760.pkl,data/processed/landmarks/include/CURVED/d600b1107a11.npz,83,0.0,0.0,1.0,1.0,,train
d21f072a25b8,CURVED,include,video,,include:clip:d21f072a25b8,data/external/include_pose/INCLUDE/Pose_Signs/Adjectives/18. curved/MVI_9761.pkl,data/processed/landmarks/include/CURVED/d21f072a25b8.npz,73,0.0,0.0,1.0,1.0,,train
e7507c922605,LIGHT,include,video,,include:clip:e7507c922605,data/external/include_pose/INCLUDE/Pose_Signs/Adjectives/36. light/MVI_9838.pkl,data/processed/landmarks/include/LIGHT/e7507c922605.npz,60,0.0,0.0,0.8167,1.0,,train
3363f31f93f4,LIGHT,include,video,,include:clip:3363f31f93f4,data/external/include_pose/INCLUDE/Pose_Signs/Adjectives/36. light/MVI_9712.pkl,data/processed/landmarks/include/LIGHT/3363f31f93f4.npz,56,0.0,0.0,0.9643,1.0,,train
cc68506ec004,LIGHT,include,video,,include:clip:cc68506ec004,data/external/include_pose/INCLUDE/Pose_Signs/Adjectives/36. light/MVI_9713.pkl,data/processed/landmarks/include/LIGHT/cc68506ec004.npz,60,0.0,0.0,0.9667,1.0,,train
48f641532a37,LIGHT,include,video,,include:clip:48f641532a37,data/external/include_pose/INCLUDE/Pose_Signs/Adjectives/36. light/MVI_9711.pkl,data/processed/landmarks/include/LIGHT/48f641532a37.npz,55,0.0,0.0,0.9273,1.0,,train
dd5be789aab4,LIGHT,include,video,,include:clip:dd5be789aab4,data/external/include_pose/INCLUDE/Pose_Signs/Adjectives/36. light/MVI_9836.pkl,data/processed/landmarks/include/LIGHT/dd5be789aab4.npz,63,0.0,0.0,0.8889,1.0,,train
c96710dfc8a2,DEEP,include,video,,include:clip:c96710dfc8a2,data/external/include_pose/INCLUDE/Pose_Signs/Adjectives/27. deep/MVI_9800.pkl,data/processed/landmarks/include/DEEP/c96710dfc8a2.npz,71,0.0,0.0,0.8592,1.0,,train
ebffa81d5e95,DEEP,include,video,,include:clip:ebffa81d5e95,data/external/include_pose/INCLUDE/Pose_Signs/Adjectives/27. deep/MVI_9672.pkl,data/processed/landmarks/include/DEEP/ebffa81d5e95.npz,72,0.0,0.0,0.8889,1.0,,train
7ace6952fc4f,DEEP,include,video,,include:clip:7ace6952fc4f,data/external/include_pose/INCLUDE/Pose_Signs/Adjectives/27. deep/MVI_9671.pkl,data/processed/landmarks/include/DEEP/7ace6952fc4f.npz,70,0.0,0.0,0.9,1.0,,train
e6b998b5ad17,DEEP,include,video,,include:clip:e6b998b5ad17,data/external/include_pose/INCLUDE/Pose_Signs/Adjectives/27. deep/MVI_9670.pkl,data/processed/landmarks/include/DEEP/e6b998b5ad17.npz,65,0.0,0.0,0.8615,1.0,,train
5653c92af585,DEEP,include,video,,include:clip:5653c92af585,data/external/include_pose/INCLUDE/Pose_Signs/Adjectives/27. deep/MVI_9799.pkl,data/processed/landmarks/include/DEEP/5653c92af585.npz,64,0.0,0.0,0.875,1.0,,train
8c67cfb0396c,FAST,include,video,,include:clip:8c67cfb0396c,data/external/include_pose/INCLUDE/Pose_Signs/Adjectives/86. fast/MVI_9245.pkl,data/processed/landmarks/include/FAST/8c67cfb0396c.npz,48,0.0,0.0,1.0,1.0,,train
4f59741fb68e,FAST,include,video,,include:clip:4f59741fb68e,data/external/include_pose/INCLUDE/Pose_Signs/Adjectives/86. fast/MVI_5133.pkl,data/processed/landmarks/include/FAST/4f59741fb68e.npz,65,0.0,0.0,1.0,1.0,,train
f65c88850ff7,FAST,include,video,,include:clip:f65c88850ff7,data/external/include_pose/INCLUDE/Pose_Signs/Adjectives/86. fast/MVI_9325.pkl,data/processed/landmarks/include/FAST/f65c88850ff7.npz,44,0.0,0.0,1.0,1.0,,train
91e667f62b33,FAST,include,video,,include:clip:91e667f62b33,data/external/include_pose/INCLUDE/Pose_Signs/Adjectives/86. fast/MVI_5292.pkl,data/processed/landmarks/include/FAST/91e667f62b33.npz,47,0.0,0.0,1.0,1.0,,train
023b64411bbb,FAST,include,video,,include:clip:023b64411bbb,data/external/include_pose/INCLUDE/Pose_Signs/Adjectives/86. fast/MVI_5293.pkl,data/processed/landmarks/include/FAST/023b64411bbb.npz,55,0.0,0.0,1.0,1.0,,train
21791b626c1b,FAST,include,video,,include:clip:21791b626c1b,data/external/include_pose/INCLUDE/Pose_Signs/Adjectives/86. fast/MVI_9244.pkl,data/processed/landmarks/include/FAST/21791b626c1b.npz,45,0.0,0.0,1.0,1.0,,train
4bb4d5695bf1,FAST,include,video,,include:clip:4bb4d5695bf1,data/external/include_pose/INCLUDE/Pose_Signs/Adjectives/86. fast/MVI_9246.pkl,data/processed/landmarks/include/FAST/4bb4d5695bf1.npz,46,0.0,0.0,1.0,1.0,,train
973fd91571c1,FAST,include,video,,include:clip:973fd91571c1,data/external/include_pose/INCLUDE/Pose_Signs/Adjectives/86. fast/MVI_9326.pkl,data/processed/landmarks/include/FAST/973fd91571c1.npz,48,0.0,0.0,1.0,1.0,,train
7c9873264036,FAST,include,video,,include:clip:7c9873264036,data/external/include_pose/INCLUDE/Pose_Signs/Adjectives/86. fast/MVI_5135.pkl,data/processed/landmarks/include/FAST/7c9873264036.npz,74,0.0,0.0,1.0,1.0,,train
d1a99ce2e19e,FAST,include,video,,include:clip:d1a99ce2e19e,data/external/include_pose/INCLUDE/Pose_Signs/Adjectives/86. fast/MVI_5294.pkl,data/processed/landmarks/include/FAST/d1a99ce2e19e.npz,50,0.0,0.0,1.0,1.0,,train
b6f6f5c68095,FAST,include,video,,include:clip:b6f6f5c68095,data/external/include_pose/INCLUDE/Pose_Signs/Adjectives/86. fast/MVI_9484.pkl,data/processed/landmarks/include/FAST/b6f6f5c68095.npz,61,0.0,0.0,1.0,1.0,,train
caa26aa310d5,FAST,include,video,,include:clip:caa26aa310d5,data/external/include_pose/INCLUDE/Pose_Signs/Adjectives/86. fast/MVI_5213.pkl,data/processed/landmarks/include/FAST/caa26aa310d5.npz,56,0.0,0.0,1.0,1.0,,train
af8fc90a56cb,FAST,include,video,,include:clip:af8fc90a56cb,data/external/include_pose/INCLUDE/Pose_Signs/Adjectives/86. fast/MVI_5215.pkl,data/processed/landmarks/include/FAST/af8fc90a56cb.npz,65,0.0,0.0,1.0,1.0,,train
483941c4fd64,FAST,include,video,,include:clip:483941c4fd64,data/external/include_pose/INCLUDE/Pose_Signs/Adjectives/86. fast/MVI_5214.pkl,data/processed/landmarks/include/FAST/483941c4fd64.npz,70,0.0,0.0,1.0,1.0,,train
ef5358c413e9,FAMOUS,include,video,,include:clip:ef5358c413e9,data/external/include_pose/INCLUDE/Pose_Signs/Adjectives/39. famous/MVI_9839.pkl,data/processed/landmarks/include/FAMOUS/ef5358c413e9.npz,62,0.0,0.0,1.0,1.0,,train
1bc18feb83f8,FAMOUS,include,video,,include:clip:1bc18feb83f8,data/external/include_pose/INCLUDE/Pose_Signs/Adjectives/39. famous/MVI_9717.pkl,data/processed/landmarks/include/FAMOUS/1bc18feb83f8.npz,48,0.0,0.0,1.0,1.0,,train
cd85b7607ec7,FAMOUS,include,video,,include:clip:cd85b7607ec7,data/external/include_pose/INCLUDE/Pose_Signs/Adjectives/39. famous/MVI_9716.pkl,data/processed/landmarks/include/FAMOUS/cd85b7607ec7.npz,58,0.0,0.0,1.0,1.0,,train
15ae169a16b9,FAMOUS,include,video,,include:clip:15ae169a16b9,data/external/include_pose/INCLUDE/Pose_Signs/Adjectives/39. famous/MVI_9841.pkl,data/processed/landmarks/include/FAMOUS/15ae169a16b9.npz,49,0.0,0.0,1.0,1.0,,train
99dce785ca01,FAMOUS,include,video,,include:clip:99dce785ca01,data/external/include_pose/INCLUDE/Pose_Signs/Adjectives/39. famous/MVI_9842.pkl,data/processed/landmarks/include/FAMOUS/99dce785ca01.npz,50,0.0,0.0,1.0,1.0,,train
5e32378879ba,FAMOUS,include,video,,include:clip:5e32378879ba,data/external/include_pose/INCLUDE/Pose_Signs/Adjectives/39. famous/MVI_9843.pkl,data/processed/landmarks/include/FAMOUS/5e32378879ba.npz,52,0.0,0.0,1.0,1.0,,train
51d0992f2688,COLD,include,video,,include:clip:51d0992f2688,data/external/include_pose/INCLUDE/Pose_Signs/Adjectives/88. cold/MVI_5220.pkl,data/processed/landmarks/include/COLD/51d0992f2688.npz,52,0.0,0.0,0.9615,1.0,,train
ad3ba3799381,COLD,include,video,,include:clip:ad3ba3799381,data/external/include_pose/INCLUDE/Pose_Signs/Adjectives/88. cold/MVI_5221.pkl,data/processed/landmarks/include/COLD/ad3ba3799381.npz,55,0.0,0.0,0.9636,1.0,,train
b7df0aa189ee,COLD,include,video,,include:clip:b7df0aa189ee,data/external/include_pose/INCLUDE/Pose_Signs/Adjectives/88. cold/MVI_5140.pkl,data/processed/landmarks/include/COLD/b7df0aa189ee.npz,71,0.0,0.0,0.9014,1.0,,train
4a16925bad97,COLD,include,video,,include:clip:4a16925bad97,data/external/include_pose/INCLUDE/Pose_Signs/Adjectives/88. cold/MVI_9251.pkl,data/processed/landmarks/include/COLD/4a16925bad97.npz,48,0.0,0.0,0.875,1.0,,train
42268ad61abe,COLD,include,video,,include:clip:42268ad61abe,data/external/include_pose/INCLUDE/Pose_Signs/Adjectives/88. cold/MVI_9331.pkl,data/processed/landmarks/include/COLD/42268ad61abe.npz,47,0.0,0.0,0.8723,1.0,,train
1d0333d66b25,COLD,include,video,,include:clip:1d0333d66b25,data/external/include_pose/INCLUDE/Pose_Signs/Adjectives/88. cold/MVI_9332.pkl,data/processed/landmarks/include/COLD/1d0333d66b25.npz,49,0.0,0.0,0.8776,1.0,,train
6231cafebb80,COLD,include,video,,include:clip:6231cafebb80,data/external/include_pose/INCLUDE/Pose_Signs/Adjectives/88. cold/MVI_9333.pkl,data/processed/landmarks/include/COLD/6231cafebb80.npz,51,0.0,0.0,0.8824,1.0,,train
3e8520ff21c1,COLD,include,video,,include:clip:3e8520ff21c1,data/external/include_pose/INCLUDE/Pose_Signs/Adjectives/88. cold/MVI_9492.pkl,data/processed/landmarks/include/COLD/3e8520ff21c1.npz,73,0.0,0.0,0.9452,1.0,,train
15049d52a7f8,COLD,include,video,,include:clip:15049d52a7f8,data/external/include_pose/INCLUDE/Pose_Signs/Adjectives/88. cold/MVI_9491.pkl,data/processed/landmarks/include/COLD/15049d52a7f8.npz,65,0.0,0.0,0.9231,1.0,,train
9261ba8d5436,COLD,include,video,,include:clip:9261ba8d5436,data/external/include_pose/INCLUDE/Pose_Signs/Adjectives/88. cold/MVI_5139.pkl,data/processed/landmarks/include/COLD/9261ba8d5436.npz,56,0.0,0.0,0.9286,1.0,,train
c87001b9aa4b,COLD,include,video,,include:clip:c87001b9aa4b,data/external/include_pose/INCLUDE/Pose_Signs/Adjectives/88. cold/MVI_5298.pkl,data/processed/landmarks/include/COLD/c87001b9aa4b.npz,52,0.0,0.0,0.9423,1.0,,train
3b0898e7412b,COLD,include,video,,include:clip:3b0898e7412b,data/external/include_pose/INCLUDE/Pose_Signs/Adjectives/88. cold/MVI_5299.pkl,data/processed/landmarks/include/COLD/3b0898e7412b.npz,57,0.0,0.0,0.8596,1.0,,train
0be9d80e5dee,COLD,include,video,,include:clip:0be9d80e5dee,data/external/include_pose/INCLUDE/Pose_Signs/Adjectives/88. cold/MVI_5300.pkl,data/processed/landmarks/include/COLD/0be9d80e5dee.npz,54,0.0,0.0,0.963,1.0,,train
16712c2a203b,COLD,include,video,,include:clip:16712c2a203b,data/external/include_pose/INCLUDE/Pose_Signs/Adjectives/88. cold/MVI_9411.pkl,data/processed/landmarks/include/COLD/16712c2a203b.npz,54,0.0,0.0,0.8889,1.0,,train
d7df65bb9cd2,TIGHT,include,video,,include:clip:d7df65bb9cd2,data/external/include_pose/INCLUDE/Pose_Signs/Adjectives/21. tight/MVI_9647.pkl,data/processed/landmarks/include/TIGHT/d7df65bb9cd2.npz,63,0.0,0.0,0.9524,1.0,,train
0e3eb5601b62,TIGHT,include,video,,include:clip:0e3eb5601b62,data/external/include_pose/INCLUDE/Pose_Signs/Adjectives/21. tight/MVI_9646.pkl,data/processed/landmarks/include/TIGHT/0e3eb5601b62.npz,81,0.0,0.0,0.9506,1.0,,train
75a6171ed9f3,TIGHT,include,video,,include:clip:75a6171ed9f3,data/external/include_pose/INCLUDE/Pose_Signs/Adjectives/21. tight/MVI_9648.pkl,data/processed/landmarks/include/TIGHT/75a6171ed9f3.npz,64,0.0,0.0,0.875,1.0,,train
bfbe88c71bfa,TIGHT,include,video,,include:clip:bfbe88c71bfa,data/external/include_pose/INCLUDE/Pose_Signs/Adjectives/21. tight/MVI_9649.pkl,data/processed/landmarks/include/TIGHT/bfbe88c71bfa.npz,55,0.0,0.0,0.8545,1.0,,train
2836b056d86a,TIGHT,include,video,,include:clip:2836b056d86a,data/external/include_pose/INCLUDE/Pose_Signs/Adjectives/21. tight/MVI_9771.pkl,data/processed/landmarks/include/TIGHT/2836b056d86a.npz,61,0.0,0.0,0.9344,1.0,,train
07c605572aa0,TIGHT,include,video,,include:clip:07c605572aa0,data/external/include_pose/INCLUDE/Pose_Signs/Adjectives/21. tight/MVI_9773.pkl,data/processed/landmarks/include/TIGHT/07c605572aa0.npz,63,0.0,0.0,0.9048,1.0,,train
82ccd4fd9f61,SICK,include,video,,include:clip:82ccd4fd9f61,data/external/include_pose/INCLUDE/Pose_Signs/Adjectives/98. sick/MVI_5331.pkl,data/processed/landmarks/include/SICK/82ccd4fd9f61.npz,55,0.0,0.0,0.9273,1.0,,train
64eace7f53b9,SICK,include,video,,include:clip:64eace7f53b9,data/external/include_pose/INCLUDE/Pose_Signs/Adjectives/98. sick/MVI_5251.pkl,data/processed/landmarks/include/SICK/64eace7f53b9.npz,66,0.0,0.0,0.9545,1.0,,train
38c4a2768bf8,SICK,include,video,,include:clip:38c4a2768bf8,data/external/include_pose/INCLUDE/Pose_Signs/Adjectives/98. sick/MVI_9443.pkl,data/processed/landmarks/include/SICK/38c4a2768bf8.npz,60,0.0,0.0,0.9833,1.0,,train
e599b93d522a,SICK,include,video,,include:clip:e599b93d522a,data/external/include_pose/INCLUDE/Pose_Signs/Adjectives/98. sick/MVI_5330.pkl,data/processed/landmarks/include/SICK/e599b93d522a.npz,51,0.0,0.0,0.9804,1.0,,train
d2a34a16b97f,SICK,include,video,,include:clip:d2a34a16b97f,data/external/include_pose/INCLUDE/Pose_Signs/Adjectives/98. sick/MVI_5252.pkl,data/processed/landmarks/include/SICK/d2a34a16b97f.npz,62,0.0,0.0,0.9355,1.0,,train
2517619e99b1,SICK,include,video,,include:clip:2517619e99b1,data/external/include_pose/INCLUDE/Pose_Signs/Adjectives/98. sick/MVI_5253.pkl,data/processed/landmarks/include/SICK/2517619e99b1.npz,60,0.0,0.0,0.9667,1.0,,train
0748e2fd27d1,SICK,include,video,,include:clip:0748e2fd27d1,data/external/include_pose/INCLUDE/Pose_Signs/Adjectives/98. sick/MVI_9280.pkl,data/processed/landmarks/include/SICK/0748e2fd27d1.npz,56,0.0,0.0,0.8929,1.0,,train
c834f74e10bc,SICK,include,video,,include:clip:c834f74e10bc,data/external/include_pose/INCLUDE/Pose_Signs/Adjectives/98. sick/MVI_9444.pkl,data/processed/landmarks/include/SICK/c834f74e10bc.npz,56,0.0,0.0,0.9107,1.0,,train
c3ff371fc364,SICK,include,video,,include:clip:c3ff371fc364,data/external/include_pose/INCLUDE/Pose_Signs/Adjectives/98. sick/MVI_9281.pkl,data/processed/landmarks/include/SICK/c3ff371fc364.npz,54,0.0,0.0,0.9074,1.0,,train
284cf59617d0,SICK,include,video,,include:clip:284cf59617d0,data/external/include_pose/INCLUDE/Pose_Signs/Adjectives/98. sick/MVI_9282.pkl,data/processed/landmarks/include/SICK/284cf59617d0.npz,65,0.0,0.0,0.9077,1.0,,train
9b54835237d6,SICK,include,video,,include:clip:9b54835237d6,data/external/include_pose/INCLUDE/Pose_Signs/Adjectives/98. sick/MVI_9529.pkl,data/processed/landmarks/include/SICK/9b54835237d6.npz,64,0.0,0.0,1.0,1.0,,train
9228c79d18b5,SICK,include,video,,include:clip:9228c79d18b5,data/external/include_pose/INCLUDE/Pose_Signs/Adjectives/98. sick/MVI_5171.pkl,data/processed/landmarks/include/SICK/9228c79d18b5.npz,85,0.0,0.0,0.9765,1.0,,train
af7c8e62f76d,SICK,include,video,,include:clip:af7c8e62f76d,data/external/include_pose/INCLUDE/Pose_Signs/Adjectives/98. sick/MVI_9362.pkl,data/processed/landmarks/include/SICK/af7c8e62f76d.npz,47,0.0,0.0,0.8298,1.0,,train
83873ae0794e,SICK,include,video,,include:clip:83873ae0794e,data/external/include_pose/INCLUDE/Pose_Signs/Adjectives/98. sick/MVI_9363.pkl,data/processed/landmarks/include/SICK/83873ae0794e.npz,44,0.0,0.0,0.9318,1.0,,train
b0cf00f50848,LOW,include,video,,include:clip:b0cf00f50848,data/external/include_pose/INCLUDE/Pose_Signs/Adjectives/24. low/MVI_9787.pkl,data/processed/landmarks/include/LOW/b0cf00f50848.npz,60,0.0,0.0,1.0,1.0,,train
5a7ddf808f7f,LOW,include,video,,include:clip:5a7ddf808f7f,data/external/include_pose/INCLUDE/Pose_Signs/Adjectives/24. low/MVI_9786.pkl,data/processed/landmarks/include/LOW/5a7ddf808f7f.npz,53,0.0,0.0,1.0,1.0,,train
c1409f4fa817,LOW,include,video,,include:clip:c1409f4fa817,data/external/include_pose/INCLUDE/Pose_Signs/Adjectives/24. low/MVI_9660.pkl,data/processed/landmarks/include/LOW/c1409f4fa817.npz,63,0.0,0.0,1.0,1.0,,train
3afc90095a42,LOW,include,video,,include:clip:3afc90095a42,data/external/include_pose/INCLUDE/Pose_Signs/Adjectives/24. low/MVI_9661.pkl,data/processed/landmarks/include/LOW/3afc90095a42.npz,62,0.0,0.0,1.0,1.0,,train
020b9ca54701,LOW,include,video,,include:clip:020b9ca54701,data/external/include_pose/INCLUDE/Pose_Signs/Adjectives/24. low/MVI_9659.pkl,data/processed/landmarks/include/LOW/020b9ca54701.npz,59,0.0,0.0,1.0,1.0,,train
38612dad4997,LOW,include,video,,include:clip:38612dad4997,data/external/include_pose/INCLUDE/Pose_Signs/Adjectives/24. low/MVI_9658.pkl,data/processed/landmarks/include/LOW/38612dad4997.npz,64,0.0,0.0,1.0,1.0,,train
1165308ef434,UGLY,include,video,,include:clip:1165308ef434,data/external/include_pose/INCLUDE/Pose_Signs/Adjectives/6. Ugly/MVI_9579.pkl,data/processed/landmarks/include/UGLY/1165308ef434.npz,59,0.0,0.0,1.0,1.0,,train
379d20494f6a,UGLY,include,video,,include:clip:379d20494f6a,data/external/include_pose/INCLUDE/Pose_Signs/Adjectives/6. Ugly/MVI_9578.pkl,data/processed/landmarks/include/UGLY/379d20494f6a.npz,77,0.0,0.0,1.0,1.0,,train
9f9908b29f07,UGLY,include,video,,include:clip:9f9908b29f07,data/external/include_pose/INCLUDE/Pose_Signs/Adjectives/6. Ugly/MVI_9846.pkl,data/processed/landmarks/include/UGLY/9f9908b29f07.npz,59,0.0,0.0,1.0,1.0,,train
367bea25342d,UGLY,include,video,,include:clip:367bea25342d,data/external/include_pose/INCLUDE/Pose_Signs/Adjectives/6. Ugly/MVI_9844.pkl,data/processed/landmarks/include/UGLY/367bea25342d.npz,53,0.0,0.0,1.0,1.0,,train
bce4ca5907a7,UGLY,include,video,,include:clip:bce4ca5907a7,data/external/include_pose/INCLUDE/Pose_Signs/Adjectives/6. Ugly/MVI_9577.pkl,data/processed/landmarks/include/UGLY/bce4ca5907a7.npz,69,0.0,0.0,1.0,1.0,,train
2adc5f69ceed,THIN,include,video,,include:clip:2adc5f69ceed,data/external/include_pose/INCLUDE/Pose_Signs/Adjectives/14. thin/MVI_9609.pkl,data/processed/landmarks/include/THIN/2adc5f69ceed.npz,62,0.0,0.0,1.0,1.0,,train
527df32b7281,THIN,include,video,,include:clip:527df32b7281,data/external/include_pose/INCLUDE/Pose_Signs/Adjectives/14. thin/MVI_9611.pkl,data/processed/landmarks/include/THIN/527df32b7281.npz,65,0.0,0.0,1.0,1.0,,train
a2346f642c76,THIN,include,video,,include:clip:a2346f642c76,data/external/include_pose/INCLUDE/Pose_Signs/Adjectives/14. thin/MVI_9610.pkl,data/processed/landmarks/include/THIN/a2346f642c76.npz,65,0.0,0.0,1.0,1.0,,train
d0c5043a4336,THICK,include,video,,include:clip:d0c5043a4336,data/external/include_pose/INCLUDE/Pose_Signs/Adjectives/13. thick/MVI_9742.pkl,data/processed/landmarks/include/THICK/d0c5043a4336.npz,64,0.0,0.0,1.0,1.0,,train
45af1e6f65be,THICK,include,video,,include:clip:45af1e6f65be,data/external/include_pose/INCLUDE/Pose_Signs/Adjectives/13. thick/MVI_9608.pkl,data/processed/landmarks/include/THICK/45af1e6f65be.npz,71,0.0,0.0,1.0,1.0,,train
c7a92190bfd7,THICK,include,video,,include:clip:c7a92190bfd7,data/external/include_pose/INCLUDE/Pose_Signs/Adjectives/13. thick/MVI_9744.pkl,data/processed/landmarks/include/THICK/c7a92190bfd7.npz,74,0.0,0.0,1.0,1.0,,train
095bb43bb0b4,THICK,include,video,,include:clip:095bb43bb0b4,data/external/include_pose/INCLUDE/Pose_Signs/Adjectives/13. thick/MVI_9605.pkl,data/processed/landmarks/include/THICK/095bb43bb0b4.npz,58,0.0,0.0,1.0,1.0,,train
0af4324737c6,THICK,include,video,,include:clip:0af4324737c6,data/external/include_pose/INCLUDE/Pose_Signs/Adjectives/13. thick/MVI_9606.pkl,data/processed/landmarks/include/THICK/0af4324737c6.npz,68,0.0,0.0,1.0,1.0,,train
37df179b3d3a,DIRTY,include,video,,include:clip:37df179b3d3a,data/external/include_pose/INCLUDE/Pose_Signs/Adjectives/30. dirty/MVI_9811.pkl,data/processed/landmarks/include/DIRTY/37df179b3d3a.npz,70,0.0,0.0,1.0,1.0,,train
37365a7e5fbd,DIRTY,include,video,,include:clip:37365a7e5fbd,data/external/include_pose/INCLUDE/Pose_Signs/Adjectives/30. dirty/MVI_9810.pkl,data/processed/landmarks/include/DIRTY/37365a7e5fbd.npz,58,0.0,0.0,1.0,1.0,,train
1eaee73deac4,DIRTY,include,video,,include:clip:1eaee73deac4,data/external/include_pose/INCLUDE/Pose_Signs/Adjectives/30. dirty/MVI_9813.pkl,data/processed/landmarks/include/DIRTY/1eaee73deac4.npz,72,0.0,0.0,1.0,1.0,,train
c9fe19f7dcc3,DIRTY,include,video,,include:clip:c9fe19f7dcc3,data/external/include_pose/INCLUDE/Pose_Signs/Adjectives/30. dirty/MVI_9684.pkl,data/processed/landmarks/include/DIRTY/c9fe19f7dcc3.npz,67,0.0,0.0,1.0,1.0,,train
5112eccd110e,DIRTY,include,video,,include:clip:5112eccd110e,data/external/include_pose/INCLUDE/Pose_Signs/Adjectives/30. dirty/MVI_9685.pkl,data/processed/landmarks/include/DIRTY/5112eccd110e.npz,71,0.0,0.0,1.0,1.0,,train
cce092c513a9,DIRTY,include,video,,include:clip:cce092c513a9,data/external/include_pose/INCLUDE/Pose_Signs/Adjectives/30. dirty/MVI_9686.pkl,data/processed/landmarks/include/DIRTY/cce092c513a9.npz,69,0.0,0.0,1.0,1.0,,train
ec35e7ba6783,LOUD,include,video,,include:clip:ec35e7ba6783,data/external/include_pose/INCLUDE/Pose_Signs/Adjectives/1. loud/MVI_5178.pkl,data/processed/landmarks/include/LOUD/ec35e7ba6783.npz,64,0.0,0.0,0.9219,1.0,,train
cc566252234b,LOUD,include,video,,include:clip:cc566252234b,data/external/include_pose/INCLUDE/Pose_Signs/Adjectives/1. loud/MVI_5179.pkl,data/processed/landmarks/include/LOUD/cc566252234b.npz,66,0.0,0.0,0.9545,1.0,,train
b38e9f33d9da,LOUD,include,video,,include:clip:b38e9f33d9da,data/external/include_pose/INCLUDE/Pose_Signs/Adjectives/1. loud/MVI_9368.pkl,data/processed/landmarks/include/LOUD/b38e9f33d9da.npz,47,0.0,0.0,0.8723,1.0,,train
c7688bb945ad,LOUD,include,video,,include:clip:c7688bb945ad,data/external/include_pose/INCLUDE/Pose_Signs/Adjectives/1. loud/MVI_9536.pkl,data/processed/landmarks/include/LOUD/c7688bb945ad.npz,57,0.0,0.0,0.9825,1.0,,train
08f65759b156,LOUD,include,video,,include:clip:08f65759b156,data/external/include_pose/INCLUDE/Pose_Signs/Adjectives/1. loud/MVI_9291.pkl,data/processed/landmarks/include/LOUD/08f65759b156.npz,63,0.0,0.0,0.9206,1.0,,train
1abdf069ed95,LOUD,include,video,,include:clip:1abdf069ed95,data/external/include_pose/INCLUDE/Pose_Signs/Adjectives/1. loud/MVI_9290.pkl,data/processed/landmarks/include/LOUD/1abdf069ed95.npz,64,0.0,0.0,0.9219,1.0,,train
0657ecf213dd,LOUD,include,video,,include:clip:0657ecf213dd,data/external/include_pose/INCLUDE/Pose_Signs/Adjectives/1. loud/MVI_9535.pkl,data/processed/landmarks/include/LOUD/0657ecf213dd.npz,65,0.0,0.0,0.9846,1.0,,train
d89ab1cace74,LOUD,include,video,,include:clip:d89ab1cace74,data/external/include_pose/INCLUDE/Pose_Signs/Adjectives/1. loud/MVI_5337.pkl,data/processed/landmarks/include/LOUD/d89ab1cace74.npz,48,0.0,0.0,0.9583,1.0,,train
ce69eb9a211c,LOUD,include,video,,include:clip:ce69eb9a211c,data/external/include_pose/INCLUDE/Pose_Signs/Adjectives/1. loud/MVI_9450.pkl,data/processed/landmarks/include/LOUD/ce69eb9a211c.npz,50,0.0,0.0,0.92,1.0,,train
caf175fcc0c8,LOUD,include,video,,include:clip:caf175fcc0c8,data/external/include_pose/INCLUDE/Pose_Signs/Adjectives/1. loud/MVI_5335.pkl,data/processed/landmarks/include/LOUD/caf175fcc0c8.npz,45,0.0,0.0,0.9333,1.0,,train
c10f3f6869ce,LOUD,include,video,,include:clip:c10f3f6869ce,data/external/include_pose/INCLUDE/Pose_Signs/Adjectives/1. loud/MVI_5259.pkl,data/processed/landmarks/include/LOUD/c10f3f6869ce.npz,64,0.0,0.0,0.9531,1.0,,train
115fe2c8accb,LOUD,include,video,,include:clip:115fe2c8accb,data/external/include_pose/INCLUDE/Pose_Signs/Adjectives/1. loud/MVI_9449.pkl,data/processed/landmarks/include/LOUD/115fe2c8accb.npz,47,0.0,0.0,0.9149,1.0,,train
e27fb65e7f3c,LOUD,include,video,,include:clip:e27fb65e7f3c,data/external/include_pose/INCLUDE/Pose_Signs/Adjectives/1. loud/MVI_9370.pkl,data/processed/landmarks/include/LOUD/e27fb65e7f3c.npz,46,0.0,0.0,0.913,1.0,,train
faf3e9fa7b6d,LOUD,include,video,,include:clip:faf3e9fa7b6d,data/external/include_pose/INCLUDE/Pose_Signs/Adjectives/1. loud/MVI_5177.pkl,data/processed/landmarks/include/LOUD/faf3e9fa7b6d.npz,56,0.0,0.0,1.0,1.0,,train
9a36745f3453,SHALLOW,include,video,,include:clip:9a36745f3453,data/external/include_pose/INCLUDE/Pose_Signs/Adjectives/28. shallow/MVI_9804.pkl,data/processed/landmarks/include/SHALLOW/9a36745f3453.npz,99,0.0,0.0,0.9293,1.0,,train
26119f32ad41,SHALLOW,include,video,,include:clip:26119f32ad41,data/external/include_pose/INCLUDE/Pose_Signs/Adjectives/28. shallow/MVI_9803.pkl,data/processed/landmarks/include/SHALLOW/26119f32ad41.npz,100,0.0,0.0,0.93,1.0,,train
e5dc969143ed,SHALLOW,include,video,,include:clip:e5dc969143ed,data/external/include_pose/INCLUDE/Pose_Signs/Adjectives/28. shallow/MVI_9802.pkl,data/processed/landmarks/include/SHALLOW/e5dc969143ed.npz,100,0.0,0.0,0.95,1.0,,train
38071c7dba09,SHALLOW,include,video,,include:clip:38071c7dba09,data/external/include_pose/INCLUDE/Pose_Signs/Adjectives/28. shallow/MVI_9674.pkl,data/processed/landmarks/include/SHALLOW/38071c7dba09.npz,93,0.0,0.0,0.9892,1.0,,train
399be2e9b4db,SHALLOW,include,video,,include:clip:399be2e9b4db,data/external/include_pose/INCLUDE/Pose_Signs/Adjectives/28. shallow/MVI_9677.pkl,data/processed/landmarks/include/SHALLOW/399be2e9b4db.npz,94,0.0,0.0,0.9468,1.0,,train
ad21605acdef,SHALLOW,include,video,,include:clip:ad21605acdef,data/external/include_pose/INCLUDE/Pose_Signs/Adjectives/28. shallow/MVI_9676.pkl,data/processed/landmarks/include/SHALLOW/ad21605acdef.npz,108,0.0,0.0,0.9907,1.0,,train
8bb5f3a71f10,DEAD,include,video,,include:clip:8bb5f3a71f10,data/external/include_pose/INCLUDE/Pose_Signs/Adjectives/33. dead/MVI_9700.pkl,data/processed/landmarks/include/DEAD/8bb5f3a71f10.npz,49,0.0,0.0,1.0,1.0,,train
edddacdc2338,DEAD,include,video,,include:clip:edddacdc2338,data/external/include_pose/INCLUDE/Pose_Signs/Adjectives/33. dead/MVI_9701.pkl,data/processed/landmarks/include/DEAD/edddacdc2338.npz,54,0.0,0.0,1.0,1.0,,train
85bbe9ada65b,DEAD,include,video,,include:clip:85bbe9ada65b,data/external/include_pose/INCLUDE/Pose_Signs/Adjectives/33. dead/MVI_9702.pkl,data/processed/landmarks/include/DEAD/85bbe9ada65b.npz,58,0.0,0.0,1.0,1.0,,train
b1a756da4a5a,DEAD,include,video,,include:clip:b1a756da4a5a,data/external/include_pose/INCLUDE/Pose_Signs/Adjectives/33. dead/MVI_9699.pkl,data/processed/landmarks/include/DEAD/b1a756da4a5a.npz,49,0.0,0.0,1.0,1.0,,train
5d2b0d1baaa5,DEAD,include,video,,include:clip:5d2b0d1baaa5,data/external/include_pose/INCLUDE/Pose_Signs/Adjectives/33. dead/MVI_9824.pkl,data/processed/landmarks/include/DEAD/5d2b0d1baaa5.npz,56,0.0,0.0,1.0,1.0,,train
0eb79c5fc59b,DEAD,include,video,,include:clip:0eb79c5fc59b,data/external/include_pose/INCLUDE/Pose_Signs/Adjectives/33. dead/MVI_9823.pkl,data/processed/landmarks/include/DEAD/0eb79c5fc59b.npz,56,0.0,0.0,1.0,1.0,,train
0709623ef226,FLAT,include,video,,include:clip:0709623ef226,data/external/include_pose/INCLUDE/Pose_Signs/Adjectives/17. flat/MVI_9756.pkl,data/processed/landmarks/include/FLAT/0709623ef226.npz,65,0.0,0.0,0.8923,1.0,,train
ee1619f9566a,FLAT,include,video,,include:clip:ee1619f9566a,data/external/include_pose/INCLUDE/Pose_Signs/Adjectives/17. flat/MVI_9622.pkl,data/processed/landmarks/include/FLAT/ee1619f9566a.npz,67,0.0,0.0,0.8358,1.0,,train
3ee22ca58020,FLAT,include,video,,include:clip:3ee22ca58020,data/external/include_pose/INCLUDE/Pose_Signs/Adjectives/17. flat/MVI_9623.pkl,data/processed/landmarks/include/FLAT/3ee22ca58020.npz,70,0.0,0.0,0.8429,1.0,,train
c099961c83bf,FLAT,include,video,,include:clip:c099961c83bf,data/external/include_pose/INCLUDE/Pose_Signs/Adjectives/17. flat/MVI_9757.pkl,data/processed/landmarks/include/FLAT/c099961c83bf.npz,62,0.0,0.0,0.9355,1.0,,train
de14408d1560,FLAT,include,video,,include:clip:de14408d1560,data/external/include_pose/INCLUDE/Pose_Signs/Adjectives/17. flat/MVI_9621.pkl,data/processed/landmarks/include/FLAT/de14408d1560.npz,59,0.0,0.0,0.8983,1.0,,train
18ea7c26d212,FLAT,include,video,,include:clip:18ea7c26d212,data/external/include_pose/INCLUDE/Pose_Signs/Adjectives/17. flat/MVI_9624.pkl,data/processed/landmarks/include/FLAT/18ea7c26d212.npz,67,0.0,0.0,0.8806,1.0,,train
50415d6c1f40,YOUNG,include,video,,include:clip:50415d6c1f40,data/external/include_pose/INCLUDE/Pose_Signs/Adjectives/93. young/MVI_9346.pkl,data/processed/landmarks/include/YOUNG/50415d6c1f40.npz,44,0.0,0.0,1.0,1.0,,train
d804d6f9542f,YOUNG,include,video,,include:clip:d804d6f9542f,data/external/include_pose/INCLUDE/Pose_Signs/Adjectives/93. young/MVI_5156.pkl,data/processed/landmarks/include/YOUNG/d804d6f9542f.npz,67,0.0,0.0,1.0,1.0,,train
4d631e8db1e9,YOUNG,include,video,,include:clip:4d631e8db1e9,data/external/include_pose/INCLUDE/Pose_Signs/Adjectives/93. young/MVI_9427.pkl,data/processed/landmarks/include/YOUNG/4d631e8db1e9.npz,45,0.0,0.0,1.0,1.0,,train
307f5cef9476,YOUNG,include,video,,include:clip:307f5cef9476,data/external/include_pose/INCLUDE/Pose_Signs/Adjectives/93. young/MVI_5155.pkl,data/processed/landmarks/include/YOUNG/307f5cef9476.npz,66,0.0,0.0,1.0,1.0,,train
bd2bced0d34b,YOUNG,include,video,,include:clip:bd2bced0d34b,data/external/include_pose/INCLUDE/Pose_Signs/Adjectives/93. young/MVI_5237.pkl,data/processed/landmarks/include/YOUNG/bd2bced0d34b.npz,67,0.0,0.0,0.9851,1.0,,train
cefb85154f6d,YOUNG,include,video,,include:clip:cefb85154f6d,data/external/include_pose/INCLUDE/Pose_Signs/Adjectives/93. young/MVI_5236.pkl,data/processed/landmarks/include/YOUNG/cefb85154f6d.npz,65,0.0,0.0,0.9846,1.0,,train
f01c32285380,YOUNG,include,video,,include:clip:f01c32285380,data/external/include_pose/INCLUDE/Pose_Signs/Adjectives/93. young/MVI_9508.pkl,data/processed/landmarks/include/YOUNG/f01c32285380.npz,55,0.0,0.0,1.0,1.0,,train
cd087c84baaf,YOUNG,include,video,,include:clip:cd087c84baaf,data/external/include_pose/INCLUDE/Pose_Signs/Adjectives/93. young/MVI_9509.pkl,data/processed/landmarks/include/YOUNG/cd087c84baaf.npz,51,0.0,0.0,1.0,1.0,,train
ad29852490d7,YOUNG,include,video,,include:clip:ad29852490d7,data/external/include_pose/INCLUDE/Pose_Signs/Adjectives/93. young/MVI_9265.pkl,data/processed/landmarks/include/YOUNG/ad29852490d7.npz,42,0.0,0.0,1.0,1.0,,train
ecfaf8223cf8,YOUNG,include,video,,include:clip:ecfaf8223cf8,data/external/include_pose/INCLUDE/Pose_Signs/Adjectives/93. young/MVI_5313.pkl,data/processed/landmarks/include/YOUNG/ecfaf8223cf8.npz,45,0.0,0.0,1.0,1.0,,train
effafaba88f2,YOUNG,include,video,,include:clip:effafaba88f2,data/external/include_pose/INCLUDE/Pose_Signs/Adjectives/93. young/MVI_9267.pkl,data/processed/landmarks/include/YOUNG/effafaba88f2.npz,55,0.0,0.0,1.0,1.0,,train
2846cc088610,YOUNG,include,video,,include:clip:2846cc088610,data/external/include_pose/INCLUDE/Pose_Signs/Adjectives/93. young/MVI_9266.pkl,data/processed/landmarks/include/YOUNG/2846cc088610.npz,51,0.0,0.0,1.0,1.0,,train
952779c8bba8,YOUNG,include,video,,include:clip:952779c8bba8,data/external/include_pose/INCLUDE/Pose_Signs/Adjectives/93. young/MVI_5315.pkl,data/processed/landmarks/include/YOUNG/952779c8bba8.npz,47,0.0,0.0,1.0,1.0,,train
5801bc245b7e,YOUNG,include,video,,include:clip:5801bc245b7e,data/external/include_pose/INCLUDE/Pose_Signs/Adjectives/93. young/MVI_5314.pkl,data/processed/landmarks/include/YOUNG/5801bc245b7e.npz,52,0.0,0.0,1.0,1.0,,train
6395758f3b1f,YOUNG,include,video,,include:clip:6395758f3b1f,data/external/include_pose/INCLUDE/Pose_Signs/Adjectives/93. young/MVI_9429.pkl,data/processed/landmarks/include/YOUNG/6395758f3b1f.npz,43,0.0,0.0,1.0,1.0,,train
24ddbb77c7fa,SHORT,include,video,,include:clip:24ddbb77c7fa,data/external/include_pose/INCLUDE/Pose_Signs/Adjectives/79. short/MVI_9220.pkl,data/processed/landmarks/include/SHORT/24ddbb77c7fa.npz,49,0.0,0.0,0.8163,1.0,,train
0be0bc5dbd96,SHORT,include,video,,include:clip:0be0bc5dbd96,data/external/include_pose/INCLUDE/Pose_Signs/Adjectives/79. short/MVI_9382.pkl,data/processed/landmarks/include/SHORT/0be0bc5dbd96.npz,45,0.0,0.0,0.9556,1.0,,train
c834704d82c4,SHORT,include,video,,include:clip:c834704d82c4,data/external/include_pose/INCLUDE/Pose_Signs/Adjectives/79. short/MVI_9221.pkl,data/processed/landmarks/include/SHORT/c834704d82c4.npz,44,0.0,0.0,0.8636,1.0,,train
7a6032c6d4e2,SHORT,include,video,,include:clip:7a6032c6d4e2,data/external/include_pose/INCLUDE/Pose_Signs/Adjectives/79. short/MVI_9380.pkl,data/processed/landmarks/include/SHORT/7a6032c6d4e2.npz,53,0.0,0.0,0.9245,1.0,,train
c5507fdccdc4,SHORT,include,video,,include:clip:c5507fdccdc4,data/external/include_pose/INCLUDE/Pose_Signs/Adjectives/79. short/MVI_5269.pkl,data/processed/landmarks/include/SHORT/c5507fdccdc4.npz,51,0.0,0.0,0.9216,1.0,,train
87700b2f4dc7,SHORT,include,video,,include:clip:87700b2f4dc7,data/external/include_pose/INCLUDE/Pose_Signs/Adjectives/79. short/MVI_5270.pkl,data/processed/landmarks/include/SHORT/87700b2f4dc7.npz,51,0.0,0.0,0.9216,1.0,,train
6767f77a2e51,SHORT,include,video,,include:clip:6767f77a2e51,data/external/include_pose/INCLUDE/Pose_Signs/Adjectives/79. short/MVI_9462.pkl,data/processed/landmarks/include/SHORT/6767f77a2e51.npz,54,0.0,0.0,0.9074,1.0,,train
ed333c754054,SHORT,include,video,,include:clip:ed333c754054,data/external/include_pose/INCLUDE/Pose_Signs/Adjectives/79. short/MVI_9463.pkl,data/processed/landmarks/include/SHORT/ed333c754054.npz,56,0.0,0.0,0.9107,1.0,,train
d65d204e87ce,SHORT,include,video,,include:clip:d65d204e87ce,data/external/include_pose/INCLUDE/Pose_Signs/Adjectives/79. short/MVI_5271.pkl,data/processed/landmarks/include/SHORT/d65d204e87ce.npz,52,0.0,0.0,0.9615,1.0,,train
9115db2ef035,SHORT,include,video,,include:clip:9115db2ef035,data/external/include_pose/INCLUDE/Pose_Signs/Adjectives/79. short/MVI_5111.pkl,data/processed/landmarks/include/SHORT/9115db2ef035.npz,68,0.0,0.0,0.9412,1.0,,train
86e9e1575caf,SHORT,include,video,,include:clip:86e9e1575caf,data/external/include_pose/INCLUDE/Pose_Signs/Adjectives/79. short/MVI_5110.pkl,data/processed/landmarks/include/SHORT/86e9e1575caf.npz,62,0.0,0.0,0.9516,1.0,,train
d2e4e30e6c89,SHORT,include,video,,include:clip:d2e4e30e6c89,data/external/include_pose/INCLUDE/Pose_Signs/Adjectives/79. short/extra/MVI_5192.pkl,data/processed/landmarks/include/SHORT/d2e4e30e6c89.npz,59,0.0,0.0,0.9492,1.0,,train
efa620a2f465,SHORT,include,video,,include:clip:efa620a2f465,data/external/include_pose/INCLUDE/Pose_Signs/Adjectives/79. short/MVI_9302.pkl,data/processed/landmarks/include/SHORT/efa620a2f465.npz,44,0.0,0.0,0.9091,1.0,,train
7849924f37f1,SHORT,include,video,,include:clip:7849924f37f1,data/external/include_pose/INCLUDE/Pose_Signs/Adjectives/79. short/MVI_9303.pkl,data/processed/landmarks/include/SHORT/7849924f37f1.npz,49,0.0,0.0,0.8776,1.0,,train
629d3721f665,SHORT,include,video,,include:clip:629d3721f665,data/external/include_pose/INCLUDE/Pose_Signs/Adjectives/79. short/MVI_5189.pkl,data/processed/landmarks/include/SHORT/629d3721f665.npz,57,0.0,0.0,0.9649,1.0,,train
0c01af7a99b9,POOR,include,video,,include:clip:0c01af7a99b9,data/external/include_pose/INCLUDE/Pose_Signs/Adjectives/12. poor/MVI_9740.pkl,data/processed/landmarks/include/POOR/0c01af7a99b9.npz,72,0.0,0.0,0.9861,1.0,,train
6d66463b1f7e,POOR,include,video,,include:clip:6d66463b1f7e,data/external/include_pose/INCLUDE/Pose_Signs/Adjectives/12. poor/MVI_9737.pkl,data/processed/landmarks/include/POOR/6d66463b1f7e.npz,62,0.0,0.0,0.9839,1.0,,train
93d95b804bf6,POOR,include,video,,include:clip:93d95b804bf6,data/external/include_pose/INCLUDE/Pose_Signs/Adjectives/12. poor/MVI_9739.pkl,data/processed/landmarks/include/POOR/93d95b804bf6.npz,64,0.0,0.0,0.9688,1.0,,train
3ebd47f9202c,POOR,include,video,,include:clip:3ebd47f9202c,data/external/include_pose/INCLUDE/Pose_Signs/Adjectives/12. poor/MVI_9738.pkl,data/processed/landmarks/include/POOR/3ebd47f9202c.npz,61,0.0,0.0,1.0,1.0,,train
93efc5d3a7af,POOR,include,video,,include:clip:93efc5d3a7af,data/external/include_pose/INCLUDE/Pose_Signs/Adjectives/12. poor/MVI_9603.pkl,data/processed/landmarks/include/POOR/93efc5d3a7af.npz,65,0.0,0.0,0.9231,1.0,,train
5999e2fdf2a7,POOR,include,video,,include:clip:5999e2fdf2a7,data/external/include_pose/INCLUDE/Pose_Signs/Adjectives/12. poor/MVI_9604.pkl,data/processed/landmarks/include/POOR/5999e2fdf2a7.npz,65,0.0,0.0,0.9385,1.0,,train
b1bde8d76317,BAD,include,video,,include:clip:b1bde8d76317,data/external/include_pose/INCLUDE/Pose_Signs/Adjectives/95. bad/MVI_9434.pkl,data/processed/landmarks/include/BAD/b1bde8d76317.npz,47,0.0,0.0,1.0,1.0,,train
17413ca82d28,BAD,include,video,,include:clip:17413ca82d28,data/external/include_pose/INCLUDE/Pose_Signs/Adjectives/95. bad/MVI_9435.pkl,data/processed/landmarks/include/BAD/17413ca82d28.npz,46,0.0,0.0,1.0,1.0,,train
fceb759607f6,BAD,include,video,,include:clip:fceb759607f6,data/external/include_pose/INCLUDE/Pose_Signs/Adjectives/95. bad/MVI_5319.pkl,data/processed/landmarks/include/BAD/fceb759607f6.npz,51,0.0,0.0,1.0,1.0,,train
1798e545ea5f,BAD,include,video,,include:clip:1798e545ea5f,data/external/include_pose/INCLUDE/Pose_Signs/Adjectives/95. bad/MVI_5243.pkl,data/processed/landmarks/include/BAD/1798e545ea5f.npz,48,0.0,0.0,1.0,1.0,,train
2442b7ac2378,BAD,include,video,,include:clip:2442b7ac2378,data/external/include_pose/INCLUDE/Pose_Signs/Adjectives/95. bad/MVI_5242.pkl,data/processed/landmarks/include/BAD/2442b7ac2378.npz,54,0.0,0.0,1.0,1.0,,train
c0df792862b5,BAD,include,video,,include:clip:c0df792862b5,data/external/include_pose/INCLUDE/Pose_Signs/Adjectives/95. bad/MVI_5320.pkl,data/processed/landmarks/include/BAD/c0df792862b5.npz,50,0.0,0.0,1.0,1.0,,train
6620543a910d,BAD,include,video,,include:clip:6620543a910d,data/external/include_pose/INCLUDE/Pose_Signs/Adjectives/95. bad/MVI_5321.pkl,data/processed/landmarks/include/BAD/6620543a910d.npz,57,0.0,0.0,1.0,1.0,,train
8d9f4690793a,BAD,include,video,,include:clip:8d9f4690793a,data/external/include_pose/INCLUDE/Pose_Signs/Adjectives/95. bad/MVI_9516.pkl,data/processed/landmarks/include/BAD/8d9f4690793a.npz,58,0.0,0.0,1.0,1.0,,train
dc6e94d40a51,BAD,include,video,,include:clip:dc6e94d40a51,data/external/include_pose/INCLUDE/Pose_Signs/Adjectives/95. bad/MVI_9271.pkl,data/processed/landmarks/include/BAD/dc6e94d40a51.npz,44,0.0,0.0,1.0,1.0,,train
0e2e6fb47494,BAD,include,video,,include:clip:0e2e6fb47494,data/external/include_pose/INCLUDE/Pose_Signs/Adjectives/95. bad/MVI_9273.pkl,data/processed/landmarks/include/BAD/0e2e6fb47494.npz,44,0.0,0.0,1.0,1.0,,train
f27acfacbd71,BAD,include,video,,include:clip:f27acfacbd71,data/external/include_pose/INCLUDE/Pose_Signs/Adjectives/95. bad/MVI_9514.pkl,data/processed/landmarks/include/BAD/f27acfacbd71.npz,59,0.0,0.0,1.0,1.0,,train
7833ecf43bf4,BAD,include,video,,include:clip:7833ecf43bf4,data/external/include_pose/INCLUDE/Pose_Signs/Adjectives/95. bad/MVI_9513.pkl,data/processed/landmarks/include/BAD/7833ecf43bf4.npz,62,0.0,0.0,1.0,1.0,,train
e897863f6268,BAD,include,video,,include:clip:e897863f6268,data/external/include_pose/INCLUDE/Pose_Signs/Adjectives/95. bad/MVI_5162.pkl,data/processed/landmarks/include/BAD/e897863f6268.npz,55,0.0,0.0,1.0,1.0,,train
d9f01a181bda,BAD,include,video,,include:clip:d9f01a181bda,data/external/include_pose/INCLUDE/Pose_Signs/Adjectives/95. bad/MVI_5161.pkl,data/processed/landmarks/include/BAD/d9f01a181bda.npz,59,0.0,0.0,1.0,1.0,,train
bb65792208a7,CLEAN,include,video,,include:clip:bb65792208a7,data/external/include_pose/INCLUDE/Pose_Signs/Adjectives/29. clean/MVI_9806.pkl,data/processed/landmarks/include/CLEAN/bb65792208a7.npz,65,0.0,0.0,0.9692,1.0,,train
ccef0dd8d38d,CLEAN,include,video,,include:clip:ccef0dd8d38d,data/external/include_pose/INCLUDE/Pose_Signs/Adjectives/29. clean/MVI_9807.pkl,data/processed/landmarks/include/CLEAN/ccef0dd8d38d.npz,61,0.0,0.0,0.9508,1.0,,train
b5c2400bf8cf,CLEAN,include,video,,include:clip:b5c2400bf8cf,data/external/include_pose/INCLUDE/Pose_Signs/Adjectives/29. clean/MVI_9680.pkl,data/processed/landmarks/include/CLEAN/b5c2400bf8cf.npz,65,0.0,0.0,0.9385,1.0,,train
b0c1f0ae53f8,CLEAN,include,video,,include:clip:b0c1f0ae53f8,data/external/include_pose/INCLUDE/Pose_Signs/Adjectives/29. clean/MVI_9679.pkl,data/processed/landmarks/include/CLEAN/b0c1f0ae53f8.npz,69,0.0,0.0,0.9855,1.0,,train
271f7c1abfe3,CLEAN,include,video,,include:clip:271f7c1abfe3,data/external/include_pose/INCLUDE/Pose_Signs/Adjectives/29. clean/MVI_9809.pkl,data/processed/landmarks/include/CLEAN/271f7c1abfe3.npz,59,0.0,0.0,0.9661,1.0,,train
74db22a17b85,CLEAN,include,video,,include:clip:74db22a17b85,data/external/include_pose/INCLUDE/Pose_Signs/Adjectives/29. clean/MVI_9808.pkl,data/processed/landmarks/include/CLEAN/74db22a17b85.npz,59,0.0,0.0,0.9492,1.0,,train
a97a5852774c,ALIVE,include,video,,include:clip:a97a5852774c,data/external/include_pose/INCLUDE/Pose_Signs/Adjectives/34. alive/MVI_9828.pkl,data/processed/landmarks/include/ALIVE/a97a5852774c.npz,61,0.0,0.0,1.0,1.0,,train
52be86c7b1b0,ALIVE,include,video,,include:clip:52be86c7b1b0,data/external/include_pose/INCLUDE/Pose_Signs/Adjectives/34. alive/MVI_9703.pkl,data/processed/landmarks/include/ALIVE/52be86c7b1b0.npz,44,0.0,0.0,1.0,1.0,,train
4519e04c2c7e,ALIVE,include,video,,include:clip:4519e04c2c7e,data/external/include_pose/INCLUDE/Pose_Signs/Adjectives/34. alive/MVI_9706.pkl,data/processed/landmarks/include/ALIVE/4519e04c2c7e.npz,52,0.0,0.0,1.0,1.0,,train
bcee6d36f7fd,ALIVE,include,video,,include:clip:bcee6d36f7fd,data/external/include_pose/INCLUDE/Pose_Signs/Adjectives/34. alive/MVI_9705.pkl,data/processed/landmarks/include/ALIVE/bcee6d36f7fd.npz,52,0.0,0.0,1.0,1.0,,train
5a7b96b80345,ALIVE,include,video,,include:clip:5a7b96b80345,data/external/include_pose/INCLUDE/Pose_Signs/Adjectives/34. alive/MVI_9704.pkl,data/processed/landmarks/include/ALIVE/5a7b96b80345.npz,53,0.0,0.0,1.0,1.0,,train
55db72a0a44b,ALIVE,include,video,,include:clip:55db72a0a44b,data/external/include_pose/INCLUDE/Pose_Signs/Adjectives/34. alive/MVI_9830.pkl,data/processed/landmarks/include/ALIVE/55db72a0a44b.npz,51,0.0,0.0,1.0,1.0,,train
8f1cd9d86d05,SOFT,include,video,,include:clip:8f1cd9d86d05,data/external/include_pose/INCLUDE/Pose_Signs/Adjectives/25. soft/MVI_9792.pkl,data/processed/landmarks/include/SOFT/8f1cd9d86d05.npz,58,0.0,0.0,0.9483,1.0,,train
2bf38271ea0d,SOFT,include,video,,include:clip:2bf38271ea0d,data/external/include_pose/INCLUDE/Pose_Signs/Adjectives/25. soft/MVI_9790.pkl,data/processed/landmarks/include/SOFT/2bf38271ea0d.npz,61,0.0,0.0,0.9344,1.0,,train
ea9de07346ab,SOFT,include,video,,include:clip:ea9de07346ab,data/external/include_pose/INCLUDE/Pose_Signs/Adjectives/25. soft/MVI_9663.pkl,data/processed/landmarks/include/SOFT/ea9de07346ab.npz,59,0.0,0.0,0.9322,1.0,,train
bb2981dd8bd5,SOFT,include,video,,include:clip:bb2981dd8bd5,data/external/include_pose/INCLUDE/Pose_Signs/Adjectives/25. soft/MVI_9662.pkl,data/processed/landmarks/include/SOFT/bb2981dd8bd5.npz,66,0.0,0.0,0.9848,1.0,,train
b7c09c08e569,SOFT,include,video,,include:clip:b7c09c08e569,data/external/include_pose/INCLUDE/Pose_Signs/Adjectives/25. soft/MVI_9665.pkl,data/processed/landmarks/include/SOFT/b7c09c08e569.npz,65,0.0,0.0,0.9077,1.0,,train
69a7cf30fef0,SOFT,include,video,,include:clip:69a7cf30fef0,data/external/include_pose/INCLUDE/Pose_Signs/Adjectives/25. soft/MVI_9664.pkl,data/processed/landmarks/include/SOFT/69a7cf30fef0.npz,68,0.0,0.0,0.9412,1.0,,train
c3989ac6775c,STRONG,include,video,,include:clip:c3989ac6775c,data/external/include_pose/INCLUDE/Pose_Signs/Adjectives/31. strong/MVI_9816.pkl,data/processed/landmarks/include/STRONG/c3989ac6775c.npz,55,0.0,0.0,0.8545,1.0,,train
352c6d6faffa,STRONG,include,video,,include:clip:352c6d6faffa,data/external/include_pose/INCLUDE/Pose_Signs/Adjectives/31. strong/MVI_9690.pkl,data/processed/landmarks/include/STRONG/352c6d6faffa.npz,60,0.0,0.0,0.9333,1.0,,train
31b95305041d,STRONG,include,video,,include:clip:31b95305041d,data/external/include_pose/INCLUDE/Pose_Signs/Adjectives/31. strong/MVI_9691.pkl,data/processed/landmarks/include/STRONG/31b95305041d.npz,54,0.0,0.0,0.8704,1.0,,train
47c271c95dd1,STRONG,include,video,,include:clip:47c271c95dd1,data/external/include_pose/INCLUDE/Pose_Signs/Adjectives/31. strong/MVI_9693.pkl,data/processed/landmarks/include/STRONG/47c271c95dd1.npz,58,0.0,0.0,0.9655,1.0,,train
adc0f7e012ad,STRONG,include,video,,include:clip:adc0f7e012ad,data/external/include_pose/INCLUDE/Pose_Signs/Adjectives/31. strong/MVI_9692.pkl,data/processed/landmarks/include/STRONG/adc0f7e012ad.npz,60,0.0,0.0,0.9167,1.0,,train
a2f4c7b2a00d,MALE,include,video,,include:clip:a2f4c7b2a00d,data/external/include_pose/INCLUDE/Pose_Signs/Adjectives/19. male/MVI_9637.pkl,data/processed/landmarks/include/MALE/a2f4c7b2a00d.npz,59,0.0,0.0,1.0,1.0,,train
cef13cc67e82,MALE,include,video,,include:clip:cef13cc67e82,data/external/include_pose/INCLUDE/Pose_Signs/Adjectives/19. male/MVI_9763.pkl,data/processed/landmarks/include/MALE/cef13cc67e82.npz,61,0.0,0.0,1.0,1.0,,train
9d4a0dd70ce3,MALE,include,video,,include:clip:9d4a0dd70ce3,data/external/include_pose/INCLUDE/Pose_Signs/Adjectives/19. male/MVI_9639.pkl,data/processed/landmarks/include/MALE/9d4a0dd70ce3.npz,60,0.0,0.0,1.0,1.0,,train
f4ca67e35612,MALE,include,video,,include:clip:f4ca67e35612,data/external/include_pose/INCLUDE/Pose_Signs/Adjectives/19. male/MVI_9638.pkl,data/processed/landmarks/include/MALE/f4ca67e35612.npz,80,0.0,0.0,1.0,1.0,,train
490dda007674,MALE,include,video,,include:clip:490dda007674,data/external/include_pose/INCLUDE/Pose_Signs/Adjectives/19. male/MVI_9766.pkl,data/processed/landmarks/include/MALE/490dda007674.npz,52,0.0,0.0,1.0,1.0,,train
8aa269e6319d,NICE,include,video,,include:clip:8aa269e6319d,data/external/include_pose/INCLUDE/Pose_Signs/Adjectives/9. Nice/MVI_9590.pkl,data/processed/landmarks/include/NICE/8aa269e6319d.npz,58,0.0,0.0,1.0,1.0,,train
05fa82229dc4,NICE,include,video,,include:clip:05fa82229dc4,data/external/include_pose/INCLUDE/Pose_Signs/Adjectives/9. Nice/MVI_9589.pkl,data/processed/landmarks/include/NICE/05fa82229dc4.npz,56,0.0,0.0,1.0,1.0,,train
697d48ea705b,NICE,include,video,,include:clip:697d48ea705b,data/external/include_pose/INCLUDE/Pose_Signs/Adjectives/9. Nice/MVI_9588.pkl,data/processed/landmarks/include/NICE/697d48ea705b.npz,58,0.0,0.0,1.0,1.0,,train
deb1aca2ac7d,WEAK,include,video,,include:clip:deb1aca2ac7d,data/external/include_pose/INCLUDE/Pose_Signs/Adjectives/32. weak/MVI_9697.pkl,data/processed/landmarks/include/WEAK/deb1aca2ac7d.npz,61,0.0,0.0,0.9672,1.0,,train
d5ab29eb2550,WEAK,include,video,,include:clip:d5ab29eb2550,data/external/include_pose/INCLUDE/Pose_Signs/Adjectives/32. weak/MVI_9695.pkl,data/processed/landmarks/include/WEAK/d5ab29eb2550.npz,62,0.0,0.0,0.9839,1.0,,train
3aa61376facf,WEAK,include,video,,include:clip:3aa61376facf,data/external/include_pose/INCLUDE/Pose_Signs/Adjectives/32. weak/MVI_9694.pkl,data/processed/landmarks/include/WEAK/3aa61376facf.npz,55,0.0,0.0,0.9455,1.0,,train
d8e50f4b9acf,WEAK,include,video,,include:clip:d8e50f4b9acf,data/external/include_pose/INCLUDE/Pose_Signs/Adjectives/32. weak/MVI_9821.pkl,data/processed/landmarks/include/WEAK/d8e50f4b9acf.npz,58,0.0,0.0,0.9828,1.0,,train
ce7428e0840b,WEAK,include,video,,include:clip:ce7428e0840b,data/external/include_pose/INCLUDE/Pose_Signs/Adjectives/32. weak/MVI_9820.pkl,data/processed/landmarks/include/WEAK/ce7428e0840b.npz,67,0.0,0.0,0.9701,1.0,,train
6e955bad63bc,OLD,include,video,,include:clip:6e955bad63bc,data/external/include_pose/INCLUDE/Pose_Signs/Adjectives/92. old/MVI_5232.pkl,data/processed/landmarks/include/OLD/6e955bad63bc.npz,50,0.0,0.0,1.0,1.0,,train
b9fc34e398a0,OLD,include,video,,include:clip:b9fc34e398a0,data/external/include_pose/INCLUDE/Pose_Signs/Adjectives/92. old/MVI_5233.pkl,data/processed/landmarks/include/OLD/b9fc34e398a0.npz,60,0.0,0.0,1.0,1.0,,train
b7f7e3a3ec7d,OLD,include,video,,include:clip:b7f7e3a3ec7d,data/external/include_pose/INCLUDE/Pose_Signs/Adjectives/92. old/MVI_5153.pkl,data/processed/landmarks/include/OLD/b7f7e3a3ec7d.npz,65,0.0,0.0,1.0,1.0,,train
92f6b3c78635,OLD,include,video,,include:clip:92f6b3c78635,data/external/include_pose/INCLUDE/Pose_Signs/Adjectives/92. old/MVI_9345.pkl,data/processed/landmarks/include/OLD/92f6b3c78635.npz,52,0.0,0.0,0.9808,1.0,,train
334bded7733b,OLD,include,video,,include:clip:334bded7733b,data/external/include_pose/INCLUDE/Pose_Signs/Adjectives/92. old/MVI_9344.pkl,data/processed/landmarks/include/OLD/334bded7733b.npz,56,0.0,0.0,0.9821,1.0,,train
b92b8165427c,OLD,include,video,,include:clip:b92b8165427c,data/external/include_pose/INCLUDE/Pose_Signs/Adjectives/92. old/MVI_5234.pkl,data/processed/landmarks/include/OLD/b92b8165427c.npz,57,0.0,0.0,1.0,1.0,,train
051f0baaeb00,OLD,include,video,,include:clip:051f0baaeb00,data/external/include_pose/INCLUDE/Pose_Signs/Adjectives/92. old/MVI_9343.pkl,data/processed/landmarks/include/OLD/051f0baaeb00.npz,50,0.0,0.0,0.98,1.0,,train
d3e49dbddfe4,OLD,include,video,,include:clip:d3e49dbddfe4,data/external/include_pose/INCLUDE/Pose_Signs/Adjectives/92. old/MVI_9424.pkl,data/processed/landmarks/include/OLD/d3e49dbddfe4.npz,56,0.0,0.0,1.0,1.0,,train
e073fc9a05a8,OLD,include,video,,include:clip:e073fc9a05a8,data/external/include_pose/INCLUDE/Pose_Signs/Adjectives/92. old/MVI_5154.pkl,data/processed/landmarks/include/OLD/e073fc9a05a8.npz,72,0.0,0.0,1.0,1.0,,train
97937f002922,OLD,include,video,,include:clip:97937f002922,data/external/include_pose/INCLUDE/Pose_Signs/Adjectives/92. old/MVI_5310.pkl,data/processed/landmarks/include/OLD/97937f002922.npz,39,0.0,0.0,1.0,1.0,,train
64b3e756f27d,OLD,include,video,,include:clip:64b3e756f27d,data/external/include_pose/INCLUDE/Pose_Signs/Adjectives/92. old/MVI_9264.pkl,data/processed/landmarks/include/OLD/64b3e756f27d.npz,51,0.0,0.0,1.0,1.0,,train
cf2bc70e7558,OLD,include,video,,include:clip:cf2bc70e7558,data/external/include_pose/INCLUDE/Pose_Signs/Adjectives/92. old/MVI_5311.pkl,data/processed/landmarks/include/OLD/cf2bc70e7558.npz,48,0.0,0.0,1.0,1.0,,train
7e5f0a84216e,OLD,include,video,,include:clip:7e5f0a84216e,data/external/include_pose/INCLUDE/Pose_Signs/Adjectives/92. old/MVI_9504.pkl,data/processed/landmarks/include/OLD/7e5f0a84216e.npz,59,0.0,0.0,1.0,1.0,,train
06295bad08b9,OLD,include,video,,include:clip:06295bad08b9,data/external/include_pose/INCLUDE/Pose_Signs/Adjectives/92. old/MVI_9505.pkl,data/processed/landmarks/include/OLD/06295bad08b9.npz,63,0.0,0.0,1.0,1.0,,train
5236d84c499e,BEAUTIFUL,include,video,,include:clip:5236d84c499e,data/external/include_pose/INCLUDE/Pose_Signs/Adjectives/5. Beautiful/MVI_9569.pkl,data/processed/landmarks/include/BEAUTIFUL/5236d84c499e.npz,65,0.0,0.0,1.0,1.0,,train
f4df1dca5971,BEAUTIFUL,include,video,,include:clip:f4df1dca5971,data/external/include_pose/INCLUDE/Pose_Signs/Adjectives/5. Beautiful/MVI_9723.pkl,data/processed/landmarks/include/BEAUTIFUL/f4df1dca5971.npz,74,0.0,0.0,1.0,1.0,,train
d71beff7ec43,BEAUTIFUL,include,video,,include:clip:d71beff7ec43,data/external/include_pose/INCLUDE/Pose_Signs/Adjectives/5. Beautiful/MVI_9725.pkl,data/processed/landmarks/include/BEAUTIFUL/d71beff7ec43.npz,70,0.0,0.0,1.0,1.0,,train
66574d8f80c3,BEAUTIFUL,include,video,,include:clip:66574d8f80c3,data/external/include_pose/INCLUDE/Pose_Signs/Adjectives/5. Beautiful/Extra/MVI_9573.pkl,data/processed/landmarks/include/BEAUTIFUL/66574d8f80c3.npz,68,0.0,0.0,1.0,1.0,,train
5c36affc840e,BEAUTIFUL,include,video,,include:clip:5c36affc840e,data/external/include_pose/INCLUDE/Pose_Signs/Adjectives/5. Beautiful/MVI_9572.pkl,data/processed/landmarks/include/BEAUTIFUL/5c36affc840e.npz,55,0.0,0.0,1.0,1.0,,train
b34d0d3dd622,BEAUTIFUL,include,video,,include:clip:b34d0d3dd622,data/external/include_pose/INCLUDE/Pose_Signs/Adjectives/5. Beautiful/MVI_9570.pkl,data/processed/landmarks/include/BEAUTIFUL/b34d0d3dd622.npz,79,0.0,0.0,1.0,1.0,,train
cf83cc42bf21,BEAUTIFUL,include,video,,include:clip:cf83cc42bf21,data/external/include_pose/INCLUDE/Pose_Signs/Adjectives/5. Beautiful/MVI_9571.pkl,data/processed/landmarks/include/BEAUTIFUL/cf83cc42bf21.npz,64,0.0,0.0,1.0,1.0,,train
950efc10160c,HAPPY,include,video,,include:clip:950efc10160c,data/external/include_pose/INCLUDE/Pose_Signs/Adjectives/3. happy/MVI_9541.pkl,data/processed/landmarks/include/HAPPY/950efc10160c.npz,57,0.0,0.0,0.9123,1.0,,train
f22d1db56f20,HAPPY,include,video,,include:clip:f22d1db56f20,data/external/include_pose/INCLUDE/Pose_Signs/Adjectives/3. happy/MVI_5184.pkl,data/processed/landmarks/include/HAPPY/f22d1db56f20.npz,69,0.0,0.0,0.971,1.0,,train
1a8454696bbf,HAPPY,include,video,,include:clip:1a8454696bbf,data/external/include_pose/INCLUDE/Pose_Signs/Adjectives/3. happy/MVI_5185.pkl,data/processed/landmarks/include/HAPPY/1a8454696bbf.npz,78,0.0,0.0,0.9487,1.0,,train
450c91bc5dca,HAPPY,include,video,,include:clip:450c91bc5dca,data/external/include_pose/INCLUDE/Pose_Signs/Adjectives/3. happy/MVI_5341.pkl,data/processed/landmarks/include/HAPPY/450c91bc5dca.npz,41,0.0,0.0,0.9268,1.0,,train
6049af7f4d77,HAPPY,include,video,,include:clip:6049af7f4d77,data/external/include_pose/INCLUDE/Pose_Signs/Adjectives/3. happy/MVI_5343.pkl,data/processed/landmarks/include/HAPPY/6049af7f4d77.npz,73,0.0,0.0,0.9452,1.0,,train
c507c50cf606,HAPPY,include,video,,include:clip:c507c50cf606,data/external/include_pose/INCLUDE/Pose_Signs/Adjectives/3. happy/MVI_5183.pkl,data/processed/landmarks/include/HAPPY/c507c50cf606.npz,71,0.0,0.0,0.9437,1.0,,train
7a68675673c4,HAPPY,include,video,,include:clip:7a68675673c4,data/external/include_pose/INCLUDE/Pose_Signs/Adjectives/3. happy/MVI_9456.pkl,data/processed/landmarks/include/HAPPY/7a68675673c4.npz,43,0.0,0.0,0.8605,1.0,,train
eb54655d934e,HAPPY,include,video,,include:clip:eb54655d934e,data/external/include_pose/INCLUDE/Pose_Signs/Adjectives/3. happy/MVI_9454.pkl,data/processed/landmarks/include/HAPPY/eb54655d934e.npz,44,0.0,0.0,0.9545,1.0,,train
d3cb5148a3c4,HAPPY,include,video,,include:clip:d3cb5148a3c4,data/external/include_pose/INCLUDE/Pose_Signs/Adjectives/3. happy/MVI_9455.pkl,data/processed/landmarks/include/HAPPY/d3cb5148a3c4.npz,51,0.0,0.0,0.9412,1.0,,train
fadfe3cf7ba7,HAPPY,include,video,,include:clip:fadfe3cf7ba7,data/external/include_pose/INCLUDE/Pose_Signs/Adjectives/3. happy/MVI_9295.pkl,data/processed/landmarks/include/HAPPY/fadfe3cf7ba7.npz,48,0.0,0.0,0.8125,1.0,,train
eee009e32d4c,HAPPY,include,video,,include:clip:eee009e32d4c,data/external/include_pose/INCLUDE/Pose_Signs/Adjectives/3. happy/MVI_9297.pkl,data/processed/landmarks/include/HAPPY/eee009e32d4c.npz,48,0.0,0.0,0.8542,1.0,,train
f75ed53d2441,HAPPY,include,video,,include:clip:f75ed53d2441,data/external/include_pose/INCLUDE/Pose_Signs/Adjectives/3. happy/MVI_9296.pkl,data/processed/landmarks/include/HAPPY/f75ed53d2441.npz,50,0.0,0.0,0.84,1.0,,train
a7187cfb373c,HAPPY,include,video,,include:clip:a7187cfb373c,data/external/include_pose/INCLUDE/Pose_Signs/Adjectives/3. happy/MVI_5263.pkl,data/processed/landmarks/include/HAPPY/a7187cfb373c.npz,53,0.0,0.0,0.9057,1.0,,train
4517d1207bf1,HAPPY,include,video,,include:clip:4517d1207bf1,data/external/include_pose/INCLUDE/Pose_Signs/Adjectives/3. happy/MVI_9374.pkl,data/processed/landmarks/include/HAPPY/4517d1207bf1.npz,45,0.0,0.0,0.9333,1.0,,train
de92098cb6c7,MEAN,include,video,,include:clip:de92098cb6c7,data/external/include_pose/INCLUDE/Pose_Signs/Adjectives/10. Mean/MVI_9594.pkl,data/processed/landmarks/include/MEAN/de92098cb6c7.npz,49,0.0,0.0,1.0,1.0,,train
57c3fa18e943,MEAN,include,video,,include:clip:57c3fa18e943,data/external/include_pose/INCLUDE/Pose_Signs/Adjectives/10. Mean/MVI_9595.pkl,data/processed/landmarks/include/MEAN/57c3fa18e943.npz,54,0.0,0.0,1.0,1.0,,train
6ff2de77b9d5,MEAN,include,video,,include:clip:6ff2de77b9d5,data/external/include_pose/INCLUDE/Pose_Signs/Adjectives/10. Mean/MVI_9592.pkl,data/processed/landmarks/include/MEAN/6ff2de77b9d5.npz,56,0.0,0.0,1.0,1.0,,train
9c9e5fc2e3a6,MEAN,include,video,,include:clip:9c9e5fc2e3a6,data/external/include_pose/INCLUDE/Pose_Signs/Adjectives/10. Mean/MVI_9732.pkl,data/processed/landmarks/include/MEAN/9c9e5fc2e3a6.npz,58,0.0,0.0,1.0,1.0,,train
463ebe1e4d53,MEAN,include,video,,include:clip:463ebe1e4d53,data/external/include_pose/INCLUDE/Pose_Signs/Adjectives/10. Mean/MVI_9730.pkl,data/processed/landmarks/include/MEAN/463ebe1e4d53.npz,63,0.0,0.0,1.0,1.0,,train
5a233a1b7e3e,EXPENSIVE,include,video,,include:clip:5a233a1b7e3e,data/external/include_pose/INCLUDE/Pose_Signs/Adjectives/15. expensive/MVI_9746.pkl,data/processed/landmarks/include/EXPENSIVE/5a233a1b7e3e.npz,57,0.0,0.0,1.0,1.0,,train
374fad424d73,EXPENSIVE,include,video,,include:clip:374fad424d73,data/external/include_pose/INCLUDE/Pose_Signs/Adjectives/15. expensive/MVI_9616.pkl,data/processed/landmarks/include/EXPENSIVE/374fad424d73.npz,63,0.0,0.0,1.0,1.0,,train
3b98c234efd1,EXPENSIVE,include,video,,include:clip:3b98c234efd1,data/external/include_pose/INCLUDE/Pose_Signs/Adjectives/15. expensive/MVI_9614.pkl,data/processed/landmarks/include/EXPENSIVE/3b98c234efd1.npz,71,0.0,0.0,1.0,1.0,,train
59491de56417,EXPENSIVE,include,video,,include:clip:59491de56417,data/external/include_pose/INCLUDE/Pose_Signs/Adjectives/15. expensive/MVI_9615.pkl,data/processed/landmarks/include/EXPENSIVE/59491de56417.npz,73,0.0,0.0,1.0,1.0,,train
dfd2b0c6bc71,EXPENSIVE,include,video,,include:clip:dfd2b0c6bc71,data/external/include_pose/INCLUDE/Pose_Signs/Adjectives/15. expensive/MVI_9613.pkl,data/processed/landmarks/include/EXPENSIVE/dfd2b0c6bc71.npz,76,0.0,0.0,1.0,1.0,,train
9702ffb34ce7,HOT,include,video,,include:clip:9702ffb34ce7,data/external/include_pose/INCLUDE/Pose_Signs/Adjectives/87. hot/MVI_9408.pkl,data/processed/landmarks/include/HOT/9702ffb34ce7.npz,63,0.0,0.0,0.8889,1.0,,train
20ce330a3a1a,HOT,include,video,,include:clip:20ce330a3a1a,data/external/include_pose/INCLUDE/Pose_Signs/Adjectives/87. hot/MVI_9409.pkl,data/processed/landmarks/include/HOT/20ce330a3a1a.npz,66,0.0,0.0,0.9091,1.0,,train
f544698827de,HOT,include,video,,include:clip:f544698827de,data/external/include_pose/INCLUDE/Pose_Signs/Adjectives/87. hot/MVI_9247.pkl,data/processed/landmarks/include/HOT/f544698827de.npz,55,0.0,0.0,0.8,1.0,,train
953159390d1d,HOT,include,video,,include:clip:953159390d1d,data/external/include_pose/INCLUDE/Pose_Signs/Adjectives/87. hot/MVI_5295.pkl,data/processed/landmarks/include/HOT/953159390d1d.npz,56,0.0,0.0,0.9643,1.0,,train
8b88071db2a1,HOT,include,video,,include:clip:8b88071db2a1,data/external/include_pose/INCLUDE/Pose_Signs/Adjectives/87. hot/MVI_5297.pkl,data/processed/landmarks/include/HOT/8b88071db2a1.npz,55,0.0,0.0,0.9636,1.0,,train
0affa2649eee,HOT,include,video,,include:clip:0affa2649eee,data/external/include_pose/INCLUDE/Pose_Signs/Adjectives/87. hot/MVI_5137.pkl,data/processed/landmarks/include/HOT/0affa2649eee.npz,56,0.0,0.0,0.9464,1.0,,train
6392c87cd3e0,HOT,include,video,,include:clip:6392c87cd3e0,data/external/include_pose/INCLUDE/Pose_Signs/Adjectives/87. hot/MVI_9488.pkl,data/processed/landmarks/include/HOT/6392c87cd3e0.npz,65,0.0,0.0,1.0,1.0,,train
2bbcac2dd296,HOT,include,video,,include:clip:2bbcac2dd296,data/external/include_pose/INCLUDE/Pose_Signs/Adjectives/87. hot/MVI_5138.pkl,data/processed/landmarks/include/HOT/2bbcac2dd296.npz,49,0.0,0.0,0.9796,1.0,,train
99a09b1cfd69,HOT,include,video,,include:clip:99a09b1cfd69,data/external/include_pose/INCLUDE/Pose_Signs/Adjectives/87. hot/MVI_9249.pkl,data/processed/landmarks/include/HOT/99a09b1cfd69.npz,48,0.0,0.0,0.875,1.0,,train
10a775145989,HOT,include,video,,include:clip:10a775145989,data/external/include_pose/INCLUDE/Pose_Signs/Adjectives/87. hot/MVI_9329.pkl,data/processed/landmarks/include/HOT/10a775145989.npz,53,0.0,0.0,0.8679,1.0,,train
0524f5c6fffb,HOT,include,video,,include:clip:0524f5c6fffb,data/external/include_pose/INCLUDE/Pose_Signs/Adjectives/87. hot/MVI_9328.pkl,data/processed/landmarks/include/HOT/0524f5c6fffb.npz,52,0.0,0.0,0.8269,1.0,,train
c64f159baae2,HOT,include,video,,include:clip:c64f159baae2,data/external/include_pose/INCLUDE/Pose_Signs/Adjectives/87. hot/MVI_9410.pkl,data/processed/landmarks/include/HOT/c64f159baae2.npz,56,0.0,0.0,0.9286,1.0,,train
8c45eae121e8,HOT,include,video,,include:clip:8c45eae121e8,data/external/include_pose/INCLUDE/Pose_Signs/Adjectives/87. hot/MVI_5216.pkl,data/processed/landmarks/include/HOT/8c45eae121e8.npz,57,0.0,0.0,0.9825,1.0,,train
78440f881174,HOT,include,video,,include:clip:78440f881174,data/external/include_pose/INCLUDE/Pose_Signs/Adjectives/87. hot/MVI_5217.pkl,data/processed/landmarks/include/HOT/78440f881174.npz,66,0.0,0.0,0.9697,1.0,,train
6085bac5ca05,HEAVY,include,video,,include:clip:6085bac5ca05,data/external/include_pose/INCLUDE/Pose_Signs/Adjectives/35. heavy/MVI_9709.pkl,data/processed/landmarks/include/HEAVY/6085bac5ca05.npz,63,0.0,0.0,0.9206,1.0,,train
0201392e4273,HEAVY,include,video,,include:clip:0201392e4273,data/external/include_pose/INCLUDE/Pose_Signs/Adjectives/35. heavy/MVI_9708.pkl,data/processed/landmarks/include/HEAVY/0201392e4273.npz,58,0.0,0.0,0.931,1.0,,train
71894aa64d4f,HEAVY,include,video,,include:clip:71894aa64d4f,data/external/include_pose/INCLUDE/Pose_Signs/Adjectives/35. heavy/MVI_9707.pkl,data/processed/landmarks/include/HEAVY/71894aa64d4f.npz,59,0.0,0.0,0.8814,1.0,,train
73dde4bd79cd,HEAVY,include,video,,include:clip:73dde4bd79cd,data/external/include_pose/INCLUDE/Pose_Signs/Adjectives/35. heavy/MVI_9833.pkl,data/processed/landmarks/include/HEAVY/73dde4bd79cd.npz,62,0.0,0.0,0.871,1.0,,train
cad35d78f5af,HEAVY,include,video,,include:clip:cad35d78f5af,data/external/include_pose/INCLUDE/Pose_Signs/Adjectives/35. heavy/MVI_9832.pkl,data/processed/landmarks/include/HEAVY/cad35d78f5af.npz,66,0.0,0.0,0.9091,1.0,,train
ecb778a83df8,HEAVY,include,video,,include:clip:ecb778a83df8,data/external/include_pose/INCLUDE/Pose_Signs/Adjectives/35. heavy/MVI_9834.pkl,data/processed/landmarks/include/HEAVY/ecb778a83df8.npz,64,0.0,0.0,0.8906,1.0,,train
56b0dd1c0650,CHEAP,include,video,,include:clip:56b0dd1c0650,data/external/include_pose/INCLUDE/Pose_Signs/Adjectives/16. cheap/MVI_9620.pkl,data/processed/landmarks/include/CHEAP/56b0dd1c0650.npz,60,0.0,0.0,1.0,1.0,,train
4b8cb62ed5be,CHEAP,include,video,,include:clip:4b8cb62ed5be,data/external/include_pose/INCLUDE/Pose_Signs/Adjectives/16. cheap/MVI_9750.pkl,data/processed/landmarks/include/CHEAP/4b8cb62ed5be.npz,61,0.0,0.0,1.0,1.0,,train
3492a7bcadad,CHEAP,include,video,,include:clip:3492a7bcadad,data/external/include_pose/INCLUDE/Pose_Signs/Adjectives/16. cheap/MVI_9618.pkl,data/processed/landmarks/include/CHEAP/3492a7bcadad.npz,64,0.0,0.0,1.0,1.0,,train
2c0f2d636d26,CHEAP,include,video,,include:clip:2c0f2d636d26,data/external/include_pose/INCLUDE/Pose_Signs/Adjectives/16. cheap/MVI_9619.pkl,data/processed/landmarks/include/CHEAP/2c0f2d636d26.npz,65,0.0,0.0,1.0,1.0,,train
77f6e1a72ec7,CHEAP,include,video,,include:clip:77f6e1a72ec7,data/external/include_pose/INCLUDE/Pose_Signs/Adjectives/16. cheap/MVI_9617.pkl,data/processed/landmarks/include/CHEAP/77f6e1a72ec7.npz,56,0.0,0.0,1.0,1.0,,train
b2f3b5ed9c78,BIG_LARGE,include,video,,include:clip:b2f3b5ed9c78,data/external/include_pose/INCLUDE/Pose_Signs/Adjectives/83. big large/MVI_9234.pkl,data/processed/landmarks/include/BIG_LARGE/b2f3b5ed9c78.npz,47,0.0,0.0,0.8085,1.0,,train
2868a10f61b7,BIG_LARGE,include,video,,include:clip:2868a10f61b7,data/external/include_pose/INCLUDE/Pose_Signs/Adjectives/83. big large/MVI_9396.pkl,data/processed/landmarks/include/BIG_LARGE/2868a10f61b7.npz,56,0.0,0.0,0.8929,1.0,,train
6f8dfdb24f06,BIG_LARGE,include,video,,include:clip:6f8dfdb24f06,data/external/include_pose/INCLUDE/Pose_Signs/Adjectives/83. big large/MVI_9235.pkl,data/processed/landmarks/include/BIG_LARGE/6f8dfdb24f06.npz,46,0.0,0.0,0.6957,1.0,,train
a1735a2aa3bf,BIG_LARGE,include,video,,include:clip:a1735a2aa3bf,data/external/include_pose/INCLUDE/Pose_Signs/Adjectives/83. big large/MVI_9394.pkl,data/processed/landmarks/include/BIG_LARGE/a1735a2aa3bf.npz,59,0.0,0.0,0.8983,1.0,,train
19f764f8dd5d,BIG_LARGE,include,video,,include:clip:19f764f8dd5d,data/external/include_pose/INCLUDE/Pose_Signs/Adjectives/83. big large/MVI_9395.pkl,data/processed/landmarks/include/BIG_LARGE/19f764f8dd5d.npz,57,0.0,0.0,0.9123,1.0,,train
0c544a94d256,BIG_LARGE,include,video,,include:clip:0c544a94d256,data/external/include_pose/INCLUDE/Pose_Signs/Adjectives/83. big large/MVI_9318.pkl,data/processed/landmarks/include/BIG_LARGE/0c544a94d256.npz,49,0.0,0.0,0.8776,1.0,,train
f6cb7d906ec6,BIG_LARGE,include,video,,include:clip:f6cb7d906ec6,data/external/include_pose/INCLUDE/Pose_Signs/Adjectives/83. big large/MVI_5125.pkl,data/processed/landmarks/include/BIG_LARGE/f6cb7d906ec6.npz,71,0.0,0.0,0.9437,1.0,,train
2ed75e5e5dcb,BIG_LARGE,include,video,,include:clip:2ed75e5e5dcb,data/external/include_pose/INCLUDE/Pose_Signs/Adjectives/83. big large/MVI_5283.pkl,data/processed/landmarks/include/BIG_LARGE/2ed75e5e5dcb.npz,57,0.0,0.0,0.8596,1.0,,train
c064c4428ea5,BIG_LARGE,include,video,,include:clip:c064c4428ea5,data/external/include_pose/INCLUDE/Pose_Signs/Adjectives/83. big large/MVI_9476.pkl,data/processed/landmarks/include/BIG_LARGE/c064c4428ea5.npz,54,0.0,0.0,0.8704,1.0,,train
f113cf0c147d,BIG_LARGE,include,video,,include:clip:f113cf0c147d,data/external/include_pose/INCLUDE/Pose_Signs/Adjectives/83. big large/MVI_9477.pkl,data/processed/landmarks/include/BIG_LARGE/f113cf0c147d.npz,56,0.0,0.0,0.8929,1.0,,train
dd8fe0e12efe,BIG_LARGE,include,video,,include:clip:dd8fe0e12efe,data/external/include_pose/INCLUDE/Pose_Signs/Adjectives/83. big large/MVI_9475.pkl,data/processed/landmarks/include/BIG_LARGE/dd8fe0e12efe.npz,54,0.0,0.0,0.9074,1.0,,train
dab6d4e9bf3c,BIG_LARGE,include,video,,include:clip:dab6d4e9bf3c,data/external/include_pose/INCLUDE/Pose_Signs/Adjectives/83. big large/MVI_9316.pkl,data/processed/landmarks/include/BIG_LARGE/dab6d4e9bf3c.npz,44,0.0,0.0,0.7955,1.0,,train
951c6d794d08,BIG_LARGE,include,video,,include:clip:951c6d794d08,data/external/include_pose/INCLUDE/Pose_Signs/Adjectives/83. big large/MVI_5204.pkl,data/processed/landmarks/include/BIG_LARGE/951c6d794d08.npz,70,0.0,0.0,0.9143,1.0,,train
ce57ba9e103e,BIG_LARGE,include,video,,include:clip:ce57ba9e103e,data/external/include_pose/INCLUDE/Pose_Signs/Adjectives/83. big large/MVI_5205.pkl,data/processed/landmarks/include/BIG_LARGE/ce57ba9e103e.npz,66,0.0,0.0,0.8788,1.0,,train
ea22f52ed380,BIG_LARGE,include,video,,include:clip:ea22f52ed380,data/external/include_pose/INCLUDE/Pose_Signs/Adjectives/83. big large/MVI_5203.pkl,data/processed/landmarks/include/BIG_LARGE/ea22f52ed380.npz,65,0.0,0.0,0.9385,1.0,,train
6c4909e3acc4,NARROW,include,video,,include:clip:6c4909e3acc4,data/external/include_pose/INCLUDE/Pose_Signs/Adjectives/82. narrow/MVI_9391.pkl,data/processed/landmarks/include/NARROW/6c4909e3acc4.npz,48,0.0,0.0,0.7917,1.0,,train
6d7bd3ceab74,NARROW,include,video,,include:clip:6d7bd3ceab74,data/external/include_pose/INCLUDE/Pose_Signs/Adjectives/82. narrow/MVI_9393.pkl,data/processed/landmarks/include/NARROW/6d7bd3ceab74.npz,48,0.0,0.0,0.9167,1.0,,train
57ce51d126a5,NARROW,include,video,,include:clip:57ce51d126a5,data/external/include_pose/INCLUDE/Pose_Signs/Adjectives/82. narrow/MVI_9230.pkl,data/processed/landmarks/include/NARROW/57ce51d126a5.npz,51,0.0,0.0,0.6863,1.0,,train
fdb6e8a53a92,NARROW,include,video,,include:clip:fdb6e8a53a92,data/external/include_pose/INCLUDE/Pose_Signs/Adjectives/82. narrow/MVI_5121.pkl,data/processed/landmarks/include/NARROW/fdb6e8a53a92.npz,71,0.0,0.0,0.8169,1.0,,train
e1a3c15ae552,NARROW,include,video,,include:clip:e1a3c15ae552,data/external/include_pose/INCLUDE/Pose_Signs/Adjectives/82. narrow/MVI_5280.pkl,data/processed/landmarks/include/NARROW/e1a3c15ae552.npz,70,0.0,0.0,0.9,1.0,,train
e4e6f7431f0f,NARROW,include,video,,include:clip:e4e6f7431f0f,data/external/include_pose/INCLUDE/Pose_Signs/Adjectives/82. narrow/MVI_5281.pkl,data/processed/landmarks/include/NARROW/e4e6f7431f0f.npz,66,0.0,0.0,0.8939,1.0,,train
de55d99a59c2,NARROW,include,video,,include:clip:de55d99a59c2,data/external/include_pose/INCLUDE/Pose_Signs/Adjectives/82. narrow/MVI_5120.pkl,data/processed/landmarks/include/NARROW/de55d99a59c2.npz,77,0.0,0.0,0.8701,1.0,,train
1248ad0bbb53,NARROW,include,video,,include:clip:1248ad0bbb53,data/external/include_pose/INCLUDE/Pose_Signs/Adjectives/82. narrow/MVI_5122.pkl,data/processed/landmarks/include/NARROW/1248ad0bbb53.npz,59,0.0,0.0,0.8136,1.0,,train
e381ad75aa77,NARROW,include,video,,include:clip:e381ad75aa77,data/external/include_pose/INCLUDE/Pose_Signs/Adjectives/82. narrow/MVI_5282.pkl,data/processed/landmarks/include/NARROW/e381ad75aa77.npz,58,0.0,0.0,0.931,1.0,,train
764db4db0c0c,NARROW,include,video,,include:clip:764db4db0c0c,data/external/include_pose/INCLUDE/Pose_Signs/Adjectives/82. narrow/MVI_9313.pkl,data/processed/landmarks/include/NARROW/764db4db0c0c.npz,45,0.0,0.0,0.6889,1.0,,train
5aaf3e1a88c8,NARROW,include,video,,include:clip:5aaf3e1a88c8,data/external/include_pose/INCLUDE/Pose_Signs/Adjectives/82. narrow/MVI_9471.pkl,data/processed/landmarks/include/NARROW/5aaf3e1a88c8.npz,59,0.0,0.0,0.6271,1.0,,train
2f0d8aecfbb3,NARROW,include,video,,include:clip:2f0d8aecfbb3,data/external/include_pose/INCLUDE/Pose_Signs/Adjectives/82. narrow/MVI_9315.pkl,data/processed/landmarks/include/NARROW/2f0d8aecfbb3.npz,48,0.0,0.0,0.6667,1.0,,train
c394a1899821,NARROW,include,video,,include:clip:c394a1899821,data/external/include_pose/INCLUDE/Pose_Signs/Adjectives/82. narrow/MVI_9472.pkl,data/processed/landmarks/include/NARROW/c394a1899821.npz,57,0.0,0.0,0.6842,1.0,,train
b2bd7b35318a,NARROW,include,video,,include:clip:b2bd7b35318a,data/external/include_pose/INCLUDE/Pose_Signs/Adjectives/82. narrow/MVI_5202.pkl,data/processed/landmarks/include/NARROW/b2bd7b35318a.npz,80,0.0,0.0,0.825,1.0,,train
5f5b3f4c0227,NEW,include,video,,include:clip:5f5b3f4c0227,data/external/include_pose/INCLUDE/Pose_Signs/Adjectives/91. new/MVI_5150.pkl,data/processed/landmarks/include/NEW/5f5b3f4c0227.npz,64,0.0,0.0,1.0,1.0,,train
e1a39ce2b71a,NEW,include,video,,include:clip:e1a39ce2b71a,data/external/include_pose/INCLUDE/Pose_Signs/Adjectives/91. new/MVI_9421.pkl,data/processed/landmarks/include/NEW/e1a39ce2b71a.npz,63,0.0,0.0,1.0,1.0,,train
550807a02a8a,NEW,include,video,,include:clip:550807a02a8a,data/external/include_pose/INCLUDE/Pose_Signs/Adjectives/91. new/MVI_5151.pkl,data/processed/landmarks/include/NEW/550807a02a8a.npz,59,0.0,0.0,1.0,1.0,,train
92dc5ed1b5be,NEW,include,video,,include:clip:92dc5ed1b5be,data/external/include_pose/INCLUDE/Pose_Signs/Adjectives/91. new/MVI_5231.pkl,data/processed/landmarks/include/NEW/92dc5ed1b5be.npz,62,0.0,0.0,1.0,1.0,,train
07526318d42f,NEW,include,video,,include:clip:07526318d42f,data/external/include_pose/INCLUDE/Pose_Signs/Adjectives/91. new/MVI_9422.pkl,data/processed/landmarks/include/NEW/07526318d42f.npz,47,0.0,0.0,1.0,1.0,,train
80b5c9d398cc,NEW,include,video,,include:clip:80b5c9d398cc,data/external/include_pose/INCLUDE/Pose_Signs/Adjectives/91. new/MVI_5230.pkl,data/processed/landmarks/include/NEW/80b5c9d398cc.npz,57,0.0,0.0,1.0,1.0,,train
f85e48a4d8e0,NEW,include,video,,include:clip:f85e48a4d8e0,data/external/include_pose/INCLUDE/Pose_Signs/Adjectives/91. new/MVI_9341.pkl,data/processed/landmarks/include/NEW/f85e48a4d8e0.npz,49,0.0,0.0,1.0,1.0,,train
bc3a05f41948,NEW,include,video,,include:clip:bc3a05f41948,data/external/include_pose/INCLUDE/Pose_Signs/Adjectives/91. new/MVI_9342.pkl,data/processed/landmarks/include/NEW/bc3a05f41948.npz,47,0.0,0.0,1.0,1.0,,train
d7e94f4605cf,NEW,include,video,,include:clip:d7e94f4605cf,data/external/include_pose/INCLUDE/Pose_Signs/Adjectives/91. new/MVI_5308.pkl,data/processed/landmarks/include/NEW/d7e94f4605cf.npz,42,0.0,0.0,1.0,1.0,,train
dde1b36451b1,NEW,include,video,,include:clip:dde1b36451b1,data/external/include_pose/INCLUDE/Pose_Signs/Adjectives/91. new/MVI_5307.pkl,data/processed/landmarks/include/NEW/dde1b36451b1.npz,39,0.0,0.0,1.0,1.0,,train
763680d5a775,NEW,include,video,,include:clip:763680d5a775,data/external/include_pose/INCLUDE/Pose_Signs/Adjectives/91. new/MVI_9501.pkl,data/processed/landmarks/include/NEW/763680d5a775.npz,49,0.0,0.0,1.0,1.0,,train
eb8b203f504f,NEW,include,video,,include:clip:eb8b203f504f,data/external/include_pose/INCLUDE/Pose_Signs/Adjectives/91. new/MVI_9261.pkl,data/processed/landmarks/include/NEW/eb8b203f504f.npz,49,0.0,0.0,1.0,1.0,,train
24dfd8f7c04c,NEW,include,video,,include:clip:24dfd8f7c04c,data/external/include_pose/INCLUDE/Pose_Signs/Adjectives/91. new/MVI_9260.pkl,data/processed/landmarks/include/NEW/24dfd8f7c04c.npz,49,0.0,0.0,1.0,1.0,,train
9405b13a65d7,NEW,include,video,,include:clip:9405b13a65d7,data/external/include_pose/INCLUDE/Pose_Signs/Adjectives/91. new/MVI_5229.pkl,data/processed/landmarks/include/NEW/9405b13a65d7.npz,54,0.0,0.0,1.0,1.0,,train
4b788955122f,LONG,include,video,,include:clip:4b788955122f,data/external/include_pose/INCLUDE/Pose_Signs/Adjectives/78. long/MVI_5186.pkl,data/processed/landmarks/include/LONG/4b788955122f.npz,64,0.0,0.0,0.9688,1.0,,train
5917fbac7827,LONG,include,video,,include:clip:5917fbac7827,data/external/include_pose/INCLUDE/Pose_Signs/Adjectives/78. long/MVI_9219.pkl,data/processed/landmarks/include/LONG/5917fbac7827.npz,53,0.0,0.0,0.8491,1.0,,train
d43861696b50,LONG,include,video,,include:clip:d43861696b50,data/external/include_pose/INCLUDE/Pose_Signs/Adjectives/78. long/MVI_9379.pkl,data/processed/landmarks/include/LONG/d43861696b50.npz,52,0.0,0.0,0.9808,1.0,,train
b6ab7eb1988d,LONG,include,video,,include:clip:b6ab7eb1988d,data/external/include_pose/INCLUDE/Pose_Signs/Adjectives/78. long/MVI_9378.pkl,data/processed/landmarks/include/LONG/b6ab7eb1988d.npz,52,0.0,0.0,0.9038,1.0,,train
2971f69017d5,LONG,include,video,,include:clip:2971f69017d5,data/external/include_pose/INCLUDE/Pose_Signs/Adjectives/78. long/MVI_9218.pkl,data/processed/landmarks/include/LONG/2971f69017d5.npz,53,0.0,0.0,0.8302,1.0,,train
9b4db3960e90,LONG,include,video,,include:clip:9b4db3960e90,data/external/include_pose/INCLUDE/Pose_Signs/Adjectives/78. long/MVI_5268.pkl,data/processed/landmarks/include/LONG/9b4db3960e90.npz,60,0.0,0.0,1.0,1.0,,train
03933e55e7b8,LONG,include,video,,include:clip:03933e55e7b8,data/external/include_pose/INCLUDE/Pose_Signs/Adjectives/78. long/MVI_5107.pkl,data/processed/landmarks/include/LONG/03933e55e7b8.npz,71,0.0,0.0,0.9577,1.0,,train
f293689dae7b,LONG,include,video,,include:clip:f293689dae7b,data/external/include_pose/INCLUDE/Pose_Signs/Adjectives/78. long/MVI_9298.pkl,data/processed/landmarks/include/LONG/f293689dae7b.npz,53,0.0,0.0,0.9434,1.0,,train
533146bbe534,LONG,include,video,,include:clip:533146bbe534,data/external/include_pose/INCLUDE/Pose_Signs/Adjectives/78. long/MVI_9460.pkl,data/processed/landmarks/include/LONG/533146bbe534.npz,52,0.0,0.0,0.9038,1.0,,train
3a0ab04178a3,LONG,include,video,,include:clip:3a0ab04178a3,data/external/include_pose/INCLUDE/Pose_Signs/Adjectives/78. long/MVI_5266.pkl,data/processed/landmarks/include/LONG/3a0ab04178a3.npz,69,0.0,0.0,0.971,1.0,,train
2a0e93d3843e,LONG,include,video,,include:clip:2a0e93d3843e,data/external/include_pose/INCLUDE/Pose_Signs/Adjectives/78. long/MVI_9459.pkl,data/processed/landmarks/include/LONG/2a0e93d3843e.npz,51,0.0,0.0,0.8824,1.0,,train
2e5b7705a047,LONG,include,video,,include:clip:2e5b7705a047,data/external/include_pose/INCLUDE/Pose_Signs/Adjectives/78. long/MVI_9300.pkl,data/processed/landmarks/include/LONG/2e5b7705a047.npz,56,0.0,0.0,0.9821,1.0,,train
30b43ab53fc4,LONG,include,video,,include:clip:30b43ab53fc4,data/external/include_pose/INCLUDE/Pose_Signs/Adjectives/78. long/MVI_9377.pkl,data/processed/landmarks/include/LONG/30b43ab53fc4.npz,53,0.0,0.0,0.9811,1.0,,train
d59bba974e62,LONG,include,video,,include:clip:d59bba974e62,data/external/include_pose/INCLUDE/Pose_Signs/Adjectives/78. long/MVI_9217.pkl,data/processed/landmarks/include/LONG/d59bba974e62.npz,52,0.0,0.0,0.9231,1.0,,train
c8a59a9bf048,TALL,include,video,,include:clip:c8a59a9bf048,data/external/include_pose/INCLUDE/Pose_Signs/Adjectives/80. tall/MVI_9384.pkl,data/processed/landmarks/include/TALL/c8a59a9bf048.npz,57,0.0,0.0,1.0,1.0,,train
ca76cbab0495,TALL,include,video,,include:clip:ca76cbab0495,data/external/include_pose/INCLUDE/Pose_Signs/Adjectives/80. tall/MVI_9225.pkl,data/processed/landmarks/include/TALL/ca76cbab0495.npz,48,0.0,0.0,0.9792,1.0,,train
4b3a764943a1,TALL,include,video,,include:clip:4b3a764943a1,data/external/include_pose/INCLUDE/Pose_Signs/Adjectives/80. tall/MVI_9386.pkl,data/processed/landmarks/include/TALL/4b3a764943a1.npz,60,0.0,0.0,1.0,1.0,,train
e5c9d74c7cf8,TALL,include,video,,include:clip:e5c9d74c7cf8,data/external/include_pose/INCLUDE/Pose_Signs/Adjectives/80. tall/MVI_9387.pkl,data/processed/landmarks/include/TALL/e5c9d74c7cf8.npz,45,0.0,0.0,1.0,1.0,,train
7fb6562a59de,TALL,include,video,,include:clip:7fb6562a59de,data/external/include_pose/INCLUDE/Pose_Signs/Adjectives/80. tall/MVI_9224.pkl,data/processed/landmarks/include/TALL/7fb6562a59de.npz,59,0.0,0.0,1.0,1.0,,train
3c4835821a71,TALL,include,video,,include:clip:3c4835821a71,data/external/include_pose/INCLUDE/Pose_Signs/Adjectives/80. tall/MVI_5195.pkl,data/processed/landmarks/include/TALL/3c4835821a71.npz,60,0.0,0.0,1.0,1.0,,train
ef3c95e507da,TALL,include,video,,include:clip:ef3c95e507da,data/external/include_pose/INCLUDE/Pose_Signs/Adjectives/80. tall/MVI_5196.pkl,data/processed/landmarks/include/TALL/ef3c95e507da.npz,58,0.0,0.0,1.0,1.0,,train
59451c1fdce7,TALL,include,video,,include:clip:59451c1fdce7,data/external/include_pose/INCLUDE/Pose_Signs/Adjectives/80. tall/MVI_9308.pkl,data/processed/landmarks/include/TALL/59451c1fdce7.npz,50,0.0,0.0,1.0,1.0,,train
cc86e6ea8d8a,TALL,include,video,,include:clip:cc86e6ea8d8a,data/external/include_pose/INCLUDE/Pose_Signs/Adjectives/80. tall/MVI_9309.pkl,data/processed/landmarks/include/TALL/cc86e6ea8d8a.npz,58,0.0,0.0,1.0,1.0,,train
93254d808df1,TALL,include,video,,include:clip:93254d808df1,data/external/include_pose/INCLUDE/Pose_Signs/Adjectives/80. tall/MVI_9464.pkl,data/processed/landmarks/include/TALL/93254d808df1.npz,58,0.0,0.0,1.0,1.0,,train
8b604e960add,TALL,include,video,,include:clip:8b604e960add,data/external/include_pose/INCLUDE/Pose_Signs/Adjectives/80. tall/MVI_5276.pkl,data/processed/landmarks/include/TALL/8b604e960add.npz,55,0.0,0.0,1.0,1.0,,train
fe148bf7d53f,TALL,include,video,,include:clip:fe148bf7d53f,data/external/include_pose/INCLUDE/Pose_Signs/Adjectives/80. tall/MVI_5115.pkl,data/processed/landmarks/include/TALL/fe148bf7d53f.npz,72,0.0,0.0,1.0,1.0,,train
fe1bd162aef4,TALL,include,video,,include:clip:fe1bd162aef4,data/external/include_pose/INCLUDE/Pose_Signs/Adjectives/80. tall/MVI_5274.pkl,data/processed/landmarks/include/TALL/fe1bd162aef4.npz,54,0.0,0.0,1.0,1.0,,train
439fb35a25a1,TALL,include,video,,include:clip:439fb35a25a1,data/external/include_pose/INCLUDE/Pose_Signs/Adjectives/80. tall/MVI_9466.pkl,data/processed/landmarks/include/TALL/439fb35a25a1.npz,50,0.0,0.0,1.0,1.0,,train
dfca1c523fe3,DEAF,include,video,,include:clip:dfca1c523fe3,data/external/include_pose/INCLUDE/Pose_Signs/Adjectives/7. Deaf/MVI_9583.pkl,data/processed/landmarks/include/DEAF/dfca1c523fe3.npz,55,0.0,0.0,1.0,1.0,,train
be3ba15258a1,DEAF,include,video,,include:clip:be3ba15258a1,data/external/include_pose/INCLUDE/Pose_Signs/Adjectives/7. Deaf/MVI_9580.pkl,data/processed/landmarks/include/DEAF/be3ba15258a1.npz,61,0.0,0.0,1.0,1.0,,train
6bc3fb788441,DEAF,include,video,,include:clip:6bc3fb788441,data/external/include_pose/INCLUDE/Pose_Signs/Adjectives/7. Deaf/MVI_9581.pkl,data/processed/landmarks/include/DEAF/6bc3fb788441.npz,61,0.0,0.0,1.0,1.0,,train
45f73514f82a,DEAF,include,video,,include:clip:45f73514f82a,data/external/include_pose/INCLUDE/Pose_Signs/Adjectives/7. Deaf/MVI_9848.pkl,data/processed/landmarks/include/DEAF/45f73514f82a.npz,52,0.0,0.0,1.0,1.0,,train
5e9ceaf746d8,DEAF,include,video,,include:clip:5e9ceaf746d8,data/external/include_pose/INCLUDE/Pose_Signs/Adjectives/7. Deaf/MVI_9849.pkl,data/processed/landmarks/include/DEAF/5e9ceaf746d8.npz,56,0.0,0.0,1.0,1.0,,train
6b04d4467d56,DEAF,include,video,,include:clip:6b04d4467d56,data/external/include_pose/INCLUDE/Pose_Signs/Adjectives/7. Deaf/MVI_9851.pkl,data/processed/landmarks/include/DEAF/6b04d4467d56.npz,50,0.0,0.0,1.0,1.0,,train
d585b25cac69,LOOSE,include,video,,include:clip:d585b25cac69,data/external/include_pose/INCLUDE/Pose_Signs/Adjectives/22. loose/MVI_9778.pkl,data/processed/landmarks/include/LOOSE/d585b25cac69.npz,69,0.0,0.0,0.9275,1.0,,train
4c6509a221d1,LOOSE,include,video,,include:clip:4c6509a221d1,data/external/include_pose/INCLUDE/Pose_Signs/Adjectives/22. loose/MVI_9653.pkl,data/processed/landmarks/include/LOOSE/4c6509a221d1.npz,72,0.0,0.0,0.9861,1.0,,train
8bc36a455912,LOOSE,include,video,,include:clip:8bc36a455912,data/external/include_pose/INCLUDE/Pose_Signs/Adjectives/22. loose/MVI_9651.pkl,data/processed/landmarks/include/LOOSE/8bc36a455912.npz,64,0.0,0.0,0.9375,1.0,,train
27e85b455e61,LOOSE,include,video,,include:clip:27e85b455e61,data/external/include_pose/INCLUDE/Pose_Signs/Adjectives/22. loose/MVI_9777.pkl,data/processed/landmarks/include/LOOSE/27e85b455e61.npz,70,0.0,0.0,0.9,1.0,,train
fb4b17064591,LOOSE,include,video,,include:clip:fb4b17064591,data/external/include_pose/INCLUDE/Pose_Signs/Adjectives/22. loose/MVI_9776.pkl,data/processed/landmarks/include/LOOSE/fb4b17064591.npz,73,0.0,0.0,0.9315,1.0,,train
dc6fc91dc9d0,LOOSE,include,video,,include:clip:dc6fc91dc9d0,data/external/include_pose/INCLUDE/Pose_Signs/Adjectives/22. loose/MVI_9775.pkl,data/processed/landmarks/include/LOOSE/dc6fc91dc9d0.npz,67,0.0,0.0,0.9104,1.0,,train
7681cc9b396a,WET,include,video,,include:clip:7681cc9b396a,data/external/include_pose/INCLUDE/Pose_Signs/Adjectives/96. wet/MVI_9437.pkl,data/processed/landmarks/include/WET/7681cc9b396a.npz,63,0.0,0.0,0.9524,1.0,,train
c07ee798f271,WET,include,video,,include:clip:c07ee798f271,data/external/include_pose/INCLUDE/Pose_Signs/Adjectives/96. wet/MVI_9436.pkl,data/processed/landmarks/include/WET/c07ee798f271.npz,65,0.0,0.0,0.9692,1.0,,train
bdb2cadc00ab,WET,include,video,,include:clip:bdb2cadc00ab,data/external/include_pose/INCLUDE/Pose_Signs/Adjectives/96. wet/MVI_5245.pkl,data/processed/landmarks/include/WET/bdb2cadc00ab.npz,71,0.0,0.0,1.0,1.0,,train
01df967c3569,WET,include,video,,include:clip:01df967c3569,data/external/include_pose/INCLUDE/Pose_Signs/Adjectives/96. wet/MVI_5244.pkl,data/processed/landmarks/include/WET/01df967c3569.npz,64,0.0,0.0,1.0,1.0,,train
7e09d3dbc3ea,WET,include,video,,include:clip:7e09d3dbc3ea,data/external/include_pose/INCLUDE/Pose_Signs/Adjectives/96. wet/MVI_9520.pkl,data/processed/landmarks/include/WET/7e09d3dbc3ea.npz,66,0.0,0.0,1.0,1.0,,train
1a869532ff84,WET,include,video,,include:clip:1a869532ff84,data/external/include_pose/INCLUDE/Pose_Signs/Adjectives/96. wet/MVI_5246.pkl,data/processed/landmarks/include/WET/1a869532ff84.npz,73,0.0,0.0,1.0,1.0,,train
36b657b36983,WET,include,video,,include:clip:36b657b36983,data/external/include_pose/INCLUDE/Pose_Signs/Adjectives/96. wet/MVI_5323.pkl,data/processed/landmarks/include/WET/36b657b36983.npz,55,0.0,0.0,1.0,1.0,,train
8a155d110893,WET,include,video,,include:clip:8a155d110893,data/external/include_pose/INCLUDE/Pose_Signs/Adjectives/96. wet/MVI_9518.pkl,data/processed/landmarks/include/WET/8a155d110893.npz,62,0.0,0.0,1.0,1.0,,train
c4f1bbb2b7f9,WET,include,video,,include:clip:c4f1bbb2b7f9,data/external/include_pose/INCLUDE/Pose_Signs/Adjectives/96. wet/MVI_5322.pkl,data/processed/landmarks/include/WET/c4f1bbb2b7f9.npz,54,0.0,0.0,1.0,1.0,,train
74221870ec65,WET,include,video,,include:clip:74221870ec65,data/external/include_pose/INCLUDE/Pose_Signs/Adjectives/96. wet/MVI_9275.pkl,data/processed/landmarks/include/WET/74221870ec65.npz,63,0.0,0.0,0.9206,1.0,,train
2ee246371bec,WET,include,video,,include:clip:2ee246371bec,data/external/include_pose/INCLUDE/Pose_Signs/Adjectives/96. wet/MVI_9274.pkl,data/processed/landmarks/include/WET/2ee246371bec.npz,59,0.0,0.0,0.9492,1.0,,train
938982f2d608,WET,include,video,,include:clip:938982f2d608,data/external/include_pose/INCLUDE/Pose_Signs/Adjectives/96. wet/MVI_5165.pkl,data/processed/landmarks/include/WET/938982f2d608.npz,67,0.0,0.0,0.9403,1.0,,train
a53ef4479cf5,WET,include,video,,include:clip:a53ef4479cf5,data/external/include_pose/INCLUDE/Pose_Signs/Adjectives/96. wet/MVI_5164.pkl,data/processed/landmarks/include/WET/a53ef4479cf5.npz,83,0.0,0.0,0.9759,1.0,,train
6624c802db34,WET,include,video,,include:clip:6624c802db34,data/external/include_pose/INCLUDE/Pose_Signs/Adjectives/96. wet/MVI_5166.pkl,data/processed/landmarks/include/WET/6624c802db34.npz,76,0.0,0.0,0.9868,1.0,,train
b02a6edc2fed,PLANE,include,video,,include:clip:b02a6edc2fed,data/external/include_pose/INCLUDE/Pose_Signs/Means_of_Transportation/10. Plane/MVI_3144.pkl,data/processed/landmarks/include/PLANE/b02a6edc2fed.npz,80,0.0,0.0,0.9125,1.0,,train
443b1282967c,PLANE,include,video,,include:clip:443b1282967c,data/external/include_pose/INCLUDE/Pose_Signs/Means_of_Transportation/10. Plane/MVI_4175.pkl,data/processed/landmarks/include/PLANE/443b1282967c.npz,53,0.0,0.0,1.0,1.0,,train
e254b1a88c91,PLANE,include,video,,include:clip:e254b1a88c91,data/external/include_pose/INCLUDE/Pose_Signs/Means_of_Transportation/10. Plane/MVI_3235.pkl,data/processed/landmarks/include/PLANE/e254b1a88c91.npz,81,0.0,0.0,1.0,1.0,,train
0206788b0b18,PLANE,include,video,,include:clip:0206788b0b18,data/external/include_pose/INCLUDE/Pose_Signs/Means_of_Transportation/10. Plane/MVI_3142.pkl,data/processed/landmarks/include/PLANE/0206788b0b18.npz,77,0.0,0.0,0.7143,1.0,,train
1542437082b3,PLANE,include,video,,include:clip:1542437082b3,data/external/include_pose/INCLUDE/Pose_Signs/Means_of_Transportation/10. Plane/MVI_3234.pkl,data/processed/landmarks/include/PLANE/1542437082b3.npz,76,0.0,0.0,1.0,1.0,,train
272f1b6ff138,PLANE,include,video,,include:clip:272f1b6ff138,data/external/include_pose/INCLUDE/Pose_Signs/Means_of_Transportation/10. Plane/MVI_3208.pkl,data/processed/landmarks/include/PLANE/272f1b6ff138.npz,60,0.0,0.0,1.0,1.0,,train
1680a0a884be,PLANE,include,video,,include:clip:1680a0a884be,data/external/include_pose/INCLUDE/Pose_Signs/Means_of_Transportation/10. Plane/MVI_3173.pkl,data/processed/landmarks/include/PLANE/1680a0a884be.npz,83,0.0,0.0,1.0,1.0,,train
c3da1540d623,PLANE,include,video,,include:clip:c3da1540d623,data/external/include_pose/INCLUDE/Pose_Signs/Means_of_Transportation/10. Plane/MVI_3172.pkl,data/processed/landmarks/include/PLANE/c3da1540d623.npz,73,0.0,0.0,1.0,1.0,,train
8f82f8459472,PLANE,include,video,,include:clip:8f82f8459472,data/external/include_pose/INCLUDE/Pose_Signs/Means_of_Transportation/10. Plane/MVI_3171.pkl,data/processed/landmarks/include/PLANE/8f82f8459472.npz,89,0.0,0.0,1.0,1.0,,train
f4cdcdf276c0,PLANE,include,video,,include:clip:f4cdcdf276c0,data/external/include_pose/INCLUDE/Pose_Signs/Means_of_Transportation/10. Plane/MVI_3207.pkl,data/processed/landmarks/include/PLANE/f4cdcdf276c0.npz,64,0.0,0.0,1.0,1.0,,train
3b901375199e,PLANE,include,video,,include:clip:3b901375199e,data/external/include_pose/INCLUDE/Pose_Signs/Means_of_Transportation/10. Plane/MVI_8582.pkl,data/processed/landmarks/include/PLANE/3b901375199e.npz,59,0.0,0.0,0.6102,1.0,,train
19f050287239,PLANE,include,video,,include:clip:19f050287239,data/external/include_pose/INCLUDE/Pose_Signs/Means_of_Transportation/10. Plane/MVI_8581.pkl,data/processed/landmarks/include/PLANE/19f050287239.npz,62,0.0,0.0,0.5161,1.0,,train
8cdc7eebe1da,PLANE,include,video,,include:clip:8cdc7eebe1da,data/external/include_pose/INCLUDE/Pose_Signs/Means_of_Transportation/10. Plane/MVI_3115.pkl,data/processed/landmarks/include/PLANE/8cdc7eebe1da.npz,74,0.0,0.0,0.9595,1.0,,train
4b14e9085604,PLANE,include,video,,include:clip:4b14e9085604,data/external/include_pose/INCLUDE/Pose_Signs/Means_of_Transportation/10. Plane/MVI_3114.pkl,data/processed/landmarks/include/PLANE/4b14e9085604.npz,87,0.0,0.0,1.0,1.0,,train
a68d5dbb2438,TRUCK,include,video,,include:clip:a68d5dbb2438,data/external/include_pose/INCLUDE/Pose_Signs/Means_of_Transportation/12. Truck/MVI_3119.pkl,data/processed/landmarks/include/TRUCK/a68d5dbb2438.npz,104,0.0,0.0,0.9038,1.0,,train
c8cc35cff6be,TRUCK,include,video,,include:clip:c8cc35cff6be,data/external/include_pose/INCLUDE/Pose_Signs/Means_of_Transportation/12. Truck/MVI_3241.pkl,data/processed/landmarks/include/TRUCK/c8cc35cff6be.npz,76,0.0,0.0,0.9342,1.0,,train
08d848d929f9,TRUCK,include,video,,include:clip:08d848d929f9,data/external/include_pose/INCLUDE/Pose_Signs/Means_of_Transportation/12. Truck/MVI_3120.pkl,data/processed/landmarks/include/TRUCK/08d848d929f9.npz,95,0.0,0.0,0.8737,1.0,,train
456de1f902b3,TRUCK,include,video,,include:clip:456de1f902b3,data/external/include_pose/INCLUDE/Pose_Signs/Means_of_Transportation/12. Truck/MVI_3121.pkl,data/processed/landmarks/include/TRUCK/456de1f902b3.npz,90,0.0,0.0,0.8889,1.0,,train
7337164a141d,TRUCK,include,video,,include:clip:7337164a141d,data/external/include_pose/INCLUDE/Pose_Signs/Means_of_Transportation/12. Truck/MVI_3243.pkl,data/processed/landmarks/include/TRUCK/7337164a141d.npz,84,0.0,0.0,0.9405,1.0,,train
993184158baf,TRUCK,include,video,,include:clip:993184158baf,data/external/include_pose/INCLUDE/Pose_Signs/Means_of_Transportation/12. Truck/MVI_3179.pkl,data/processed/landmarks/include/TRUCK/993184158baf.npz,104,0.0,0.0,0.9712,1.0,,train
9cc55d80121b,TRUCK,include,video,,include:clip:9cc55d80121b,data/external/include_pose/INCLUDE/Pose_Signs/Means_of_Transportation/12. Truck/MVI_3178.pkl,data/processed/landmarks/include/TRUCK/9cc55d80121b.npz,105,0.0,0.0,0.9524,1.0,,train
bb0105377670,TRUCK,include,video,,include:clip:bb0105377670,data/external/include_pose/INCLUDE/Pose_Signs/Means_of_Transportation/12. Truck/MVI_3150.pkl,data/processed/landmarks/include/TRUCK/bb0105377670.npz,99,0.0,0.0,0.7172,1.0,,train
ab16dc685d95,TRUCK,include,video,,include:clip:ab16dc685d95,data/external/include_pose/INCLUDE/Pose_Signs/Means_of_Transportation/12. Truck/MVI_3212.pkl,data/processed/landmarks/include/TRUCK/ab16dc685d95.npz,81,0.0,0.0,0.963,1.0,,train
44ad6424f3de,TRUCK,include,video,,include:clip:44ad6424f3de,data/external/include_pose/INCLUDE/Pose_Signs/Means_of_Transportation/12. Truck/MVI_4179.pkl,data/processed/landmarks/include/TRUCK/44ad6424f3de.npz,62,0.0,0.0,0.9355,1.0,,train
1ede66292044,TRUCK,include,video,,include:clip:1ede66292044,data/external/include_pose/INCLUDE/Pose_Signs/Means_of_Transportation/12. Truck/MVI_3149.pkl,data/processed/landmarks/include/TRUCK/1ede66292044.npz,97,0.0,0.0,0.8351,1.0,,train
49b7f6ab5044,TRUCK,include,video,,include:clip:49b7f6ab5044,data/external/include_pose/INCLUDE/Pose_Signs/Means_of_Transportation/12. Truck/MVI_3214.pkl,data/processed/landmarks/include/TRUCK/49b7f6ab5044.npz,82,0.0,0.0,0.9268,1.0,,train
ef6acc59131e,TRUCK,include,video,,include:clip:ef6acc59131e,data/external/include_pose/INCLUDE/Pose_Signs/Means_of_Transportation/12. Truck/MVI_4180.pkl,data/processed/landmarks/include/TRUCK/ef6acc59131e.npz,75,0.0,0.0,0.96,1.0,,train
ce89bf342b5d,TRUCK,include,video,,include:clip:ce89bf342b5d,data/external/include_pose/INCLUDE/Pose_Signs/Means_of_Transportation/12. Truck/MVI_3177.pkl,data/processed/landmarks/include/TRUCK/ce89bf342b5d.npz,81,0.0,0.0,0.9136,1.0,,train
9a4bccd06253,TRAIN,include,video,,include:clip:9a4bccd06253,data/external/include_pose/INCLUDE/Pose_Signs/Means_of_Transportation/9. Train/MVI_4172.pkl,data/processed/landmarks/include/TRAIN/9a4bccd06253.npz,52,0.0,0.0,1.0,1.0,,train
ec174448c999,TRAIN,include,video,,include:clip:ec174448c999,data/external/include_pose/INCLUDE/Pose_Signs/Means_of_Transportation/9. Train/MVI_3231.pkl,data/processed/landmarks/include/TRAIN/ec174448c999.npz,71,0.0,0.0,1.0,1.0,,train
1755a867ca7c,TRAIN,include,video,,include:clip:1755a867ca7c,data/external/include_pose/INCLUDE/Pose_Signs/Means_of_Transportation/9. Train/MVI_4170.pkl,data/processed/landmarks/include/TRAIN/1755a867ca7c.npz,63,0.0,0.0,1.0,1.0,,train
1585d394a16a,TRAIN,include,video,,include:clip:1585d394a16a,data/external/include_pose/INCLUDE/Pose_Signs/Means_of_Transportation/9. Train/MVI_4171.pkl,data/processed/landmarks/include/TRAIN/1585d394a16a.npz,59,0.0,0.0,1.0,1.0,,train
760f8fdf1b68,TRAIN,include,video,,include:clip:760f8fdf1b68,data/external/include_pose/INCLUDE/Pose_Signs/Means_of_Transportation/9. Train/MVI_3232.pkl,data/processed/landmarks/include/TRAIN/760f8fdf1b68.npz,59,0.0,0.0,1.0,1.0,,train
cdb583080939,TRAIN,include,video,,include:clip:cdb583080939,data/external/include_pose/INCLUDE/Pose_Signs/Means_of_Transportation/9. Train/MVI_3140.pkl,data/processed/landmarks/include/TRAIN/cdb583080939.npz,82,0.0,0.0,0.5488,1.0,,train
9d65f4964012,TRAIN,include,video,,include:clip:9d65f4964012,data/external/include_pose/INCLUDE/Pose_Signs/Means_of_Transportation/9. Train/MVI_3141.pkl,data/processed/landmarks/include/TRAIN/9d65f4964012.npz,81,0.0,0.0,0.6543,1.0,,train
7d08e81cf952,TRAIN,include,video,,include:clip:7d08e81cf952,data/external/include_pose/INCLUDE/Pose_Signs/Means_of_Transportation/9. Train/MVI_3169.pkl,data/processed/landmarks/include/TRAIN/7d08e81cf952.npz,85,0.0,0.0,1.0,1.0,,train
fdb56c045b10,TRAIN,include,video,,include:clip:fdb56c045b10,data/external/include_pose/INCLUDE/Pose_Signs/Means_of_Transportation/9. Train/MVI_3204.pkl,data/processed/landmarks/include/TRAIN/fdb56c045b10.npz,68,0.0,0.0,1.0,1.0,,train
0c4ba25b4f05,TRAIN,include,video,,include:clip:0c4ba25b4f05,data/external/include_pose/INCLUDE/Pose_Signs/Means_of_Transportation/9. Train/MVI_3170.pkl,data/processed/landmarks/include/TRAIN/0c4ba25b4f05.npz,76,0.0,0.0,1.0,1.0,,train
0b3c32a4912d,TRAIN,include,video,,include:clip:0b3c32a4912d,data/external/include_pose/INCLUDE/Pose_Signs/Means_of_Transportation/9. Train/MVI_3202.pkl,data/processed/landmarks/include/TRAIN/0b3c32a4912d.npz,93,0.0,0.0,1.0,1.0,,train
e1a523eacd81,TRAIN,include,video,,include:clip:e1a523eacd81,data/external/include_pose/INCLUDE/Pose_Signs/Means_of_Transportation/9. Train/MVI_3110.pkl,data/processed/landmarks/include/TRAIN/e1a523eacd81.npz,77,0.0,0.0,0.987,1.0,,train
7e90a5bd3e22,TRAIN,include,video,,include:clip:7e90a5bd3e22,data/external/include_pose/INCLUDE/Pose_Signs/Means_of_Transportation/9. Train/MVI_8580.pkl,data/processed/landmarks/include/TRAIN/7e90a5bd3e22.npz,57,0.0,0.0,0.6842,1.0,,train
f3083cf5df5a,TRAIN,include,video,,include:clip:f3083cf5df5a,data/external/include_pose/INCLUDE/Pose_Signs/Means_of_Transportation/9. Train/MVI_8579.pkl,data/processed/landmarks/include/TRAIN/f3083cf5df5a.npz,69,0.0,0.0,0.5362,1.0,,train
879cf2a84cc5,BICYCLE,include,video,,include:clip:879cf2a84cc5,data/external/include_pose/INCLUDE/Pose_Signs/Means_of_Transportation/13. Bicycle/MVI_3125.pkl,data/processed/landmarks/include/BICYCLE/879cf2a84cc5.npz,82,0.0,0.0,0.8659,1.0,,train
e5cae548e415,BICYCLE,include,video,,include:clip:e5cae548e415,data/external/include_pose/INCLUDE/Pose_Signs/Means_of_Transportation/13. Bicycle/MVI_8588.pkl,data/processed/landmarks/include/BICYCLE/e5cae548e415.npz,62,0.0,0.0,0.8226,1.0,,train
17dd900a0c79,BICYCLE,include,video,,include:clip:17dd900a0c79,data/external/include_pose/INCLUDE/Pose_Signs/Means_of_Transportation/13. Bicycle/MVI_3244.pkl,data/processed/landmarks/include/BICYCLE/17dd900a0c79.npz,74,0.0,0.0,0.9324,1.0,,train
3e1e39e7a1a0,BICYCLE,include,video,,include:clip:3e1e39e7a1a0,data/external/include_pose/INCLUDE/Pose_Signs/Means_of_Transportation/13. Bicycle/MVI_3245.pkl,data/processed/landmarks/include/BICYCLE/3e1e39e7a1a0.npz,78,0.0,0.0,0.9744,1.0,,train
e2b4003e441a,BICYCLE,include,video,,include:clip:e2b4003e441a,data/external/include_pose/INCLUDE/Pose_Signs/Means_of_Transportation/13. Bicycle/MVI_3152.pkl,data/processed/landmarks/include/BICYCLE/e2b4003e441a.npz,97,0.0,0.0,0.8144,1.0,,train
4a325820ef97,BICYCLE,include,video,,include:clip:4a325820ef97,data/external/include_pose/INCLUDE/Pose_Signs/Means_of_Transportation/13. Bicycle/MVI_3151.pkl,data/processed/landmarks/include/BICYCLE/4a325820ef97.npz,88,0.0,0.0,0.6023,1.0,,train
bdcabf4d3154,BICYCLE,include,video,,include:clip:bdcabf4d3154,data/external/include_pose/INCLUDE/Pose_Signs/Means_of_Transportation/13. Bicycle/MVI_3183.pkl,data/processed/landmarks/include/BICYCLE/bdcabf4d3154.npz,74,0.0,0.0,0.9865,1.0,,train
3e79cd230e2d,BICYCLE,include,video,,include:clip:3e79cd230e2d,data/external/include_pose/INCLUDE/Pose_Signs/Means_of_Transportation/13. Bicycle/MVI_3182.pkl,data/processed/landmarks/include/BICYCLE/3e79cd230e2d.npz,82,0.0,0.0,0.9878,1.0,,train
8f0b3e9ff711,BICYCLE,include,video,,include:clip:8f0b3e9ff711,data/external/include_pose/INCLUDE/Pose_Signs/Means_of_Transportation/13. Bicycle/MVI_3181.pkl,data/processed/landmarks/include/BICYCLE/8f0b3e9ff711.npz,95,0.0,0.0,0.9579,1.0,,train
1aa3ad875d49,BICYCLE,include,video,,include:clip:1aa3ad875d49,data/external/include_pose/INCLUDE/Pose_Signs/Means_of_Transportation/13. Bicycle/MVI_4184.pkl,data/processed/landmarks/include/BICYCLE/1aa3ad875d49.npz,65,0.0,0.0,0.9538,1.0,,train
6d31a5409ed7,BICYCLE,include,video,,include:clip:6d31a5409ed7,data/external/include_pose/INCLUDE/Pose_Signs/Means_of_Transportation/13. Bicycle/MVI_3217.pkl,data/processed/landmarks/include/BICYCLE/6d31a5409ed7.npz,86,0.0,0.0,0.9651,1.0,,train
ba8bb09c728d,BICYCLE,include,video,,include:clip:ba8bb09c728d,data/external/include_pose/INCLUDE/Pose_Signs/Means_of_Transportation/13. Bicycle/MVI_4182.pkl,data/processed/landmarks/include/BICYCLE/ba8bb09c728d.npz,64,0.0,0.0,0.9688,1.0,,train
454e69287387,BICYCLE,include,video,,include:clip:454e69287387,data/external/include_pose/INCLUDE/Pose_Signs/Means_of_Transportation/13. Bicycle/MVI_3216.pkl,data/processed/landmarks/include/BICYCLE/454e69287387.npz,77,0.0,0.0,0.961,1.0,,train
3978a60949a8,BICYCLE,include,video,,include:clip:3978a60949a8,data/external/include_pose/INCLUDE/Pose_Signs/Means_of_Transportation/13. Bicycle/MVI_8587.pkl,data/processed/landmarks/include/BICYCLE/3978a60949a8.npz,73,0.0,0.0,0.7945,1.0,,train
a5617fc71d67,TRANSPORTATION,include,video,,include:clip:a5617fc71d67,data/external/include_pose/INCLUDE/Pose_Signs/Means_of_Transportation/17. Transportation/MVI_3137.pkl,data/processed/landmarks/include/TRANSPORTATION/a5617fc71d67.npz,93,0.0,0.0,0.9247,1.0,,train
7c16ca8eb2d3,TRANSPORTATION,include,video,,include:clip:7c16ca8eb2d3,data/external/include_pose/INCLUDE/Pose_Signs/Means_of_Transportation/17. Transportation/MVI_3136.pkl,data/processed/landmarks/include/TRANSPORTATION/7c16ca8eb2d3.npz,104,0.0,0.0,0.9135,1.0,,train
d28b461dfb7f,TRANSPORTATION,include,video,,include:clip:d28b461dfb7f,data/external/include_pose/INCLUDE/Pose_Signs/Means_of_Transportation/17. Transportation/MVI_8598.pkl,data/processed/landmarks/include/TRANSPORTATION/d28b461dfb7f.npz,67,0.0,0.0,0.8358,1.0,,train
71dfc8c95516,TRANSPORTATION,include,video,,include:clip:71dfc8c95516,data/external/include_pose/INCLUDE/Pose_Signs/Means_of_Transportation/17. Transportation/MVI_3256.pkl,data/processed/landmarks/include/TRANSPORTATION/71dfc8c95516.npz,91,0.0,0.0,0.967,1.0,,train
f242d003f783,TRANSPORTATION,include,video,,include:clip:f242d003f783,data/external/include_pose/INCLUDE/Pose_Signs/Means_of_Transportation/17. Transportation/MVI_3257.pkl,data/processed/landmarks/include/TRANSPORTATION/f242d003f783.npz,78,0.0,0.0,0.9615,1.0,,train
56355aa6333d,TRANSPORTATION,include,video,,include:clip:56355aa6333d,data/external/include_pose/INCLUDE/Pose_Signs/Means_of_Transportation/17. Transportation/MVI_3167.pkl,data/processed/landmarks/include/TRANSPORTATION/56355aa6333d.npz,71,0.0,0.0,0.6901,1.0,,train
f4eeb0de9635,TRANSPORTATION,include,video,,include:clip:f4eeb0de9635,data/external/include_pose/INCLUDE/Pose_Signs/Means_of_Transportation/17. Transportation/MVI_3198.pkl,data/processed/landmarks/include/TRANSPORTATION/f4eeb0de9635.npz,89,0.0,0.0,1.0,1.0,,train
7ed6e2ae63f4,TRANSPORTATION,include,video,,include:clip:7ed6e2ae63f4,data/external/include_pose/INCLUDE/Pose_Signs/Means_of_Transportation/17. Transportation/MVI_3166.pkl,data/processed/landmarks/include/TRANSPORTATION/7ed6e2ae63f4.npz,90,0.0,0.0,0.7778,1.0,,train
b91f261b1d41,TRANSPORTATION,include,video,,include:clip:b91f261b1d41,data/external/include_pose/INCLUDE/Pose_Signs/Means_of_Transportation/17. Transportation/MVI_4196.pkl,data/processed/landmarks/include/TRANSPORTATION/b91f261b1d41.npz,52,0.0,0.0,0.9808,1.0,,train
b15d3d0d25c8,TRANSPORTATION,include,video,,include:clip:b15d3d0d25c8,data/external/include_pose/INCLUDE/Pose_Signs/Means_of_Transportation/17. Transportation/MVI_3228.pkl,data/processed/landmarks/include/TRANSPORTATION/b15d3d0d25c8.npz,73,0.0,0.0,0.9863,1.0,,train
ed0f24e7d9a9,TRANSPORTATION,include,video,,include:clip:ed0f24e7d9a9,data/external/include_pose/INCLUDE/Pose_Signs/Means_of_Transportation/17. Transportation/MVI_3200.pkl,data/processed/landmarks/include/TRANSPORTATION/ed0f24e7d9a9.npz,92,0.0,0.0,0.9674,1.0,,train
a3321c2e87f1,TRANSPORTATION,include,video,,include:clip:a3321c2e87f1,data/external/include_pose/INCLUDE/Pose_Signs/Means_of_Transportation/17. Transportation/MVI_4194.pkl,data/processed/landmarks/include/TRANSPORTATION/a3321c2e87f1.npz,65,0.0,0.0,0.9846,1.0,,train
8d8b02a068a1,TRANSPORTATION,include,video,,include:clip:8d8b02a068a1,data/external/include_pose/INCLUDE/Pose_Signs/Means_of_Transportation/17. Transportation/MVI_4195.pkl,data/processed/landmarks/include/TRANSPORTATION/8d8b02a068a1.npz,65,0.0,0.0,0.9846,1.0,,train
d22a8cd1e286,TRANSPORTATION,include,video,,include:clip:d22a8cd1e286,data/external/include_pose/INCLUDE/Pose_Signs/Means_of_Transportation/17. Transportation/MVI_3229.pkl,data/processed/landmarks/include/TRANSPORTATION/d22a8cd1e286.npz,69,0.0,0.0,0.9855,1.0,,train
be8f86559b7c,BUS,include,video,,include:clip:be8f86559b7c,data/external/include_pose/INCLUDE/Pose_Signs/Means_of_Transportation/14. Bus/MVI_3247.pkl,data/processed/landmarks/include/BUS/be8f86559b7c.npz,67,0.0,0.0,0.8507,1.0,,train
49945e365b96,BUS,include,video,,include:clip:49945e365b96,data/external/include_pose/INCLUDE/Pose_Signs/Means_of_Transportation/14. Bus/MVI_3126.pkl,data/processed/landmarks/include/BUS/49945e365b96.npz,97,0.0,0.0,0.8763,1.0,,train
a04cacef8164,BUS,include,video,,include:clip:a04cacef8164,data/external/include_pose/INCLUDE/Pose_Signs/Means_of_Transportation/14. Bus/MVI_3127.pkl,data/processed/landmarks/include/BUS/a04cacef8164.npz,88,0.0,0.0,0.8864,1.0,,train
72de04da0cc2,BUS,include,video,,include:clip:72de04da0cc2,data/external/include_pose/INCLUDE/Pose_Signs/Means_of_Transportation/14. Bus/MVI_8589.pkl,data/processed/landmarks/include/BUS/72de04da0cc2.npz,87,0.0,0.0,0.7471,1.0,,train
4fe0783bf772,BUS,include,video,,include:clip:4fe0783bf772,data/external/include_pose/INCLUDE/Pose_Signs/Means_of_Transportation/14. Bus/MVI_3218.pkl,data/processed/landmarks/include/BUS/4fe0783bf772.npz,92,0.0,0.0,0.9348,1.0,,train
bbbf4ceae4d2,BUS,include,video,,include:clip:bbbf4ceae4d2,data/external/include_pose/INCLUDE/Pose_Signs/Means_of_Transportation/14. Bus/MVI_3184.pkl,data/processed/landmarks/include/BUS/bbbf4ceae4d2.npz,83,0.0,0.0,0.9398,1.0,,train
0c817ed4762e,BUS,include,video,,include:clip:0c817ed4762e,data/external/include_pose/INCLUDE/Pose_Signs/Means_of_Transportation/14. Bus/MVI_3155.pkl,data/processed/landmarks/include/BUS/0c817ed4762e.npz,93,0.0,0.0,0.7742,1.0,,train
52ba980276dd,BUS,include,video,,include:clip:52ba980276dd,data/external/include_pose/INCLUDE/Pose_Signs/Means_of_Transportation/14. Bus/MVI_3157.pkl,data/processed/landmarks/include/BUS/52ba980276dd.npz,84,0.0,0.0,0.7381,1.0,,train
59d6316cde46,BUS,include,video,,include:clip:59d6316cde46,data/external/include_pose/INCLUDE/Pose_Signs/Means_of_Transportation/14. Bus/MVI_3220.pkl,data/processed/landmarks/include/BUS/59d6316cde46.npz,86,0.0,0.0,0.9302,1.0,,train
69f09e3abcac,BUS,include,video,,include:clip:69f09e3abcac,data/external/include_pose/INCLUDE/Pose_Signs/Means_of_Transportation/14. Bus/MVI_4185.pkl,data/processed/landmarks/include/BUS/69f09e3abcac.npz,75,0.0,0.0,0.96,1.0,,train
0615d9fc4316,BUS,include,video,,include:clip:0615d9fc4316,data/external/include_pose/INCLUDE/Pose_Signs/Means_of_Transportation/14. Bus/MVI_4186.pkl,data/processed/landmarks/include/BUS/0615d9fc4316.npz,75,0.0,0.0,0.9333,1.0,,train
f4b04f306341,BUS,include,video,,include:clip:f4b04f306341,data/external/include_pose/INCLUDE/Pose_Signs/Means_of_Transportation/14. Bus/MVI_4187.pkl,data/processed/landmarks/include/BUS/f4b04f306341.npz,61,0.0,0.0,0.918,1.0,,train
ef08dcf6951e,BUS,include,video,,include:clip:ef08dcf6951e,data/external/include_pose/INCLUDE/Pose_Signs/Means_of_Transportation/14. Bus/MVI_8590.pkl,data/processed/landmarks/include/BUS/ef08dcf6951e.npz,79,0.0,0.0,0.7848,1.0,,train
d2e5fd3e8833,BUS,include,video,,include:clip:d2e5fd3e8833,data/external/include_pose/INCLUDE/Pose_Signs/Means_of_Transportation/14. Bus/MVI_3128.pkl,data/processed/landmarks/include/BUS/d2e5fd3e8833.npz,90,0.0,0.0,0.8667,1.0,,train
30ad9c5bb489,TRAIN_TICKET,include,video,,include:clip:30ad9c5bb489,data/external/include_pose/INCLUDE/Pose_Signs/Means_of_Transportation/16. train ticket/MVI_3133.pkl,data/processed/landmarks/include/TRAIN_TICKET/30ad9c5bb489.npz,102,0.0,0.0,0.951,1.0,,train
be7d9e0ff676,TRAIN_TICKET,include,video,,include:clip:be7d9e0ff676,data/external/include_pose/INCLUDE/Pose_Signs/Means_of_Transportation/16. train ticket/MVI_3255.pkl,data/processed/landmarks/include/TRAIN_TICKET/be7d9e0ff676.npz,81,0.0,0.0,0.9753,1.0,,train
8956cd03703e,TRAIN_TICKET,include,video,,include:clip:8956cd03703e,data/external/include_pose/INCLUDE/Pose_Signs/Means_of_Transportation/16. train ticket/MVI_3254.pkl,data/processed/landmarks/include/TRAIN_TICKET/8956cd03703e.npz,75,0.0,0.0,0.9333,1.0,,train
7afc0c2d5dba,TRAIN_TICKET,include,video,,include:clip:7afc0c2d5dba,data/external/include_pose/INCLUDE/Pose_Signs/Means_of_Transportation/16. train ticket/MVI_3134.pkl,data/processed/landmarks/include/TRAIN_TICKET/7afc0c2d5dba.npz,99,0.0,0.0,0.9293,1.0,,train
fe6fbed0e64e,TRAIN_TICKET,include,video,,include:clip:fe6fbed0e64e,data/external/include_pose/INCLUDE/Pose_Signs/Means_of_Transportation/16. train ticket/MVI_3225.pkl,data/processed/landmarks/include/TRAIN_TICKET/fe6fbed0e64e.npz,98,0.0,0.0,0.9796,1.0,,train
06b51fa38ec1,TRAIN_TICKET,include,video,,include:clip:06b51fa38ec1,data/external/include_pose/INCLUDE/Pose_Signs/Means_of_Transportation/16. train ticket/MVI_3226.pkl,data/processed/landmarks/include/TRAIN_TICKET/06b51fa38ec1.npz,81,0.0,0.0,0.9877,1.0,,train
fe77ec29efd1,TRAIN_TICKET,include,video,,include:clip:fe77ec29efd1,data/external/include_pose/INCLUDE/Pose_Signs/Means_of_Transportation/16. train ticket/MVI_3196.pkl,data/processed/landmarks/include/TRAIN_TICKET/fe77ec29efd1.npz,102,0.0,0.0,0.9804,1.0,,train
d958714ad68e,TRAIN_TICKET,include,video,,include:clip:d958714ad68e,data/external/include_pose/INCLUDE/Pose_Signs/Means_of_Transportation/16. train ticket/MVI_3194.pkl,data/processed/landmarks/include/TRAIN_TICKET/d958714ad68e.npz,99,0.0,0.0,0.9697,1.0,,train
370bdc0751a6,TRAIN_TICKET,include,video,,include:clip:370bdc0751a6,data/external/include_pose/INCLUDE/Pose_Signs/Means_of_Transportation/16. train ticket/MVI_3195.pkl,data/processed/landmarks/include/TRAIN_TICKET/370bdc0751a6.npz,100,0.0,0.0,0.96,1.0,,train
c47d20d2fb99,TRAIN_TICKET,include,video,,include:clip:c47d20d2fb99,data/external/include_pose/INCLUDE/Pose_Signs/Means_of_Transportation/16. train ticket/MVI_4191.pkl,data/processed/landmarks/include/TRAIN_TICKET/c47d20d2fb99.npz,77,0.0,0.0,0.9481,1.0,,train
45c6e2c9f530,TRAIN_TICKET,include,video,,include:clip:45c6e2c9f530,data/external/include_pose/INCLUDE/Pose_Signs/Means_of_Transportation/16. train ticket/MVI_3164.pkl,data/processed/landmarks/include/TRAIN_TICKET/45c6e2c9f530.npz,111,0.0,0.0,0.8468,1.0,,train
13f6f3e291e4,TRAIN_TICKET,include,video,,include:clip:13f6f3e291e4,data/external/include_pose/INCLUDE/Pose_Signs/Means_of_Transportation/16. train ticket/MVI_4193.pkl,data/processed/landmarks/include/TRAIN_TICKET/13f6f3e291e4.npz,76,0.0,0.0,0.9737,1.0,,train
ba260433da16,TRAIN_TICKET,include,video,,include:clip:ba260433da16,data/external/include_pose/INCLUDE/Pose_Signs/Means_of_Transportation/16. train ticket/MVI_3162.pkl,data/processed/landmarks/include/TRAIN_TICKET/ba260433da16.npz,85,0.0,0.0,0.8,1.0,,train
db3d40a55df5,TRAIN_TICKET,include,video,,include:clip:db3d40a55df5,data/external/include_pose/INCLUDE/Pose_Signs/Means_of_Transportation/16. train ticket/MVI_3163.pkl,data/processed/landmarks/include/TRAIN_TICKET/db3d40a55df5.npz,88,0.0,0.0,0.8409,1.0,,train
c89ad745e2f0,CAR,include,video,,include:clip:c89ad745e2f0,data/external/include_pose/INCLUDE/Pose_Signs/Means_of_Transportation/11. Car/MVI_3118.pkl,data/processed/landmarks/include/CAR/c89ad745e2f0.npz,117,0.0,0.0,0.9145,1.0,,train
006785414fa1,CAR,include,video,,include:clip:006785414fa1,data/external/include_pose/INCLUDE/Pose_Signs/Means_of_Transportation/11. Car/MVI_3240.pkl,data/processed/landmarks/include/CAR/006785414fa1.npz,97,0.0,0.0,0.9588,1.0,,train
42748e167137,CAR,include,video,,include:clip:42748e167137,data/external/include_pose/INCLUDE/Pose_Signs/Means_of_Transportation/11. Car/MVI_3147.pkl,data/processed/landmarks/include/CAR/42748e167137.npz,154,0.0,0.0,0.7922,1.0,,train
151223754ebf,CAR,include,video,,include:clip:151223754ebf,data/external/include_pose/INCLUDE/Pose_Signs/Means_of_Transportation/11. Car/MVI_3145.pkl,data/processed/landmarks/include/CAR/151223754ebf.npz,138,0.0,0.0,0.8913,1.0,,train
cec7f5fa118f,CAR,include,video,,include:clip:cec7f5fa118f,data/external/include_pose/INCLUDE/Pose_Signs/Means_of_Transportation/11. Car/MVI_3209.pkl,data/processed/landmarks/include/CAR/cec7f5fa118f.npz,111,0.0,0.0,0.973,1.0,,train
7e1d8502ff16,CAR,include,video,,include:clip:7e1d8502ff16,data/external/include_pose/INCLUDE/Pose_Signs/Means_of_Transportation/11. Car/MVI_3239.pkl,data/processed/landmarks/include/CAR/7e1d8502ff16.npz,108,0.0,0.0,0.9352,1.0,,train
c01422d0232e,CAR,include,video,,include:clip:c01422d0232e,data/external/include_pose/INCLUDE/Pose_Signs/Means_of_Transportation/11. Car/MVI_3238.pkl,data/processed/landmarks/include/CAR/c01422d0232e.npz,104,0.0,0.0,0.9808,1.0,,train
9fdd1d73fa52,CAR,include,video,,include:clip:9fdd1d73fa52,data/external/include_pose/INCLUDE/Pose_Signs/Means_of_Transportation/11. Car/MVI_3210.pkl,data/processed/landmarks/include/CAR/9fdd1d73fa52.npz,99,0.0,0.0,0.9697,1.0,,train
58d8787748ad,CAR,include,video,,include:clip:58d8787748ad,data/external/include_pose/INCLUDE/Pose_Signs/Means_of_Transportation/11. Car/MVI_4178.pkl,data/processed/landmarks/include/CAR/58d8787748ad.npz,77,0.0,0.0,0.974,1.0,,train
d05c79ff0381,CAR,include,video,,include:clip:d05c79ff0381,data/external/include_pose/INCLUDE/Pose_Signs/Means_of_Transportation/11. Car/MVI_3175.pkl,data/processed/landmarks/include/CAR/d05c79ff0381.npz,96,0.0,0.0,0.9479,1.0,,train
ed6abc5a620f,CAR,include,video,,include:clip:ed6abc5a620f,data/external/include_pose/INCLUDE/Pose_Signs/Means_of_Transportation/11. Car/MVI_3174.pkl,data/processed/landmarks/include/CAR/ed6abc5a620f.npz,97,0.0,0.0,0.9485,1.0,,train
353c5b02874a,CAR,include,video,,include:clip:353c5b02874a,data/external/include_pose/INCLUDE/Pose_Signs/Means_of_Transportation/11. Car/MVI_8583.pkl,data/processed/landmarks/include/CAR/353c5b02874a.npz,92,0.0,0.0,0.5,1.0,,train
6fd420e0e65c,CAR,include,video,,include:clip:6fd420e0e65c,data/external/include_pose/INCLUDE/Pose_Signs/Means_of_Transportation/11. Car/MVI_3116.pkl,data/processed/landmarks/include/CAR/6fd420e0e65c.npz,106,0.0,0.0,0.8585,1.0,,train
d4bb62c2f926,CAR,include,video,,include:clip:d4bb62c2f926,data/external/include_pose/INCLUDE/Pose_Signs/Means_of_Transportation/11. Car/MVI_3117.pkl,data/processed/landmarks/include/CAR/d4bb62c2f926.npz,98,0.0,0.0,0.949,1.0,,train
cf53414c0b56,BOAT,include,video,,include:clip:cf53414c0b56,data/external/include_pose/INCLUDE/Pose_Signs/Means_of_Transportation/15. Boat/MVI_3131.pkl,data/processed/landmarks/include/BOAT/cf53414c0b56.npz,117,0.0,0.0,0.7692,1.0,,train
ab498cc4bc66,BOAT,include,video,,include:clip:ab498cc4bc66,data/external/include_pose/INCLUDE/Pose_Signs/Means_of_Transportation/15. Boat/MVI_3252.pkl,data/processed/landmarks/include/BOAT/ab498cc4bc66.npz,95,0.0,0.0,0.9053,1.0,,train
c485919d16ce,BOAT,include,video,,include:clip:c485919d16ce,data/external/include_pose/INCLUDE/Pose_Signs/Means_of_Transportation/15. Boat/MVI_3191.pkl,data/processed/landmarks/include/BOAT/c485919d16ce.npz,111,0.0,0.0,0.9459,1.0,,train
6a8354d02a19,BOAT,include,video,,include:clip:6a8354d02a19,data/external/include_pose/INCLUDE/Pose_Signs/Means_of_Transportation/15. Boat/MVI_3190.pkl,data/processed/landmarks/include/BOAT/6a8354d02a19.npz,101,0.0,0.0,0.9109,1.0,,train
ad77af2c7131,BOAT,include,video,,include:clip:ad77af2c7131,data/external/include_pose/INCLUDE/Pose_Signs/Means_of_Transportation/15. Boat/MVI_3187.pkl,data/processed/landmarks/include/BOAT/ad77af2c7131.npz,115,0.0,0.0,0.9391,1.0,,train
4e7cb9a8e982,BOAT,include,video,,include:clip:4e7cb9a8e982,data/external/include_pose/INCLUDE/Pose_Signs/Means_of_Transportation/15. Boat/MVI_3222.pkl,data/processed/landmarks/include/BOAT/4e7cb9a8e982.npz,118,0.0,0.0,0.8305,1.0,,train
a24d6a5f5849,BOAT,include,video,,include:clip:a24d6a5f5849,data/external/include_pose/INCLUDE/Pose_Signs/Means_of_Transportation/15. Boat/MVI_3223.pkl,data/processed/landmarks/include/BOAT/a24d6a5f5849.npz,112,0.0,0.0,0.8304,1.0,,train
01b4579e993d,BOAT,include,video,,include:clip:01b4579e993d,data/external/include_pose/INCLUDE/Pose_Signs/Means_of_Transportation/15. Boat/MVI_3221.pkl,data/processed/landmarks/include/BOAT/01b4579e993d.npz,123,0.0,0.0,0.9106,1.0,,train
d5d763d53c57,BOAT,include,video,,include:clip:d5d763d53c57,data/external/include_pose/INCLUDE/Pose_Signs/Means_of_Transportation/15. Boat/MVI_4189.pkl,data/processed/landmarks/include/BOAT/d5d763d53c57.npz,79,0.0,0.0,0.9494,1.0,,train
5495efeaa565,BOAT,include,video,,include:clip:5495efeaa565,data/external/include_pose/INCLUDE/Pose_Signs/Means_of_Transportation/15. Boat/MVI_4188.pkl,data/processed/landmarks/include/BOAT/5495efeaa565.npz,95,0.0,0.0,0.9684,1.0,,train
b6cb94faa11c,BOAT,include,video,,include:clip:b6cb94faa11c,data/external/include_pose/INCLUDE/Pose_Signs/Means_of_Transportation/15. Boat/MVI_3189.pkl,data/processed/landmarks/include/BOAT/b6cb94faa11c.npz,96,0.0,0.0,0.9583,1.0,,train
3076fafc4133,BOAT,include,video,,include:clip:3076fafc4133,data/external/include_pose/INCLUDE/Pose_Signs/Means_of_Transportation/15. Boat/MVI_8595.pkl,data/processed/landmarks/include/BOAT/3076fafc4133.npz,98,0.0,0.0,0.8265,1.0,,train
fbba54675796,BOAT,include,video,,include:clip:fbba54675796,data/external/include_pose/INCLUDE/Pose_Signs/Means_of_Transportation/15. Boat/MVI_8594.pkl,data/processed/landmarks/include/BOAT/fbba54675796.npz,95,0.0,0.0,0.7158,1.0,,train
7b5c0737cc65,BOAT,include,video,,include:clip:7b5c0737cc65,data/external/include_pose/INCLUDE/Pose_Signs/Means_of_Transportation/15. Boat/MVI_3129.pkl,data/processed/landmarks/include/BOAT/7b5c0737cc65.npz,112,0.0,0.0,0.75,1.0,,train
50f63bb12e98,KITCHEN,include,video,,include:clip:50f63bb12e98,data/external/include_pose/INCLUDE/Pose_Signs/Home/31. Kitchen/MVI_4897.pkl,data/processed/landmarks/include/KITCHEN/50f63bb12e98.npz,61,0.0,0.0,0.9672,1.0,,train
c41b8c607f10,KITCHEN,include,video,,include:clip:c41b8c607f10,data/external/include_pose/INCLUDE/Pose_Signs/Home/31. Kitchen/MVI_4377.pkl,data/processed/landmarks/include/KITCHEN/c41b8c607f10.npz,70,0.0,0.0,1.0,1.0,,train
f747e2f9f19f,KITCHEN,include,video,,include:clip:f747e2f9f19f,data/external/include_pose/INCLUDE/Pose_Signs/Home/31. Kitchen/MVI_9022.pkl,data/processed/landmarks/include/KITCHEN/f747e2f9f19f.npz,78,0.0,0.0,1.0,1.0,,train
7e03623f8eaa,KITCHEN,include,video,,include:clip:7e03623f8eaa,data/external/include_pose/INCLUDE/Pose_Signs/Home/31. Kitchen/MVI_4375.pkl,data/processed/landmarks/include/KITCHEN/7e03623f8eaa.npz,72,0.0,0.0,0.9722,1.0,,train
8c48349b062b,KITCHEN,include,video,,include:clip:8c48349b062b,data/external/include_pose/INCLUDE/Pose_Signs/Home/31. Kitchen/MVI_8780.pkl,data/processed/landmarks/include/KITCHEN/8c48349b062b.npz,75,0.0,0.0,0.6667,1.0,,train
3ab1199252c2,KITCHEN,include,video,,include:clip:3ab1199252c2,data/external/include_pose/INCLUDE/Pose_Signs/Home/31. Kitchen/MVI_8781.pkl,data/processed/landmarks/include/KITCHEN/3ab1199252c2.npz,82,0.0,0.0,0.7439,1.0,,train
01eb6af8e31b,KITCHEN,include,video,,include:clip:01eb6af8e31b,data/external/include_pose/INCLUDE/Pose_Signs/Home/31. Kitchen/MVI_4898.pkl,data/processed/landmarks/include/KITCHEN/01eb6af8e31b.npz,61,0.0,0.0,0.9344,1.0,,train
18543720e601,KITCHEN,include,video,,include:clip:18543720e601,data/external/include_pose/INCLUDE/Pose_Signs/Home/31. Kitchen/MVI_8779.pkl,data/processed/landmarks/include/KITCHEN/18543720e601.npz,71,0.0,0.0,0.7042,1.0,,train
82f1f10acd90,KITCHEN,include,video,,include:clip:82f1f10acd90,data/external/include_pose/INCLUDE/Pose_Signs/Home/31. Kitchen/MVI_8778.pkl,data/processed/landmarks/include/KITCHEN/82f1f10acd90.npz,69,0.0,0.0,0.5942,1.0,,train
bbef5e7f4a94,TABLE,include,video,,include:clip:bbef5e7f4a94,data/external/include_pose/INCLUDE/Pose_Signs/Home/24. Table/MVI_4869.pkl,data/processed/landmarks/include/TABLE/bbef5e7f4a94.npz,47,0.0,0.0,0.9149,1.0,,train
ef7f9d56ddb7,TABLE,include,video,,include:clip:ef7f9d56ddb7,data/external/include_pose/INCLUDE/Pose_Signs/Home/24. Table/MVI_4345.pkl,data/processed/landmarks/include/TABLE/ef7f9d56ddb7.npz,50,0.0,0.0,0.98,1.0,,train
062d332e13b7,TABLE,include,video,,include:clip:062d332e13b7,data/external/include_pose/INCLUDE/Pose_Signs/Home/24. Table/MVI_9001.pkl,data/processed/landmarks/include/TABLE/062d332e13b7.npz,63,0.0,0.0,0.9206,1.0,,train
c24859ce96f3,TABLE,include,video,,include:clip:c24859ce96f3,data/external/include_pose/INCLUDE/Pose_Signs/Home/24. Table/MVI_9003.pkl,data/processed/landmarks/include/TABLE/c24859ce96f3.npz,64,0.0,0.0,0.9062,1.0,,train
b26b4c191203,TABLE,include,video,,include:clip:b26b4c191203,data/external/include_pose/INCLUDE/Pose_Signs/Home/24. Table/MVI_9002.pkl,data/processed/landmarks/include/TABLE/b26b4c191203.npz,64,0.0,0.0,0.9219,1.0,,train
f2fd4ae45a42,TABLE,include,video,,include:clip:f2fd4ae45a42,data/external/include_pose/INCLUDE/Pose_Signs/Home/24. Table/MVI_4870.pkl,data/processed/landmarks/include/TABLE/f2fd4ae45a42.npz,55,0.0,0.0,0.9091,1.0,,train
eedf0bfc420d,TABLE,include,video,,include:clip:eedf0bfc420d,data/external/include_pose/INCLUDE/Pose_Signs/Home/24. Table/MVI_4871.pkl,data/processed/landmarks/include/TABLE/eedf0bfc420d.npz,50,0.0,0.0,0.88,1.0,,train
d42fc3b0f125,BOOK,include,video,,include:clip:d42fc3b0f125,data/external/include_pose/INCLUDE/Pose_Signs/Home/37. Book/MVI_4919.pkl,data/processed/landmarks/include/BOOK/d42fc3b0f125.npz,59,0.0,0.0,0.7797,1.0,,train
cbf7b589f4b0,BOOK,include,video,,include:clip:cbf7b589f4b0,data/external/include_pose/INCLUDE/Pose_Signs/Home/37. Book/MVI_9043.pkl,data/processed/landmarks/include/BOOK/cbf7b589f4b0.npz,67,0.0,0.0,0.8806,1.0,,train
f3108e52bd2a,BOOK,include,video,,include:clip:f3108e52bd2a,data/external/include_pose/INCLUDE/Pose_Signs/Home/37. Book/MVI_9041.pkl,data/processed/landmarks/include/BOOK/f3108e52bd2a.npz,65,0.0,0.0,0.9077,1.0,,train
a4181068c3bc,BOOK,include,video,,include:clip:a4181068c3bc,data/external/include_pose/INCLUDE/Pose_Signs/Home/37. Book/MVI_4400.pkl,data/processed/landmarks/include/BOOK/a4181068c3bc.npz,67,0.0,0.0,0.9552,1.0,,train
1a8bd1c6a8a3,BOOK,include,video,,include:clip:1a8bd1c6a8a3,data/external/include_pose/INCLUDE/Pose_Signs/Home/37. Book/MVI_4401.pkl,data/processed/landmarks/include/BOOK/1a8bd1c6a8a3.npz,57,0.0,0.0,0.8246,1.0,,train
ef1d3c412094,BOOK,include,video,,include:clip:ef1d3c412094,data/external/include_pose/INCLUDE/Pose_Signs/Home/37. Book/MVI_8804.pkl,data/processed/landmarks/include/BOOK/ef1d3c412094.npz,68,0.0,0.0,0.5735,1.0,,train
2bd38528464a,BOOK,include,video,,include:clip:2bd38528464a,data/external/include_pose/INCLUDE/Pose_Signs/Home/37. Book/MVI_8807.pkl,data/processed/landmarks/include/BOOK/2bd38528464a.npz,68,0.0,0.0,0.75,1.0,,train
c30b088493be,BOOK,include,video,,include:clip:c30b088493be,data/external/include_pose/INCLUDE/Pose_Signs/Home/37. Book/MVI_8806.pkl,data/processed/landmarks/include/BOOK/c30b088493be.npz,70,0.0,0.0,0.5286,1.0,,train
9f8466fe38ac,BOOK,include,video,,include:clip:9f8466fe38ac,data/external/include_pose/INCLUDE/Pose_Signs/Home/37. Book/MVI_4915.pkl,data/processed/landmarks/include/BOOK/9f8466fe38ac.npz,50,0.0,0.0,0.88,1.0,,train
6075588f7e21,PAGE,include,video,,include:clip:6075588f7e21,data/external/include_pose/INCLUDE/Pose_Signs/Home/38. Page/MVI_9045.pkl,data/processed/landmarks/include/PAGE/6075588f7e21.npz,101,0.0,0.0,0.9109,1.0,,train
18fed6e299ec,PAGE,include,video,,include:clip:18fed6e299ec,data/external/include_pose/INCLUDE/Pose_Signs/Home/38. Page/MVI_9046.pkl,data/processed/landmarks/include/PAGE/18fed6e299ec.npz,85,0.0,0.0,0.8706,1.0,,train
caaecaa31de3,PAGE,include,video,,include:clip:caaecaa31de3,data/external/include_pose/INCLUDE/Pose_Signs/Home/38. Page/MVI_4920.pkl,data/processed/landmarks/include/PAGE/caaecaa31de3.npz,66,0.0,0.0,0.7576,1.0,,train
c8770f33660b,PAGE,include,video,,include:clip:c8770f33660b,data/external/include_pose/INCLUDE/Pose_Signs/Home/38. Page/MVI_8809.pkl,data/processed/landmarks/include/PAGE/c8770f33660b.npz,107,0.0,0.0,0.8505,1.0,,train
8e77b0f1a621,PAGE,include,video,,include:clip:8e77b0f1a621,data/external/include_pose/INCLUDE/Pose_Signs/Home/38. Page/MVI_4921.pkl,data/processed/landmarks/include/PAGE/8e77b0f1a621.npz,64,0.0,0.0,0.8125,1.0,,train
87e9f37acdfe,PAGE,include,video,,include:clip:87e9f37acdfe,data/external/include_pose/INCLUDE/Pose_Signs/Home/38. Page/MVI_4405.pkl,data/processed/landmarks/include/PAGE/87e9f37acdfe.npz,71,0.0,0.0,0.9859,1.0,,train
783c062ed05e,PAGE,include,video,,include:clip:783c062ed05e,data/external/include_pose/INCLUDE/Pose_Signs/Home/38. Page/MVI_4407.pkl,data/processed/landmarks/include/PAGE/783c062ed05e.npz,74,0.0,0.0,1.0,1.0,,train
671bff3d4e34,PAGE,include,video,,include:clip:671bff3d4e34,data/external/include_pose/INCLUDE/Pose_Signs/Home/38. Page/MVI_8810.pkl,data/processed/landmarks/include/PAGE/671bff3d4e34.npz,110,0.0,0.0,0.9,1.0,,train
443212d47799,PAGE,include,video,,include:clip:443212d47799,data/external/include_pose/INCLUDE/Pose_Signs/Home/38. Page/MVI_8811.pkl,data/processed/landmarks/include/PAGE/443212d47799.npz,105,0.0,0.0,0.8095,1.0,,train
f0c762258b97,LOCK,include,video,,include:clip:f0c762258b97,data/external/include_pose/INCLUDE/Pose_Signs/Home/43. Lock/MVI_8830.pkl,data/processed/landmarks/include/LOCK/f0c762258b97.npz,62,0.0,0.0,0.5968,1.0,,train
bfc436505f64,LOCK,include,video,,include:clip:bfc436505f64,data/external/include_pose/INCLUDE/Pose_Signs/Home/43. Lock/MVI_8833.pkl,data/processed/landmarks/include/LOCK/bfc436505f64.npz,62,0.0,0.0,0.7097,1.0,,train
009f343ce9fe,LOCK,include,video,,include:clip:009f343ce9fe,data/external/include_pose/INCLUDE/Pose_Signs/Home/43. Lock/MVI_4937.pkl,data/processed/landmarks/include/LOCK/009f343ce9fe.npz,50,0.0,0.0,1.0,1.0,,train
0ee2ee9b7978,LOCK,include,video,,include:clip:0ee2ee9b7978,data/external/include_pose/INCLUDE/Pose_Signs/Home/43. Lock/MVI_4424.pkl,data/processed/landmarks/include/LOCK/0ee2ee9b7978.npz,48,0.0,0.0,0.875,1.0,,train
977344c7d135,LOCK,include,video,,include:clip:977344c7d135,data/external/include_pose/INCLUDE/Pose_Signs/Home/43. Lock/MVI_4425.pkl,data/processed/landmarks/include/LOCK/977344c7d135.npz,48,0.0,0.0,0.9583,1.0,,train
c47620c38836,LOCK,include,video,,include:clip:c47620c38836,data/external/include_pose/INCLUDE/Pose_Signs/Home/43. Lock/MVI_4426.pkl,data/processed/landmarks/include/LOCK/c47620c38836.npz,49,0.0,0.0,0.898,1.0,,train
9741801b2723,LOCK,include,video,,include:clip:9741801b2723,data/external/include_pose/INCLUDE/Pose_Signs/Home/43. Lock/MVI_9062.pkl,data/processed/landmarks/include/LOCK/9741801b2723.npz,65,0.0,0.0,0.9538,1.0,,train
393e9648c92c,LOCK,include,video,,include:clip:393e9648c92c,data/external/include_pose/INCLUDE/Pose_Signs/Home/43. Lock/MVI_9060.pkl,data/processed/landmarks/include/LOCK/393e9648c92c.npz,61,0.0,0.0,0.9344,1.0,,train
892c46153d1f,LOCK,include,video,,include:clip:892c46153d1f,data/external/include_pose/INCLUDE/Pose_Signs/Home/43. Lock/MVI_9061.pkl,data/processed/landmarks/include/LOCK/892c46153d1f.npz,63,0.0,0.0,0.9048,1.0,,train
55964c42fcfc,DOOR,include,video,,include:clip:55964c42fcfc,data/external/include_pose/INCLUDE/Pose_Signs/Home/29. Door/MVI_4885.pkl,data/processed/landmarks/include/DOOR/55964c42fcfc.npz,49,0.0,0.0,1.0,1.0,,train
c0252799a1ec,DOOR,include,video,,include:clip:c0252799a1ec,data/external/include_pose/INCLUDE/Pose_Signs/Home/29. Door/MVI_8771.pkl,data/processed/landmarks/include/DOOR/c0252799a1ec.npz,89,0.0,0.0,0.7753,1.0,,train
d789f9cdeee8,DOOR,include,video,,include:clip:d789f9cdeee8,data/external/include_pose/INCLUDE/Pose_Signs/Home/29. Door/MVI_8772.pkl,data/processed/landmarks/include/DOOR/d789f9cdeee8.npz,74,0.0,0.0,0.6892,1.0,,train
f216e9e7c35f,DOOR,include,video,,include:clip:f216e9e7c35f,data/external/include_pose/INCLUDE/Pose_Signs/Home/29. Door/MVI_4366.pkl,data/processed/landmarks/include/DOOR/f216e9e7c35f.npz,57,0.0,0.0,1.0,1.0,,train
fb130a0b2321,DOOR,include,video,,include:clip:fb130a0b2321,data/external/include_pose/INCLUDE/Pose_Signs/Home/29. Door/MVI_9018.pkl,data/processed/landmarks/include/DOOR/fb130a0b2321.npz,75,0.0,0.0,1.0,1.0,,train
0babca7282fb,DOOR,include,video,,include:clip:0babca7282fb,data/external/include_pose/INCLUDE/Pose_Signs/Home/29. Door/MVI_4367.pkl,data/processed/landmarks/include/DOOR/0babca7282fb.npz,51,0.0,0.0,1.0,1.0,,train
b67606b31991,DOOR,include,video,,include:clip:b67606b31991,data/external/include_pose/INCLUDE/Pose_Signs/Home/29. Door/MVI_9017.pkl,data/processed/landmarks/include/DOOR/b67606b31991.npz,69,0.0,0.0,1.0,1.0,,train
3e4d449fe159,DOOR,include,video,,include:clip:3e4d449fe159,data/external/include_pose/INCLUDE/Pose_Signs/Home/29. Door/MVI_9016.pkl,data/processed/landmarks/include/DOOR/3e4d449fe159.npz,69,0.0,0.0,1.0,1.0,,train
98b58280590f,DOOR,include,video,,include:clip:98b58280590f,data/external/include_pose/INCLUDE/Pose_Signs/Home/29. Door/MVI_4368.pkl,data/processed/landmarks/include/DOOR/98b58280590f.npz,50,0.0,0.0,1.0,1.0,,train
c8959089a1eb,WINDOW,include,video,,include:clip:c8959089a1eb,data/external/include_pose/INCLUDE/Pose_Signs/Home/28. Window/MVI_4881.pkl,data/processed/landmarks/include/WINDOW/c8959089a1eb.npz,72,0.0,0.0,0.875,1.0,,train
6c0ef2071481,WINDOW,include,video,,include:clip:6c0ef2071481,data/external/include_pose/INCLUDE/Pose_Signs/Home/28. Window/MVI_8767.pkl,data/processed/landmarks/include/WINDOW/6c0ef2071481.npz,99,0.0,0.0,0.5859,1.0,,train
b63d7186aa10,WINDOW,include,video,,include:clip:b63d7186aa10,data/external/include_pose/INCLUDE/Pose_Signs/Home/28. Window/MVI_4882.pkl,data/processed/landmarks/include/WINDOW/b63d7186aa10.npz,67,0.0,0.0,0.8209,1.0,,train
a39ffb9e75cc,WINDOW,include,video,,include:clip:a39ffb9e75cc,data/external/include_pose/INCLUDE/Pose_Signs/Home/28. Window/MVI_4365.pkl,data/processed/landmarks/include/WINDOW/a39ffb9e75cc.npz,81,0.0,0.0,0.9259,1.0,,train
7859b09c7b6f,WINDOW,include,video,,include:clip:7859b09c7b6f,data/external/include_pose/INCLUDE/Pose_Signs/Home/28. Window/MVI_4363.pkl,data/processed/landmarks/include/WINDOW/7859b09c7b6f.npz,70,0.0,0.0,0.8857,1.0,,train
030c86df598f,WINDOW,include,video,,include:clip:030c86df598f,data/external/include_pose/INCLUDE/Pose_Signs/Home/28. Window/MVI_9013.pkl,data/processed/landmarks/include/WINDOW/030c86df598f.npz,72,0.0,0.0,0.9306,1.0,,train
578c38307f29,WINDOW,include,video,,include:clip:578c38307f29,data/external/include_pose/INCLUDE/Pose_Signs/Home/28. Window/MVI_9014.pkl,data/processed/landmarks/include/WINDOW/578c38307f29.npz,80,0.0,0.0,0.9,1.0,,train
eadf1290803c,WINDOW,include,video,,include:clip:eadf1290803c,data/external/include_pose/INCLUDE/Pose_Signs/Home/28. Window/MVI_8768.pkl,data/processed/landmarks/include/WINDOW/eadf1290803c.npz,104,0.0,0.0,0.8173,1.0,,train
49ce74a9cf43,WINDOW,include,video,,include:clip:49ce74a9cf43,data/external/include_pose/INCLUDE/Pose_Signs/Home/28. Window/MVI_8769.pkl,data/processed/landmarks/include/WINDOW/49ce74a9cf43.npz,101,0.0,0.0,0.7921,1.0,,train
32e51e2f0b00,PAINT,include,video,,include:clip:32e51e2f0b00,data/external/include_pose/INCLUDE/Pose_Signs/Home/40. Paint/MVI_8819.pkl,data/processed/landmarks/include/PAINT/32e51e2f0b00.npz,70,0.0,0.0,0.5429,1.0,,train
745c153206a5,PAINT,include,video,,include:clip:745c153206a5,data/external/include_pose/INCLUDE/Pose_Signs/Home/40. Paint/MVI_9051.pkl,data/processed/landmarks/include/PAINT/745c153206a5.npz,70,0.0,0.0,0.8857,1.0,,train
ea2e5bae05aa,PAINT,include,video,,include:clip:ea2e5bae05aa,data/external/include_pose/INCLUDE/Pose_Signs/Home/40. Paint/MVI_8818.pkl,data/processed/landmarks/include/PAINT/ea2e5bae05aa.npz,69,0.0,0.0,0.6522,1.0,,train
1d2b71743566,PAINT,include,video,,include:clip:1d2b71743566,data/external/include_pose/INCLUDE/Pose_Signs/Home/40. Paint/MVI_4927.pkl,data/processed/landmarks/include/PAINT/1d2b71743566.npz,65,0.0,0.0,0.8615,1.0,,train
f95c03fb80ce,PAINT,include,video,,include:clip:f95c03fb80ce,data/external/include_pose/INCLUDE/Pose_Signs/Home/40. Paint/MVI_8820.pkl,data/processed/landmarks/include/PAINT/f95c03fb80ce.npz,66,0.0,0.0,0.6818,1.0,,train
0e87eef5d680,PAINT,include,video,,include:clip:0e87eef5d680,data/external/include_pose/INCLUDE/Pose_Signs/Home/40. Paint/MVI_4414.pkl,data/processed/landmarks/include/PAINT/0e87eef5d680.npz,54,0.0,0.0,0.8704,1.0,,train
9cebab536667,PAINT,include,video,,include:clip:9cebab536667,data/external/include_pose/INCLUDE/Pose_Signs/Home/40. Paint/MVI_4415.pkl,data/processed/landmarks/include/PAINT/9cebab536667.npz,58,0.0,0.0,0.9483,1.0,,train
66ffbac03ac2,PAINT,include,video,,include:clip:66ffbac03ac2,data/external/include_pose/INCLUDE/Pose_Signs/Home/40. Paint/MVI_4412.pkl,data/processed/landmarks/include/PAINT/66ffbac03ac2.npz,56,0.0,0.0,0.875,1.0,,train
191a6e4ed80a,PAINT,include,video,,include:clip:191a6e4ed80a,data/external/include_pose/INCLUDE/Pose_Signs/Home/40. Paint/MVI_8817.pkl,data/processed/landmarks/include/PAINT/191a6e4ed80a.npz,76,0.0,0.0,0.6184,1.0,,train
eb2dba49f588,PAINT,include,video,,include:clip:eb2dba49f588,data/external/include_pose/INCLUDE/Pose_Signs/Home/40. Paint/MVI_4928.pkl,data/processed/landmarks/include/PAINT/eb2dba49f588.npz,57,0.0,0.0,0.9123,1.0,,train
e0143abf2758,RING,include,video,,include:clip:e0143abf2758,data/external/include_pose/INCLUDE/Pose_Signs/Home/49. Ring/MVI_9087.pkl,data/processed/landmarks/include/RING/e0143abf2758.npz,65,0.0,0.0,0.8923,1.0,,train
1fa404075880,RING,include,video,,include:clip:1fa404075880,data/external/include_pose/INCLUDE/Pose_Signs/Home/49. Ring/MVI_9086.pkl,data/processed/landmarks/include/RING/1fa404075880.npz,67,0.0,0.0,0.8955,1.0,,train
5c1cacc9daec,RING,include,video,,include:clip:5c1cacc9daec,data/external/include_pose/INCLUDE/Pose_Signs/Home/49. Ring/MVI_4449.pkl,data/processed/landmarks/include/RING/5c1cacc9daec.npz,50,0.0,0.0,0.92,1.0,,train
4a2905afbad5,RING,include,video,,include:clip:4a2905afbad5,data/external/include_pose/INCLUDE/Pose_Signs/Home/49. Ring/MVI_9085.pkl,data/processed/landmarks/include/RING/4a2905afbad5.npz,70,0.0,0.0,0.8857,1.0,,train
92125daede46,RING,include,video,,include:clip:92125daede46,data/external/include_pose/INCLUDE/Pose_Signs/Home/49. Ring/MVI_4953.pkl,data/processed/landmarks/include/RING/92125daede46.npz,56,0.0,0.0,0.9286,1.0,,train
afdb1dd35943,RING,include,video,,include:clip:afdb1dd35943,data/external/include_pose/INCLUDE/Pose_Signs/Home/49. Ring/MVI_4954.pkl,data/processed/landmarks/include/RING/afdb1dd35943.npz,55,0.0,0.0,0.9273,1.0,,train
57f9abec0cc9,RING,include,video,,include:clip:57f9abec0cc9,data/external/include_pose/INCLUDE/Pose_Signs/Home/49. Ring/MVI_4955.pkl,data/processed/landmarks/include/RING/57f9abec0cc9.npz,54,0.0,0.0,0.7593,1.0,,train
116d73e6b5c8,RING,include,video,,include:clip:116d73e6b5c8,data/external/include_pose/INCLUDE/Pose_Signs/Home/49. Ring/MVI_8859.pkl,data/processed/landmarks/include/RING/116d73e6b5c8.npz,61,0.0,0.0,0.8197,1.0,,train
40810fd7deed,RING,include,video,,include:clip:40810fd7deed,data/external/include_pose/INCLUDE/Pose_Signs/Home/49. Ring/MVI_4450.pkl,data/processed/landmarks/include/RING/40810fd7deed.npz,54,0.0,0.0,0.9259,1.0,,train
4d710eb36a61,TOOL,include,video,,include:clip:4d710eb36a61,data/external/include_pose/INCLUDE/Pose_Signs/Home/50. Tool/MVI_9090.pkl,data/processed/landmarks/include/TOOL/4d710eb36a61.npz,72,0.0,0.0,0.9028,1.0,,train
20d8a9f51086,TOOL,include,video,,include:clip:20d8a9f51086,data/external/include_pose/INCLUDE/Pose_Signs/Home/50. Tool/MVI_4956.pkl,data/processed/landmarks/include/TOOL/20d8a9f51086.npz,59,0.0,0.0,0.7458,1.0,,train
796711df8230,TOOL,include,video,,include:clip:796711df8230,data/external/include_pose/INCLUDE/Pose_Signs/Home/50. Tool/MVI_4958.pkl,data/processed/landmarks/include/TOOL/796711df8230.npz,62,0.0,0.0,0.7903,1.0,,train
a77926a7bef0,TOOL,include,video,,include:clip:a77926a7bef0,data/external/include_pose/INCLUDE/Pose_Signs/Home/50. Tool/MVI_8861.pkl,data/processed/landmarks/include/TOOL/a77926a7bef0.npz,82,0.0,0.0,0.7317,1.0,,train
0f797bb92874,TOOL,include,video,,include:clip:0f797bb92874,data/external/include_pose/INCLUDE/Pose_Signs/Home/50. Tool/MVI_8860.pkl,data/processed/landmarks/include/TOOL/0f797bb92874.npz,95,0.0,0.0,0.8,1.0,,train
5abb4af5df10,TOOL,include,video,,include:clip:5abb4af5df10,data/external/include_pose/INCLUDE/Pose_Signs/Home/50. Tool/MVI_4455.pkl,data/processed/landmarks/include/TOOL/5abb4af5df10.npz,71,0.0,0.0,0.9718,1.0,,train
5487b3aa7978,TOOL,include,video,,include:clip:5487b3aa7978,data/external/include_pose/INCLUDE/Pose_Signs/Home/50. Tool/MVI_4454.pkl,data/processed/landmarks/include/TOOL/5487b3aa7978.npz,66,0.0,0.0,0.9697,1.0,,train
763ab0699d79,TOOL,include,video,,include:clip:763ab0699d79,data/external/include_pose/INCLUDE/Pose_Signs/Home/50. Tool/MVI_4453.pkl,data/processed/landmarks/include/TOOL/763ab0699d79.npz,64,0.0,0.0,0.9219,1.0,,train
0794ae42fcc5,TOOL,include,video,,include:clip:0794ae42fcc5,data/external/include_pose/INCLUDE/Pose_Signs/Home/50. Tool/MVI_9088.pkl,data/processed/landmarks/include/TOOL/0794ae42fcc5.npz,71,0.0,0.0,0.8873,1.0,,train
3eca01df3794,PENCIL,include,video,,include:clip:3eca01df3794,data/external/include_pose/INCLUDE/Pose_Signs/Home/33. Pencil/MVI_8788.pkl,data/processed/landmarks/include/PENCIL/3eca01df3794.npz,59,0.0,0.0,0.5254,1.0,,train
64a1892cb5ed,PENCIL,include,video,,include:clip:64a1892cb5ed,data/external/include_pose/INCLUDE/Pose_Signs/Home/33. Pencil/MVI_9031.pkl,data/processed/landmarks/include/PENCIL/64a1892cb5ed.npz,65,0.0,0.0,1.0,1.0,,train
a8e94564cd8e,PENCIL,include,video,,include:clip:a8e94564cd8e,data/external/include_pose/INCLUDE/Pose_Signs/Home/33. Pencil/MVI_4384.pkl,data/processed/landmarks/include/PENCIL/a8e94564cd8e.npz,54,0.0,0.0,1.0,1.0,,train
82364189df81,PENCIL,include,video,,include:clip:82364189df81,data/external/include_pose/INCLUDE/Pose_Signs/Home/33. Pencil/MVI_4385.pkl,data/processed/landmarks/include/PENCIL/82364189df81.npz,52,0.0,0.0,1.0,1.0,,train
05d75e65bed4,PENCIL,include,video,,include:clip:05d75e65bed4,data/external/include_pose/INCLUDE/Pose_Signs/Home/33. Pencil/MVI_9029.pkl,data/processed/landmarks/include/PENCIL/05d75e65bed4.npz,63,0.0,0.0,1.0,1.0,,train
ee61fe81fb63,PENCIL,include,video,,include:clip:ee61fe81fb63,data/external/include_pose/INCLUDE/Pose_Signs/Home/33. Pencil/MVI_8786.pkl,data/processed/landmarks/include/PENCIL/ee61fe81fb63.npz,66,0.0,0.0,0.5,1.0,,train
c725ba54692b,PENCIL,include,video,,include:clip:c725ba54692b,data/external/include_pose/INCLUDE/Pose_Signs/Home/33. Pencil/MVI_8787.pkl,data/processed/landmarks/include/PENCIL/c725ba54692b.npz,61,0.0,0.0,0.541,1.0,,train
1c80ea772d96,PENCIL,include,video,,include:clip:1c80ea772d96,data/external/include_pose/INCLUDE/Pose_Signs/Home/33. Pencil/MVI_4903.pkl,data/processed/landmarks/include/PENCIL/1c80ea772d96.npz,52,0.0,0.0,1.0,1.0,,train
6dfa2dab617f,PHOTOGRAPH,include,video,,include:clip:6dfa2dab617f,data/external/include_pose/INCLUDE/Pose_Signs/Home/35. Photograph/MVI_4909.pkl,data/processed/landmarks/include/PHOTOGRAPH/6dfa2dab617f.npz,59,0.0,0.0,0.8644,1.0,,train
c009bc1c151d,PHOTOGRAPH,include,video,,include:clip:c009bc1c151d,data/external/include_pose/INCLUDE/Pose_Signs/Home/35. Photograph/MVI_9035.pkl,data/processed/landmarks/include/PHOTOGRAPH/c009bc1c151d.npz,65,0.0,0.0,0.9385,1.0,,train
785714d03e79,PHOTOGRAPH,include,video,,include:clip:785714d03e79,data/external/include_pose/INCLUDE/Pose_Signs/Home/35. Photograph/MVI_9036.pkl,data/processed/landmarks/include/PHOTOGRAPH/785714d03e79.npz,72,0.0,0.0,0.9028,1.0,,train
6820346cf7db,PHOTOGRAPH,include,video,,include:clip:6820346cf7db,data/external/include_pose/INCLUDE/Pose_Signs/Home/35. Photograph/MVI_9037.pkl,data/processed/landmarks/include/PHOTOGRAPH/6820346cf7db.npz,73,0.0,0.0,0.9041,1.0,,train
6998de41405d,PHOTOGRAPH,include,video,,include:clip:6998de41405d,data/external/include_pose/INCLUDE/Pose_Signs/Home/35. Photograph/MVI_4393.pkl,data/processed/landmarks/include/PHOTOGRAPH/6998de41405d.npz,66,0.0,0.0,1.0,1.0,,train
a6fd37c5e70c,PHOTOGRAPH,include,video,,include:clip:a6fd37c5e70c,data/external/include_pose/INCLUDE/Pose_Signs/Home/35. Photograph/MVI_4391.pkl,data/processed/landmarks/include/PHOTOGRAPH/a6fd37c5e70c.npz,62,0.0,0.0,0.9839,1.0,,train
37aec30266c8,PHOTOGRAPH,include,video,,include:clip:37aec30266c8,data/external/include_pose/INCLUDE/Pose_Signs/Home/35. Photograph/MVI_4394.pkl,data/processed/landmarks/include/PHOTOGRAPH/37aec30266c8.npz,60,0.0,0.0,0.9667,1.0,,train
ac495b59cb91,PHOTOGRAPH,include,video,,include:clip:ac495b59cb91,data/external/include_pose/INCLUDE/Pose_Signs/Home/35. Photograph/MVI_4911.pkl,data/processed/landmarks/include/PHOTOGRAPH/ac495b59cb91.npz,60,0.0,0.0,0.7,1.0,,train
1f284a02a9f1,PHOTOGRAPH,include,video,,include:clip:1f284a02a9f1,data/external/include_pose/INCLUDE/Pose_Signs/Home/35. Photograph/MVI_8796.pkl,data/processed/landmarks/include/PHOTOGRAPH/1f284a02a9f1.npz,75,0.0,0.0,0.6,1.0,,train
bef6d9e98572,CHAIR,include,video,,include:clip:bef6d9e98572,data/external/include_pose/INCLUDE/Pose_Signs/Home/25. Chair/MVI_4348.pkl,data/processed/landmarks/include/CHAIR/bef6d9e98572.npz,52,0.0,0.0,0.8846,1.0,,train
d4a676c867a5,CHAIR,include,video,,include:clip:d4a676c867a5,data/external/include_pose/INCLUDE/Pose_Signs/Home/25. Chair/MVI_4349.pkl,data/processed/landmarks/include/CHAIR/d4a676c867a5.npz,42,0.0,0.0,0.9286,1.0,,train
954c0fcf2a6f,CHAIR,include,video,,include:clip:954c0fcf2a6f,data/external/include_pose/INCLUDE/Pose_Signs/Home/25. Chair/MVI_4350.pkl,data/processed/landmarks/include/CHAIR/954c0fcf2a6f.npz,49,0.0,0.0,0.9388,1.0,,train
fd94b68e5ab7,CHAIR,include,video,,include:clip:fd94b68e5ab7,data/external/include_pose/INCLUDE/Pose_Signs/Home/25. Chair/MVI_9004.pkl,data/processed/landmarks/include/CHAIR/fd94b68e5ab7.npz,54,0.0,0.0,0.8704,1.0,,train
c87f0c1d94dd,CHAIR,include,video,,include:clip:c87f0c1d94dd,data/external/include_pose/INCLUDE/Pose_Signs/Home/25. Chair/MVI_8757.pkl,data/processed/landmarks/include/CHAIR/c87f0c1d94dd.npz,60,0.0,0.0,0.5167,1.0,,train
81893227a6be,CHAIR,include,video,,include:clip:81893227a6be,data/external/include_pose/INCLUDE/Pose_Signs/Home/25. Chair/MVI_4873.pkl,data/processed/landmarks/include/CHAIR/81893227a6be.npz,55,0.0,0.0,0.8727,1.0,,train
66865f12bd9e,CHAIR,include,video,,include:clip:66865f12bd9e,data/external/include_pose/INCLUDE/Pose_Signs/Home/25. Chair/MVI_4872.pkl,data/processed/landmarks/include/CHAIR/66865f12bd9e.npz,52,0.0,0.0,0.7692,1.0,,train
87fbf540a0cc,KEY,include,video,,include:clip:87fbf540a0cc,data/external/include_pose/INCLUDE/Pose_Signs/Home/39. Key/MVI_9050.pkl,data/processed/landmarks/include/KEY/87fbf540a0cc.npz,69,0.0,0.0,1.0,1.0,,train
e3e29fc0bde9,KEY,include,video,,include:clip:e3e29fc0bde9,data/external/include_pose/INCLUDE/Pose_Signs/Home/39. Key/MVI_4924.pkl,data/processed/landmarks/include/KEY/e3e29fc0bde9.npz,43,0.0,0.0,1.0,1.0,,train
8d89d2f3e615,KEY,include,video,,include:clip:8d89d2f3e615,data/external/include_pose/INCLUDE/Pose_Signs/Home/39. Key/MVI_4923.pkl,data/processed/landmarks/include/KEY/8d89d2f3e615.npz,42,0.0,0.0,1.0,1.0,,train
c1ed8c349970,KEY,include,video,,include:clip:c1ed8c349970,data/external/include_pose/INCLUDE/Pose_Signs/Home/39. Key/MVI_4411.pkl,data/processed/landmarks/include/KEY/c1ed8c349970.npz,53,0.0,0.0,1.0,1.0,,train
d0207407f6ee,KEY,include,video,,include:clip:d0207407f6ee,data/external/include_pose/INCLUDE/Pose_Signs/Home/39. Key/MVI_4410.pkl,data/processed/landmarks/include/KEY/d0207407f6ee.npz,49,0.0,0.0,1.0,1.0,,train
2f107bdac6ad,KEY,include,video,,include:clip:2f107bdac6ad,data/external/include_pose/INCLUDE/Pose_Signs/Home/39. Key/MVI_8813.pkl,data/processed/landmarks/include/KEY/2f107bdac6ad.npz,62,0.0,0.0,0.7097,1.0,,train
c2ccd14aaabd,KEY,include,video,,include:clip:c2ccd14aaabd,data/external/include_pose/INCLUDE/Pose_Signs/Home/39. Key/MVI_9048.pkl,data/processed/landmarks/include/KEY/c2ccd14aaabd.npz,57,0.0,0.0,1.0,1.0,,train
60142aff1874,KEY,include,video,,include:clip:60142aff1874,data/external/include_pose/INCLUDE/Pose_Signs/Home/39. Key/MVI_9049.pkl,data/processed/landmarks/include/KEY/60142aff1874.npz,69,0.0,0.0,1.0,1.0,,train
d2c0cc3da2b8,PAPER,include,video,,include:clip:d2c0cc3da2b8,data/external/include_pose/INCLUDE/Pose_Signs/Home/42. Paper/MVI_4932.pkl,data/processed/landmarks/include/PAPER/d2c0cc3da2b8.npz,63,0.0,0.0,0.8889,1.0,,train
c9d9ff5138e5,PAPER,include,video,,include:clip:c9d9ff5138e5,data/external/include_pose/INCLUDE/Pose_Signs/Home/42. Paper/MVI_4933.pkl,data/processed/landmarks/include/PAPER/c9d9ff5138e5.npz,66,0.0,0.0,0.8939,1.0,,train
3e4cf740b7cb,PAPER,include,video,,include:clip:3e4cf740b7cb,data/external/include_pose/INCLUDE/Pose_Signs/Home/42. Paper/MVI_9057.pkl,data/processed/landmarks/include/PAPER/3e4cf740b7cb.npz,75,0.0,0.0,0.96,1.0,,train
ca61b55ef7ac,PAPER,include,video,,include:clip:ca61b55ef7ac,data/external/include_pose/INCLUDE/Pose_Signs/Home/42. Paper/MVI_4934.pkl,data/processed/landmarks/include/PAPER/ca61b55ef7ac.npz,50,0.0,0.0,0.84,1.0,,train
4e02d0b4ef00,PAPER,include,video,,include:clip:4e02d0b4ef00,data/external/include_pose/INCLUDE/Pose_Signs/Home/42. Paper/MVI_4421.pkl,data/processed/landmarks/include/PAPER/4e02d0b4ef00.npz,57,0.0,0.0,0.9825,1.0,,train
e7116b07f27f,PAPER,include,video,,include:clip:e7116b07f27f,data/external/include_pose/INCLUDE/Pose_Signs/Home/42. Paper/MVI_4420.pkl,data/processed/landmarks/include/PAPER/e7116b07f27f.npz,56,0.0,0.0,0.9643,1.0,,train
f4e5aff504a9,PAPER,include,video,,include:clip:f4e5aff504a9,data/external/include_pose/INCLUDE/Pose_Signs/Home/42. Paper/MVI_9058.pkl,data/processed/landmarks/include/PAPER/f4e5aff504a9.npz,72,0.0,0.0,0.9722,1.0,,train
121faca8c62b,PAPER,include,video,,include:clip:121faca8c62b,data/external/include_pose/INCLUDE/Pose_Signs/Home/42. Paper/MVI_8829.pkl,data/processed/landmarks/include/PAPER/121faca8c62b.npz,68,0.0,0.0,0.6471,1.0,,train
ce8b486c8a30,TELEPHONE,include,video,,include:clip:ce8b486c8a30,data/external/include_pose/INCLUDE/Pose_Signs/Home/44. Telephone/MVI_8836.pkl,data/processed/landmarks/include/TELEPHONE/ce8b486c8a30.npz,58,0.0,0.0,0.9138,1.0,,train
691b785310bb,TELEPHONE,include,video,,include:clip:691b785310bb,data/external/include_pose/INCLUDE/Pose_Signs/Home/44. Telephone/MVI_8835.pkl,data/processed/landmarks/include/TELEPHONE/691b785310bb.npz,59,0.0,0.0,0.7627,1.0,,train
1f6009bddc7d,TELEPHONE,include,video,,include:clip:1f6009bddc7d,data/external/include_pose/INCLUDE/Pose_Signs/Home/44. Telephone/MVI_4940.pkl,data/processed/landmarks/include/TELEPHONE/1f6009bddc7d.npz,48,0.0,0.0,0.8542,1.0,,train
6a38235d2770,TELEPHONE,include,video,,include:clip:6a38235d2770,data/external/include_pose/INCLUDE/Pose_Signs/Home/44. Telephone/MVI_4430.pkl,data/processed/landmarks/include/TELEPHONE/6a38235d2770.npz,44,0.0,0.0,1.0,1.0,,train
87629014fbda,TELEPHONE,include,video,,include:clip:87629014fbda,data/external/include_pose/INCLUDE/Pose_Signs/Home/44. Telephone/MVI_4938.pkl,data/processed/landmarks/include/TELEPHONE/87629014fbda.npz,59,0.0,0.0,1.0,1.0,,train
35c0b1acfe3a,TELEPHONE,include,video,,include:clip:35c0b1acfe3a,data/external/include_pose/INCLUDE/Pose_Signs/Home/44. Telephone/MVI_9071.pkl,data/processed/landmarks/include/TELEPHONE/35c0b1acfe3a.npz,71,0.0,0.0,1.0,1.0,,train
14dfe48b6da3,TELEPHONE,include,video,,include:clip:14dfe48b6da3,data/external/include_pose/INCLUDE/Pose_Signs/Home/44. Telephone/MVI_9070.pkl,data/processed/landmarks/include/TELEPHONE/14dfe48b6da3.npz,84,0.0,0.0,1.0,1.0,,train
24cb55faa5a2,TELEPHONE,include,video,,include:clip:24cb55faa5a2,data/external/include_pose/INCLUDE/Pose_Signs/Home/44. Telephone/MVI_4939.pkl,data/processed/landmarks/include/TELEPHONE/24cb55faa5a2.npz,53,0.0,0.0,1.0,1.0,,train
dda102e58cb8,TELEPHONE,include,video,,include:clip:dda102e58cb8,data/external/include_pose/INCLUDE/Pose_Signs/Home/44. Telephone/MVI_9072.pkl,data/processed/landmarks/include/TELEPHONE/dda102e58cb8.npz,63,0.0,0.0,1.0,1.0,,train
e811a853d44f,SOAP,include,video,,include:clip:e811a853d44f,data/external/include_pose/INCLUDE/Pose_Signs/Home/36. Soap/MVI_9040.pkl,data/processed/landmarks/include/SOAP/e811a853d44f.npz,73,0.0,0.0,0.9726,1.0,,train
43d801e29ee2,SOAP,include,video,,include:clip:43d801e29ee2,data/external/include_pose/INCLUDE/Pose_Signs/Home/36. Soap/MVI_4398.pkl,data/processed/landmarks/include/SOAP/43d801e29ee2.npz,54,0.0,0.0,0.9815,1.0,,train
9780917f963b,SOAP,include,video,,include:clip:9780917f963b,data/external/include_pose/INCLUDE/Pose_Signs/Home/36. Soap/MVI_9039.pkl,data/processed/landmarks/include/SOAP/9780917f963b.npz,72,0.0,0.0,0.9861,1.0,,train
c47877ebc993,SOAP,include,video,,include:clip:c47877ebc993,data/external/include_pose/INCLUDE/Pose_Signs/Home/36. Soap/MVI_9038.pkl,data/processed/landmarks/include/SOAP/c47877ebc993.npz,70,0.0,0.0,0.9857,1.0,,train
393dbc9a560c,SOAP,include,video,,include:clip:393dbc9a560c,data/external/include_pose/INCLUDE/Pose_Signs/Home/36. Soap/MVI_4395.pkl,data/processed/landmarks/include/SOAP/393dbc9a560c.npz,51,0.0,0.0,0.9216,1.0,,train
ef959e6cd75d,SOAP,include,video,,include:clip:ef959e6cd75d,data/external/include_pose/INCLUDE/Pose_Signs/Home/36. Soap/MVI_4912.pkl,data/processed/landmarks/include/SOAP/ef959e6cd75d.npz,55,0.0,0.0,0.7091,1.0,,train
ebbe3df8de38,SOAP,include,video,,include:clip:ebbe3df8de38,data/external/include_pose/INCLUDE/Pose_Signs/Home/36. Soap/MVI_8802.pkl,data/processed/landmarks/include/SOAP/ebbe3df8de38.npz,61,0.0,0.0,0.7705,1.0,,train
aab5c52b250d,SOAP,include,video,,include:clip:aab5c52b250d,data/external/include_pose/INCLUDE/Pose_Signs/Home/36. Soap/MVI_8803.pkl,data/processed/landmarks/include/SOAP/aab5c52b250d.npz,72,0.0,0.0,0.7222,1.0,,train
b837c958fe3a,SOAP,include,video,,include:clip:b837c958fe3a,data/external/include_pose/INCLUDE/Pose_Signs/Home/36. Soap/MVI_8801.pkl,data/processed/landmarks/include/SOAP/b837c958fe3a.npz,62,0.0,0.0,0.5645,1.0,,train
9875a6e2b182,BED,include,video,,include:clip:9875a6e2b182,data/external/include_pose/INCLUDE/Pose_Signs/Home/26. Bed/MVI_8761.pkl,data/processed/landmarks/include/BED/9875a6e2b182.npz,64,0.0,0.0,0.6719,1.0,,train
f66cd9c3576a,BED,include,video,,include:clip:f66cd9c3576a,data/external/include_pose/INCLUDE/Pose_Signs/Home/26. Bed/MVI_8758.pkl,data/processed/landmarks/include/BED/f66cd9c3576a.npz,66,0.0,0.0,0.5152,1.0,,train
11177c5645d5,BED,include,video,,include:clip:11177c5645d5,data/external/include_pose/INCLUDE/Pose_Signs/Home/26. Bed/MVI_8759.pkl,data/processed/landmarks/include/BED/11177c5645d5.npz,64,0.0,0.0,0.5938,1.0,,train
eb2a88e5dca1,BED,include,video,,include:clip:eb2a88e5dca1,data/external/include_pose/INCLUDE/Pose_Signs/Home/26. Bed/MVI_9009.pkl,data/processed/landmarks/include/BED/eb2a88e5dca1.npz,72,0.0,0.0,0.9583,1.0,,train
a2560b7835b1,BED,include,video,,include:clip:a2560b7835b1,data/external/include_pose/INCLUDE/Pose_Signs/Home/26. Bed/MVI_9008.pkl,data/processed/landmarks/include/BED/a2560b7835b1.npz,82,0.0,0.0,0.878,1.0,,train
098185be593a,BED,include,video,,include:clip:098185be593a,data/external/include_pose/INCLUDE/Pose_Signs/Home/26. Bed/MVI_4353.pkl,data/processed/landmarks/include/BED/098185be593a.npz,54,0.0,0.0,1.0,1.0,,train
563e55142f89,BED,include,video,,include:clip:563e55142f89,data/external/include_pose/INCLUDE/Pose_Signs/Home/26. Bed/MVI_4352.pkl,data/processed/landmarks/include/BED/563e55142f89.npz,55,0.0,0.0,0.9818,1.0,,train
f29b5b60f021,BED,include,video,,include:clip:f29b5b60f021,data/external/include_pose/INCLUDE/Pose_Signs/Home/26. Bed/MVI_4876.pkl,data/processed/landmarks/include/BED/f29b5b60f021.npz,68,0.0,0.0,1.0,1.0,,train
7e85f28ce3eb,BED,include,video,,include:clip:7e85f28ce3eb,data/external/include_pose/INCLUDE/Pose_Signs/Home/26. Bed/MVI_4877.pkl,data/processed/landmarks/include/BED/7e85f28ce3eb.npz,70,0.0,0.0,1.0,1.0,,train
8fb01695732f,PEN,include,video,,include:clip:8fb01695732f,data/external/include_pose/INCLUDE/Pose_Signs/Home/34. Pen/MVI_4908.pkl,data/processed/landmarks/include/PEN/8fb01695732f.npz,58,0.0,0.0,0.8621,1.0,,train
4026de51841c,PEN,include,video,,include:clip:4026de51841c,data/external/include_pose/INCLUDE/Pose_Signs/Home/34. Pen/MVI_9032.pkl,data/processed/landmarks/include/PEN/4026de51841c.npz,63,0.0,0.0,1.0,1.0,,train
18e6cf46c0a3,PEN,include,video,,include:clip:18e6cf46c0a3,data/external/include_pose/INCLUDE/Pose_Signs/Home/34. Pen/MVI_4388.pkl,data/processed/landmarks/include/PEN/18e6cf46c0a3.npz,53,0.0,0.0,1.0,1.0,,train
a9ea159b915a,PEN,include,video,,include:clip:a9ea159b915a,data/external/include_pose/INCLUDE/Pose_Signs/Home/34. Pen/MVI_9034.pkl,data/processed/landmarks/include/PEN/a9ea159b915a.npz,59,0.0,0.0,1.0,1.0,,train
ab45e1996b5f,PEN,include,video,,include:clip:ab45e1996b5f,data/external/include_pose/INCLUDE/Pose_Signs/Home/34. Pen/MVI_4389.pkl,data/processed/landmarks/include/PEN/ab45e1996b5f.npz,55,0.0,0.0,1.0,1.0,,train
271ad028018b,PEN,include,video,,include:clip:271ad028018b,data/external/include_pose/INCLUDE/Pose_Signs/Home/34. Pen/MVI_4387.pkl,data/processed/landmarks/include/PEN/271ad028018b.npz,64,0.0,0.0,1.0,1.0,,train
d818b73990d9,PEN,include,video,,include:clip:d818b73990d9,data/external/include_pose/INCLUDE/Pose_Signs/Home/34. Pen/MVI_4390.pkl,data/processed/landmarks/include/PEN/d818b73990d9.npz,57,0.0,0.0,1.0,1.0,,train
6cc252ed1a90,PEN,include,video,,include:clip:6cc252ed1a90,data/external/include_pose/INCLUDE/Pose_Signs/Home/34. Pen/MVI_8794.pkl,data/processed/landmarks/include/PEN/6cc252ed1a90.npz,63,0.0,0.0,0.7302,1.0,,train
ac5d6dc4e973,PEN,include,video,,include:clip:ac5d6dc4e973,data/external/include_pose/INCLUDE/Pose_Signs/Home/34. Pen/MVI_4906.pkl,data/processed/landmarks/include/PEN/ac5d6dc4e973.npz,52,0.0,0.0,1.0,1.0,,train
7b89d80bb9cd,BAG,include,video,,include:clip:7b89d80bb9cd,data/external/include_pose/INCLUDE/Pose_Signs/Home/45. Bag/MVI_8840.pkl,data/processed/landmarks/include/BAG/7b89d80bb9cd.npz,75,0.0,0.0,0.7867,1.0,,train
5110d410abff,BAG,include,video,,include:clip:5110d410abff,data/external/include_pose/INCLUDE/Pose_Signs/Home/45. Bag/MVI_4941.pkl,data/processed/landmarks/include/BAG/5110d410abff.npz,48,0.0,0.0,0.8958,1.0,,train
f4965f9f37fa,BAG,include,video,,include:clip:f4965f9f37fa,data/external/include_pose/INCLUDE/Pose_Signs/Home/45. Bag/MVI_4436.pkl,data/processed/landmarks/include/BAG/f4965f9f37fa.npz,49,0.0,0.0,1.0,1.0,,train
2b8fa6d9763a,BAG,include,video,,include:clip:2b8fa6d9763a,data/external/include_pose/INCLUDE/Pose_Signs/Home/45. Bag/MVI_4433.pkl,data/processed/landmarks/include/BAG/2b8fa6d9763a.npz,44,0.0,0.0,0.9545,1.0,,train
9f85d8a1c09c,BAG,include,video,,include:clip:9f85d8a1c09c,data/external/include_pose/INCLUDE/Pose_Signs/Home/45. Bag/MVI_4432.pkl,data/processed/landmarks/include/BAG/9f85d8a1c09c.npz,50,0.0,0.0,1.0,1.0,,train
9ca6dfa25189,BAG,include,video,,include:clip:9ca6dfa25189,data/external/include_pose/INCLUDE/Pose_Signs/Home/45. Bag/MVI_8838.pkl,data/processed/landmarks/include/BAG/9ca6dfa25189.npz,67,0.0,0.0,0.7015,1.0,,train
984cbde44e8c,BAG,include,video,,include:clip:984cbde44e8c,data/external/include_pose/INCLUDE/Pose_Signs/Home/45. Bag/MVI_9073.pkl,data/processed/landmarks/include/BAG/984cbde44e8c.npz,61,0.0,0.0,0.9344,1.0,,train
bc23940dc313,BAG,include,video,,include:clip:bc23940dc313,data/external/include_pose/INCLUDE/Pose_Signs/Home/45. Bag/MVI_9074.pkl,data/processed/landmarks/include/BAG/bc23940dc313.npz,63,0.0,0.0,0.9048,1.0,,train
f9fc05c075ed,BAG,include,video,,include:clip:f9fc05c075ed,data/external/include_pose/INCLUDE/Pose_Signs/Home/45. Bag/MVI_9075.pkl,data/processed/landmarks/include/BAG/f9fc05c075ed.npz,65,0.0,0.0,0.9077,1.0,,train
949db31c988c,BOX,include,video,,include:clip:949db31c988c,data/external/include_pose/INCLUDE/Pose_Signs/Home/46. Box/MVI_9078.pkl,data/processed/landmarks/include/BOX/949db31c988c.npz,97,0.0,0.0,0.8866,1.0,,train
b153c13dd56e,BOX,include,video,,include:clip:b153c13dd56e,data/external/include_pose/INCLUDE/Pose_Signs/Home/46. Box/MVI_4946.pkl,data/processed/landmarks/include/BOX/b153c13dd56e.npz,50,0.0,0.0,0.72,1.0,,train
6ba1185fc82b,BOX,include,video,,include:clip:6ba1185fc82b,data/external/include_pose/INCLUDE/Pose_Signs/Home/46. Box/MVI_4945.pkl,data/processed/landmarks/include/BOX/6ba1185fc82b.npz,69,0.0,0.0,0.8696,1.0,,train
c0af60e37f5b,BOX,include,video,,include:clip:c0af60e37f5b,data/external/include_pose/INCLUDE/Pose_Signs/Home/46. Box/MVI_8844.pkl,data/processed/landmarks/include/BOX/c0af60e37f5b.npz,92,0.0,0.0,0.7935,1.0,,train
1449534b776b,BOX,include,video,,include:clip:1449534b776b,data/external/include_pose/INCLUDE/Pose_Signs/Home/46. Box/MVI_4944.pkl,data/processed/landmarks/include/BOX/1449534b776b.npz,63,0.0,0.0,0.7778,1.0,,train
c776f2dab250,BOX,include,video,,include:clip:c776f2dab250,data/external/include_pose/INCLUDE/Pose_Signs/Home/46. Box/MVI_4438.pkl,data/processed/landmarks/include/BOX/c776f2dab250.npz,75,0.0,0.0,0.9867,1.0,,train
8b643d1b6fdc,BOX,include,video,,include:clip:8b643d1b6fdc,data/external/include_pose/INCLUDE/Pose_Signs/Home/46. Box/MVI_8843.pkl,data/processed/landmarks/include/BOX/8b643d1b6fdc.npz,87,0.0,0.0,0.8161,1.0,,train
c66d5ec353eb,BOX,include,video,,include:clip:c66d5ec353eb,data/external/include_pose/INCLUDE/Pose_Signs/Home/46. Box/MVI_4437.pkl,data/processed/landmarks/include/BOX/c66d5ec353eb.npz,56,0.0,0.0,0.9286,1.0,,train
313ac7a29a5a,BOX,include,video,,include:clip:313ac7a29a5a,data/external/include_pose/INCLUDE/Pose_Signs/Home/46. Box/MVI_4440.pkl,data/processed/landmarks/include/BOX/313ac7a29a5a.npz,73,0.0,0.0,0.9589,1.0,,train
1c547ccfae4c,BATHROOM,include,video,,include:clip:1c547ccfae4c,data/external/include_pose/INCLUDE/Pose_Signs/Home/32. Bathroom/MVI_9026.pkl,data/processed/landmarks/include/BATHROOM/1c547ccfae4c.npz,71,0.0,0.0,0.9859,1.0,,train
f8e69835ef73,BATHROOM,include,video,,include:clip:f8e69835ef73,data/external/include_pose/INCLUDE/Pose_Signs/Home/32. Bathroom/MVI_9025.pkl,data/processed/landmarks/include/BATHROOM/f8e69835ef73.npz,67,0.0,0.0,0.9701,1.0,,train
06b1cc760379,BATHROOM,include,video,,include:clip:06b1cc760379,data/external/include_pose/INCLUDE/Pose_Signs/Home/32. Bathroom/MVI_4379.pkl,data/processed/landmarks/include/BATHROOM/06b1cc760379.npz,64,0.0,0.0,0.9844,1.0,,train
d845e1ca1b6e,BATHROOM,include,video,,include:clip:d845e1ca1b6e,data/external/include_pose/INCLUDE/Pose_Signs/Home/32. Bathroom/MVI_4380.pkl,data/processed/landmarks/include/BATHROOM/d845e1ca1b6e.npz,57,0.0,0.0,0.9825,1.0,,train
58c9aab8f812,BATHROOM,include,video,,include:clip:58c9aab8f812,data/external/include_pose/INCLUDE/Pose_Signs/Home/32. Bathroom/MVI_8783.pkl,data/processed/landmarks/include/BATHROOM/58c9aab8f812.npz,76,0.0,0.0,0.7237,1.0,,train
23de7b5582f7,BATHROOM,include,video,,include:clip:23de7b5582f7,data/external/include_pose/INCLUDE/Pose_Signs/Home/32. Bathroom/MVI_8782.pkl,data/processed/landmarks/include/BATHROOM/23de7b5582f7.npz,80,0.0,0.0,0.7875,1.0,,train
0cbe35adae28,BATHROOM,include,video,,include:clip:0cbe35adae28,data/external/include_pose/INCLUDE/Pose_Signs/Home/32. Bathroom/MVI_4902.pkl,data/processed/landmarks/include/BATHROOM/0cbe35adae28.npz,52,0.0,0.0,1.0,1.0,,train
6bcd8716ab2a,BATHROOM,include,video,,include:clip:6bcd8716ab2a,data/external/include_pose/INCLUDE/Pose_Signs/Home/32. Bathroom/MVI_8785.pkl,data/processed/landmarks/include/BATHROOM/6bcd8716ab2a.npz,82,0.0,0.0,0.6951,1.0,,train
fa348c767080,BATHROOM,include,video,,include:clip:fa348c767080,data/external/include_pose/INCLUDE/Pose_Signs/Home/32. Bathroom/MVI_4900.pkl,data/processed/landmarks/include/BATHROOM/fa348c767080.npz,64,0.0,0.0,0.9531,1.0,,train
79214b2f587f,BEDROOM,include,video,,include:clip:79214b2f587f,data/external/include_pose/INCLUDE/Pose_Signs/Home/30. Bedroom/MVI_8776.pkl,data/processed/landmarks/include/BEDROOM/79214b2f587f.npz,97,0.0,0.0,0.8041,1.0,,train
c795fbd6d8f0,BEDROOM,include,video,,include:clip:c795fbd6d8f0,data/external/include_pose/INCLUDE/Pose_Signs/Home/30. Bedroom/MVI_8774.pkl,data/processed/landmarks/include/BEDROOM/c795fbd6d8f0.npz,102,0.0,0.0,0.6471,1.0,,train
cec58a9cfb0c,BEDROOM,include,video,,include:clip:cec58a9cfb0c,data/external/include_pose/INCLUDE/Pose_Signs/Home/30. Bedroom/MVI_4896.pkl,data/processed/landmarks/include/BEDROOM/cec58a9cfb0c.npz,64,0.0,0.0,0.9375,1.0,,train
1214ca3ae0ca,BEDROOM,include,video,,include:clip:1214ca3ae0ca,data/external/include_pose/INCLUDE/Pose_Signs/Home/30. Bedroom/MVI_4371.pkl,data/processed/landmarks/include/BEDROOM/1214ca3ae0ca.npz,81,0.0,0.0,0.9753,1.0,,train
38bbe9d8975e,BEDROOM,include,video,,include:clip:38bbe9d8975e,data/external/include_pose/INCLUDE/Pose_Signs/Home/30. Bedroom/MVI_4370.pkl,data/processed/landmarks/include/BEDROOM/38bbe9d8975e.npz,83,0.0,0.0,0.9759,1.0,,train
9098e1f4b69a,BEDROOM,include,video,,include:clip:9098e1f4b69a,data/external/include_pose/INCLUDE/Pose_Signs/Home/30. Bedroom/MVI_9019.pkl,data/processed/landmarks/include/BEDROOM/9098e1f4b69a.npz,109,0.0,0.0,0.9541,1.0,,train
7abb7027461a,BEDROOM,include,video,,include:clip:7abb7027461a,data/external/include_pose/INCLUDE/Pose_Signs/Home/30. Bedroom/MVI_4373.pkl,data/processed/landmarks/include/BEDROOM/7abb7027461a.npz,87,0.0,0.0,0.977,1.0,,train
b26effb7caed,BEDROOM,include,video,,include:clip:b26effb7caed,data/external/include_pose/INCLUDE/Pose_Signs/Home/30. Bedroom/MVI_9020.pkl,data/processed/landmarks/include/BEDROOM/b26effb7caed.npz,108,0.0,0.0,0.9259,1.0,,train
a313ef1714f1,BEDROOM,include,video,,include:clip:a313ef1714f1,data/external/include_pose/INCLUDE/Pose_Signs/Home/30. Bedroom/MVI_4888.pkl,data/processed/landmarks/include/BEDROOM/a313ef1714f1.npz,73,0.0,0.0,0.9452,1.0,,train
7d5448e5acf9,DREAM,include,video,,include:clip:7d5448e5acf9,data/external/include_pose/INCLUDE/Pose_Signs/Home/27. Dream/MVI_8762.pkl,data/processed/landmarks/include/DREAM/7d5448e5acf9.npz,95,0.0,0.0,0.7053,1.0,,train
c204e0c69fa7,DREAM,include,video,,include:clip:c204e0c69fa7,data/external/include_pose/INCLUDE/Pose_Signs/Home/27. Dream/MVI_4878.pkl,data/processed/landmarks/include/DREAM/c204e0c69fa7.npz,65,0.0,0.0,0.9692,1.0,,train
80d3f7f391ab,DREAM,include,video,,include:clip:80d3f7f391ab,data/external/include_pose/INCLUDE/Pose_Signs/Home/27. Dream/MVI_8763.pkl,data/processed/landmarks/include/DREAM/80d3f7f391ab.npz,92,0.0,0.0,0.6957,1.0,,train
a25d7dd955e8,DREAM,include,video,,include:clip:a25d7dd955e8,data/external/include_pose/INCLUDE/Pose_Signs/Home/27. Dream/MVI_8764.pkl,data/processed/landmarks/include/DREAM/a25d7dd955e8.npz,93,0.0,0.0,0.7957,1.0,,train
e7078e49ae3a,DREAM,include,video,,include:clip:e7078e49ae3a,data/external/include_pose/INCLUDE/Pose_Signs/Home/27. Dream/MVI_4880.pkl,data/processed/landmarks/include/DREAM/e7078e49ae3a.npz,71,0.0,0.0,0.9296,1.0,,train
d361b32ff589,DREAM,include,video,,include:clip:d361b32ff589,data/external/include_pose/INCLUDE/Pose_Signs/Home/27. Dream/MVI_8765.pkl,data/processed/landmarks/include/DREAM/d361b32ff589.npz,107,0.0,0.0,0.8224,1.0,,train
6a4e4eb4632b,DREAM,include,video,,include:clip:6a4e4eb4632b,data/external/include_pose/INCLUDE/Pose_Signs/Home/27. Dream/MVI_4359.pkl,data/processed/landmarks/include/DREAM/6a4e4eb4632b.npz,78,0.0,0.0,0.8974,1.0,,train
b7ac93e3dc70,DREAM,include,video,,include:clip:b7ac93e3dc70,data/external/include_pose/INCLUDE/Pose_Signs/Home/27. Dream/MVI_4361.pkl,data/processed/landmarks/include/DREAM/b7ac93e3dc70.npz,81,0.0,0.0,0.9259,1.0,,train
16f4f1d33a8c,DREAM,include,video,,include:clip:16f4f1d33a8c,data/external/include_pose/INCLUDE/Pose_Signs/Home/27. Dream/MVI_4357.pkl,data/processed/landmarks/include/DREAM/16f4f1d33a8c.npz,72,0.0,0.0,0.8472,1.0,,train
c4358d654b1b,CARD,include,video,,include:clip:c4358d654b1b,data/external/include_pose/INCLUDE/Pose_Signs/Home/48. Card/MVI_9084.pkl,data/processed/landmarks/include/CARD/c4358d654b1b.npz,80,0.0,0.0,0.9125,1.0,,train
62673ec9efad,CARD,include,video,,include:clip:62673ec9efad,data/external/include_pose/INCLUDE/Pose_Signs/Home/48. Card/MVI_9082.pkl,data/processed/landmarks/include/CARD/62673ec9efad.npz,73,0.0,0.0,0.9041,1.0,,train
8599682ee402,CARD,include,video,,include:clip:8599682ee402,data/external/include_pose/INCLUDE/Pose_Signs/Home/48. Card/MVI_9083.pkl,data/processed/landmarks/include/CARD/8599682ee402.npz,79,0.0,0.0,0.9494,1.0,,train
91470604c0e4,CARD,include,video,,include:clip:91470604c0e4,data/external/include_pose/INCLUDE/Pose_Signs/Home/48. Card/MVI_8853.pkl,data/processed/landmarks/include/CARD/91470604c0e4.npz,81,0.0,0.0,0.9259,1.0,,train
48a677864f58,CARD,include,video,,include:clip:48a677864f58,data/external/include_pose/INCLUDE/Pose_Signs/Home/48. Card/MVI_4951.pkl,data/processed/landmarks/include/CARD/48a677864f58.npz,70,0.0,0.0,0.9143,1.0,,train
e0ab3aefaf36,CARD,include,video,,include:clip:e0ab3aefaf36,data/external/include_pose/INCLUDE/Pose_Signs/Home/48. Card/MVI_8851.pkl,data/processed/landmarks/include/CARD/e0ab3aefaf36.npz,83,0.0,0.0,0.8795,1.0,,train
949034eaa140,CARD,include,video,,include:clip:949034eaa140,data/external/include_pose/INCLUDE/Pose_Signs/Home/48. Card/MVI_8854.pkl,data/processed/landmarks/include/CARD/949034eaa140.npz,83,0.0,0.0,0.9277,1.0,,train
0dae65be2d55,CARD,include,video,,include:clip:0dae65be2d55,data/external/include_pose/INCLUDE/Pose_Signs/Home/48. Card/MVI_4446.pkl,data/processed/landmarks/include/CARD/0dae65be2d55.npz,56,0.0,0.0,0.9821,1.0,,train
084ae3270faa,CARD,include,video,,include:clip:084ae3270faa,data/external/include_pose/INCLUDE/Pose_Signs/Home/48. Card/MVI_4445.pkl,data/processed/landmarks/include/CARD/084ae3270faa.npz,54,0.0,0.0,0.963,1.0,,train
a88ad0d78ff6,GIFT,include,video,,include:clip:a88ad0d78ff6,data/external/include_pose/INCLUDE/Pose_Signs/Home/47. Gift/MVI_9079.pkl,data/processed/landmarks/include/GIFT/a88ad0d78ff6.npz,61,0.0,0.0,0.9344,1.0,,train
ed31973e091e,GIFT,include,video,,include:clip:ed31973e091e,data/external/include_pose/INCLUDE/Pose_Signs/Home/47. Gift/MVI_9081.pkl,data/processed/landmarks/include/GIFT/ed31973e091e.npz,74,0.0,0.0,0.9459,1.0,,train
daf01e05e279,GIFT,include,video,,include:clip:daf01e05e279,data/external/include_pose/INCLUDE/Pose_Signs/Home/47. Gift/MVI_4947.pkl,data/processed/landmarks/include/GIFT/daf01e05e279.npz,49,0.0,0.0,0.7755,1.0,,train
ee0e59d0e620,GIFT,include,video,,include:clip:ee0e59d0e620,data/external/include_pose/INCLUDE/Pose_Signs/Home/47. Gift/MVI_8849.pkl,data/processed/landmarks/include/GIFT/ee0e59d0e620.npz,68,0.0,0.0,0.8235,1.0,,train
ea6ea8fa73cb,GIFT,include,video,,include:clip:ea6ea8fa73cb,data/external/include_pose/INCLUDE/Pose_Signs/Home/47. Gift/MVI_8848.pkl,data/processed/landmarks/include/GIFT/ea6ea8fa73cb.npz,66,0.0,0.0,0.7576,1.0,,train
a775ffa41bde,GIFT,include,video,,include:clip:a775ffa41bde,data/external/include_pose/INCLUDE/Pose_Signs/Home/47. Gift/MVI_4948.pkl,data/processed/landmarks/include/GIFT/a775ffa41bde.npz,50,0.0,0.0,0.72,1.0,,train
68238c2969e8,GIFT,include,video,,include:clip:68238c2969e8,data/external/include_pose/INCLUDE/Pose_Signs/Home/47. Gift/MVI_4441.pkl,data/processed/landmarks/include/GIFT/68238c2969e8.npz,46,0.0,0.0,0.9783,1.0,,train
300286b86dd1,GIFT,include,video,,include:clip:300286b86dd1,data/external/include_pose/INCLUDE/Pose_Signs/Home/47. Gift/MVI_4443.pkl,data/processed/landmarks/include/GIFT/300286b86dd1.npz,47,0.0,0.0,0.9787,1.0,,train
f8361dc62604,GIFT,include,video,,include:clip:f8361dc62604,data/external/include_pose/INCLUDE/Pose_Signs/Home/47. Gift/MVI_4444.pkl,data/processed/landmarks/include/GIFT/f8361dc62604.npz,63,0.0,0.0,0.9841,1.0,,train
0f30abff3bfd,LETTER,include,video,,include:clip:0f30abff3bfd,data/external/include_pose/INCLUDE/Pose_Signs/Home/41. Letter/MVI_8824.pkl,data/processed/landmarks/include/LETTER/0f30abff3bfd.npz,72,0.0,0.0,0.5833,1.0,,train
46a7a95d0221,LETTER,include,video,,include:clip:46a7a95d0221,data/external/include_pose/INCLUDE/Pose_Signs/Home/41. Letter/MVI_4930.pkl,data/processed/landmarks/include/LETTER/46a7a95d0221.npz,52,0.0,0.0,0.9038,1.0,,train
96e1ff26d85b,LETTER,include,video,,include:clip:96e1ff26d85b,data/external/include_pose/INCLUDE/Pose_Signs/Home/41. Letter/MVI_8822.pkl,data/processed/landmarks/include/LETTER/96e1ff26d85b.npz,83,0.0,0.0,0.747,1.0,,train
d8f15d6d2eda,LETTER,include,video,,include:clip:d8f15d6d2eda,data/external/include_pose/INCLUDE/Pose_Signs/Home/41. Letter/MVI_9055.pkl,data/processed/landmarks/include/LETTER/d8f15d6d2eda.npz,74,0.0,0.0,0.9595,1.0,,train
a7d9a74932c9,LETTER,include,video,,include:clip:a7d9a74932c9,data/external/include_pose/INCLUDE/Pose_Signs/Home/41. Letter/MVI_9054.pkl,data/processed/landmarks/include/LETTER/a7d9a74932c9.npz,75,0.0,0.0,0.9467,1.0,,train
6545919d84fd,LETTER,include,video,,include:clip:6545919d84fd,data/external/include_pose/INCLUDE/Pose_Signs/Home/41. Letter/MVI_4416.pkl,data/processed/landmarks/include/LETTER/6545919d84fd.npz,64,0.0,0.0,0.9688,1.0,,train
05c18d49810f,LETTER,include,video,,include:clip:05c18d49810f,data/external/include_pose/INCLUDE/Pose_Signs/Home/41. Letter/MVI_4418.pkl,data/processed/landmarks/include/LETTER/05c18d49810f.npz,68,0.0,0.0,1.0,1.0,,train
0b27653cccd5,LETTER,include,video,,include:clip:0b27653cccd5,data/external/include_pose/INCLUDE/Pose_Signs/Home/41. Letter/MVI_4419.pkl,data/processed/landmarks/include/LETTER/0b27653cccd5.npz,64,0.0,0.0,1.0,1.0,,train
21089e808c64,LETTER,include,video,,include:clip:21089e808c64,data/external/include_pose/INCLUDE/Pose_Signs/Home/41. Letter/MVI_4929.pkl,data/processed/landmarks/include/LETTER/21089e808c64.npz,50,0.0,0.0,0.9,1.0,,train
7f2b7b0ea0ad,HAT,include,video,,include:clip:7f2b7b0ea0ad,data/external/include_pose/INCLUDE/Pose_Signs/Clothes/37. Hat/MVI_8600.pkl,data/processed/landmarks/include/HAT/7f2b7b0ea0ad.npz,51,0.0,0.0,0.9216,1.0,,train
96bcfa62979f,HAT,include,video,,include:clip:96bcfa62979f,data/external/include_pose/INCLUDE/Pose_Signs/Clothes/37. Hat/MVI_5155.pkl,data/processed/landmarks/include/HAT/96bcfa62979f.npz,61,0.0,0.0,1.0,1.0,,train
43484460f32c,HAT,include,video,,include:clip:43484460f32c,data/external/include_pose/INCLUDE/Pose_Signs/Clothes/37. Hat/MVI_3691.pkl,data/processed/landmarks/include/HAT/43484460f32c.npz,116,0.0,0.0,1.0,1.0,,train
c7c122b13d93,HAT,include,video,,include:clip:c7c122b13d93,data/external/include_pose/INCLUDE/Pose_Signs/Clothes/37. Hat/MVI_5008.pkl,data/processed/landmarks/include/HAT/c7c122b13d93.npz,50,0.0,0.0,1.0,1.0,,train
5c048720c09c,HAT,include,video,,include:clip:5c048720c09c,data/external/include_pose/INCLUDE/Pose_Signs/Clothes/37. Hat/MVI_3985.pkl,data/processed/landmarks/include/HAT/5c048720c09c.npz,59,0.0,0.0,1.0,1.0,,train
2dcda3b042e6,HAT,include,video,,include:clip:2dcda3b042e6,data/external/include_pose/INCLUDE/Pose_Signs/Clothes/37. Hat/MVI_3984.pkl,data/processed/landmarks/include/HAT/2dcda3b042e6.npz,57,0.0,0.0,1.0,1.0,,train
630541bc2163,HAT,include,video,,include:clip:630541bc2163,data/external/include_pose/INCLUDE/Pose_Signs/Clothes/37. Hat/MVI_3986.pkl,data/processed/landmarks/include/HAT/630541bc2163.npz,101,0.0,0.0,1.0,1.0,,train
90638b715fa8,HAT,include,video,,include:clip:90638b715fa8,data/external/include_pose/INCLUDE/Pose_Signs/Clothes/37. Hat/MVI_4197.pkl,data/processed/landmarks/include/HAT/90638b715fa8.npz,52,0.0,0.0,1.0,1.0,,train
ca6ea0d88ed9,HAT,include,video,,include:clip:ca6ea0d88ed9,data/external/include_pose/INCLUDE/Pose_Signs/Clothes/37. Hat/MVI_3835.pkl,data/processed/landmarks/include/HAT/ca6ea0d88ed9.npz,70,0.0,0.0,1.0,1.0,,train
b09b1c91497b,HAT,include,video,,include:clip:b09b1c91497b,data/external/include_pose/INCLUDE/Pose_Signs/Clothes/37. Hat/MVI_3837.pkl,data/processed/landmarks/include/HAT/b09b1c91497b.npz,40,0.0,0.0,1.0,1.0,,train
2d422ef9dbda,HAT,include,video,,include:clip:2d422ef9dbda,data/external/include_pose/INCLUDE/Pose_Signs/Clothes/37. Hat/MVI_3836.pkl,data/processed/landmarks/include/HAT/2d422ef9dbda.npz,44,0.0,0.0,1.0,1.0,,train
3b406e9d2ff4,HAT,include,video,,include:clip:3b406e9d2ff4,data/external/include_pose/INCLUDE/Pose_Signs/Clothes/37. Hat/MVI_3688.pkl,data/processed/landmarks/include/HAT/3b406e9d2ff4.npz,69,0.0,0.0,1.0,1.0,,train
f8d4eb24e2a9,HAT,include,video,,include:clip:f8d4eb24e2a9,data/external/include_pose/INCLUDE/Pose_Signs/Clothes/37. Hat/MVI_4867.pkl,data/processed/landmarks/include/HAT/f8d4eb24e2a9.npz,67,0.0,0.0,1.0,1.0,,train
9b6b6441c58d,HAT,include,video,,include:clip:9b6b6441c58d,data/external/include_pose/INCLUDE/Pose_Signs/Clothes/37. Hat/MVI_5007.pkl,data/processed/landmarks/include/HAT/9b6b6441c58d.npz,50,0.0,0.0,1.0,1.0,,train
41fe09db65bb,SHIRT,include,video,,include:clip:41fe09db65bb,data/external/include_pose/INCLUDE/Pose_Signs/Clothes/41. Shirt/MVI_4879.pkl,data/processed/landmarks/include/SHIRT/41fe09db65bb.npz,77,0.0,0.0,0.9481,1.0,,train
fd497b83038a,SHIRT,include,video,,include:clip:fd497b83038a,data/external/include_pose/INCLUDE/Pose_Signs/Clothes/41. Shirt/MVI_4880.pkl,data/processed/landmarks/include/SHIRT/fd497b83038a.npz,73,0.0,0.0,0.9178,1.0,,train
7793e80acafd,SHIRT,include,video,,include:clip:7793e80acafd,data/external/include_pose/INCLUDE/Pose_Signs/Clothes/41. Shirt/MVI_8605.pkl,data/processed/landmarks/include/SHIRT/7793e80acafd.npz,86,0.0,0.0,0.9186,1.0,,train
ebfe2c5658db,SHIRT,include,video,,include:clip:ebfe2c5658db,data/external/include_pose/INCLUDE/Pose_Signs/Clothes/41. Shirt/MVI_3849.pkl,data/processed/landmarks/include/SHIRT/ebfe2c5658db.npz,105,0.0,0.0,1.0,1.0,,train
1cf2f11c1ef3,SHIRT,include,video,,include:clip:1cf2f11c1ef3,data/external/include_pose/INCLUDE/Pose_Signs/Clothes/41. Shirt/MVI_3848.pkl,data/processed/landmarks/include/SHIRT/1cf2f11c1ef3.npz,115,0.0,0.0,0.9826,1.0,,train
a4e02409c9e9,SHIRT,include,video,,include:clip:a4e02409c9e9,data/external/include_pose/INCLUDE/Pose_Signs/Clothes/41. Shirt/MVI_5020.pkl,data/processed/landmarks/include/SHIRT/a4e02409c9e9.npz,70,0.0,0.0,0.8857,1.0,,train
c6361ab8df87,SHIRT,include,video,,include:clip:c6361ab8df87,data/external/include_pose/INCLUDE/Pose_Signs/Clothes/41. Shirt/MVI_4001.pkl,data/processed/landmarks/include/SHIRT/c6361ab8df87.npz,71,0.0,0.0,0.8451,1.0,,train
cf7b5c3590ad,SHIRT,include,video,,include:clip:cf7b5c3590ad,data/external/include_pose/INCLUDE/Pose_Signs/Clothes/41. Shirt/MVI_4000.pkl,data/processed/landmarks/include/SHIRT/cf7b5c3590ad.npz,65,0.0,0.0,0.9077,1.0,,train
e7edf91447f1,SHIRT,include,video,,include:clip:e7edf91447f1,data/external/include_pose/INCLUDE/Pose_Signs/Clothes/41. Shirt/MVI_3703.pkl,data/processed/landmarks/include/SHIRT/e7edf91447f1.npz,72,0.0,0.0,0.9861,1.0,,train
5687de129c1b,SHIRT,include,video,,include:clip:5687de129c1b,data/external/include_pose/INCLUDE/Pose_Signs/Clothes/41. Shirt/MVI_3701.pkl,data/processed/landmarks/include/SHIRT/5687de129c1b.npz,112,0.0,0.0,0.9911,1.0,,train
dcee137dc5d6,SHIRT,include,video,,include:clip:dcee137dc5d6,data/external/include_pose/INCLUDE/Pose_Signs/Clothes/41. Shirt/MVI_5166.pkl,data/processed/landmarks/include/SHIRT/dcee137dc5d6.npz,71,0.0,0.0,0.9859,1.0,,train
24826430b0ef,SHIRT,include,video,,include:clip:24826430b0ef,data/external/include_pose/INCLUDE/Pose_Signs/Clothes/41. Shirt/MVI_3847.pkl,data/processed/landmarks/include/SHIRT/24826430b0ef.npz,111,0.0,0.0,0.991,1.0,,train
0ef46d9c04e6,SHIRT,include,video,,include:clip:0ef46d9c04e6,data/external/include_pose/INCLUDE/Pose_Signs/Clothes/41. Shirt/MVI_5167.pkl,data/processed/landmarks/include/SHIRT/0ef46d9c04e6.npz,70,0.0,0.0,0.9857,1.0,,train
6b45bca57991,SHIRT,include,video,,include:clip:6b45bca57991,data/external/include_pose/INCLUDE/Pose_Signs/Clothes/41. Shirt/MVI_4877.pkl,data/processed/landmarks/include/SHIRT/6b45bca57991.npz,89,0.0,0.0,0.9775,1.0,,train
5d774fde1eb2,POCKET,include,video,,include:clip:5d774fde1eb2,data/external/include_pose/INCLUDE/Pose_Signs/Clothes/45. Pocket/MVI_5178.pkl,data/processed/landmarks/include/POCKET/5d774fde1eb2.npz,53,0.0,0.0,1.0,1.0,,train
edd5ec2d4286,POCKET,include,video,,include:clip:edd5ec2d4286,data/external/include_pose/INCLUDE/Pose_Signs/Clothes/45. Pocket/MVI_3859.pkl,data/processed/landmarks/include/POCKET/edd5ec2d4286.npz,87,0.0,0.0,1.0,1.0,,train
4e7c4e4f0340,POCKET,include,video,,include:clip:4e7c4e4f0340,data/external/include_pose/INCLUDE/Pose_Signs/Clothes/45. Pocket/MVI_5031.pkl,data/processed/landmarks/include/POCKET/4e7c4e4f0340.npz,58,0.0,0.0,1.0,1.0,,train
3cce77739bc8,POCKET,include,video,,include:clip:3cce77739bc8,data/external/include_pose/INCLUDE/Pose_Signs/Clothes/45. Pocket/MVI_5033.pkl,data/processed/landmarks/include/POCKET/3cce77739bc8.npz,54,0.0,0.0,0.9815,1.0,,train
bfb6796c0dbd,POCKET,include,video,,include:clip:bfb6796c0dbd,data/external/include_pose/INCLUDE/Pose_Signs/Clothes/45. Pocket/MVI_4890.pkl,data/processed/landmarks/include/POCKET/bfb6796c0dbd.npz,61,0.0,0.0,1.0,1.0,,train
dfeb1a41936d,POCKET,include,video,,include:clip:dfeb1a41936d,data/external/include_pose/INCLUDE/Pose_Signs/Clothes/45. Pocket/MVI_8610.pkl,data/processed/landmarks/include/POCKET/dfeb1a41936d.npz,70,0.0,0.0,0.8143,1.0,,train
30e1a49be604,POCKET,include,video,,include:clip:30e1a49be604,data/external/include_pose/INCLUDE/Pose_Signs/Clothes/45. Pocket/MVI_3862.pkl,data/processed/landmarks/include/POCKET/30e1a49be604.npz,44,0.0,0.0,1.0,1.0,,train
f2e9089656d4,POCKET,include,video,,include:clip:f2e9089656d4,data/external/include_pose/INCLUDE/Pose_Signs/Clothes/45. Pocket/MVI_5180.pkl,data/processed/landmarks/include/POCKET/f2e9089656d4.npz,53,0.0,0.0,1.0,1.0,,train
09556aed5b69,POCKET,include,video,,include:clip:09556aed5b69,data/external/include_pose/INCLUDE/Pose_Signs/Clothes/45. Pocket/MVI_3861.pkl,data/processed/landmarks/include/POCKET/09556aed5b69.npz,62,0.0,0.0,1.0,1.0,,train
94423a0aca55,POCKET,include,video,,include:clip:94423a0aca55,data/external/include_pose/INCLUDE/Pose_Signs/Clothes/45. Pocket/MVI_4013.pkl,data/processed/landmarks/include/POCKET/94423a0aca55.npz,60,0.0,0.0,1.0,1.0,,train
6df6a002ce65,POCKET,include,video,,include:clip:6df6a002ce65,data/external/include_pose/INCLUDE/Pose_Signs/Clothes/45. Pocket/MVI_4205.pkl,data/processed/landmarks/include/POCKET/6df6a002ce65.npz,52,0.0,0.0,1.0,1.0,,train
738dc9b815e8,POCKET,include,video,,include:clip:738dc9b815e8,data/external/include_pose/INCLUDE/Pose_Signs/Clothes/45. Pocket/MVI_4011.pkl,data/processed/landmarks/include/POCKET/738dc9b815e8.npz,66,0.0,0.0,1.0,1.0,,train
4b35219159a0,POCKET,include,video,,include:clip:4b35219159a0,data/external/include_pose/INCLUDE/Pose_Signs/Clothes/45. Pocket/MVI_3715.pkl,data/processed/landmarks/include/POCKET/4b35219159a0.npz,60,0.0,0.0,1.0,1.0,,train
f67d4e6f7f99,POCKET,include,video,,include:clip:f67d4e6f7f99,data/external/include_pose/INCLUDE/Pose_Signs/Clothes/45. Pocket/MVI_3714.pkl,data/processed/landmarks/include/POCKET/f67d4e6f7f99.npz,55,0.0,0.0,1.0,1.0,,train
5930627b8b03,SKIRT,include,video,,include:clip:5930627b8b03,data/external/include_pose/INCLUDE/Pose_Signs/Clothes/40. Skirt/MVI_8604.pkl,data/processed/landmarks/include/SKIRT/5930627b8b03.npz,70,0.0,0.0,0.6143,1.0,,train
abbcc5e35a0d,SKIRT,include,video,,include:clip:abbcc5e35a0d,data/external/include_pose/INCLUDE/Pose_Signs/Clothes/40. Skirt/MVI_3998.pkl,data/processed/landmarks/include/SKIRT/abbcc5e35a0d.npz,64,0.0,0.0,0.9531,1.0,,train
4868c8036e1c,SKIRT,include,video,,include:clip:4868c8036e1c,data/external/include_pose/INCLUDE/Pose_Signs/Clothes/40. Skirt/MVI_4200.pkl,data/processed/landmarks/include/SKIRT/4868c8036e1c.npz,45,0.0,0.0,0.9556,1.0,,train
c41a3dce6780,SKIRT,include,video,,include:clip:c41a3dce6780,data/external/include_pose/INCLUDE/Pose_Signs/Clothes/40. Skirt/MVI_5165.pkl,data/processed/landmarks/include/SKIRT/c41a3dce6780.npz,51,0.0,0.0,0.9216,1.0,,train
3e5122cd386a,SKIRT,include,video,,include:clip:3e5122cd386a,data/external/include_pose/INCLUDE/Pose_Signs/Clothes/40. Skirt/MVI_3845.pkl,data/processed/landmarks/include/SKIRT/3e5122cd386a.npz,57,0.0,0.0,1.0,1.0,,train
7624f81cd6c8,SKIRT,include,video,,include:clip:7624f81cd6c8,data/external/include_pose/INCLUDE/Pose_Signs/Clothes/40. Skirt/MVI_3844.pkl,data/processed/landmarks/include/SKIRT/7624f81cd6c8.npz,60,0.0,0.0,0.9833,1.0,,train
93a8ae96c2dd,SKIRT,include,video,,include:clip:93a8ae96c2dd,data/external/include_pose/INCLUDE/Pose_Signs/Clothes/40. Skirt/MVI_5164.pkl,data/processed/landmarks/include/SKIRT/93a8ae96c2dd.npz,47,0.0,0.0,0.9362,1.0,,train
11b669c5c3ba,SKIRT,include,video,,include:clip:11b669c5c3ba,data/external/include_pose/INCLUDE/Pose_Signs/Clothes/40. Skirt/MVI_3846.pkl,data/processed/landmarks/include/SKIRT/11b669c5c3ba.npz,51,0.0,0.0,0.902,1.0,,train
eada29f2028e,SKIRT,include,video,,include:clip:eada29f2028e,data/external/include_pose/INCLUDE/Pose_Signs/Clothes/40. Skirt/MVI_5163.pkl,data/processed/landmarks/include/SKIRT/eada29f2028e.npz,54,0.0,0.0,0.963,1.0,,train
1b64847b78eb,SKIRT,include,video,,include:clip:1b64847b78eb,data/external/include_pose/INCLUDE/Pose_Signs/Clothes/40. Skirt/MVI_5017.pkl,data/processed/landmarks/include/SKIRT/1b64847b78eb.npz,48,0.0,0.0,0.9167,1.0,,train
fae0a0889d6c,SKIRT,include,video,,include:clip:fae0a0889d6c,data/external/include_pose/INCLUDE/Pose_Signs/Clothes/40. Skirt/MVI_5016.pkl,data/processed/landmarks/include/SKIRT/fae0a0889d6c.npz,46,0.0,0.0,0.9565,1.0,,train
3ab3781ce786,SKIRT,include,video,,include:clip:3ab3781ce786,data/external/include_pose/INCLUDE/Pose_Signs/Clothes/40. Skirt/MVI_3699.pkl,data/processed/landmarks/include/SKIRT/3ab3781ce786.npz,69,0.0,0.0,0.9275,1.0,,train
492cde9e1f5c,SKIRT,include,video,,include:clip:492cde9e1f5c,data/external/include_pose/INCLUDE/Pose_Signs/Clothes/40. Skirt/MVI_5015.pkl,data/processed/landmarks/include/SKIRT/492cde9e1f5c.npz,66,0.0,0.0,0.9545,1.0,,train
46590fba9c6b,CLOTHING,include,video,,include:clip:46590fba9c6b,data/external/include_pose/INCLUDE/Pose_Signs/Clothes/46. Clothing/MVI_5036.pkl,data/processed/landmarks/include/CLOTHING/46590fba9c6b.npz,49,0.0,0.0,0.9592,1.0,,train
ad020269bd8d,CLOTHING,include,video,,include:clip:ad020269bd8d,data/external/include_pose/INCLUDE/Pose_Signs/Clothes/46. Clothing/MVI_4894.pkl,data/processed/landmarks/include/CLOTHING/ad020269bd8d.npz,59,0.0,0.0,1.0,1.0,,train
91b0bc7e97d5,CLOTHING,include,video,,include:clip:91b0bc7e97d5,data/external/include_pose/INCLUDE/Pose_Signs/Clothes/46. Clothing/MVI_4895.pkl,data/processed/landmarks/include/CLOTHING/91b0bc7e97d5.npz,58,0.0,0.0,1.0,1.0,,train
7a8b16954a78,CLOTHING,include,video,,include:clip:7a8b16954a78,data/external/include_pose/INCLUDE/Pose_Signs/Clothes/46. Clothing/MVI_8611.pkl,data/processed/landmarks/include/CLOTHING/7a8b16954a78.npz,67,0.0,0.0,0.8358,1.0,,train
a4b7dc018409,CLOTHING,include,video,,include:clip:a4b7dc018409,data/external/include_pose/INCLUDE/Pose_Signs/Clothes/46. Clothing/MVI_3718.pkl,data/processed/landmarks/include/CLOTHING/a4b7dc018409.npz,53,0.0,0.0,1.0,1.0,,train
4189996356ca,CLOTHING,include,video,,include:clip:4189996356ca,data/external/include_pose/INCLUDE/Pose_Signs/Clothes/46. Clothing/MVI_5182.pkl,data/processed/landmarks/include/CLOTHING/4189996356ca.npz,57,0.0,0.0,1.0,1.0,,train
722dabbf88df,CLOTHING,include,video,,include:clip:722dabbf88df,data/external/include_pose/INCLUDE/Pose_Signs/Clothes/46. Clothing/MVI_5035.pkl,data/processed/landmarks/include/CLOTHING/722dabbf88df.npz,44,0.0,0.0,1.0,1.0,,train
2817b096f0e3,CLOTHING,include,video,,include:clip:2817b096f0e3,data/external/include_pose/INCLUDE/Pose_Signs/Clothes/46. Clothing/MVI_5034.pkl,data/processed/landmarks/include/CLOTHING/2817b096f0e3.npz,49,0.0,0.0,0.9796,1.0,,train
fd99fb53c7f0,CLOTHING,include,video,,include:clip:fd99fb53c7f0,data/external/include_pose/INCLUDE/Pose_Signs/Clothes/46. Clothing/MVI_4206.pkl,data/processed/landmarks/include/CLOTHING/fd99fb53c7f0.npz,50,0.0,0.0,0.98,1.0,,train
3a61db9a2969,CLOTHING,include,video,,include:clip:3a61db9a2969,data/external/include_pose/INCLUDE/Pose_Signs/Clothes/46. Clothing/MVI_4015.pkl,data/processed/landmarks/include/CLOTHING/3a61db9a2969.npz,62,0.0,0.0,1.0,1.0,,train
1b6d3bc48a3b,CLOTHING,include,video,,include:clip:1b6d3bc48a3b,data/external/include_pose/INCLUDE/Pose_Signs/Clothes/46. Clothing/MVI_4014.pkl,data/processed/landmarks/include/CLOTHING/1b6d3bc48a3b.npz,61,0.0,0.0,1.0,1.0,,train
d14b3b86d36a,CLOTHING,include,video,,include:clip:d14b3b86d36a,data/external/include_pose/INCLUDE/Pose_Signs/Clothes/46. Clothing/MVI_4016.pkl,data/processed/landmarks/include/CLOTHING/d14b3b86d36a.npz,61,0.0,0.0,1.0,1.0,,train
860143c86f1d,CLOTHING,include,video,,include:clip:860143c86f1d,data/external/include_pose/INCLUDE/Pose_Signs/Clothes/46. Clothing/MVI_3716.pkl,data/processed/landmarks/include/CLOTHING/860143c86f1d.npz,61,0.0,0.0,1.0,1.0,,train
bfab2ca45768,CLOTHING,include,video,,include:clip:bfab2ca45768,data/external/include_pose/INCLUDE/Pose_Signs/Clothes/46. Clothing/MVI_3717.pkl,data/processed/landmarks/include/CLOTHING/bfab2ca45768.npz,61,0.0,0.0,1.0,1.0,,train
34d496376b7b,T_SHIRT,include,video,,include:clip:34d496376b7b,data/external/include_pose/INCLUDE/Pose_Signs/Clothes/42. T-Shirt/MVI_5022.pkl,data/processed/landmarks/include/T_SHIRT/34d496376b7b.npz,76,0.0,0.0,0.8947,1.0,,train
361774c09100,T_SHIRT,include,video,,include:clip:361774c09100,data/external/include_pose/INCLUDE/Pose_Signs/Clothes/42. T-Shirt/MVI_5021.pkl,data/processed/landmarks/include/T_SHIRT/361774c09100.npz,64,0.0,0.0,0.875,1.0,,train
f7cebb52855c,T_SHIRT,include,video,,include:clip:f7cebb52855c,data/external/include_pose/INCLUDE/Pose_Signs/Clothes/42. T-Shirt/MVI_8606.pkl,data/processed/landmarks/include/T_SHIRT/f7cebb52855c.npz,76,0.0,0.0,0.8684,1.0,,train
ce06a9077f08,T_SHIRT,include,video,,include:clip:ce06a9077f08,data/external/include_pose/INCLUDE/Pose_Signs/Clothes/42. T-Shirt/MVI_4004.pkl,data/processed/landmarks/include/T_SHIRT/ce06a9077f08.npz,81,0.0,0.0,0.8765,1.0,,train
9ac57fb4e204,T_SHIRT,include,video,,include:clip:9ac57fb4e204,data/external/include_pose/INCLUDE/Pose_Signs/Clothes/42. T-Shirt/MVI_4202.pkl,data/processed/landmarks/include/T_SHIRT/9ac57fb4e204.npz,61,0.0,0.0,0.9672,1.0,,train
86dc647ef0ea,T_SHIRT,include,video,,include:clip:86dc647ef0ea,data/external/include_pose/INCLUDE/Pose_Signs/Clothes/42. T-Shirt/MVI_4002.pkl,data/processed/landmarks/include/T_SHIRT/86dc647ef0ea.npz,92,0.0,0.0,0.9565,1.0,,train
6effa5be1895,T_SHIRT,include,video,,include:clip:6effa5be1895,data/external/include_pose/INCLUDE/Pose_Signs/Clothes/42. T-Shirt/MVI_4003.pkl,data/processed/landmarks/include/T_SHIRT/6effa5be1895.npz,85,0.0,0.0,0.8824,1.0,,train
7df54dbe7848,T_SHIRT,include,video,,include:clip:7df54dbe7848,data/external/include_pose/INCLUDE/Pose_Signs/Clothes/42. T-Shirt/MVI_5171.pkl,data/processed/landmarks/include/T_SHIRT/7df54dbe7848.npz,65,0.0,0.0,0.9846,1.0,,train
9c38f7502ca5,T_SHIRT,include,video,,include:clip:9c38f7502ca5,data/external/include_pose/INCLUDE/Pose_Signs/Clothes/42. T-Shirt/MVI_3850.pkl,data/processed/landmarks/include/T_SHIRT/9c38f7502ca5.npz,106,0.0,0.0,0.9717,1.0,,train
8f30003a00fb,T_SHIRT,include,video,,include:clip:8f30003a00fb,data/external/include_pose/INCLUDE/Pose_Signs/Clothes/42. T-Shirt/MVI_5170.pkl,data/processed/landmarks/include/T_SHIRT/8f30003a00fb.npz,66,0.0,0.0,1.0,1.0,,train
ff4e404ed6fd,T_SHIRT,include,video,,include:clip:ff4e404ed6fd,data/external/include_pose/INCLUDE/Pose_Signs/Clothes/42. T-Shirt/MVI_3852.pkl,data/processed/landmarks/include/T_SHIRT/ff4e404ed6fd.npz,92,0.0,0.0,0.9674,1.0,,train
85cf3d4fe0eb,T_SHIRT,include,video,,include:clip:85cf3d4fe0eb,data/external/include_pose/INCLUDE/Pose_Signs/Clothes/42. T-Shirt/MVI_3704.pkl,data/processed/landmarks/include/T_SHIRT/85cf3d4fe0eb.npz,84,0.0,0.0,0.9643,1.0,,train
9b70f9f0a21d,T_SHIRT,include,video,,include:clip:9b70f9f0a21d,data/external/include_pose/INCLUDE/Pose_Signs/Clothes/42. T-Shirt/MVI_3705.pkl,data/processed/landmarks/include/T_SHIRT/9b70f9f0a21d.npz,70,0.0,0.0,0.9429,1.0,,train
e760a2495654,T_SHIRT,include,video,,include:clip:e760a2495654,data/external/include_pose/INCLUDE/Pose_Signs/Clothes/42. T-Shirt/MVI_3706.pkl,data/processed/landmarks/include/T_SHIRT/e760a2495654.npz,74,0.0,0.0,0.9595,1.0,,train
b203cbc3c9ae,PANT,include,video,,include:clip:b203cbc3c9ae,data/external/include_pose/INCLUDE/Pose_Signs/Clothes/43. Pant/MVI_5024.pkl,data/processed/landmarks/include/PANT/b203cbc3c9ae.npz,47,0.0,0.0,0.9362,1.0,,train
be194c1e42f2,PANT,include,video,,include:clip:be194c1e42f2,data/external/include_pose/INCLUDE/Pose_Signs/Clothes/43. Pant/MVI_4886.pkl,data/processed/landmarks/include/PANT/be194c1e42f2.npz,48,0.0,0.0,0.9792,1.0,,train
719cc2e0a279,PANT,include,video,,include:clip:719cc2e0a279,data/external/include_pose/INCLUDE/Pose_Signs/Clothes/43. Pant/MVI_5025.pkl,data/processed/landmarks/include/PANT/719cc2e0a279.npz,53,0.0,0.0,1.0,1.0,,train
e5661c793666,PANT,include,video,,include:clip:e5661c793666,data/external/include_pose/INCLUDE/Pose_Signs/Clothes/43. Pant/MVI_3708.pkl,data/processed/landmarks/include/PANT/e5661c793666.npz,63,0.0,0.0,0.9365,1.0,,train
951ef0c44453,PANT,include,video,,include:clip:951ef0c44453,data/external/include_pose/INCLUDE/Pose_Signs/Clothes/43. Pant/MVI_4885.pkl,data/processed/landmarks/include/PANT/951ef0c44453.npz,65,0.0,0.0,0.9538,1.0,,train
3257eba4757b,PANT,include,video,,include:clip:3257eba4757b,data/external/include_pose/INCLUDE/Pose_Signs/Clothes/43. Pant/MVI_4884.pkl,data/processed/landmarks/include/PANT/3257eba4757b.npz,52,0.0,0.0,0.9231,1.0,,train
09cf47d63e0e,PANT,include,video,,include:clip:09cf47d63e0e,data/external/include_pose/INCLUDE/Pose_Signs/Clothes/43. Pant/MVI_5026.pkl,data/processed/landmarks/include/PANT/09cf47d63e0e.npz,51,0.0,0.0,0.9804,1.0,,train
9c550783aefb,PANT,include,video,,include:clip:9c550783aefb,data/external/include_pose/INCLUDE/Pose_Signs/Clothes/43. Pant/MVI_3709.pkl,data/processed/landmarks/include/PANT/9c550783aefb.npz,59,0.0,0.0,0.9831,1.0,,train
4304ba093f1c,PANT,include,video,,include:clip:4304ba093f1c,data/external/include_pose/INCLUDE/Pose_Signs/Clothes/43. Pant/MVI_8607.pkl,data/processed/landmarks/include/PANT/4304ba093f1c.npz,55,0.0,0.0,0.9273,1.0,,train
10768e989c72,PANT,include,video,,include:clip:10768e989c72,data/external/include_pose/INCLUDE/Pose_Signs/Clothes/43. Pant/MVI_4007.pkl,data/processed/landmarks/include/PANT/10768e989c72.npz,65,0.0,0.0,1.0,1.0,,train
0ecc271101db,PANT,include,video,,include:clip:0ecc271101db,data/external/include_pose/INCLUDE/Pose_Signs/Clothes/43. Pant/MVI_4005.pkl,data/processed/landmarks/include/PANT/0ecc271101db.npz,61,0.0,0.0,1.0,1.0,,train
d03152bb68f4,PANT,include,video,,include:clip:d03152bb68f4,data/external/include_pose/INCLUDE/Pose_Signs/Clothes/43. Pant/MVI_3853.pkl,data/processed/landmarks/include/PANT/d03152bb68f4.npz,74,0.0,0.0,0.9865,1.0,,train
5c6600df2896,PANT,include,video,,include:clip:5c6600df2896,data/external/include_pose/INCLUDE/Pose_Signs/Clothes/43. Pant/MVI_3707.pkl,data/processed/landmarks/include/PANT/5c6600df2896.npz,77,0.0,0.0,0.987,1.0,,train
dfebb9896aee,PANT,include,video,,include:clip:dfebb9896aee,data/external/include_pose/INCLUDE/Pose_Signs/Clothes/43. Pant/MVI_5174.pkl,data/processed/landmarks/include/PANT/dfebb9896aee.npz,39,0.0,0.0,0.9744,1.0,,train
3ef87006da83,SUIT,include,video,,include:clip:3ef87006da83,data/external/include_pose/INCLUDE/Pose_Signs/Clothes/39. Suit/MVI_3697.pkl,data/processed/landmarks/include/SUIT/3ef87006da83.npz,70,0.0,0.0,0.9286,1.0,,train
16805b7316fb,SUIT,include,video,,include:clip:16805b7316fb,data/external/include_pose/INCLUDE/Pose_Signs/Clothes/39. Suit/MVI_4199.pkl,data/processed/landmarks/include/SUIT/16805b7316fb.npz,62,0.0,0.0,0.9355,1.0,,train
7afd1ab7397d,SUIT,include,video,,include:clip:7afd1ab7397d,data/external/include_pose/INCLUDE/Pose_Signs/Clothes/39. Suit/MVI_3991.pkl,data/processed/landmarks/include/SUIT/7afd1ab7397d.npz,84,0.0,0.0,0.9762,1.0,,train
b6bced621922,SUIT,include,video,,include:clip:b6bced621922,data/external/include_pose/INCLUDE/Pose_Signs/Clothes/39. Suit/MVI_3990.pkl,data/processed/landmarks/include/SUIT/b6bced621922.npz,81,0.0,0.0,0.9383,1.0,,train
2d8105fc4a01,SUIT,include,video,,include:clip:2d8105fc4a01,data/external/include_pose/INCLUDE/Pose_Signs/Clothes/39. Suit/MVI_3992.pkl,data/processed/landmarks/include/SUIT/2d8105fc4a01.npz,73,0.0,0.0,0.9315,1.0,,train
d902d35f954b,SUIT,include,video,,include:clip:d902d35f954b,data/external/include_pose/INCLUDE/Pose_Signs/Clothes/39. Suit/MVI_4871.pkl,data/processed/landmarks/include/SUIT/d902d35f954b.npz,72,0.0,0.0,0.8889,1.0,,train
ef6194b43d18,SUIT,include,video,,include:clip:ef6194b43d18,data/external/include_pose/INCLUDE/Pose_Signs/Clothes/39. Suit/MVI_5012.pkl,data/processed/landmarks/include/SUIT/ef6194b43d18.npz,58,0.0,0.0,0.7931,1.0,,train
bb80be8061c3,SUIT,include,video,,include:clip:bb80be8061c3,data/external/include_pose/INCLUDE/Pose_Signs/Clothes/39. Suit/MVI_4873.pkl,data/processed/landmarks/include/SUIT/bb80be8061c3.npz,81,0.0,0.0,0.9259,1.0,,train
8c6580b24ca5,SUIT,include,video,,include:clip:8c6580b24ca5,data/external/include_pose/INCLUDE/Pose_Signs/Clothes/39. Suit/MVI_4872.pkl,data/processed/landmarks/include/SUIT/8c6580b24ca5.npz,82,0.0,0.0,0.9268,1.0,,train
1091e6d00b39,SUIT,include,video,,include:clip:1091e6d00b39,data/external/include_pose/INCLUDE/Pose_Signs/Clothes/39. Suit/MVI_3842.pkl,data/processed/landmarks/include/SUIT/1091e6d00b39.npz,71,0.0,0.0,0.9296,1.0,,train
2d991defbe33,SUIT,include,video,,include:clip:2d991defbe33,data/external/include_pose/INCLUDE/Pose_Signs/Clothes/39. Suit/MVI_5160.pkl,data/processed/landmarks/include/SUIT/2d991defbe33.npz,98,0.0,0.0,0.9898,1.0,,train
eeefeb4c989f,SUIT,include,video,,include:clip:eeefeb4c989f,data/external/include_pose/INCLUDE/Pose_Signs/Clothes/39. Suit/MVI_5014.pkl,data/processed/landmarks/include/SUIT/eeefeb4c989f.npz,53,0.0,0.0,0.7925,1.0,,train
ac2075b40c46,SUIT,include,video,,include:clip:ac2075b40c46,data/external/include_pose/INCLUDE/Pose_Signs/Clothes/39. Suit/MVI_5161.pkl,data/processed/landmarks/include/SUIT/ac2075b40c46.npz,61,0.0,0.0,0.9508,1.0,,train
99c505d89da2,DRESS,include,video,,include:clip:99c505d89da2,data/external/include_pose/INCLUDE/Pose_Signs/Clothes/38. Dress/MVI_8601.pkl,data/processed/landmarks/include/DRESS/99c505d89da2.npz,54,0.0,0.0,0.8889,1.0,,train
3c88898d987b,DRESS,include,video,,include:clip:3c88898d987b,data/external/include_pose/INCLUDE/Pose_Signs/Clothes/38. Dress/MVI_3696.pkl,data/processed/landmarks/include/DRESS/3c88898d987b.npz,62,0.0,0.0,1.0,1.0,,train
3e0b2bc9888a,DRESS,include,video,,include:clip:3e0b2bc9888a,data/external/include_pose/INCLUDE/Pose_Signs/Clothes/38. Dress/MVI_5157.pkl,data/processed/landmarks/include/DRESS/3e0b2bc9888a.npz,66,0.0,0.0,1.0,1.0,,train
448ce381e42b,DRESS,include,video,,include:clip:448ce381e42b,data/external/include_pose/INCLUDE/Pose_Signs/Clothes/38. Dress/MVI_5009.pkl,data/processed/landmarks/include/DRESS/448ce381e42b.npz,49,0.0,0.0,0.8163,1.0,,train
1be288dac2d2,DRESS,include,video,,include:clip:1be288dac2d2,data/external/include_pose/INCLUDE/Pose_Signs/Clothes/38. Dress/MVI_4868.pkl,data/processed/landmarks/include/DRESS/1be288dac2d2.npz,55,0.0,0.0,1.0,1.0,,train
a5e4f0f63af9,DRESS,include,video,,include:clip:a5e4f0f63af9,data/external/include_pose/INCLUDE/Pose_Signs/Clothes/38. Dress/MVI_4869.pkl,data/processed/landmarks/include/DRESS/a5e4f0f63af9.npz,61,0.0,0.0,1.0,1.0,,train
6b3e0f6fad1c,DRESS,include,video,,include:clip:6b3e0f6fad1c,data/external/include_pose/INCLUDE/Pose_Signs/Clothes/38. Dress/MVI_4198.pkl,data/processed/landmarks/include/DRESS/6b3e0f6fad1c.npz,50,0.0,0.0,1.0,1.0,,train
9f50b4889878,DRESS,include,video,,include:clip:9f50b4889878,data/external/include_pose/INCLUDE/Pose_Signs/Clothes/38. Dress/MVI_3839.pkl,data/processed/landmarks/include/DRESS/9f50b4889878.npz,55,0.0,0.0,1.0,1.0,,train
4ed531f641fe,DRESS,include,video,,include:clip:4ed531f641fe,data/external/include_pose/INCLUDE/Pose_Signs/Clothes/38. Dress/MVI_3989.pkl,data/processed/landmarks/include/DRESS/4ed531f641fe.npz,62,0.0,0.0,1.0,1.0,,train
0bd6cc4dbbc0,DRESS,include,video,,include:clip:0bd6cc4dbbc0,data/external/include_pose/INCLUDE/Pose_Signs/Clothes/38. Dress/MVI_3988.pkl,data/processed/landmarks/include/DRESS/0bd6cc4dbbc0.npz,88,0.0,0.0,1.0,1.0,,train
4c45624ba814,DRESS,include,video,,include:clip:4c45624ba814,data/external/include_pose/INCLUDE/Pose_Signs/Clothes/38. Dress/MVI_3987.pkl,data/processed/landmarks/include/DRESS/4c45624ba814.npz,68,0.0,0.0,1.0,1.0,,train
91b726b97dfe,DRESS,include,video,,include:clip:91b726b97dfe,data/external/include_pose/INCLUDE/Pose_Signs/Clothes/38. Dress/MVI_5011.pkl,data/processed/landmarks/include/DRESS/91b726b97dfe.npz,51,0.0,0.0,0.8824,1.0,,train
f48745749ad4,DRESS,include,video,,include:clip:f48745749ad4,data/external/include_pose/INCLUDE/Pose_Signs/Clothes/38. Dress/MVI_5158.pkl,data/processed/landmarks/include/DRESS/f48745749ad4.npz,56,0.0,0.0,1.0,1.0,,train
75e6971614fd,DRESS,include,video,,include:clip:75e6971614fd,data/external/include_pose/INCLUDE/Pose_Signs/Clothes/38. Dress/MVI_3840.pkl,data/processed/landmarks/include/DRESS/75e6971614fd.npz,51,0.0,0.0,1.0,1.0,,train
9302a30d5c6c,SHOES,include,video,,include:clip:9302a30d5c6c,data/external/include_pose/INCLUDE/Pose_Signs/Clothes/44. Shoes/MVI_5030.pkl,data/processed/landmarks/include/SHOES/9302a30d5c6c.npz,72,0.0,0.0,0.8889,1.0,,train
d7dd8214d8ee,SHOES,include,video,,include:clip:d7dd8214d8ee,data/external/include_pose/INCLUDE/Pose_Signs/Clothes/44. Shoes/MVI_3858.pkl,data/processed/landmarks/include/SHOES/d7dd8214d8ee.npz,92,0.0,0.0,0.9783,1.0,,train
a5f5398be699,SHOES,include,video,,include:clip:a5f5398be699,data/external/include_pose/INCLUDE/Pose_Signs/Clothes/44. Shoes/MVI_4204.pkl,data/processed/landmarks/include/SHOES/a5f5398be699.npz,57,0.0,0.0,0.9649,1.0,,train
8bfa07e31cce,SHOES,include,video,,include:clip:8bfa07e31cce,data/external/include_pose/INCLUDE/Pose_Signs/Clothes/44. Shoes/MVI_4010.pkl,data/processed/landmarks/include/SHOES/8bfa07e31cce.npz,75,0.0,0.0,0.9467,1.0,,train
9012543c6092,SHOES,include,video,,include:clip:9012543c6092,data/external/include_pose/INCLUDE/Pose_Signs/Clothes/44. Shoes/MVI_4008.pkl,data/processed/landmarks/include/SHOES/9012543c6092.npz,76,0.0,0.0,0.8816,1.0,,train
2aa5076c4c2d,SHOES,include,video,,include:clip:2aa5076c4c2d,data/external/include_pose/INCLUDE/Pose_Signs/Clothes/44. Shoes/MVI_8608.pkl,data/processed/landmarks/include/SHOES/2aa5076c4c2d.npz,62,0.0,0.0,0.8387,1.0,,train
8caf487a6f86,SHOES,include,video,,include:clip:8caf487a6f86,data/external/include_pose/INCLUDE/Pose_Signs/Clothes/44. Shoes/MVI_5177.pkl,data/processed/landmarks/include/SHOES/8caf487a6f86.npz,60,0.0,0.0,0.9667,1.0,,train
c134e38cb310,SHOES,include,video,,include:clip:c134e38cb310,data/external/include_pose/INCLUDE/Pose_Signs/Clothes/44. Shoes/MVI_4889.pkl,data/processed/landmarks/include/SHOES/c134e38cb310.npz,74,0.0,0.0,1.0,1.0,,train
63f2625c0246,SHOES,include,video,,include:clip:63f2625c0246,data/external/include_pose/INCLUDE/Pose_Signs/Clothes/44. Shoes/MVI_3856.pkl,data/processed/landmarks/include/SHOES/63f2625c0246.npz,83,0.0,0.0,0.9759,1.0,,train
595d2c594902,SHOES,include,video,,include:clip:595d2c594902,data/external/include_pose/INCLUDE/Pose_Signs/Clothes/44. Shoes/MVI_4888.pkl,data/processed/landmarks/include/SHOES/595d2c594902.npz,80,0.0,0.0,0.9875,1.0,,train
44125cfa8543,SHOES,include,video,,include:clip:44125cfa8543,data/external/include_pose/INCLUDE/Pose_Signs/Clothes/44. Shoes/MVI_5176.pkl,data/processed/landmarks/include/SHOES/44125cfa8543.npz,62,0.0,0.0,0.9677,1.0,,train
f0c36603d662,SHOES,include,video,,include:clip:f0c36603d662,data/external/include_pose/INCLUDE/Pose_Signs/Clothes/44. Shoes/MVI_3711.pkl,data/processed/landmarks/include/SHOES/f0c36603d662.npz,69,0.0,0.0,0.8551,1.0,,train
782e3cf32d81,SHOES,include,video,,include:clip:782e3cf32d81,data/external/include_pose/INCLUDE/Pose_Signs/Clothes/44. Shoes/MVI_5028.pkl,data/processed/landmarks/include/SHOES/782e3cf32d81.npz,64,0.0,0.0,0.875,1.0,,train
9af98472a576,SHOES,include,video,,include:clip:9af98472a576,data/external/include_pose/INCLUDE/Pose_Signs/Clothes/44. Shoes/MVI_5029.pkl,data/processed/landmarks/include/SHOES/9af98472a576.npz,69,0.0,0.0,0.9275,1.0,,train
589422eac5e1,RADIO,include,video,,include:clip:589422eac5e1,data/external/include_pose/INCLUDE/Pose_Signs/Electronics/60. Radio/MVI_9119.pkl,data/processed/landmarks/include/RADIO/589422eac5e1.npz,58,0.0,0.0,0.8793,1.0,,train
055ae533045d,RADIO,include,video,,include:clip:055ae533045d,data/external/include_pose/INCLUDE/Pose_Signs/Electronics/60. Radio/MVI_5419.pkl,data/processed/landmarks/include/RADIO/055ae533045d.npz,52,0.0,0.0,0.9615,1.0,,train
bd565794f59e,RADIO,include,video,,include:clip:bd565794f59e,data/external/include_pose/INCLUDE/Pose_Signs/Electronics/60. Radio/MVI_9121.pkl,data/processed/landmarks/include/RADIO/bd565794f59e.npz,56,0.0,0.0,0.8214,1.0,,train
7e1f6272aac2,RADIO,include,video,,include:clip:7e1f6272aac2,data/external/include_pose/INCLUDE/Pose_Signs/Electronics/60. Radio/MVI_5418.pkl,data/processed/landmarks/include/RADIO/7e1f6272aac2.npz,52,0.0,0.0,0.9808,1.0,,train
55e87986a5de,RADIO,include,video,,include:clip:55e87986a5de,data/external/include_pose/INCLUDE/Pose_Signs/Electronics/60. Radio/MVI_4562.pkl,data/processed/landmarks/include/RADIO/55e87986a5de.npz,52,0.0,0.0,0.8654,1.0,,train
1365e4bc3770,RADIO,include,video,,include:clip:1365e4bc3770,data/external/include_pose/INCLUDE/Pose_Signs/Electronics/60. Radio/MVI_4561.pkl,data/processed/landmarks/include/RADIO/1365e4bc3770.npz,64,0.0,0.0,0.9062,1.0,,train
998fe3c481bb,RADIO,include,video,,include:clip:998fe3c481bb,data/external/include_pose/INCLUDE/Pose_Signs/Electronics/60. Radio/MVI_4989.pkl,data/processed/landmarks/include/RADIO/998fe3c481bb.npz,46,0.0,0.0,0.8696,1.0,,train
d7cca66ce066,RADIO,include,video,,include:clip:d7cca66ce066,data/external/include_pose/INCLUDE/Pose_Signs/Electronics/60. Radio/MVI_5416.pkl,data/processed/landmarks/include/RADIO/d7cca66ce066.npz,53,0.0,0.0,0.9811,1.0,,train
e8b139cf6281,RADIO,include,video,,include:clip:e8b139cf6281,data/external/include_pose/INCLUDE/Pose_Signs/Electronics/60. Radio/MVI_5417.pkl,data/processed/landmarks/include/RADIO/e8b139cf6281.npz,56,0.0,0.0,0.9821,1.0,,train
8352cfe2c31c,CLOCK,include,video,,include:clip:8352cfe2c31c,data/external/include_pose/INCLUDE/Pose_Signs/Electronics/51. Clock/MVI_9092.pkl,data/processed/landmarks/include/CLOCK/8352cfe2c31c.npz,82,0.0,0.0,0.9634,1.0,,train
048529bb8160,CLOCK,include,video,,include:clip:048529bb8160,data/external/include_pose/INCLUDE/Pose_Signs/Electronics/51. Clock/MVI_5379.pkl,data/processed/landmarks/include/CLOCK/048529bb8160.npz,57,0.0,0.0,1.0,1.0,,train
d41ce0403f02,CLOCK,include,video,,include:clip:d41ce0403f02,data/external/include_pose/INCLUDE/Pose_Signs/Electronics/51. Clock/MVI_9091.pkl,data/processed/landmarks/include/CLOCK/d41ce0403f02.npz,81,0.0,0.0,0.9753,1.0,,train
2deab27b9352,CLOCK,include,video,,include:clip:2deab27b9352,data/external/include_pose/INCLUDE/Pose_Signs/Electronics/51. Clock/MVI_5381.pkl,data/processed/landmarks/include/CLOCK/2deab27b9352.npz,59,0.0,0.0,0.9831,1.0,,train
5ce0fde29dab,CLOCK,include,video,,include:clip:5ce0fde29dab,data/external/include_pose/INCLUDE/Pose_Signs/Electronics/51. Clock/MVI_4959.pkl,data/processed/landmarks/include/CLOCK/5ce0fde29dab.npz,58,0.0,0.0,0.6724,1.0,,train
592de164fc01,CLOCK,include,video,,include:clip:592de164fc01,data/external/include_pose/INCLUDE/Pose_Signs/Electronics/51. Clock/MVI_4960.pkl,data/processed/landmarks/include/CLOCK/592de164fc01.npz,57,0.0,0.0,0.6667,1.0,,train
b5b3bae05f27,CLOCK,include,video,,include:clip:b5b3bae05f27,data/external/include_pose/INCLUDE/Pose_Signs/Electronics/51. Clock/MVI_4527.pkl,data/processed/landmarks/include/CLOCK/b5b3bae05f27.npz,90,0.0,0.0,0.9222,1.0,,train
405b82733609,CLOCK,include,video,,include:clip:405b82733609,data/external/include_pose/INCLUDE/Pose_Signs/Electronics/51. Clock/MVI_4524.pkl,data/processed/landmarks/include/CLOCK/405b82733609.npz,79,0.0,0.0,0.9241,1.0,,train
314efeb80589,CLOCK,include,video,,include:clip:314efeb80589,data/external/include_pose/INCLUDE/Pose_Signs/Electronics/51. Clock/MVI_4525.pkl,data/processed/landmarks/include/CLOCK/314efeb80589.npz,102,0.0,0.0,0.9608,1.0,,train
7584d81b6823,TELEVISION,include,video,,include:clip:7584d81b6823,data/external/include_pose/INCLUDE/Pose_Signs/Electronics/59. Television/MVI_9118.pkl,data/processed/landmarks/include/TELEVISION/7584d81b6823.npz,59,0.0,0.0,0.9322,1.0,,train
ecf1d98f1c54,TELEVISION,include,video,,include:clip:ecf1d98f1c54,data/external/include_pose/INCLUDE/Pose_Signs/Electronics/59. Television/MVI_4560.pkl,data/processed/landmarks/include/TELEVISION/ecf1d98f1c54.npz,67,0.0,0.0,0.8806,1.0,,train
f8f11e173ec8,TELEVISION,include,video,,include:clip:f8f11e173ec8,data/external/include_pose/INCLUDE/Pose_Signs/Electronics/59. Television/MVI_4559.pkl,data/processed/landmarks/include/TELEVISION/f8f11e173ec8.npz,47,0.0,0.0,0.7872,1.0,,train
536228325859,TELEVISION,include,video,,include:clip:536228325859,data/external/include_pose/INCLUDE/Pose_Signs/Electronics/59. Television/MVI_5415.pkl,data/processed/landmarks/include/TELEVISION/536228325859.npz,51,0.0,0.0,1.0,1.0,,train
74fc1479d4e9,TELEVISION,include,video,,include:clip:74fc1479d4e9,data/external/include_pose/INCLUDE/Pose_Signs/Electronics/59. Television/MVI_5414.pkl,data/processed/landmarks/include/TELEVISION/74fc1479d4e9.npz,54,0.0,0.0,0.963,1.0,,train
6d54d1f866c7,TELEVISION,include,video,,include:clip:6d54d1f866c7,data/external/include_pose/INCLUDE/Pose_Signs/Electronics/59. Television/MVI_5413.pkl,data/processed/landmarks/include/TELEVISION/6d54d1f866c7.npz,55,0.0,0.0,0.9273,1.0,,train
db7c676e487c,TELEVISION,include,video,,include:clip:db7c676e487c,data/external/include_pose/INCLUDE/Pose_Signs/Electronics/59. Television/MVI_9117.pkl,data/processed/landmarks/include/TELEVISION/db7c676e487c.npz,60,0.0,0.0,0.95,1.0,,train
ab0633ecd372,TELEVISION,include,video,,include:clip:ab0633ecd372,data/external/include_pose/INCLUDE/Pose_Signs/Electronics/59. Television/MVI_9116.pkl,data/processed/landmarks/include/TELEVISION/ab0633ecd372.npz,58,0.0,0.0,0.9655,1.0,,train
d9b310b177cd,TELEVISION,include,video,,include:clip:d9b310b177cd,data/external/include_pose/INCLUDE/Pose_Signs/Electronics/59. Television/MVI_5412.pkl,data/processed/landmarks/include/TELEVISION/d9b310b177cd.npz,44,0.0,0.0,0.9545,1.0,,train
5b26bd754518,CELL_PHONE,include,video,,include:clip:5b26bd754518,data/external/include_pose/INCLUDE/Pose_Signs/Electronics/54. Cell phone/MVI_5392.pkl,data/processed/landmarks/include/CELL_PHONE/5b26bd754518.npz,53,0.0,0.0,1.0,1.0,,train
81d10ab916d0,CELL_PHONE,include,video,,include:clip:81d10ab916d0,data/external/include_pose/INCLUDE/Pose_Signs/Electronics/54. Cell phone/MVI_5394.pkl,data/processed/landmarks/include/CELL_PHONE/81d10ab916d0.npz,60,0.0,0.0,1.0,1.0,,train
47d0a7ebae5c,CELL_PHONE,include,video,,include:clip:47d0a7ebae5c,data/external/include_pose/INCLUDE/Pose_Signs/Electronics/54. Cell phone/MVI_4538.pkl,data/processed/landmarks/include/CELL_PHONE/47d0a7ebae5c.npz,47,0.0,0.0,1.0,1.0,,train
00b994954e1b,CELL_PHONE,include,video,,include:clip:00b994954e1b,data/external/include_pose/INCLUDE/Pose_Signs/Electronics/54. Cell phone/MVI_4968.pkl,data/processed/landmarks/include/CELL_PHONE/00b994954e1b.npz,59,0.0,0.0,1.0,1.0,,train
533c882b50c8,CELL_PHONE,include,video,,include:clip:533c882b50c8,data/external/include_pose/INCLUDE/Pose_Signs/Electronics/54. Cell phone/MVI_4969.pkl,data/processed/landmarks/include/CELL_PHONE/533c882b50c8.npz,68,0.0,0.0,1.0,1.0,,train
e9bd4e3599a4,CELL_PHONE,include,video,,include:clip:e9bd4e3599a4,data/external/include_pose/INCLUDE/Pose_Signs/Electronics/54. Cell phone/MVI_4967.pkl,data/processed/landmarks/include/CELL_PHONE/e9bd4e3599a4.npz,55,0.0,0.0,1.0,1.0,,train
8b836a1789f1,CELL_PHONE,include,video,,include:clip:8b836a1789f1,data/external/include_pose/INCLUDE/Pose_Signs/Electronics/54. Cell phone/MVI_4540.pkl,data/processed/landmarks/include/CELL_PHONE/8b836a1789f1.npz,45,0.0,0.0,0.9778,1.0,,train
d220e5189fe7,CELL_PHONE,include,video,,include:clip:d220e5189fe7,data/external/include_pose/INCLUDE/Pose_Signs/Electronics/54. Cell phone/MVI_4537.pkl,data/processed/landmarks/include/CELL_PHONE/d220e5189fe7.npz,48,0.0,0.0,1.0,1.0,,train
ad59f264be2b,CELL_PHONE,include,video,,include:clip:ad59f264be2b,data/external/include_pose/INCLUDE/Pose_Signs/Electronics/54. Cell phone/MVI_9101.pkl,data/processed/landmarks/include/CELL_PHONE/ad59f264be2b.npz,69,0.0,0.0,1.0,1.0,,train
41648537ee34,LAMP,include,video,,include:clip:41648537ee34,data/external/include_pose/INCLUDE/Pose_Signs/Electronics/52. Lamp/MVI_5385.pkl,data/processed/landmarks/include/LAMP/41648537ee34.npz,53,0.0,0.0,1.0,1.0,,train
524c854dcd40,LAMP,include,video,,include:clip:524c854dcd40,data/external/include_pose/INCLUDE/Pose_Signs/Electronics/52. Lamp/MVI_4528.pkl,data/processed/landmarks/include/LAMP/524c854dcd40.npz,78,0.0,0.0,1.0,1.0,,train
2253973c2950,LAMP,include,video,,include:clip:2253973c2950,data/external/include_pose/INCLUDE/Pose_Signs/Electronics/52. Lamp/MVI_5386.pkl,data/processed/landmarks/include/LAMP/2253973c2950.npz,57,0.0,0.0,1.0,1.0,,train
e063c5861f64,LAMP,include,video,,include:clip:e063c5861f64,data/external/include_pose/INCLUDE/Pose_Signs/Electronics/52. Lamp/MVI_9095.pkl,data/processed/landmarks/include/LAMP/e063c5861f64.npz,76,0.0,0.0,1.0,1.0,,train
37c345258608,LAMP,include,video,,include:clip:37c345258608,data/external/include_pose/INCLUDE/Pose_Signs/Electronics/52. Lamp/MVI_4961.pkl,data/processed/landmarks/include/LAMP/37c345258608.npz,59,0.0,0.0,1.0,1.0,,train
55d903c66bb1,LAMP,include,video,,include:clip:55d903c66bb1,data/external/include_pose/INCLUDE/Pose_Signs/Electronics/52. Lamp/MVI_4962.pkl,data/processed/landmarks/include/LAMP/55d903c66bb1.npz,60,0.0,0.0,1.0,1.0,,train
3f0ce787b984,LAMP,include,video,,include:clip:3f0ce787b984,data/external/include_pose/INCLUDE/Pose_Signs/Electronics/52. Lamp/MVI_4963.pkl,data/processed/landmarks/include/LAMP/3f0ce787b984.npz,54,0.0,0.0,1.0,1.0,,train
56142c08adc6,LAMP,include,video,,include:clip:56142c08adc6,data/external/include_pose/INCLUDE/Pose_Signs/Electronics/52. Lamp/MVI_4530.pkl,data/processed/landmarks/include/LAMP/56142c08adc6.npz,55,0.0,0.0,0.9818,1.0,,train
83c5bc6a00ed,LAMP,include,video,,include:clip:83c5bc6a00ed,data/external/include_pose/INCLUDE/Pose_Signs/Electronics/52. Lamp/MVI_4531.pkl,data/processed/landmarks/include/LAMP/83c5bc6a00ed.npz,93,0.0,0.0,1.0,1.0,,train
6da61f7ed29d,COMPUTER,include,video,,include:clip:6da61f7ed29d,data/external/include_pose/INCLUDE/Pose_Signs/Electronics/55. Computer/MVI_5397.pkl,data/processed/landmarks/include/COMPUTER/6da61f7ed29d.npz,69,0.0,0.0,0.971,1.0,,train
6453df2048f4,COMPUTER,include,video,,include:clip:6453df2048f4,data/external/include_pose/INCLUDE/Pose_Signs/Electronics/55. Computer/MVI_5396.pkl,data/processed/landmarks/include/COMPUTER/6453df2048f4.npz,67,0.0,0.0,0.9701,1.0,,train
6b741d74ea0b,COMPUTER,include,video,,include:clip:6b741d74ea0b,data/external/include_pose/INCLUDE/Pose_Signs/Electronics/55. Computer/MVI_5395.pkl,data/processed/landmarks/include/COMPUTER/6b741d74ea0b.npz,65,0.0,0.0,1.0,1.0,,train
2c2c335389f6,COMPUTER,include,video,,include:clip:2c2c335389f6,data/external/include_pose/INCLUDE/Pose_Signs/Electronics/55. Computer/MVI_4542.pkl,data/processed/landmarks/include/COMPUTER/2c2c335389f6.npz,79,0.0,0.0,0.8481,1.0,,train
d753a4dde291,COMPUTER,include,video,,include:clip:d753a4dde291,data/external/include_pose/INCLUDE/Pose_Signs/Electronics/55. Computer/MVI_4972.pkl,data/processed/landmarks/include/COMPUTER/d753a4dde291.npz,68,0.0,0.0,0.8235,1.0,,train
f1e4e3b09ea7,COMPUTER,include,video,,include:clip:f1e4e3b09ea7,data/external/include_pose/INCLUDE/Pose_Signs/Electronics/55. Computer/MVI_4970.pkl,data/processed/landmarks/include/COMPUTER/f1e4e3b09ea7.npz,63,0.0,0.0,0.8889,1.0,,train
d6c6004d26e8,COMPUTER,include,video,,include:clip:d6c6004d26e8,data/external/include_pose/INCLUDE/Pose_Signs/Electronics/55. Computer/MVI_4541.pkl,data/processed/landmarks/include/COMPUTER/d6c6004d26e8.npz,80,0.0,0.0,0.875,1.0,,train
edff6320acf7,COMPUTER,include,video,,include:clip:edff6320acf7,data/external/include_pose/INCLUDE/Pose_Signs/Electronics/55. Computer/MVI_4971.pkl,data/processed/landmarks/include/COMPUTER/edff6320acf7.npz,55,0.0,0.0,0.9455,1.0,,train
ad8a3a17a5fb,COMPUTER,include,video,,include:clip:ad8a3a17a5fb,data/external/include_pose/INCLUDE/Pose_Signs/Electronics/55. Computer/MVI_5398.pkl,data/processed/landmarks/include/COMPUTER/ad8a3a17a5fb.npz,67,0.0,0.0,0.9403,1.0,,train
657127d9e68a,SCREEN,include,video,,include:clip:657127d9e68a,data/external/include_pose/INCLUDE/Pose_Signs/Electronics/57. Screen/MVI_4978.pkl,data/processed/landmarks/include/SCREEN/657127d9e68a.npz,57,0.0,0.0,0.9123,1.0,,train
47f8d47f2490,SCREEN,include,video,,include:clip:47f8d47f2490,data/external/include_pose/INCLUDE/Pose_Signs/Electronics/57. Screen/MVI_4550.pkl,data/processed/landmarks/include/SCREEN/47f8d47f2490.npz,71,0.0,0.0,0.9155,1.0,,train
e5b7889962ad,SCREEN,include,video,,include:clip:e5b7889962ad,data/external/include_pose/INCLUDE/Pose_Signs/Electronics/57. Screen/MVI_4551.pkl,data/processed/landmarks/include/SCREEN/e5b7889962ad.npz,66,0.0,0.0,0.9394,1.0,,train
f464e46fcc7c,SCREEN,include,video,,include:clip:f464e46fcc7c,data/external/include_pose/INCLUDE/Pose_Signs/Electronics/57. Screen/MVI_4552.pkl,data/processed/landmarks/include/SCREEN/f464e46fcc7c.npz,67,0.0,0.0,0.9254,1.0,,train
37c6640807db,SCREEN,include,video,,include:clip:37c6640807db,data/external/include_pose/INCLUDE/Pose_Signs/Electronics/57. Screen/MVI_4977.pkl,data/processed/landmarks/include/SCREEN/37c6640807db.npz,61,0.0,0.0,0.8689,1.0,,train
6387f720a532,SCREEN,include,video,,include:clip:6387f720a532,data/external/include_pose/INCLUDE/Pose_Signs/Electronics/57. Screen/MVI_9111.pkl,data/processed/landmarks/include/SCREEN/6387f720a532.npz,72,0.0,0.0,0.9306,1.0,,train
66df0f947456,SCREEN,include,video,,include:clip:66df0f947456,data/external/include_pose/INCLUDE/Pose_Signs/Electronics/57. Screen/MVI_9110.pkl,data/processed/landmarks/include/SCREEN/66df0f947456.npz,68,0.0,0.0,0.9412,1.0,,train
1086fad0f188,SCREEN,include,video,,include:clip:1086fad0f188,data/external/include_pose/INCLUDE/Pose_Signs/Electronics/57. Screen/MVI_5404.pkl,data/processed/landmarks/include/SCREEN/1086fad0f188.npz,65,0.0,0.0,0.9692,1.0,,train
0d9eb91899ea,SCREEN,include,video,,include:clip:0d9eb91899ea,data/external/include_pose/INCLUDE/Pose_Signs/Electronics/57. Screen/MVI_5405.pkl,data/processed/landmarks/include/SCREEN/0d9eb91899ea.npz,62,0.0,0.0,1.0,1.0,,train
818fe851998f,FAN,include,video,,include:clip:818fe851998f,data/external/include_pose/INCLUDE/Pose_Signs/Electronics/53. Fan/MVI_5390.pkl,data/processed/landmarks/include/FAN/818fe851998f.npz,57,0.0,0.0,1.0,1.0,,train
cccdcd369853,FAN,include,video,,include:clip:cccdcd369853,data/external/include_pose/INCLUDE/Pose_Signs/Electronics/53. Fan/MVI_5387.pkl,data/processed/landmarks/include/FAN/cccdcd369853.npz,56,0.0,0.0,1.0,1.0,,train
974e094dc8ea,FAN,include,video,,include:clip:974e094dc8ea,data/external/include_pose/INCLUDE/Pose_Signs/Electronics/53. Fan/MVI_4966.pkl,data/processed/landmarks/include/FAN/974e094dc8ea.npz,53,0.0,0.0,1.0,1.0,,train
cbfc5286c1d9,FAN,include,video,,include:clip:cbfc5286c1d9,data/external/include_pose/INCLUDE/Pose_Signs/Electronics/53. Fan/MVI_4964.pkl,data/processed/landmarks/include/FAN/cbfc5286c1d9.npz,53,0.0,0.0,1.0,1.0,,train
63c0ab3fd243,FAN,include,video,,include:clip:63c0ab3fd243,data/external/include_pose/INCLUDE/Pose_Signs/Electronics/53. Fan/MVI_4965.pkl,data/processed/landmarks/include/FAN/63c0ab3fd243.npz,56,0.0,0.0,1.0,1.0,,train
18d2298cb74e,FAN,include,video,,include:clip:18d2298cb74e,data/external/include_pose/INCLUDE/Pose_Signs/Electronics/53. Fan/MVI_4534.pkl,data/processed/landmarks/include/FAN/18d2298cb74e.npz,59,0.0,0.0,0.9492,1.0,,train
e5dec7b87b26,FAN,include,video,,include:clip:e5dec7b87b26,data/external/include_pose/INCLUDE/Pose_Signs/Electronics/53. Fan/MVI_4533.pkl,data/processed/landmarks/include/FAN/e5dec7b87b26.npz,65,0.0,0.0,0.9692,1.0,,train
4d87c53d924b,FAN,include,video,,include:clip:4d87c53d924b,data/external/include_pose/INCLUDE/Pose_Signs/Electronics/53. Fan/MVI_4532.pkl,data/processed/landmarks/include/FAN/4d87c53d924b.npz,78,0.0,0.0,0.9872,1.0,,train
0dd30c66fa8f,FAN,include,video,,include:clip:0dd30c66fa8f,data/external/include_pose/INCLUDE/Pose_Signs/Electronics/53. Fan/MVI_5389.pkl,data/processed/landmarks/include/FAN/0dd30c66fa8f.npz,55,0.0,0.0,1.0,1.0,,train
d1c46f7e88f1,FAN,include,video,,include:clip:d1c46f7e88f1,data/external/include_pose/INCLUDE/Pose_Signs/Electronics/53. Fan/MVI_5388.pkl,data/processed/landmarks/include/FAN/d1c46f7e88f1.npz,53,0.0,0.0,1.0,1.0,,train
9684e8cd33ac,CAMERA,include,video,,include:clip:9684e8cd33ac,data/external/include_pose/INCLUDE/Pose_Signs/Electronics/58. Camera/MVI_4980.pkl,data/processed/landmarks/include/CAMERA/9684e8cd33ac.npz,47,0.0,0.0,0.8936,1.0,,train
4befd31fb7e2,CAMERA,include,video,,include:clip:4befd31fb7e2,data/external/include_pose/INCLUDE/Pose_Signs/Electronics/58. Camera/MVI_4556.pkl,data/processed/landmarks/include/CAMERA/4befd31fb7e2.npz,47,0.0,0.0,0.8723,1.0,,train
48c561c33292,CAMERA,include,video,,include:clip:48c561c33292,data/external/include_pose/INCLUDE/Pose_Signs/Electronics/58. Camera/MVI_4555.pkl,data/processed/landmarks/include/CAMERA/48c561c33292.npz,52,0.0,0.0,0.8462,1.0,,train
7874c9cab804,CAMERA,include,video,,include:clip:7874c9cab804,data/external/include_pose/INCLUDE/Pose_Signs/Electronics/58. Camera/MVI_4554.pkl,data/processed/landmarks/include/CAMERA/7874c9cab804.npz,49,0.0,0.0,0.8571,1.0,,train
d8716cb0e29a,CAMERA,include,video,,include:clip:d8716cb0e29a,data/external/include_pose/INCLUDE/Pose_Signs/Electronics/58. Camera/MVI_4553.pkl,data/processed/landmarks/include/CAMERA/d8716cb0e29a.npz,49,0.0,0.0,0.8163,1.0,,train
364585fe676a,CAMERA,include,video,,include:clip:364585fe676a,data/external/include_pose/INCLUDE/Pose_Signs/Electronics/58. Camera/MVI_9113.pkl,data/processed/landmarks/include/CAMERA/364585fe676a.npz,67,0.0,0.0,0.8657,1.0,,train
619af31c4057,CAMERA,include,video,,include:clip:619af31c4057,data/external/include_pose/INCLUDE/Pose_Signs/Electronics/58. Camera/MVI_5407.pkl,data/processed/landmarks/include/CAMERA/619af31c4057.npz,51,0.0,0.0,0.902,1.0,,train
4318aaa28c45,CAMERA,include,video,,include:clip:4318aaa28c45,data/external/include_pose/INCLUDE/Pose_Signs/Electronics/58. Camera/MVI_5410.pkl,data/processed/landmarks/include/CAMERA/4318aaa28c45.npz,65,0.0,0.0,0.9846,1.0,,train
e0dd2f1b478c,CAMERA,include,video,,include:clip:e0dd2f1b478c,data/external/include_pose/INCLUDE/Pose_Signs/Electronics/58. Camera/MVI_9115.pkl,data/processed/landmarks/include/CAMERA/e0dd2f1b478c.npz,57,0.0,0.0,0.8772,1.0,,train
0d0f8d7328e7,LAPTOP,include,video,,include:clip:0d0f8d7328e7,data/external/include_pose/INCLUDE/Pose_Signs/Electronics/56. Laptop/MVI_9108.pkl,data/processed/landmarks/include/LAPTOP/0d0f8d7328e7.npz,84,0.0,0.0,0.9405,1.0,,train
14c14fdaed7e,LAPTOP,include,video,,include:clip:14c14fdaed7e,data/external/include_pose/INCLUDE/Pose_Signs/Electronics/56. Laptop/MVI_4548.pkl,data/processed/landmarks/include/LAPTOP/14c14fdaed7e.npz,73,0.0,0.0,0.8493,1.0,,train
fa025c0d982a,LAPTOP,include,video,,include:clip:fa025c0d982a,data/external/include_pose/INCLUDE/Pose_Signs/Electronics/56. Laptop/MVI_4973.pkl,data/processed/landmarks/include/LAPTOP/fa025c0d982a.npz,62,0.0,0.0,0.7903,1.0,,train
55d9b693b2f6,LAPTOP,include,video,,include:clip:55d9b693b2f6,data/external/include_pose/INCLUDE/Pose_Signs/Electronics/56. Laptop/MVI_4975.pkl,data/processed/landmarks/include/LAPTOP/55d9b693b2f6.npz,52,0.0,0.0,0.7115,1.0,,train
73334c0f513e,LAPTOP,include,video,,include:clip:73334c0f513e,data/external/include_pose/INCLUDE/Pose_Signs/Electronics/56. Laptop/MVI_4545.pkl,data/processed/landmarks/include/LAPTOP/73334c0f513e.npz,64,0.0,0.0,0.9062,1.0,,train
71461189d758,LAPTOP,include,video,,include:clip:71461189d758,data/external/include_pose/INCLUDE/Pose_Signs/Electronics/56. Laptop/MVI_4974.pkl,data/processed/landmarks/include/LAPTOP/71461189d758.npz,56,0.0,0.0,0.7321,1.0,,train
9aba8c872fe3,LAPTOP,include,video,,include:clip:9aba8c872fe3,data/external/include_pose/INCLUDE/Pose_Signs/Electronics/56. Laptop/MVI_4546.pkl,data/processed/landmarks/include/LAPTOP/9aba8c872fe3.npz,74,0.0,0.0,0.8649,1.0,,train
b5aae4c32267,LAPTOP,include,video,,include:clip:b5aae4c32267,data/external/include_pose/INCLUDE/Pose_Signs/Electronics/56. Laptop/MVI_5401.pkl,data/processed/landmarks/include/LAPTOP/b5aae4c32267.npz,61,0.0,0.0,0.9672,1.0,,train
eafffe3be6e5,LAPTOP,include,video,,include:clip:eafffe3be6e5,data/external/include_pose/INCLUDE/Pose_Signs/Electronics/56. Laptop/MVI_5399.pkl,data/processed/landmarks/include/LAPTOP/eafffe3be6e5.npz,60,0.0,0.0,0.9833,1.0,,train
c48b03a7463f,OFFICE,include,video,,include:clip:c48b03a7463f,data/external/include_pose/INCLUDE/Pose_Signs/Places/25. Office/MVI_3678.pkl,data/processed/landmarks/include/OFFICE/c48b03a7463f.npz,62,0.0,0.0,1.0,1.0,,train
39d084a16f78,OFFICE,include,video,,include:clip:39d084a16f78,data/external/include_pose/INCLUDE/Pose_Signs/Places/25. Office/MVI_3297.pkl,data/processed/landmarks/include/OFFICE/39d084a16f78.npz,60,0.0,0.0,0.95,1.0,,train
8c2b59a098a0,OFFICE,include,video,,include:clip:8c2b59a098a0,data/external/include_pose/INCLUDE/Pose_Signs/Places/25. Office/MVI_3295.pkl,data/processed/landmarks/include/OFFICE/8c2b59a098a0.npz,68,0.0,0.0,1.0,1.0,,train
6208fdcc688e,OFFICE,include,video,,include:clip:6208fdcc688e,data/external/include_pose/INCLUDE/Pose_Signs/Places/25. Office/MVI_3294.pkl,data/processed/landmarks/include/OFFICE/6208fdcc688e.npz,80,0.0,0.0,1.0,1.0,,train
7bbef87a1dbf,OFFICE,include,video,,include:clip:7bbef87a1dbf,data/external/include_pose/INCLUDE/Pose_Signs/Places/25. Office/MVI_3542.pkl,data/processed/landmarks/include/OFFICE/7bbef87a1dbf.npz,45,0.0,0.0,0.9778,1.0,,train
fc7ecbe880a9,OFFICE,include,video,,include:clip:fc7ecbe880a9,data/external/include_pose/INCLUDE/Pose_Signs/Places/25. Office/MVI_3540.pkl,data/processed/landmarks/include/OFFICE/fc7ecbe880a9.npz,46,0.0,0.0,1.0,1.0,,train
fe6d5f563d27,OFFICE,include,video,,include:clip:fe6d5f563d27,data/external/include_pose/INCLUDE/Pose_Signs/Places/25. Office/MVI_3619.pkl,data/processed/landmarks/include/OFFICE/fe6d5f563d27.npz,50,0.0,0.0,1.0,1.0,,train
bb846f53b797,OFFICE,include,video,,include:clip:bb846f53b797,data/external/include_pose/INCLUDE/Pose_Signs/Places/25. Office/MVI_3618.pkl,data/processed/landmarks/include/OFFICE/bb846f53b797.npz,52,0.0,0.0,1.0,1.0,,train
bd5d34bfa79e,OFFICE,include,video,,include:clip:bd5d34bfa79e,data/external/include_pose/INCLUDE/Pose_Signs/Places/25. Office/MVI_3677.pkl,data/processed/landmarks/include/OFFICE/bd5d34bfa79e.npz,59,0.0,0.0,1.0,1.0,,train
5d17afb1578f,OFFICE,include,video,,include:clip:5d17afb1578f,data/external/include_pose/INCLUDE/Pose_Signs/Places/25. Office/MVI_3461.pkl,data/processed/landmarks/include/OFFICE/5d17afb1578f.npz,56,0.0,0.0,1.0,1.0,,train
c077ebd010cb,OFFICE,include,video,,include:clip:c077ebd010cb,data/external/include_pose/INCLUDE/Pose_Signs/Places/25. Office/MVI_3463.pkl,data/processed/landmarks/include/OFFICE/c077ebd010cb.npz,49,0.0,0.0,1.0,1.0,,train
c31d33ffaf22,OFFICE,include,video,,include:clip:c31d33ffaf22,data/external/include_pose/INCLUDE/Pose_Signs/Places/25. Office/MVI_3675.pkl,data/processed/landmarks/include/OFFICE/c31d33ffaf22.npz,66,0.0,0.0,1.0,1.0,,train
7e4d5a08b421,OFFICE,include,video,,include:clip:7e4d5a08b421,data/external/include_pose/INCLUDE/Pose_Signs/Places/25. Office/MVI_3462.pkl,data/processed/landmarks/include/OFFICE/7e4d5a08b421.npz,59,0.0,0.0,1.0,1.0,,train
ccda33138416,OFFICE,include,video,,include:clip:ccda33138416,data/external/include_pose/INCLUDE/Pose_Signs/Places/25. Office/MVI_3539.pkl,data/processed/landmarks/include/OFFICE/ccda33138416.npz,49,0.0,0.0,1.0,1.0,,train
1ad52af53397,TEMPLE,include,video,,include:clip:1ad52af53397,data/external/include_pose/INCLUDE/Pose_Signs/Places/31. Temple/MVI_3643.pkl,data/processed/landmarks/include/TEMPLE/1ad52af53397.npz,63,0.0,0.0,0.8095,1.0,,train
f189e31d66db,TEMPLE,include,video,,include:clip:f189e31d66db,data/external/include_pose/INCLUDE/Pose_Signs/Places/31. Temple/MVI_3642.pkl,data/processed/landmarks/include/TEMPLE/f189e31d66db.npz,77,0.0,0.0,0.8961,1.0,,train
c28b3d8b4536,TEMPLE,include,video,,include:clip:c28b3d8b4536,data/external/include_pose/INCLUDE/Pose_Signs/Places/31. Temple/MVI_3319.pkl,data/processed/landmarks/include/TEMPLE/c28b3d8b4536.npz,78,0.0,0.0,0.9103,1.0,,train
8f669a776f24,TEMPLE,include,video,,include:clip:8f669a776f24,data/external/include_pose/INCLUDE/Pose_Signs/Places/31. Temple/MVI_3484.pkl,data/processed/landmarks/include/TEMPLE/8f669a776f24.npz,82,0.0,0.0,0.8537,1.0,,train
dd75d0b90858,TEMPLE,include,video,,include:clip:dd75d0b90858,data/external/include_pose/INCLUDE/Pose_Signs/Places/31. Temple/MVI_3645.pkl,data/processed/landmarks/include/TEMPLE/dd75d0b90858.npz,75,0.0,0.0,0.8667,1.0,,train
eda70b18ce5f,TEMPLE,include,video,,include:clip:eda70b18ce5f,data/external/include_pose/INCLUDE/Pose_Signs/Places/31. Temple/MVI_3320.pkl,data/processed/landmarks/include/TEMPLE/eda70b18ce5f.npz,94,0.0,0.0,0.8936,1.0,,train
1c563bb57f00,TEMPLE,include,video,,include:clip:1c563bb57f00,data/external/include_pose/INCLUDE/Pose_Signs/Places/31. Temple/MVI_3322.pkl,data/processed/landmarks/include/TEMPLE/1c563bb57f00.npz,83,0.0,0.0,0.9277,1.0,,train
47db20a3fd8c,TEMPLE,include,video,,include:clip:47db20a3fd8c,data/external/include_pose/INCLUDE/Pose_Signs/Places/31. Temple/MVI_3487.pkl,data/processed/landmarks/include/TEMPLE/47db20a3fd8c.npz,83,0.0,0.0,0.9277,1.0,,train
3e447793baad,TEMPLE,include,video,,include:clip:3e447793baad,data/external/include_pose/INCLUDE/Pose_Signs/Places/31. Temple/MVI_3403.pkl,data/processed/landmarks/include/TEMPLE/3e447793baad.npz,62,0.0,0.0,0.9355,1.0,,train
96c4740cf6c6,TEMPLE,include,video,,include:clip:96c4740cf6c6,data/external/include_pose/INCLUDE/Pose_Signs/Places/31. Temple/Extra/MVI_3646.pkl,data/processed/landmarks/include/TEMPLE/96c4740cf6c6.npz,71,0.0,0.0,0.8873,1.0,,train
906ff3e9f12c,TEMPLE,include,video,,include:clip:906ff3e9f12c,data/external/include_pose/INCLUDE/Pose_Signs/Places/31. Temple/MVI_3565.pkl,data/processed/landmarks/include/TEMPLE/906ff3e9f12c.npz,75,0.0,0.0,0.6933,1.0,,train
0dc7aa032a52,TEMPLE,include,video,,include:clip:0dc7aa032a52,data/external/include_pose/INCLUDE/Pose_Signs/Places/31. Temple/MVI_3404.pkl,data/processed/landmarks/include/TEMPLE/0dc7aa032a52.npz,73,0.0,0.0,0.9315,1.0,,train
1b1fdb661996,TEMPLE,include,video,,include:clip:1b1fdb661996,data/external/include_pose/INCLUDE/Pose_Signs/Places/31. Temple/MVI_3564.pkl,data/processed/landmarks/include/TEMPLE/1b1fdb661996.npz,70,0.0,0.0,0.7143,1.0,,train
0d707b131193,TEMPLE,include,video,,include:clip:0d707b131193,data/external/include_pose/INCLUDE/Pose_Signs/Places/31. Temple/MVI_3566.pkl,data/processed/landmarks/include/TEMPLE/0d707b131193.npz,76,0.0,0.0,0.7237,1.0,,train
bfa02ada9583,LOCATION,include,video,,include:clip:bfa02ada9583,data/external/include_pose/INCLUDE/Pose_Signs/Places/36. Location/MVI_3669.pkl,data/processed/landmarks/include/LOCATION/bfa02ada9583.npz,71,0.0,0.0,0.9296,1.0,,train
4045f933b11f,LOCATION,include,video,,include:clip:4045f933b11f,data/external/include_pose/INCLUDE/Pose_Signs/Places/36. Location/MVI_3344.pkl,data/processed/landmarks/include/LOCATION/4045f933b11f.npz,63,0.0,0.0,0.9048,1.0,,train
39444a21ebd7,LOCATION,include,video,,include:clip:39444a21ebd7,data/external/include_pose/INCLUDE/Pose_Signs/Places/36. Location/MVI_3587.pkl,data/processed/landmarks/include/LOCATION/39444a21ebd7.npz,56,0.0,0.0,0.6607,1.0,,train
a5734012c97b,LOCATION,include,video,,include:clip:a5734012c97b,data/external/include_pose/INCLUDE/Pose_Signs/Places/36. Location/MVI_3343.pkl,data/processed/landmarks/include/LOCATION/a5734012c97b.npz,56,0.0,0.0,0.8929,1.0,,train
990e72b1d894,LOCATION,include,video,,include:clip:990e72b1d894,data/external/include_pose/INCLUDE/Pose_Signs/Places/36. Location/MVI_3586.pkl,data/processed/landmarks/include/LOCATION/990e72b1d894.npz,41,0.0,0.0,0.561,1.0,,train
d7c9aaa02934,LOCATION,include,video,,include:clip:d7c9aaa02934,data/external/include_pose/INCLUDE/Pose_Signs/Places/36. Location/MVI_3426.pkl,data/processed/landmarks/include/LOCATION/d7c9aaa02934.npz,61,0.0,0.0,0.9016,1.0,,train
504cb044ac91,LOCATION,include,video,,include:clip:504cb044ac91,data/external/include_pose/INCLUDE/Pose_Signs/Places/36. Location/MVI_3585.pkl,data/processed/landmarks/include/LOCATION/504cb044ac91.npz,52,0.0,0.0,0.6923,1.0,,train
4a2f17193454,LOCATION,include,video,,include:clip:4a2f17193454,data/external/include_pose/INCLUDE/Pose_Signs/Places/36. Location/MVI_3428.pkl,data/processed/landmarks/include/LOCATION/4a2f17193454.npz,57,0.0,0.0,0.9825,1.0,,train
0840a96ffe95,LOCATION,include,video,,include:clip:0840a96ffe95,data/external/include_pose/INCLUDE/Pose_Signs/Places/36. Location/Extra/MVI_3429.pkl,data/processed/landmarks/include/LOCATION/0840a96ffe95.npz,63,0.0,0.0,0.9524,1.0,,train
7e198e6aa8cd,LOCATION,include,video,,include:clip:7e198e6aa8cd,data/external/include_pose/INCLUDE/Pose_Signs/Places/36. Location/Extra/MVI_3674.pkl,data/processed/landmarks/include/LOCATION/7e198e6aa8cd.npz,63,0.0,0.0,0.9683,1.0,,train
6a47f84f3f3e,LOCATION,include,video,,include:clip:6a47f84f3f3e,data/external/include_pose/INCLUDE/Pose_Signs/Places/36. Location/MVI_3506.pkl,data/processed/landmarks/include/LOCATION/6a47f84f3f3e.npz,49,0.0,0.0,0.9796,1.0,,train
3131a40f0bec,LOCATION,include,video,,include:clip:3131a40f0bec,data/external/include_pose/INCLUDE/Pose_Signs/Places/36. Location/MVI_3671.pkl,data/processed/landmarks/include/LOCATION/3131a40f0bec.npz,64,0.0,0.0,0.9219,1.0,,train
9b95d0f5ddf8,LOCATION,include,video,,include:clip:9b95d0f5ddf8,data/external/include_pose/INCLUDE/Pose_Signs/Places/36. Location/MVI_3507.pkl,data/processed/landmarks/include/LOCATION/9b95d0f5ddf8.npz,51,0.0,0.0,0.9804,1.0,,train
0cc00cfa676c,LOCATION,include,video,,include:clip:0cc00cfa676c,data/external/include_pose/INCLUDE/Pose_Signs/Places/36. Location/MVI_3505.pkl,data/processed/landmarks/include/LOCATION/0cc00cfa676c.npz,42,0.0,0.0,0.9762,1.0,,train
0b2549952eba,LOCATION,include,video,,include:clip:0b2549952eba,data/external/include_pose/INCLUDE/Pose_Signs/Places/36. Location/MVI_3504.pkl,data/processed/landmarks/include/LOCATION/0b2549952eba.npz,44,0.0,0.0,0.9318,1.0,,train
539f40d37725,UNIVERSITY,include,video,,include:clip:539f40d37725,data/external/include_pose/INCLUDE/Pose_Signs/Places/26. University/MVI_3378.pkl,data/processed/landmarks/include/UNIVERSITY/539f40d37725.npz,61,0.0,0.0,1.0,1.0,,train
2a71d238f656,UNIVERSITY,include,video,,include:clip:2a71d238f656,data/external/include_pose/INCLUDE/Pose_Signs/Places/26. University/MVI_3623.pkl,data/processed/landmarks/include/UNIVERSITY/2a71d238f656.npz,46,0.0,0.0,1.0,1.0,,train
26a60058fc59,UNIVERSITY,include,video,,include:clip:26a60058fc59,data/external/include_pose/INCLUDE/Pose_Signs/Places/26. University/MVI_3622.pkl,data/processed/landmarks/include/UNIVERSITY/26a60058fc59.npz,49,0.0,0.0,1.0,1.0,,train
25241807f871,UNIVERSITY,include,video,,include:clip:25241807f871,data/external/include_pose/INCLUDE/Pose_Signs/Places/26. University/MVI_3545.pkl,data/processed/landmarks/include/UNIVERSITY/25241807f871.npz,46,0.0,0.0,1.0,1.0,,train
014299e80544,UNIVERSITY,include,video,,include:clip:014299e80544,data/external/include_pose/INCLUDE/Pose_Signs/Places/26. University/MVI_3625.pkl,data/processed/landmarks/include/UNIVERSITY/014299e80544.npz,44,0.0,0.0,1.0,1.0,,train
e9e8d531d01a,UNIVERSITY,include,video,,include:clip:e9e8d531d01a,data/external/include_pose/INCLUDE/Pose_Signs/Places/26. University/MVI_3624.pkl,data/processed/landmarks/include/UNIVERSITY/e9e8d531d01a.npz,43,0.0,0.0,1.0,1.0,,train
1846d6ae1110,UNIVERSITY,include,video,,include:clip:1846d6ae1110,data/external/include_pose/INCLUDE/Pose_Signs/Places/26. University/MVI_3546.pkl,data/processed/landmarks/include/UNIVERSITY/1846d6ae1110.npz,49,0.0,0.0,1.0,1.0,,train
c0ceb914b2ec,UNIVERSITY,include,video,,include:clip:c0ceb914b2ec,data/external/include_pose/INCLUDE/Pose_Signs/Places/26. University/Extra/MVI_3626.pkl,data/processed/landmarks/include/UNIVERSITY/c0ceb914b2ec.npz,41,0.0,0.0,1.0,1.0,,train
259592b6fe3b,UNIVERSITY,include,video,,include:clip:259592b6fe3b,data/external/include_pose/INCLUDE/Pose_Signs/Places/26. University/MVI_3377.pkl,data/processed/landmarks/include/UNIVERSITY/259592b6fe3b.npz,57,0.0,0.0,1.0,1.0,,train
aa4ccb5b1f57,UNIVERSITY,include,video,,include:clip:aa4ccb5b1f57,data/external/include_pose/INCLUDE/Pose_Signs/Places/26. University/MVI_3376.pkl,data/processed/landmarks/include/UNIVERSITY/aa4ccb5b1f57.npz,53,0.0,0.0,1.0,1.0,,train
eaa050a3bcaa,UNIVERSITY,include,video,,include:clip:eaa050a3bcaa,data/external/include_pose/INCLUDE/Pose_Signs/Places/26. University/MVI_3298.pkl,data/processed/landmarks/include/UNIVERSITY/eaa050a3bcaa.npz,68,0.0,0.0,0.9853,1.0,,train
b3ccb371ee1b,UNIVERSITY,include,video,,include:clip:b3ccb371ee1b,data/external/include_pose/INCLUDE/Pose_Signs/Places/26. University/MVI_3466.pkl,data/processed/landmarks/include/UNIVERSITY/b3ccb371ee1b.npz,43,0.0,0.0,1.0,1.0,,train
3f3aa9f8781d,UNIVERSITY,include,video,,include:clip:3f3aa9f8781d,data/external/include_pose/INCLUDE/Pose_Signs/Places/26. University/MVI_3300.pkl,data/processed/landmarks/include/UNIVERSITY/3f3aa9f8781d.npz,58,0.0,0.0,0.9828,1.0,,train
b38a1fa93f1e,UNIVERSITY,include,video,,include:clip:b38a1fa93f1e,data/external/include_pose/INCLUDE/Pose_Signs/Places/26. University/MVI_3301.pkl,data/processed/landmarks/include/UNIVERSITY/b38a1fa93f1e.npz,56,0.0,0.0,0.9464,1.0,,train
ae2ea5c68014,UNIVERSITY,include,video,,include:clip:ae2ea5c68014,data/external/include_pose/INCLUDE/Pose_Signs/Places/26. University/MVI_3464.pkl,data/processed/landmarks/include/UNIVERSITY/ae2ea5c68014.npz,48,0.0,0.0,1.0,1.0,,train
03ef792cac0a,CITY,include,video,,include:clip:03ef792cac0a,data/external/include_pose/INCLUDE/Pose_Signs/Places/18. City/MVI_3508.pkl,data/processed/landmarks/include/CITY/03ef792cac0a.npz,68,0.0,0.0,0.8971,1.0,,train
e171e6fa1f95,CITY,include,video,,include:clip:e171e6fa1f95,data/external/include_pose/INCLUDE/Pose_Signs/Places/18. City/MVI_3347.pkl,data/processed/landmarks/include/CITY/e171e6fa1f95.npz,63,0.0,0.0,0.9683,1.0,,train
e4671e0c7329,CITY,include,video,,include:clip:e4671e0c7329,data/external/include_pose/INCLUDE/Pose_Signs/Places/18. City/MVI_3434.pkl,data/processed/landmarks/include/CITY/e4671e0c7329.npz,70,0.0,0.0,1.0,1.0,,train
4c3fcb6511ef,CITY,include,video,,include:clip:4c3fcb6511ef,data/external/include_pose/INCLUDE/Pose_Signs/Places/18. City/MVI_3346.pkl,data/processed/landmarks/include/CITY/4c3fcb6511ef.npz,64,0.0,0.0,0.9688,1.0,,train
57a352a2505c,CITY,include,video,,include:clip:57a352a2505c,data/external/include_pose/INCLUDE/Pose_Signs/Places/18. City/MVI_3430.pkl,data/processed/landmarks/include/CITY/57a352a2505c.npz,72,0.0,0.0,0.9861,1.0,,train
ce2392d0c968,CITY,include,video,,include:clip:ce2392d0c968,data/external/include_pose/INCLUDE/Pose_Signs/Places/18. City/MVI_3431.pkl,data/processed/landmarks/include/CITY/ce2392d0c968.npz,68,0.0,0.0,1.0,1.0,,train
41dd26715786,CITY,include,video,,include:clip:41dd26715786,data/external/include_pose/INCLUDE/Pose_Signs/Places/18. City/MVI_3590.pkl,data/processed/landmarks/include/CITY/41dd26715786.npz,63,0.0,0.0,1.0,1.0,,train
8778531abc48,CITY,include,video,,include:clip:8778531abc48,data/external/include_pose/INCLUDE/Pose_Signs/Places/18. City/MVI_3432.pkl,data/processed/landmarks/include/CITY/8778531abc48.npz,64,0.0,0.0,0.9844,1.0,,train
0e011ee95419,CITY,include,video,,include:clip:0e011ee95419,data/external/include_pose/INCLUDE/Pose_Signs/Places/18. City/MVI_3591.pkl,data/processed/landmarks/include/CITY/0e011ee95419.npz,60,0.0,0.0,0.9667,1.0,,train
a81f6b222a76,CITY,include,video,,include:clip:a81f6b222a76,data/external/include_pose/INCLUDE/Pose_Signs/Places/18. City/MVI_3266.pkl,data/processed/landmarks/include/CITY/a81f6b222a76.npz,81,0.0,0.0,0.9383,1.0,,train
8f4dd784ec67,CITY,include,video,,include:clip:8f4dd784ec67,data/external/include_pose/INCLUDE/Pose_Signs/Places/18. City/MVI_3264.pkl,data/processed/landmarks/include/CITY/8f4dd784ec67.npz,65,0.0,0.0,0.9077,1.0,,train
764f19ad9239,CITY,include,video,,include:clip:764f19ad9239,data/external/include_pose/INCLUDE/Pose_Signs/Places/18. City/MVI_3512.pkl,data/processed/landmarks/include/CITY/764f19ad9239.npz,60,0.0,0.0,0.85,1.0,,train
887427beb7b7,CITY,include,video,,include:clip:887427beb7b7,data/external/include_pose/INCLUDE/Pose_Signs/Places/18. City/MVI_3263.pkl,data/processed/landmarks/include/CITY/887427beb7b7.npz,90,0.0,0.0,0.9556,1.0,,train
90ba5eb841c9,CITY,include,video,,include:clip:90ba5eb841c9,data/external/include_pose/INCLUDE/Pose_Signs/Places/18. City/MVI_3510.pkl,data/processed/landmarks/include/CITY/90ba5eb841c9.npz,70,0.0,0.0,0.9143,1.0,,train
7feeba2d924a,LIBRARY,include,video,,include:clip:7feeba2d924a,data/external/include_pose/INCLUDE/Pose_Signs/Places/29. Library/MVI_3478.pkl,data/processed/landmarks/include/LIBRARY/7feeba2d924a.npz,64,0.0,0.0,0.9844,1.0,,train
17b7142e05c6,LIBRARY,include,video,,include:clip:17b7142e05c6,data/external/include_pose/INCLUDE/Pose_Signs/Places/29. Library/MVI_3479.pkl,data/processed/landmarks/include/LIBRARY/17b7142e05c6.npz,56,0.0,0.0,1.0,1.0,,train
94d649d96ef1,LIBRARY,include,video,,include:clip:94d649d96ef1,data/external/include_pose/INCLUDE/Pose_Signs/Places/29. Library/MVI_3556.pkl,data/processed/landmarks/include/LIBRARY/94d649d96ef1.npz,63,0.0,0.0,0.8095,1.0,,train
40e1faa72e55,LIBRARY,include,video,,include:clip:40e1faa72e55,data/external/include_pose/INCLUDE/Pose_Signs/Places/29. Library/MVI_3392.pkl,data/processed/landmarks/include/LIBRARY/40e1faa72e55.npz,70,0.0,0.0,0.8571,1.0,,train
afad93721e59,LIBRARY,include,video,,include:clip:afad93721e59,data/external/include_pose/INCLUDE/Pose_Signs/Places/29. Library/MVI_3390.pkl,data/processed/landmarks/include/LIBRARY/afad93721e59.npz,75,0.0,0.0,0.9333,1.0,,train
aed0ab161027,LIBRARY,include,video,,include:clip:aed0ab161027,data/external/include_pose/INCLUDE/Pose_Signs/Places/29. Library/MVI_3389.pkl,data/processed/landmarks/include/LIBRARY/aed0ab161027.npz,83,0.0,0.0,0.9157,1.0,,train
75c1d511e792,LIBRARY,include,video,,include:clip:75c1d511e792,data/external/include_pose/INCLUDE/Pose_Signs/Places/29. Library/MVI_3558.pkl,data/processed/landmarks/include/LIBRARY/75c1d511e792.npz,58,0.0,0.0,0.7759,1.0,,train
75373a4ff8c5,LIBRARY,include,video,,include:clip:75373a4ff8c5,data/external/include_pose/INCLUDE/Pose_Signs/Places/29. Library/MVI_3312.pkl,data/processed/landmarks/include/LIBRARY/75373a4ff8c5.npz,75,0.0,0.0,0.9467,1.0,,train
08a28dcc3076,LIBRARY,include,video,,include:clip:08a28dcc3076,data/external/include_pose/INCLUDE/Pose_Signs/Places/29. Library/MVI_3313.pkl,data/processed/landmarks/include/LIBRARY/08a28dcc3076.npz,72,0.0,0.0,0.8611,1.0,,train
e91414c60ccf,LIBRARY,include,video,,include:clip:e91414c60ccf,data/external/include_pose/INCLUDE/Pose_Signs/Places/29. Library/MVI_3477.pkl,data/processed/landmarks/include/LIBRARY/e91414c60ccf.npz,67,0.0,0.0,1.0,1.0,,train
f8e5fe05b077,LIBRARY,include,video,,include:clip:f8e5fe05b077,data/external/include_pose/INCLUDE/Pose_Signs/Places/29. Library/MVI_3311.pkl,data/processed/landmarks/include/LIBRARY/f8e5fe05b077.npz,75,0.0,0.0,0.9467,1.0,,train
bd62439f3b31,LIBRARY,include,video,,include:clip:bd62439f3b31,data/external/include_pose/INCLUDE/Pose_Signs/Places/29. Library/MVI_3476.pkl,data/processed/landmarks/include/LIBRARY/bd62439f3b31.npz,63,0.0,0.0,0.9841,1.0,,train
c35a41e21900,LIBRARY,include,video,,include:clip:c35a41e21900,data/external/include_pose/INCLUDE/Pose_Signs/Places/29. Library/MVI_3667.pkl,data/processed/landmarks/include/LIBRARY/c35a41e21900.npz,67,0.0,0.0,0.9851,1.0,,train
eab420afe886,LIBRARY,include,video,,include:clip:eab420afe886,data/external/include_pose/INCLUDE/Pose_Signs/Places/29. Library/MVI_3666.pkl,data/processed/landmarks/include/LIBRARY/eab420afe886.npz,62,0.0,0.0,1.0,1.0,,train
720cff136429,GROUND,include,video,,include:clip:720cff136429,data/external/include_pose/INCLUDE/Pose_Signs/Places/34. Ground/MVI_3333.pkl,data/processed/landmarks/include/GROUND/720cff136429.npz,64,0.0,0.0,0.875,1.0,,train
7832670ec2b5,GROUND,include,video,,include:clip:7832670ec2b5,data/external/include_pose/INCLUDE/Pose_Signs/Places/34. Ground/MVI_3496.pkl,data/processed/landmarks/include/GROUND/7832670ec2b5.npz,51,0.0,0.0,0.9216,1.0,,train
033ee89cc326,GROUND,include,video,,include:clip:033ee89cc326,data/external/include_pose/INCLUDE/Pose_Signs/Places/34. Ground/MVI_3657.pkl,data/processed/landmarks/include/GROUND/033ee89cc326.npz,58,0.0,0.0,0.9483,1.0,,train
83624e40c880,GROUND,include,video,,include:clip:83624e40c880,data/external/include_pose/INCLUDE/Pose_Signs/Places/34. Ground/MVI_3332.pkl,data/processed/landmarks/include/GROUND/83624e40c880.npz,65,0.0,0.0,0.9231,1.0,,train
37a4cf847f8f,GROUND,include,video,,include:clip:37a4cf847f8f,data/external/include_pose/INCLUDE/Pose_Signs/Places/34. Ground/MVI_3331.pkl,data/processed/landmarks/include/GROUND/37a4cf847f8f.npz,73,0.0,0.0,0.8904,1.0,,train
968f3c0f6743,GROUND,include,video,,include:clip:968f3c0f6743,data/external/include_pose/INCLUDE/Pose_Signs/Places/34. Ground/MVI_3334.pkl,data/processed/landmarks/include/GROUND/968f3c0f6743.npz,65,0.0,0.0,0.9231,1.0,,train
863227ff207d,GROUND,include,video,,include:clip:863227ff207d,data/external/include_pose/INCLUDE/Pose_Signs/Places/34. Ground/MVI_3580.pkl,data/processed/landmarks/include/GROUND/863227ff207d.npz,49,0.0,0.0,0.8776,1.0,,train
2ec92f3b717d,GROUND,include,video,,include:clip:2ec92f3b717d,data/external/include_pose/INCLUDE/Pose_Signs/Places/34. Ground/MVI_3579.pkl,data/processed/landmarks/include/GROUND/2ec92f3b717d.npz,51,0.0,0.0,0.902,1.0,,train
ad8968d3cdb5,GROUND,include,video,,include:clip:ad8968d3cdb5,data/external/include_pose/INCLUDE/Pose_Signs/Places/34. Ground/MVI_3414.pkl,data/processed/landmarks/include/GROUND/ad8968d3cdb5.npz,69,0.0,0.0,0.9565,1.0,,train
50915ce11838,GROUND,include,video,,include:clip:50915ce11838,data/external/include_pose/INCLUDE/Pose_Signs/Places/34. Ground/MVI_3415.pkl,data/processed/landmarks/include/GROUND/50915ce11838.npz,73,0.0,0.0,0.9452,1.0,,train
33191b789453,GROUND,include,video,,include:clip:33191b789453,data/external/include_pose/INCLUDE/Pose_Signs/Places/34. Ground/Extra/MVI_3660.pkl,data/processed/landmarks/include/GROUND/33191b789453.npz,49,0.0,0.0,0.9184,1.0,,train
77c97c04a3fe,GROUND,include,video,,include:clip:77c97c04a3fe,data/external/include_pose/INCLUDE/Pose_Signs/Places/34. Ground/MVI_3658.pkl,data/processed/landmarks/include/GROUND/77c97c04a3fe.npz,56,0.0,0.0,0.9107,1.0,,train
4073c5e098ff,GROUND,include,video,,include:clip:4073c5e098ff,data/external/include_pose/INCLUDE/Pose_Signs/Places/34. Ground/MVI_3659.pkl,data/processed/landmarks/include/GROUND/4073c5e098ff.npz,56,0.0,0.0,0.8929,1.0,,train
241980835cdc,GROUND,include,video,,include:clip:241980835cdc,data/external/include_pose/INCLUDE/Pose_Signs/Places/34. Ground/MVI_3498.pkl,data/processed/landmarks/include/GROUND/241980835cdc.npz,55,0.0,0.0,0.9455,1.0,,train
ee9176d372fd,COURT,include,video,,include:clip:ee9176d372fd,data/external/include_pose/INCLUDE/Pose_Signs/Places/23. Court/MVI_3284.pkl,data/processed/landmarks/include/COURT/ee9176d372fd.npz,74,0.0,0.0,0.9054,1.0,,train
7d783418ebbb,COURT,include,video,,include:clip:7d783418ebbb,data/external/include_pose/INCLUDE/Pose_Signs/Places/23. Court/MVI_3285.pkl,data/processed/landmarks/include/COURT/7d783418ebbb.npz,68,0.0,0.0,0.9118,1.0,,train
34cf9e8370b2,COURT,include,video,,include:clip:34cf9e8370b2,data/external/include_pose/INCLUDE/Pose_Signs/Places/23. Court/MVI_3534.pkl,data/processed/landmarks/include/COURT/34cf9e8370b2.npz,60,0.0,0.0,0.9,1.0,,train
891e08df399d,COURT,include,video,,include:clip:891e08df399d,data/external/include_pose/INCLUDE/Pose_Signs/Places/23. Court/MVI_3286.pkl,data/processed/landmarks/include/COURT/891e08df399d.npz,68,0.0,0.0,0.9265,1.0,,train
036fcf4ca322,COURT,include,video,,include:clip:036fcf4ca322,data/external/include_pose/INCLUDE/Pose_Signs/Places/23. Court/MVI_3533.pkl,data/processed/landmarks/include/COURT/036fcf4ca322.npz,54,0.0,0.0,0.8704,1.0,,train
4a403409bb89,COURT,include,video,,include:clip:4a403409bb89,data/external/include_pose/INCLUDE/Pose_Signs/Places/23. Court/MVI_3453.pkl,data/processed/landmarks/include/COURT/4a403409bb89.npz,58,0.0,0.0,0.9828,1.0,,train
2fd198a73327,COURT,include,video,,include:clip:2fd198a73327,data/external/include_pose/INCLUDE/Pose_Signs/Places/23. Court/MVI_3452.pkl,data/processed/landmarks/include/COURT/2fd198a73327.npz,68,0.0,0.0,0.9412,1.0,,train
83b68b672bcf,COURT,include,video,,include:clip:83b68b672bcf,data/external/include_pose/INCLUDE/Pose_Signs/Places/23. Court/MVI_3532.pkl,data/processed/landmarks/include/COURT/83b68b672bcf.npz,56,0.0,0.0,0.9286,1.0,,train
7922f42c8851,COURT,include,video,,include:clip:7922f42c8851,data/external/include_pose/INCLUDE/Pose_Signs/Places/23. Court/MVI_3531.pkl,data/processed/landmarks/include/COURT/7922f42c8851.npz,70,0.0,0.0,0.9714,1.0,,train
8cc56db958d0,COURT,include,video,,include:clip:8cc56db958d0,data/external/include_pose/INCLUDE/Pose_Signs/Places/23. Court/MVI_3609.pkl,data/processed/landmarks/include/COURT/8cc56db958d0.npz,62,0.0,0.0,0.9355,1.0,,train
005e071bd364,COURT,include,video,,include:clip:005e071bd364,data/external/include_pose/INCLUDE/Pose_Signs/Places/23. Court/MVI_3366.pkl,data/processed/landmarks/include/COURT/005e071bd364.npz,61,0.0,0.0,0.918,1.0,,train
d418819cdc47,COURT,include,video,,include:clip:d418819cdc47,data/external/include_pose/INCLUDE/Pose_Signs/Places/23. Court/MVI_3367.pkl,data/processed/landmarks/include/COURT/d418819cdc47.npz,69,0.0,0.0,0.971,1.0,,train
88c2f838752a,COURT,include,video,,include:clip:88c2f838752a,data/external/include_pose/INCLUDE/Pose_Signs/Places/23. Court/Extra/MVI_3613.pkl,data/processed/landmarks/include/COURT/88c2f838752a.npz,66,0.0,0.0,0.9697,1.0,,train
4e806e2a846e,COURT,include,video,,include:clip:4e806e2a846e,data/external/include_pose/INCLUDE/Pose_Signs/Places/23. Court/Extra/MVI_3288.pkl,data/processed/landmarks/include/COURT/4e806e2a846e.npz,76,0.0,0.0,0.9342,1.0,,train
38e051df4d19,COURT,include,video,,include:clip:38e051df4d19,data/external/include_pose/INCLUDE/Pose_Signs/Places/23. Court/MVI_3610.pkl,data/processed/landmarks/include/COURT/38e051df4d19.npz,56,0.0,0.0,0.9821,1.0,,train
6abbe2a85fe5,COURT,include,video,,include:clip:6abbe2a85fe5,data/external/include_pose/INCLUDE/Pose_Signs/Places/23. Court/MVI_3611.pkl,data/processed/landmarks/include/COURT/6abbe2a85fe5.npz,58,0.0,0.0,0.9655,1.0,,train
22f3dc2a4eb2,TRAIN_STATION,include,video,,include:clip:22f3dc2a4eb2,data/external/include_pose/INCLUDE/Pose_Signs/Places/21. Train Station/MVI_3521.pkl,data/processed/landmarks/include/TRAIN_STATION/22f3dc2a4eb2.npz,56,0.0,0.0,0.9464,1.0,,train
a669379681e5,TRAIN_STATION,include,video,,include:clip:a669379681e5,data/external/include_pose/INCLUDE/Pose_Signs/Places/21. Train Station/MVI_3522.pkl,data/processed/landmarks/include/TRAIN_STATION/a669379681e5.npz,51,0.0,0.0,0.9216,1.0,,train
d3762e788354,TRAIN_STATION,include,video,,include:clip:d3762e788354,data/external/include_pose/INCLUDE/Pose_Signs/Places/21. Train Station/MVI_3278.pkl,data/processed/landmarks/include/TRAIN_STATION/d3762e788354.npz,77,0.0,0.0,0.961,1.0,,train
04ea8560bde3,TRAIN_STATION,include,video,,include:clip:04ea8560bde3,data/external/include_pose/INCLUDE/Pose_Signs/Places/21. Train Station/MVI_3447.pkl,data/processed/landmarks/include/TRAIN_STATION/04ea8560bde3.npz,69,0.0,0.0,0.9855,1.0,,train
fc22951a8e47,TRAIN_STATION,include,video,,include:clip:fc22951a8e47,data/external/include_pose/INCLUDE/Pose_Signs/Places/21. Train Station/MVI_3524.pkl,data/processed/landmarks/include/TRAIN_STATION/fc22951a8e47.npz,55,0.0,0.0,0.8545,1.0,,train
25329b82460e,TRAIN_STATION,include,video,,include:clip:25329b82460e,data/external/include_pose/INCLUDE/Pose_Signs/Places/21. Train Station/MVI_3445.pkl,data/processed/landmarks/include/TRAIN_STATION/25329b82460e.npz,56,0.0,0.0,1.0,1.0,,train
5a6c0f80114b,TRAIN_STATION,include,video,,include:clip:5a6c0f80114b,data/external/include_pose/INCLUDE/Pose_Signs/Places/21. Train Station/MVI_3525.pkl,data/processed/landmarks/include/TRAIN_STATION/5a6c0f80114b.npz,55,0.0,0.0,0.8727,1.0,,train
9384ba409cf1,TRAIN_STATION,include,video,,include:clip:9384ba409cf1,data/external/include_pose/INCLUDE/Pose_Signs/Places/21. Train Station/MVI_3601.pkl,data/processed/landmarks/include/TRAIN_STATION/9384ba409cf1.npz,64,0.0,0.0,0.8906,1.0,,train
63d8775a77cc,TRAIN_STATION,include,video,,include:clip:63d8775a77cc,data/external/include_pose/INCLUDE/Pose_Signs/Places/21. Train Station/MVI_3358.pkl,data/processed/landmarks/include/TRAIN_STATION/63d8775a77cc.npz,60,0.0,0.0,0.9167,1.0,,train
f94334f80189,TRAIN_STATION,include,video,,include:clip:f94334f80189,data/external/include_pose/INCLUDE/Pose_Signs/Places/21. Train Station/MVI_3602.pkl,data/processed/landmarks/include/TRAIN_STATION/f94334f80189.npz,60,0.0,0.0,0.95,1.0,,train
8e1671df4203,TRAIN_STATION,include,video,,include:clip:8e1671df4203,data/external/include_pose/INCLUDE/Pose_Signs/Places/21. Train Station/MVI_3603.pkl,data/processed/landmarks/include/TRAIN_STATION/8e1671df4203.npz,49,0.0,0.0,0.9592,1.0,,train
50b9b2a6ab3d,TRAIN_STATION,include,video,,include:clip:50b9b2a6ab3d,data/external/include_pose/INCLUDE/Pose_Signs/Places/21. Train Station/Extra/MVI_3279.pkl,data/processed/landmarks/include/TRAIN_STATION/50b9b2a6ab3d.npz,84,0.0,0.0,0.9881,1.0,,train
eba2761fdbdb,TRAIN_STATION,include,video,,include:clip:eba2761fdbdb,data/external/include_pose/INCLUDE/Pose_Signs/Places/21. Train Station/Extra/MVI_3526.pkl,data/processed/landmarks/include/TRAIN_STATION/eba2761fdbdb.npz,63,0.0,0.0,0.9048,1.0,,train
015d7bf8ef04,TRAIN_STATION,include,video,,include:clip:015d7bf8ef04,data/external/include_pose/INCLUDE/Pose_Signs/Places/21. Train Station/MVI_3604.pkl,data/processed/landmarks/include/TRAIN_STATION/015d7bf8ef04.npz,61,0.0,0.0,0.9344,1.0,,train
01a1bb3116e7,TRAIN_STATION,include,video,,include:clip:01a1bb3116e7,data/external/include_pose/INCLUDE/Pose_Signs/Places/21. Train Station/MVI_3275.pkl,data/processed/landmarks/include/TRAIN_STATION/01a1bb3116e7.npz,78,0.0,0.0,0.8846,1.0,,train
753102c771fb,MARKET,include,video,,include:clip:753102c771fb,data/external/include_pose/INCLUDE/Pose_Signs/Places/32. Market/MVI_3326.pkl,data/processed/landmarks/include/MARKET/753102c771fb.npz,66,0.0,0.0,0.8788,1.0,,train
250eda3c8f78,MARKET,include,video,,include:clip:250eda3c8f78,data/external/include_pose/INCLUDE/Pose_Signs/Places/32. Market/MVI_3324.pkl,data/processed/landmarks/include/MARKET/250eda3c8f78.npz,69,0.0,0.0,0.942,1.0,,train
06885224bf7c,MARKET,include,video,,include:clip:06885224bf7c,data/external/include_pose/INCLUDE/Pose_Signs/Places/32. Market/MVI_3325.pkl,data/processed/landmarks/include/MARKET/06885224bf7c.npz,62,0.0,0.0,0.8548,1.0,,train
096347ba7aab,MARKET,include,video,,include:clip:096347ba7aab,data/external/include_pose/INCLUDE/Pose_Signs/Places/32. Market/MVI_3490.pkl,data/processed/landmarks/include/MARKET/096347ba7aab.npz,56,0.0,0.0,1.0,1.0,,train
4285b340ccfc,MARKET,include,video,,include:clip:4285b340ccfc,data/external/include_pose/INCLUDE/Pose_Signs/Places/32. Market/MVI_3647.pkl,data/processed/landmarks/include/MARKET/4285b340ccfc.npz,53,0.0,0.0,0.8868,1.0,,train
960fa3c61a5b,MARKET,include,video,,include:clip:960fa3c61a5b,data/external/include_pose/INCLUDE/Pose_Signs/Places/32. Market/MVI_3323.pkl,data/processed/landmarks/include/MARKET/960fa3c61a5b.npz,69,0.0,0.0,0.8696,1.0,,train
1137ee07e21d,MARKET,include,video,,include:clip:1137ee07e21d,data/external/include_pose/INCLUDE/Pose_Signs/Places/32. Market/MVI_3569.pkl,data/processed/landmarks/include/MARKET/1137ee07e21d.npz,59,0.0,0.0,0.8475,1.0,,train
dce1e4bdc2bd,MARKET,include,video,,include:clip:dce1e4bdc2bd,data/external/include_pose/INCLUDE/Pose_Signs/Places/32. Market/MVI_3408.pkl,data/processed/landmarks/include/MARKET/dce1e4bdc2bd.npz,57,0.0,0.0,0.7018,1.0,,train
528e19dcb832,MARKET,include,video,,include:clip:528e19dcb832,data/external/include_pose/INCLUDE/Pose_Signs/Places/32. Market/Extra/MVI_3409.pkl,data/processed/landmarks/include/MARKET/528e19dcb832.npz,59,0.0,0.0,0.7966,1.0,,train
443baca8aa08,MARKET,include,video,,include:clip:443baca8aa08,data/external/include_pose/INCLUDE/Pose_Signs/Places/32. Market/MVI_3572.pkl,data/processed/landmarks/include/MARKET/443baca8aa08.npz,51,0.0,0.0,0.7843,1.0,,train
c3ab52de61b2,MARKET,include,video,,include:clip:c3ab52de61b2,data/external/include_pose/INCLUDE/Pose_Signs/Places/32. Market/MVI_3406.pkl,data/processed/landmarks/include/MARKET/c3ab52de61b2.npz,57,0.0,0.0,0.7018,1.0,,train
d9e47c8375a8,MARKET,include,video,,include:clip:d9e47c8375a8,data/external/include_pose/INCLUDE/Pose_Signs/Places/32. Market/MVI_3407.pkl,data/processed/landmarks/include/MARKET/d9e47c8375a8.npz,61,0.0,0.0,0.7705,1.0,,train
d99cc79322ea,MARKET,include,video,,include:clip:d99cc79322ea,data/external/include_pose/INCLUDE/Pose_Signs/Places/32. Market/MVI_3488.pkl,data/processed/landmarks/include/MARKET/d99cc79322ea.npz,50,0.0,0.0,1.0,1.0,,train
415c2a53574f,MARKET,include,video,,include:clip:415c2a53574f,data/external/include_pose/INCLUDE/Pose_Signs/Places/32. Market/MVI_3648.pkl,data/processed/landmarks/include/MARKET/415c2a53574f.npz,50,0.0,0.0,0.76,1.0,,train
fced341bdcdd,MARKET,include,video,,include:clip:fced341bdcdd,data/external/include_pose/INCLUDE/Pose_Signs/Places/32. Market/MVI_3489.pkl,data/processed/landmarks/include/MARKET/fced341bdcdd.npz,44,0.0,0.0,0.9773,1.0,,train
181fa8b81baa,PARK,include,video,,include:clip:181fa8b81baa,data/external/include_pose/INCLUDE/Pose_Signs/Places/27. Park/MVI_3469.pkl,data/processed/landmarks/include/PARK/181fa8b81baa.npz,60,0.0,0.0,0.95,1.0,,train
88033c684876,PARK,include,video,,include:clip:88033c684876,data/external/include_pose/INCLUDE/Pose_Signs/Places/27. Park/MVI_3468.pkl,data/processed/landmarks/include/PARK/88033c684876.npz,55,0.0,0.0,0.9455,1.0,,train
91dcea28a57a,PARK,include,video,,include:clip:91dcea28a57a,data/external/include_pose/INCLUDE/Pose_Signs/Places/27. Park/MVI_3550.pkl,data/processed/landmarks/include/PARK/91dcea28a57a.npz,62,0.0,0.0,0.9032,1.0,,train
b884131519e7,PARK,include,video,,include:clip:b884131519e7,data/external/include_pose/INCLUDE/Pose_Signs/Places/27. Park/MVI_3627.pkl,data/processed/landmarks/include/PARK/b884131519e7.npz,47,0.0,0.0,0.9362,1.0,,train
7a23378356c2,PARK,include,video,,include:clip:7a23378356c2,data/external/include_pose/INCLUDE/Pose_Signs/Places/27. Park/MVI_3551.pkl,data/processed/landmarks/include/PARK/7a23378356c2.npz,76,0.0,0.0,0.8421,1.0,,train
3a5bc02938a8,PARK,include,video,,include:clip:3a5bc02938a8,data/external/include_pose/INCLUDE/Pose_Signs/Places/27. Park/MVI_3382.pkl,data/processed/landmarks/include/PARK/3a5bc02938a8.npz,66,0.0,0.0,0.9091,1.0,,train
20759a93ca33,PARK,include,video,,include:clip:20759a93ca33,data/external/include_pose/INCLUDE/Pose_Signs/Places/27. Park/MVI_3630.pkl,data/processed/landmarks/include/PARK/20759a93ca33.npz,45,0.0,0.0,0.9556,1.0,,train
cd532ffafdb9,PARK,include,video,,include:clip:cd532ffafdb9,data/external/include_pose/INCLUDE/Pose_Signs/Places/27. Park/MVI_3383.pkl,data/processed/landmarks/include/PARK/cd532ffafdb9.npz,66,0.0,0.0,0.8939,1.0,,train
dd80a8d142e4,PARK,include,video,,include:clip:dd80a8d142e4,data/external/include_pose/INCLUDE/Pose_Signs/Places/27. Park/MVI_3548.pkl,data/processed/landmarks/include/PARK/dd80a8d142e4.npz,54,0.0,0.0,0.8333,1.0,,train
5ba9eb624a6e,PARK,include,video,,include:clip:5ba9eb624a6e,data/external/include_pose/INCLUDE/Pose_Signs/Places/27. Park/MVI_3549.pkl,data/processed/landmarks/include/PARK/5ba9eb624a6e.npz,59,0.0,0.0,0.8136,1.0,,train
b75957199047,PARK,include,video,,include:clip:b75957199047,data/external/include_pose/INCLUDE/Pose_Signs/Places/27. Park/MVI_3305.pkl,data/processed/landmarks/include/PARK/b75957199047.npz,67,0.0,0.0,0.8806,1.0,,train
83f377be900b,PARK,include,video,,include:clip:83f377be900b,data/external/include_pose/INCLUDE/Pose_Signs/Places/27. Park/MVI_3304.pkl,data/processed/landmarks/include/PARK/83f377be900b.npz,65,0.0,0.0,0.8462,1.0,,train
bfba606543fd,PARK,include,video,,include:clip:bfba606543fd,data/external/include_pose/INCLUDE/Pose_Signs/Places/27. Park/MVI_3471.pkl,data/processed/landmarks/include/PARK/bfba606543fd.npz,53,0.0,0.0,0.9623,1.0,,train
c6a9280c2200,PARK,include,video,,include:clip:c6a9280c2200,data/external/include_pose/INCLUDE/Pose_Signs/Places/27. Park/MVI_3303.pkl,data/processed/landmarks/include/PARK/c6a9280c2200.npz,64,0.0,0.0,0.8438,1.0,,train
dec6a3cbd4af,PARK,include,video,,include:clip:dec6a3cbd4af,data/external/include_pose/INCLUDE/Pose_Signs/Places/27. Park/MVI_3302.pkl,data/processed/landmarks/include/PARK/dec6a3cbd4af.npz,69,0.0,0.0,0.8406,1.0,,train
633644662c70,STORE_OR_SHOP,include,video,,include:clip:633644662c70,data/external/include_pose/INCLUDE/Pose_Signs/Places/28. Store or Shop/MVI_3309.pkl,data/processed/landmarks/include/STORE_OR_SHOP/633644662c70.npz,63,0.0,0.0,0.7937,1.0,,train
4439607f0a32,STORE_OR_SHOP,include,video,,include:clip:4439607f0a32,data/external/include_pose/INCLUDE/Pose_Signs/Places/28. Store or Shop/MVI_3387.pkl,data/processed/landmarks/include/STORE_OR_SHOP/4439607f0a32.npz,52,0.0,0.0,0.5385,1.0,,train
4974914d0652,STORE_OR_SHOP,include,video,,include:clip:4974914d0652,data/external/include_pose/INCLUDE/Pose_Signs/Places/28. Store or Shop/MVI_3634.pkl,data/processed/landmarks/include/STORE_OR_SHOP/4974914d0652.npz,50,0.0,0.0,0.96,1.0,,train
1c59a98989bc,STORE_OR_SHOP,include,video,,include:clip:1c59a98989bc,data/external/include_pose/INCLUDE/Pose_Signs/Places/28. Store or Shop/MVI_3635.pkl,data/processed/landmarks/include/STORE_OR_SHOP/1c59a98989bc.npz,52,0.0,0.0,0.9423,1.0,,train
93e1445d9c66,STORE_OR_SHOP,include,video,,include:clip:93e1445d9c66,data/external/include_pose/INCLUDE/Pose_Signs/Places/28. Store or Shop/MVI_3386.pkl,data/processed/landmarks/include/STORE_OR_SHOP/93e1445d9c66.npz,59,0.0,0.0,0.6441,1.0,,train
83c79914fb0c,STORE_OR_SHOP,include,video,,include:clip:83c79914fb0c,data/external/include_pose/INCLUDE/Pose_Signs/Places/28. Store or Shop/MVI_3555.pkl,data/processed/landmarks/include/STORE_OR_SHOP/83c79914fb0c.npz,52,0.0,0.0,0.8846,1.0,,train
0bcd43692e5b,STORE_OR_SHOP,include,video,,include:clip:0bcd43692e5b,data/external/include_pose/INCLUDE/Pose_Signs/Places/28. Store or Shop/MVI_3384.pkl,data/processed/landmarks/include/STORE_OR_SHOP/0bcd43692e5b.npz,62,0.0,0.0,0.6774,1.0,,train
bfb54d97fb84,STORE_OR_SHOP,include,video,,include:clip:bfb54d97fb84,data/external/include_pose/INCLUDE/Pose_Signs/Places/28. Store or Shop/MVI_3385.pkl,data/processed/landmarks/include/STORE_OR_SHOP/bfb54d97fb84.npz,64,0.0,0.0,0.6562,1.0,,train
a93af218a29c,STORE_OR_SHOP,include,video,,include:clip:a93af218a29c,data/external/include_pose/INCLUDE/Pose_Signs/Places/28. Store or Shop/MVI_3554.pkl,data/processed/landmarks/include/STORE_OR_SHOP/a93af218a29c.npz,56,0.0,0.0,0.8571,1.0,,train
495420c59dd5,STORE_OR_SHOP,include,video,,include:clip:495420c59dd5,data/external/include_pose/INCLUDE/Pose_Signs/Places/28. Store or Shop/MVI_3632.pkl,data/processed/landmarks/include/STORE_OR_SHOP/495420c59dd5.npz,54,0.0,0.0,0.9815,1.0,,train
7883a91a6ff2,STORE_OR_SHOP,include,video,,include:clip:7883a91a6ff2,data/external/include_pose/INCLUDE/Pose_Signs/Places/28. Store or Shop/Extra/MVI_3637.pkl,data/processed/landmarks/include/STORE_OR_SHOP/7883a91a6ff2.npz,48,0.0,0.0,0.9792,1.0,,train
63bdad938618,STORE_OR_SHOP,include,video,,include:clip:63bdad938618,data/external/include_pose/INCLUDE/Pose_Signs/Places/28. Store or Shop/Extra/MVI_3636.pkl,data/processed/landmarks/include/STORE_OR_SHOP/63bdad938618.npz,46,0.0,0.0,0.9565,1.0,,train
72a510e44974,STORE_OR_SHOP,include,video,,include:clip:72a510e44974,data/external/include_pose/INCLUDE/Pose_Signs/Places/28. Store or Shop/MVI_3474.pkl,data/processed/landmarks/include/STORE_OR_SHOP/72a510e44974.npz,45,0.0,0.0,0.9556,1.0,,train
91e882905a84,STORE_OR_SHOP,include,video,,include:clip:91e882905a84,data/external/include_pose/INCLUDE/Pose_Signs/Places/28. Store or Shop/MVI_3475.pkl,data/processed/landmarks/include/STORE_OR_SHOP/91e882905a84.npz,46,0.0,0.0,0.9565,1.0,,train
0c1ae851aec4,STORE_OR_SHOP,include,video,,include:clip:0c1ae851aec4,data/external/include_pose/INCLUDE/Pose_Signs/Places/28. Store or Shop/MVI_3472.pkl,data/processed/landmarks/include/STORE_OR_SHOP/0c1ae851aec4.npz,50,0.0,0.0,0.96,1.0,,train
2285547f4169,STORE_OR_SHOP,include,video,,include:clip:2285547f4169,data/external/include_pose/INCLUDE/Pose_Signs/Places/28. Store or Shop/MVI_3473.pkl,data/processed/landmarks/include/STORE_OR_SHOP/2285547f4169.npz,43,0.0,0.0,0.9767,1.0,,train
ee43235743e6,INDIA,include,video,,include:clip:ee43235743e6,data/external/include_pose/INCLUDE/Pose_Signs/Places/33. India/MVI_3330.pkl,data/processed/landmarks/include/INDIA/ee43235743e6.npz,62,0.0,0.0,1.0,1.0,,train
bc627cf86a6f,INDIA,include,video,,include:clip:bc627cf86a6f,data/external/include_pose/INCLUDE/Pose_Signs/Places/33. India/MVI_3654.pkl,data/processed/landmarks/include/INDIA/bc627cf86a6f.npz,55,0.0,0.0,1.0,1.0,,train
eacf93d30f4d,INDIA,include,video,,include:clip:eacf93d30f4d,data/external/include_pose/INCLUDE/Pose_Signs/Places/33. India/MVI_3651.pkl,data/processed/landmarks/include/INDIA/eacf93d30f4d.npz,50,0.0,0.0,1.0,1.0,,train
11ea48505384,INDIA,include,video,,include:clip:11ea48505384,data/external/include_pose/INCLUDE/Pose_Signs/Places/33. India/MVI_3493.pkl,data/processed/landmarks/include/INDIA/11ea48505384.npz,51,0.0,0.0,1.0,1.0,,train
e84e1ece6e9d,INDIA,include,video,,include:clip:e84e1ece6e9d,data/external/include_pose/INCLUDE/Pose_Signs/Places/33. India/MVI_3652.pkl,data/processed/landmarks/include/INDIA/e84e1ece6e9d.npz,49,0.0,0.0,1.0,1.0,,train
569b3c94ea55,INDIA,include,video,,include:clip:569b3c94ea55,data/external/include_pose/INCLUDE/Pose_Signs/Places/33. India/MVI_3653.pkl,data/processed/landmarks/include/INDIA/569b3c94ea55.npz,43,0.0,0.0,1.0,1.0,,train
883b83970405,INDIA,include,video,,include:clip:883b83970405,data/external/include_pose/INCLUDE/Pose_Signs/Places/33. India/MVI_3492.pkl,data/processed/landmarks/include/INDIA/883b83970405.npz,48,0.0,0.0,1.0,1.0,,train
fdb279636a75,INDIA,include,video,,include:clip:fdb279636a75,data/external/include_pose/INCLUDE/Pose_Signs/Places/33. India/MVI_3576.pkl,data/processed/landmarks/include/INDIA/fdb279636a75.npz,48,0.0,0.0,1.0,1.0,,train
dd98bf1b8430,INDIA,include,video,,include:clip:dd98bf1b8430,data/external/include_pose/INCLUDE/Pose_Signs/Places/33. India/MVI_3575.pkl,data/processed/landmarks/include/INDIA/dd98bf1b8430.npz,49,0.0,0.0,1.0,1.0,,train
437242aff2f7,INDIA,include,video,,include:clip:437242aff2f7,data/external/include_pose/INCLUDE/Pose_Signs/Places/33. India/MVI_3411.pkl,data/processed/landmarks/include/INDIA/437242aff2f7.npz,68,0.0,0.0,1.0,1.0,,train
150449b4ad57,INDIA,include,video,,include:clip:150449b4ad57,data/external/include_pose/INCLUDE/Pose_Signs/Places/33. India/MVI_3412.pkl,data/processed/landmarks/include/INDIA/150449b4ad57.npz,53,0.0,0.0,1.0,1.0,,train
e02e00c25648,INDIA,include,video,,include:clip:e02e00c25648,data/external/include_pose/INCLUDE/Pose_Signs/Places/33. India/MVI_3573.pkl,data/processed/landmarks/include/INDIA/e02e00c25648.npz,54,0.0,0.0,1.0,1.0,,train
f82e03bc1761,INDIA,include,video,,include:clip:f82e03bc1761,data/external/include_pose/INCLUDE/Pose_Signs/Places/33. India/MVI_3328.pkl,data/processed/landmarks/include/INDIA/f82e03bc1761.npz,60,0.0,0.0,1.0,1.0,,train
e2a326d4460f,INDIA,include,video,,include:clip:e2a326d4460f,data/external/include_pose/INCLUDE/Pose_Signs/Places/33. India/MVI_3329.pkl,data/processed/landmarks/include/INDIA/e2a326d4460f.npz,63,0.0,0.0,1.0,1.0,,train
372d9d89fcee,STREET_OR_ROAD,include,video,,include:clip:372d9d89fcee,data/external/include_pose/INCLUDE/Pose_Signs/Places/20. Street or Road/MVI_3441.pkl,data/processed/landmarks/include/STREET_OR_ROAD/372d9d89fcee.npz,51,0.0,0.0,0.9804,1.0,,train
3617929ba248,STREET_OR_ROAD,include,video,,include:clip:3617929ba248,data/external/include_pose/INCLUDE/Pose_Signs/Places/20. Street or Road/MVI_3440.pkl,data/processed/landmarks/include/STREET_OR_ROAD/3617929ba248.npz,59,0.0,0.0,0.9831,1.0,,train
73c506c74e8a,STREET_OR_ROAD,include,video,,include:clip:73c506c74e8a,data/external/include_pose/INCLUDE/Pose_Signs/Places/20. Street or Road/MVI_3520.pkl,data/processed/landmarks/include/STREET_OR_ROAD/73c506c74e8a.npz,58,0.0,0.0,0.9138,1.0,,train
58da2e06c981,STREET_OR_ROAD,include,video,,include:clip:58da2e06c981,data/external/include_pose/INCLUDE/Pose_Signs/Places/20. Street or Road/MVI_3519.pkl,data/processed/landmarks/include/STREET_OR_ROAD/58da2e06c981.npz,55,0.0,0.0,0.8545,1.0,,train
e7e3baef4310,STREET_OR_ROAD,include,video,,include:clip:e7e3baef4310,data/external/include_pose/INCLUDE/Pose_Signs/Places/20. Street or Road/MVI_3353.pkl,data/processed/landmarks/include/STREET_OR_ROAD/e7e3baef4310.npz,63,0.0,0.0,0.9048,1.0,,train
3aeb96bac94e,STREET_OR_ROAD,include,video,,include:clip:3aeb96bac94e,data/external/include_pose/INCLUDE/Pose_Signs/Places/20. Street or Road/MVI_3355.pkl,data/processed/landmarks/include/STREET_OR_ROAD/3aeb96bac94e.npz,58,0.0,0.0,0.7069,1.0,,train
30659318dc95,STREET_OR_ROAD,include,video,,include:clip:30659318dc95,data/external/include_pose/INCLUDE/Pose_Signs/Places/20. Street or Road/MVI_3354.pkl,data/processed/landmarks/include/STREET_OR_ROAD/30659318dc95.npz,63,0.0,0.0,0.873,1.0,,train
9709201c72e9,STREET_OR_ROAD,include,video,,include:clip:9709201c72e9,data/external/include_pose/INCLUDE/Pose_Signs/Places/20. Street or Road/MVI_3600.pkl,data/processed/landmarks/include/STREET_OR_ROAD/9709201c72e9.npz,50,0.0,0.0,0.94,1.0,,train
2741ad25df7f,STREET_OR_ROAD,include,video,,include:clip:2741ad25df7f,data/external/include_pose/INCLUDE/Pose_Signs/Places/20. Street or Road/MVI_3599.pkl,data/processed/landmarks/include/STREET_OR_ROAD/2741ad25df7f.npz,47,0.0,0.0,1.0,1.0,,train
d0c9569ee13f,STREET_OR_ROAD,include,video,,include:clip:d0c9569ee13f,data/external/include_pose/INCLUDE/Pose_Signs/Places/20. Street or Road/MVI_3598.pkl,data/processed/landmarks/include/STREET_OR_ROAD/d0c9569ee13f.npz,49,0.0,0.0,0.9592,1.0,,train
a502ee8f8a99,STREET_OR_ROAD,include,video,,include:clip:a502ee8f8a99,data/external/include_pose/INCLUDE/Pose_Signs/Places/20. Street or Road/MVI_3272.pkl,data/processed/landmarks/include/STREET_OR_ROAD/a502ee8f8a99.npz,75,0.0,0.0,0.8933,1.0,,train
bac3017ddd35,STREET_OR_ROAD,include,video,,include:clip:bac3017ddd35,data/external/include_pose/INCLUDE/Pose_Signs/Places/20. Street or Road/MVI_3273.pkl,data/processed/landmarks/include/STREET_OR_ROAD/bac3017ddd35.npz,62,0.0,0.0,1.0,1.0,,train
617eabaf92fe,STREET_OR_ROAD,include,video,,include:clip:617eabaf92fe,data/external/include_pose/INCLUDE/Pose_Signs/Places/20. Street or Road/MVI_3271.pkl,data/processed/landmarks/include/STREET_OR_ROAD/617eabaf92fe.npz,60,0.0,0.0,0.9167,1.0,,train
ec37f7eeb48c,STREET_OR_ROAD,include,video,,include:clip:ec37f7eeb48c,data/external/include_pose/INCLUDE/Pose_Signs/Places/20. Street or Road/MVI_3274.pkl,data/processed/landmarks/include/STREET_OR_ROAD/ec37f7eeb48c.npz,73,0.0,0.0,0.8767,1.0,,train
facd6289dc63,HOSPITAL,include,video,,include:clip:facd6289dc63,data/external/include_pose/INCLUDE/Pose_Signs/Places/30. Hospital/MVI_3482.pkl,data/processed/landmarks/include/HOSPITAL/facd6289dc63.npz,63,0.0,0.0,0.9841,1.0,,train
705bac6af257,HOSPITAL,include,video,,include:clip:705bac6af257,data/external/include_pose/INCLUDE/Pose_Signs/Places/30. Hospital/MVI_3318.pkl,data/processed/landmarks/include/HOSPITAL/705bac6af257.npz,72,0.0,0.0,0.9444,1.0,,train
f03299735280,HOSPITAL,include,video,,include:clip:f03299735280,data/external/include_pose/INCLUDE/Pose_Signs/Places/30. Hospital/MVI_3641.pkl,data/processed/landmarks/include/HOSPITAL/f03299735280.npz,58,0.0,0.0,0.8966,1.0,,train
163a4f812f5f,HOSPITAL,include,video,,include:clip:163a4f812f5f,data/external/include_pose/INCLUDE/Pose_Signs/Places/30. Hospital/MVI_3480.pkl,data/processed/landmarks/include/HOSPITAL/163a4f812f5f.npz,66,0.0,0.0,0.9697,1.0,,train
6193837537ad,HOSPITAL,include,video,,include:clip:6193837537ad,data/external/include_pose/INCLUDE/Pose_Signs/Places/30. Hospital/MVI_3397.pkl,data/processed/landmarks/include/HOSPITAL/6193837537ad.npz,78,0.0,0.0,0.9744,1.0,,train
6345907e37d3,HOSPITAL,include,video,,include:clip:6345907e37d3,data/external/include_pose/INCLUDE/Pose_Signs/Places/30. Hospital/MVI_3562.pkl,data/processed/landmarks/include/HOSPITAL/6345907e37d3.npz,59,0.0,0.0,0.8305,1.0,,train
28d570b9014b,HOSPITAL,include,video,,include:clip:28d570b9014b,data/external/include_pose/INCLUDE/Pose_Signs/Places/30. Hospital/MVI_3560.pkl,data/processed/landmarks/include/HOSPITAL/28d570b9014b.npz,59,0.0,0.0,0.8475,1.0,,train
d7fb4188cc7b,HOSPITAL,include,video,,include:clip:d7fb4188cc7b,data/external/include_pose/INCLUDE/Pose_Signs/Places/30. Hospital/MVI_3399.pkl,data/processed/landmarks/include/HOSPITAL/d7fb4188cc7b.npz,65,0.0,0.0,0.9385,1.0,,train
18600c80ef28,HOSPITAL,include,video,,include:clip:18600c80ef28,data/external/include_pose/INCLUDE/Pose_Signs/Places/30. Hospital/MVI_3398.pkl,data/processed/landmarks/include/HOSPITAL/18600c80ef28.npz,70,0.0,0.0,0.9286,1.0,,train
ff33f5b3d09b,HOSPITAL,include,video,,include:clip:ff33f5b3d09b,data/external/include_pose/INCLUDE/Pose_Signs/Places/30. Hospital/MVI_3561.pkl,data/processed/landmarks/include/HOSPITAL/ff33f5b3d09b.npz,56,0.0,0.0,0.8214,1.0,,train
552cce5061e5,HOSPITAL,include,video,,include:clip:552cce5061e5,data/external/include_pose/INCLUDE/Pose_Signs/Places/30. Hospital/MVI_3638.pkl,data/processed/landmarks/include/HOSPITAL/552cce5061e5.npz,65,0.0,0.0,0.9385,1.0,,train
9e132b0db032,HOSPITAL,include,video,,include:clip:9e132b0db032,data/external/include_pose/INCLUDE/Pose_Signs/Places/30. Hospital/MVI_3315.pkl,data/processed/landmarks/include/HOSPITAL/9e132b0db032.npz,81,0.0,0.0,0.9259,1.0,,train
4898cf9aea99,HOSPITAL,include,video,,include:clip:4898cf9aea99,data/external/include_pose/INCLUDE/Pose_Signs/Places/30. Hospital/MVI_3317.pkl,data/processed/landmarks/include/HOSPITAL/4898cf9aea99.npz,71,0.0,0.0,0.9437,1.0,,train
e65ae51d3191,HOSPITAL,include,video,,include:clip:e65ae51d3191,data/external/include_pose/INCLUDE/Pose_Signs/Places/30. Hospital/MVI_3316.pkl,data/processed/landmarks/include/HOSPITAL/e65ae51d3191.npz,75,0.0,0.0,0.9067,1.0,,train
739b495f373a,BANK,include,video,,include:clip:739b495f373a,data/external/include_pose/INCLUDE/Pose_Signs/Places/35. Bank/MVI_3336.pkl,data/processed/landmarks/include/BANK/739b495f373a.npz,63,0.0,0.0,0.873,1.0,,train
44ebaab31c6b,BANK,include,video,,include:clip:44ebaab31c6b,data/external/include_pose/INCLUDE/Pose_Signs/Places/35. Bank/MVI_3337.pkl,data/processed/landmarks/include/BANK/44ebaab31c6b.npz,62,0.0,0.0,0.9032,1.0,,train
bcd05bfef6f8,BANK,include,video,,include:clip:bcd05bfef6f8,data/external/include_pose/INCLUDE/Pose_Signs/Places/35. Bank/MVI_3581.pkl,data/processed/landmarks/include/BANK/bcd05bfef6f8.npz,50,0.0,0.0,0.92,1.0,,train
146723e805df,BANK,include,video,,include:clip:146723e805df,data/external/include_pose/INCLUDE/Pose_Signs/Places/35. Bank/MVI_3423.pkl,data/processed/landmarks/include/BANK/146723e805df.npz,70,0.0,0.0,0.9429,1.0,,train
aa0d3dfb766c,BANK,include,video,,include:clip:aa0d3dfb766c,data/external/include_pose/INCLUDE/Pose_Signs/Places/35. Bank/MVI_3582.pkl,data/processed/landmarks/include/BANK/aa0d3dfb766c.npz,51,0.0,0.0,0.8824,1.0,,train
c6b8fe8f19a3,BANK,include,video,,include:clip:c6b8fe8f19a3,data/external/include_pose/INCLUDE/Pose_Signs/Places/35. Bank/MVI_3583.pkl,data/processed/landmarks/include/BANK/c6b8fe8f19a3.npz,45,0.0,0.0,0.8667,1.0,,train
418f569b4ed5,BANK,include,video,,include:clip:418f569b4ed5,data/external/include_pose/INCLUDE/Pose_Signs/Places/35. Bank/MVI_3419.pkl,data/processed/landmarks/include/BANK/418f569b4ed5.npz,82,0.0,0.0,0.9146,1.0,,train
70b817a8a5d3,BANK,include,video,,include:clip:70b817a8a5d3,data/external/include_pose/INCLUDE/Pose_Signs/Places/35. Bank/Extra/MVI_3420.pkl,data/processed/landmarks/include/BANK/70b817a8a5d3.npz,66,0.0,0.0,0.8788,1.0,,train
63b28704dde1,BANK,include,video,,include:clip:63b28704dde1,data/external/include_pose/INCLUDE/Pose_Signs/Places/35. Bank/Extra/MVI_3339.pkl,data/processed/landmarks/include/BANK/63b28704dde1.npz,63,0.0,0.0,0.9206,1.0,,train
380d702c4c0f,BANK,include,video,,include:clip:380d702c4c0f,data/external/include_pose/INCLUDE/Pose_Signs/Places/35. Bank/MVI_3662.pkl,data/processed/landmarks/include/BANK/380d702c4c0f.npz,43,0.0,0.0,0.907,1.0,,train
4895d3b8037a,BANK,include,video,,include:clip:4895d3b8037a,data/external/include_pose/INCLUDE/Pose_Signs/Places/35. Bank/MVI_3501.pkl,data/processed/landmarks/include/BANK/4895d3b8037a.npz,41,0.0,0.0,0.9512,1.0,,train
9cc05cf1f7a6,BANK,include,video,,include:clip:9cc05cf1f7a6,data/external/include_pose/INCLUDE/Pose_Signs/Places/35. Bank/MVI_3503.pkl,data/processed/landmarks/include/BANK/9cc05cf1f7a6.npz,45,0.0,0.0,1.0,1.0,,train
2ac5568b3750,BANK,include,video,,include:clip:2ac5568b3750,data/external/include_pose/INCLUDE/Pose_Signs/Places/35. Bank/MVI_3338.pkl,data/processed/landmarks/include/BANK/2ac5568b3750.npz,63,0.0,0.0,0.9524,1.0,,train
9c05c5a94909,BANK,include,video,,include:clip:9c05c5a94909,data/external/include_pose/INCLUDE/Pose_Signs/Places/35. Bank/MVI_3502.pkl,data/processed/landmarks/include/BANK/9c05c5a94909.npz,48,0.0,0.0,1.0,1.0,,train
4af16d1a91eb,BANK,include,video,,include:clip:4af16d1a91eb,data/external/include_pose/INCLUDE/Pose_Signs/Places/35. Bank/MVI_3664.pkl,data/processed/landmarks/include/BANK/4af16d1a91eb.npz,47,0.0,0.0,0.9362,1.0,,train
48ac6c0b50a8,SCHOOL,include,video,,include:clip:48ac6c0b50a8,data/external/include_pose/INCLUDE/Pose_Signs/Places/24. School/MVI_3535.pkl,data/processed/landmarks/include/SCHOOL/48ac6c0b50a8.npz,55,0.0,0.0,0.9455,1.0,,train
93b340258efb,SCHOOL,include,video,,include:clip:93b340258efb,data/external/include_pose/INCLUDE/Pose_Signs/Places/24. School/MVI_3291.pkl,data/processed/landmarks/include/SCHOOL/93b340258efb.npz,69,0.0,0.0,0.8841,1.0,,train
6b8ff69b2971,SCHOOL,include,video,,include:clip:6b8ff69b2971,data/external/include_pose/INCLUDE/Pose_Signs/Places/24. School/MVI_3456.pkl,data/processed/landmarks/include/SCHOOL/6b8ff69b2971.npz,47,0.0,0.0,0.8723,1.0,,train
82296783e5af,SCHOOL,include,video,,include:clip:82296783e5af,data/external/include_pose/INCLUDE/Pose_Signs/Places/24. School/MVI_3457.pkl,data/processed/landmarks/include/SCHOOL/82296783e5af.npz,51,0.0,0.0,0.9216,1.0,,train
55d3b6957f2b,SCHOOL,include,video,,include:clip:55d3b6957f2b,data/external/include_pose/INCLUDE/Pose_Signs/Places/24. School/MVI_3371.pkl,data/processed/landmarks/include/SCHOOL/55d3b6957f2b.npz,75,0.0,0.0,0.96,1.0,,train
1bf9ef9d573e,SCHOOL,include,video,,include:clip:1bf9ef9d573e,data/external/include_pose/INCLUDE/Pose_Signs/Places/24. School/MVI_3614.pkl,data/processed/landmarks/include/SCHOOL/1bf9ef9d573e.npz,56,0.0,0.0,0.8929,1.0,,train
1ccb59b00a25,SCHOOL,include,video,,include:clip:1ccb59b00a25,data/external/include_pose/INCLUDE/Pose_Signs/Places/24. School/MVI_3372.pkl,data/processed/landmarks/include/SCHOOL/1ccb59b00a25.npz,61,0.0,0.0,0.918,1.0,,train
5a8a97879caf,SCHOOL,include,video,,include:clip:5a8a97879caf,data/external/include_pose/INCLUDE/Pose_Signs/Places/24. School/MVI_3616.pkl,data/processed/landmarks/include/SCHOOL/5a8a97879caf.npz,46,0.0,0.0,0.8696,1.0,,train
0296b380b3ed,SCHOOL,include,video,,include:clip:0296b380b3ed,data/external/include_pose/INCLUDE/Pose_Signs/Places/24. School/MVI_3617.pkl,data/processed/landmarks/include/SCHOOL/0296b380b3ed.npz,49,0.0,0.0,0.8776,1.0,,train
9327d2587756,SCHOOL,include,video,,include:clip:9327d2587756,data/external/include_pose/INCLUDE/Pose_Signs/Places/24. School/MVI_3373.pkl,data/processed/landmarks/include/SCHOOL/9327d2587756.npz,66,0.0,0.0,0.9697,1.0,,train
ae2faf44acc3,SCHOOL,include,video,,include:clip:ae2faf44acc3,data/external/include_pose/INCLUDE/Pose_Signs/Places/24. School/MVI_3374.pkl,data/processed/landmarks/include/SCHOOL/ae2faf44acc3.npz,66,0.0,0.0,0.9242,1.0,,train
df425b6c177e,SCHOOL,include,video,,include:clip:df425b6c177e,data/external/include_pose/INCLUDE/Pose_Signs/Places/24. School/MVI_3459.pkl,data/processed/landmarks/include/SCHOOL/df425b6c177e.npz,56,0.0,0.0,0.875,1.0,,train
e90c52b8bd24,SCHOOL,include,video,,include:clip:e90c52b8bd24,data/external/include_pose/INCLUDE/Pose_Signs/Places/24. School/MVI_3458.pkl,data/processed/landmarks/include/SCHOOL/e90c52b8bd24.npz,55,0.0,0.0,0.9091,1.0,,train
6324af1fdc29,SCHOOL,include,video,,include:clip:6324af1fdc29,data/external/include_pose/INCLUDE/Pose_Signs/Places/24. School/MVI_3538.pkl,data/processed/landmarks/include/SCHOOL/6324af1fdc29.npz,56,0.0,0.0,0.875,1.0,,train
383af869ac22,HOUSE,include,video,,include:clip:383af869ac22,data/external/include_pose/INCLUDE/Pose_Signs/Places/19. House/MVI_3269.pkl,data/processed/landmarks/include/HOUSE/383af869ac22.npz,61,0.0,0.0,0.8689,1.0,,train
0e660df172ea,HOUSE,include,video,,include:clip:0e660df172ea,data/external/include_pose/INCLUDE/Pose_Signs/Places/19. House/MVI_3268.pkl,data/processed/landmarks/include/HOUSE/0e660df172ea.npz,75,0.0,0.0,0.9067,1.0,,train
21aaf8fb29a8,HOUSE,include,video,,include:clip:21aaf8fb29a8,data/external/include_pose/INCLUDE/Pose_Signs/Places/19. House/MVI_3595.pkl,data/processed/landmarks/include/HOUSE/21aaf8fb29a8.npz,58,0.0,0.0,0.9483,1.0,,train
6f553e14088c,HOUSE,include,video,,include:clip:6f553e14088c,data/external/include_pose/INCLUDE/Pose_Signs/Places/19. House/MVI_3436.pkl,data/processed/landmarks/include/HOUSE/6f553e14088c.npz,64,0.0,0.0,0.9375,1.0,,train
b94cdd1c7a28,HOUSE,include,video,,include:clip:b94cdd1c7a28,data/external/include_pose/INCLUDE/Pose_Signs/Places/19. House/MVI_3594.pkl,data/processed/landmarks/include/HOUSE/b94cdd1c7a28.npz,57,0.0,0.0,0.9474,1.0,,train
2439eec51b9a,HOUSE,include,video,,include:clip:2439eec51b9a,data/external/include_pose/INCLUDE/Pose_Signs/Places/19. House/MVI_3596.pkl,data/processed/landmarks/include/HOUSE/2439eec51b9a.npz,54,0.0,0.0,0.9074,1.0,,train
0eb62ba27fd0,HOUSE,include,video,,include:clip:0eb62ba27fd0,data/external/include_pose/INCLUDE/Pose_Signs/Places/19. House/MVI_3352.pkl,data/processed/landmarks/include/HOUSE/0eb62ba27fd0.npz,56,0.0,0.0,0.9107,1.0,,train
dd75af873f7c,HOUSE,include,video,,include:clip:dd75af873f7c,data/external/include_pose/INCLUDE/Pose_Signs/Places/19. House/MVI_3593.pkl,data/processed/landmarks/include/HOUSE/dd75af873f7c.npz,63,0.0,0.0,0.9365,1.0,,train
0fb9706bf84b,HOUSE,include,video,,include:clip:0fb9706bf84b,data/external/include_pose/INCLUDE/Pose_Signs/Places/19. House/Extra/MVI_3439.pkl,data/processed/landmarks/include/HOUSE/0fb9706bf84b.npz,57,0.0,0.0,0.8947,1.0,,train
2b1662e806d5,HOUSE,include,video,,include:clip:2b1662e806d5,data/external/include_pose/INCLUDE/Pose_Signs/Places/19. House/MVI_3438.pkl,data/processed/landmarks/include/HOUSE/2b1662e806d5.npz,58,0.0,0.0,0.8966,1.0,,train
0909a83f9cf3,HOUSE,include,video,,include:clip:0909a83f9cf3,data/external/include_pose/INCLUDE/Pose_Signs/Places/19. House/MVI_3349.pkl,data/processed/landmarks/include/HOUSE/0909a83f9cf3.npz,66,0.0,0.0,0.9545,1.0,,train
11e62a17db10,HOUSE,include,video,,include:clip:11e62a17db10,data/external/include_pose/INCLUDE/Pose_Signs/Places/19. House/MVI_3267.pkl,data/processed/landmarks/include/HOUSE/11e62a17db10.npz,78,0.0,0.0,0.8974,1.0,,train
3d376ca6f97c,HOUSE,include,video,,include:clip:3d376ca6f97c,data/external/include_pose/INCLUDE/Pose_Signs/Places/19. House/MVI_3516.pkl,data/processed/landmarks/include/HOUSE/3d376ca6f97c.npz,48,0.0,0.0,0.7083,1.0,,train
384bb61f90b0,HOUSE,include,video,,include:clip:384bb61f90b0,data/external/include_pose/INCLUDE/Pose_Signs/Places/19. House/MVI_3513.pkl,data/processed/landmarks/include/HOUSE/384bb61f90b0.npz,53,0.0,0.0,0.8679,1.0,,train
e4153021388a,RESTAURANT,include,video,,include:clip:e4153021388a,data/external/include_pose/INCLUDE/Pose_Signs/Places/22. Restaurant/MVI_3282.pkl,data/processed/landmarks/include/RESTAURANT/e4153021388a.npz,65,0.0,0.0,1.0,1.0,,train
a72c4274c080,RESTAURANT,include,video,,include:clip:a72c4274c080,data/external/include_pose/INCLUDE/Pose_Signs/Places/22. Restaurant/MVI_3283.pkl,data/processed/landmarks/include/RESTAURANT/a72c4274c080.npz,65,0.0,0.0,1.0,1.0,,train
85a103aab8de,RESTAURANT,include,video,,include:clip:85a103aab8de,data/external/include_pose/INCLUDE/Pose_Signs/Places/22. Restaurant/MVI_3281.pkl,data/processed/landmarks/include/RESTAURANT/85a103aab8de.npz,71,0.0,0.0,1.0,1.0,,train
810eee24fae8,RESTAURANT,include,video,,include:clip:810eee24fae8,data/external/include_pose/INCLUDE/Pose_Signs/Places/22. Restaurant/MVI_3450.pkl,data/processed/landmarks/include/RESTAURANT/810eee24fae8.npz,52,0.0,0.0,1.0,1.0,,train
626e95a01a0f,RESTAURANT,include,video,,include:clip:626e95a01a0f,data/external/include_pose/INCLUDE/Pose_Signs/Places/22. Restaurant/MVI_3451.pkl,data/processed/landmarks/include/RESTAURANT/626e95a01a0f.npz,49,0.0,0.0,1.0,1.0,,train
a377d11952d8,RESTAURANT,include,video,,include:clip:a377d11952d8,data/external/include_pose/INCLUDE/Pose_Signs/Places/22. Restaurant/MVI_3280.pkl,data/processed/landmarks/include/RESTAURANT/a377d11952d8.npz,70,0.0,0.0,1.0,1.0,,train
d0dce185f256,RESTAURANT,include,video,,include:clip:d0dce185f256,data/external/include_pose/INCLUDE/Pose_Signs/Places/22. Restaurant/MVI_3607.pkl,data/processed/landmarks/include/RESTAURANT/d0dce185f256.npz,45,0.0,0.0,1.0,1.0,,train
8107ece7e430,RESTAURANT,include,video,,include:clip:8107ece7e430,data/external/include_pose/INCLUDE/Pose_Signs/Places/22. Restaurant/MVI_3362.pkl,data/processed/landmarks/include/RESTAURANT/8107ece7e430.npz,64,0.0,0.0,1.0,1.0,,train
6ab9e29c2a9a,RESTAURANT,include,video,,include:clip:6ab9e29c2a9a,data/external/include_pose/INCLUDE/Pose_Signs/Places/22. Restaurant/MVI_3605.pkl,data/processed/landmarks/include/RESTAURANT/6ab9e29c2a9a.npz,59,0.0,0.0,1.0,1.0,,train
7972b3bee061,RESTAURANT,include,video,,include:clip:7972b3bee061,data/external/include_pose/INCLUDE/Pose_Signs/Places/22. Restaurant/MVI_3361.pkl,data/processed/landmarks/include/RESTAURANT/7972b3bee061.npz,68,0.0,0.0,1.0,1.0,,train
8651a2b548e5,RESTAURANT,include,video,,include:clip:8651a2b548e5,data/external/include_pose/INCLUDE/Pose_Signs/Places/22. Restaurant/MVI_3528.pkl,data/processed/landmarks/include/RESTAURANT/8651a2b548e5.npz,59,0.0,0.0,0.9661,1.0,,train
95ff226f076f,RESTAURANT,include,video,,include:clip:95ff226f076f,data/external/include_pose/INCLUDE/Pose_Signs/Places/22. Restaurant/MVI_3448.pkl,data/processed/landmarks/include/RESTAURANT/95ff226f076f.npz,61,0.0,0.0,1.0,1.0,,train
3eff90a192ed,RESTAURANT,include,video,,include:clip:3eff90a192ed,data/external/include_pose/INCLUDE/Pose_Signs/Places/22. Restaurant/MVI_3449.pkl,data/processed/landmarks/include/RESTAURANT/3eff90a192ed.npz,54,0.0,0.0,1.0,1.0,,train
3b4a6a66bbb0,RESTAURANT,include,video,,include:clip:3b4a6a66bbb0,data/external/include_pose/INCLUDE/Pose_Signs/Places/22. Restaurant/MVI_3529.pkl,data/processed/landmarks/include/RESTAURANT/3b4a6a66bbb0.npz,58,0.0,0.0,0.9655,1.0,,train
5847ec4f96d7,GOOD_MORNING,include,video,,include:clip:5847ec4f96d7,data/external/include_pose/INCLUDE/Pose_Signs/Greetings/51. Good Morning/MVI_9970.pkl,data/processed/landmarks/include/GOOD_MORNING/5847ec4f96d7.npz,82,0.0,0.0,1.0,1.0,,train
be4d153e342c,GOOD_MORNING,include,video,,include:clip:be4d153e342c,data/external/include_pose/INCLUDE/Pose_Signs/Greetings/51. Good Morning/MVI_0048.pkl,data/processed/landmarks/include/GOOD_MORNING/be4d153e342c.npz,41,0.0,0.0,1.0,1.0,,train
c106e3b24e50,GOOD_MORNING,include,video,,include:clip:c106e3b24e50,data/external/include_pose/INCLUDE/Pose_Signs/Greetings/51. Good Morning/MVI_0098.pkl,data/processed/landmarks/include/GOOD_MORNING/c106e3b24e50.npz,66,0.0,0.0,1.0,1.0,,train
c2ecf1f8f953,GOOD_MORNING,include,video,,include:clip:c2ecf1f8f953,data/external/include_pose/INCLUDE/Pose_Signs/Greetings/51. Good Morning/MVI_0042.pkl,data/processed/landmarks/include/GOOD_MORNING/c2ecf1f8f953.npz,85,0.0,0.0,1.0,1.0,,train
697d44e9d39a,GOOD_MORNING,include,video,,include:clip:697d44e9d39a,data/external/include_pose/INCLUDE/Pose_Signs/Greetings/51. Good Morning/MVI_9933.pkl,data/processed/landmarks/include/GOOD_MORNING/697d44e9d39a.npz,53,0.0,0.0,1.0,1.0,,train
58e8741332f2,GOOD_MORNING,include,video,,include:clip:58e8741332f2,data/external/include_pose/INCLUDE/Pose_Signs/Greetings/51. Good Morning/MVI_9932.pkl,data/processed/landmarks/include/GOOD_MORNING/58e8741332f2.npz,56,0.0,0.0,1.0,1.0,,train
694a4c9e2581,GOOD_MORNING,include,video,,include:clip:694a4c9e2581,data/external/include_pose/INCLUDE/Pose_Signs/Greetings/51. Good Morning/MVI_0044.pkl,data/processed/landmarks/include/GOOD_MORNING/694a4c9e2581.npz,85,0.0,0.0,1.0,1.0,,train
0b3bb387ac45,GOOD_MORNING,include,video,,include:clip:0b3bb387ac45,data/external/include_pose/INCLUDE/Pose_Signs/Greetings/51. Good Morning/MVI_9935.pkl,data/processed/landmarks/include/GOOD_MORNING/0b3bb387ac45.npz,48,0.0,0.0,1.0,1.0,,train
6a66d3753341,GOOD_MORNING,include,video,,include:clip:6a66d3753341,data/external/include_pose/INCLUDE/Pose_Signs/Greetings/51. Good Morning/MVI_0045.pkl,data/processed/landmarks/include/GOOD_MORNING/6a66d3753341.npz,90,0.0,0.0,1.0,1.0,,train
72d5fdc6e763,GOOD_MORNING,include,video,,include:clip:72d5fdc6e763,data/external/include_pose/INCLUDE/Pose_Signs/Greetings/51. Good Morning/MVI_0047.pkl,data/processed/landmarks/include/GOOD_MORNING/72d5fdc6e763.npz,59,0.0,0.0,1.0,1.0,,train
3cf4f0a88170,GOOD_MORNING,include,video,,include:clip:3cf4f0a88170,data/external/include_pose/INCLUDE/Pose_Signs/Greetings/51. Good Morning/MVI_0046.pkl,data/processed/landmarks/include/GOOD_MORNING/3cf4f0a88170.npz,62,0.0,0.0,1.0,1.0,,train
2e85275498dd,GOOD_MORNING,include,video,,include:clip:2e85275498dd,data/external/include_pose/INCLUDE/Pose_Signs/Greetings/51. Good Morning/MVI_9991.pkl,data/processed/landmarks/include/GOOD_MORNING/2e85275498dd.npz,58,0.0,0.0,1.0,1.0,,train
ea0885537339,GOOD_MORNING,include,video,,include:clip:ea0885537339,data/external/include_pose/INCLUDE/Pose_Signs/Greetings/51. Good Morning/MVI_9969.pkl,data/processed/landmarks/include/GOOD_MORNING/ea0885537339.npz,80,0.0,0.0,1.0,1.0,,train
a6b30884be46,GOOD_MORNING,include,video,,include:clip:a6b30884be46,data/external/include_pose/INCLUDE/Pose_Signs/Greetings/51. Good Morning/MVI_9968.pkl,data/processed/landmarks/include/GOOD_MORNING/a6b30884be46.npz,70,0.0,0.0,1.0,1.0,,train
4b9be67c4123,GOOD_EVENING,include,video,,include:clip:4b9be67c4123,data/external/include_pose/INCLUDE/Pose_Signs/Greetings/53. Good evening/MVI_0001.pkl,data/processed/landmarks/include/GOOD_EVENING/4b9be67c4123.npz,55,0.0,0.0,1.0,1.0,,train
ad3acd1996ea,GOOD_EVENING,include,video,,include:clip:ad3acd1996ea,data/external/include_pose/INCLUDE/Pose_Signs/Greetings/53. Good evening/MVI_9999.pkl,data/processed/landmarks/include/GOOD_EVENING/ad3acd1996ea.npz,56,0.0,0.0,1.0,1.0,,train
74f6c1d697a1,GOOD_EVENING,include,video,,include:clip:74f6c1d697a1,data/external/include_pose/INCLUDE/Pose_Signs/Greetings/53. Good evening/MVI_9998.pkl,data/processed/landmarks/include/GOOD_EVENING/74f6c1d697a1.npz,54,0.0,0.0,1.0,1.0,,train
d29f493839f4,GOOD_EVENING,include,video,,include:clip:d29f493839f4,data/external/include_pose/INCLUDE/Pose_Signs/Greetings/53. Good evening/MVI_9977.pkl,data/processed/landmarks/include/GOOD_EVENING/d29f493839f4.npz,82,0.0,0.0,1.0,1.0,,train
657d263dfb9f,GOOD_EVENING,include,video,,include:clip:657d263dfb9f,data/external/include_pose/INCLUDE/Pose_Signs/Greetings/53. Good evening/MVI_0106.pkl,data/processed/landmarks/include/GOOD_EVENING/657d263dfb9f.npz,75,0.0,0.0,1.0,1.0,,train
22a827d1e8fe,GOOD_EVENING,include,video,,include:clip:22a827d1e8fe,data/external/include_pose/INCLUDE/Pose_Signs/Greetings/53. Good evening/MVI_0107.pkl,data/processed/landmarks/include/GOOD_EVENING/22a827d1e8fe.npz,74,0.0,0.0,1.0,1.0,,train
ed0e302c522b,GOOD_EVENING,include,video,,include:clip:ed0e302c522b,data/external/include_pose/INCLUDE/Pose_Signs/Greetings/53. Good evening/MVI_0055.pkl,data/processed/landmarks/include/GOOD_EVENING/ed0e302c522b.npz,85,0.0,0.0,1.0,1.0,,train
b070a0b8feb7,GOOD_EVENING,include,video,,include:clip:b070a0b8feb7,data/external/include_pose/INCLUDE/Pose_Signs/Greetings/53. Good evening/MVI_0054.pkl,data/processed/landmarks/include/GOOD_EVENING/b070a0b8feb7.npz,63,0.0,0.0,1.0,1.0,,train
b6ea2807154a,GOOD_EVENING,include,video,,include:clip:b6ea2807154a,data/external/include_pose/INCLUDE/Pose_Signs/Greetings/53. Good evening/MVI_0053.pkl,data/processed/landmarks/include/GOOD_EVENING/b6ea2807154a.npz,64,0.0,0.0,1.0,1.0,,train
74658067bb23,GOOD_EVENING,include,video,,include:clip:74658067bb23,data/external/include_pose/INCLUDE/Pose_Signs/Greetings/53. Good evening/MVI_9978.pkl,data/processed/landmarks/include/GOOD_EVENING/74658067bb23.npz,79,0.0,0.0,1.0,1.0,,train
ca36cd06cdcf,GOOD_EVENING,include,video,,include:clip:ca36cd06cdcf,data/external/include_pose/INCLUDE/Pose_Signs/Greetings/53. Good evening/MVI_9979.pkl,data/processed/landmarks/include/GOOD_EVENING/ca36cd06cdcf.npz,74,0.0,0.0,1.0,1.0,,train
ea55eab0583d,GOOD_EVENING,include,video,,include:clip:ea55eab0583d,data/external/include_pose/INCLUDE/Pose_Signs/Greetings/53. Good evening/MVI_9943.pkl,data/processed/landmarks/include/GOOD_EVENING/ea55eab0583d.npz,67,0.0,0.0,1.0,1.0,,train
5df9b951e5fd,GOOD_EVENING,include,video,,include:clip:5df9b951e5fd,data/external/include_pose/INCLUDE/Pose_Signs/Greetings/53. Good evening/MVI_9940.pkl,data/processed/landmarks/include/GOOD_EVENING/5df9b951e5fd.npz,57,0.0,0.0,1.0,1.0,,train
fc01fa3cebe8,GOOD_AFTERNOON,include,video,,include:clip:fc01fa3cebe8,data/external/include_pose/INCLUDE/Pose_Signs/Greetings/52. Good afternoon/MVI_9974.pkl,data/processed/landmarks/include/GOOD_AFTERNOON/fc01fa3cebe8.npz,75,0.0,0.0,1.0,1.0,,train
8a7fe6603716,GOOD_AFTERNOON,include,video,,include:clip:8a7fe6603716,data/external/include_pose/INCLUDE/Pose_Signs/Greetings/52. Good afternoon/MVI_9975.pkl,data/processed/landmarks/include/GOOD_AFTERNOON/8a7fe6603716.npz,60,0.0,0.0,1.0,1.0,,train
df90f38251cc,GOOD_AFTERNOON,include,video,,include:clip:df90f38251cc,data/external/include_pose/INCLUDE/Pose_Signs/Greetings/52. Good afternoon/MVI_0103.pkl,data/processed/landmarks/include/GOOD_AFTERNOON/df90f38251cc.npz,73,0.0,0.0,1.0,1.0,,train
a4590854e817,GOOD_AFTERNOON,include,video,,include:clip:a4590854e817,data/external/include_pose/INCLUDE/Pose_Signs/Greetings/52. Good afternoon/MVI_0102.pkl,data/processed/landmarks/include/GOOD_AFTERNOON/a4590854e817.npz,74,0.0,0.0,1.0,1.0,,train
827be607bef9,GOOD_AFTERNOON,include,video,,include:clip:827be607bef9,data/external/include_pose/INCLUDE/Pose_Signs/Greetings/52. Good afternoon/MVI_0048.pkl,data/processed/landmarks/include/GOOD_AFTERNOON/827be607bef9.npz,87,0.0,0.0,1.0,1.0,,train
4b85257412a5,GOOD_AFTERNOON,include,video,,include:clip:4b85257412a5,data/external/include_pose/INCLUDE/Pose_Signs/Greetings/52. Good afternoon/MVI_9939.pkl,data/processed/landmarks/include/GOOD_AFTERNOON/4b85257412a5.npz,47,0.0,0.0,1.0,1.0,,train
2fc245d58227,GOOD_AFTERNOON,include,video,,include:clip:2fc245d58227,data/external/include_pose/INCLUDE/Pose_Signs/Greetings/52. Good afternoon/MVI_0101.pkl,data/processed/landmarks/include/GOOD_AFTERNOON/2fc245d58227.npz,69,0.0,0.0,1.0,1.0,,train
105e4679783f,GOOD_AFTERNOON,include,video,,include:clip:105e4679783f,data/external/include_pose/INCLUDE/Pose_Signs/Greetings/52. Good afternoon/MVI_0049.pkl,data/processed/landmarks/include/GOOD_AFTERNOON/105e4679783f.npz,55,0.0,0.0,1.0,1.0,,train
3616dd956c5d,GOOD_AFTERNOON,include,video,,include:clip:3616dd956c5d,data/external/include_pose/INCLUDE/Pose_Signs/Greetings/52. Good afternoon/MVI_0047.pkl,data/processed/landmarks/include/GOOD_AFTERNOON/3616dd956c5d.npz,87,0.0,0.0,1.0,1.0,,train
be920b951b75,GOOD_AFTERNOON,include,video,,include:clip:be920b951b75,data/external/include_pose/INCLUDE/Pose_Signs/Greetings/52. Good afternoon/MVI_9936.pkl,data/processed/landmarks/include/GOOD_AFTERNOON/be920b951b75.npz,67,0.0,0.0,1.0,1.0,,train
cb5fb5dfc3a8,GOOD_AFTERNOON,include,video,,include:clip:cb5fb5dfc3a8,data/external/include_pose/INCLUDE/Pose_Signs/Greetings/52. Good afternoon/MVI_9937.pkl,data/processed/landmarks/include/GOOD_AFTERNOON/cb5fb5dfc3a8.npz,55,0.0,0.0,1.0,1.0,,train
dff8e5572bba,GOOD_AFTERNOON,include,video,,include:clip:dff8e5572bba,data/external/include_pose/INCLUDE/Pose_Signs/Greetings/52. Good afternoon/MVI_0046.pkl,data/processed/landmarks/include/GOOD_AFTERNOON/dff8e5572bba.npz,91,0.0,0.0,1.0,1.0,,train
f198fc9e7c8d,GOOD_AFTERNOON,include,video,,include:clip:f198fc9e7c8d,data/external/include_pose/INCLUDE/Pose_Signs/Greetings/52. Good afternoon/MVI_9995.pkl,data/processed/landmarks/include/GOOD_AFTERNOON/f198fc9e7c8d.npz,63,0.0,0.0,1.0,1.0,,train
701efe8f3e4e,GOOD_AFTERNOON,include,video,,include:clip:701efe8f3e4e,data/external/include_pose/INCLUDE/Pose_Signs/Greetings/52. Good afternoon/MVI_9996.pkl,data/processed/landmarks/include/GOOD_AFTERNOON/701efe8f3e4e.npz,60,0.0,0.0,0.9167,1.0,,train
83588c340bd5,ALRIGHT,include,video,,include:clip:83588c340bd5,data/external/include_pose/INCLUDE/Pose_Signs/Greetings/50. Alright/MVI_9965.pkl,data/processed/landmarks/include/ALRIGHT/83588c340bd5.npz,78,0.0,0.0,0.9231,1.0,,train
f2c3c478385b,ALRIGHT,include,video,,include:clip:f2c3c478385b,data/external/include_pose/INCLUDE/Pose_Signs/Greetings/50. Alright/MVI_9964.pkl,data/processed/landmarks/include/ALRIGHT/f2c3c478385b.npz,86,0.0,0.0,0.8953,1.0,,train
3ce4e0719bb9,ALRIGHT,include,video,,include:clip:3ce4e0719bb9,data/external/include_pose/INCLUDE/Pose_Signs/Greetings/50. Alright/MVI_9966.pkl,data/processed/landmarks/include/ALRIGHT/3ce4e0719bb9.npz,72,0.0,0.0,0.9028,1.0,,train
719cf2d7c734,ALRIGHT,include,video,,include:clip:719cf2d7c734,data/external/include_pose/INCLUDE/Pose_Signs/Greetings/50. Alright/MVI_9988.pkl,data/processed/landmarks/include/ALRIGHT/719cf2d7c734.npz,53,0.0,0.0,1.0,1.0,,train
58f8aa0f4180,ALRIGHT,include,video,,include:clip:58f8aa0f4180,data/external/include_pose/INCLUDE/Pose_Signs/Greetings/50. Alright/MVI_0039.pkl,data/processed/landmarks/include/ALRIGHT/58f8aa0f4180.npz,79,0.0,0.0,0.9367,1.0,,train
aae0ce9772ff,ALRIGHT,include,video,,include:clip:aae0ce9772ff,data/external/include_pose/INCLUDE/Pose_Signs/Greetings/50. Alright/MVI_0038.pkl,data/processed/landmarks/include/ALRIGHT/aae0ce9772ff.npz,84,0.0,0.0,0.9405,1.0,,train
44f5366a171a,ALRIGHT,include,video,,include:clip:44f5366a171a,data/external/include_pose/INCLUDE/Pose_Signs/Greetings/50. Alright/MVI_0095.pkl,data/processed/landmarks/include/ALRIGHT/44f5366a171a.npz,63,0.0,0.0,0.7302,1.0,,train
a5f7f3faa156,ALRIGHT,include,video,,include:clip:a5f7f3faa156,data/external/include_pose/INCLUDE/Pose_Signs/Greetings/50. Alright/MVI_9926.pkl,data/processed/landmarks/include/ALRIGHT/a5f7f3faa156.npz,51,0.0,0.0,0.9804,1.0,,train
9034b3238ef2,ALRIGHT,include,video,,include:clip:9034b3238ef2,data/external/include_pose/INCLUDE/Pose_Signs/Greetings/50. Alright/MVI_0043.pkl,data/processed/landmarks/include/ALRIGHT/9034b3238ef2.npz,56,0.0,0.0,0.9643,1.0,,train
9840f7cc4643,ALRIGHT,include,video,,include:clip:9840f7cc4643,data/external/include_pose/INCLUDE/Pose_Signs/Greetings/50. Alright/MVI_0097.pkl,data/processed/landmarks/include/ALRIGHT/9840f7cc4643.npz,87,0.0,0.0,0.8046,1.0,,train
e48afe19d93c,ALRIGHT,include,video,,include:clip:e48afe19d93c,data/external/include_pose/INCLUDE/Pose_Signs/Greetings/50. Alright/MVI_0040.pkl,data/processed/landmarks/include/ALRIGHT/e48afe19d93c.npz,80,0.0,0.0,0.925,1.0,,train
98e62ceab353,ALRIGHT,include,video,,include:clip:98e62ceab353,data/external/include_pose/INCLUDE/Pose_Signs/Greetings/50. Alright/MVI_9923.pkl,data/processed/landmarks/include/ALRIGHT/98e62ceab353.npz,54,0.0,0.0,0.9259,1.0,,train
ea45bdfa104c,ALRIGHT,include,video,,include:clip:ea45bdfa104c,data/external/include_pose/INCLUDE/Pose_Signs/Greetings/50. Alright/MVI_9990.pkl,data/processed/landmarks/include/ALRIGHT/ea45bdfa104c.npz,54,0.0,0.0,0.9259,1.0,,train
78f61de99277,ALRIGHT,include,video,,include:clip:78f61de99277,data/external/include_pose/INCLUDE/Pose_Signs/Greetings/50. Alright/MVI_0037.pkl,data/processed/landmarks/include/ALRIGHT/78f61de99277.npz,73,0.0,0.0,0.9315,1.0,,train
1f55f945f2c5,THANK_YOU,include,video,,include:clip:1f55f945f2c5,data/external/include_pose/INCLUDE/Pose_Signs/Greetings/55. Thank you/MVI_0007.pkl,data/processed/landmarks/include/THANK_YOU/1f55f945f2c5.npz,56,0.0,0.0,0.9643,1.0,,train
a10c1071ff67,THANK_YOU,include,video,,include:clip:a10c1071ff67,data/external/include_pose/INCLUDE/Pose_Signs/Greetings/55. Thank you/MVI_0063.pkl,data/processed/landmarks/include/THANK_YOU/a10c1071ff67.npz,86,0.0,0.0,0.9535,1.0,,train
9676576f185c,THANK_YOU,include,video,,include:clip:9676576f185c,data/external/include_pose/INCLUDE/Pose_Signs/Greetings/55. Thank you/MVI_0061.pkl,data/processed/landmarks/include/THANK_YOU/9676576f185c.npz,82,0.0,0.0,0.9634,1.0,,train
efd95f572ded,THANK_YOU,include,video,,include:clip:efd95f572ded,data/external/include_pose/INCLUDE/Pose_Signs/Greetings/55. Thank you/MVI_0058.pkl,data/processed/landmarks/include/THANK_YOU/efd95f572ded.npz,60,0.0,0.0,0.9,1.0,,train
9cc661ab7eb1,THANK_YOU,include,video,,include:clip:9cc661ab7eb1,data/external/include_pose/INCLUDE/Pose_Signs/Greetings/55. Thank you/MVI_0112.pkl,data/processed/landmarks/include/THANK_YOU/9cc661ab7eb1.npz,75,0.0,0.0,0.9067,1.0,,train
7c04c0104c2e,THANK_YOU,include,video,,include:clip:7c04c0104c2e,data/external/include_pose/INCLUDE/Pose_Signs/Greetings/55. Thank you/MVI_0113.pkl,data/processed/landmarks/include/THANK_YOU/7c04c0104c2e.npz,79,0.0,0.0,0.9114,1.0,,train
87337bdb4885,THANK_YOU,include,video,,include:clip:87337bdb4885,data/external/include_pose/INCLUDE/Pose_Signs/Greetings/55. Thank you/MVI_9987.pkl,data/processed/landmarks/include/THANK_YOU/87337bdb4885.npz,63,0.0,0.0,0.9365,1.0,,train
e7638922221b,THANK_YOU,include,video,,include:clip:e7638922221b,data/external/include_pose/INCLUDE/Pose_Signs/Greetings/55. Thank you/MVI_9950.pkl,data/processed/landmarks/include/THANK_YOU/e7638922221b.npz,52,0.0,0.0,0.9038,1.0,,train
cbc9ce672304,THANK_YOU,include,video,,include:clip:cbc9ce672304,data/external/include_pose/INCLUDE/Pose_Signs/Greetings/55. Thank you/MVI_9951.pkl,data/processed/landmarks/include/THANK_YOU/cbc9ce672304.npz,54,0.0,0.0,0.8704,1.0,,train
b5a2437b7e37,THANK_YOU,include,video,,include:clip:b5a2437b7e37,data/external/include_pose/INCLUDE/Pose_Signs/Greetings/55. Thank you/MVI_9986.pkl,data/processed/landmarks/include/THANK_YOU/b5a2437b7e37.npz,56,0.0,0.0,0.9286,1.0,,train
45528c5a7dd6,THANK_YOU,include,video,,include:clip:45528c5a7dd6,data/external/include_pose/INCLUDE/Pose_Signs/Greetings/55. Thank you/MVI_0008.pkl,data/processed/landmarks/include/THANK_YOU/45528c5a7dd6.npz,57,0.0,0.0,0.9474,1.0,,train
2d32e87a83c4,THANK_YOU,include,video,,include:clip:2d32e87a83c4,data/external/include_pose/INCLUDE/Pose_Signs/Greetings/55. Thank you/MVI_9984.pkl,data/processed/landmarks/include/THANK_YOU/2d32e87a83c4.npz,61,0.0,0.0,0.918,1.0,,train
f7db206f8ae0,THANK_YOU,include,video,,include:clip:f7db206f8ae0,data/external/include_pose/INCLUDE/Pose_Signs/Greetings/55. Thank you/MVI_0060_.pkl,data/processed/landmarks/include/THANK_YOU/f7db206f8ae0.npz,81,0.0,0.0,0.9506,1.0,,train
647823341a81,THANK_YOU,include,video,,include:clip:647823341a81,data/external/include_pose/INCLUDE/Pose_Signs/Greetings/55. Thank you/MVI_9985.pkl,data/processed/landmarks/include/THANK_YOU/647823341a81.npz,67,0.0,0.0,0.9254,1.0,,train
c0f7183a92b2,HOW_ARE_YOU,include,video,,include:clip:c0f7183a92b2,data/external/include_pose/INCLUDE/Pose_Signs/Greetings/49. How are you/MVI_9962.pkl,data/processed/landmarks/include/HOW_ARE_YOU/c0f7183a92b2.npz,94,0.0,0.0,0.9681,1.0,,train
77b5e78d67fb,HOW_ARE_YOU,include,video,,include:clip:77b5e78d67fb,data/external/include_pose/INCLUDE/Pose_Signs/Greetings/49. How are you/MVI_9961.pkl,data/processed/landmarks/include/HOW_ARE_YOU/77b5e78d67fb.npz,92,0.0,0.0,0.9891,1.0,,train
3def8c915401,HOW_ARE_YOU,include,video,,include:clip:3def8c915401,data/external/include_pose/INCLUDE/Pose_Signs/Greetings/49. How are you/MVI_0042.pkl,data/processed/landmarks/include/HOW_ARE_YOU/3def8c915401.npz,66,0.0,0.0,0.9848,1.0,,train
57e0b85e3fac,HOW_ARE_YOU,include,video,,include:clip:57e0b85e3fac,data/external/include_pose/INCLUDE/Pose_Signs/Greetings/49. How are you/MVI_0094.pkl,data/processed/landmarks/include/HOW_ARE_YOU/57e0b85e3fac.npz,95,0.0,0.0,0.9474,1.0,,train
fc599482292a,HOW_ARE_YOU,include,video,,include:clip:fc599482292a,data/external/include_pose/INCLUDE/Pose_Signs/Greetings/49. How are you/MVI_0040.pkl,data/processed/landmarks/include/HOW_ARE_YOU/fc599482292a.npz,60,0.0,0.0,0.9167,1.0,,train
7f71055e5436,HOW_ARE_YOU,include,video,,include:clip:7f71055e5436,data/external/include_pose/INCLUDE/Pose_Signs/Greetings/49. How are you/MVI_0093.pkl,data/processed/landmarks/include/HOW_ARE_YOU/7f71055e5436.npz,100,0.0,0.0,0.92,1.0,,train
bcc9a2710fd1,HOW_ARE_YOU,include,video,,include:clip:bcc9a2710fd1,data/external/include_pose/INCLUDE/Pose_Signs/Greetings/49. How are you/MVI_9921.pkl,data/processed/landmarks/include/HOW_ARE_YOU/bcc9a2710fd1.npz,65,0.0,0.0,0.9846,1.0,,train
ac727dfb70be,HOW_ARE_YOU,include,video,,include:clip:ac727dfb70be,data/external/include_pose/INCLUDE/Pose_Signs/Greetings/49. How are you/MVI_0092.pkl,data/processed/landmarks/include/HOW_ARE_YOU/ac727dfb70be.npz,83,0.0,0.0,0.9157,1.0,,train
27f3dae4667e,HOW_ARE_YOU,include,video,,include:clip:27f3dae4667e,data/external/include_pose/INCLUDE/Pose_Signs/Greetings/49. How are you/MVI_9987.pkl,data/processed/landmarks/include/HOW_ARE_YOU/27f3dae4667e.npz,68,0.0,0.0,1.0,1.0,,train
a7c259100aef,HOW_ARE_YOU,include,video,,include:clip:a7c259100aef,data/external/include_pose/INCLUDE/Pose_Signs/Greetings/49. How are you/MVI_0035.pkl,data/processed/landmarks/include/HOW_ARE_YOU/a7c259100aef.npz,96,0.0,0.0,0.9688,1.0,,train
030df5cdb133,HOW_ARE_YOU,include,video,,include:clip:030df5cdb133,data/external/include_pose/INCLUDE/Pose_Signs/Greetings/49. How are you/MVI_0034.pkl,data/processed/landmarks/include/HOW_ARE_YOU/030df5cdb133.npz,92,0.0,0.0,0.9783,1.0,,train
007fb5568dcd,HOW_ARE_YOU,include,video,,include:clip:007fb5568dcd,data/external/include_pose/INCLUDE/Pose_Signs/Greetings/49. How are you/MVI_9986.pkl,data/processed/landmarks/include/HOW_ARE_YOU/007fb5568dcd.npz,67,0.0,0.0,0.9701,1.0,,train
03d7d9e858ef,HOW_ARE_YOU,include,video,,include:clip:03d7d9e858ef,data/external/include_pose/INCLUDE/Pose_Signs/Greetings/49. How are you/MVI_0036.pkl,data/processed/landmarks/include/HOW_ARE_YOU/03d7d9e858ef.npz,95,0.0,0.0,0.9368,1.0,,train
78682353bdfd,HOW_ARE_YOU,include,video,,include:clip:78682353bdfd,data/external/include_pose/INCLUDE/Pose_Signs/Greetings/49. How are you/MVI_9985.pkl,data/processed/landmarks/include/HOW_ARE_YOU/78682353bdfd.npz,67,0.0,0.0,0.9851,1.0,,train
1e3da51eed60,GOOD_NIGHT,include,video,,include:clip:1e3da51eed60,data/external/include_pose/INCLUDE/Pose_Signs/Greetings/54. Good night/MVI_0003.pkl,data/processed/landmarks/include/GOOD_NIGHT/1e3da51eed60.npz,60,0.0,0.0,0.9833,1.0,,train
b1410dc92d03,GOOD_NIGHT,include,video,,include:clip:b1410dc92d03,data/external/include_pose/INCLUDE/Pose_Signs/Greetings/54. Good night/MVI_0002.pkl,data/processed/landmarks/include/GOOD_NIGHT/b1410dc92d03.npz,56,0.0,0.0,0.9821,1.0,,train
8b62cd45eab1,GOOD_NIGHT,include,video,,include:clip:8b62cd45eab1,data/external/include_pose/INCLUDE/Pose_Signs/Greetings/54. Good night/MVI_0004.pkl,data/processed/landmarks/include/GOOD_NIGHT/8b62cd45eab1.npz,60,0.0,0.0,0.95,1.0,,train
7384502ce3a3,GOOD_NIGHT,include,video,,include:clip:7384502ce3a3,data/external/include_pose/INCLUDE/Pose_Signs/Greetings/54. Good night/MVI_0059.pkl,data/processed/landmarks/include/GOOD_NIGHT/7384502ce3a3.npz,93,0.0,0.0,1.0,1.0,,train
ba7d80593ac9,GOOD_NIGHT,include,video,,include:clip:ba7d80593ac9,data/external/include_pose/INCLUDE/Pose_Signs/Greetings/54. Good night/MVI_0110.pkl,data/processed/landmarks/include/GOOD_NIGHT/ba7d80593ac9.npz,77,0.0,0.0,1.0,1.0,,train
56446c1a1aaf,GOOD_NIGHT,include,video,,include:clip:56446c1a1aaf,data/external/include_pose/INCLUDE/Pose_Signs/Greetings/54. Good night/MVI_0056.pkl,data/processed/landmarks/include/GOOD_NIGHT/56446c1a1aaf.npz,62,0.0,0.0,1.0,1.0,,train
9a46f609b66d,GOOD_NIGHT,include,video,,include:clip:9a46f609b66d,data/external/include_pose/INCLUDE/Pose_Signs/Greetings/54. Good night/MVI_0057.pkl,data/processed/landmarks/include/GOOD_NIGHT/9a46f609b66d.npz,60,0.0,0.0,1.0,1.0,,train
7641bb144897,GOOD_NIGHT,include,video,,include:clip:7641bb144897,data/external/include_pose/INCLUDE/Pose_Signs/Greetings/54. Good night/MVI_0109.pkl,data/processed/landmarks/include/GOOD_NIGHT/7641bb144897.npz,80,0.0,0.0,1.0,1.0,,train
b6a3e462de09,GOOD_NIGHT,include,video,,include:clip:b6a3e462de09,data/external/include_pose/INCLUDE/Pose_Signs/Greetings/54. Good night/MVI_9944.pkl,data/processed/landmarks/include/GOOD_NIGHT/b6a3e462de09.npz,55,0.0,0.0,1.0,1.0,,train
c4e856cb1247,GOOD_NIGHT,include,video,,include:clip:c4e856cb1247,data/external/include_pose/INCLUDE/Pose_Signs/Greetings/54. Good night/MVI_9945.pkl,data/processed/landmarks/include/GOOD_NIGHT/c4e856cb1247.npz,58,0.0,0.0,1.0,1.0,,train
dfdf6be80e4c,GOOD_NIGHT,include,video,,include:clip:dfdf6be80e4c,data/external/include_pose/INCLUDE/Pose_Signs/Greetings/54. Good night/MVI_005_6.pkl,data/processed/landmarks/include/GOOD_NIGHT/dfdf6be80e4c.npz,82,0.0,0.0,1.0,1.0,,train
6f4a1a2f53cd,GOOD_NIGHT,include,video,,include:clip:6f4a1a2f53cd,data/external/include_pose/INCLUDE/Pose_Signs/Greetings/54. Good night/MVI_9980.pkl,data/processed/landmarks/include/GOOD_NIGHT/6f4a1a2f53cd.npz,84,0.0,0.0,1.0,1.0,,train
8f6529263e0a,GOOD_NIGHT,include,video,,include:clip:8f6529263e0a,data/external/include_pose/INCLUDE/Pose_Signs/Greetings/54. Good night/MVI_9982.pkl,data/processed/landmarks/include/GOOD_NIGHT/8f6529263e0a.npz,84,0.0,0.0,1.0,1.0,,train
bbcbe39f3d93,GOOD_NIGHT,include,video,,include:clip:bbcbe39f3d93,data/external/include_pose/INCLUDE/Pose_Signs/Greetings/54. Good night/MVI_0057_.pkl,data/processed/landmarks/include/GOOD_NIGHT/bbcbe39f3d93.npz,91,0.0,0.0,1.0,1.0,,train
ce27866be436,GOOD_NIGHT,include,video,,include:clip:ce27866be436,data/external/include_pose/INCLUDE/Pose_Signs/Greetings/54. Good night/MVI_9983.pkl,data/processed/landmarks/include/GOOD_NIGHT/ce27866be436.npz,67,0.0,0.0,1.0,1.0,,train
0ec2591fb59f,PLEASED,include,video,,include:clip:0ec2591fb59f,data/external/include_pose/INCLUDE/Pose_Signs/Greetings/56. Pleased/MVI_9988.pkl,data/processed/landmarks/include/PLEASED/0ec2591fb59f.npz,64,0.0,0.0,1.0,1.0,,train
2e1d871c1a6a,PLEASED,include,video,,include:clip:2e1d871c1a6a,data/external/include_pose/INCLUDE/Pose_Signs/Greetings/56. Pleased/MVI_9989.pkl,data/processed/landmarks/include/PLEASED/2e1d871c1a6a.npz,78,0.0,0.0,1.0,1.0,,train
a2348a555b04,PLEASED,include,video,,include:clip:a2348a555b04,data/external/include_pose/INCLUDE/Pose_Signs/Greetings/56. Pleased/MVI_0010.pkl,data/processed/landmarks/include/PLEASED/a2348a555b04.npz,54,0.0,0.0,1.0,1.0,,train
7acb292d366c,PLEASED,include,video,,include:clip:7acb292d366c,data/external/include_pose/INCLUDE/Pose_Signs/Greetings/56. Pleased/MVI_0063.pkl,data/processed/landmarks/include/PLEASED/7acb292d366c.npz,56,0.0,0.0,1.0,1.0,,train
0d23969bf405,PLEASED,include,video,,include:clip:0d23969bf405,data/external/include_pose/INCLUDE/Pose_Signs/Greetings/56. Pleased/MVI_0116.pkl,data/processed/landmarks/include/PLEASED/0d23969bf405.npz,65,0.0,0.0,1.0,1.0,,train
7c0d24d55b9f,PLEASED,include,video,,include:clip:7c0d24d55b9f,data/external/include_pose/INCLUDE/Pose_Signs/Greetings/56. Pleased/MVI_0062.pkl,data/processed/landmarks/include/PLEASED/7c0d24d55b9f.npz,51,0.0,0.0,1.0,1.0,,train
efeb7b7a4fbe,PLEASED,include,video,,include:clip:efeb7b7a4fbe,data/external/include_pose/INCLUDE/Pose_Signs/Greetings/56. Pleased/MVI_0114.pkl,data/processed/landmarks/include/PLEASED/efeb7b7a4fbe.npz,62,0.0,0.0,1.0,1.0,,train
4e41d2529011,PLEASED,include,video,,include:clip:4e41d2529011,data/external/include_pose/INCLUDE/Pose_Signs/Greetings/56. Pleased/MVI_0115.pkl,data/processed/landmarks/include/PLEASED/4e41d2529011.npz,73,0.0,0.0,1.0,1.0,,train
c8b2e8ba3f67,PLEASED,include,video,,include:clip:c8b2e8ba3f67,data/external/include_pose/INCLUDE/Pose_Signs/Greetings/56. Pleased/MVI_0065.pkl,data/processed/landmarks/include/PLEASED/c8b2e8ba3f67.npz,81,0.0,0.0,1.0,1.0,,train
549164f97331,PLEASED,include,video,,include:clip:549164f97331,data/external/include_pose/INCLUDE/Pose_Signs/Greetings/56. Pleased/MVI_0068.pkl,data/processed/landmarks/include/PLEASED/549164f97331.npz,87,0.0,0.0,1.0,1.0,,train
dae45b55775e,PLEASED,include,video,,include:clip:dae45b55775e,data/external/include_pose/INCLUDE/Pose_Signs/Greetings/56. Pleased/MVI_9990.pkl,data/processed/landmarks/include/PLEASED/dae45b55775e.npz,70,0.0,0.0,1.0,1.0,,train
4197f1f5e017,PLEASED,include,video,,include:clip:4197f1f5e017,data/external/include_pose/INCLUDE/Pose_Signs/Greetings/56. Pleased/MVI_9953.pkl,data/processed/landmarks/include/PLEASED/4197f1f5e017.npz,48,0.0,0.0,1.0,1.0,,train
40fd3cd00133,PLEASED,include,video,,include:clip:40fd3cd00133,data/external/include_pose/INCLUDE/Pose_Signs/Greetings/56. Pleased/MVI_9952.pkl,data/processed/landmarks/include/PLEASED/40fd3cd00133.npz,52,0.0,0.0,1.0,1.0,,train
36e18879a649,PLEASED,include,video,,include:clip:36e18879a649,data/external/include_pose/INCLUDE/Pose_Signs/Greetings/56. Pleased/MVI_9955.pkl,data/processed/landmarks/include/PLEASED/36e18879a649.npz,44,0.0,0.0,1.0,1.0,,train
00186e65b71c,HELLO,include,video,,include:clip:00186e65b71c,data/external/include_pose/INCLUDE/Pose_Signs/Greetings/48. Hello/MVI_0039.pkl,data/processed/landmarks/include/HELLO/00186e65b71c.npz,52,0.0,0.0,1.0,1.0,,train
76351c8f3553,HELLO,include,video,,include:clip:76351c8f3553,data/external/include_pose/INCLUDE/Pose_Signs/Greetings/48. Hello/MVI_0038.pkl,data/processed/landmarks/include/HELLO/76351c8f3553.npz,56,0.0,0.0,1.0,1.0,,train
b9d67fdb472d,HELLO,include,video,,include:clip:b9d67fdb472d,data/external/include_pose/INCLUDE/Pose_Signs/Greetings/48. Hello/MVI_0089.pkl,data/processed/landmarks/include/HELLO/b9d67fdb472d.npz,68,0.0,0.0,1.0,1.0,,train
418cc0265319,HELLO,include,video,,include:clip:418cc0265319,data/external/include_pose/INCLUDE/Pose_Signs/Greetings/48. Hello/MVI_9915.pkl,data/processed/landmarks/include/HELLO/418cc0265319.npz,52,0.0,0.0,1.0,1.0,,train
08048e068302,HELLO,include,video,,include:clip:08048e068302,data/external/include_pose/INCLUDE/Pose_Signs/Greetings/48. Hello/MVI_9916.pkl,data/processed/landmarks/include/HELLO/08048e068302.npz,50,0.0,0.0,1.0,1.0,,train
9a298b220cb1,HELLO,include,video,,include:clip:9a298b220cb1,data/external/include_pose/INCLUDE/Pose_Signs/Greetings/48. Hello/MVI_0090.pkl,data/processed/landmarks/include/HELLO/9a298b220cb1.npz,69,0.0,0.0,1.0,1.0,,train
a83106c7f920,HELLO,include,video,,include:clip:a83106c7f920,data/external/include_pose/INCLUDE/Pose_Signs/Greetings/48. Hello/MVI_0091.pkl,data/processed/landmarks/include/HELLO/a83106c7f920.npz,80,0.0,0.0,1.0,1.0,,train
308976e87c22,HELLO,include,video,,include:clip:308976e87c22,data/external/include_pose/INCLUDE/Pose_Signs/Greetings/48. Hello/MVI_0037.pkl,data/processed/landmarks/include/HELLO/308976e87c22.npz,49,0.0,0.0,1.0,1.0,,train
e5edfe55cdef,HELLO,include,video,,include:clip:e5edfe55cdef,data/external/include_pose/INCLUDE/Pose_Signs/Greetings/48. Hello/MVI_9957.pkl,data/processed/landmarks/include/HELLO/e5edfe55cdef.npz,79,0.0,0.0,1.0,1.0,,train
d73b20f7e5e2,HELLO,include,video,,include:clip:d73b20f7e5e2,data/external/include_pose/INCLUDE/Pose_Signs/Greetings/48. Hello/MVI_0032.pkl,data/processed/landmarks/include/HELLO/d73b20f7e5e2.npz,61,0.0,0.0,1.0,1.0,,train
25fb785e114c,HELLO,include,video,,include:clip:25fb785e114c,data/external/include_pose/INCLUDE/Pose_Signs/Greetings/48. Hello/MVI_0030.pkl,data/processed/landmarks/include/HELLO/25fb785e114c.npz,74,0.0,0.0,1.0,1.0,,train
c9279ad5db99,HELLO,include,video,,include:clip:c9279ad5db99,data/external/include_pose/INCLUDE/Pose_Signs/Greetings/48. Hello/MVI_9982.pkl,data/processed/landmarks/include/HELLO/c9279ad5db99.npz,51,0.0,0.0,1.0,1.0,,train
bba82de4a8d5,HELLO,include,video,,include:clip:bba82de4a8d5,data/external/include_pose/INCLUDE/Pose_Signs/Greetings/48. Hello/MVI_9954.pkl,data/processed/landmarks/include/HELLO/bba82de4a8d5.npz,69,0.0,0.0,1.0,1.0,,train
9f5ecb34151c,HELLO,include,video,,include:clip:9f5ecb34151c,data/external/include_pose/INCLUDE/Pose_Signs/Greetings/48. Hello/MVI_0031.pkl,data/processed/landmarks/include/HELLO/9f5ecb34151c.npz,65,0.0,0.0,1.0,1.0,,train
15346ef91cc9,SPORT,include,video,,include:clip:15346ef91cc9,data/external/include_pose/INCLUDE/Pose_Signs/Society/17. Sport/MVI_8978.pkl,data/processed/landmarks/include/SPORT/15346ef91cc9.npz,71,0.0,0.0,0.9296,1.0,,train
d8dbd20f034a,SPORT,include,video,,include:clip:d8dbd20f034a,data/external/include_pose/INCLUDE/Pose_Signs/Society/17. Sport/MVI_4317.pkl,data/processed/landmarks/include/SPORT/d8dbd20f034a.npz,66,0.0,0.0,0.8788,1.0,,train
43d35bef57d8,SPORT,include,video,,include:clip:43d35bef57d8,data/external/include_pose/INCLUDE/Pose_Signs/Society/17. Sport/MVI_4316.pkl,data/processed/landmarks/include/SPORT/43d35bef57d8.npz,56,0.0,0.0,0.9286,1.0,,train
516c61fb8285,SPORT,include,video,,include:clip:516c61fb8285,data/external/include_pose/INCLUDE/Pose_Signs/Society/17. Sport/MVI_8723.pkl,data/processed/landmarks/include/SPORT/516c61fb8285.npz,94,0.0,0.0,0.617,1.0,,train
d1ec4416a30e,SPORT,include,video,,include:clip:d1ec4416a30e,data/external/include_pose/INCLUDE/Pose_Signs/Society/17. Sport/MVI_8725.pkl,data/processed/landmarks/include/SPORT/d1ec4416a30e.npz,71,0.0,0.0,0.7042,1.0,,train
6962591a1e35,SPORT,include,video,,include:clip:6962591a1e35,data/external/include_pose/INCLUDE/Pose_Signs/Society/17. Sport/MVI_8724.pkl,data/processed/landmarks/include/SPORT/6962591a1e35.npz,77,0.0,0.0,0.5714,1.0,,train
ad76a84296ca,SPORT,include,video,,include:clip:ad76a84296ca,data/external/include_pose/INCLUDE/Pose_Signs/Society/17. Sport/MVI_8976.pkl,data/processed/landmarks/include/SPORT/ad76a84296ca.npz,68,0.0,0.0,0.9265,1.0,,train
19ce45ca1f9f,SPORT,include,video,,include:clip:19ce45ca1f9f,data/external/include_pose/INCLUDE/Pose_Signs/Society/17. Sport/MVI_8977.pkl,data/processed/landmarks/include/SPORT/19ce45ca1f9f.npz,72,0.0,0.0,0.9583,1.0,,train
e012c75c2255,SPORT,include,video,,include:clip:e012c75c2255,data/external/include_pose/INCLUDE/Pose_Signs/Society/17. Sport/MVI_4848.pkl,data/processed/landmarks/include/SPORT/e012c75c2255.npz,65,0.0,0.0,0.8462,1.0,,train
442c29d4664d,RACE_ETHNICITY,include,video,,include:clip:442c29d4664d,data/external/include_pose/INCLUDE/Pose_Signs/Society/8. Race (ethnicity)/MVI_8950.pkl,data/processed/landmarks/include/RACE_ETHNICITY/442c29d4664d.npz,71,0.0,0.0,0.9296,1.0,,train
8d09ae4d8097,RACE_ETHNICITY,include,video,,include:clip:8d09ae4d8097,data/external/include_pose/INCLUDE/Pose_Signs/Society/8. Race (ethnicity)/MVI_4821.pkl,data/processed/landmarks/include/RACE_ETHNICITY/8d09ae4d8097.npz,60,0.0,0.0,0.8833,1.0,,train
2bc4523d375d,RACE_ETHNICITY,include,video,,include:clip:2bc4523d375d,data/external/include_pose/INCLUDE/Pose_Signs/Society/8. Race (ethnicity)/MVI_8686.pkl,data/processed/landmarks/include/RACE_ETHNICITY/2bc4523d375d.npz,73,0.0,0.0,0.589,1.0,,train
cf026a124c2c,RACE_ETHNICITY,include,video,,include:clip:cf026a124c2c,data/external/include_pose/INCLUDE/Pose_Signs/Society/8. Race (ethnicity)/MVI_8687.pkl,data/processed/landmarks/include/RACE_ETHNICITY/cf026a124c2c.npz,68,0.0,0.0,0.5735,1.0,,train
22f996eec891,RACE_ETHNICITY,include,video,,include:clip:22f996eec891,data/external/include_pose/INCLUDE/Pose_Signs/Society/8. Race (ethnicity)/MVI_4279.pkl,data/processed/landmarks/include/RACE_ETHNICITY/22f996eec891.npz,62,0.0,0.0,0.9839,1.0,,train
7e0bb7dbf5c5,RACE_ETHNICITY,include,video,,include:clip:7e0bb7dbf5c5,data/external/include_pose/INCLUDE/Pose_Signs/Society/8. Race (ethnicity)/MVI_8949.pkl,data/processed/landmarks/include/RACE_ETHNICITY/7e0bb7dbf5c5.npz,74,0.0,0.0,0.9595,1.0,,train
0780ccc3bacd,RACE_ETHNICITY,include,video,,include:clip:0780ccc3bacd,data/external/include_pose/INCLUDE/Pose_Signs/Society/8. Race (ethnicity)/MVI_4281.pkl,data/processed/landmarks/include/RACE_ETHNICITY/0780ccc3bacd.npz,61,0.0,0.0,0.9672,1.0,,train
ee4a16cddade,RACE_ETHNICITY,include,video,,include:clip:ee4a16cddade,data/external/include_pose/INCLUDE/Pose_Signs/Society/8. Race (ethnicity)/MVI_4280.pkl,data/processed/landmarks/include/RACE_ETHNICITY/ee4a16cddade.npz,58,0.0,0.0,0.931,1.0,,train
4562cbff891e,RACE_ETHNICITY,include,video,,include:clip:4562cbff891e,data/external/include_pose/INCLUDE/Pose_Signs/Society/8. Race (ethnicity)/MVI_8948.pkl,data/processed/landmarks/include/RACE_ETHNICITY/4562cbff891e.npz,74,0.0,0.0,0.8784,1.0,,train
2a161a6f196b,ELECTION,include,video,,include:clip:2a161a6f196b,data/external/include_pose/INCLUDE/Pose_Signs/Society/14. Election/MVI_4306.pkl,data/processed/landmarks/include/ELECTION/2a161a6f196b.npz,76,0.0,0.0,0.9737,1.0,,train
d5706c030a6e,ELECTION,include,video,,include:clip:d5706c030a6e,data/external/include_pose/INCLUDE/Pose_Signs/Society/14. Election/MVI_4307.pkl,data/processed/landmarks/include/ELECTION/d5706c030a6e.npz,73,0.0,0.0,0.9863,1.0,,train
67ee4c5b4b7f,ELECTION,include,video,,include:clip:67ee4c5b4b7f,data/external/include_pose/INCLUDE/Pose_Signs/Society/14. Election/MVI_4840.pkl,data/processed/landmarks/include/ELECTION/67ee4c5b4b7f.npz,65,0.0,0.0,0.8462,1.0,,train
9d2089d82a35,ELECTION,include,video,,include:clip:9d2089d82a35,data/external/include_pose/INCLUDE/Pose_Signs/Society/14. Election/MVI_4841.pkl,data/processed/landmarks/include/ELECTION/9d2089d82a35.npz,62,0.0,0.0,0.871,1.0,,train
fad1716be6cd,ELECTION,include,video,,include:clip:fad1716be6cd,data/external/include_pose/INCLUDE/Pose_Signs/Society/14. Election/MVI_8969.pkl,data/processed/landmarks/include/ELECTION/fad1716be6cd.npz,71,0.0,0.0,0.9577,1.0,,train
bff8cd002365,ELECTION,include,video,,include:clip:bff8cd002365,data/external/include_pose/INCLUDE/Pose_Signs/Society/14. Election/MVI_8713.pkl,data/processed/landmarks/include/ELECTION/bff8cd002365.npz,68,0.0,0.0,0.8529,1.0,,train
2ae47e2cabdf,ELECTION,include,video,,include:clip:2ae47e2cabdf,data/external/include_pose/INCLUDE/Pose_Signs/Society/14. Election/MVI_8710.pkl,data/processed/landmarks/include/ELECTION/2ae47e2cabdf.npz,76,0.0,0.0,0.7237,1.0,,train
afc9d84f2692,ELECTION,include,video,,include:clip:afc9d84f2692,data/external/include_pose/INCLUDE/Pose_Signs/Society/14. Election/MVI_8711.pkl,data/processed/landmarks/include/ELECTION/afc9d84f2692.npz,78,0.0,0.0,0.6154,1.0,,train
3df2c48d2982,ELECTION,include,video,,include:clip:3df2c48d2982,data/external/include_pose/INCLUDE/Pose_Signs/Society/14. Election/MVI_4839.pkl,data/processed/landmarks/include/ELECTION/3df2c48d2982.npz,73,0.0,0.0,0.8767,1.0,,train
29466b893bd7,ENERGY,include,video,,include:clip:29466b893bd7,data/external/include_pose/INCLUDE/Pose_Signs/Society/10. Energy/MVI_8956.pkl,data/processed/landmarks/include/ENERGY/29466b893bd7.npz,74,0.0,0.0,0.9189,1.0,,train
c57a20d9e863,ENERGY,include,video,,include:clip:c57a20d9e863,data/external/include_pose/INCLUDE/Pose_Signs/Society/10. Energy/MVI_8954.pkl,data/processed/landmarks/include/ENERGY/c57a20d9e863.npz,68,0.0,0.0,0.9559,1.0,,train
efabe228bf54,ENERGY,include,video,,include:clip:efabe228bf54,data/external/include_pose/INCLUDE/Pose_Signs/Society/10. Energy/MVI_4288.pkl,data/processed/landmarks/include/ENERGY/efabe228bf54.npz,49,0.0,0.0,0.9796,1.0,,train
9f41763c9b21,ENERGY,include,video,,include:clip:9f41763c9b21,data/external/include_pose/INCLUDE/Pose_Signs/Society/10. Energy/MVI_4289.pkl,data/processed/landmarks/include/ENERGY/9f41763c9b21.npz,48,0.0,0.0,0.9167,1.0,,train
b49e628a8453,ENERGY,include,video,,include:clip:b49e628a8453,data/external/include_pose/INCLUDE/Pose_Signs/Society/10. Energy/MVI_8694.pkl,data/processed/landmarks/include/ENERGY/b49e628a8453.npz,64,0.0,0.0,0.5,1.0,,train
7db92a37b874,ENERGY,include,video,,include:clip:7db92a37b874,data/external/include_pose/INCLUDE/Pose_Signs/Society/10. Energy/MVI_4829.pkl,data/processed/landmarks/include/ENERGY/7db92a37b874.npz,60,0.0,0.0,0.8833,1.0,,train
d60578315a23,ENERGY,include,video,,include:clip:d60578315a23,data/external/include_pose/INCLUDE/Pose_Signs/Society/10. Energy/MVI_4828.pkl,data/processed/landmarks/include/ENERGY/d60578315a23.npz,52,0.0,0.0,0.8654,1.0,,train
8a046fb872f5,ENERGY,include,video,,include:clip:8a046fb872f5,data/external/include_pose/INCLUDE/Pose_Signs/Society/10. Energy/MVI_4290.pkl,data/processed/landmarks/include/ENERGY/8a046fb872f5.npz,42,0.0,0.0,0.9762,1.0,,train
0e7164694c37,WAR,include,video,,include:clip:0e7164694c37,data/external/include_pose/INCLUDE/Pose_Signs/Society/11. War/MVI_4832.pkl,data/processed/landmarks/include/WAR/0e7164694c37.npz,58,0.0,0.0,0.8793,1.0,,train
bc92aad1894f,WAR,include,video,,include:clip:bc92aad1894f,data/external/include_pose/INCLUDE/Pose_Signs/Society/11. War/MVI_4831.pkl,data/processed/landmarks/include/WAR/bc92aad1894f.npz,56,0.0,0.0,0.8929,1.0,,train
f6b717a543b3,WAR,include,video,,include:clip:f6b717a543b3,data/external/include_pose/INCLUDE/Pose_Signs/Society/11. War/MVI_8698.pkl,data/processed/landmarks/include/WAR/f6b717a543b3.npz,65,0.0,0.0,0.5077,1.0,,train
8e0b2831aa7b,WAR,include,video,,include:clip:8e0b2831aa7b,data/external/include_pose/INCLUDE/Pose_Signs/Society/11. War/MVI_8958.pkl,data/processed/landmarks/include/WAR/8e0b2831aa7b.npz,67,0.0,0.0,0.8657,1.0,,train
c063195fba4a,WAR,include,video,,include:clip:c063195fba4a,data/external/include_pose/INCLUDE/Pose_Signs/Society/11. War/MVI_4291.pkl,data/processed/landmarks/include/WAR/c063195fba4a.npz,55,0.0,0.0,0.9091,1.0,,train
0c3deb026877,WAR,include,video,,include:clip:0c3deb026877,data/external/include_pose/INCLUDE/Pose_Signs/Society/11. War/MVI_8959.pkl,data/processed/landmarks/include/WAR/0c3deb026877.npz,66,0.0,0.0,0.8636,1.0,,train
49b992b33c0a,WAR,include,video,,include:clip:49b992b33c0a,data/external/include_pose/INCLUDE/Pose_Signs/Society/11. War/MVI_4292.pkl,data/processed/landmarks/include/WAR/49b992b33c0a.npz,55,0.0,0.0,0.9455,1.0,,train
9228ae739524,ATTACK,include,video,,include:clip:9228ae739524,data/external/include_pose/INCLUDE/Pose_Signs/Society/13. Attack/MVI_4299.pkl,data/processed/landmarks/include/ATTACK/9228ae739524.npz,73,0.0,0.0,1.0,1.0,,train
7cf84f4e6cbe,ATTACK,include,video,,include:clip:7cf84f4e6cbe,data/external/include_pose/INCLUDE/Pose_Signs/Society/13. Attack/MVI_4300.pkl,data/processed/landmarks/include/ATTACK/7cf84f4e6cbe.npz,79,0.0,0.0,1.0,1.0,,train
8f78d3c90fe6,ATTACK,include,video,,include:clip:8f78d3c90fe6,data/external/include_pose/INCLUDE/Pose_Signs/Society/13. Attack/MVI_4301.pkl,data/processed/landmarks/include/ATTACK/8f78d3c90fe6.npz,76,0.0,0.0,1.0,1.0,,train
9532fcd624a6,ATTACK,include,video,,include:clip:9532fcd624a6,data/external/include_pose/INCLUDE/Pose_Signs/Society/13. Attack/MVI_4303.pkl,data/processed/landmarks/include/ATTACK/9532fcd624a6.npz,70,0.0,0.0,1.0,1.0,,train
27f390cca7ed,ATTACK,include,video,,include:clip:27f390cca7ed,data/external/include_pose/INCLUDE/Pose_Signs/Society/13. Attack/MVI_4302.pkl,data/processed/landmarks/include/ATTACK/27f390cca7ed.npz,83,0.0,0.0,1.0,1.0,,train
88e7ae28241a,ATTACK,include,video,,include:clip:88e7ae28241a,data/external/include_pose/INCLUDE/Pose_Signs/Society/13. Attack/MVI_8707.pkl,data/processed/landmarks/include/ATTACK/88e7ae28241a.npz,80,0.0,0.0,0.5875,1.0,,train
35e7fdda2fb6,ATTACK,include,video,,include:clip:35e7fdda2fb6,data/external/include_pose/INCLUDE/Pose_Signs/Society/13. Attack/MVI_4837.pkl,data/processed/landmarks/include/ATTACK/35e7fdda2fb6.npz,66,0.0,0.0,1.0,1.0,,train
80acac868cbc,ATTACK,include,video,,include:clip:80acac868cbc,data/external/include_pose/INCLUDE/Pose_Signs/Society/13. Attack/MVI_4836.pkl,data/processed/landmarks/include/ATTACK/80acac868cbc.npz,73,0.0,0.0,1.0,1.0,,train
6ef633e6c55a,ATTACK,include,video,,include:clip:6ef633e6c55a,data/external/include_pose/INCLUDE/Pose_Signs/Society/13. Attack/MVI_8708.pkl,data/processed/landmarks/include/ATTACK/6ef633e6c55a.npz,94,0.0,0.0,0.5745,1.0,,train
d5aa9cffe78a,ATTACK,include,video,,include:clip:d5aa9cffe78a,data/external/include_pose/INCLUDE/Pose_Signs/Society/13. Attack/MVI_8965.pkl,data/processed/landmarks/include/ATTACK/d5aa9cffe78a.npz,76,0.0,0.0,1.0,1.0,,train
8cdc390247a3,DEATH,include,video,,include:clip:8cdc390247a3,data/external/include_pose/INCLUDE/Pose_Signs/Society/2. Death/MVI_4258.pkl,data/processed/landmarks/include/DEATH/8cdc390247a3.npz,59,0.0,0.0,0.9661,1.0,,train
61d01e20bb7f,DEATH,include,video,,include:clip:61d01e20bb7f,data/external/include_pose/INCLUDE/Pose_Signs/Society/2. Death/MVI_8661.pkl,data/processed/landmarks/include/DEATH/61d01e20bb7f.npz,92,0.0,0.0,0.8696,1.0,,train
8110f66c08e8,DEATH,include,video,,include:clip:8110f66c08e8,data/external/include_pose/INCLUDE/Pose_Signs/Society/2. Death/MVI_8662.pkl,data/processed/landmarks/include/DEATH/8110f66c08e8.npz,82,0.0,0.0,0.7805,1.0,,train
2a5711097504,DEATH,include,video,,include:clip:2a5711097504,data/external/include_pose/INCLUDE/Pose_Signs/Society/2. Death/MVI_8663.pkl,data/processed/landmarks/include/DEATH/2a5711097504.npz,86,0.0,0.0,0.7907,1.0,,train
b62979926220,DEATH,include,video,,include:clip:b62979926220,data/external/include_pose/INCLUDE/Pose_Signs/Society/2. Death/MVI_8930.pkl,data/processed/landmarks/include/DEATH/b62979926220.npz,67,0.0,0.0,0.9552,1.0,,train
683c0bd0d882,DEATH,include,video,,include:clip:683c0bd0d882,data/external/include_pose/INCLUDE/Pose_Signs/Society/2. Death/MVI_4800.pkl,data/processed/landmarks/include/DEATH/683c0bd0d882.npz,62,0.0,0.0,0.9677,1.0,,train
eddb1bf505e8,DEATH,include,video,,include:clip:eddb1bf505e8,data/external/include_pose/INCLUDE/Pose_Signs/Society/2. Death/MVI_4255.pkl,data/processed/landmarks/include/DEATH/eddb1bf505e8.npz,63,0.0,0.0,1.0,1.0,,train
8ed2ac2722d6,DEATH,include,video,,include:clip:8ed2ac2722d6,data/external/include_pose/INCLUDE/Pose_Signs/Society/2. Death/MVI_4256.pkl,data/processed/landmarks/include/DEATH/8ed2ac2722d6.npz,58,0.0,0.0,0.9828,1.0,,train
df8c3fd26fd6,DEATH,include,video,,include:clip:df8c3fd26fd6,data/external/include_pose/INCLUDE/Pose_Signs/Society/2. Death/MVI_4257.pkl,data/processed/landmarks/include/DEATH/df8c3fd26fd6.npz,116,0.0,0.0,0.9655,1.0,,train
bae5a062e31e,TECHNOLOGY,include,video,,include:clip:bae5a062e31e,data/external/include_pose/INCLUDE/Pose_Signs/Society/9. Technology/MVI_8951.pkl,data/processed/landmarks/include/TECHNOLOGY/bae5a062e31e.npz,69,0.0,0.0,0.9275,1.0,,train
8e8709151c10,TECHNOLOGY,include,video,,include:clip:8e8709151c10,data/external/include_pose/INCLUDE/Pose_Signs/Society/9. Technology/MVI_8952.pkl,data/processed/landmarks/include/TECHNOLOGY/8e8709151c10.npz,74,0.0,0.0,0.9054,1.0,,train
8544d8a387d1,TECHNOLOGY,include,video,,include:clip:8544d8a387d1,data/external/include_pose/INCLUDE/Pose_Signs/Society/9. Technology/MVI_8953.pkl,data/processed/landmarks/include/TECHNOLOGY/8544d8a387d1.npz,73,0.0,0.0,0.9589,1.0,,train
5a96c49386c9,TECHNOLOGY,include,video,,include:clip:5a96c49386c9,data/external/include_pose/INCLUDE/Pose_Signs/Society/9. Technology/MVI_4826.pkl,data/processed/landmarks/include/TECHNOLOGY/5a96c49386c9.npz,62,0.0,0.0,0.9032,1.0,,train
845b3f0ded26,TECHNOLOGY,include,video,,include:clip:845b3f0ded26,data/external/include_pose/INCLUDE/Pose_Signs/Society/9. Technology/MVI_8689.pkl,data/processed/landmarks/include/TECHNOLOGY/845b3f0ded26.npz,72,0.0,0.0,0.75,1.0,,train
60e6a17f4ee6,TECHNOLOGY,include,video,,include:clip:60e6a17f4ee6,data/external/include_pose/INCLUDE/Pose_Signs/Society/9. Technology/MVI_4825.pkl,data/processed/landmarks/include/TECHNOLOGY/60e6a17f4ee6.npz,61,0.0,0.0,0.9016,1.0,,train
dd1ba8ce10ba,TECHNOLOGY,include,video,,include:clip:dd1ba8ce10ba,data/external/include_pose/INCLUDE/Pose_Signs/Society/9. Technology/MVI_4824.pkl,data/processed/landmarks/include/TECHNOLOGY/dd1ba8ce10ba.npz,54,0.0,0.0,0.9259,1.0,,train
bcecac74f577,TECHNOLOGY,include,video,,include:clip:bcecac74f577,data/external/include_pose/INCLUDE/Pose_Signs/Society/9. Technology/MVI_4286.pkl,data/processed/landmarks/include/TECHNOLOGY/bcecac74f577.npz,49,0.0,0.0,0.8776,1.0,,train
726557815128,EXERCISE,include,video,,include:clip:726557815128,data/external/include_pose/INCLUDE/Pose_Signs/Society/18. Exercise/MVI_8979.pkl,data/processed/landmarks/include/EXERCISE/726557815128.npz,58,0.0,0.0,0.8966,1.0,,train
a041b5ab9972,EXERCISE,include,video,,include:clip:a041b5ab9972,data/external/include_pose/INCLUDE/Pose_Signs/Society/18. Exercise/MVI_4852.pkl,data/processed/landmarks/include/EXERCISE/a041b5ab9972.npz,57,0.0,0.0,0.8947,1.0,,train
3cef19da6b0b,EXERCISE,include,video,,include:clip:3cef19da6b0b,data/external/include_pose/INCLUDE/Pose_Signs/Society/18. Exercise/MVI_8980.pkl,data/processed/landmarks/include/EXERCISE/3cef19da6b0b.npz,68,0.0,0.0,0.9559,1.0,,train
59bf94e3772f,EXERCISE,include,video,,include:clip:59bf94e3772f,data/external/include_pose/INCLUDE/Pose_Signs/Society/18. Exercise/MVI_8981.pkl,data/processed/landmarks/include/EXERCISE/59bf94e3772f.npz,62,0.0,0.0,0.9516,1.0,,train
79f0a71a6776,EXERCISE,include,video,,include:clip:79f0a71a6776,data/external/include_pose/INCLUDE/Pose_Signs/Society/18. Exercise/MVI_8729.pkl,data/processed/landmarks/include/EXERCISE/79f0a71a6776.npz,67,0.0,0.0,0.791,1.0,,train
b8d46f807e30,EXERCISE,include,video,,include:clip:b8d46f807e30,data/external/include_pose/INCLUDE/Pose_Signs/Society/18. Exercise/MVI_8726.pkl,data/processed/landmarks/include/EXERCISE/b8d46f807e30.npz,68,0.0,0.0,0.6912,1.0,,train
0bfef14a2f11,EXERCISE,include,video,,include:clip:0bfef14a2f11,data/external/include_pose/INCLUDE/Pose_Signs/Society/18. Exercise/MVI_8727.pkl,data/processed/landmarks/include/EXERCISE/0bfef14a2f11.npz,64,0.0,0.0,0.6875,1.0,,train
e537f838b853,EXERCISE,include,video,,include:clip:e537f838b853,data/external/include_pose/INCLUDE/Pose_Signs/Society/18. Exercise/MVI_4320.pkl,data/processed/landmarks/include/EXERCISE/e537f838b853.npz,54,0.0,0.0,0.8889,1.0,,train
2416479c464c,EXERCISE,include,video,,include:clip:2416479c464c,data/external/include_pose/INCLUDE/Pose_Signs/Society/18. Exercise/MVI_4322.pkl,data/processed/landmarks/include/EXERCISE/2416479c464c.npz,66,0.0,0.0,0.8939,1.0,,train
5257554fcb99,GUN,include,video,,include:clip:5257554fcb99,data/external/include_pose/INCLUDE/Pose_Signs/Society/16. Gun/MVI_4845.pkl,data/processed/landmarks/include/GUN/5257554fcb99.npz,59,0.0,0.0,1.0,1.0,,train
21b23fe502ce,GUN,include,video,,include:clip:21b23fe502ce,data/external/include_pose/INCLUDE/Pose_Signs/Society/16. Gun/MVI_4313.pkl,data/processed/landmarks/include/GUN/21b23fe502ce.npz,56,0.0,0.0,1.0,1.0,,train
f1c132640368,GUN,include,video,,include:clip:f1c132640368,data/external/include_pose/INCLUDE/Pose_Signs/Society/16. Gun/MVI_4846.pkl,data/processed/landmarks/include/GUN/f1c132640368.npz,54,0.0,0.0,1.0,1.0,,train
0610593ef063,GUN,include,video,,include:clip:0610593ef063,data/external/include_pose/INCLUDE/Pose_Signs/Society/16. Gun/MVI_4847.pkl,data/processed/landmarks/include/GUN/0610593ef063.npz,56,0.0,0.0,1.0,1.0,,train
437a2eb6a234,GUN,include,video,,include:clip:437a2eb6a234,data/external/include_pose/INCLUDE/Pose_Signs/Society/16. Gun/MVI_4314.pkl,data/processed/landmarks/include/GUN/437a2eb6a234.npz,46,0.0,0.0,1.0,1.0,,train
4feea9636229,GUN,include,video,,include:clip:4feea9636229,data/external/include_pose/INCLUDE/Pose_Signs/Society/16. Gun/MVI_8718.pkl,data/processed/landmarks/include/GUN/4feea9636229.npz,55,0.0,0.0,0.5455,1.0,,train
798ae557dfe3,GUN,include,video,,include:clip:798ae557dfe3,data/external/include_pose/INCLUDE/Pose_Signs/Society/16. Gun/MVI_8973.pkl,data/processed/landmarks/include/GUN/798ae557dfe3.npz,58,0.0,0.0,1.0,1.0,,train
85d872812d74,GUN,include,video,,include:clip:85d872812d74,data/external/include_pose/INCLUDE/Pose_Signs/Society/16. Gun/MVI_8975.pkl,data/processed/landmarks/include/GUN/85d872812d74.npz,65,0.0,0.0,1.0,1.0,,train
7d39bf6be999,BILL,include,video,,include:clip:7d39bf6be999,data/external/include_pose/INCLUDE/Pose_Signs/Society/5. Bill/MVI_4267.pkl,data/processed/landmarks/include/BILL/7d39bf6be999.npz,54,0.0,0.0,0.963,1.0,,train
4c43fa834602,BILL,include,video,,include:clip:4c43fa834602,data/external/include_pose/INCLUDE/Pose_Signs/Society/5. Bill/MVI_4270.pkl,data/processed/landmarks/include/BILL/4c43fa834602.npz,46,0.0,0.0,0.9348,1.0,,train
a514badbc5f8,BILL,include,video,,include:clip:a514badbc5f8,data/external/include_pose/INCLUDE/Pose_Signs/Society/5. Bill/MVI_8940.pkl,data/processed/landmarks/include/BILL/a514badbc5f8.npz,66,0.0,0.0,0.9242,1.0,,train
42fa979fb459,BILL,include,video,,include:clip:42fa979fb459,data/external/include_pose/INCLUDE/Pose_Signs/Society/5. Bill/MVI_8941.pkl,data/processed/landmarks/include/BILL/42fa979fb459.npz,57,0.0,0.0,0.8772,1.0,,train
61b26e4b63ec,BILL,include,video,,include:clip:61b26e4b63ec,data/external/include_pose/INCLUDE/Pose_Signs/Society/5. Bill/MVI_8674.pkl,data/processed/landmarks/include/BILL/61b26e4b63ec.npz,71,0.0,0.0,0.8028,1.0,,train
71323c3eabf6,BILL,include,video,,include:clip:71323c3eabf6,data/external/include_pose/INCLUDE/Pose_Signs/Society/5. Bill/MVI_8673.pkl,data/processed/landmarks/include/BILL/71323c3eabf6.npz,62,0.0,0.0,0.629,1.0,,train
f6e9a7178300,BILL,include,video,,include:clip:f6e9a7178300,data/external/include_pose/INCLUDE/Pose_Signs/Society/5. Bill/MVI_8939.pkl,data/processed/landmarks/include/BILL/f6e9a7178300.npz,65,0.0,0.0,0.9538,1.0,,train
ea67fcd68d80,BILL,include,video,,include:clip:ea67fcd68d80,data/external/include_pose/INCLUDE/Pose_Signs/Society/5. Bill/MVI_4269.pkl,data/processed/landmarks/include/BILL/ea67fcd68d80.npz,43,0.0,0.0,0.9302,1.0,,train
b5ae0b1933fc,BILL,include,video,,include:clip:b5ae0b1933fc,data/external/include_pose/INCLUDE/Pose_Signs/Society/5. Bill/MVI_4268.pkl,data/processed/landmarks/include/BILL/b5ae0b1933fc.npz,55,0.0,0.0,0.9455,1.0,,train
ecfa2a2119ac,SCIENCE,include,video,,include:clip:ecfa2a2119ac,data/external/include_pose/INCLUDE/Pose_Signs/Society/22. Science/MVI_8992.pkl,data/processed/landmarks/include/SCIENCE/ecfa2a2119ac.npz,69,0.0,0.0,0.9275,1.0,,train
d4cd3ddca143,SCIENCE,include,video,,include:clip:d4cd3ddca143,data/external/include_pose/INCLUDE/Pose_Signs/Society/22. Science/MVI_8993.pkl,data/processed/landmarks/include/SCIENCE/d4cd3ddca143.npz,69,0.0,0.0,0.942,1.0,,train
d9de8aebc0de,SCIENCE,include,video,,include:clip:d9de8aebc0de,data/external/include_pose/INCLUDE/Pose_Signs/Society/22. Science/MVI_4339.pkl,data/processed/landmarks/include/SCIENCE/d9de8aebc0de.npz,54,0.0,0.0,1.0,1.0,,train
8c120a7edcea,SCIENCE,include,video,,include:clip:8c120a7edcea,data/external/include_pose/INCLUDE/Pose_Signs/Society/22. Science/MVI_8994.pkl,data/processed/landmarks/include/SCIENCE/8c120a7edcea.npz,70,0.0,0.0,0.9429,1.0,,train
229c65b7a0c6,SCIENCE,include,video,,include:clip:229c65b7a0c6,data/external/include_pose/INCLUDE/Pose_Signs/Society/22. Science/MVI_8743.pkl,data/processed/landmarks/include/SCIENCE/229c65b7a0c6.npz,63,0.0,0.0,0.8413,1.0,,train
f6035de1839e,SCIENCE,include,video,,include:clip:f6035de1839e,data/external/include_pose/INCLUDE/Pose_Signs/Society/22. Science/MVI_4864.pkl,data/processed/landmarks/include/SCIENCE/f6035de1839e.npz,65,0.0,0.0,0.9385,1.0,,train
db5f57b7ad63,SCIENCE,include,video,,include:clip:db5f57b7ad63,data/external/include_pose/INCLUDE/Pose_Signs/Society/22. Science/MVI_8742.pkl,data/processed/landmarks/include/SCIENCE/db5f57b7ad63.npz,67,0.0,0.0,0.7612,1.0,,train
62ccd2f7d477,SCIENCE,include,video,,include:clip:62ccd2f7d477,data/external/include_pose/INCLUDE/Pose_Signs/Society/22. Science/MVI_4863.pkl,data/processed/landmarks/include/SCIENCE/62ccd2f7d477.npz,62,0.0,0.0,1.0,1.0,,train
83ddbba91125,SCIENCE,include,video,,include:clip:83ddbba91125,data/external/include_pose/INCLUDE/Pose_Signs/Society/22. Science/MVI_8744.pkl,data/processed/landmarks/include/SCIENCE/83ddbba91125.npz,71,0.0,0.0,0.8028,1.0,,train
2e0a1c12e680,PRICE,include,video,,include:clip:2e0a1c12e680,data/external/include_pose/INCLUDE/Pose_Signs/Society/20. Price/MVI_8987.pkl,data/processed/landmarks/include/PRICE/2e0a1c12e680.npz,58,0.0,0.0,0.9483,1.0,,train
72c19c61e83a,PRICE,include,video,,include:clip:72c19c61e83a,data/external/include_pose/INCLUDE/Pose_Signs/Society/20. Price/MVI_4328.pkl,data/processed/landmarks/include/PRICE/72c19c61e83a.npz,56,0.0,0.0,0.9643,1.0,,train
fce38ad9f55e,PRICE,include,video,,include:clip:fce38ad9f55e,data/external/include_pose/INCLUDE/Pose_Signs/Society/20. Price/MVI_4857.pkl,data/processed/landmarks/include/PRICE/fce38ad9f55e.npz,49,0.0,0.0,0.8776,1.0,,train
6362f2d1d266,PRICE,include,video,,include:clip:6362f2d1d266,data/external/include_pose/INCLUDE/Pose_Signs/Society/20. Price/MVI_4329.pkl,data/processed/landmarks/include/PRICE/6362f2d1d266.npz,64,0.0,0.0,0.9531,1.0,,train
21a8145dec8a,PRICE,include,video,,include:clip:21a8145dec8a,data/external/include_pose/INCLUDE/Pose_Signs/Society/20. Price/MVI_8737.pkl,data/processed/landmarks/include/PRICE/21a8145dec8a.npz,78,0.0,0.0,0.8718,1.0,,train
b831f1e6b0a4,PRICE,include,video,,include:clip:b831f1e6b0a4,data/external/include_pose/INCLUDE/Pose_Signs/Society/20. Price/MVI_8736.pkl,data/processed/landmarks/include/PRICE/b831f1e6b0a4.npz,81,0.0,0.0,0.8025,1.0,,train
f757aea018a2,PRICE,include,video,,include:clip:f757aea018a2,data/external/include_pose/INCLUDE/Pose_Signs/Society/20. Price/MVI_4858.pkl,data/processed/landmarks/include/PRICE/f757aea018a2.npz,53,0.0,0.0,0.9623,1.0,,train
c286953ca1ee,PRICE,include,video,,include:clip:c286953ca1ee,data/external/include_pose/INCLUDE/Pose_Signs/Society/20. Price/MVI_4330.pkl,data/processed/landmarks/include/PRICE/c286953ca1ee.npz,60,0.0,0.0,1.0,1.0,,train
194fedc5cc08,PRICE,include,video,,include:clip:194fedc5cc08,data/external/include_pose/INCLUDE/Pose_Signs/Society/20. Price/MVI_4331.pkl,data/processed/landmarks/include/PRICE/194fedc5cc08.npz,58,0.0,0.0,1.0,1.0,,train
4e8b01a2001d,RELIGION,include,video,,include:clip:4e8b01a2001d,data/external/include_pose/INCLUDE/Pose_Signs/Society/1. Religion/MVI_8927.pkl,data/processed/landmarks/include/RELIGION/4e8b01a2001d.npz,113,0.0,0.0,0.9735,1.0,,train
576ee73f38c9,RELIGION,include,video,,include:clip:576ee73f38c9,data/external/include_pose/INCLUDE/Pose_Signs/Society/1. Religion/MVI_4798.pkl,data/processed/landmarks/include/RELIGION/576ee73f38c9.npz,125,0.0,0.0,0.952,1.0,,train
eb28a2beb53a,RELIGION,include,video,,include:clip:eb28a2beb53a,data/external/include_pose/INCLUDE/Pose_Signs/Society/1. Religion/MVI_4799.pkl,data/processed/landmarks/include/RELIGION/eb28a2beb53a.npz,119,0.0,0.0,0.9076,1.0,,train
eafe7afdeb97,RELIGION,include,video,,include:clip:eafe7afdeb97,data/external/include_pose/INCLUDE/Pose_Signs/Society/1. Religion/MVI_4797.pkl,data/processed/landmarks/include/RELIGION/eafe7afdeb97.npz,111,0.0,0.0,0.9279,1.0,,train
ac0a03695fb7,RELIGION,include,video,,include:clip:ac0a03695fb7,data/external/include_pose/INCLUDE/Pose_Signs/Society/1. Religion/MVI_8657.pkl,data/processed/landmarks/include/RELIGION/ac0a03695fb7.npz,118,0.0,0.0,0.6525,1.0,,train
861a8e61de31,RELIGION,include,video,,include:clip:861a8e61de31,data/external/include_pose/INCLUDE/Pose_Signs/Society/1. Religion/MVI_8928.pkl,data/processed/landmarks/include/RELIGION/861a8e61de31.npz,105,0.0,0.0,0.9619,1.0,,train
e90eeb27b718,RELIGION,include,video,,include:clip:e90eeb27b718,data/external/include_pose/INCLUDE/Pose_Signs/Society/1. Religion/MVI_4253.pkl,data/processed/landmarks/include/RELIGION/e90eeb27b718.npz,113,0.0,0.0,0.9735,1.0,,train
ac6bffc537b5,RELIGION,include,video,,include:clip:ac6bffc537b5,data/external/include_pose/INCLUDE/Pose_Signs/Society/1. Religion/MVI_4252.pkl,data/processed/landmarks/include/RELIGION/ac6bffc537b5.npz,109,0.0,0.0,0.9817,1.0,,train
799256e497a0,RELIGION,include,video,,include:clip:799256e497a0,data/external/include_pose/INCLUDE/Pose_Signs/Society/1. Religion/MVI_4254.pkl,data/processed/landmarks/include/RELIGION/799256e497a0.npz,124,0.0,0.0,0.9677,1.0,,train
34c0df9b0714,MONEY,include,video,,include:clip:34c0df9b0714,data/external/include_pose/INCLUDE/Pose_Signs/Society/4. Money/MVI_4266.pkl,data/processed/landmarks/include/MONEY/34c0df9b0714.npz,41,0.0,0.0,1.0,1.0,,train
da69064dbf8b,MONEY,include,video,,include:clip:da69064dbf8b,data/external/include_pose/INCLUDE/Pose_Signs/Society/4. Money/MVI_4264.pkl,data/processed/landmarks/include/MONEY/da69064dbf8b.npz,44,0.0,0.0,1.0,1.0,,train
5da6ec704ffa,MONEY,include,video,,include:clip:5da6ec704ffa,data/external/include_pose/INCLUDE/Pose_Signs/Society/4. Money/MVI_4263.pkl,data/processed/landmarks/include/MONEY/5da6ec704ffa.npz,47,0.0,0.0,1.0,1.0,,train
48836593a365,MONEY,include,video,,include:clip:48836593a365,data/external/include_pose/INCLUDE/Pose_Signs/Society/4. Money/MVI_4808.pkl,data/processed/landmarks/include/MONEY/48836593a365.npz,52,0.0,0.0,1.0,1.0,,train
aff61f2e9c83,MONEY,include,video,,include:clip:aff61f2e9c83,data/external/include_pose/INCLUDE/Pose_Signs/Society/4. Money/MVI_8672.pkl,data/processed/landmarks/include/MONEY/aff61f2e9c83.npz,67,0.0,0.0,0.9701,1.0,,train
5be738763f47,MONEY,include,video,,include:clip:5be738763f47,data/external/include_pose/INCLUDE/Pose_Signs/Society/4. Money/MVI_8937.pkl,data/processed/landmarks/include/MONEY/5be738763f47.npz,56,0.0,0.0,1.0,1.0,,train
c72e8ebb4062,MONEY,include,video,,include:clip:c72e8ebb4062,data/external/include_pose/INCLUDE/Pose_Signs/Society/4. Money/MVI_8671.pkl,data/processed/landmarks/include/MONEY/c72e8ebb4062.npz,64,0.0,0.0,0.875,1.0,,train
5144014c120b,MONEY,include,video,,include:clip:5144014c120b,data/external/include_pose/INCLUDE/Pose_Signs/Society/4. Money/MVI_4807.pkl,data/processed/landmarks/include/MONEY/5144014c120b.npz,62,0.0,0.0,1.0,1.0,,train
becd2551435b,MONEY,include,video,,include:clip:becd2551435b,data/external/include_pose/INCLUDE/Pose_Signs/Society/4. Money/MVI_8938.pkl,data/processed/landmarks/include/MONEY/becd2551435b.npz,55,0.0,0.0,1.0,1.0,,train
f25b6e6bd99a,BALL,include,video,,include:clip:f25b6e6bd99a,data/external/include_pose/INCLUDE/Pose_Signs/Society/19. Ball/MVI_8985.pkl,data/processed/landmarks/include/BALL/f25b6e6bd99a.npz,62,0.0,0.0,1.0,1.0,,train
2da32a380e2d,BALL,include,video,,include:clip:2da32a380e2d,data/external/include_pose/INCLUDE/Pose_Signs/Society/19. Ball/MVI_8983.pkl,data/processed/landmarks/include/BALL/2da32a380e2d.npz,64,0.0,0.0,1.0,1.0,,train
b20a7c25af18,BALL,include,video,,include:clip:b20a7c25af18,data/external/include_pose/INCLUDE/Pose_Signs/Society/19. Ball/MVI_4855.pkl,data/processed/landmarks/include/BALL/b20a7c25af18.npz,47,0.0,0.0,1.0,1.0,,train
7ec22a5320bf,BALL,include,video,,include:clip:7ec22a5320bf,data/external/include_pose/INCLUDE/Pose_Signs/Society/19. Ball/MVI_8733.pkl,data/processed/landmarks/include/BALL/7ec22a5320bf.npz,69,0.0,0.0,0.5217,1.0,,train
c4abf9a27d85,BALL,include,video,,include:clip:c4abf9a27d85,data/external/include_pose/INCLUDE/Pose_Signs/Society/19. Ball/MVI_8731.pkl,data/processed/landmarks/include/BALL/c4abf9a27d85.npz,70,0.0,0.0,0.5857,1.0,,train
ccbf8dc7221f,BALL,include,video,,include:clip:ccbf8dc7221f,data/external/include_pose/INCLUDE/Pose_Signs/Society/19. Ball/MVI_8730.pkl,data/processed/landmarks/include/BALL/ccbf8dc7221f.npz,54,0.0,0.0,0.5,1.0,,train
afbf96fb8b6b,BALL,include,video,,include:clip:afbf96fb8b6b,data/external/include_pose/INCLUDE/Pose_Signs/Society/19. Ball/MVI_4327.pkl,data/processed/landmarks/include/BALL/afbf96fb8b6b.npz,50,0.0,0.0,1.0,1.0,,train
6faf44fd8da3,BALL,include,video,,include:clip:6faf44fd8da3,data/external/include_pose/INCLUDE/Pose_Signs/Society/19. Ball/MVI_4326.pkl,data/processed/landmarks/include/BALL/6faf44fd8da3.npz,50,0.0,0.0,1.0,1.0,,train
2c9a9171f7ac,BALL,include,video,,include:clip:2c9a9171f7ac,data/external/include_pose/INCLUDE/Pose_Signs/Society/19. Ball/MVI_4324.pkl,data/processed/landmarks/include/BALL/2c9a9171f7ac.npz,50,0.0,0.0,1.0,1.0,,train
c8d3b4876599,BALL,include,video,,include:clip:c8d3b4876599,data/external/include_pose/INCLUDE/Pose_Signs/Society/19. Ball/MVI_4325.pkl,data/processed/landmarks/include/BALL/c8d3b4876599.npz,47,0.0,0.0,1.0,1.0,,train
14cbcbb11417,MEDICINE,include,video,,include:clip:14cbcbb11417,data/external/include_pose/INCLUDE/Pose_Signs/Society/3. Medicine/MVI_4259.pkl,data/processed/landmarks/include/MEDICINE/14cbcbb11417.npz,68,0.0,0.0,0.9412,1.0,,train
fc690c0d1437,MEDICINE,include,video,,include:clip:fc690c0d1437,data/external/include_pose/INCLUDE/Pose_Signs/Society/3. Medicine/MVI_4260.pkl,data/processed/landmarks/include/MEDICINE/fc690c0d1437.npz,64,0.0,0.0,0.9688,1.0,,train
a28fca8622b9,MEDICINE,include,video,,include:clip:a28fca8622b9,data/external/include_pose/INCLUDE/Pose_Signs/Society/3. Medicine/MVI_4262.pkl,data/processed/landmarks/include/MEDICINE/a28fca8622b9.npz,64,0.0,0.0,0.9688,1.0,,train
1d0900eca626,MEDICINE,include,video,,include:clip:1d0900eca626,data/external/include_pose/INCLUDE/Pose_Signs/Society/3. Medicine/MVI_8933.pkl,data/processed/landmarks/include/MEDICINE/1d0900eca626.npz,66,0.0,0.0,0.9848,1.0,,train
8d71c63ccd79,MEDICINE,include,video,,include:clip:8d71c63ccd79,data/external/include_pose/INCLUDE/Pose_Signs/Society/3. Medicine/MVI_8667.pkl,data/processed/landmarks/include/MEDICINE/8d71c63ccd79.npz,72,0.0,0.0,0.6944,1.0,,train
9b1b02476853,MEDICINE,include,video,,include:clip:9b1b02476853,data/external/include_pose/INCLUDE/Pose_Signs/Society/3. Medicine/MVI_8666.pkl,data/processed/landmarks/include/MEDICINE/9b1b02476853.npz,74,0.0,0.0,0.6757,1.0,,train
5731a394342a,MEDICINE,include,video,,include:clip:5731a394342a,data/external/include_pose/INCLUDE/Pose_Signs/Society/3. Medicine/MVI_8935.pkl,data/processed/landmarks/include/MEDICINE/5731a394342a.npz,63,0.0,0.0,0.9841,1.0,,train
7d609c7faf57,MEDICINE,include,video,,include:clip:7d609c7faf57,data/external/include_pose/INCLUDE/Pose_Signs/Society/3. Medicine/MVI_4803.pkl,data/processed/landmarks/include/MEDICINE/7d609c7faf57.npz,66,0.0,0.0,0.8939,1.0,,train
9d9a923b7079,MARRIAGE,include,video,,include:clip:9d9a923b7079,data/external/include_pose/INCLUDE/Pose_Signs/Society/6. Marriage/MVI_4273.pkl,data/processed/landmarks/include/MARRIAGE/9d9a923b7079.npz,54,0.0,0.0,0.9815,1.0,,train
5b46ade86085,MARRIAGE,include,video,,include:clip:5b46ade86085,data/external/include_pose/INCLUDE/Pose_Signs/Society/6. Marriage/MVI_8944.pkl,data/processed/landmarks/include/MARRIAGE/5b46ade86085.npz,60,0.0,0.0,0.9833,1.0,,train
5cc8c906f49b,MARRIAGE,include,video,,include:clip:5cc8c906f49b,data/external/include_pose/INCLUDE/Pose_Signs/Society/6. Marriage/MVI_4271.pkl,data/processed/landmarks/include/MARRIAGE/5cc8c906f49b.npz,55,0.0,0.0,0.9455,1.0,,train
79437bead81f,MARRIAGE,include,video,,include:clip:79437bead81f,data/external/include_pose/INCLUDE/Pose_Signs/Society/6. Marriage/MVI_4274.pkl,data/processed/landmarks/include/MARRIAGE/79437bead81f.npz,46,0.0,0.0,0.8478,1.0,,train
39987cbfbc4e,MARRIAGE,include,video,,include:clip:39987cbfbc4e,data/external/include_pose/INCLUDE/Pose_Signs/Society/6. Marriage/MVI_8943.pkl,data/processed/landmarks/include/MARRIAGE/39987cbfbc4e.npz,63,0.0,0.0,0.9841,1.0,,train
4aa1d58e7f07,MARRIAGE,include,video,,include:clip:4aa1d58e7f07,data/external/include_pose/INCLUDE/Pose_Signs/Society/6. Marriage/MVI_8677.pkl,data/processed/landmarks/include/MARRIAGE/4aa1d58e7f07.npz,63,0.0,0.0,0.6825,1.0,,train
bb5aafaf593c,MARRIAGE,include,video,,include:clip:bb5aafaf593c,data/external/include_pose/INCLUDE/Pose_Signs/Society/6. Marriage/MVI_8679.pkl,data/processed/landmarks/include/MARRIAGE/bb5aafaf593c.npz,59,0.0,0.0,0.5254,1.0,,train
a5f32c3ec231,MARRIAGE,include,video,,include:clip:a5f32c3ec231,data/external/include_pose/INCLUDE/Pose_Signs/Society/6. Marriage/MVI_4816.pkl,data/processed/landmarks/include/MARRIAGE/a5f32c3ec231.npz,58,0.0,0.0,0.7414,1.0,,train
ee4de7d30e1b,MARRIAGE,include,video,,include:clip:ee4de7d30e1b,data/external/include_pose/INCLUDE/Pose_Signs/Society/6. Marriage/MVI_4817.pkl,data/processed/landmarks/include/MARRIAGE/ee4de7d30e1b.npz,62,0.0,0.0,0.8871,1.0,,train
333858863627,SIGN,include,video,,include:clip:333858863627,data/external/include_pose/INCLUDE/Pose_Signs/Society/21. Sign/MVI_8990.pkl,data/processed/landmarks/include/SIGN/333858863627.npz,65,0.0,0.0,1.0,1.0,,train
2564785eb88c,SIGN,include,video,,include:clip:2564785eb88c,data/external/include_pose/INCLUDE/Pose_Signs/Society/21. Sign/MVI_8738.pkl,data/processed/landmarks/include/SIGN/2564785eb88c.npz,64,0.0,0.0,0.5312,1.0,,train
cf56a0c45e2a,SIGN,include,video,,include:clip:cf56a0c45e2a,data/external/include_pose/INCLUDE/Pose_Signs/Society/21. Sign/MVI_8739.pkl,data/processed/landmarks/include/SIGN/cf56a0c45e2a.npz,65,0.0,0.0,0.6154,1.0,,train
dc7c42315535,SIGN,include,video,,include:clip:dc7c42315535,data/external/include_pose/INCLUDE/Pose_Signs/Society/21. Sign/MVI_8740.pkl,data/processed/landmarks/include/SIGN/dc7c42315535.npz,67,0.0,0.0,0.8209,1.0,,train
cdc1f1f7e5b0,SIGN,include,video,,include:clip:cdc1f1f7e5b0,data/external/include_pose/INCLUDE/Pose_Signs/Society/21. Sign/MVI_8741.pkl,data/processed/landmarks/include/SIGN/cdc1f1f7e5b0.npz,61,0.0,0.0,0.8033,1.0,,train
74fb9f1a790d,SIGN,include,video,,include:clip:74fb9f1a790d,data/external/include_pose/INCLUDE/Pose_Signs/Society/21. Sign/MVI_8989.pkl,data/processed/landmarks/include/SIGN/74fb9f1a790d.npz,64,0.0,0.0,1.0,1.0,,train
07742d8563a0,SIGN,include,video,,include:clip:07742d8563a0,data/external/include_pose/INCLUDE/Pose_Signs/Society/21. Sign/MVI_4334.pkl,data/processed/landmarks/include/SIGN/07742d8563a0.npz,52,0.0,0.0,1.0,1.0,,train
7d8e6cec7d30,SIGN,include,video,,include:clip:7d8e6cec7d30,data/external/include_pose/INCLUDE/Pose_Signs/Society/21. Sign/MVI_4861.pkl,data/processed/landmarks/include/SIGN/7d8e6cec7d30.npz,49,0.0,0.0,1.0,1.0,,train
2e96e0aea781,SIGN,include,video,,include:clip:2e96e0aea781,data/external/include_pose/INCLUDE/Pose_Signs/Society/21. Sign/MVI_4860.pkl,data/processed/landmarks/include/SIGN/2e96e0aea781.npz,45,0.0,0.0,1.0,1.0,,train
72d078696229,NEWSPAPER,include,video,,include:clip:72d078696229,data/external/include_pose/INCLUDE/Pose_Signs/Society/15. Newspaper/MVI_4843.pkl,data/processed/landmarks/include/NEWSPAPER/72d078696229.npz,61,0.0,0.0,0.918,1.0,,train
314e1191fcab,NEWSPAPER,include,video,,include:clip:314e1191fcab,data/external/include_pose/INCLUDE/Pose_Signs/Society/15. Newspaper/MVI_4842.pkl,data/processed/landmarks/include/NEWSPAPER/314e1191fcab.npz,70,0.0,0.0,0.9286,1.0,,train
d0bfcf69ced0,NEWSPAPER,include,video,,include:clip:d0bfcf69ced0,data/external/include_pose/INCLUDE/Pose_Signs/Society/15. Newspaper/MVI_8715.pkl,data/processed/landmarks/include/NEWSPAPER/d0bfcf69ced0.npz,72,0.0,0.0,0.8333,1.0,,train
a222566069db,NEWSPAPER,include,video,,include:clip:a222566069db,data/external/include_pose/INCLUDE/Pose_Signs/Society/15. Newspaper/MVI_8714.pkl,data/processed/landmarks/include/NEWSPAPER/a222566069db.npz,80,0.0,0.0,0.8,1.0,,train
c1b794b377da,NEWSPAPER,include,video,,include:clip:c1b794b377da,data/external/include_pose/INCLUDE/Pose_Signs/Society/15. Newspaper/MVI_8717.pkl,data/processed/landmarks/include/NEWSPAPER/c1b794b377da.npz,77,0.0,0.0,0.5325,1.0,,train
f8d4dd4def86,NEWSPAPER,include,video,,include:clip:f8d4dd4def86,data/external/include_pose/INCLUDE/Pose_Signs/Society/15. Newspaper/MVI_8970.pkl,data/processed/landmarks/include/NEWSPAPER/f8d4dd4def86.npz,79,0.0,0.0,0.9747,1.0,,train
681f4012ad81,NEWSPAPER,include,video,,include:clip:681f4012ad81,data/external/include_pose/INCLUDE/Pose_Signs/Society/15. Newspaper/MVI_8971.pkl,data/processed/landmarks/include/NEWSPAPER/681f4012ad81.npz,73,0.0,0.0,0.9315,1.0,,train
a1845f6458a5,NEWSPAPER,include,video,,include:clip:a1845f6458a5,data/external/include_pose/INCLUDE/Pose_Signs/Society/15. Newspaper/MVI_4309.pkl,data/processed/landmarks/include/NEWSPAPER/a1845f6458a5.npz,71,0.0,0.0,0.9859,1.0,,train
67f5eeb47c7f,NEWSPAPER,include,video,,include:clip:67f5eeb47c7f,data/external/include_pose/INCLUDE/Pose_Signs/Society/15. Newspaper/MVI_4308.pkl,data/processed/landmarks/include/NEWSPAPER/67f5eeb47c7f.npz,65,0.0,0.0,0.9692,1.0,,train
e4a76509256f,GOD,include,video,,include:clip:e4a76509256f,data/external/include_pose/INCLUDE/Pose_Signs/Society/23. God/MVI_8749.pkl,data/processed/landmarks/include/GOD/e4a76509256f.npz,72,0.0,0.0,0.7222,1.0,,train
f5d2cc4a79d0,GOD,include,video,,include:clip:f5d2cc4a79d0,data/external/include_pose/INCLUDE/Pose_Signs/Society/23. God/MVI_8748.pkl,data/processed/landmarks/include/GOD/f5d2cc4a79d0.npz,67,0.0,0.0,0.6269,1.0,,train
89e7ce238c9b,GOD,include,video,,include:clip:89e7ce238c9b,data/external/include_pose/INCLUDE/Pose_Signs/Society/23. God/MVI_8997.pkl,data/processed/landmarks/include/GOD/89e7ce238c9b.npz,60,0.0,0.0,1.0,1.0,,train
0a953cc6884a,GOD,include,video,,include:clip:0a953cc6884a,data/external/include_pose/INCLUDE/Pose_Signs/Society/23. God/MVI_4868.pkl,data/processed/landmarks/include/GOD/0a953cc6884a.npz,50,0.0,0.0,1.0,1.0,,train
d2caa758c7ac,GOD,include,video,,include:clip:d2caa758c7ac,data/external/include_pose/INCLUDE/Pose_Signs/Society/23. God/MVI_8996.pkl,data/processed/landmarks/include/GOD/d2caa758c7ac.npz,62,0.0,0.0,1.0,1.0,,train
0f5b0efcace5,GOD,include,video,,include:clip:0f5b0efcace5,data/external/include_pose/INCLUDE/Pose_Signs/Society/23. God/MVI_4342.pkl,data/processed/landmarks/include/GOD/0f5b0efcace5.npz,65,0.0,0.0,0.9385,1.0,,train
0f3b0fb347aa,GOD,include,video,,include:clip:0f3b0fb347aa,data/external/include_pose/INCLUDE/Pose_Signs/Society/23. God/MVI_4341.pkl,data/processed/landmarks/include/GOD/0f3b0fb347aa.npz,66,0.0,0.0,0.9394,1.0,,train
45e2e5fa4d0f,GOD,include,video,,include:clip:45e2e5fa4d0f,data/external/include_pose/INCLUDE/Pose_Signs/Society/23. God/MVI_4866.pkl,data/processed/landmarks/include/GOD/45e2e5fa4d0f.npz,53,0.0,0.0,1.0,1.0,,train
8549e6dec99e,GOD,include,video,,include:clip:8549e6dec99e,data/external/include_pose/INCLUDE/Pose_Signs/Society/23. God/MVI_8747.pkl,data/processed/landmarks/include/GOD/8549e6dec99e.npz,73,0.0,0.0,0.7123,1.0,,train
93d3339df2c9,TEAM,include,video,,include:clip:93d3339df2c9,data/external/include_pose/INCLUDE/Pose_Signs/Society/7. Team/MVI_8945.pkl,data/processed/landmarks/include/TEAM/93d3339df2c9.npz,70,0.0,0.0,0.9571,1.0,,train
f0b91a51f8c7,TEAM,include,video,,include:clip:f0b91a51f8c7,data/external/include_pose/INCLUDE/Pose_Signs/Society/7. Team/MVI_8947.pkl,data/processed/landmarks/include/TEAM/f0b91a51f8c7.npz,62,0.0,0.0,0.9194,1.0,,train
91b45cad095e,TEAM,include,video,,include:clip:91b45cad095e,data/external/include_pose/INCLUDE/Pose_Signs/Society/7. Team/MVI_4275.pkl,data/processed/landmarks/include/TEAM/91b45cad095e.npz,57,0.0,0.0,0.9298,1.0,,train
66569656cac7,TEAM,include,video,,include:clip:66569656cac7,data/external/include_pose/INCLUDE/Pose_Signs/Society/7. Team/MVI_4277.pkl,data/processed/landmarks/include/TEAM/66569656cac7.npz,57,0.0,0.0,0.9298,1.0,,train
ed87b03f4f79,TEAM,include,video,,include:clip:ed87b03f4f79,data/external/include_pose/INCLUDE/Pose_Signs/Society/7. Team/MVI_4276.pkl,data/processed/landmarks/include/TEAM/ed87b03f4f79.npz,50,0.0,0.0,0.8,1.0,,train
6734b8f5ab79,TEAM,include,video,,include:clip:6734b8f5ab79,data/external/include_pose/INCLUDE/Pose_Signs/Society/7. Team/MVI_4818.pkl,data/processed/landmarks/include/TEAM/6734b8f5ab79.npz,57,0.0,0.0,0.8772,1.0,,train
09f7b43717a5,TEAM,include,video,,include:clip:09f7b43717a5,data/external/include_pose/INCLUDE/Pose_Signs/Society/7. Team/MVI_8683.pkl,data/processed/landmarks/include/TEAM/09f7b43717a5.npz,73,0.0,0.0,0.7945,1.0,,train
a412002d0cff,TEAM,include,video,,include:clip:a412002d0cff,data/external/include_pose/INCLUDE/Pose_Signs/Society/7. Team/MVI_8681.pkl,data/processed/landmarks/include/TEAM/a412002d0cff.npz,67,0.0,0.0,0.7463,1.0,,train
60aebdb4d0a1,TEAM,include,video,,include:clip:60aebdb4d0a1,data/external/include_pose/INCLUDE/Pose_Signs/Society/7. Team/MVI_4278.pkl,data/processed/landmarks/include/TEAM/60aebdb4d0a1.npz,45,0.0,0.0,0.9333,1.0,,train
0f39e64647fa,PEACE,include,video,,include:clip:0f39e64647fa,data/external/include_pose/INCLUDE/Pose_Signs/Society/12. Peace/MVI_4298.pkl,data/processed/landmarks/include/PEACE/0f39e64647fa.npz,63,0.0,0.0,0.9841,1.0,,train
c38a5307b82f,PEACE,include,video,,include:clip:c38a5307b82f,data/external/include_pose/INCLUDE/Pose_Signs/Society/12. Peace/MVI_8702.pkl,data/processed/landmarks/include/PEACE/c38a5307b82f.npz,97,0.0,0.0,0.6392,1.0,,train
2694175fd34d,PEACE,include,video,,include:clip:2694175fd34d,data/external/include_pose/INCLUDE/Pose_Signs/Society/12. Peace/MVI_8705.pkl,data/processed/landmarks/include/PEACE/2694175fd34d.npz,70,0.0,0.0,0.8429,1.0,,train
6ea3b161761a,PEACE,include,video,,include:clip:6ea3b161761a,data/external/include_pose/INCLUDE/Pose_Signs/Society/12. Peace/MVI_8962.pkl,data/processed/landmarks/include/PEACE/6ea3b161761a.npz,68,0.0,0.0,0.9412,1.0,,train
6e0eeaff024a,PEACE,include,video,,include:clip:6e0eeaff024a,data/external/include_pose/INCLUDE/Pose_Signs/Society/12. Peace/MVI_4296.pkl,data/processed/landmarks/include/PEACE/6e0eeaff024a.npz,65,0.0,0.0,0.9538,1.0,,train
242794974f0b,PEACE,include,video,,include:clip:242794974f0b,data/external/include_pose/INCLUDE/Pose_Signs/Society/12. Peace/MVI_4297.pkl,data/processed/landmarks/include/PEACE/242794974f0b.npz,65,0.0,0.0,0.9385,1.0,,train
3c639ed9696d,PEACE,include,video,,include:clip:3c639ed9696d,data/external/include_pose/INCLUDE/Pose_Signs/Society/12. Peace/MVI_8961.pkl,data/processed/landmarks/include/PEACE/3c639ed9696d.npz,67,0.0,0.0,0.9104,1.0,,train
79b5f74f6fe3,PEACE,include,video,,include:clip:79b5f74f6fe3,data/external/include_pose/INCLUDE/Pose_Signs/Society/12. Peace/MVI_4295.pkl,data/processed/landmarks/include/PEACE/79b5f74f6fe3.npz,62,0.0,0.0,0.9516,1.0,,train
fba4d40ffcf0,PEACE,include,video,,include:clip:fba4d40ffcf0,data/external/include_pose/INCLUDE/Pose_Signs/Society/12. Peace/MVI_8960.pkl,data/processed/landmarks/include/PEACE/fba4d40ffcf0.npz,70,0.0,0.0,0.8857,1.0,,train
afe7dbcb02b8,ORANGE,include,video,,include:clip:afe7dbcb02b8,data/external/include_pose/INCLUDE/Pose_Signs/Colours/53. Orange/MVI_3737.pkl,data/processed/landmarks/include/ORANGE/afe7dbcb02b8.npz,43,0.0,0.0,1.0,1.0,,train
3ea021f2eda4,ORANGE,include,video,,include:clip:3ea021f2eda4,data/external/include_pose/INCLUDE/Pose_Signs/Colours/53. Orange/MVI_4038.pkl,data/processed/landmarks/include/ORANGE/3ea021f2eda4.npz,51,0.0,0.0,1.0,1.0,,train
0688c18c67f2,ORANGE,include,video,,include:clip:0688c18c67f2,data/external/include_pose/INCLUDE/Pose_Signs/Colours/53. Orange/MVI_4214.pkl,data/processed/landmarks/include/ORANGE/0688c18c67f2.npz,52,0.0,0.0,1.0,1.0,,train
13f319c6cce8,ORANGE,include,video,,include:clip:13f319c6cce8,data/external/include_pose/INCLUDE/Pose_Signs/Colours/53. Orange/MVI_5057.pkl,data/processed/landmarks/include/ORANGE/13f319c6cce8.npz,52,0.0,0.0,1.0,1.0,,train
d7877a6225cf,ORANGE,include,video,,include:clip:d7877a6225cf,data/external/include_pose/INCLUDE/Pose_Signs/Colours/53. Orange/MVI_4037.pkl,data/processed/landmarks/include/ORANGE/d7877a6225cf.npz,58,0.0,0.0,1.0,1.0,,train
d4aded3080cb,ORANGE,include,video,,include:clip:d4aded3080cb,data/external/include_pose/INCLUDE/Pose_Signs/Colours/53. Orange/MVI_4036.pkl,data/processed/landmarks/include/ORANGE/d4aded3080cb.npz,57,0.0,0.0,1.0,1.0,,train
2ba29b3d2556,ORANGE,include,video,,include:clip:2ba29b3d2556,data/external/include_pose/INCLUDE/Pose_Signs/Colours/53. Orange/MVI_3886.pkl,data/processed/landmarks/include/ORANGE/2ba29b3d2556.npz,87,0.0,0.0,1.0,1.0,,train
fea9ab029f19,ORANGE,include,video,,include:clip:fea9ab029f19,data/external/include_pose/INCLUDE/Pose_Signs/Colours/53. Orange/MVI_3738.pkl,data/processed/landmarks/include/ORANGE/fea9ab029f19.npz,41,0.0,0.0,1.0,1.0,,train
cb456c887eb0,ORANGE,include,video,,include:clip:cb456c887eb0,data/external/include_pose/INCLUDE/Pose_Signs/Colours/53. Orange/MVI_4916.pkl,data/processed/landmarks/include/ORANGE/cb456c887eb0.npz,57,0.0,0.0,1.0,1.0,,train
cca031d0998f,ORANGE,include,video,,include:clip:cca031d0998f,data/external/include_pose/INCLUDE/Pose_Signs/Colours/53. Orange/MVI_8618.pkl,data/processed/landmarks/include/ORANGE/cca031d0998f.npz,73,0.0,0.0,0.9041,1.0,,train
129b39cc0567,ORANGE,include,video,,include:clip:129b39cc0567,data/external/include_pose/INCLUDE/Pose_Signs/Colours/53. Orange/MVI_4917.pkl,data/processed/landmarks/include/ORANGE/129b39cc0567.npz,40,0.0,0.0,1.0,1.0,,train
870768e5cd10,ORANGE,include,video,,include:clip:870768e5cd10,data/external/include_pose/INCLUDE/Pose_Signs/Colours/53. Orange/MVI_3739.pkl,data/processed/landmarks/include/ORANGE/870768e5cd10.npz,42,0.0,0.0,1.0,1.0,,train
be8f08bf34e8,ORANGE,include,video,,include:clip:be8f08bf34e8,data/external/include_pose/INCLUDE/Pose_Signs/Colours/53. Orange/MVI_4915.pkl,data/processed/landmarks/include/ORANGE/be8f08bf34e8.npz,47,0.0,0.0,1.0,1.0,,train
ffd3a0eb7535,ORANGE,include,video,,include:clip:ffd3a0eb7535,data/external/include_pose/INCLUDE/Pose_Signs/Colours/53. Orange/MVI_5203.pkl,data/processed/landmarks/include/ORANGE/ffd3a0eb7535.npz,54,0.0,0.0,1.0,1.0,,train
42a3dc435999,PINK,include,video,,include:clip:42a3dc435999,data/external/include_pose/INCLUDE/Pose_Signs/Colours/52. Pink/MVI_3736.pkl,data/processed/landmarks/include/PINK/42a3dc435999.npz,59,0.0,0.0,1.0,1.0,,train
fb9c36a9fdea,PINK,include,video,,include:clip:fb9c36a9fdea,data/external/include_pose/INCLUDE/Pose_Signs/Colours/52. Pink/MVI_3734.pkl,data/processed/landmarks/include/PINK/fb9c36a9fdea.npz,53,0.0,0.0,1.0,1.0,,train
323b8d882013,PINK,include,video,,include:clip:323b8d882013,data/external/include_pose/INCLUDE/Pose_Signs/Colours/52. Pink/MVI_3735.pkl,data/processed/landmarks/include/PINK/323b8d882013.npz,50,0.0,0.0,1.0,1.0,,train
8ed3a5609ee4,PINK,include,video,,include:clip:8ed3a5609ee4,data/external/include_pose/INCLUDE/Pose_Signs/Colours/52. Pink/MVI_5052.pkl,data/processed/landmarks/include/PINK/8ed3a5609ee4.npz,63,0.0,0.0,0.9365,1.0,,train
8f6c567bf05d,PINK,include,video,,include:clip:8f6c567bf05d,data/external/include_pose/INCLUDE/Pose_Signs/Colours/52. Pink/MVI_4213.pkl,data/processed/landmarks/include/PINK/8f6c567bf05d.npz,55,0.0,0.0,1.0,1.0,,train
b9da93a364da,PINK,include,video,,include:clip:b9da93a364da,data/external/include_pose/INCLUDE/Pose_Signs/Colours/52. Pink/MVI_5054.pkl,data/processed/landmarks/include/PINK/b9da93a364da.npz,54,0.0,0.0,0.9815,1.0,,train
739e8a6d854e,PINK,include,video,,include:clip:739e8a6d854e,data/external/include_pose/INCLUDE/Pose_Signs/Colours/52. Pink/MVI_4033.pkl,data/processed/landmarks/include/PINK/739e8a6d854e.npz,53,0.0,0.0,1.0,1.0,,train
b45cd729ad08,PINK,include,video,,include:clip:b45cd729ad08,data/external/include_pose/INCLUDE/Pose_Signs/Colours/52. Pink/MVI_4034.pkl,data/processed/landmarks/include/PINK/b45cd729ad08.npz,52,0.0,0.0,1.0,1.0,,train
d4d827e479d5,PINK,include,video,,include:clip:d4d827e479d5,data/external/include_pose/INCLUDE/Pose_Signs/Colours/52. Pink/MVI_4035.pkl,data/processed/landmarks/include/PINK/d4d827e479d5.npz,54,0.0,0.0,1.0,1.0,,train
9d2a886717c7,PINK,include,video,,include:clip:9d2a886717c7,data/external/include_pose/INCLUDE/Pose_Signs/Colours/52. Pink/MVI_4913.pkl,data/processed/landmarks/include/PINK/9d2a886717c7.npz,51,0.0,0.0,1.0,1.0,,train
d5222db0659e,PINK,include,video,,include:clip:d5222db0659e,data/external/include_pose/INCLUDE/Pose_Signs/Colours/52. Pink/MVI_5201.pkl,data/processed/landmarks/include/PINK/d5222db0659e.npz,59,0.0,0.0,1.0,1.0,,train
4390bb42ceab,PINK,include,video,,include:clip:4390bb42ceab,data/external/include_pose/INCLUDE/Pose_Signs/Colours/52. Pink/MVI_3881.pkl,data/processed/landmarks/include/PINK/4390bb42ceab.npz,70,0.0,0.0,1.0,1.0,,train
5e3343aa8dfe,PINK,include,video,,include:clip:5e3343aa8dfe,data/external/include_pose/INCLUDE/Pose_Signs/Colours/52. Pink/MVI_3883.pkl,data/processed/landmarks/include/PINK/5e3343aa8dfe.npz,67,0.0,0.0,1.0,1.0,,train
79a5b2bd38b0,PINK,include,video,,include:clip:79a5b2bd38b0,data/external/include_pose/INCLUDE/Pose_Signs/Colours/52. Pink/MVI_4914.pkl,data/processed/landmarks/include/PINK/79a5b2bd38b0.npz,57,0.0,0.0,1.0,1.0,,train
3d10ff8f194c,RED,include,video,,include:clip:3d10ff8f194c,data/external/include_pose/INCLUDE/Pose_Signs/Colours/47. Red/MVI_5186.pkl,data/processed/landmarks/include/RED/3d10ff8f194c.npz,49,0.0,0.0,1.0,1.0,,train
d97812f898a2,RED,include,video,,include:clip:d97812f898a2,data/external/include_pose/INCLUDE/Pose_Signs/Colours/47. Red/MVI_5184.pkl,data/processed/landmarks/include/RED/d97812f898a2.npz,50,0.0,0.0,1.0,1.0,,train
5d3b0233f318,RED,include,video,,include:clip:5d3b0233f318,data/external/include_pose/INCLUDE/Pose_Signs/Colours/47. Red/MVI_3867.pkl,data/processed/landmarks/include/RED/5d3b0233f318.npz,66,0.0,0.0,1.0,1.0,,train
467289be4ecf,RED,include,video,,include:clip:467289be4ecf,data/external/include_pose/INCLUDE/Pose_Signs/Colours/47. Red/MVI_3866.pkl,data/processed/landmarks/include/RED/467289be4ecf.npz,75,0.0,0.0,1.0,1.0,,train
93fce47eff39,RED,include,video,,include:clip:93fce47eff39,data/external/include_pose/INCLUDE/Pose_Signs/Colours/47. Red/MVI_5185.pkl,data/processed/landmarks/include/RED/93fce47eff39.npz,49,0.0,0.0,1.0,1.0,,train
4743e8c21f07,RED,include,video,,include:clip:4743e8c21f07,data/external/include_pose/INCLUDE/Pose_Signs/Colours/47. Red/MVI_3721.pkl,data/processed/landmarks/include/RED/4743e8c21f07.npz,54,0.0,0.0,1.0,1.0,,train
b0ab529aadff,RED,include,video,,include:clip:b0ab529aadff,data/external/include_pose/INCLUDE/Pose_Signs/Colours/47. Red/MVI_3719.pkl,data/processed/landmarks/include/RED/b0ab529aadff.npz,58,0.0,0.0,1.0,1.0,,train
3395054716a8,RED,include,video,,include:clip:3395054716a8,data/external/include_pose/INCLUDE/Pose_Signs/Colours/47. Red/MVI_5037.pkl,data/processed/landmarks/include/RED/3395054716a8.npz,52,0.0,0.0,0.9231,1.0,,train
4d997fb402cd,RED,include,video,,include:clip:4d997fb402cd,data/external/include_pose/INCLUDE/Pose_Signs/Colours/47. Red/MVI_4897.pkl,data/processed/landmarks/include/RED/4d997fb402cd.npz,55,0.0,0.0,1.0,1.0,,train
74a7d5dc75e9,RED,include,video,,include:clip:74a7d5dc75e9,data/external/include_pose/INCLUDE/Pose_Signs/Colours/47. Red/MVI_8612.pkl,data/processed/landmarks/include/RED/74a7d5dc75e9.npz,73,0.0,0.0,0.8356,1.0,,train
d5708c24eae7,RED,include,video,,include:clip:d5708c24eae7,data/external/include_pose/INCLUDE/Pose_Signs/Colours/47. Red/MVI_4207.pkl,data/processed/landmarks/include/RED/d5708c24eae7.npz,44,0.0,0.0,1.0,1.0,,train
ff5199f31492,RED,include,video,,include:clip:ff5199f31492,data/external/include_pose/INCLUDE/Pose_Signs/Colours/47. Red/MVI_5039.pkl,data/processed/landmarks/include/RED/ff5199f31492.npz,59,0.0,0.0,0.9661,1.0,,train
381647c9dc10,RED,include,video,,include:clip:381647c9dc10,data/external/include_pose/INCLUDE/Pose_Signs/Colours/47. Red/MVI_5038.pkl,data/processed/landmarks/include/RED/381647c9dc10.npz,59,0.0,0.0,0.9661,1.0,,train
a7fdbf7eb7bf,RED,include,video,,include:clip:a7fdbf7eb7bf,data/external/include_pose/INCLUDE/Pose_Signs/Colours/47. Red/MVI_4899.pkl,data/processed/landmarks/include/RED/a7fdbf7eb7bf.npz,58,0.0,0.0,1.0,1.0,,train
b8cf6b130a47,GREEN,include,video,,include:clip:b8cf6b130a47,data/external/include_pose/INCLUDE/Pose_Signs/Colours/48. Green/MVI_3723.pkl,data/processed/landmarks/include/GREEN/b8cf6b130a47.npz,59,0.0,0.0,1.0,1.0,,train
baa5aad21a82,GREEN,include,video,,include:clip:baa5aad21a82,data/external/include_pose/INCLUDE/Pose_Signs/Colours/48. Green/MVI_5187.pkl,data/processed/landmarks/include/GREEN/baa5aad21a82.npz,61,0.0,0.0,1.0,1.0,,train
6acd704812d4,GREEN,include,video,,include:clip:6acd704812d4,data/external/include_pose/INCLUDE/Pose_Signs/Colours/48. Green/MVI_3871.pkl,data/processed/landmarks/include/GREEN/6acd704812d4.npz,91,0.0,0.0,1.0,1.0,,train
e4bda2afd6ae,GREEN,include,video,,include:clip:e4bda2afd6ae,data/external/include_pose/INCLUDE/Pose_Signs/Colours/48. Green/MVI_3724.pkl,data/processed/landmarks/include/GREEN/e4bda2afd6ae.npz,47,0.0,0.0,1.0,1.0,,train
1e56aeb145f6,GREEN,include,video,,include:clip:1e56aeb145f6,data/external/include_pose/INCLUDE/Pose_Signs/Colours/48. Green/MVI_8613.pkl,data/processed/landmarks/include/GREEN/1e56aeb145f6.npz,67,0.0,0.0,0.9403,1.0,,train
83f8842cd90c,GREEN,include,video,,include:clip:83f8842cd90c,data/external/include_pose/INCLUDE/Pose_Signs/Colours/48. Green/MVI_5041.pkl,data/processed/landmarks/include/GREEN/83f8842cd90c.npz,45,0.0,0.0,1.0,1.0,,train
ca3728d44598,GREEN,include,video,,include:clip:ca3728d44598,data/external/include_pose/INCLUDE/Pose_Signs/Colours/48. Green/MVI_5040.pkl,data/processed/landmarks/include/GREEN/ca3728d44598.npz,47,0.0,0.0,0.9787,1.0,,train
3bde4e8de50b,GREEN,include,video,,include:clip:3bde4e8de50b,data/external/include_pose/INCLUDE/Pose_Signs/Colours/48. Green/MVI_5042.pkl,data/processed/landmarks/include/GREEN/3bde4e8de50b.npz,50,0.0,0.0,0.98,1.0,,train
17a1c71d1cdb,GREEN,include,video,,include:clip:17a1c71d1cdb,data/external/include_pose/INCLUDE/Pose_Signs/Colours/48. Green/MVI_4020.pkl,data/processed/landmarks/include/GREEN/17a1c71d1cdb.npz,90,0.0,0.0,1.0,1.0,,train
5524dfcf6f92,GREEN,include,video,,include:clip:5524dfcf6f92,data/external/include_pose/INCLUDE/Pose_Signs/Colours/48. Green/MVI_4208.pkl,data/processed/landmarks/include/GREEN/5524dfcf6f92.npz,49,0.0,0.0,1.0,1.0,,train
03359af711ae,GREEN,include,video,,include:clip:03359af711ae,data/external/include_pose/INCLUDE/Pose_Signs/Colours/48. Green/MVI_4022.pkl,data/processed/landmarks/include/GREEN/03359af711ae.npz,56,0.0,0.0,1.0,1.0,,train
e4b3fbb182d3,GREEN,include,video,,include:clip:e4b3fbb182d3,data/external/include_pose/INCLUDE/Pose_Signs/Colours/48. Green/MVI_4902.pkl,data/processed/landmarks/include/GREEN/e4b3fbb182d3.npz,50,0.0,0.0,1.0,1.0,,train
8c01da15caf7,GREEN,include,video,,include:clip:8c01da15caf7,data/external/include_pose/INCLUDE/Pose_Signs/Colours/48. Green/MVI_5188.pkl,data/processed/landmarks/include/GREEN/8c01da15caf7.npz,62,0.0,0.0,1.0,1.0,,train
d7eb317cf4ed,GREEN,include,video,,include:clip:d7eb317cf4ed,data/external/include_pose/INCLUDE/Pose_Signs/Colours/48. Green/MVI_4900.pkl,data/processed/landmarks/include/GREEN/d7eb317cf4ed.npz,55,0.0,0.0,1.0,1.0,,train
b9095514c870,WHITE,include,video,,include:clip:b9095514c870,data/external/include_pose/INCLUDE/Pose_Signs/Colours/55. White/MVI_4923.pkl,data/processed/landmarks/include/WHITE/b9095514c870.npz,43,0.0,0.0,1.0,1.0,,train
a54ec061842b,WHITE,include,video,,include:clip:a54ec061842b,data/external/include_pose/INCLUDE/Pose_Signs/Colours/55. White/MVI_5209.pkl,data/processed/landmarks/include/WHITE/a54ec061842b.npz,48,0.0,0.0,1.0,1.0,,train
f64a52ad3679,WHITE,include,video,,include:clip:f64a52ad3679,data/external/include_pose/INCLUDE/Pose_Signs/Colours/55. White/MVI_4922.pkl,data/processed/landmarks/include/WHITE/f64a52ad3679.npz,52,0.0,0.0,1.0,1.0,,train
0b808c0f8362,WHITE,include,video,,include:clip:0b808c0f8362,data/external/include_pose/INCLUDE/Pose_Signs/Colours/55. White/MVI_4921.pkl,data/processed/landmarks/include/WHITE/0b808c0f8362.npz,49,0.0,0.0,1.0,1.0,,train
e1296ec9d6a4,WHITE,include,video,,include:clip:e1296ec9d6a4,data/external/include_pose/INCLUDE/Pose_Signs/Colours/55. White/MVI_3743.pkl,data/processed/landmarks/include/WHITE/e1296ec9d6a4.npz,51,0.0,0.0,1.0,1.0,,train
36fc04fdd5dd,WHITE,include,video,,include:clip:36fc04fdd5dd,data/external/include_pose/INCLUDE/Pose_Signs/Colours/55. White/MVI_4216.pkl,data/processed/landmarks/include/WHITE/36fc04fdd5dd.npz,43,0.0,0.0,1.0,1.0,,train
862995d9a90a,WHITE,include,video,,include:clip:862995d9a90a,data/external/include_pose/INCLUDE/Pose_Signs/Colours/55. White/MVI_3745.pkl,data/processed/landmarks/include/WHITE/862995d9a90a.npz,45,0.0,0.0,1.0,1.0,,train
6fce232366e2,WHITE,include,video,,include:clip:6fce232366e2,data/external/include_pose/INCLUDE/Pose_Signs/Colours/55. White/MVI_5061.pkl,data/processed/landmarks/include/WHITE/6fce232366e2.npz,44,0.0,0.0,0.9545,1.0,,train
881e63061ad2,WHITE,include,video,,include:clip:881e63061ad2,data/external/include_pose/INCLUDE/Pose_Signs/Colours/55. White/MVI_5063.pkl,data/processed/landmarks/include/WHITE/881e63061ad2.npz,51,0.0,0.0,1.0,1.0,,train
1e1242419b5c,WHITE,include,video,,include:clip:1e1242419b5c,data/external/include_pose/INCLUDE/Pose_Signs/Colours/55. White/MVI_4044.pkl,data/processed/landmarks/include/WHITE/1e1242419b5c.npz,55,0.0,0.0,1.0,1.0,,train
f8b5a3bdcce0,WHITE,include,video,,include:clip:f8b5a3bdcce0,data/external/include_pose/INCLUDE/Pose_Signs/Colours/55. White/MVI_8620.pkl,data/processed/landmarks/include/WHITE/f8b5a3bdcce0.npz,61,0.0,0.0,0.9672,1.0,,train
c59cb4d63dc0,WHITE,include,video,,include:clip:c59cb4d63dc0,data/external/include_pose/INCLUDE/Pose_Signs/Colours/55. White/MVI_5210.pkl,data/processed/landmarks/include/WHITE/c59cb4d63dc0.npz,61,0.0,0.0,1.0,1.0,,train
aa83713c5c68,WHITE,include,video,,include:clip:aa83713c5c68,data/external/include_pose/INCLUDE/Pose_Signs/Colours/55. White/MVI_3891.pkl,data/processed/landmarks/include/WHITE/aa83713c5c68.npz,85,0.0,0.0,1.0,1.0,,train
afdc95c93789,WHITE,include,video,,include:clip:afdc95c93789,data/external/include_pose/INCLUDE/Pose_Signs/Colours/55. White/MVI_4042.pkl,data/processed/landmarks/include/WHITE/afdc95c93789.npz,57,0.0,0.0,1.0,1.0,,train
b5b82b90a853,YELLOW,include,video,,include:clip:b5b82b90a853,data/external/include_pose/INCLUDE/Pose_Signs/Colours/50. Yellow/MVI_5193.pkl,data/processed/landmarks/include/YELLOW/b5b82b90a853.npz,51,0.0,0.0,1.0,1.0,,train
76ea14389e2c,YELLOW,include,video,,include:clip:76ea14389e2c,data/external/include_pose/INCLUDE/Pose_Signs/Colours/50. Yellow/MVI_8615.pkl,data/processed/landmarks/include/YELLOW/76ea14389e2c.npz,64,0.0,0.0,0.875,1.0,,train
f39d56e7ef44,YELLOW,include,video,,include:clip:f39d56e7ef44,data/external/include_pose/INCLUDE/Pose_Signs/Colours/50. Yellow/MVI_5195.pkl,data/processed/landmarks/include/YELLOW/f39d56e7ef44.npz,43,0.0,0.0,1.0,1.0,,train
05b1a4251d83,YELLOW,include,video,,include:clip:05b1a4251d83,data/external/include_pose/INCLUDE/Pose_Signs/Colours/50. Yellow/MVI_3876.pkl,data/processed/landmarks/include/YELLOW/05b1a4251d83.npz,82,0.0,0.0,1.0,1.0,,train
a21bfc236bf1,YELLOW,include,video,,include:clip:a21bfc236bf1,data/external/include_pose/INCLUDE/Pose_Signs/Colours/50. Yellow/MVI_3877.pkl,data/processed/landmarks/include/YELLOW/a21bfc236bf1.npz,83,0.0,0.0,1.0,1.0,,train
7403f8a03577,YELLOW,include,video,,include:clip:7403f8a03577,data/external/include_pose/INCLUDE/Pose_Signs/Colours/50. Yellow/MVI_5194.pkl,data/processed/landmarks/include/YELLOW/7403f8a03577.npz,45,0.0,0.0,1.0,1.0,,train
37a28112be90,YELLOW,include,video,,include:clip:37a28112be90,data/external/include_pose/INCLUDE/Pose_Signs/Colours/50. Yellow/MVI_3875.pkl,data/processed/landmarks/include/YELLOW/37a28112be90.npz,79,0.0,0.0,1.0,1.0,,train
dec1c80488fb,YELLOW,include,video,,include:clip:dec1c80488fb,data/external/include_pose/INCLUDE/Pose_Signs/Colours/50. Yellow/MVI_4211.pkl,data/processed/landmarks/include/YELLOW/dec1c80488fb.npz,65,0.0,0.0,1.0,1.0,,train
53b78d64995e,YELLOW,include,video,,include:clip:53b78d64995e,data/external/include_pose/INCLUDE/Pose_Signs/Colours/50. Yellow/MVI_5046.pkl,data/processed/landmarks/include/YELLOW/53b78d64995e.npz,52,0.0,0.0,0.8846,1.0,,train
ffe111c56674,YELLOW,include,video,,include:clip:ffe111c56674,data/external/include_pose/INCLUDE/Pose_Signs/Colours/50. Yellow/MVI_4029.pkl,data/processed/landmarks/include/YELLOW/ffe111c56674.npz,67,0.0,0.0,1.0,1.0,,train
6dedf0d42411,YELLOW,include,video,,include:clip:6dedf0d42411,data/external/include_pose/INCLUDE/Pose_Signs/Colours/50. Yellow/MVI_4028.pkl,data/processed/landmarks/include/YELLOW/6dedf0d42411.npz,62,0.0,0.0,1.0,1.0,,train
9fcf006895d5,YELLOW,include,video,,include:clip:9fcf006895d5,data/external/include_pose/INCLUDE/Pose_Signs/Colours/50. Yellow/MVI_4027.pkl,data/processed/landmarks/include/YELLOW/9fcf006895d5.npz,59,0.0,0.0,1.0,1.0,,train
dbbf42cad22b,YELLOW,include,video,,include:clip:dbbf42cad22b,data/external/include_pose/INCLUDE/Pose_Signs/Colours/50. Yellow/MVI_4907.pkl,data/processed/landmarks/include/YELLOW/dbbf42cad22b.npz,65,0.0,0.0,1.0,1.0,,train
8fa9dd4b076a,YELLOW,include,video,,include:clip:8fa9dd4b076a,data/external/include_pose/INCLUDE/Pose_Signs/Colours/50. Yellow/MVI_4906.pkl,data/processed/landmarks/include/YELLOW/8fa9dd4b076a.npz,45,0.0,0.0,1.0,1.0,,train
2015b4a01f98,BLUE,include,video,,include:clip:2015b4a01f98,data/external/include_pose/INCLUDE/Pose_Signs/Colours/49. Blue/MVI_5192.pkl,data/processed/landmarks/include/BLUE/2015b4a01f98.npz,51,0.0,0.0,1.0,1.0,,train
872aea94e0f3,BLUE,include,video,,include:clip:872aea94e0f3,data/external/include_pose/INCLUDE/Pose_Signs/Colours/49. Blue/MVI_3873.pkl,data/processed/landmarks/include/BLUE/872aea94e0f3.npz,101,0.0,0.0,1.0,1.0,,train
e0b12c3b055a,BLUE,include,video,,include:clip:e0b12c3b055a,data/external/include_pose/INCLUDE/Pose_Signs/Colours/49. Blue/MVI_8614.pkl,data/processed/landmarks/include/BLUE/e0b12c3b055a.npz,66,0.0,0.0,0.9091,1.0,,train
f6ddfef0952b,BLUE,include,video,,include:clip:f6ddfef0952b,data/external/include_pose/INCLUDE/Pose_Signs/Colours/49. Blue/MVI_5191.pkl,data/processed/landmarks/include/BLUE/f6ddfef0952b.npz,63,0.0,0.0,1.0,1.0,,train
f86590c8cb53,BLUE,include,video,,include:clip:f86590c8cb53,data/external/include_pose/INCLUDE/Pose_Signs/Colours/49. Blue/MVI_3725.pkl,data/processed/landmarks/include/BLUE/f86590c8cb53.npz,58,0.0,0.0,1.0,1.0,,train
17f870864579,BLUE,include,video,,include:clip:17f870864579,data/external/include_pose/INCLUDE/Pose_Signs/Colours/49. Blue/MVI_3726.pkl,data/processed/landmarks/include/BLUE/17f870864579.npz,57,0.0,0.0,1.0,1.0,,train
b53cd5843583,BLUE,include,video,,include:clip:b53cd5843583,data/external/include_pose/INCLUDE/Pose_Signs/Colours/49. Blue/MVI_3727.pkl,data/processed/landmarks/include/BLUE/b53cd5843583.npz,57,0.0,0.0,1.0,1.0,,train
237d53c91be9,BLUE,include,video,,include:clip:237d53c91be9,data/external/include_pose/INCLUDE/Pose_Signs/Colours/49. Blue/MVI_5044.pkl,data/processed/landmarks/include/BLUE/237d53c91be9.npz,37,0.0,0.0,1.0,1.0,,train
5be6deeab3eb,BLUE,include,video,,include:clip:5be6deeab3eb,data/external/include_pose/INCLUDE/Pose_Signs/Colours/49. Blue/MVI_5045.pkl,data/processed/landmarks/include/BLUE/5be6deeab3eb.npz,36,0.0,0.0,1.0,1.0,,train
88ac2a88bd24,BLUE,include,video,,include:clip:88ac2a88bd24,data/external/include_pose/INCLUDE/Pose_Signs/Colours/49. Blue/MVI_5043.pkl,data/processed/landmarks/include/BLUE/88ac2a88bd24.npz,48,0.0,0.0,1.0,1.0,,train
008721d5f0c7,BLUE,include,video,,include:clip:008721d5f0c7,data/external/include_pose/INCLUDE/Pose_Signs/Colours/49. Blue/MVI_4025.pkl,data/processed/landmarks/include/BLUE/008721d5f0c7.npz,52,0.0,0.0,1.0,1.0,,train
e45587892e14,BLUE,include,video,,include:clip:e45587892e14,data/external/include_pose/INCLUDE/Pose_Signs/Colours/49. Blue/MVI_4024.pkl,data/processed/landmarks/include/BLUE/e45587892e14.npz,56,0.0,0.0,1.0,1.0,,train
83982e670289,BLUE,include,video,,include:clip:83982e670289,data/external/include_pose/INCLUDE/Pose_Signs/Colours/49. Blue/MVI_4904.pkl,data/processed/landmarks/include/BLUE/83982e670289.npz,53,0.0,0.0,1.0,1.0,,train
52da81a86198,BLUE,include,video,,include:clip:52da81a86198,data/external/include_pose/INCLUDE/Pose_Signs/Colours/49. Blue/MVI_4905.pkl,data/processed/landmarks/include/BLUE/52da81a86198.npz,51,0.0,0.0,1.0,1.0,,train
e146fe7d626d,GREY,include,video,,include:clip:e146fe7d626d,data/external/include_pose/INCLUDE/Pose_Signs/Colours/56. Grey/MVI_4924.pkl,data/processed/landmarks/include/GREY/e146fe7d626d.npz,53,0.0,0.0,1.0,1.0,,train
83ee69c28b02,GREY,include,video,,include:clip:83ee69c28b02,data/external/include_pose/INCLUDE/Pose_Signs/Colours/56. Grey/MVI_4926.pkl,data/processed/landmarks/include/GREY/83ee69c28b02.npz,63,0.0,0.0,1.0,1.0,,train
f43aeb08bc64,GREY,include,video,,include:clip:f43aeb08bc64,data/external/include_pose/INCLUDE/Pose_Signs/Colours/56. Grey/MVI_3746.pkl,data/processed/landmarks/include/GREY/f43aeb08bc64.npz,62,0.0,0.0,1.0,1.0,,train
0634c192b292,GREY,include,video,,include:clip:0634c192b292,data/external/include_pose/INCLUDE/Pose_Signs/Colours/56. Grey/MVI_4217.pkl,data/processed/landmarks/include/GREY/0634c192b292.npz,63,0.0,0.0,1.0,1.0,,train
c4ffc5f1efc3,GREY,include,video,,include:clip:c4ffc5f1efc3,data/external/include_pose/INCLUDE/Pose_Signs/Colours/56. Grey/MVI_3747.pkl,data/processed/landmarks/include/GREY/c4ffc5f1efc3.npz,60,0.0,0.0,1.0,1.0,,train
77743f5d398b,GREY,include,video,,include:clip:77743f5d398b,data/external/include_pose/INCLUDE/Pose_Signs/Colours/56. Grey/MVI_3749.pkl,data/processed/landmarks/include/GREY/77743f5d398b.npz,64,0.0,0.0,1.0,1.0,,train
9c992264492d,GREY,include,video,,include:clip:9c992264492d,data/external/include_pose/INCLUDE/Pose_Signs/Colours/56. Grey/MVI_5066.pkl,data/processed/landmarks/include/GREY/9c992264492d.npz,59,0.0,0.0,0.9322,1.0,,train
8e9a2aa1ca49,GREY,include,video,,include:clip:8e9a2aa1ca49,data/external/include_pose/INCLUDE/Pose_Signs/Colours/56. Grey/MVI_3748.pkl,data/processed/landmarks/include/GREY/8e9a2aa1ca49.npz,59,0.0,0.0,1.0,1.0,,train
74ebd1d3804f,GREY,include,video,,include:clip:74ebd1d3804f,data/external/include_pose/INCLUDE/Pose_Signs/Colours/56. Grey/MVI_5065.pkl,data/processed/landmarks/include/GREY/74ebd1d3804f.npz,59,0.0,0.0,0.9492,1.0,,train
ba70a77dbcd5,GREY,include,video,,include:clip:ba70a77dbcd5,data/external/include_pose/INCLUDE/Pose_Signs/Colours/56. Grey/MVI_5212.pkl,data/processed/landmarks/include/GREY/ba70a77dbcd5.npz,59,0.0,0.0,1.0,1.0,,train
85de8038c14f,GREY,include,video,,include:clip:85de8038c14f,data/external/include_pose/INCLUDE/Pose_Signs/Colours/56. Grey/MVI_4046.pkl,data/processed/landmarks/include/GREY/85de8038c14f.npz,61,0.0,0.0,1.0,1.0,,train
938a4e5c0ef7,GREY,include,video,,include:clip:938a4e5c0ef7,data/external/include_pose/INCLUDE/Pose_Signs/Colours/56. Grey/MVI_4047.pkl,data/processed/landmarks/include/GREY/938a4e5c0ef7.npz,60,0.0,0.0,1.0,1.0,,train
1eeff93446c1,GREY,include,video,,include:clip:1eeff93446c1,data/external/include_pose/INCLUDE/Pose_Signs/Colours/56. Grey/MVI_3894.pkl,data/processed/landmarks/include/GREY/1eeff93446c1.npz,82,0.0,0.0,1.0,1.0,,train
0431f8e9c6d6,GREY,include,video,,include:clip:0431f8e9c6d6,data/external/include_pose/INCLUDE/Pose_Signs/Colours/56. Grey/MVI_3895.pkl,data/processed/landmarks/include/GREY/0431f8e9c6d6.npz,74,0.0,0.0,1.0,1.0,,train
40177380c5cb,COLOUR,include,video,,include:clip:40177380c5cb,data/external/include_pose/INCLUDE/Pose_Signs/Colours/57. Colour/MVI_3898.pkl,data/processed/landmarks/include/COLOUR/40177380c5cb.npz,60,0.0,0.0,1.0,1.0,,train
bc0967f3af29,COLOUR,include,video,,include:clip:bc0967f3af29,data/external/include_pose/INCLUDE/Pose_Signs/Colours/57. Colour/MVI_3899.pkl,data/processed/landmarks/include/COLOUR/bc0967f3af29.npz,73,0.0,0.0,1.0,1.0,,train
d6e9597a6da0,COLOUR,include,video,,include:clip:d6e9597a6da0,data/external/include_pose/INCLUDE/Pose_Signs/Colours/57. Colour/MVI_4049.pkl,data/processed/landmarks/include/COLOUR/d6e9597a6da0.npz,57,0.0,0.0,1.0,1.0,,train
454bc5334d38,COLOUR,include,video,,include:clip:454bc5334d38,data/external/include_pose/INCLUDE/Pose_Signs/Colours/57. Colour/MVI_4048.pkl,data/processed/landmarks/include/COLOUR/454bc5334d38.npz,54,0.0,0.0,1.0,1.0,,train
d6fd72f76430,COLOUR,include,video,,include:clip:d6fd72f76430,data/external/include_pose/INCLUDE/Pose_Signs/Colours/57. Colour/MVI_3752.pkl,data/processed/landmarks/include/COLOUR/d6fd72f76430.npz,46,0.0,0.0,1.0,1.0,,train
d7644a21cf1d,COLOUR,include,video,,include:clip:d7644a21cf1d,data/external/include_pose/INCLUDE/Pose_Signs/Colours/57. Colour/MVI_5069.pkl,data/processed/landmarks/include/COLOUR/d7644a21cf1d.npz,46,0.0,0.0,0.9348,1.0,,train
b6651dca09b4,COLOUR,include,video,,include:clip:b6651dca09b4,data/external/include_pose/INCLUDE/Pose_Signs/Colours/57. Colour/MVI_3751.pkl,data/processed/landmarks/include/COLOUR/b6651dca09b4.npz,33,0.0,0.0,1.0,1.0,,train
4e2a833f8042,COLOUR,include,video,,include:clip:4e2a833f8042,data/external/include_pose/INCLUDE/Pose_Signs/Colours/57. Colour/MVI_3750.pkl,data/processed/landmarks/include/COLOUR/4e2a833f8042.npz,59,0.0,0.0,1.0,1.0,,train
43d8f3c931c0,COLOUR,include,video,,include:clip:43d8f3c931c0,data/external/include_pose/INCLUDE/Pose_Signs/Colours/57. Colour/MVI_4218.pkl,data/processed/landmarks/include/COLOUR/43d8f3c931c0.npz,59,0.0,0.0,1.0,1.0,,train
726b240fe346,COLOUR,include,video,,include:clip:726b240fe346,data/external/include_pose/INCLUDE/Pose_Signs/Colours/57. Colour/MVI_5070.pkl,data/processed/landmarks/include/COLOUR/726b240fe346.npz,54,0.0,0.0,0.7037,1.0,,train
687193dc0361,COLOUR,include,video,,include:clip:687193dc0361,data/external/include_pose/INCLUDE/Pose_Signs/Colours/57. Colour/MVI_8622.pkl,data/processed/landmarks/include/COLOUR/687193dc0361.npz,58,0.0,0.0,0.9655,1.0,,train
d2ba70ccc642,COLOUR,include,video,,include:clip:d2ba70ccc642,data/external/include_pose/INCLUDE/Pose_Signs/Colours/57. Colour/MVI_4929.pkl,data/processed/landmarks/include/COLOUR/d2ba70ccc642.npz,50,0.0,0.0,1.0,1.0,,train
2a77efad4d56,COLOUR,include,video,,include:clip:2a77efad4d56,data/external/include_pose/INCLUDE/Pose_Signs/Colours/57. Colour/MVI_5217.pkl,data/processed/landmarks/include/COLOUR/2a77efad4d56.npz,42,0.0,0.0,1.0,1.0,,train
b3018c0e3f9f,COLOUR,include,video,,include:clip:b3018c0e3f9f,data/external/include_pose/INCLUDE/Pose_Signs/Colours/57. Colour/MVI_4928.pkl,data/processed/landmarks/include/COLOUR/b3018c0e3f9f.npz,55,0.0,0.0,1.0,1.0,,train
2ab1c84d1773,BROWN,include,video,,include:clip:2ab1c84d1773,data/external/include_pose/INCLUDE/Pose_Signs/Colours/51. Brown/MVI_8616.pkl,data/processed/landmarks/include/BROWN/2ab1c84d1773.npz,63,0.0,0.0,0.8571,1.0,,train
d629db47ee90,BROWN,include,video,,include:clip:d629db47ee90,data/external/include_pose/INCLUDE/Pose_Signs/Colours/51. Brown/MVI_3731.pkl,data/processed/landmarks/include/BROWN/d629db47ee90.npz,53,0.0,0.0,0.9057,1.0,,train
cbbc4ded5583,BROWN,include,video,,include:clip:cbbc4ded5583,data/external/include_pose/INCLUDE/Pose_Signs/Colours/51. Brown/MVI_3732.pkl,data/processed/landmarks/include/BROWN/cbbc4ded5583.npz,42,0.0,0.0,0.9524,1.0,,train
9a14f9e24758,BROWN,include,video,,include:clip:9a14f9e24758,data/external/include_pose/INCLUDE/Pose_Signs/Colours/51. Brown/MVI_4909.pkl,data/processed/landmarks/include/BROWN/9a14f9e24758.npz,57,0.0,0.0,0.9649,1.0,,train
84144a1a3740,BROWN,include,video,,include:clip:84144a1a3740,data/external/include_pose/INCLUDE/Pose_Signs/Colours/51. Brown/MVI_4212.pkl,data/processed/landmarks/include/BROWN/84144a1a3740.npz,61,0.0,0.0,1.0,1.0,,train
a690e53ab874,BROWN,include,video,,include:clip:a690e53ab874,data/external/include_pose/INCLUDE/Pose_Signs/Colours/51. Brown/MVI_5050.pkl,data/processed/landmarks/include/BROWN/a690e53ab874.npz,45,0.0,0.0,0.8444,1.0,,train
0164191c0838,BROWN,include,video,,include:clip:0164191c0838,data/external/include_pose/INCLUDE/Pose_Signs/Colours/51. Brown/MVI_5051.pkl,data/processed/landmarks/include/BROWN/0164191c0838.npz,52,0.0,0.0,0.9808,1.0,,train
f8716bdbb8cf,BROWN,include,video,,include:clip:f8716bdbb8cf,data/external/include_pose/INCLUDE/Pose_Signs/Colours/51. Brown/MVI_4032.pkl,data/processed/landmarks/include/BROWN/f8716bdbb8cf.npz,53,0.0,0.0,0.9434,1.0,,train
66ec7bcd3aad,BROWN,include,video,,include:clip:66ec7bcd3aad,data/external/include_pose/INCLUDE/Pose_Signs/Colours/51. Brown/MVI_5049.pkl,data/processed/landmarks/include/BROWN/66ec7bcd3aad.npz,53,0.0,0.0,0.9245,1.0,,train
32d8c5d9ce15,BROWN,include,video,,include:clip:32d8c5d9ce15,data/external/include_pose/INCLUDE/Pose_Signs/Colours/51. Brown/MVI_3879.pkl,data/processed/landmarks/include/BROWN/32d8c5d9ce15.npz,78,0.0,0.0,0.9615,1.0,,train
f3340c2fdc0f,BROWN,include,video,,include:clip:f3340c2fdc0f,data/external/include_pose/INCLUDE/Pose_Signs/Colours/51. Brown/MVI_3878.pkl,data/processed/landmarks/include/BROWN/f3340c2fdc0f.npz,89,0.0,0.0,0.9551,1.0,,train
92ea264c0d8e,BROWN,include,video,,include:clip:92ea264c0d8e,data/external/include_pose/INCLUDE/Pose_Signs/Colours/51. Brown/MVI_4911.pkl,data/processed/landmarks/include/BROWN/92ea264c0d8e.npz,60,0.0,0.0,0.9833,1.0,,train
ce64e032960a,BROWN,include,video,,include:clip:ce64e032960a,data/external/include_pose/INCLUDE/Pose_Signs/Colours/51. Brown/MVI_5199.pkl,data/processed/landmarks/include/BROWN/ce64e032960a.npz,62,0.0,0.0,1.0,1.0,,train
0614462744b0,BROWN,include,video,,include:clip:0614462744b0,data/external/include_pose/INCLUDE/Pose_Signs/Colours/51. Brown/MVI_5198.pkl,data/processed/landmarks/include/BROWN/0614462744b0.npz,53,0.0,0.0,1.0,1.0,,train
3106b72ddccd,BLACK,include,video,,include:clip:3106b72ddccd,data/external/include_pose/INCLUDE/Pose_Signs/Colours/54. Black/MVI_4919.pkl,data/processed/landmarks/include/BLACK/3106b72ddccd.npz,54,0.0,0.0,1.0,1.0,,train
99cfe1aa38a3,BLACK,include,video,,include:clip:99cfe1aa38a3,data/external/include_pose/INCLUDE/Pose_Signs/Colours/54. Black/MVI_5208.pkl,data/processed/landmarks/include/BLACK/99cfe1aa38a3.npz,54,0.0,0.0,1.0,1.0,,train
065fa625d07e,BLACK,include,video,,include:clip:065fa625d07e,data/external/include_pose/INCLUDE/Pose_Signs/Colours/54. Black/MVI_3889.pkl,data/processed/landmarks/include/BLACK/065fa625d07e.npz,58,0.0,0.0,1.0,1.0,,train
b13fc6f8bd9d,BLACK,include,video,,include:clip:b13fc6f8bd9d,data/external/include_pose/INCLUDE/Pose_Signs/Colours/54. Black/MVI_3888.pkl,data/processed/landmarks/include/BLACK/b13fc6f8bd9d.npz,72,0.0,0.0,1.0,1.0,,train
e742fa512cb4,BLACK,include,video,,include:clip:e742fa512cb4,data/external/include_pose/INCLUDE/Pose_Signs/Colours/54. Black/MVI_4920.pkl,data/processed/landmarks/include/BLACK/e742fa512cb4.npz,54,0.0,0.0,1.0,1.0,,train
7ca9774d3617,BLACK,include,video,,include:clip:7ca9774d3617,data/external/include_pose/INCLUDE/Pose_Signs/Colours/54. Black/MVI_3740.pkl,data/processed/landmarks/include/BLACK/7ca9774d3617.npz,44,0.0,0.0,1.0,1.0,,train
888067359246,BLACK,include,video,,include:clip:888067359246,data/external/include_pose/INCLUDE/Pose_Signs/Colours/54. Black/MVI_3741.pkl,data/processed/landmarks/include/BLACK/888067359246.npz,52,0.0,0.0,1.0,1.0,,train
5a2ef1eddbab,BLACK,include,video,,include:clip:5a2ef1eddbab,data/external/include_pose/INCLUDE/Pose_Signs/Colours/54. Black/MVI_3742.pkl,data/processed/landmarks/include/BLACK/5a2ef1eddbab.npz,46,0.0,0.0,1.0,1.0,,train
2fded202a620,BLACK,include,video,,include:clip:2fded202a620,data/external/include_pose/INCLUDE/Pose_Signs/Colours/54. Black/MVI_5059.pkl,data/processed/landmarks/include/BLACK/2fded202a620.npz,49,0.0,0.0,1.0,1.0,,train
8d71f15ff632,BLACK,include,video,,include:clip:8d71f15ff632,data/external/include_pose/INCLUDE/Pose_Signs/Colours/54. Black/MVI_5060.pkl,data/processed/landmarks/include/BLACK/8d71f15ff632.npz,41,0.0,0.0,1.0,1.0,,train
eb03127056a7,BLACK,include,video,,include:clip:eb03127056a7,data/external/include_pose/INCLUDE/Pose_Signs/Colours/54. Black/MVI_5207.pkl,data/processed/landmarks/include/BLACK/eb03127056a7.npz,54,0.0,0.0,1.0,1.0,,train
3368dd705d5f,BLACK,include,video,,include:clip:3368dd705d5f,data/external/include_pose/INCLUDE/Pose_Signs/Colours/54. Black/MVI_3887.pkl,data/processed/landmarks/include/BLACK/3368dd705d5f.npz,69,0.0,0.0,1.0,1.0,,train
83f98ba26465,BLACK,include,video,,include:clip:83f98ba26465,data/external/include_pose/INCLUDE/Pose_Signs/Colours/54. Black/MVI_5206.pkl,data/processed/landmarks/include/BLACK/83f98ba26465.npz,52,0.0,0.0,1.0,1.0,,train
d2721c2c8f24,BLACK,include,video,,include:clip:d2721c2c8f24,data/external/include_pose/INCLUDE/Pose_Signs/Colours/54. Black/MVI_4040.pkl,data/processed/landmarks/include/BLACK/d2721c2c8f24.npz,46,0.0,0.0,1.0,1.0,,train
9cc6b6424430,TOMORROW,include,video,,include:clip:9cc6b6424430,data/external/include_pose/INCLUDE/Pose_Signs/Days_and_Time/74. Tomorrow/MVI_5035.pkl,data/processed/landmarks/include/TOMORROW/9cc6b6424430.npz,48,0.0,0.0,1.0,1.0,,train
8788e1459c90,TOMORROW,include,video,,include:clip:8788e1459c90,data/external/include_pose/INCLUDE/Pose_Signs/Days_and_Time/74. Tomorrow/MVI_5034.pkl,data/processed/landmarks/include/TOMORROW/8788e1459c90.npz,40,0.0,0.0,1.0,1.0,,train
592519e80fc6,TOMORROW,include,video,,include:clip:592519e80fc6,data/external/include_pose/INCLUDE/Pose_Signs/Days_and_Time/74. Tomorrow/MVI_5476.pkl,data/processed/landmarks/include/TOMORROW/592519e80fc6.npz,45,0.0,0.0,1.0,1.0,,train
aa8fa9bab52a,TOMORROW,include,video,,include:clip:aa8fa9bab52a,data/external/include_pose/INCLUDE/Pose_Signs/Days_and_Time/74. Tomorrow/MVI_4620.pkl,data/processed/landmarks/include/TOMORROW/aa8fa9bab52a.npz,56,0.0,0.0,0.9821,1.0,,train
909d747f7cef,TOMORROW,include,video,,include:clip:909d747f7cef,data/external/include_pose/INCLUDE/Pose_Signs/Days_and_Time/74. Tomorrow/MVI_4621.pkl,data/processed/landmarks/include/TOMORROW/909d747f7cef.npz,49,0.0,0.0,1.0,1.0,,train
c36f004cbd1d,TOMORROW,include,video,,include:clip:c36f004cbd1d,data/external/include_pose/INCLUDE/Pose_Signs/Days_and_Time/74. Tomorrow/MVI_5475.pkl,data/processed/landmarks/include/TOMORROW/c36f004cbd1d.npz,42,0.0,0.0,1.0,1.0,,train
495b3775e7b4,TOMORROW,include,video,,include:clip:495b3775e7b4,data/external/include_pose/INCLUDE/Pose_Signs/Days_and_Time/74. Tomorrow/MVI_9165.pkl,data/processed/landmarks/include/TOMORROW/495b3775e7b4.npz,80,0.0,0.0,1.0,1.0,,train
5f4a5295b72f,TOMORROW,include,video,,include:clip:5f4a5295b72f,data/external/include_pose/INCLUDE/Pose_Signs/Days_and_Time/74. Tomorrow/MVI_4622.pkl,data/processed/landmarks/include/TOMORROW/5f4a5295b72f.npz,55,0.0,0.0,1.0,1.0,,train
1cd7df40715c,TOMORROW,include,video,,include:clip:1cd7df40715c,data/external/include_pose/INCLUDE/Pose_Signs/Days_and_Time/74. Tomorrow/MVI_9164.pkl,data/processed/landmarks/include/TOMORROW/1cd7df40715c.npz,62,0.0,0.0,1.0,1.0,,train
61e0740d8c45,TOMORROW,include,video,,include:clip:61e0740d8c45,data/external/include_pose/INCLUDE/Pose_Signs/Days_and_Time/74. Tomorrow/MVI_5474.pkl,data/processed/landmarks/include/TOMORROW/61e0740d8c45.npz,43,0.0,0.0,1.0,1.0,,train
d84628bca5f1,TOMORROW,include,video,,include:clip:d84628bca5f1,data/external/include_pose/INCLUDE/Pose_Signs/Days_and_Time/74. Tomorrow/MVI_4619.pkl,data/processed/landmarks/include/TOMORROW/d84628bca5f1.npz,54,0.0,0.0,1.0,1.0,,train
4c2ba0728e95,WEDNESDAY,include,video,,include:clip:4c2ba0728e95,data/external/include_pose/INCLUDE/Pose_Signs/Days_and_Time/69. Wednesday/MVI_5018.pkl,data/processed/landmarks/include/WEDNESDAY/4c2ba0728e95.npz,51,0.0,0.0,0.8431,1.0,,train
cc01e86329c1,WEDNESDAY,include,video,,include:clip:cc01e86329c1,data/external/include_pose/INCLUDE/Pose_Signs/Days_and_Time/69. Wednesday/MVI_5457.pkl,data/processed/landmarks/include/WEDNESDAY/cc01e86329c1.npz,46,0.0,0.0,0.9565,1.0,,train
36b6ae499037,WEDNESDAY,include,video,,include:clip:36b6ae499037,data/external/include_pose/INCLUDE/Pose_Signs/Days_and_Time/69. Wednesday/MVI_4601.pkl,data/processed/landmarks/include/WEDNESDAY/36b6ae499037.npz,56,0.0,0.0,0.75,1.0,,train
6fc9dec4d609,WEDNESDAY,include,video,,include:clip:6fc9dec4d609,data/external/include_pose/INCLUDE/Pose_Signs/Days_and_Time/69. Wednesday/MVI_5456.pkl,data/processed/landmarks/include/WEDNESDAY/6fc9dec4d609.npz,54,0.0,0.0,0.9259,1.0,,train
91ed2eed28d9,WEDNESDAY,include,video,,include:clip:91ed2eed28d9,data/external/include_pose/INCLUDE/Pose_Signs/Days_and_Time/69. Wednesday/MVI_5454.pkl,data/processed/landmarks/include/WEDNESDAY/91ed2eed28d9.npz,56,0.0,0.0,0.8571,1.0,,train
bc56d6016066,WEDNESDAY,include,video,,include:clip:bc56d6016066,data/external/include_pose/INCLUDE/Pose_Signs/Days_and_Time/69. Wednesday/MVI_4602.pkl,data/processed/landmarks/include/WEDNESDAY/bc56d6016066.npz,49,0.0,0.0,0.7755,1.0,,train
1326db21f67f,WEDNESDAY,include,video,,include:clip:1326db21f67f,data/external/include_pose/INCLUDE/Pose_Signs/Days_and_Time/69. Wednesday/MVI_5455.pkl,data/processed/landmarks/include/WEDNESDAY/1326db21f67f.npz,54,0.0,0.0,0.9074,1.0,,train
581ecf8f2c6e,WEDNESDAY,include,video,,include:clip:581ecf8f2c6e,data/external/include_pose/INCLUDE/Pose_Signs/Days_and_Time/69. Wednesday/MVI_4599.pkl,data/processed/landmarks/include/WEDNESDAY/581ecf8f2c6e.npz,50,0.0,0.0,0.76,1.0,,train
8f0097eb4b07,WEDNESDAY,include,video,,include:clip:8f0097eb4b07,data/external/include_pose/INCLUDE/Pose_Signs/Days_and_Time/69. Wednesday/MVI_9148.pkl,data/processed/landmarks/include/WEDNESDAY/8f0097eb4b07.npz,61,0.0,0.0,0.8689,1.0,,train
c9505007bd98,WEDNESDAY,include,video,,include:clip:c9505007bd98,data/external/include_pose/INCLUDE/Pose_Signs/Days_and_Time/69. Wednesday/MVI_5017.pkl,data/processed/landmarks/include/WEDNESDAY/c9505007bd98.npz,51,0.0,0.0,0.7843,1.0,,train
ebc005b3c5b3,WEDNESDAY,include,video,,include:clip:ebc005b3c5b3,data/external/include_pose/INCLUDE/Pose_Signs/Days_and_Time/69. Wednesday/MVI_5016.pkl,data/processed/landmarks/include/WEDNESDAY/ebc005b3c5b3.npz,51,0.0,0.0,0.8627,1.0,,train
6160de0500d1,TUESDAY,include,video,,include:clip:6160de0500d1,data/external/include_pose/INCLUDE/Pose_Signs/Days_and_Time/68. Tuesday/MVI_9147.pkl,data/processed/landmarks/include/TUESDAY/6160de0500d1.npz,61,0.0,0.0,0.9016,1.0,,train
c7da28b30934,TUESDAY,include,video,,include:clip:c7da28b30934,data/external/include_pose/INCLUDE/Pose_Signs/Days_and_Time/68. Tuesday/MVI_9146.pkl,data/processed/landmarks/include/TUESDAY/c7da28b30934.npz,62,0.0,0.0,0.9032,1.0,,train
74b3baaad62d,TUESDAY,include,video,,include:clip:74b3baaad62d,data/external/include_pose/INCLUDE/Pose_Signs/Days_and_Time/68. Tuesday/MVI_9145.pkl,data/processed/landmarks/include/TUESDAY/74b3baaad62d.npz,67,0.0,0.0,0.8806,1.0,,train
b6aa4a7bfd10,TUESDAY,include,video,,include:clip:b6aa4a7bfd10,data/external/include_pose/INCLUDE/Pose_Signs/Days_and_Time/68. Tuesday/MVI_5451.pkl,data/processed/landmarks/include/TUESDAY/b6aa4a7bfd10.npz,51,0.0,0.0,0.8431,1.0,,train
9b4cd2eb84cf,TUESDAY,include,video,,include:clip:9b4cd2eb84cf,data/external/include_pose/INCLUDE/Pose_Signs/Days_and_Time/68. Tuesday/MVI_5450.pkl,data/processed/landmarks/include/TUESDAY/9b4cd2eb84cf.npz,51,0.0,0.0,0.8824,1.0,,train
c8b2d93236d3,TUESDAY,include,video,,include:clip:c8b2d93236d3,data/external/include_pose/INCLUDE/Pose_Signs/Days_and_Time/68. Tuesday/MVI_5452.pkl,data/processed/landmarks/include/TUESDAY/c8b2d93236d3.npz,49,0.0,0.0,0.8163,1.0,,train
5c6793ec43f3,TUESDAY,include,video,,include:clip:5c6793ec43f3,data/external/include_pose/INCLUDE/Pose_Signs/Days_and_Time/68. Tuesday/MVI_4598.pkl,data/processed/landmarks/include/TUESDAY/5c6793ec43f3.npz,70,0.0,0.0,0.8429,1.0,,train
db37b9556626,TUESDAY,include,video,,include:clip:db37b9556626,data/external/include_pose/INCLUDE/Pose_Signs/Days_and_Time/68. Tuesday/MVI_5453.pkl,data/processed/landmarks/include/TUESDAY/db37b9556626.npz,56,0.0,0.0,0.8036,1.0,,train
21b3ad8bbea5,TUESDAY,include,video,,include:clip:21b3ad8bbea5,data/external/include_pose/INCLUDE/Pose_Signs/Days_and_Time/68. Tuesday/MVI_4595.pkl,data/processed/landmarks/include/TUESDAY/21b3ad8bbea5.npz,59,0.0,0.0,0.8136,1.0,,train
c0bb05de9d75,TUESDAY,include,video,,include:clip:c0bb05de9d75,data/external/include_pose/INCLUDE/Pose_Signs/Days_and_Time/68. Tuesday/MVI_4597.pkl,data/processed/landmarks/include/TUESDAY/c0bb05de9d75.npz,62,0.0,0.0,0.8871,1.0,,train
62f140e020bc,TUESDAY,include,video,,include:clip:62f140e020bc,data/external/include_pose/INCLUDE/Pose_Signs/Days_and_Time/68. Tuesday/MVI_5012.pkl,data/processed/landmarks/include/TUESDAY/62f140e020bc.npz,50,0.0,0.0,0.9,1.0,,train
edb09e4e6184,SUNDAY,include,video,,include:clip:edb09e4e6184,data/external/include_pose/INCLUDE/Pose_Signs/Days_and_Time/66. Sunday/MVI_4588.pkl,data/processed/landmarks/include/SUNDAY/edb09e4e6184.npz,69,0.0,0.0,0.971,1.0,,train
6d8c4a2183b6,SUNDAY,include,video,,include:clip:6d8c4a2183b6,data/external/include_pose/INCLUDE/Pose_Signs/Days_and_Time/66. Sunday/MVI_4589.pkl,data/processed/landmarks/include/SUNDAY/6d8c4a2183b6.npz,60,0.0,0.0,1.0,1.0,,train
ec88bfea2d02,SUNDAY,include,video,,include:clip:ec88bfea2d02,data/external/include_pose/INCLUDE/Pose_Signs/Days_and_Time/66. Sunday/MVI_5442.pkl,data/processed/landmarks/include/SUNDAY/ec88bfea2d02.npz,51,0.0,0.0,1.0,1.0,,train
2f081f1b54f7,SUNDAY,include,video,,include:clip:2f081f1b54f7,data/external/include_pose/INCLUDE/Pose_Signs/Days_and_Time/66. Sunday/MVI_5445.pkl,data/processed/landmarks/include/SUNDAY/2f081f1b54f7.npz,57,0.0,0.0,1.0,1.0,,train
722d817d0fd5,SUNDAY,include,video,,include:clip:722d817d0fd5,data/external/include_pose/INCLUDE/Pose_Signs/Days_and_Time/66. Sunday/MVI_9141.pkl,data/processed/landmarks/include/SUNDAY/722d817d0fd5.npz,71,0.0,0.0,1.0,1.0,,train
3c036242e837,SUNDAY,include,video,,include:clip:3c036242e837,data/external/include_pose/INCLUDE/Pose_Signs/Days_and_Time/66. Sunday/MVI_9140.pkl,data/processed/landmarks/include/SUNDAY/3c036242e837.npz,75,0.0,0.0,1.0,1.0,,train
33e0307ef585,SUNDAY,include,video,,include:clip:33e0307ef585,data/external/include_pose/INCLUDE/Pose_Signs/Days_and_Time/66. Sunday/MVI_5444.pkl,data/processed/landmarks/include/SUNDAY/33e0307ef585.npz,61,0.0,0.0,1.0,1.0,,train
433f45732d98,SUNDAY,include,video,,include:clip:433f45732d98,data/external/include_pose/INCLUDE/Pose_Signs/Days_and_Time/66. Sunday/MVI_4586.pkl,data/processed/landmarks/include/SUNDAY/433f45732d98.npz,71,0.0,0.0,1.0,1.0,,train
e41a10769963,SUNDAY,include,video,,include:clip:e41a10769963,data/external/include_pose/INCLUDE/Pose_Signs/Days_and_Time/66. Sunday/MVI_4590.pkl,data/processed/landmarks/include/SUNDAY/e41a10769963.npz,57,0.0,0.0,1.0,1.0,,train
88a1cbec5be8,SUNDAY,include,video,,include:clip:88a1cbec5be8,data/external/include_pose/INCLUDE/Pose_Signs/Days_and_Time/66. Sunday/MVI_9139.pkl,data/processed/landmarks/include/SUNDAY/88a1cbec5be8.npz,78,0.0,0.0,1.0,1.0,,train
ded7adbd15c0,SUNDAY,include,video,,include:clip:ded7adbd15c0,data/external/include_pose/INCLUDE/Pose_Signs/Days_and_Time/66. Sunday/MVI_5005.pkl,data/processed/landmarks/include/SUNDAY/ded7adbd15c0.npz,52,0.0,0.0,1.0,1.0,,train
f92c93591c2e,SUNDAY,include,video,,include:clip:f92c93591c2e,data/external/include_pose/INCLUDE/Pose_Signs/Days_and_Time/66. Sunday/MVI_5006.pkl,data/processed/landmarks/include/SUNDAY/f92c93591c2e.npz,50,0.0,0.0,1.0,1.0,,train
47c443f9ba54,MORNING,include,video,,include:clip:47c443f9ba54,data/external/include_pose/INCLUDE/Pose_Signs/Days_and_Time/82. Morning/MVI_9190.pkl,data/processed/landmarks/include/MORNING/47c443f9ba54.npz,70,0.0,0.0,1.0,1.0,,train
b3714bb27127,MORNING,include,video,,include:clip:b3714bb27127,data/external/include_pose/INCLUDE/Pose_Signs/Days_and_Time/82. Morning/MVI_5509.pkl,data/processed/landmarks/include/MORNING/b3714bb27127.npz,40,0.0,0.0,1.0,1.0,,train
691c47086ae3,MORNING,include,video,,include:clip:691c47086ae3,data/external/include_pose/INCLUDE/Pose_Signs/Days_and_Time/82. Morning/MVI_5060.pkl,data/processed/landmarks/include/MORNING/691c47086ae3.npz,43,0.0,0.0,1.0,1.0,,train
bef25f459496,MORNING,include,video,,include:clip:bef25f459496,data/external/include_pose/INCLUDE/Pose_Signs/Days_and_Time/82. Morning/MVI_5510.pkl,data/processed/landmarks/include/MORNING/bef25f459496.npz,41,0.0,0.0,1.0,1.0,,train
1d49509bcfe9,MORNING,include,video,,include:clip:1d49509bcfe9,data/external/include_pose/INCLUDE/Pose_Signs/Days_and_Time/82. Morning/MVI_5061.pkl,data/processed/landmarks/include/MORNING/1d49509bcfe9.npz,43,0.0,0.0,1.0,1.0,,train
294ccd588514,MORNING,include,video,,include:clip:294ccd588514,data/external/include_pose/INCLUDE/Pose_Signs/Days_and_Time/82. Morning/MVI_9188.pkl,data/processed/landmarks/include/MORNING/294ccd588514.npz,59,0.0,0.0,1.0,1.0,,train
4a32e046b711,MORNING,include,video,,include:clip:4a32e046b711,data/external/include_pose/INCLUDE/Pose_Signs/Days_and_Time/82. Morning/MVI_5507.pkl,data/processed/landmarks/include/MORNING/4a32e046b711.npz,39,0.0,0.0,1.0,1.0,,train
5f9e0286e9f9,MORNING,include,video,,include:clip:5f9e0286e9f9,data/external/include_pose/INCLUDE/Pose_Signs/Days_and_Time/82. Morning/MVI_5062.pkl,data/processed/landmarks/include/MORNING/5f9e0286e9f9.npz,44,0.0,0.0,1.0,1.0,,train
ead5260c7c98,MORNING,include,video,,include:clip:ead5260c7c98,data/external/include_pose/INCLUDE/Pose_Signs/Days_and_Time/82. Morning/MVI_9189.pkl,data/processed/landmarks/include/MORNING/ead5260c7c98.npz,63,0.0,0.0,1.0,1.0,,train
fef4c0a2e7fe,MORNING,include,video,,include:clip:fef4c0a2e7fe,data/external/include_pose/INCLUDE/Pose_Signs/Days_and_Time/82. Morning/MVI_4652.pkl,data/processed/landmarks/include/MORNING/fef4c0a2e7fe.npz,57,0.0,0.0,0.9649,1.0,,train
1fa41e4f0ac8,MORNING,include,video,,include:clip:1fa41e4f0ac8,data/external/include_pose/INCLUDE/Pose_Signs/Days_and_Time/82. Morning/MVI_4653.pkl,data/processed/landmarks/include/MORNING/1fa41e4f0ac8.npz,54,0.0,0.0,1.0,1.0,,train
8bcfee3299b4,THURSDAY,include,video,,include:clip:8bcfee3299b4,data/external/include_pose/INCLUDE/Pose_Signs/Days_and_Time/70. Thursday/MVI_5019.pkl,data/processed/landmarks/include/THURSDAY/8bcfee3299b4.npz,53,0.0,0.0,1.0,1.0,,train
8212b411e83a,THURSDAY,include,video,,include:clip:8212b411e83a,data/external/include_pose/INCLUDE/Pose_Signs/Days_and_Time/70. Thursday/MVI_5020.pkl,data/processed/landmarks/include/THURSDAY/8212b411e83a.npz,50,0.0,0.0,0.98,1.0,,train
3499a1a1b5fa,THURSDAY,include,video,,include:clip:3499a1a1b5fa,data/external/include_pose/INCLUDE/Pose_Signs/Days_and_Time/70. Thursday/MVI_9153.pkl,data/processed/landmarks/include/THURSDAY/3499a1a1b5fa.npz,60,0.0,0.0,1.0,1.0,,train
33da3ceec1c8,THURSDAY,include,video,,include:clip:33da3ceec1c8,data/external/include_pose/INCLUDE/Pose_Signs/Days_and_Time/70. Thursday/MVI_9152.pkl,data/processed/landmarks/include/THURSDAY/33da3ceec1c8.npz,63,0.0,0.0,1.0,1.0,,train
d23002460c35,THURSDAY,include,video,,include:clip:d23002460c35,data/external/include_pose/INCLUDE/Pose_Signs/Days_and_Time/70. Thursday/MVI_4603.pkl,data/processed/landmarks/include/THURSDAY/d23002460c35.npz,62,0.0,0.0,1.0,1.0,,train
176652a216c0,THURSDAY,include,video,,include:clip:176652a216c0,data/external/include_pose/INCLUDE/Pose_Signs/Days_and_Time/70. Thursday/MVI_9151.pkl,data/processed/landmarks/include/THURSDAY/176652a216c0.npz,66,0.0,0.0,1.0,1.0,,train
9484d583956a,THURSDAY,include,video,,include:clip:9484d583956a,data/external/include_pose/INCLUDE/Pose_Signs/Days_and_Time/70. Thursday/MVI_4606.pkl,data/processed/landmarks/include/THURSDAY/9484d583956a.npz,68,0.0,0.0,1.0,1.0,,train
32d9a5c5cd5f,THURSDAY,include,video,,include:clip:32d9a5c5cd5f,data/external/include_pose/INCLUDE/Pose_Signs/Days_and_Time/70. Thursday/MVI_4604.pkl,data/processed/landmarks/include/THURSDAY/32d9a5c5cd5f.npz,62,0.0,0.0,1.0,1.0,,train
87a6ea8d1f81,THURSDAY,include,video,,include:clip:87a6ea8d1f81,data/external/include_pose/INCLUDE/Pose_Signs/Days_and_Time/70. Thursday/MVI_4605.pkl,data/processed/landmarks/include/THURSDAY/87a6ea8d1f81.npz,58,0.0,0.0,1.0,1.0,,train
fed51982b251,THURSDAY,include,video,,include:clip:fed51982b251,data/external/include_pose/INCLUDE/Pose_Signs/Days_and_Time/70. Thursday/MVI_5461.pkl,data/processed/landmarks/include/THURSDAY/fed51982b251.npz,52,0.0,0.0,1.0,1.0,,train
559a5a17084c,THURSDAY,include,video,,include:clip:559a5a17084c,data/external/include_pose/INCLUDE/Pose_Signs/Days_and_Time/70. Thursday/MVI_5460.pkl,data/processed/landmarks/include/THURSDAY/559a5a17084c.npz,48,0.0,0.0,1.0,1.0,,train
080d5e92f85c,FRIDAY,include,video,,include:clip:080d5e92f85c,data/external/include_pose/INCLUDE/Pose_Signs/Days_and_Time/71. Friday/MVI_5026.pkl,data/processed/landmarks/include/FRIDAY/080d5e92f85c.npz,49,0.0,0.0,1.0,1.0,,train
605232de3065,FRIDAY,include,video,,include:clip:605232de3065,data/external/include_pose/INCLUDE/Pose_Signs/Days_and_Time/71. Friday/MVI_5022.pkl,data/processed/landmarks/include/FRIDAY/605232de3065.npz,47,0.0,0.0,1.0,1.0,,train
2ddc2607d9f7,FRIDAY,include,video,,include:clip:2ddc2607d9f7,data/external/include_pose/INCLUDE/Pose_Signs/Days_and_Time/71. Friday/MVI_5023.pkl,data/processed/landmarks/include/FRIDAY/2ddc2607d9f7.npz,48,0.0,0.0,1.0,1.0,,train
acb455ef1450,FRIDAY,include,video,,include:clip:acb455ef1450,data/external/include_pose/INCLUDE/Pose_Signs/Days_and_Time/71. Friday/MVI_4607.pkl,data/processed/landmarks/include/FRIDAY/acb455ef1450.npz,56,0.0,0.0,1.0,1.0,,train
6ab6d79daa51,FRIDAY,include,video,,include:clip:6ab6d79daa51,data/external/include_pose/INCLUDE/Pose_Signs/Days_and_Time/71. Friday/MVI_9154.pkl,data/processed/landmarks/include/FRIDAY/6ab6d79daa51.npz,78,0.0,0.0,1.0,1.0,,train
acf70ccfa3d5,FRIDAY,include,video,,include:clip:acf70ccfa3d5,data/external/include_pose/INCLUDE/Pose_Signs/Days_and_Time/71. Friday/MVI_9156.pkl,data/processed/landmarks/include/FRIDAY/acf70ccfa3d5.npz,65,0.0,0.0,1.0,1.0,,train
7f2a242e7484,FRIDAY,include,video,,include:clip:7f2a242e7484,data/external/include_pose/INCLUDE/Pose_Signs/Days_and_Time/71. Friday/MVI_4610.pkl,data/processed/landmarks/include/FRIDAY/7f2a242e7484.npz,55,0.0,0.0,1.0,1.0,,train
619e4c9bccdf,FRIDAY,include,video,,include:clip:619e4c9bccdf,data/external/include_pose/INCLUDE/Pose_Signs/Days_and_Time/71. Friday/MVI_5462.pkl,data/processed/landmarks/include/FRIDAY/619e4c9bccdf.npz,46,0.0,0.0,1.0,1.0,,train
c03c926faead,FRIDAY,include,video,,include:clip:c03c926faead,data/external/include_pose/INCLUDE/Pose_Signs/Days_and_Time/71. Friday/MVI_4608.pkl,data/processed/landmarks/include/FRIDAY/c03c926faead.npz,61,0.0,0.0,0.9836,1.0,,train
30b000a6288a,FRIDAY,include,video,,include:clip:30b000a6288a,data/external/include_pose/INCLUDE/Pose_Signs/Days_and_Time/71. Friday/MVI_5464.pkl,data/processed/landmarks/include/FRIDAY/30b000a6288a.npz,52,0.0,0.0,1.0,1.0,,train
7bed2b45ae8c,FRIDAY,include,video,,include:clip:7bed2b45ae8c,data/external/include_pose/INCLUDE/Pose_Signs/Days_and_Time/71. Friday/MVI_5465.pkl,data/processed/landmarks/include/FRIDAY/7bed2b45ae8c.npz,54,0.0,0.0,1.0,1.0,,train
c199bca23a6b,AFTERNOON,include,video,,include:clip:c199bca23a6b,data/external/include_pose/INCLUDE/Pose_Signs/Days_and_Time/83. Afternoon/MVI_4658.pkl,data/processed/landmarks/include/AFTERNOON/c199bca23a6b.npz,48,0.0,0.0,1.0,1.0,,train
386eb40a48e3,AFTERNOON,include,video,,include:clip:386eb40a48e3,data/external/include_pose/INCLUDE/Pose_Signs/Days_and_Time/83. Afternoon/MVI_9191.pkl,data/processed/landmarks/include/AFTERNOON/386eb40a48e3.npz,54,0.0,0.0,1.0,1.0,,train
5b7a5ca9ef25,AFTERNOON,include,video,,include:clip:5b7a5ca9ef25,data/external/include_pose/INCLUDE/Pose_Signs/Days_and_Time/83. Afternoon/MVI_9193.pkl,data/processed/landmarks/include/AFTERNOON/5b7a5ca9ef25.npz,62,0.0,0.0,1.0,1.0,,train
4858934c7f0b,AFTERNOON,include,video,,include:clip:4858934c7f0b,data/external/include_pose/INCLUDE/Pose_Signs/Days_and_Time/83. Afternoon/MVI_9192.pkl,data/processed/landmarks/include/AFTERNOON/4858934c7f0b.npz,57,0.0,0.0,1.0,1.0,,train
4e43f5de5389,AFTERNOON,include,video,,include:clip:4e43f5de5389,data/external/include_pose/INCLUDE/Pose_Signs/Days_and_Time/83. Afternoon/MVI_5065.pkl,data/processed/landmarks/include/AFTERNOON/4e43f5de5389.npz,50,0.0,0.0,1.0,1.0,,train
33d641ebd125,AFTERNOON,include,video,,include:clip:33d641ebd125,data/external/include_pose/INCLUDE/Pose_Signs/Days_and_Time/83. Afternoon/MVI_5064.pkl,data/processed/landmarks/include/AFTERNOON/33d641ebd125.npz,48,0.0,0.0,1.0,1.0,,train
0e6e10a0fcc2,AFTERNOON,include,video,,include:clip:0e6e10a0fcc2,data/external/include_pose/INCLUDE/Pose_Signs/Days_and_Time/83. Afternoon/MVI_5511.pkl,data/processed/landmarks/include/AFTERNOON/0e6e10a0fcc2.npz,40,0.0,0.0,1.0,1.0,,train
1df4ae86c0e6,AFTERNOON,include,video,,include:clip:1df4ae86c0e6,data/external/include_pose/INCLUDE/Pose_Signs/Days_and_Time/83. Afternoon/MVI_5513.pkl,data/processed/landmarks/include/AFTERNOON/1df4ae86c0e6.npz,38,0.0,0.0,1.0,1.0,,train
669fc806a7d1,AFTERNOON,include,video,,include:clip:669fc806a7d1,data/external/include_pose/INCLUDE/Pose_Signs/Days_and_Time/83. Afternoon/MVI_5512.pkl,data/processed/landmarks/include/AFTERNOON/669fc806a7d1.npz,42,0.0,0.0,1.0,1.0,,train
400e98df1c39,AFTERNOON,include,video,,include:clip:400e98df1c39,data/external/include_pose/INCLUDE/Pose_Signs/Days_and_Time/83. Afternoon/MVI_4656.pkl,data/processed/landmarks/include/AFTERNOON/400e98df1c39.npz,47,0.0,0.0,1.0,1.0,,train
bdd3c87947e2,AFTERNOON,include,video,,include:clip:bdd3c87947e2,data/external/include_pose/INCLUDE/Pose_Signs/Days_and_Time/83. Afternoon/MVI_4655.pkl,data/processed/landmarks/include/AFTERNOON/bdd3c87947e2.npz,46,0.0,0.0,0.9783,1.0,,train
ee3000c5978a,NIGHT,include,video,,include:clip:ee3000c5978a,data/external/include_pose/INCLUDE/Pose_Signs/Days_and_Time/85. Night/MVI_4663.pkl,data/processed/landmarks/include/NIGHT/ee3000c5978a.npz,54,0.0,0.0,0.9444,1.0,,train
a9f50687a34b,NIGHT,include,video,,include:clip:a9f50687a34b,data/external/include_pose/INCLUDE/Pose_Signs/Days_and_Time/85. Night/MVI_4664.pkl,data/processed/landmarks/include/NIGHT/a9f50687a34b.npz,55,0.0,0.0,0.9455,1.0,,train
dbef5176007e,NIGHT,include,video,,include:clip:dbef5176007e,data/external/include_pose/INCLUDE/Pose_Signs/Days_and_Time/85. Night/MVI_4665.pkl,data/processed/landmarks/include/NIGHT/dbef5176007e.npz,55,0.0,0.0,0.9455,1.0,,train
e0678021318d,NIGHT,include,video,,include:clip:e0678021318d,data/external/include_pose/INCLUDE/Pose_Signs/Days_and_Time/85. Night/MVI_5522.pkl,data/processed/landmarks/include/NIGHT/e0678021318d.npz,37,0.0,0.0,1.0,1.0,,train
78b4d47d0f64,NIGHT,include,video,,include:clip:78b4d47d0f64,data/external/include_pose/INCLUDE/Pose_Signs/Days_and_Time/85. Night/MVI_5520.pkl,data/processed/landmarks/include/NIGHT/78b4d47d0f64.npz,38,0.0,0.0,1.0,1.0,,train
e3a0920005b5,NIGHT,include,video,,include:clip:e3a0920005b5,data/external/include_pose/INCLUDE/Pose_Signs/Days_and_Time/85. Night/MVI_5521.pkl,data/processed/landmarks/include/NIGHT/e3a0920005b5.npz,35,0.0,0.0,1.0,1.0,,train
cee9cc101622,NIGHT,include,video,,include:clip:cee9cc101622,data/external/include_pose/INCLUDE/Pose_Signs/Days_and_Time/85. Night/MVI_9197.pkl,data/processed/landmarks/include/NIGHT/cee9cc101622.npz,61,0.0,0.0,1.0,1.0,,train
9d5c164836c3,NIGHT,include,video,,include:clip:9d5c164836c3,data/external/include_pose/INCLUDE/Pose_Signs/Days_and_Time/85. Night/MVI_9199.pkl,data/processed/landmarks/include/NIGHT/9d5c164836c3.npz,61,0.0,0.0,1.0,1.0,,train
556927a5c9d3,NIGHT,include,video,,include:clip:556927a5c9d3,data/external/include_pose/INCLUDE/Pose_Signs/Days_and_Time/85. Night/MVI_5073.pkl,data/processed/landmarks/include/NIGHT/556927a5c9d3.npz,44,0.0,0.0,1.0,1.0,,train
b0554decd516,NIGHT,include,video,,include:clip:b0554decd516,data/external/include_pose/INCLUDE/Pose_Signs/Days_and_Time/85. Night/MVI_5074.pkl,data/processed/landmarks/include/NIGHT/b0554decd516.npz,40,0.0,0.0,1.0,1.0,,train
2232b4efc1fc,NIGHT,include,video,,include:clip:2232b4efc1fc,data/external/include_pose/INCLUDE/Pose_Signs/Days_and_Time/85. Night/MVI_9200.pkl,data/processed/landmarks/include/NIGHT/2232b4efc1fc.npz,63,0.0,0.0,1.0,1.0,,train
12b144a9bdd4,NIGHT,include,video,,include:clip:12b144a9bdd4,data/external/include_pose/INCLUDE/Pose_Signs/Days_and_Time/85. Night/MVI_5076.pkl,data/processed/landmarks/include/NIGHT/12b144a9bdd4.npz,43,0.0,0.0,1.0,1.0,,train
b212cc4f1f2b,TODAY,include,video,,include:clip:b212cc4f1f2b,data/external/include_pose/INCLUDE/Pose_Signs/Days_and_Time/73. Today/MVI_5031.pkl,data/processed/landmarks/include/TODAY/b212cc4f1f2b.npz,47,0.0,0.0,1.0,1.0,,train
8866fbe3356d,TODAY,include,video,,include:clip:8866fbe3356d,data/external/include_pose/INCLUDE/Pose_Signs/Days_and_Time/73. Today/MVI_5033.pkl,data/processed/landmarks/include/TODAY/8866fbe3356d.npz,46,0.0,0.0,1.0,1.0,,train
e3e8a839d4d6,TODAY,include,video,,include:clip:e3e8a839d4d6,data/external/include_pose/INCLUDE/Pose_Signs/Days_and_Time/73. Today/MVI_5032.pkl,data/processed/landmarks/include/TODAY/e3e8a839d4d6.npz,41,0.0,0.0,1.0,1.0,,train
7d1f46a22093,TODAY,include,video,,include:clip:7d1f46a22093,data/external/include_pose/INCLUDE/Pose_Signs/Days_and_Time/73. Today/MVI_4615.pkl,data/processed/landmarks/include/TODAY/7d1f46a22093.npz,62,0.0,0.0,1.0,1.0,,train
55484fa4c5bb,TODAY,include,video,,include:clip:55484fa4c5bb,data/external/include_pose/INCLUDE/Pose_Signs/Days_and_Time/73. Today/MVI_5470.pkl,data/processed/landmarks/include/TODAY/55484fa4c5bb.npz,44,0.0,0.0,1.0,1.0,,train
87e0779f95f5,TODAY,include,video,,include:clip:87e0779f95f5,data/external/include_pose/INCLUDE/Pose_Signs/Days_and_Time/73. Today/MVI_9160.pkl,data/processed/landmarks/include/TODAY/87e0779f95f5.npz,69,0.0,0.0,1.0,1.0,,train
93fb4fa506b0,TODAY,include,video,,include:clip:93fb4fa506b0,data/external/include_pose/INCLUDE/Pose_Signs/Days_and_Time/73. Today/MVI_9161.pkl,data/processed/landmarks/include/TODAY/93fb4fa506b0.npz,68,0.0,0.0,1.0,1.0,,train
ed5c6516f697,TODAY,include,video,,include:clip:ed5c6516f697,data/external/include_pose/INCLUDE/Pose_Signs/Days_and_Time/73. Today/MVI_5471.pkl,data/processed/landmarks/include/TODAY/ed5c6516f697.npz,48,0.0,0.0,1.0,1.0,,train
76d1f27c984d,TODAY,include,video,,include:clip:76d1f27c984d,data/external/include_pose/INCLUDE/Pose_Signs/Days_and_Time/73. Today/MVI_5473.pkl,data/processed/landmarks/include/TODAY/76d1f27c984d.npz,41,0.0,0.0,1.0,1.0,,train
4398680b9fb4,TODAY,include,video,,include:clip:4398680b9fb4,data/external/include_pose/INCLUDE/Pose_Signs/Days_and_Time/73. Today/MVI_9162.pkl,data/processed/landmarks/include/TODAY/4398680b9fb4.npz,60,0.0,0.0,1.0,1.0,,train
dda19fc6b32a,TODAY,include,video,,include:clip:dda19fc6b32a,data/external/include_pose/INCLUDE/Pose_Signs/Days_and_Time/73. Today/MVI_5472.pkl,data/processed/landmarks/include/TODAY/dda19fc6b32a.npz,52,0.0,0.0,1.0,1.0,,train
f54bd83c7123,MONDAY,include,video,,include:clip:f54bd83c7123,data/external/include_pose/INCLUDE/Pose_Signs/Days_and_Time/67. Monday/MVI_5009.pkl,data/processed/landmarks/include/MONDAY/f54bd83c7123.npz,47,0.0,0.0,0.9149,1.0,,train
5a91cbaeaa13,MONDAY,include,video,,include:clip:5a91cbaeaa13,data/external/include_pose/INCLUDE/Pose_Signs/Days_and_Time/67. Monday/MVI_9144.pkl,data/processed/landmarks/include/MONDAY/5a91cbaeaa13.npz,58,0.0,0.0,0.931,1.0,,train
40c79c9269f9,MONDAY,include,video,,include:clip:40c79c9269f9,data/external/include_pose/INCLUDE/Pose_Signs/Days_and_Time/67. Monday/MVI_5446.pkl,data/processed/landmarks/include/MONDAY/40c79c9269f9.npz,52,0.0,0.0,0.9423,1.0,,train
db4657cee140,MONDAY,include,video,,include:clip:db4657cee140,data/external/include_pose/INCLUDE/Pose_Signs/Days_and_Time/67. Monday/MVI_9142.pkl,data/processed/landmarks/include/MONDAY/db4657cee140.npz,63,0.0,0.0,0.9365,1.0,,train
2b124330d810,MONDAY,include,video,,include:clip:2b124330d810,data/external/include_pose/INCLUDE/Pose_Signs/Days_and_Time/67. Monday/MVI_9143.pkl,data/processed/landmarks/include/MONDAY/2b124330d810.npz,70,0.0,0.0,0.9714,1.0,,train
151cc868850b,MONDAY,include,video,,include:clip:151cc868850b,data/external/include_pose/INCLUDE/Pose_Signs/Days_and_Time/67. Monday/MVI_5447.pkl,data/processed/landmarks/include/MONDAY/151cc868850b.npz,53,0.0,0.0,0.9434,1.0,,train
59a2c80c21dc,MONDAY,include,video,,include:clip:59a2c80c21dc,data/external/include_pose/INCLUDE/Pose_Signs/Days_and_Time/67. Monday/MVI_5449.pkl,data/processed/landmarks/include/MONDAY/59a2c80c21dc.npz,51,0.0,0.0,0.902,1.0,,train
1fa8a6e3b8fe,MONDAY,include,video,,include:clip:1fa8a6e3b8fe,data/external/include_pose/INCLUDE/Pose_Signs/Days_and_Time/67. Monday/MVI_5448.pkl,data/processed/landmarks/include/MONDAY/1fa8a6e3b8fe.npz,54,0.0,0.0,0.9259,1.0,,train
51ee267deb30,MONDAY,include,video,,include:clip:51ee267deb30,data/external/include_pose/INCLUDE/Pose_Signs/Days_and_Time/67. Monday/MVI_4593.pkl,data/processed/landmarks/include/MONDAY/51ee267deb30.npz,60,0.0,0.0,0.8833,1.0,,train
00e8c37f3ed9,MONDAY,include,video,,include:clip:00e8c37f3ed9,data/external/include_pose/INCLUDE/Pose_Signs/Days_and_Time/67. Monday/MVI_4591.pkl,data/processed/landmarks/include/MONDAY/00e8c37f3ed9.npz,57,0.0,0.0,0.8947,1.0,,train
9dbdee9fdf7a,MONDAY,include,video,,include:clip:9dbdee9fdf7a,data/external/include_pose/INCLUDE/Pose_Signs/Days_and_Time/67. Monday/MVI_5011.pkl,data/processed/landmarks/include/MONDAY/9dbdee9fdf7a.npz,54,0.0,0.0,0.8889,1.0,,train
a5bbfcd5dc0e,WEEK,include,video,,include:clip:a5bbfcd5dc0e,data/external/include_pose/INCLUDE/Pose_Signs/Days_and_Time/76. Week/MVI_4629.pkl,data/processed/landmarks/include/WEEK/a5bbfcd5dc0e.npz,58,0.0,0.0,0.8103,1.0,,train
4e459e2d3b3f,WEEK,include,video,,include:clip:4e459e2d3b3f,data/external/include_pose/INCLUDE/Pose_Signs/Days_and_Time/76. Week/MVI_4628.pkl,data/processed/landmarks/include/WEEK/4e459e2d3b3f.npz,69,0.0,0.0,0.8986,1.0,,train
9f8c0a9492ef,WEEK,include,video,,include:clip:9f8c0a9492ef,data/external/include_pose/INCLUDE/Pose_Signs/Days_and_Time/76. Week/MVI_5486.pkl,data/processed/landmarks/include/WEEK/9f8c0a9492ef.npz,42,0.0,0.0,0.7381,1.0,,train
4b0c8b5ba4ea,WEEK,include,video,,include:clip:4b0c8b5ba4ea,data/external/include_pose/INCLUDE/Pose_Signs/Days_and_Time/76. Week/MVI_5041.pkl,data/processed/landmarks/include/WEEK/4b0c8b5ba4ea.npz,53,0.0,0.0,0.8302,1.0,,train
7f60c329cbb6,WEEK,include,video,,include:clip:7f60c329cbb6,data/external/include_pose/INCLUDE/Pose_Signs/Days_and_Time/76. Week/MVI_5485.pkl,data/processed/landmarks/include/WEEK/7f60c329cbb6.npz,47,0.0,0.0,0.9149,1.0,,train
ad5dee845f64,WEEK,include,video,,include:clip:ad5dee845f64,data/external/include_pose/INCLUDE/Pose_Signs/Days_and_Time/76. Week/MVI_5042.pkl,data/processed/landmarks/include/WEEK/ad5dee845f64.npz,50,0.0,0.0,0.8,1.0,,train
9aac58dea20d,WEEK,include,video,,include:clip:9aac58dea20d,data/external/include_pose/INCLUDE/Pose_Signs/Days_and_Time/76. Week/MVI_5043.pkl,data/processed/landmarks/include/WEEK/9aac58dea20d.npz,49,0.0,0.0,0.8367,1.0,,train
6902854ba102,WEEK,include,video,,include:clip:6902854ba102,data/external/include_pose/INCLUDE/Pose_Signs/Days_and_Time/76. Week/MVI_9171.pkl,data/processed/landmarks/include/WEEK/6902854ba102.npz,69,0.0,0.0,0.8696,1.0,,train
9e60131a0eec,WEEK,include,video,,include:clip:9e60131a0eec,data/external/include_pose/INCLUDE/Pose_Signs/Days_and_Time/76. Week/MVI_9170.pkl,data/processed/landmarks/include/WEEK/9e60131a0eec.npz,64,0.0,0.0,0.9219,1.0,,train
1680d34e19ac,WEEK,include,video,,include:clip:1680d34e19ac,data/external/include_pose/INCLUDE/Pose_Signs/Days_and_Time/76. Week/MVI_4627.pkl,data/processed/landmarks/include/WEEK/1680d34e19ac.npz,71,0.0,0.0,0.7887,1.0,,train
ce3c2da07a64,WEEK,include,video,,include:clip:ce3c2da07a64,data/external/include_pose/INCLUDE/Pose_Signs/Days_and_Time/76. Week/MVI_4630.pkl,data/processed/landmarks/include/WEEK/ce3c2da07a64.npz,56,0.0,0.0,0.75,1.0,,train
721ab7d8c25f,HOUR,include,video,,include:clip:721ab7d8c25f,data/external/include_pose/INCLUDE/Pose_Signs/Days_and_Time/79. Hour/MVI_5052.pkl,data/processed/landmarks/include/HOUR/721ab7d8c25f.npz,52,0.0,0.0,0.9038,1.0,,train
449ddcd1d3d8,HOUR,include,video,,include:clip:449ddcd1d3d8,data/external/include_pose/INCLUDE/Pose_Signs/Days_and_Time/79. Hour/MVI_5495.pkl,data/processed/landmarks/include/HOUR/449ddcd1d3d8.npz,45,0.0,0.0,1.0,1.0,,train
46460c07db71,HOUR,include,video,,include:clip:46460c07db71,data/external/include_pose/INCLUDE/Pose_Signs/Days_and_Time/79. Hour/MVI_5050.pkl,data/processed/landmarks/include/HOUR/46460c07db71.npz,49,0.0,0.0,0.7755,1.0,,train
18cf1b7119a2,HOUR,include,video,,include:clip:18cf1b7119a2,data/external/include_pose/INCLUDE/Pose_Signs/Days_and_Time/79. Hour/MVI_5051.pkl,data/processed/landmarks/include/HOUR/18cf1b7119a2.npz,51,0.0,0.0,0.902,1.0,,train
a5cd150774b6,HOUR,include,video,,include:clip:a5cd150774b6,data/external/include_pose/INCLUDE/Pose_Signs/Days_and_Time/79. Hour/MVI_5496.pkl,data/processed/landmarks/include/HOUR/a5cd150774b6.npz,52,0.0,0.0,1.0,1.0,,train
2864adc48b7d,HOUR,include,video,,include:clip:2864adc48b7d,data/external/include_pose/INCLUDE/Pose_Signs/Days_and_Time/79. Hour/MVI_9181.pkl,data/processed/landmarks/include/HOUR/2864adc48b7d.npz,61,0.0,0.0,0.9836,1.0,,train
c650361ea9d0,HOUR,include,video,,include:clip:c650361ea9d0,data/external/include_pose/INCLUDE/Pose_Signs/Days_and_Time/79. Hour/MVI_9180.pkl,data/processed/landmarks/include/HOUR/c650361ea9d0.npz,67,0.0,0.0,0.9701,1.0,,train
e9976b9d517d,HOUR,include,video,,include:clip:e9976b9d517d,data/external/include_pose/INCLUDE/Pose_Signs/Days_and_Time/79. Hour/MVI_5498.pkl,data/processed/landmarks/include/HOUR/e9976b9d517d.npz,47,0.0,0.0,1.0,1.0,,train
b9a6381ce807,HOUR,include,video,,include:clip:b9a6381ce807,data/external/include_pose/INCLUDE/Pose_Signs/Days_and_Time/79. Hour/MVI_4642.pkl,data/processed/landmarks/include/HOUR/b9a6381ce807.npz,67,0.0,0.0,0.9254,1.0,,train
bad1c55a2ee7,HOUR,include,video,,include:clip:bad1c55a2ee7,data/external/include_pose/INCLUDE/Pose_Signs/Days_and_Time/79. Hour/MVI_4640.pkl,data/processed/landmarks/include/HOUR/bad1c55a2ee7.npz,58,0.0,0.0,0.9483,1.0,,train
4c8bbafcfd7a,HOUR,include,video,,include:clip:4c8bbafcfd7a,data/external/include_pose/INCLUDE/Pose_Signs/Days_and_Time/79. Hour/MVI_4641.pkl,data/processed/landmarks/include/HOUR/4c8bbafcfd7a.npz,54,0.0,0.0,0.9444,1.0,,train
54cb732a1e05,SATURDAY,include,video,,include:clip:54cb732a1e05,data/external/include_pose/INCLUDE/Pose_Signs/Days_and_Time/72. Saturday/MVI_5030.pkl,data/processed/landmarks/include/SATURDAY/54cb732a1e05.npz,47,0.0,0.0,1.0,1.0,,train
e0a406442f34,SATURDAY,include,video,,include:clip:e0a406442f34,data/external/include_pose/INCLUDE/Pose_Signs/Days_and_Time/72. Saturday/MVI_5027.pkl,data/processed/landmarks/include/SATURDAY/e0a406442f34.npz,44,0.0,0.0,1.0,1.0,,train
4f359b25576f,SATURDAY,include,video,,include:clip:4f359b25576f,data/external/include_pose/INCLUDE/Pose_Signs/Days_and_Time/72. Saturday/MVI_4614.pkl,data/processed/landmarks/include/SATURDAY/4f359b25576f.npz,60,0.0,0.0,1.0,1.0,,train
725279bddf53,SATURDAY,include,video,,include:clip:725279bddf53,data/external/include_pose/INCLUDE/Pose_Signs/Days_and_Time/72. Saturday/MVI_5469.pkl,data/processed/landmarks/include/SATURDAY/725279bddf53.npz,52,0.0,0.0,1.0,1.0,,train
a5d4dd4f63c0,SATURDAY,include,video,,include:clip:a5d4dd4f63c0,data/external/include_pose/INCLUDE/Pose_Signs/Days_and_Time/72. Saturday/MVI_4612.pkl,data/processed/landmarks/include/SATURDAY/a5d4dd4f63c0.npz,58,0.0,0.0,1.0,1.0,,train
e9c90c66095e,SATURDAY,include,video,,include:clip:e9c90c66095e,data/external/include_pose/INCLUDE/Pose_Signs/Days_and_Time/72. Saturday/MVI_4611.pkl,data/processed/landmarks/include/SATURDAY/e9c90c66095e.npz,61,0.0,0.0,1.0,1.0,,train
697333f159c8,SATURDAY,include,video,,include:clip:697333f159c8,data/external/include_pose/INCLUDE/Pose_Signs/Days_and_Time/72. Saturday/MVI_9157.pkl,data/processed/landmarks/include/SATURDAY/697333f159c8.npz,63,0.0,0.0,1.0,1.0,,train
c14cec840d6b,SATURDAY,include,video,,include:clip:c14cec840d6b,data/external/include_pose/INCLUDE/Pose_Signs/Days_and_Time/72. Saturday/MVI_9159.pkl,data/processed/landmarks/include/SATURDAY/c14cec840d6b.npz,68,0.0,0.0,1.0,1.0,,train
fc6ec731bb0e,SATURDAY,include,video,,include:clip:fc6ec731bb0e,data/external/include_pose/INCLUDE/Pose_Signs/Days_and_Time/72. Saturday/MVI_5467.pkl,data/processed/landmarks/include/SATURDAY/fc6ec731bb0e.npz,50,0.0,0.0,1.0,1.0,,train
82f07617d401,SATURDAY,include,video,,include:clip:82f07617d401,data/external/include_pose/INCLUDE/Pose_Signs/Days_and_Time/72. Saturday/MVI_5466.pkl,data/processed/landmarks/include/SATURDAY/82f07617d401.npz,57,0.0,0.0,1.0,1.0,,train
8b2d4d423f13,SATURDAY,include,video,,include:clip:8b2d4d423f13,data/external/include_pose/INCLUDE/Pose_Signs/Days_and_Time/72. Saturday/MVI_5028.pkl,data/processed/landmarks/include/SATURDAY/8b2d4d423f13.npz,49,0.0,0.0,1.0,1.0,,train
ebd20b85c3c4,YESTERDAY,include,video,,include:clip:ebd20b85c3c4,data/external/include_pose/INCLUDE/Pose_Signs/Days_and_Time/75. Yesterday/MVI_5480.pkl,data/processed/landmarks/include/YESTERDAY/ebd20b85c3c4.npz,42,0.0,0.0,1.0,1.0,,train
90040d4ff0c4,YESTERDAY,include,video,,include:clip:90040d4ff0c4,data/external/include_pose/INCLUDE/Pose_Signs/Days_and_Time/75. Yesterday/MVI_5481.pkl,data/processed/landmarks/include/YESTERDAY/90040d4ff0c4.npz,44,0.0,0.0,1.0,1.0,,train
8c01592da31f,YESTERDAY,include,video,,include:clip:8c01592da31f,data/external/include_pose/INCLUDE/Pose_Signs/Days_and_Time/75. Yesterday/MVI_5479.pkl,data/processed/landmarks/include/YESTERDAY/8c01592da31f.npz,43,0.0,0.0,1.0,1.0,,train
0f3c098256a1,YESTERDAY,include,video,,include:clip:0f3c098256a1,data/external/include_pose/INCLUDE/Pose_Signs/Days_and_Time/75. Yesterday/MVI_5040.pkl,data/processed/landmarks/include/YESTERDAY/0f3c098256a1.npz,46,0.0,0.0,1.0,1.0,,train
b17fef9a87e6,YESTERDAY,include,video,,include:clip:b17fef9a87e6,data/external/include_pose/INCLUDE/Pose_Signs/Days_and_Time/75. Yesterday/MVI_9168.pkl,data/processed/landmarks/include/YESTERDAY/b17fef9a87e6.npz,70,0.0,0.0,1.0,1.0,,train
ddecda86b371,YESTERDAY,include,video,,include:clip:ddecda86b371,data/external/include_pose/INCLUDE/Pose_Signs/Days_and_Time/75. Yesterday/MVI_5478.pkl,data/processed/landmarks/include/YESTERDAY/ddecda86b371.npz,40,0.0,0.0,1.0,1.0,,train
25465dcff436,YESTERDAY,include,video,,include:clip:25465dcff436,data/external/include_pose/INCLUDE/Pose_Signs/Days_and_Time/75. Yesterday/MVI_9166.pkl,data/processed/landmarks/include/YESTERDAY/25465dcff436.npz,60,0.0,0.0,1.0,1.0,,train
295645fae07f,YESTERDAY,include,video,,include:clip:295645fae07f,data/external/include_pose/INCLUDE/Pose_Signs/Days_and_Time/75. Yesterday/MVI_9167.pkl,data/processed/landmarks/include/YESTERDAY/295645fae07f.npz,68,0.0,0.0,1.0,1.0,,train
1da7d4b44435,YESTERDAY,include,video,,include:clip:1da7d4b44435,data/external/include_pose/INCLUDE/Pose_Signs/Days_and_Time/75. Yesterday/MVI_4623.pkl,data/processed/landmarks/include/YESTERDAY/1da7d4b44435.npz,50,0.0,0.0,1.0,1.0,,train
66499672f585,YESTERDAY,include,video,,include:clip:66499672f585,data/external/include_pose/INCLUDE/Pose_Signs/Days_and_Time/75. Yesterday/MVI_4626.pkl,data/processed/landmarks/include/YESTERDAY/66499672f585.npz,45,0.0,0.0,1.0,1.0,,train
25bcd7d9bffc,YESTERDAY,include,video,,include:clip:25bcd7d9bffc,data/external/include_pose/INCLUDE/Pose_Signs/Days_and_Time/75. Yesterday/MVI_5038.pkl,data/processed/landmarks/include/YESTERDAY/25bcd7d9bffc.npz,51,0.0,0.0,1.0,1.0,,train
871fab8e97ae,TIME,include,video,,include:clip:871fab8e97ae,data/external/include_pose/INCLUDE/Pose_Signs/Days_and_Time/86. Time/MVI_4667.pkl,data/processed/landmarks/include/TIME/871fab8e97ae.npz,58,0.0,0.0,0.9483,1.0,,train
7b9ecca5a9ec,TIME,include,video,,include:clip:7b9ecca5a9ec,data/external/include_pose/INCLUDE/Pose_Signs/Days_and_Time/86. Time/MVI_5078.pkl,data/processed/landmarks/include/TIME/7b9ecca5a9ec.npz,44,0.0,0.0,0.8636,1.0,,train
e3f6afd36521,TIME,include,video,,include:clip:e3f6afd36521,data/external/include_pose/INCLUDE/Pose_Signs/Days_and_Time/86. Time/MVI_5079.pkl,data/processed/landmarks/include/TIME/e3f6afd36521.npz,42,0.0,0.0,0.9762,1.0,,train
6da91412a407,TIME,include,video,,include:clip:6da91412a407,data/external/include_pose/INCLUDE/Pose_Signs/Days_and_Time/86. Time/MVI_5525.pkl,data/processed/landmarks/include/TIME/6da91412a407.npz,42,0.0,0.0,0.9762,1.0,,train
2159c3dfb917,TIME,include,video,,include:clip:2159c3dfb917,data/external/include_pose/INCLUDE/Pose_Signs/Days_and_Time/86. Time/MVI_5524.pkl,data/processed/landmarks/include/TIME/2159c3dfb917.npz,38,0.0,0.0,0.9211,1.0,,train
a6b63e9e10e2,TIME,include,video,,include:clip:a6b63e9e10e2,data/external/include_pose/INCLUDE/Pose_Signs/Days_and_Time/86. Time/MVI_5526.pkl,data/processed/landmarks/include/TIME/a6b63e9e10e2.npz,43,0.0,0.0,1.0,1.0,,train
c222c514b3f4,TIME,include,video,,include:clip:c222c514b3f4,data/external/include_pose/INCLUDE/Pose_Signs/Days_and_Time/86. Time/MVI_9204.pkl,data/processed/landmarks/include/TIME/c222c514b3f4.npz,57,0.0,0.0,0.9474,1.0,,train
4fe259f1e30a,TIME,include,video,,include:clip:4fe259f1e30a,data/external/include_pose/INCLUDE/Pose_Signs/Days_and_Time/86. Time/MVI_9203.pkl,data/processed/landmarks/include/TIME/4fe259f1e30a.npz,57,0.0,0.0,0.9649,1.0,,train
c2a24c957798,TIME,include,video,,include:clip:c2a24c957798,data/external/include_pose/INCLUDE/Pose_Signs/Days_and_Time/86. Time/MVI_5077.pkl,data/processed/landmarks/include/TIME/c2a24c957798.npz,45,0.0,0.0,0.8667,1.0,,train
e2e7fb1b0648,TIME,include,video,,include:clip:e2e7fb1b0648,data/external/include_pose/INCLUDE/Pose_Signs/Days_and_Time/86. Time/MVI_9201.pkl,data/processed/landmarks/include/TIME/e2e7fb1b0648.npz,64,0.0,0.0,0.9688,1.0,,train
7ba8a440a647,TIME,include,video,,include:clip:7ba8a440a647,data/external/include_pose/INCLUDE/Pose_Signs/Days_and_Time/86. Time/MVI_4668.pkl,data/processed/landmarks/include/TIME/7ba8a440a647.npz,59,0.0,0.0,0.8983,1.0,,train
9e8c4b581ed6,TIME,include,video,,include:clip:9e8c4b581ed6,data/external/include_pose/INCLUDE/Pose_Signs/Days_and_Time/86. Time/MVI_4669.pkl,data/processed/landmarks/include/TIME/9e8c4b581ed6.npz,73,0.0,0.0,0.9452,1.0,,train
453f40e727ea,SECOND,include,video,,include:clip:453f40e727ea,data/external/include_pose/INCLUDE/Pose_Signs/Days_and_Time/81. Second/MVI_9185.pkl,data/processed/landmarks/include/SECOND/453f40e727ea.npz,72,0.0,0.0,1.0,1.0,,train
939124af8f4e,SECOND,include,video,,include:clip:939124af8f4e,data/external/include_pose/INCLUDE/Pose_Signs/Days_and_Time/81. Second/MVI_9187.pkl,data/processed/landmarks/include/SECOND/939124af8f4e.npz,81,0.0,0.0,1.0,1.0,,train
cf5e3dacd8c2,SECOND,include,video,,include:clip:cf5e3dacd8c2,data/external/include_pose/INCLUDE/Pose_Signs/Days_and_Time/81. Second/MVI_9186.pkl,data/processed/landmarks/include/SECOND/cf5e3dacd8c2.npz,75,0.0,0.0,1.0,1.0,,train
35e125347c3f,SECOND,include,video,,include:clip:35e125347c3f,data/external/include_pose/INCLUDE/Pose_Signs/Days_and_Time/81. Second/MVI_5056.pkl,data/processed/landmarks/include/SECOND/35e125347c3f.npz,48,0.0,0.0,1.0,1.0,,train
a5d59c6bfe34,SECOND,include,video,,include:clip:a5d59c6bfe34,data/external/include_pose/INCLUDE/Pose_Signs/Days_and_Time/81. Second/MVI_9208.pkl,data/processed/landmarks/include/SECOND/a5d59c6bfe34.npz,79,0.0,0.0,0.9241,1.0,,train
3e25dbbcdd0c,SECOND,include,video,,include:clip:3e25dbbcdd0c,data/external/include_pose/INCLUDE/Pose_Signs/Days_and_Time/81. Second/MVI_5057.pkl,data/processed/landmarks/include/SECOND/3e25dbbcdd0c.npz,40,0.0,0.0,1.0,1.0,,train
d98278b4868b,SECOND,include,video,,include:clip:d98278b4868b,data/external/include_pose/INCLUDE/Pose_Signs/Days_and_Time/81. Second/MVI_9210.pkl,data/processed/landmarks/include/SECOND/d98278b4868b.npz,80,0.0,0.0,0.9875,1.0,,train
8276a6b3fb24,SECOND,include,video,,include:clip:8276a6b3fb24,data/external/include_pose/INCLUDE/Pose_Signs/Days_and_Time/81. Second/MVI_9212.pkl,data/processed/landmarks/include/SECOND/8276a6b3fb24.npz,65,0.0,0.0,1.0,1.0,,train
93051f27b6a9,SECOND,include,video,,include:clip:93051f27b6a9,data/external/include_pose/INCLUDE/Pose_Signs/Days_and_Time/81. Second/MVI_9216.pkl,data/processed/landmarks/include/SECOND/93051f27b6a9.npz,65,0.0,0.0,1.0,1.0,,train
435832704061,SECOND,include,video,,include:clip:435832704061,data/external/include_pose/INCLUDE/Pose_Signs/Days_and_Time/81. Second/MVI_9215.pkl,data/processed/landmarks/include/SECOND/435832704061.npz,67,0.0,0.0,1.0,1.0,,train
9a2b21e4e7c1,SECOND,include,video,,include:clip:9a2b21e4e7c1,data/external/include_pose/INCLUDE/Pose_Signs/Days_and_Time/81. Second/MVI_9214.pkl,data/processed/landmarks/include/SECOND/9a2b21e4e7c1.npz,66,0.0,0.0,1.0,1.0,,train
5ccd79c54a0c,YEAR,include,video,,include:clip:5ccd79c54a0c,data/external/include_pose/INCLUDE/Pose_Signs/Days_and_Time/78. Year/MVI_5494.pkl,data/processed/landmarks/include/YEAR/5ccd79c54a0c.npz,46,0.0,0.0,0.9783,1.0,,train
2c83d49107e5,YEAR,include,video,,include:clip:2c83d49107e5,data/external/include_pose/INCLUDE/Pose_Signs/Days_and_Time/78. Year/MVI_9178.pkl,data/processed/landmarks/include/YEAR/2c83d49107e5.npz,69,0.0,0.0,0.9565,1.0,,train
568b9269d6a7,YEAR,include,video,,include:clip:568b9269d6a7,data/external/include_pose/INCLUDE/Pose_Signs/Days_and_Time/78. Year/MVI_5492.pkl,data/processed/landmarks/include/YEAR/568b9269d6a7.npz,43,0.0,0.0,0.9767,1.0,,train
62ab2867f440,YEAR,include,video,,include:clip:62ab2867f440,data/external/include_pose/INCLUDE/Pose_Signs/Days_and_Time/78. Year/MVI_5493.pkl,data/processed/landmarks/include/YEAR/62ab2867f440.npz,39,0.0,0.0,0.9487,1.0,,train
fe4defd0a936,YEAR,include,video,,include:clip:fe4defd0a936,data/external/include_pose/INCLUDE/Pose_Signs/Days_and_Time/78. Year/MVI_5491.pkl,data/processed/landmarks/include/YEAR/fe4defd0a936.npz,46,0.0,0.0,1.0,1.0,,train
dfe72a80db03,YEAR,include,video,,include:clip:dfe72a80db03,data/external/include_pose/INCLUDE/Pose_Signs/Days_and_Time/78. Year/MVI_4638.pkl,data/processed/landmarks/include/YEAR/dfe72a80db03.npz,51,0.0,0.0,0.9216,1.0,,train
ee9d1ff2eeaf,YEAR,include,video,,include:clip:ee9d1ff2eeaf,data/external/include_pose/INCLUDE/Pose_Signs/Days_and_Time/78. Year/MVI_4635.pkl,data/processed/landmarks/include/YEAR/ee9d1ff2eeaf.npz,56,0.0,0.0,0.8571,1.0,,train
f9af8bb2bf97,YEAR,include,video,,include:clip:f9af8bb2bf97,data/external/include_pose/INCLUDE/Pose_Signs/Days_and_Time/78. Year/MVI_4637.pkl,data/processed/landmarks/include/YEAR/f9af8bb2bf97.npz,50,0.0,0.0,0.92,1.0,,train
f8568e5ced53,YEAR,include,video,,include:clip:f8568e5ced53,data/external/include_pose/INCLUDE/Pose_Signs/Days_and_Time/78. Year/MVI_4636.pkl,data/processed/landmarks/include/YEAR/f8568e5ced53.npz,53,0.0,0.0,0.8868,1.0,,train
15857608e6aa,YEAR,include,video,,include:clip:15857608e6aa,data/external/include_pose/INCLUDE/Pose_Signs/Days_and_Time/78. Year/MVI_5048.pkl,data/processed/landmarks/include/YEAR/15857608e6aa.npz,37,0.0,0.0,0.8378,1.0,,train
64c1db800c48,YEAR,include,video,,include:clip:64c1db800c48,data/external/include_pose/INCLUDE/Pose_Signs/Days_and_Time/78. Year/MVI_9175.pkl,data/processed/landmarks/include/YEAR/64c1db800c48.npz,60,0.0,0.0,0.9333,1.0,,train
fd92bab6c4d7,YEAR,include,video,,include:clip:fd92bab6c4d7,data/external/include_pose/INCLUDE/Pose_Signs/Days_and_Time/78. Year/MVI_9176.pkl,data/processed/landmarks/include/YEAR/fd92bab6c4d7.npz,61,0.0,0.0,0.8852,1.0,,train
a8956717d343,MONTH,include,video,,include:clip:a8956717d343,data/external/include_pose/INCLUDE/Pose_Signs/Days_and_Time/77. Month/MVI_5046.pkl,data/processed/landmarks/include/MONTH/a8956717d343.npz,40,0.0,0.0,0.775,1.0,,train
5beffa11a0c4,MONTH,include,video,,include:clip:5beffa11a0c4,data/external/include_pose/INCLUDE/Pose_Signs/Days_and_Time/77. Month/MVI_5044.pkl,data/processed/landmarks/include/MONTH/5beffa11a0c4.npz,50,0.0,0.0,0.9,1.0,,train
fe53959b5a4c,MONTH,include,video,,include:clip:fe53959b5a4c,data/external/include_pose/INCLUDE/Pose_Signs/Days_and_Time/77. Month/MVI_5045.pkl,data/processed/landmarks/include/MONTH/fe53959b5a4c.npz,49,0.0,0.0,0.8776,1.0,,train
83d288d8b745,MONTH,include,video,,include:clip:83d288d8b745,data/external/include_pose/INCLUDE/Pose_Signs/Days_and_Time/77. Month/MVI_5490.pkl,data/processed/landmarks/include/MONTH/83d288d8b745.npz,44,0.0,0.0,0.9545,1.0,,train
356e973b6965,MONTH,include,video,,include:clip:356e973b6965,data/external/include_pose/INCLUDE/Pose_Signs/Days_and_Time/77. Month/MVI_9172.pkl,data/processed/landmarks/include/MONTH/356e973b6965.npz,58,0.0,0.0,0.9483,1.0,,train
94a96f9d3b9e,MONTH,include,video,,include:clip:94a96f9d3b9e,data/external/include_pose/INCLUDE/Pose_Signs/Days_and_Time/77. Month/MVI_5489.pkl,data/processed/landmarks/include/MONTH/94a96f9d3b9e.npz,44,0.0,0.0,0.8636,1.0,,train
18dbf5d5c242,MONTH,include,video,,include:clip:18dbf5d5c242,data/external/include_pose/INCLUDE/Pose_Signs/Days_and_Time/77. Month/MVI_5488.pkl,data/processed/landmarks/include/MONTH/18dbf5d5c242.npz,43,0.0,0.0,0.9535,1.0,,train
f3b03160cc8c,MONTH,include,video,,include:clip:f3b03160cc8c,data/external/include_pose/INCLUDE/Pose_Signs/Days_and_Time/77. Month/MVI_9173.pkl,data/processed/landmarks/include/MONTH/f3b03160cc8c.npz,55,0.0,0.0,0.9091,1.0,,train
31157b51befe,MONTH,include,video,,include:clip:31157b51befe,data/external/include_pose/INCLUDE/Pose_Signs/Days_and_Time/77. Month/MVI_9174.pkl,data/processed/landmarks/include/MONTH/31157b51befe.npz,64,0.0,0.0,0.9375,1.0,,train
83ffaf603164,MONTH,include,video,,include:clip:83ffaf603164,data/external/include_pose/INCLUDE/Pose_Signs/Days_and_Time/77. Month/MVI_4632.pkl,data/processed/landmarks/include/MONTH/83ffaf603164.npz,57,0.0,0.0,0.8421,1.0,,train
4eada4b041dc,MONTH,include,video,,include:clip:4eada4b041dc,data/external/include_pose/INCLUDE/Pose_Signs/Days_and_Time/77. Month/MVI_4633.pkl,data/processed/landmarks/include/MONTH/4eada4b041dc.npz,52,0.0,0.0,0.8654,1.0,,train
9dcca5d1ca3e,MINUTE,include,video,,include:clip:9dcca5d1ca3e,data/external/include_pose/INCLUDE/Pose_Signs/Days_and_Time/80. Minute/MVI_9184.pkl,data/processed/landmarks/include/MINUTE/9dcca5d1ca3e.npz,61,0.0,0.0,1.0,1.0,,train
054f2f1cafc2,MINUTE,include,video,,include:clip:054f2f1cafc2,data/external/include_pose/INCLUDE/Pose_Signs/Days_and_Time/80. Minute/MVI_9182.pkl,data/processed/landmarks/include/MINUTE/054f2f1cafc2.npz,68,0.0,0.0,1.0,1.0,,train
1a4c67578414,MINUTE,include,video,,include:clip:1a4c67578414,data/external/include_pose/INCLUDE/Pose_Signs/Days_and_Time/80. Minute/MVI_5055.pkl,data/processed/landmarks/include/MINUTE/1a4c67578414.npz,48,0.0,0.0,1.0,1.0,,train
da12a2c0fbb9,MINUTE,include,video,,include:clip:da12a2c0fbb9,data/external/include_pose/INCLUDE/Pose_Signs/Days_and_Time/80. Minute/MVI_5054.pkl,data/processed/landmarks/include/MINUTE/da12a2c0fbb9.npz,49,0.0,0.0,1.0,1.0,,train
a8367feb2042,MINUTE,include,video,,include:clip:a8367feb2042,data/external/include_pose/INCLUDE/Pose_Signs/Days_and_Time/80. Minute/MVI_5502.pkl,data/processed/landmarks/include/MINUTE/a8367feb2042.npz,37,0.0,0.0,1.0,1.0,,train
cd493d920670,MINUTE,include,video,,include:clip:cd493d920670,data/external/include_pose/INCLUDE/Pose_Signs/Days_and_Time/80. Minute/MVI_5501.pkl,data/processed/landmarks/include/MINUTE/cd493d920670.npz,36,0.0,0.0,1.0,1.0,,train
57470bba824d,MINUTE,include,video,,include:clip:57470bba824d,data/external/include_pose/INCLUDE/Pose_Signs/Days_and_Time/80. Minute/MVI_5500.pkl,data/processed/landmarks/include/MINUTE/57470bba824d.npz,36,0.0,0.0,1.0,1.0,,train
9bef3e0abc46,MINUTE,include,video,,include:clip:9bef3e0abc46,data/external/include_pose/INCLUDE/Pose_Signs/Days_and_Time/80. Minute/MVI_5499.pkl,data/processed/landmarks/include/MINUTE/9bef3e0abc46.npz,40,0.0,0.0,1.0,1.0,,train
f90c9e5c3436,MINUTE,include,video,,include:clip:f90c9e5c3436,data/external/include_pose/INCLUDE/Pose_Signs/Days_and_Time/80. Minute/MVI_4643.pkl,data/processed/landmarks/include/MINUTE/f90c9e5c3436.npz,56,0.0,0.0,1.0,1.0,,train
73862f9eb63f,MINUTE,include,video,,include:clip:73862f9eb63f,data/external/include_pose/INCLUDE/Pose_Signs/Days_and_Time/80. Minute/MVI_4645.pkl,data/processed/landmarks/include/MINUTE/73862f9eb63f.npz,63,0.0,0.0,0.9683,1.0,,train
4cdb1f07e803,MINUTE,include,video,,include:clip:4cdb1f07e803,data/external/include_pose/INCLUDE/Pose_Signs/Days_and_Time/80. Minute/MVI_4644.pkl,data/processed/landmarks/include/MINUTE/4cdb1f07e803.npz,57,0.0,0.0,0.9825,1.0,,train
daebfe4e83b8,EVENING,include,video,,include:clip:daebfe4e83b8,data/external/include_pose/INCLUDE/Pose_Signs/Days_and_Time/84. Evening/MVI_4661.pkl,data/processed/landmarks/include/EVENING/daebfe4e83b8.npz,48,0.0,0.0,1.0,1.0,,train
e6851c20ce9e,EVENING,include,video,,include:clip:e6851c20ce9e,data/external/include_pose/INCLUDE/Pose_Signs/Days_and_Time/84. Evening/MVI_4660.pkl,data/processed/landmarks/include/EVENING/e6851c20ce9e.npz,48,0.0,0.0,0.9792,1.0,,train
ce6da4a542d9,EVENING,include,video,,include:clip:ce6da4a542d9,data/external/include_pose/INCLUDE/Pose_Signs/Days_and_Time/84. Evening/MVI_4659.pkl,data/processed/landmarks/include/EVENING/ce6da4a542d9.npz,57,0.0,0.0,0.9825,1.0,,train
4f581da1ce03,EVENING,include,video,,include:clip:4f581da1ce03,data/external/include_pose/INCLUDE/Pose_Signs/Days_and_Time/84. Evening/MVI_9196.pkl,data/processed/landmarks/include/EVENING/4f581da1ce03.npz,58,0.0,0.0,1.0,1.0,,train
07a65487c9e5,EVENING,include,video,,include:clip:07a65487c9e5,data/external/include_pose/INCLUDE/Pose_Signs/Days_and_Time/84. Evening/MVI_5519.pkl,data/processed/landmarks/include/EVENING/07a65487c9e5.npz,39,0.0,0.0,1.0,1.0,,train
859ff21a88ec,EVENING,include,video,,include:clip:859ff21a88ec,data/external/include_pose/INCLUDE/Pose_Signs/Days_and_Time/84. Evening/MVI_5518.pkl,data/processed/landmarks/include/EVENING/859ff21a88ec.npz,34,0.0,0.0,1.0,1.0,,train
10a727c2cd16,EVENING,include,video,,include:clip:10a727c2cd16,data/external/include_pose/INCLUDE/Pose_Signs/Days_and_Time/84. Evening/MVI_9195.pkl,data/processed/landmarks/include/EVENING/10a727c2cd16.npz,63,0.0,0.0,1.0,1.0,,train
a641b0acebb5,EVENING,include,video,,include:clip:a641b0acebb5,data/external/include_pose/INCLUDE/Pose_Signs/Days_and_Time/84. Evening/MVI_9194.pkl,data/processed/landmarks/include/EVENING/a641b0acebb5.npz,67,0.0,0.0,1.0,1.0,,train
88bbe78cb7d7,EVENING,include,video,,include:clip:88bbe78cb7d7,data/external/include_pose/INCLUDE/Pose_Signs/Days_and_Time/84. Evening/MVI_5517.pkl,data/processed/landmarks/include/EVENING/88bbe78cb7d7.npz,41,0.0,0.0,1.0,1.0,,train
11790fb60cab,EVENING,include,video,,include:clip:11790fb60cab,data/external/include_pose/INCLUDE/Pose_Signs/Days_and_Time/84. Evening/MVI_5071.pkl,data/processed/landmarks/include/EVENING/11790fb60cab.npz,42,0.0,0.0,1.0,1.0,,train
a018c6c6fad0,EVENING,include,video,,include:clip:a018c6c6fad0,data/external/include_pose/INCLUDE/Pose_Signs/Days_and_Time/84. Evening/MVI_5515.pkl,data/processed/landmarks/include/EVENING/a018c6c6fad0.npz,37,0.0,0.0,1.0,1.0,,train
57a21906cdf3,CAT,include,video,,include:clip:57a21906cdf3,data/external/include_pose/INCLUDE/Pose_Signs/Animals/2. Cat/MVI_2982.pkl,data/processed/landmarks/include/CAT/57a21906cdf3.npz,55,0.0,0.0,0.8364,1.0,,train
b5640749a699,CAT,include,video,,include:clip:b5640749a699,data/external/include_pose/INCLUDE/Pose_Signs/Animals/2. Cat/MVI_2983.pkl,data/processed/landmarks/include/CAT/b5640749a699.npz,81,0.0,0.0,0.9012,1.0,,train
493bc772045c,CAT,include,video,,include:clip:493bc772045c,data/external/include_pose/INCLUDE/Pose_Signs/Animals/2. Cat/MVI_3033.pkl,data/processed/landmarks/include/CAT/493bc772045c.npz,95,0.0,0.0,0.9053,1.0,,train
4f10805422be,CAT,include,video,,include:clip:4f10805422be,data/external/include_pose/INCLUDE/Pose_Signs/Animals/2. Cat/MVI_3031.pkl,data/processed/landmarks/include/CAT/4f10805422be.npz,64,0.0,0.0,0.9062,1.0,,train
8ead9cceed7d,CAT,include,video,,include:clip:8ead9cceed7d,data/external/include_pose/INCLUDE/Pose_Signs/Animals/2. Cat/MVI_4149.pkl,data/processed/landmarks/include/CAT/8ead9cceed7d.npz,61,0.0,0.0,0.9344,1.0,,train
15cef9f4cc93,CAT,include,video,,include:clip:15cef9f4cc93,data/external/include_pose/INCLUDE/Pose_Signs/Animals/2. Cat/MVI_3007.pkl,data/processed/landmarks/include/CAT/15cef9f4cc93.npz,73,0.0,0.0,0.9315,1.0,,train
554b12f85f8a,CAT,include,video,,include:clip:554b12f85f8a,data/external/include_pose/INCLUDE/Pose_Signs/Animals/2. Cat/MVI_3006.pkl,data/processed/landmarks/include/CAT/554b12f85f8a.npz,90,0.0,0.0,0.9556,1.0,,train
485d0f87fc2c,CAT,include,video,,include:clip:485d0f87fc2c,data/external/include_pose/INCLUDE/Pose_Signs/Animals/2. Cat/MVI_4150.pkl,data/processed/landmarks/include/CAT/485d0f87fc2c.npz,59,0.0,0.0,0.8814,1.0,,train
7e84dc699b94,CAT,include,video,,include:clip:7e84dc699b94,data/external/include_pose/INCLUDE/Pose_Signs/Animals/2. Cat/MVI_3005.pkl,data/processed/landmarks/include/CAT/7e84dc699b94.npz,77,0.0,0.0,0.9221,1.0,,train
71f9231411d3,CAT,include,video,,include:clip:71f9231411d3,data/external/include_pose/INCLUDE/Pose_Signs/Animals/2. Cat/MVI_3065.pkl,data/processed/landmarks/include/CAT/71f9231411d3.npz,80,0.0,0.0,0.85,1.0,,train
62ce68b7140a,CAT,include,video,,include:clip:62ce68b7140a,data/external/include_pose/INCLUDE/Pose_Signs/Animals/2. Cat/MVI_3089.pkl,data/processed/landmarks/include/CAT/62ce68b7140a.npz,80,0.0,0.0,0.7375,1.0,,train
219b308e7459,CAT,include,video,,include:clip:219b308e7459,data/external/include_pose/INCLUDE/Pose_Signs/Animals/2. Cat/MVI_3088.pkl,data/processed/landmarks/include/CAT/219b308e7459.npz,70,0.0,0.0,0.7429,1.0,,train
ef78fa6192c3,CAT,include,video,,include:clip:ef78fa6192c3,data/external/include_pose/INCLUDE/Pose_Signs/Animals/2. Cat/MVI_3063.pkl,data/processed/landmarks/include/CAT/ef78fa6192c3.npz,74,0.0,0.0,0.9189,1.0,,train
308875a1ad37,HORSE,include,video,,include:clip:308875a1ad37,data/external/include_pose/INCLUDE/Pose_Signs/Animals/7. Horse/MVI_3079.pkl,data/processed/landmarks/include/HORSE/308875a1ad37.npz,78,0.0,0.0,0.8462,1.0,,train
120a18901e69,HORSE,include,video,,include:clip:120a18901e69,data/external/include_pose/INCLUDE/Pose_Signs/Animals/7. Horse/MVI_3053.pkl,data/processed/landmarks/include/HORSE/120a18901e69.npz,71,0.0,0.0,0.9577,1.0,,train
e54f11a0880f,HORSE,include,video,,include:clip:e54f11a0880f,data/external/include_pose/INCLUDE/Pose_Signs/Animals/7. Horse/MVI_3080.pkl,data/processed/landmarks/include/HORSE/e54f11a0880f.npz,79,0.0,0.0,0.8987,1.0,,train
ec47e1e1b4ec,HORSE,include,video,,include:clip:ec47e1e1b4ec,data/external/include_pose/INCLUDE/Pose_Signs/Animals/7. Horse/MVI_3081.pkl,data/processed/landmarks/include/HORSE/ec47e1e1b4ec.npz,86,0.0,0.0,0.8605,1.0,,train
0f1a24e00d0a,HORSE,include,video,,include:clip:0f1a24e00d0a,data/external/include_pose/INCLUDE/Pose_Signs/Animals/7. Horse/MVI_3054.pkl,data/processed/landmarks/include/HORSE/0f1a24e00d0a.npz,84,0.0,0.0,0.9643,1.0,,train
9e37e3745a06,HORSE,include,video,,include:clip:9e37e3745a06,data/external/include_pose/INCLUDE/Pose_Signs/Animals/7. Horse/MVI_2997.pkl,data/processed/landmarks/include/HORSE/9e37e3745a06.npz,77,0.0,0.0,0.8571,1.0,,train
e3d0f9ce1707,HORSE,include,video,,include:clip:e3d0f9ce1707,data/external/include_pose/INCLUDE/Pose_Signs/Animals/7. Horse/MVI_4164.pkl,data/processed/landmarks/include/HORSE/e3d0f9ce1707.npz,64,0.0,0.0,0.7812,1.0,,train
72cfb677b202,HORSE,include,video,,include:clip:72cfb677b202,data/external/include_pose/INCLUDE/Pose_Signs/Animals/7. Horse/MVI_4165.pkl,data/processed/landmarks/include/HORSE/72cfb677b202.npz,58,0.0,0.0,0.9655,1.0,,train
2668a38bf873,HORSE,include,video,,include:clip:2668a38bf873,data/external/include_pose/INCLUDE/Pose_Signs/Animals/7. Horse/MVI_3022.pkl,data/processed/landmarks/include/HORSE/2668a38bf873.npz,77,0.0,0.0,0.8442,1.0,,train
660c1e962a24,HORSE,include,video,,include:clip:660c1e962a24,data/external/include_pose/INCLUDE/Pose_Signs/Animals/7. Horse/MVI_3105.pkl,data/processed/landmarks/include/HORSE/660c1e962a24.npz,64,0.0,0.0,0.6406,1.0,,train
ca149076d430,HORSE,include,video,,include:clip:ca149076d430,data/external/include_pose/INCLUDE/Pose_Signs/Animals/7. Horse/MVI_2998.pkl,data/processed/landmarks/include/HORSE/ca149076d430.npz,83,0.0,0.0,0.8554,1.0,,train
3a87718a9dcc,MOUSE,include,video,,include:clip:3a87718a9dcc,data/external/include_pose/INCLUDE/Pose_Signs/Animals/6. Mouse/MVI_2993.pkl,data/processed/landmarks/include/MOUSE/3a87718a9dcc.npz,77,0.0,0.0,0.961,1.0,,train
993f7c679e8e,MOUSE,include,video,,include:clip:993f7c679e8e,data/external/include_pose/INCLUDE/Pose_Signs/Animals/6. Mouse/MVI_3052.pkl,data/processed/landmarks/include/MOUSE/993f7c679e8e.npz,77,0.0,0.0,1.0,1.0,,train
3ac71091f964,MOUSE,include,video,,include:clip:3ac71091f964,data/external/include_pose/INCLUDE/Pose_Signs/Animals/6. Mouse/MVI_2995.pkl,data/processed/landmarks/include/MOUSE/3ac71091f964.npz,79,0.0,0.0,0.9873,1.0,,train
8147185ae906,MOUSE,include,video,,include:clip:8147185ae906,data/external/include_pose/INCLUDE/Pose_Signs/Animals/6. Mouse/MVI_2994.pkl,data/processed/landmarks/include/MOUSE/8147185ae906.npz,96,0.0,0.0,0.9688,1.0,,train
eefbcc64b034,MOUSE,include,video,,include:clip:eefbcc64b034,data/external/include_pose/INCLUDE/Pose_Signs/Animals/6. Mouse/MVI_3020.pkl,data/processed/landmarks/include/MOUSE/eefbcc64b034.npz,70,0.0,0.0,1.0,1.0,,train
8d5075fb63e9,MOUSE,include,video,,include:clip:8d5075fb63e9,data/external/include_pose/INCLUDE/Pose_Signs/Animals/6. Mouse/MVI_4161.pkl,data/processed/landmarks/include/MOUSE/8d5075fb63e9.npz,60,0.0,0.0,1.0,1.0,,train
6920b736714f,MOUSE,include,video,,include:clip:6920b736714f,data/external/include_pose/INCLUDE/Pose_Signs/Animals/6. Mouse/MVI_4162.pkl,data/processed/landmarks/include/MOUSE/6920b736714f.npz,58,0.0,0.0,1.0,1.0,,train
4808634352e4,MOUSE,include,video,,include:clip:4808634352e4,data/external/include_pose/INCLUDE/Pose_Signs/Animals/6. Mouse/MVI_4163.pkl,data/processed/landmarks/include/MOUSE/4808634352e4.npz,51,0.0,0.0,1.0,1.0,,train
9c6e4adf22a8,MOUSE,include,video,,include:clip:9c6e4adf22a8,data/external/include_pose/INCLUDE/Pose_Signs/Animals/6. Mouse/MVI_3076.pkl,data/processed/landmarks/include/MOUSE/9c6e4adf22a8.npz,79,0.0,0.0,1.0,1.0,,train
d726242d53a1,MOUSE,include,video,,include:clip:d726242d53a1,data/external/include_pose/INCLUDE/Pose_Signs/Animals/6. Mouse/MVI_3102.pkl,data/processed/landmarks/include/MOUSE/d726242d53a1.npz,58,0.0,0.0,0.7241,1.0,,train
7e049f4dca17,MOUSE,include,video,,include:clip:7e049f4dca17,data/external/include_pose/INCLUDE/Pose_Signs/Animals/6. Mouse/MVI_3077.pkl,data/processed/landmarks/include/MOUSE/7e049f4dca17.npz,97,0.0,0.0,1.0,1.0,,train
48e28d130d33,MOUSE,include,video,,include:clip:48e28d130d33,data/external/include_pose/INCLUDE/Pose_Signs/Animals/6. Mouse/MVI_3100.pkl,data/processed/landmarks/include/MOUSE/48e28d130d33.npz,59,0.0,0.0,0.678,1.0,,train
a9e01f40840d,DOG,include,video,,include:clip:a9e01f40840d,data/external/include_pose/INCLUDE/Pose_Signs/Animals/1. Dog/MVI_3086.pkl,data/processed/landmarks/include/DOG/a9e01f40840d.npz,83,0.0,0.0,0.6024,1.0,,train
bb3ee26dc4ef,DOG,include,video,,include:clip:bb3ee26dc4ef,data/external/include_pose/INCLUDE/Pose_Signs/Animals/1. Dog/MVI_2979.pkl,data/processed/landmarks/include/DOG/bb3ee26dc4ef.npz,76,0.0,0.0,0.9211,1.0,,train
e6a3796d01b5,DOG,include,video,,include:clip:e6a3796d01b5,data/external/include_pose/INCLUDE/Pose_Signs/Animals/1. Dog/MVI_3087.pkl,data/processed/landmarks/include/DOG/e6a3796d01b5.npz,75,0.0,0.0,0.6,1.0,,train
244307fd116f,DOG,include,video,,include:clip:244307fd116f,data/external/include_pose/INCLUDE/Pose_Signs/Animals/1. Dog/MVI_2980.pkl,data/processed/landmarks/include/DOG/244307fd116f.npz,89,0.0,0.0,0.9438,1.0,,train
aac3b3fc9681,DOG,include,video,,include:clip:aac3b3fc9681,data/external/include_pose/INCLUDE/Pose_Signs/Animals/1. Dog/MVI_3030.pkl,data/processed/landmarks/include/DOG/aac3b3fc9681.npz,103,0.0,0.0,0.9709,1.0,,train
542d737bfe6d,DOG,include,video,,include:clip:542d737bfe6d,data/external/include_pose/INCLUDE/Pose_Signs/Animals/1. Dog/MVI_4146.pkl,data/processed/landmarks/include/DOG/542d737bfe6d.npz,71,0.0,0.0,1.0,1.0,,train
8d0f2ce0a138,DOG,include,video,,include:clip:8d0f2ce0a138,data/external/include_pose/INCLUDE/Pose_Signs/Animals/1. Dog/MVI_4147.pkl,data/processed/landmarks/include/DOG/8d0f2ce0a138.npz,68,0.0,0.0,0.9706,1.0,,train
d08eab7a3666,DOG,include,video,,include:clip:d08eab7a3666,data/external/include_pose/INCLUDE/Pose_Signs/Animals/1. Dog/MVI_3004.pkl,data/processed/landmarks/include/DOG/d08eab7a3666.npz,87,0.0,0.0,0.931,1.0,,train
d2b37c775f1d,DOG,include,video,,include:clip:d2b37c775f1d,data/external/include_pose/INCLUDE/Pose_Signs/Animals/1. Dog/MVI_3029.pkl,data/processed/landmarks/include/DOG/d2b37c775f1d.npz,97,0.0,0.0,0.9691,1.0,,train
8b16e37a0bdf,DOG,include,video,,include:clip:8b16e37a0bdf,data/external/include_pose/INCLUDE/Pose_Signs/Animals/1. Dog/MVI_3028.pkl,data/processed/landmarks/include/DOG/8b16e37a0bdf.npz,92,0.0,0.0,0.9022,1.0,,train
3d63c488342d,DOG,include,video,,include:clip:3d63c488342d,data/external/include_pose/INCLUDE/Pose_Signs/Animals/1. Dog/MVI_3002.pkl,data/processed/landmarks/include/DOG/3d63c488342d.npz,87,0.0,0.0,0.931,1.0,,train
841b8528c938,DOG,include,video,,include:clip:841b8528c938,data/external/include_pose/INCLUDE/Pose_Signs/Animals/1. Dog/MVI_3059.pkl,data/processed/landmarks/include/DOG/841b8528c938.npz,75,0.0,0.0,0.92,1.0,,train
649813fd3d44,DOG,include,video,,include:clip:649813fd3d44,data/external/include_pose/INCLUDE/Pose_Signs/Animals/1. Dog/MVI_3061.pkl,data/processed/landmarks/include/DOG/649813fd3d44.npz,83,0.0,0.0,0.9036,1.0,,train
3e25434eb807,DOG,include,video,,include:clip:3e25434eb807,data/external/include_pose/INCLUDE/Pose_Signs/Animals/1. Dog/MVI_3060.pkl,data/processed/landmarks/include/DOG/3e25434eb807.npz,85,0.0,0.0,0.9059,1.0,,train
27fd8a255a6d,FISH,include,video,,include:clip:27fd8a255a6d,data/external/include_pose/INCLUDE/Pose_Signs/Animals/3. Fish/MVI_2986.pkl,data/processed/landmarks/include/FISH/27fd8a255a6d.npz,94,0.0,0.0,0.9574,1.0,,train
31dd33256e62,FISH,include,video,,include:clip:31dd33256e62,data/external/include_pose/INCLUDE/Pose_Signs/Animals/3. Fish/MVI_3091.pkl,data/processed/landmarks/include/FISH/31dd33256e62.npz,85,0.0,0.0,0.8706,1.0,,train
fa5c53457e1f,FISH,include,video,,include:clip:fa5c53457e1f,data/external/include_pose/INCLUDE/Pose_Signs/Animals/3. Fish/MVI_2984.pkl,data/processed/landmarks/include/FISH/fa5c53457e1f.npz,73,0.0,0.0,0.8493,1.0,,train
a2471b1a2cd1,FISH,include,video,,include:clip:a2471b1a2cd1,data/external/include_pose/INCLUDE/Pose_Signs/Animals/3. Fish/MVI_8566.pkl,data/processed/landmarks/include/FISH/a2471b1a2cd1.npz,77,0.0,0.0,0.5325,1.0,,train
a3a5679e2273,FISH,include,video,,include:clip:a3a5679e2273,data/external/include_pose/INCLUDE/Pose_Signs/Animals/3. Fish/MVI_3069.pkl,data/processed/landmarks/include/FISH/a3a5679e2273.npz,69,0.0,0.0,0.913,1.0,,train
86691b094a8a,FISH,include,video,,include:clip:86691b094a8a,data/external/include_pose/INCLUDE/Pose_Signs/Animals/3. Fish/MVI_3008.pkl,data/processed/landmarks/include/FISH/86691b094a8a.npz,112,0.0,0.0,0.9821,1.0,,train
c86926c7ecac,FISH,include,video,,include:clip:c86926c7ecac,data/external/include_pose/INCLUDE/Pose_Signs/Animals/3. Fish/MVI_3009.pkl,data/processed/landmarks/include/FISH/c86926c7ecac.npz,85,0.0,0.0,0.9529,1.0,,train
e12412f701cd,FISH,include,video,,include:clip:e12412f701cd,data/external/include_pose/INCLUDE/Pose_Signs/Animals/3. Fish/MVI_3036.pkl,data/processed/landmarks/include/FISH/e12412f701cd.npz,88,0.0,0.0,1.0,1.0,,train
3eeab0b76b79,FISH,include,video,,include:clip:3eeab0b76b79,data/external/include_pose/INCLUDE/Pose_Signs/Animals/3. Fish/MVI_4152.pkl,data/processed/landmarks/include/FISH/3eeab0b76b79.npz,65,0.0,0.0,0.9538,1.0,,train
93a9f150e103,FISH,include,video,,include:clip:93a9f150e103,data/external/include_pose/INCLUDE/Pose_Signs/Animals/3. Fish/MVI_4153.pkl,data/processed/landmarks/include/FISH/93a9f150e103.npz,65,0.0,0.0,0.9538,1.0,,train
facac0898ede,FISH,include,video,,include:clip:facac0898ede,data/external/include_pose/INCLUDE/Pose_Signs/Animals/3. Fish/MVI_3010.pkl,data/processed/landmarks/include/FISH/facac0898ede.npz,77,0.0,0.0,0.9351,1.0,,train
f61cb1ba20e0,FISH,include,video,,include:clip:f61cb1ba20e0,data/external/include_pose/INCLUDE/Pose_Signs/Animals/3. Fish/MVI_4154.pkl,data/processed/landmarks/include/FISH/f61cb1ba20e0.npz,60,0.0,0.0,0.9667,1.0,,train
d38b2e3a584a,FISH,include,video,,include:clip:d38b2e3a584a,data/external/include_pose/INCLUDE/Pose_Signs/Animals/3. Fish/MVI_3067.pkl,data/processed/landmarks/include/FISH/d38b2e3a584a.npz,83,0.0,0.0,0.9277,1.0,,train
b01688847437,BIRD,include,video,,include:clip:b01688847437,data/external/include_pose/INCLUDE/Pose_Signs/Animals/4. Bird/MVI_2987.pkl,data/processed/landmarks/include/BIRD/b01688847437.npz,76,0.0,0.0,0.9342,1.0,,train
2564f8985ad4,BIRD,include,video,,include:clip:2564f8985ad4,data/external/include_pose/INCLUDE/Pose_Signs/Animals/4. Bird/MVI_3095.pkl,data/processed/landmarks/include/BIRD/2564f8985ad4.npz,80,0.0,0.0,0.775,1.0,,train
a98a49d0745f,BIRD,include,video,,include:clip:a98a49d0745f,data/external/include_pose/INCLUDE/Pose_Signs/Animals/4. Bird/MVI_3040.pkl,data/processed/landmarks/include/BIRD/a98a49d0745f.npz,87,0.0,0.0,0.9425,1.0,,train
9e5f2efe340d,BIRD,include,video,,include:clip:9e5f2efe340d,data/external/include_pose/INCLUDE/Pose_Signs/Animals/4. Bird/MVI_3096.pkl,data/processed/landmarks/include/BIRD/9e5f2efe340d.npz,85,0.0,0.0,0.6353,1.0,,train
dd5901935bdb,BIRD,include,video,,include:clip:dd5901935bdb,data/external/include_pose/INCLUDE/Pose_Signs/Animals/4. Bird/MVI_3037.pkl,data/processed/landmarks/include/BIRD/dd5901935bdb.npz,86,0.0,0.0,0.9419,1.0,,train
9a5fb79cdca4,BIRD,include,video,,include:clip:9a5fb79cdca4,data/external/include_pose/INCLUDE/Pose_Signs/Animals/4. Bird/MVI_3012.pkl,data/processed/landmarks/include/BIRD/9a5fb79cdca4.npz,84,0.0,0.0,0.9643,1.0,,train
de960a1b998c,BIRD,include,video,,include:clip:de960a1b998c,data/external/include_pose/INCLUDE/Pose_Signs/Animals/4. Bird/Extra/MVI_3045.pkl,data/processed/landmarks/include/BIRD/de960a1b998c.npz,89,0.0,0.0,0.9326,1.0,,train
b87ebe1d7ad5,BIRD,include,video,,include:clip:b87ebe1d7ad5,data/external/include_pose/INCLUDE/Pose_Signs/Animals/4. Bird/Extra/MVI_3043.pkl,data/processed/landmarks/include/BIRD/b87ebe1d7ad5.npz,94,0.0,0.0,0.9574,1.0,,train
ff0ccca202a9,BIRD,include,video,,include:clip:ff0ccca202a9,data/external/include_pose/INCLUDE/Pose_Signs/Animals/4. Bird/Extra/MVI_3042.pkl,data/processed/landmarks/include/BIRD/ff0ccca202a9.npz,104,0.0,0.0,0.9519,1.0,,train
10131dceb0de,BIRD,include,video,,include:clip:10131dceb0de,data/external/include_pose/INCLUDE/Pose_Signs/Animals/4. Bird/Extra/MVI_3041.pkl,data/processed/landmarks/include/BIRD/10131dceb0de.npz,98,0.0,0.0,0.9388,1.0,,train
b635c0709dfb,BIRD,include,video,,include:clip:b635c0709dfb,data/external/include_pose/INCLUDE/Pose_Signs/Animals/4. Bird/MVI_3011.pkl,data/processed/landmarks/include/BIRD/b635c0709dfb.npz,71,0.0,0.0,0.9437,1.0,,train
1e304bd3e632,BIRD,include,video,,include:clip:1e304bd3e632,data/external/include_pose/INCLUDE/Pose_Signs/Animals/4. Bird/MVI_4155.pkl,data/processed/landmarks/include/BIRD/1e304bd3e632.npz,61,0.0,0.0,0.9016,1.0,,train
824487ed3bfe,BIRD,include,video,,include:clip:824487ed3bfe,data/external/include_pose/INCLUDE/Pose_Signs/Animals/4. Bird/MVI_4156.pkl,data/processed/landmarks/include/BIRD/824487ed3bfe.npz,66,0.0,0.0,0.9242,1.0,,train
0f597b4a476c,BIRD,include,video,,include:clip:0f597b4a476c,data/external/include_pose/INCLUDE/Pose_Signs/Animals/4. Bird/MVI_3070.pkl,data/processed/landmarks/include/BIRD/0f597b4a476c.npz,84,0.0,0.0,0.8929,1.0,,train
d7624ac83f6b,BIRD,include,video,,include:clip:d7624ac83f6b,data/external/include_pose/INCLUDE/Pose_Signs/Animals/4. Bird/MVI_8568.pkl,data/processed/landmarks/include/BIRD/d7624ac83f6b.npz,76,0.0,0.0,0.5789,1.0,,train
87341f837e09,BIRD,include,video,,include:clip:87341f837e09,data/external/include_pose/INCLUDE/Pose_Signs/Animals/4. Bird/MVI_3072.pkl,data/processed/landmarks/include/BIRD/87341f837e09.npz,93,0.0,0.0,0.914,1.0,,train
7a7c7d70fd1d,BIRD,include,video,,include:clip:7a7c7d70fd1d,data/external/include_pose/INCLUDE/Pose_Signs/Animals/4. Bird/MVI_2988.pkl,data/processed/landmarks/include/BIRD/7a7c7d70fd1d.npz,83,0.0,0.0,0.9277,1.0,,train
af5a0aa88e3d,BIRD,include,video,,include:clip:af5a0aa88e3d,data/external/include_pose/INCLUDE/Pose_Signs/Animals/4. Bird/MVI_2989.pkl,data/processed/landmarks/include/BIRD/af5a0aa88e3d.npz,64,0.0,0.0,0.9375,1.0,,train
0ec551906b3f,ANIMAL,include,video,,include:clip:0ec551906b3f,data/external/include_pose/INCLUDE/Pose_Signs/Animals/8. Animal/MVI_8577.pkl,data/processed/landmarks/include/ANIMAL/0ec551906b3f.npz,92,0.0,0.0,0.587,1.0,,train
0b652363ae0c,ANIMAL,include,video,,include:clip:0b652363ae0c,data/external/include_pose/INCLUDE/Pose_Signs/Animals/8. Animal/MVI_8576.pkl,data/processed/landmarks/include/ANIMAL/0b652363ae0c.npz,87,0.0,0.0,0.5977,1.0,,train
91a5f78d12c0,ANIMAL,include,video,,include:clip:91a5f78d12c0,data/external/include_pose/INCLUDE/Pose_Signs/Animals/8. Animal/MVI_3084.pkl,data/processed/landmarks/include/ANIMAL/91a5f78d12c0.npz,107,0.0,0.0,0.9439,1.0,,train
9d6c409c6b38,ANIMAL,include,video,,include:clip:9d6c409c6b38,data/external/include_pose/INCLUDE/Pose_Signs/Animals/8. Animal/MVI_3057.pkl,data/processed/landmarks/include/ANIMAL/9d6c409c6b38.npz,97,0.0,0.0,0.9485,1.0,,train
6240fc992222,ANIMAL,include,video,,include:clip:6240fc992222,data/external/include_pose/INCLUDE/Pose_Signs/Animals/8. Animal/MVI_3056.pkl,data/processed/landmarks/include/ANIMAL/6240fc992222.npz,107,0.0,0.0,0.9533,1.0,,train
3de73bf348c6,ANIMAL,include,video,,include:clip:3de73bf348c6,data/external/include_pose/INCLUDE/Pose_Signs/Animals/8. Animal/MVI_3109.pkl,data/processed/landmarks/include/ANIMAL/3de73bf348c6.npz,103,0.0,0.0,0.6408,1.0,,train
a8f431618830,ANIMAL,include,video,,include:clip:a8f431618830,data/external/include_pose/INCLUDE/Pose_Signs/Animals/8. Animal/MVI_3082.pkl,data/processed/landmarks/include/ANIMAL/a8f431618830.npz,100,0.0,0.0,0.94,1.0,,train
aea08678742a,ANIMAL,include,video,,include:clip:aea08678742a,data/external/include_pose/INCLUDE/Pose_Signs/Animals/8. Animal/MVI_3027.pkl,data/processed/landmarks/include/ANIMAL/aea08678742a.npz,106,0.0,0.0,0.9434,1.0,,train
2ea76fb120bc,ANIMAL,include,video,,include:clip:2ea76fb120bc,data/external/include_pose/INCLUDE/Pose_Signs/Animals/8. Animal/MVI_3001.pkl,data/processed/landmarks/include/ANIMAL/2ea76fb120bc.npz,104,0.0,0.0,0.8365,1.0,,train
c39e0facdfa7,ANIMAL,include,video,,include:clip:c39e0facdfa7,data/external/include_pose/INCLUDE/Pose_Signs/Animals/8. Animal/MVI_4168.pkl,data/processed/landmarks/include/ANIMAL/c39e0facdfa7.npz,79,0.0,0.0,0.8987,1.0,,train
4e0a643e90a7,ANIMAL,include,video,,include:clip:4e0a643e90a7,data/external/include_pose/INCLUDE/Pose_Signs/Animals/8. Animal/MVI_4169.pkl,data/processed/landmarks/include/ANIMAL/4e0a643e90a7.npz,77,0.0,0.0,0.8312,1.0,,train
d22997d334ac,ANIMAL,include,video,,include:clip:d22997d334ac,data/external/include_pose/INCLUDE/Pose_Signs/Animals/8. Animal/MVI_3000.pkl,data/processed/landmarks/include/ANIMAL/d22997d334ac.npz,116,0.0,0.0,0.9052,1.0,,train
793b47201683,ANIMAL,include,video,,include:clip:793b47201683,data/external/include_pose/INCLUDE/Pose_Signs/Animals/8. Animal/MVI_3058.pkl,data/processed/landmarks/include/ANIMAL/793b47201683.npz,90,0.0,0.0,0.9556,1.0,,train
9182b2ca9e1e,ANIMAL,include,video,,include:clip:9182b2ca9e1e,data/external/include_pose/INCLUDE/Pose_Signs/Animals/8. Animal/MVI_2999.pkl,data/processed/landmarks/include/ANIMAL/9182b2ca9e1e.npz,104,0.0,0.0,0.8558,1.0,,train
3cf07d2f26ff,COW,include,video,,include:clip:3cf07d2f26ff,data/external/include_pose/INCLUDE/Pose_Signs/Animals/5. Cow/MVI_2992.pkl,data/processed/landmarks/include/COW/3cf07d2f26ff.npz,91,0.0,0.0,0.9451,1.0,,train
0864e4d1b7c4,COW,include,video,,include:clip:0864e4d1b7c4,data/external/include_pose/INCLUDE/Pose_Signs/Animals/5. Cow/MVI_2990.pkl,data/processed/landmarks/include/COW/0864e4d1b7c4.npz,73,0.0,0.0,0.8767,1.0,,train
6356019c531e,COW,include,video,,include:clip:6356019c531e,data/external/include_pose/INCLUDE/Pose_Signs/Animals/5. Cow/MVI_2991.pkl,data/processed/landmarks/include/COW/6356019c531e.npz,65,0.0,0.0,0.8923,1.0,,train
0106bf68a913,COW,include,video,,include:clip:0106bf68a913,data/external/include_pose/INCLUDE/Pose_Signs/Animals/5. Cow/MVI_3097.pkl,data/processed/landmarks/include/COW/0106bf68a913.npz,76,0.0,0.0,0.8553,1.0,,train
e1debb3f2682,COW,include,video,,include:clip:e1debb3f2682,data/external/include_pose/INCLUDE/Pose_Signs/Animals/5. Cow/MVI_8570.pkl,data/processed/landmarks/include/COW/e1debb3f2682.npz,75,0.0,0.0,0.5733,1.0,,train
d250d6882065,COW,include,video,,include:clip:d250d6882065,data/external/include_pose/INCLUDE/Pose_Signs/Animals/5. Cow/MVI_4158.pkl,data/processed/landmarks/include/COW/d250d6882065.npz,59,0.0,0.0,0.8644,1.0,,train
63277832393e,COW,include,video,,include:clip:63277832393e,data/external/include_pose/INCLUDE/Pose_Signs/Animals/5. Cow/MVI_4159.pkl,data/processed/landmarks/include/COW/63277832393e.npz,50,0.0,0.0,0.9,1.0,,train
3ebb79e0afb5,COW,include,video,,include:clip:3ebb79e0afb5,data/external/include_pose/INCLUDE/Pose_Signs/Animals/5. Cow/MVI_4160.pkl,data/processed/landmarks/include/COW/3ebb79e0afb5.npz,57,0.0,0.0,0.8947,1.0,,train
da5974da048f,COW,include,video,,include:clip:da5974da048f,data/external/include_pose/INCLUDE/Pose_Signs/Animals/5. Cow/MVI_3016.pkl,data/processed/landmarks/include/COW/da5974da048f.npz,100,0.0,0.0,0.98,1.0,,train
5a732e0a1a86,COW,include,video,,include:clip:5a732e0a1a86,data/external/include_pose/INCLUDE/Pose_Signs/Animals/5. Cow/MVI_3017.pkl,data/processed/landmarks/include/COW/5a732e0a1a86.npz,91,0.0,0.0,0.9341,1.0,,train
21911a843770,COW,include,video,,include:clip:21911a843770,data/external/include_pose/INCLUDE/Pose_Signs/Animals/5. Cow/MVI_3098.pkl,data/processed/landmarks/include/COW/21911a843770.npz,77,0.0,0.0,0.8831,1.0,,train
4e6687883a42,COW,include,video,,include:clip:4e6687883a42,data/external/include_pose/INCLUDE/Pose_Signs/Animals/5. Cow/MVI_3099.pkl,data/processed/landmarks/include/COW/4e6687883a42.npz,76,0.0,0.0,0.8421,1.0,,train
eeda89ab73da,COW,include,video,,include:clip:eeda89ab73da,data/external/include_pose/INCLUDE/Pose_Signs/Animals/5. Cow/MVI_3049.pkl,data/processed/landmarks/include/COW/eeda89ab73da.npz,100,0.0,0.0,0.95,1.0,,train
90f7d9da7049,COW,include,video,,include:clip:90f7d9da7049,data/external/include_pose/INCLUDE/Pose_Signs/Animals/5. Cow/MVI_3075.pkl,data/processed/landmarks/include/COW/90f7d9da7049.npz,84,0.0,0.0,0.8929,1.0,,train
018f291b3958,FATHER,include,video,,include:clip:018f291b3958,data/external/include_pose/INCLUDE/Pose_Signs/People/61. Father/MVI_5227.pkl,data/processed/landmarks/include/FATHER/018f291b3958.npz,50,0.0,0.0,0.98,1.0,,train
2354566040be,FATHER,include,video,,include:clip:2354566040be,data/external/include_pose/INCLUDE/Pose_Signs/People/61. Father/MVI_4940.pkl,data/processed/landmarks/include/FATHER/2354566040be.npz,60,0.0,0.0,0.9833,1.0,,train
5d16dcc08645,FATHER,include,video,,include:clip:5d16dcc08645,data/external/include_pose/INCLUDE/Pose_Signs/People/61. Father/MVI_5082.pkl,data/processed/landmarks/include/FATHER/5d16dcc08645.npz,66,0.0,0.0,0.8939,1.0,,train
b96b2187e9b0,FATHER,include,video,,include:clip:b96b2187e9b0,data/external/include_pose/INCLUDE/Pose_Signs/People/61. Father/MVI_4941.pkl,data/processed/landmarks/include/FATHER/b96b2187e9b0.npz,49,0.0,0.0,0.9592,1.0,,train
53b03689fc8e,FATHER,include,video,,include:clip:53b03689fc8e,data/external/include_pose/INCLUDE/Pose_Signs/People/61. Father/MVI_5081.pkl,data/processed/landmarks/include/FATHER/53b03689fc8e.npz,60,0.0,0.0,0.9333,1.0,,train
17d5234abb05,FATHER,include,video,,include:clip:17d5234abb05,data/external/include_pose/INCLUDE/Pose_Signs/People/61. Father/MVI_5080.pkl,data/processed/landmarks/include/FATHER/17d5234abb05.npz,58,0.0,0.0,0.931,1.0,,train
1ca7806b3519,FATHER,include,video,,include:clip:1ca7806b3519,data/external/include_pose/INCLUDE/Pose_Signs/People/61. Father/MVI_4942.pkl,data/processed/landmarks/include/FATHER/1ca7806b3519.npz,59,0.0,0.0,0.9492,1.0,,train
9822af84e42d,FATHER,include,video,,include:clip:9822af84e42d,data/external/include_pose/INCLUDE/Pose_Signs/People/61. Father/MVI_3763.pkl,data/processed/landmarks/include/FATHER/9822af84e42d.npz,51,0.0,0.0,0.902,1.0,,train
aa5e37c5a3b4,FATHER,include,video,,include:clip:aa5e37c5a3b4,data/external/include_pose/INCLUDE/Pose_Signs/People/61. Father/MVI_4223.pkl,data/processed/landmarks/include/FATHER/aa5e37c5a3b4.npz,63,0.0,0.0,0.9683,1.0,,train
9dbb47e3d535,FATHER,include,video,,include:clip:9dbb47e3d535,data/external/include_pose/INCLUDE/Pose_Signs/People/61. Father/MVI_3765.pkl,data/processed/landmarks/include/FATHER/9dbb47e3d535.npz,55,0.0,0.0,0.9091,1.0,,train
2e8afa7f1d0b,FATHER,include,video,,include:clip:2e8afa7f1d0b,data/external/include_pose/INCLUDE/Pose_Signs/People/61. Father/MVI_5229.pkl,data/processed/landmarks/include/FATHER/2e8afa7f1d0b.npz,48,0.0,0.0,0.9792,1.0,,train
3379fe74b6ed,FATHER,include,video,,include:clip:3379fe74b6ed,data/external/include_pose/INCLUDE/Pose_Signs/People/61. Father/MVI_5228.pkl,data/processed/landmarks/include/FATHER/3379fe74b6ed.npz,50,0.0,0.0,0.98,1.0,,train
83345a35b897,FATHER,include,video,,include:clip:83345a35b897,data/external/include_pose/INCLUDE/Pose_Signs/People/61. Father/MVI_8626.pkl,data/processed/landmarks/include/FATHER/83345a35b897.npz,66,0.0,0.0,0.8333,1.0,,train
7d1d7b518222,FATHER,include,video,,include:clip:7d1d7b518222,data/external/include_pose/INCLUDE/Pose_Signs/People/61. Father/MVI_3909.pkl,data/processed/landmarks/include/FATHER/7d1d7b518222.npz,71,0.0,0.0,0.9577,1.0,,train
4392337cafa8,CHILD,include,video,,include:clip:4392337cafa8,data/external/include_pose/INCLUDE/Pose_Signs/People/79. Child/MVI_4116.pkl,data/processed/landmarks/include/CHILD/4392337cafa8.npz,53,0.0,0.0,1.0,1.0,,train
f43ba95334a8,CHILD,include,video,,include:clip:f43ba95334a8,data/external/include_pose/INCLUDE/Pose_Signs/People/79. Child/MVI_4117.pkl,data/processed/landmarks/include/CHILD/f43ba95334a8.npz,44,0.0,0.0,1.0,1.0,,train
3be0310144db,CHILD,include,video,,include:clip:3be0310144db,data/external/include_pose/INCLUDE/Pose_Signs/People/79. Child/MVI_4991.pkl,data/processed/landmarks/include/CHILD/3be0310144db.npz,39,0.0,0.0,1.0,1.0,,train
4f03786a0ace,CHILD,include,video,,include:clip:4f03786a0ace,data/external/include_pose/INCLUDE/Pose_Signs/People/79. Child/MVI_4992.pkl,data/processed/landmarks/include/CHILD/4f03786a0ace.npz,37,0.0,0.0,1.0,1.0,,train
fde19b519772,CHILD,include,video,,include:clip:fde19b519772,data/external/include_pose/INCLUDE/Pose_Signs/People/79. Child/MVI_3970.pkl,data/processed/landmarks/include/CHILD/fde19b519772.npz,92,0.0,0.0,1.0,1.0,,train
660e76954130,CHILD,include,video,,include:clip:660e76954130,data/external/include_pose/INCLUDE/Pose_Signs/People/79. Child/MVI_4993.pkl,data/processed/landmarks/include/CHILD/660e76954130.npz,37,0.0,0.0,1.0,1.0,,train
e7a16aba6bf9,CHILD,include,video,,include:clip:e7a16aba6bf9,data/external/include_pose/INCLUDE/Pose_Signs/People/79. Child/MVI_5294.pkl,data/processed/landmarks/include/CHILD/e7a16aba6bf9.npz,53,0.0,0.0,1.0,1.0,,train
b8f4dae51bfb,CHILD,include,video,,include:clip:b8f4dae51bfb,data/external/include_pose/INCLUDE/Pose_Signs/People/79. Child/MVI_5295.pkl,data/processed/landmarks/include/CHILD/b8f4dae51bfb.npz,49,0.0,0.0,1.0,1.0,,train
d2206730367c,CHILD,include,video,,include:clip:d2206730367c,data/external/include_pose/INCLUDE/Pose_Signs/People/79. Child/MVI_5138.pkl,data/processed/landmarks/include/CHILD/d2206730367c.npz,49,0.0,0.0,1.0,1.0,,train
705fdf98eb20,CHILD,include,video,,include:clip:705fdf98eb20,data/external/include_pose/INCLUDE/Pose_Signs/People/79. Child/MVI_3820.pkl,data/processed/landmarks/include/CHILD/705fdf98eb20.npz,58,0.0,0.0,1.0,1.0,,train
255487cfc966,CHILD,include,video,,include:clip:255487cfc966,data/external/include_pose/INCLUDE/Pose_Signs/People/79. Child/MVI_3821.pkl,data/processed/landmarks/include/CHILD/255487cfc966.npz,51,0.0,0.0,1.0,1.0,,train
ddae949f201b,CHILD,include,video,,include:clip:ddae949f201b,data/external/include_pose/INCLUDE/Pose_Signs/People/79. Child/MVI_3969.pkl,data/processed/landmarks/include/CHILD/ddae949f201b.npz,92,0.0,0.0,1.0,1.0,,train
5509f202cfc0,CHILD,include,video,,include:clip:5509f202cfc0,data/external/include_pose/INCLUDE/Pose_Signs/People/79. Child/MVI_4118.pkl,data/processed/landmarks/include/CHILD/5509f202cfc0.npz,48,0.0,0.0,1.0,1.0,,train
df3614a0e1f3,CHILD,include,video,,include:clip:df3614a0e1f3,data/external/include_pose/INCLUDE/Pose_Signs/People/79. Child/MVI_4244.pkl,data/processed/landmarks/include/CHILD/df3614a0e1f3.npz,44,0.0,0.0,1.0,1.0,,train
99787a705184,KING,include,video,,include:clip:99787a705184,data/external/include_pose/INCLUDE/Pose_Signs/People/73. King/MVI_4238.pkl,data/processed/landmarks/include/KING/99787a705184.npz,53,0.0,0.0,1.0,1.0,,train
ae72a950a2f7,KING,include,video,,include:clip:ae72a950a2f7,data/external/include_pose/INCLUDE/Pose_Signs/People/73. King/MVI_3804.pkl,data/processed/landmarks/include/KING/ae72a950a2f7.npz,51,0.0,0.0,1.0,1.0,,train
783983cfafe3,KING,include,video,,include:clip:783983cfafe3,data/external/include_pose/INCLUDE/Pose_Signs/People/73. King/MVI_4968.pkl,data/processed/landmarks/include/KING/783983cfafe3.npz,49,0.0,0.0,1.0,1.0,,train
08f062f18bd2,KING,include,video,,include:clip:08f062f18bd2,data/external/include_pose/INCLUDE/Pose_Signs/People/73. King/MVI_5120.pkl,data/processed/landmarks/include/KING/08f062f18bd2.npz,62,0.0,0.0,1.0,1.0,,train
d1c5ce77020f,KING,include,video,,include:clip:d1c5ce77020f,data/external/include_pose/INCLUDE/Pose_Signs/People/73. King/MVI_4969.pkl,data/processed/landmarks/include/KING/d1c5ce77020f.npz,53,0.0,0.0,1.0,1.0,,train
d180b50ef173,KING,include,video,,include:clip:d180b50ef173,data/external/include_pose/INCLUDE/Pose_Signs/People/73. King/MVI_5122.pkl,data/processed/landmarks/include/KING/d180b50ef173.npz,65,0.0,0.0,0.8308,1.0,,train
c1dec7e1dd64,KING,include,video,,include:clip:c1dec7e1dd64,data/external/include_pose/INCLUDE/Pose_Signs/People/73. King/MVI_5268.pkl,data/processed/landmarks/include/KING/c1dec7e1dd64.npz,56,0.0,0.0,1.0,1.0,,train
1647fcffec0d,KING,include,video,,include:clip:1647fcffec0d,data/external/include_pose/INCLUDE/Pose_Signs/People/73. King/MVI_3802.pkl,data/processed/landmarks/include/KING/1647fcffec0d.npz,69,0.0,0.0,1.0,1.0,,train
348af1c4279f,KING,include,video,,include:clip:348af1c4279f,data/external/include_pose/INCLUDE/Pose_Signs/People/73. King/MVI_3803.pkl,data/processed/landmarks/include/KING/348af1c4279f.npz,57,0.0,0.0,1.0,1.0,,train
8e727a74c314,KING,include,video,,include:clip:8e727a74c314,data/external/include_pose/INCLUDE/Pose_Signs/People/73. King/MVI_3952.pkl,data/processed/landmarks/include/KING/8e727a74c314.npz,73,0.0,0.0,1.0,1.0,,train
e6eb2502b190,KING,include,video,,include:clip:e6eb2502b190,data/external/include_pose/INCLUDE/Pose_Signs/People/73. King/MVI_8640.pkl,data/processed/landmarks/include/KING/e6eb2502b190.npz,66,0.0,0.0,0.803,1.0,,train
16bcc57058f2,KING,include,video,,include:clip:16bcc57058f2,data/external/include_pose/INCLUDE/Pose_Signs/People/73. King/MVI_3951.pkl,data/processed/landmarks/include/KING/16bcc57058f2.npz,87,0.0,0.0,1.0,1.0,,train
6af02770b989,KING,include,video,,include:clip:6af02770b989,data/external/include_pose/INCLUDE/Pose_Signs/People/73. King/MVI_3950.pkl,data/processed/landmarks/include/KING/6af02770b989.npz,72,0.0,0.0,1.0,1.0,,train
fcfddbb77954,KING,include,video,,include:clip:fcfddbb77954,data/external/include_pose/INCLUDE/Pose_Signs/People/73. King/MVI_4096.pkl,data/processed/landmarks/include/KING/fcfddbb77954.npz,69,0.0,0.0,1.0,1.0,,train
ce0686a3ce88,WIFE,include,video,,include:clip:ce0686a3ce88,data/external/include_pose/INCLUDE/Pose_Signs/People/72. Wife/MVI_8639.pkl,data/processed/landmarks/include/WIFE/ce0686a3ce88.npz,61,0.0,0.0,0.8197,1.0,,train
92886310dc02,WIFE,include,video,,include:clip:92886310dc02,data/external/include_pose/INCLUDE/Pose_Signs/People/72. Wife/MVI_5119.pkl,data/processed/landmarks/include/WIFE/92886310dc02.npz,59,0.0,0.0,0.8305,1.0,,train
7a0c3a39ebdf,WIFE,include,video,,include:clip:7a0c3a39ebdf,data/external/include_pose/INCLUDE/Pose_Signs/People/72. Wife/MVI_3949.pkl,data/processed/landmarks/include/WIFE/7a0c3a39ebdf.npz,69,0.0,0.0,0.9275,1.0,,train
c29dcc3d757e,WIFE,include,video,,include:clip:c29dcc3d757e,data/external/include_pose/INCLUDE/Pose_Signs/People/72. Wife/MVI_3801.pkl,data/processed/landmarks/include/WIFE/c29dcc3d757e.npz,51,0.0,0.0,0.8431,1.0,,train
051dec1af6b1,WIFE,include,video,,include:clip:051dec1af6b1,data/external/include_pose/INCLUDE/Pose_Signs/People/72. Wife/MVI_3948.pkl,data/processed/landmarks/include/WIFE/051dec1af6b1.npz,67,0.0,0.0,0.9403,1.0,,train
1b051b310eb2,WIFE,include,video,,include:clip:1b051b310eb2,data/external/include_pose/INCLUDE/Pose_Signs/People/72. Wife/MVI_3947.pkl,data/processed/landmarks/include/WIFE/1b051b310eb2.npz,64,0.0,0.0,0.9531,1.0,,train
17f2a96db53a,WIFE,include,video,,include:clip:17f2a96db53a,data/external/include_pose/INCLUDE/Pose_Signs/People/72. Wife/MVI_4964.pkl,data/processed/landmarks/include/WIFE/17f2a96db53a.npz,46,0.0,0.0,1.0,1.0,,train
61c69e8e83b7,WIFE,include,video,,include:clip:61c69e8e83b7,data/external/include_pose/INCLUDE/Pose_Signs/People/72. Wife/MVI_5266.pkl,data/processed/landmarks/include/WIFE/61c69e8e83b7.npz,60,0.0,0.0,0.8667,1.0,,train
43b9ed76f02a,WIFE,include,video,,include:clip:43b9ed76f02a,data/external/include_pose/INCLUDE/Pose_Signs/People/72. Wife/MVI_4965.pkl,data/processed/landmarks/include/WIFE/43b9ed76f02a.npz,50,0.0,0.0,0.92,1.0,,train
b40f0fc7deed,WIFE,include,video,,include:clip:b40f0fc7deed,data/external/include_pose/INCLUDE/Pose_Signs/People/72. Wife/MVI_4237.pkl,data/processed/landmarks/include/WIFE/b40f0fc7deed.npz,53,0.0,0.0,0.9623,1.0,,train
b4a968b27c77,WIFE,include,video,,include:clip:b4a968b27c77,data/external/include_pose/INCLUDE/Pose_Signs/People/72. Wife/MVI_5117.pkl,data/processed/landmarks/include/WIFE/b4a968b27c77.npz,75,0.0,0.0,0.8667,1.0,,train
c8f4198f2657,WIFE,include,video,,include:clip:c8f4198f2657,data/external/include_pose/INCLUDE/Pose_Signs/People/72. Wife/MVI_4093.pkl,data/processed/landmarks/include/WIFE/c8f4198f2657.npz,69,0.0,0.0,0.9275,1.0,,train
a536281c602e,WIFE,include,video,,include:clip:a536281c602e,data/external/include_pose/INCLUDE/Pose_Signs/People/72. Wife/MVI_4094.pkl,data/processed/landmarks/include/WIFE/a536281c602e.npz,62,0.0,0.0,0.9032,1.0,,train
3a2b6a368912,WIFE,include,video,,include:clip:3a2b6a368912,data/external/include_pose/INCLUDE/Pose_Signs/People/72. Wife/MVI_4095.pkl,data/processed/landmarks/include/WIFE/3a2b6a368912.npz,68,0.0,0.0,0.9265,1.0,,train
a06e42467e67,WOMAN,include,video,,include:clip:a06e42467e67,data/external/include_pose/INCLUDE/Pose_Signs/People/65. Woman/MVI_4073.pkl,data/processed/landmarks/include/WOMAN/a06e42467e67.npz,49,0.0,0.0,1.0,1.0,,train
25fd1e79c259,WOMAN,include,video,,include:clip:25fd1e79c259,data/external/include_pose/INCLUDE/Pose_Signs/People/65. Woman/MVI_4074.pkl,data/processed/landmarks/include/WOMAN/25fd1e79c259.npz,51,0.0,0.0,1.0,1.0,,train
70940b8f06fb,WOMAN,include,video,,include:clip:70940b8f06fb,data/external/include_pose/INCLUDE/Pose_Signs/People/65. Woman/MVI_5093.pkl,data/processed/landmarks/include/WOMAN/70940b8f06fb.npz,65,0.0,0.0,0.9692,1.0,,train
b9d40d521b2a,WOMAN,include,video,,include:clip:b9d40d521b2a,data/external/include_pose/INCLUDE/Pose_Signs/People/65. Woman/MVI_5092.pkl,data/processed/landmarks/include/WOMAN/b9d40d521b2a.npz,56,0.0,0.0,0.9821,1.0,,train
bf6e68956305,WOMAN,include,video,,include:clip:bf6e68956305,data/external/include_pose/INCLUDE/Pose_Signs/People/65. Woman/MVI_4954.pkl,data/processed/landmarks/include/WOMAN/bf6e68956305.npz,50,0.0,0.0,1.0,1.0,,train
0973caf063b1,WOMAN,include,video,,include:clip:0973caf063b1,data/external/include_pose/INCLUDE/Pose_Signs/People/65. Woman/MVI_5242.pkl,data/processed/landmarks/include/WOMAN/0973caf063b1.npz,43,0.0,0.0,1.0,1.0,,train
bb4222a177c8,WOMAN,include,video,,include:clip:bb4222a177c8,data/external/include_pose/INCLUDE/Pose_Signs/People/65. Woman/MVI_5240.pkl,data/processed/landmarks/include/WOMAN/bb4222a177c8.npz,61,0.0,0.0,1.0,1.0,,train
0f4e1ac2b8b3,WOMAN,include,video,,include:clip:0f4e1ac2b8b3,data/external/include_pose/INCLUDE/Pose_Signs/People/65. Woman/MVI_5241.pkl,data/processed/landmarks/include/WOMAN/0f4e1ac2b8b3.npz,61,0.0,0.0,1.0,1.0,,train
32120c39d050,WOMAN,include,video,,include:clip:32120c39d050,data/external/include_pose/INCLUDE/Pose_Signs/People/65. Woman/MVI_3775.pkl,data/processed/landmarks/include/WOMAN/32120c39d050.npz,53,0.0,0.0,1.0,1.0,,train
258a25e5f367,WOMAN,include,video,,include:clip:258a25e5f367,data/external/include_pose/INCLUDE/Pose_Signs/People/65. Woman/MVI_3776.pkl,data/processed/landmarks/include/WOMAN/258a25e5f367.npz,48,0.0,0.0,1.0,1.0,,train
679c7f0fc8ad,WOMAN,include,video,,include:clip:679c7f0fc8ad,data/external/include_pose/INCLUDE/Pose_Signs/People/65. Woman/MVI_3925.pkl,data/processed/landmarks/include/WOMAN/679c7f0fc8ad.npz,64,0.0,0.0,1.0,1.0,,train
b2bbd6a629a7,WOMAN,include,video,,include:clip:b2bbd6a629a7,data/external/include_pose/INCLUDE/Pose_Signs/People/65. Woman/MVI_3924.pkl,data/processed/landmarks/include/WOMAN/b2bbd6a629a7.npz,70,0.0,0.0,1.0,1.0,,train
a546ae55d2f7,WOMAN,include,video,,include:clip:a546ae55d2f7,data/external/include_pose/INCLUDE/Pose_Signs/People/65. Woman/MVI_3926.pkl,data/processed/landmarks/include/WOMAN/a546ae55d2f7.npz,57,0.0,0.0,1.0,1.0,,train
bec6b46fced4,WOMAN,include,video,,include:clip:bec6b46fced4,data/external/include_pose/INCLUDE/Pose_Signs/People/65. Woman/MVI_8630.pkl,data/processed/landmarks/include/WOMAN/bec6b46fced4.npz,56,0.0,0.0,0.625,1.0,,train
a421bdf2db77,BROTHER,include,video,,include:clip:a421bdf2db77,data/external/include_pose/INCLUDE/Pose_Signs/People/66. Brother/MVI_4077.pkl,data/processed/landmarks/include/BROTHER/a421bdf2db77.npz,53,0.0,0.0,1.0,1.0,,train
7172faaf538f,BROTHER,include,video,,include:clip:7172faaf538f,data/external/include_pose/INCLUDE/Pose_Signs/People/66. Brother/MVI_3929.pkl,data/processed/landmarks/include/BROTHER/7172faaf538f.npz,72,0.0,0.0,1.0,1.0,,train
3a129ea1a008,BROTHER,include,video,,include:clip:3a129ea1a008,data/external/include_pose/INCLUDE/Pose_Signs/People/66. Brother/MVI_5245.pkl,data/processed/landmarks/include/BROTHER/3a129ea1a008.npz,62,0.0,0.0,1.0,1.0,,train
d4609bb1067e,BROTHER,include,video,,include:clip:d4609bb1067e,data/external/include_pose/INCLUDE/Pose_Signs/People/66. Brother/MVI_5244.pkl,data/processed/landmarks/include/BROTHER/d4609bb1067e.npz,61,0.0,0.0,1.0,1.0,,train
27ccd8103f6e,BROTHER,include,video,,include:clip:27ccd8103f6e,data/external/include_pose/INCLUDE/Pose_Signs/People/66. Brother/MVI_3780.pkl,data/processed/landmarks/include/BROTHER/27ccd8103f6e.npz,58,0.0,0.0,1.0,1.0,,train
19e457b6ca20,BROTHER,include,video,,include:clip:19e457b6ca20,data/external/include_pose/INCLUDE/Pose_Signs/People/66. Brother/MVI_3781.pkl,data/processed/landmarks/include/BROTHER/19e457b6ca20.npz,61,0.0,0.0,1.0,1.0,,train
3caf3e4e62c3,BROTHER,include,video,,include:clip:3caf3e4e62c3,data/external/include_pose/INCLUDE/Pose_Signs/People/66. Brother/MVI_5243.pkl,data/processed/landmarks/include/BROTHER/3caf3e4e62c3.npz,57,0.0,0.0,1.0,1.0,,train
4da6a87cf8c6,BROTHER,include,video,,include:clip:4da6a87cf8c6,data/external/include_pose/INCLUDE/Pose_Signs/People/66. Brother/MVI_5097.pkl,data/processed/landmarks/include/BROTHER/4da6a87cf8c6.npz,67,0.0,0.0,0.9701,1.0,,train
bf6d6701c38d,BROTHER,include,video,,include:clip:bf6d6701c38d,data/external/include_pose/INCLUDE/Pose_Signs/People/66. Brother/MVI_3779.pkl,data/processed/landmarks/include/BROTHER/bf6d6701c38d.npz,57,0.0,0.0,1.0,1.0,,train
16fb270c51e2,BROTHER,include,video,,include:clip:16fb270c51e2,data/external/include_pose/INCLUDE/Pose_Signs/People/66. Brother/MVI_4957.pkl,data/processed/landmarks/include/BROTHER/16fb270c51e2.npz,54,0.0,0.0,1.0,1.0,,train
9ca89311eb1c,BROTHER,include,video,,include:clip:9ca89311eb1c,data/external/include_pose/INCLUDE/Pose_Signs/People/66. Brother/MVI_4956.pkl,data/processed/landmarks/include/BROTHER/9ca89311eb1c.npz,52,0.0,0.0,1.0,1.0,,train
db023d95d825,BROTHER,include,video,,include:clip:db023d95d825,data/external/include_pose/INCLUDE/Pose_Signs/People/66. Brother/MVI_3778.pkl,data/processed/landmarks/include/BROTHER/db023d95d825.npz,59,0.0,0.0,1.0,1.0,,train
5d1a77d85606,BROTHER,include,video,,include:clip:5d1a77d85606,data/external/include_pose/INCLUDE/Pose_Signs/People/66. Brother/MVI_4230.pkl,data/processed/landmarks/include/BROTHER/5d1a77d85606.npz,51,0.0,0.0,1.0,1.0,,train
acad286c3f7f,BROTHER,include,video,,include:clip:acad286c3f7f,data/external/include_pose/INCLUDE/Pose_Signs/People/66. Brother/MVI_8631.pkl,data/processed/landmarks/include/BROTHER/acad286c3f7f.npz,63,0.0,0.0,0.7143,1.0,,train
acbbf07d1409,PLAYER,include,video,,include:clip:acbbf07d1409,data/external/include_pose/INCLUDE/Pose_Signs/People/82. Player/MVI_5150.pkl,data/processed/landmarks/include/PLAYER/acbbf07d1409.npz,72,0.0,0.0,0.9444,1.0,,train
55bbb4640466,PLAYER,include,video,,include:clip:55bbb4640466,data/external/include_pose/INCLUDE/Pose_Signs/People/82. Player/MVI_3829.pkl,data/processed/landmarks/include/PLAYER/55bbb4640466.npz,62,0.0,0.0,0.9516,1.0,,train
c55c3e82cf3a,PLAYER,include,video,,include:clip:c55c3e82cf3a,data/external/include_pose/INCLUDE/Pose_Signs/People/82. Player/MVI_5305.pkl,data/processed/landmarks/include/PLAYER/c55c3e82cf3a.npz,59,0.0,0.0,0.9831,1.0,,train
27f009239c4c,PLAYER,include,video,,include:clip:27f009239c4c,data/external/include_pose/INCLUDE/Pose_Signs/People/82. Player/MVI_3831.pkl,data/processed/landmarks/include/PLAYER/27f009239c4c.npz,67,0.0,0.0,0.9701,1.0,,train
57cb5d55e75c,PLAYER,include,video,,include:clip:57cb5d55e75c,data/external/include_pose/INCLUDE/Pose_Signs/People/82. Player/MVI_5303.pkl,data/processed/landmarks/include/PLAYER/57cb5d55e75c.npz,56,0.0,0.0,0.9821,1.0,,train
f41941bc2198,PLAYER,include,video,,include:clip:f41941bc2198,data/external/include_pose/INCLUDE/Pose_Signs/People/82. Player/MVI_3980.pkl,data/processed/landmarks/include/PLAYER/f41941bc2198.npz,71,0.0,0.0,0.9718,1.0,,train
ecad0c417956,PLAYER,include,video,,include:clip:ecad0c417956,data/external/include_pose/INCLUDE/Pose_Signs/People/82. Player/MVI_4247.pkl,data/processed/landmarks/include/PLAYER/ecad0c417956.npz,60,0.0,0.0,0.9667,1.0,,train
68a6d3c7a382,PLAYER,include,video,,include:clip:68a6d3c7a382,data/external/include_pose/INCLUDE/Pose_Signs/People/82. Player/MVI_4125.pkl,data/processed/landmarks/include/PLAYER/68a6d3c7a382.npz,58,0.0,0.0,0.9655,1.0,,train
353b5bc8538a,PLAYER,include,video,,include:clip:353b5bc8538a,data/external/include_pose/INCLUDE/Pose_Signs/People/82. Player/MVI_4126.pkl,data/processed/landmarks/include/PLAYER/353b5bc8538a.npz,62,0.0,0.0,0.9677,1.0,,train
7b35e7141bf3,PLAYER,include,video,,include:clip:7b35e7141bf3,data/external/include_pose/INCLUDE/Pose_Signs/People/82. Player/MVI_5002.pkl,data/processed/landmarks/include/PLAYER/7b35e7141bf3.npz,52,0.0,0.0,1.0,1.0,,train
4f3e6d752931,PLAYER,include,video,,include:clip:4f3e6d752931,data/external/include_pose/INCLUDE/Pose_Signs/People/82. Player/MVI_5148.pkl,data/processed/landmarks/include/PLAYER/4f3e6d752931.npz,63,0.0,0.0,0.9524,1.0,,train
c2333f7788e0,PLAYER,include,video,,include:clip:c2333f7788e0,data/external/include_pose/INCLUDE/Pose_Signs/People/82. Player/MVI_5000.pkl,data/processed/landmarks/include/PLAYER/c2333f7788e0.npz,57,0.0,0.0,1.0,1.0,,train
1e76a563834e,PLAYER,include,video,,include:clip:1e76a563834e,data/external/include_pose/INCLUDE/Pose_Signs/People/82. Player/MVI_5001.pkl,data/processed/landmarks/include/PLAYER/1e76a563834e.npz,66,0.0,0.0,1.0,1.0,,train
168dbbf2f1cc,PLAYER,include,video,,include:clip:168dbbf2f1cc,data/external/include_pose/INCLUDE/Pose_Signs/People/82. Player/MVI_5149.pkl,data/processed/landmarks/include/PLAYER/168dbbf2f1cc.npz,61,0.0,0.0,0.9016,1.0,,train
a50a7590c2d3,MAN,include,video,,include:clip:a50a7590c2d3,data/external/include_pose/INCLUDE/Pose_Signs/People/64. Man/MVI_4070.pkl,data/processed/landmarks/include/MAN/a50a7590c2d3.npz,56,0.0,0.0,1.0,1.0,,train
1a9074a00575,MAN,include,video,,include:clip:1a9074a00575,data/external/include_pose/INCLUDE/Pose_Signs/People/64. Man/MVI_8629.pkl,data/processed/landmarks/include/MAN/1a9074a00575.npz,56,0.0,0.0,0.8929,1.0,,train
e012563d4c4d,MAN,include,video,,include:clip:e012563d4c4d,data/external/include_pose/INCLUDE/Pose_Signs/People/64. Man/MVI_5237.pkl,data/processed/landmarks/include/MAN/e012563d4c4d.npz,62,0.0,0.0,1.0,1.0,,train
43a54a19b6e2,MAN,include,video,,include:clip:43a54a19b6e2,data/external/include_pose/INCLUDE/Pose_Signs/People/64. Man/MVI_5090.pkl,data/processed/landmarks/include/MAN/43a54a19b6e2.npz,50,0.0,0.0,1.0,1.0,,train
ecde2b14ec05,MAN,include,video,,include:clip:ecde2b14ec05,data/external/include_pose/INCLUDE/Pose_Signs/People/64. Man/MVI_5091.pkl,data/processed/landmarks/include/MAN/ecde2b14ec05.npz,60,0.0,0.0,1.0,1.0,,train
f4fdae4ab32d,MAN,include,video,,include:clip:f4fdae4ab32d,data/external/include_pose/INCLUDE/Pose_Signs/People/64. Man/MVI_4950.pkl,data/processed/landmarks/include/MAN/f4fdae4ab32d.npz,40,0.0,0.0,1.0,1.0,,train
1693f72519d9,MAN,include,video,,include:clip:1693f72519d9,data/external/include_pose/INCLUDE/Pose_Signs/People/64. Man/MVI_3773.pkl,data/processed/landmarks/include/MAN/1693f72519d9.npz,51,0.0,0.0,1.0,1.0,,train
488b0840caf2,MAN,include,video,,include:clip:488b0840caf2,data/external/include_pose/INCLUDE/Pose_Signs/People/64. Man/MVI_4949.pkl,data/processed/landmarks/include/MAN/488b0840caf2.npz,52,0.0,0.0,1.0,1.0,,train
32a91065b66e,MAN,include,video,,include:clip:32a91065b66e,data/external/include_pose/INCLUDE/Pose_Signs/People/64. Man/MVI_3772.pkl,data/processed/landmarks/include/MAN/32a91065b66e.npz,64,0.0,0.0,1.0,1.0,,train
7808fd7a80de,MAN,include,video,,include:clip:7808fd7a80de,data/external/include_pose/INCLUDE/Pose_Signs/People/64. Man/MVI_5089.pkl,data/processed/landmarks/include/MAN/7808fd7a80de.npz,56,0.0,0.0,0.9821,1.0,,train
217fff97a81c,MAN,include,video,,include:clip:217fff97a81c,data/external/include_pose/INCLUDE/Pose_Signs/People/64. Man/MVI_3923.pkl,data/processed/landmarks/include/MAN/217fff97a81c.npz,60,0.0,0.0,1.0,1.0,,train
390d5d6e01c3,MAN,include,video,,include:clip:390d5d6e01c3,data/external/include_pose/INCLUDE/Pose_Signs/People/64. Man/MVI_3922.pkl,data/processed/landmarks/include/MAN/390d5d6e01c3.npz,77,0.0,0.0,1.0,1.0,,train
68fc3f1cd7fb,MAN,include,video,,include:clip:68fc3f1cd7fb,data/external/include_pose/INCLUDE/Pose_Signs/People/64. Man/MVI_3921.pkl,data/processed/landmarks/include/MAN/68fc3f1cd7fb.npz,67,0.0,0.0,1.0,1.0,,train
0c927f376528,MAN,include,video,,include:clip:0c927f376528,data/external/include_pose/INCLUDE/Pose_Signs/People/64. Man/MVI_4069.pkl,data/processed/landmarks/include/MAN/0c927f376528.npz,63,0.0,0.0,1.0,1.0,,train
5eac2f4ca755,HUSBAND,include,video,,include:clip:5eac2f4ca755,data/external/include_pose/INCLUDE/Pose_Signs/People/71. Husband/MVI_3797.pkl,data/processed/landmarks/include/HUSBAND/5eac2f4ca755.npz,55,0.0,0.0,0.7636,1.0,,train
7ead0a603708,HUSBAND,include,video,,include:clip:7ead0a603708,data/external/include_pose/INCLUDE/Pose_Signs/People/71. Husband/MVI_3796.pkl,data/processed/landmarks/include/HUSBAND/7ead0a603708.npz,51,0.0,0.0,0.8431,1.0,,train
be579e4fb107,HUSBAND,include,video,,include:clip:be579e4fb107,data/external/include_pose/INCLUDE/Pose_Signs/People/71. Husband/MVI_5112.pkl,data/processed/landmarks/include/HUSBAND/be579e4fb107.npz,63,0.0,0.0,0.8571,1.0,,train
18f227be2480,HUSBAND,include,video,,include:clip:18f227be2480,data/external/include_pose/INCLUDE/Pose_Signs/People/71. Husband/MVI_5113.pkl,data/processed/landmarks/include/HUSBAND/18f227be2480.npz,60,0.0,0.0,0.8,1.0,,train
7c86ba5718f0,HUSBAND,include,video,,include:clip:7c86ba5718f0,data/external/include_pose/INCLUDE/Pose_Signs/People/71. Husband/MVI_3945.pkl,data/processed/landmarks/include/HUSBAND/7c86ba5718f0.npz,74,0.0,0.0,0.973,1.0,,train
19198d91864d,HUSBAND,include,video,,include:clip:19198d91864d,data/external/include_pose/INCLUDE/Pose_Signs/People/71. Husband/MVI_3944.pkl,data/processed/landmarks/include/HUSBAND/19198d91864d.npz,75,0.0,0.0,0.9867,1.0,,train
01b68dfa17a9,HUSBAND,include,video,,include:clip:01b68dfa17a9,data/external/include_pose/INCLUDE/Pose_Signs/People/71. Husband/MVI_4236.pkl,data/processed/landmarks/include/HUSBAND/01b68dfa17a9.npz,68,0.0,0.0,0.9706,1.0,,train
8ef0269a4903,HUSBAND,include,video,,include:clip:8ef0269a4903,data/external/include_pose/INCLUDE/Pose_Signs/People/71. Husband/MVI_5262.pkl,data/processed/landmarks/include/HUSBAND/8ef0269a4903.npz,45,0.0,0.0,0.9111,1.0,,train
0c53297db0d6,HUSBAND,include,video,,include:clip:0c53297db0d6,data/external/include_pose/INCLUDE/Pose_Signs/People/71. Husband/MVI_5263.pkl,data/processed/landmarks/include/HUSBAND/0c53297db0d6.npz,56,0.0,0.0,0.9464,1.0,,train
7710e474bda2,HUSBAND,include,video,,include:clip:7710e474bda2,data/external/include_pose/INCLUDE/Pose_Signs/People/71. Husband/MVI_3943.pkl,data/processed/landmarks/include/HUSBAND/7710e474bda2.npz,79,0.0,0.0,0.9494,1.0,,train
3607e711defe,HUSBAND,include,video,,include:clip:3607e711defe,data/external/include_pose/INCLUDE/Pose_Signs/People/71. Husband/MVI_4962.pkl,data/processed/landmarks/include/HUSBAND/3607e711defe.npz,54,0.0,0.0,0.8519,1.0,,train
09c546a7b77c,HUSBAND,include,video,,include:clip:09c546a7b77c,data/external/include_pose/INCLUDE/Pose_Signs/People/71. Husband/MVI_4963.pkl,data/processed/landmarks/include/HUSBAND/09c546a7b77c.npz,58,0.0,0.0,0.8966,1.0,,train
93c788b4988d,HUSBAND,include,video,,include:clip:93c788b4988d,data/external/include_pose/INCLUDE/Pose_Signs/People/71. Husband/MVI_4091.pkl,data/processed/landmarks/include/HUSBAND/93c788b4988d.npz,66,0.0,0.0,0.9394,1.0,,train
8667889552a8,HUSBAND,include,video,,include:clip:8667889552a8,data/external/include_pose/INCLUDE/Pose_Signs/People/71. Husband/MVI_4090.pkl,data/processed/landmarks/include/HUSBAND/8667889552a8.npz,65,0.0,0.0,0.9538,1.0,,train
48b04627df19,FAMILY,include,video,,include:clip:48b04627df19,data/external/include_pose/INCLUDE/Pose_Signs/People/68. Family/MVI_5251.pkl,data/processed/landmarks/include/FAMILY/48b04627df19.npz,53,0.0,0.0,1.0,1.0,,train
738c71fd8e66,FAMILY,include,video,,include:clip:738c71fd8e66,data/external/include_pose/INCLUDE/Pose_Signs/People/68. Family/MVI_5250.pkl,data/processed/landmarks/include/FAMILY/738c71fd8e66.npz,57,0.0,0.0,1.0,1.0,,train
cbde12b6ac86,FAMILY,include,video,,include:clip:cbde12b6ac86,data/external/include_pose/INCLUDE/Pose_Signs/People/68. Family/MVI_4232.pkl,data/processed/landmarks/include/FAMILY/cbde12b6ac86.npz,49,0.0,0.0,1.0,1.0,,train
7ddd0d1b395b,FAMILY,include,video,,include:clip:7ddd0d1b395b,data/external/include_pose/INCLUDE/Pose_Signs/People/68. Family/MVI_3788.pkl,data/processed/landmarks/include/FAMILY/7ddd0d1b395b.npz,54,0.0,0.0,0.8889,1.0,,train
e9cc6065f8fd,FAMILY,include,video,,include:clip:e9cc6065f8fd,data/external/include_pose/INCLUDE/Pose_Signs/People/68. Family/MVI_5101.pkl,data/processed/landmarks/include/FAMILY/e9cc6065f8fd.npz,61,0.0,0.0,0.8197,1.0,,train
2606f8efd8eb,FAMILY,include,video,,include:clip:2606f8efd8eb,data/external/include_pose/INCLUDE/Pose_Signs/People/68. Family/MVI_5103.pkl,data/processed/landmarks/include/FAMILY/2606f8efd8eb.npz,64,0.0,0.0,0.8281,1.0,,train
51b19a5cef18,FAMILY,include,video,,include:clip:51b19a5cef18,data/external/include_pose/INCLUDE/Pose_Signs/People/68. Family/MVI_5102.pkl,data/processed/landmarks/include/FAMILY/51b19a5cef18.npz,62,0.0,0.0,0.8871,1.0,,train
a1d6ce21f141,FAMILY,include,video,,include:clip:a1d6ce21f141,data/external/include_pose/INCLUDE/Pose_Signs/People/68. Family/MVI_3933.pkl,data/processed/landmarks/include/FAMILY/a1d6ce21f141.npz,63,0.0,0.0,0.9683,1.0,,train
c46c9e850664,FAMILY,include,video,,include:clip:c46c9e850664,data/external/include_pose/INCLUDE/Pose_Signs/People/68. Family/MVI_4081.pkl,data/processed/landmarks/include/FAMILY/c46c9e850664.npz,62,0.0,0.0,0.9516,1.0,,train
93e297fae9ce,FAMILY,include,video,,include:clip:93e297fae9ce,data/external/include_pose/INCLUDE/Pose_Signs/People/68. Family/MVI_3934.pkl,data/processed/landmarks/include/FAMILY/93e297fae9ce.npz,65,0.0,0.0,0.9231,1.0,,train
a4c822e87d31,FAMILY,include,video,,include:clip:a4c822e87d31,data/external/include_pose/INCLUDE/Pose_Signs/People/68. Family/MVI_4083.pkl,data/processed/landmarks/include/FAMILY/a4c822e87d31.npz,62,0.0,0.0,0.9032,1.0,,train
8b3bae558021,FAMILY,include,video,,include:clip:8b3bae558021,data/external/include_pose/INCLUDE/Pose_Signs/People/68. Family/MVI_4082.pkl,data/processed/landmarks/include/FAMILY/8b3bae558021.npz,52,0.0,0.0,0.9038,1.0,,train
adb7bae37ade,ADULT,include,video,,include:clip:adb7bae37ade,data/external/include_pose/INCLUDE/Pose_Signs/People/80. Adult/MVI_5142.pkl,data/processed/landmarks/include/ADULT/adb7bae37ade.npz,80,0.0,0.0,1.0,1.0,,train
7fe14ef8a0f2,ADULT,include,video,,include:clip:7fe14ef8a0f2,data/external/include_pose/INCLUDE/Pose_Signs/People/80. Adult/MVI_5143.pkl,data/processed/landmarks/include/ADULT/7fe14ef8a0f2.npz,84,0.0,0.0,1.0,1.0,,train
f855ee8e0a16,ADULT,include,video,,include:clip:f855ee8e0a16,data/external/include_pose/INCLUDE/Pose_Signs/People/80. Adult/MVI_5141.pkl,data/processed/landmarks/include/ADULT/f855ee8e0a16.npz,81,0.0,0.0,1.0,1.0,,train
515637ba1fcf,ADULT,include,video,,include:clip:515637ba1fcf,data/external/include_pose/INCLUDE/Pose_Signs/People/80. Adult/MVI_3973.pkl,data/processed/landmarks/include/ADULT/515637ba1fcf.npz,78,0.0,0.0,0.8974,1.0,,train
be425d66d724,ADULT,include,video,,include:clip:be425d66d724,data/external/include_pose/INCLUDE/Pose_Signs/People/80. Adult/MVI_3971.pkl,data/processed/landmarks/include/ADULT/be425d66d724.npz,65,0.0,0.0,0.9077,1.0,,train
34bf430c9484,ADULT,include,video,,include:clip:34bf430c9484,data/external/include_pose/INCLUDE/Pose_Signs/People/80. Adult/MVI_4996.pkl,data/processed/landmarks/include/ADULT/34bf430c9484.npz,67,0.0,0.0,1.0,1.0,,train
f759b3ced416,ADULT,include,video,,include:clip:f759b3ced416,data/external/include_pose/INCLUDE/Pose_Signs/People/80. Adult/MVI_5297.pkl,data/processed/landmarks/include/ADULT/f759b3ced416.npz,81,0.0,0.0,1.0,1.0,,train
b3b4826f7dfa,ADULT,include,video,,include:clip:b3b4826f7dfa,data/external/include_pose/INCLUDE/Pose_Signs/People/80. Adult/MVI_5296.pkl,data/processed/landmarks/include/ADULT/b3b4826f7dfa.npz,84,0.0,0.0,1.0,1.0,,train
71acfd9f25fc,ADULT,include,video,,include:clip:71acfd9f25fc,data/external/include_pose/INCLUDE/Pose_Signs/People/80. Adult/MVI_4995.pkl,data/processed/landmarks/include/ADULT/71acfd9f25fc.npz,69,0.0,0.0,1.0,1.0,,train
c051ae6f0bd5,ADULT,include,video,,include:clip:c051ae6f0bd5,data/external/include_pose/INCLUDE/Pose_Signs/People/80. Adult/MVI_5298.pkl,data/processed/landmarks/include/ADULT/c051ae6f0bd5.npz,75,0.0,0.0,1.0,1.0,,train
479624247460,ADULT,include,video,,include:clip:479624247460,data/external/include_pose/INCLUDE/Pose_Signs/People/80. Adult/MVI_8647.pkl,data/processed/landmarks/include/ADULT/479624247460.npz,89,0.0,0.0,0.9213,1.0,,train
5eed16f50fa8,ADULT,include,video,,include:clip:5eed16f50fa8,data/external/include_pose/INCLUDE/Pose_Signs/People/80. Adult/MVI_4245.pkl,data/processed/landmarks/include/ADULT/5eed16f50fa8.npz,77,0.0,0.0,1.0,1.0,,train
2c9fe8f95a64,ADULT,include,video,,include:clip:2c9fe8f95a64,data/external/include_pose/INCLUDE/Pose_Signs/People/80. Adult/MVI_4120.pkl,data/processed/landmarks/include/ADULT/2c9fe8f95a64.npz,74,0.0,0.0,1.0,1.0,,train
3560bd4e8086,ADULT,include,video,,include:clip:3560bd4e8086,data/external/include_pose/INCLUDE/Pose_Signs/People/80. Adult/MVI_4121.pkl,data/processed/landmarks/include/ADULT/3560bd4e8086.npz,74,0.0,0.0,1.0,1.0,,train
9ee970888e50,GRANDMOTHER,include,video,,include:clip:9ee970888e50,data/external/include_pose/INCLUDE/Pose_Signs/People/70. Grandmother/MVI_4089.pkl,data/processed/landmarks/include/GRANDMOTHER/9ee970888e50.npz,80,0.0,0.0,1.0,1.0,,train
8d046e251102,GRANDMOTHER,include,video,,include:clip:8d046e251102,data/external/include_pose/INCLUDE/Pose_Signs/People/70. Grandmother/MVI_4088.pkl,data/processed/landmarks/include/GRANDMOTHER/8d046e251102.npz,68,0.0,0.0,1.0,1.0,,train
72fc046a4784,GRANDMOTHER,include,video,,include:clip:72fc046a4784,data/external/include_pose/INCLUDE/Pose_Signs/People/70. Grandmother/MVI_5109.pkl,data/processed/landmarks/include/GRANDMOTHER/72fc046a4784.npz,80,0.0,0.0,1.0,1.0,,train
d6f8d5ed5b24,GRANDMOTHER,include,video,,include:clip:d6f8d5ed5b24,data/external/include_pose/INCLUDE/Pose_Signs/People/70. Grandmother/MVI_5257.pkl,data/processed/landmarks/include/GRANDMOTHER/d6f8d5ed5b24.npz,72,0.0,0.0,1.0,1.0,,train
700ad2b8ab21,GRANDMOTHER,include,video,,include:clip:700ad2b8ab21,data/external/include_pose/INCLUDE/Pose_Signs/People/70. Grandmother/MVI_5108.pkl,data/processed/landmarks/include/GRANDMOTHER/700ad2b8ab21.npz,77,0.0,0.0,0.9481,1.0,,train
2ee77b1af12d,GRANDMOTHER,include,video,,include:clip:2ee77b1af12d,data/external/include_pose/INCLUDE/Pose_Signs/People/70. Grandmother/MVI_3793.pkl,data/processed/landmarks/include/GRANDMOTHER/2ee77b1af12d.npz,66,0.0,0.0,1.0,1.0,,train
fee6007bca70,GRANDMOTHER,include,video,,include:clip:fee6007bca70,data/external/include_pose/INCLUDE/Pose_Signs/People/70. Grandmother/MVI_5258.pkl,data/processed/landmarks/include/GRANDMOTHER/fee6007bca70.npz,71,0.0,0.0,1.0,1.0,,train
9f69440625e0,GRANDMOTHER,include,video,,include:clip:9f69440625e0,data/external/include_pose/INCLUDE/Pose_Signs/People/70. Grandmother/MVI_3940.pkl,data/processed/landmarks/include/GRANDMOTHER/9f69440625e0.npz,83,0.0,0.0,1.0,1.0,,train
db28fc1b9b1b,GRANDMOTHER,include,video,,include:clip:db28fc1b9b1b,data/external/include_pose/INCLUDE/Pose_Signs/People/70. Grandmother/MVI_3941.pkl,data/processed/landmarks/include/GRANDMOTHER/db28fc1b9b1b.npz,105,0.0,0.0,1.0,1.0,,train
3978d6774b30,GRANDMOTHER,include,video,,include:clip:3978d6774b30,data/external/include_pose/INCLUDE/Pose_Signs/People/70. Grandmother/MVI_4235.pkl,data/processed/landmarks/include/GRANDMOTHER/3978d6774b30.npz,85,0.0,0.0,1.0,1.0,,train
97159f92156a,GRANDMOTHER,include,video,,include:clip:97159f92156a,data/external/include_pose/INCLUDE/Pose_Signs/People/70. Grandmother/MVI_5260.pkl,data/processed/landmarks/include/GRANDMOTHER/97159f92156a.npz,71,0.0,0.0,1.0,1.0,,train
fc64c297bd1b,GRANDMOTHER,include,video,,include:clip:fc64c297bd1b,data/external/include_pose/INCLUDE/Pose_Signs/People/70. Grandmother/MVI_4087.pkl,data/processed/landmarks/include/GRANDMOTHER/fc64c297bd1b.npz,82,0.0,0.0,1.0,1.0,,train
1d47dfdc85ea,QUEEN,include,video,,include:clip:1d47dfdc85ea,data/external/include_pose/INCLUDE/Pose_Signs/People/74. Queen/MVI_4099.pkl,data/processed/landmarks/include/QUEEN/1d47dfdc85ea.npz,62,0.0,0.0,1.0,1.0,,train
e1263bad322c,QUEEN,include,video,,include:clip:e1263bad322c,data/external/include_pose/INCLUDE/Pose_Signs/People/74. Queen/MVI_4101.pkl,data/processed/landmarks/include/QUEEN/e1263bad322c.npz,58,0.0,0.0,1.0,1.0,,train
be14be78f799,QUEEN,include,video,,include:clip:be14be78f799,data/external/include_pose/INCLUDE/Pose_Signs/People/74. Queen/MVI_4100.pkl,data/processed/landmarks/include/QUEEN/be14be78f799.npz,60,0.0,0.0,1.0,1.0,,train
5d57203401ee,QUEEN,include,video,,include:clip:5d57203401ee,data/external/include_pose/INCLUDE/Pose_Signs/People/74. Queen/MVI_4239.pkl,data/processed/landmarks/include/QUEEN/5d57203401ee.npz,51,0.0,0.0,1.0,1.0,,train
4b1efd9554b7,QUEEN,include,video,,include:clip:4b1efd9554b7,data/external/include_pose/INCLUDE/Pose_Signs/People/74. Queen/MVI_3806.pkl,data/processed/landmarks/include/QUEEN/4b1efd9554b7.npz,63,0.0,0.0,1.0,1.0,,train
d36b7db68a3e,QUEEN,include,video,,include:clip:d36b7db68a3e,data/external/include_pose/INCLUDE/Pose_Signs/People/74. Queen/MVI_5124.pkl,data/processed/landmarks/include/QUEEN/d36b7db68a3e.npz,60,0.0,0.0,0.95,1.0,,train
8611ad09dcd8,QUEEN,include,video,,include:clip:8611ad09dcd8,data/external/include_pose/INCLUDE/Pose_Signs/People/74. Queen/MVI_3805.pkl,data/processed/landmarks/include/QUEEN/8611ad09dcd8.npz,57,0.0,0.0,1.0,1.0,,train
190e49b986b2,QUEEN,include,video,,include:clip:190e49b986b2,data/external/include_pose/INCLUDE/Pose_Signs/People/74. Queen/MVI_5125.pkl,data/processed/landmarks/include/QUEEN/190e49b986b2.npz,58,0.0,0.0,1.0,1.0,,train
6ab933278b68,QUEEN,include,video,,include:clip:6ab933278b68,data/external/include_pose/INCLUDE/Pose_Signs/People/74. Queen/MVI_5123.pkl,data/processed/landmarks/include/QUEEN/6ab933278b68.npz,64,0.0,0.0,1.0,1.0,,train
0907755bb732,QUEEN,include,video,,include:clip:0907755bb732,data/external/include_pose/INCLUDE/Pose_Signs/People/74. Queen/MVI_5271.pkl,data/processed/landmarks/include/QUEEN/0907755bb732.npz,45,0.0,0.0,1.0,1.0,,train
d3474be8db5e,QUEEN,include,video,,include:clip:d3474be8db5e,data/external/include_pose/INCLUDE/Pose_Signs/People/74. Queen/MVI_8641.pkl,data/processed/landmarks/include/QUEEN/d3474be8db5e.npz,68,0.0,0.0,0.8676,1.0,,train
cba1da7ea603,QUEEN,include,video,,include:clip:cba1da7ea603,data/external/include_pose/INCLUDE/Pose_Signs/People/74. Queen/MVI_5273.pkl,data/processed/landmarks/include/QUEEN/cba1da7ea603.npz,59,0.0,0.0,1.0,1.0,,train
1847826badff,QUEEN,include,video,,include:clip:1847826badff,data/external/include_pose/INCLUDE/Pose_Signs/People/74. Queen/MVI_5272.pkl,data/processed/landmarks/include/QUEEN/1847826badff.npz,52,0.0,0.0,1.0,1.0,,train
43d1805aa3ea,QUEEN,include,video,,include:clip:43d1805aa3ea,data/external/include_pose/INCLUDE/Pose_Signs/People/74. Queen/MVI_3954.pkl,data/processed/landmarks/include/QUEEN/43d1805aa3ea.npz,81,0.0,0.0,1.0,1.0,,train
1ca3da721c27,CROWD,include,video,,include:clip:1ca3da721c27,data/external/include_pose/INCLUDE/Pose_Signs/People/83. Crowd/MVI_5151.pkl,data/processed/landmarks/include/CROWD/1ca3da721c27.npz,57,0.0,0.0,0.8772,1.0,,train
1962c66a4c8e,CROWD,include,video,,include:clip:1962c66a4c8e,data/external/include_pose/INCLUDE/Pose_Signs/People/83. Crowd/MVI_5152.pkl,data/processed/landmarks/include/CROWD/1962c66a4c8e.npz,53,0.0,0.0,0.8491,1.0,,train
ce6bbdfae637,CROWD,include,video,,include:clip:ce6bbdfae637,data/external/include_pose/INCLUDE/Pose_Signs/People/83. Crowd/MVI_4129.pkl,data/processed/landmarks/include/CROWD/ce6bbdfae637.npz,53,0.0,0.0,0.9434,1.0,,train
b06f06534e3f,CROWD,include,video,,include:clip:b06f06534e3f,data/external/include_pose/INCLUDE/Pose_Signs/People/83. Crowd/MVI_4128.pkl,data/processed/landmarks/include/CROWD/b06f06534e3f.npz,57,0.0,0.0,0.9123,1.0,,train
6d43bbe2bbcb,CROWD,include,video,,include:clip:6d43bbe2bbcb,data/external/include_pose/INCLUDE/Pose_Signs/People/83. Crowd/MVI_5308.pkl,data/processed/landmarks/include/CROWD/6d43bbe2bbcb.npz,53,0.0,0.0,0.9811,1.0,,train
ee1859853d5c,CROWD,include,video,,include:clip:ee1859853d5c,data/external/include_pose/INCLUDE/Pose_Signs/People/83. Crowd/MVI_3832.pkl,data/processed/landmarks/include/CROWD/ee1859853d5c.npz,57,0.0,0.0,0.8772,1.0,,train
1287275dff30,CROWD,include,video,,include:clip:1287275dff30,data/external/include_pose/INCLUDE/Pose_Signs/People/83. Crowd/MVI_3833.pkl,data/processed/landmarks/include/CROWD/1287275dff30.npz,54,0.0,0.0,0.8704,1.0,,train
50aca69a66a6,CROWD,include,video,,include:clip:50aca69a66a6,data/external/include_pose/INCLUDE/Pose_Signs/People/83. Crowd/MVI_5307.pkl,data/processed/landmarks/include/CROWD/50aca69a66a6.npz,58,0.0,0.0,0.9655,1.0,,train
b34500f7735c,CROWD,include,video,,include:clip:b34500f7735c,data/external/include_pose/INCLUDE/Pose_Signs/People/83. Crowd/MVI_3834.pkl,data/processed/landmarks/include/CROWD/b34500f7735c.npz,61,0.0,0.0,0.8361,1.0,,train
207f7d9d5265,CROWD,include,video,,include:clip:207f7d9d5265,data/external/include_pose/INCLUDE/Pose_Signs/People/83. Crowd/MVI_3982.pkl,data/processed/landmarks/include/CROWD/207f7d9d5265.npz,70,0.0,0.0,0.9286,1.0,,train
2498e32ee16b,CROWD,include,video,,include:clip:2498e32ee16b,data/external/include_pose/INCLUDE/Pose_Signs/People/83. Crowd/MVI_8650.pkl,data/processed/landmarks/include/CROWD/2498e32ee16b.npz,64,0.0,0.0,0.7969,1.0,,train
f7e3f018a931,CROWD,include,video,,include:clip:f7e3f018a931,data/external/include_pose/INCLUDE/Pose_Signs/People/83. Crowd/MVI_4130.pkl,data/processed/landmarks/include/CROWD/f7e3f018a931.npz,56,0.0,0.0,0.9821,1.0,,train
a2485377e124,CROWD,include,video,,include:clip:a2485377e124,data/external/include_pose/INCLUDE/Pose_Signs/People/83. Crowd/MVI_5004.pkl,data/processed/landmarks/include/CROWD/a2485377e124.npz,50,0.0,0.0,0.88,1.0,,train
81f85c7b8f7b,CROWD,include,video,,include:clip:81f85c7b8f7b,data/external/include_pose/INCLUDE/Pose_Signs/People/83. Crowd/MVI_5003.pkl,data/processed/landmarks/include/CROWD/81f85c7b8f7b.npz,51,0.0,0.0,0.9216,1.0,,train
4979e52c5fdb,MOTHER,include,video,,include:clip:4979e52c5fdb,data/external/include_pose/INCLUDE/Pose_Signs/People/60. Mother/MVI_5226.pkl,data/processed/landmarks/include/MOTHER/4979e52c5fdb.npz,49,0.0,0.0,1.0,1.0,,train
39f9442535ac,MOTHER,include,video,,include:clip:39f9442535ac,data/external/include_pose/INCLUDE/Pose_Signs/People/60. Mother/MVI_5225.pkl,data/processed/landmarks/include/MOTHER/39f9442535ac.npz,54,0.0,0.0,1.0,1.0,,train
5b3f08fa1b9d,MOTHER,include,video,,include:clip:5b3f08fa1b9d,data/external/include_pose/INCLUDE/Pose_Signs/People/60. Mother/MVI_5224.pkl,data/processed/landmarks/include/MOTHER/5b3f08fa1b9d.npz,49,0.0,0.0,1.0,1.0,,train
dfca17eba79b,MOTHER,include,video,,include:clip:dfca17eba79b,data/external/include_pose/INCLUDE/Pose_Signs/People/60. Mother/MVI_4937.pkl,data/processed/landmarks/include/MOTHER/dfca17eba79b.npz,53,0.0,0.0,1.0,1.0,,train
9f0bd3075f30,MOTHER,include,video,,include:clip:9f0bd3075f30,data/external/include_pose/INCLUDE/Pose_Signs/People/60. Mother/MVI_5078.pkl,data/processed/landmarks/include/MOTHER/9f0bd3075f30.npz,56,0.0,0.0,0.8214,1.0,,train
d4d33b5f480c,MOTHER,include,video,,include:clip:d4d33b5f480c,data/external/include_pose/INCLUDE/Pose_Signs/People/60. Mother/MVI_5079.pkl,data/processed/landmarks/include/MOTHER/d4d33b5f480c.npz,54,0.0,0.0,0.9444,1.0,,train
2b26ba9782d2,MOTHER,include,video,,include:clip:2b26ba9782d2,data/external/include_pose/INCLUDE/Pose_Signs/People/60. Mother/MVI_3761.pkl,data/processed/landmarks/include/MOTHER/2b26ba9782d2.npz,50,0.0,0.0,1.0,1.0,,train
c8345272a3ea,MOTHER,include,video,,include:clip:c8345272a3ea,data/external/include_pose/INCLUDE/Pose_Signs/People/60. Mother/MVI_3760.pkl,data/processed/landmarks/include/MOTHER/c8345272a3ea.npz,50,0.0,0.0,1.0,1.0,,train
a0bb63b266e0,MOTHER,include,video,,include:clip:a0bb63b266e0,data/external/include_pose/INCLUDE/Pose_Signs/People/60. Mother/MVI_3762.pkl,data/processed/landmarks/include/MOTHER/a0bb63b266e0.npz,46,0.0,0.0,1.0,1.0,,train
8d1fbf9e9df9,MOTHER,include,video,,include:clip:8d1fbf9e9df9,data/external/include_pose/INCLUDE/Pose_Signs/People/60. Mother/MVI_4222.pkl,data/processed/landmarks/include/MOTHER/8d1fbf9e9df9.npz,52,0.0,0.0,1.0,1.0,,train
673a3c24ca25,MOTHER,include,video,,include:clip:673a3c24ca25,data/external/include_pose/INCLUDE/Pose_Signs/People/60. Mother/MVI_5077.pkl,data/processed/landmarks/include/MOTHER/673a3c24ca25.npz,51,0.0,0.0,0.9608,1.0,,train
1e727ae9dec5,MOTHER,include,video,,include:clip:1e727ae9dec5,data/external/include_pose/INCLUDE/Pose_Signs/People/60. Mother/MVI_4057.pkl,data/processed/landmarks/include/MOTHER/1e727ae9dec5.npz,59,0.0,0.0,1.0,1.0,,train
e8a21d52f683,MOTHER,include,video,,include:clip:e8a21d52f683,data/external/include_pose/INCLUDE/Pose_Signs/People/60. Mother/MVI_8625.pkl,data/processed/landmarks/include/MOTHER/e8a21d52f683.npz,61,0.0,0.0,0.6885,1.0,,train
980c989f3c71,MOTHER,include,video,,include:clip:980c989f3c71,data/external/include_pose/INCLUDE/Pose_Signs/People/60. Mother/MVI_3908.pkl,data/processed/landmarks/include/MOTHER/980c989f3c71.npz,75,0.0,0.0,1.0,1.0,,train
0b21aa710256,BABY,include,video,,include:clip:0b21aa710256,data/external/include_pose/INCLUDE/Pose_Signs/People/63. Baby/MVI_8628.pkl,data/processed/landmarks/include/BABY/0b21aa710256.npz,69,0.0,0.0,0.6232,1.0,,train
16a73b042da2,BABY,include,video,,include:clip:16a73b042da2,data/external/include_pose/INCLUDE/Pose_Signs/People/63. Baby/MVI_4066.pkl,data/processed/landmarks/include/BABY/16a73b042da2.npz,73,0.0,0.0,0.9041,1.0,,train
c83ba73864be,BABY,include,video,,include:clip:c83ba73864be,data/external/include_pose/INCLUDE/Pose_Signs/People/63. Baby/MVI_5234.pkl,data/processed/landmarks/include/BABY/c83ba73864be.npz,72,0.0,0.0,0.9861,1.0,,train
cc5254dca499,BABY,include,video,,include:clip:cc5254dca499,data/external/include_pose/INCLUDE/Pose_Signs/People/63. Baby/MVI_5235.pkl,data/processed/landmarks/include/BABY/cc5254dca499.npz,63,0.0,0.0,0.9841,1.0,,train
60472554ba54,BABY,include,video,,include:clip:60472554ba54,data/external/include_pose/INCLUDE/Pose_Signs/People/63. Baby/MVI_3917.pkl,data/processed/landmarks/include/BABY/60472554ba54.npz,76,0.0,0.0,0.9079,1.0,,train
317892e2b1d4,BABY,include,video,,include:clip:317892e2b1d4,data/external/include_pose/INCLUDE/Pose_Signs/People/63. Baby/MVI_5236.pkl,data/processed/landmarks/include/BABY/317892e2b1d4.npz,71,0.0,0.0,1.0,1.0,,train
4a16bbd55489,BABY,include,video,,include:clip:4a16bbd55489,data/external/include_pose/INCLUDE/Pose_Signs/People/63. Baby/MVI_4946.pkl,data/processed/landmarks/include/BABY/4a16bbd55489.npz,61,0.0,0.0,0.918,1.0,,train
491fcf0cfc15,BABY,include,video,,include:clip:491fcf0cfc15,data/external/include_pose/INCLUDE/Pose_Signs/People/63. Baby/MVI_3769.pkl,data/processed/landmarks/include/BABY/491fcf0cfc15.npz,57,0.0,0.0,0.8772,1.0,,train
5eec34937ab1,BABY,include,video,,include:clip:5eec34937ab1,data/external/include_pose/INCLUDE/Pose_Signs/People/63. Baby/MVI_5087.pkl,data/processed/landmarks/include/BABY/5eec34937ab1.npz,55,0.0,0.0,0.8545,1.0,,train
03d0a3c6ad72,BABY,include,video,,include:clip:03d0a3c6ad72,data/external/include_pose/INCLUDE/Pose_Signs/People/63. Baby/MVI_5086.pkl,data/processed/landmarks/include/BABY/03d0a3c6ad72.npz,60,0.0,0.0,0.8833,1.0,,train
0dc5a9a70542,BABY,include,video,,include:clip:0dc5a9a70542,data/external/include_pose/INCLUDE/Pose_Signs/People/63. Baby/MVI_4226.pkl,data/processed/landmarks/include/BABY/0dc5a9a70542.npz,54,0.0,0.0,0.963,1.0,,train
e5dbec49a0ac,BABY,include,video,,include:clip:e5dbec49a0ac,data/external/include_pose/INCLUDE/Pose_Signs/People/63. Baby/MVI_4948.pkl,data/processed/landmarks/include/BABY/e5dbec49a0ac.npz,49,0.0,0.0,0.898,1.0,,train
514ac38db105,BABY,include,video,,include:clip:514ac38db105,data/external/include_pose/INCLUDE/Pose_Signs/People/63. Baby/MVI_3770.pkl,data/processed/landmarks/include/BABY/514ac38db105.npz,46,0.0,0.0,0.8913,1.0,,train
cbf19525b5c4,BABY,include,video,,include:clip:cbf19525b5c4,data/external/include_pose/INCLUDE/Pose_Signs/People/63. Baby/MVI_5088.pkl,data/processed/landmarks/include/BABY/cbf19525b5c4.npz,55,0.0,0.0,0.8364,1.0,,train
3b661b49b104,SISTER,include,video,,include:clip:3b661b49b104,data/external/include_pose/INCLUDE/Pose_Signs/People/67. Sister/MVI_3782.pkl,data/processed/landmarks/include/SISTER/3b661b49b104.npz,55,0.0,0.0,1.0,1.0,,train
43733565f512,SISTER,include,video,,include:clip:43733565f512,data/external/include_pose/INCLUDE/Pose_Signs/People/67. Sister/MVI_5246.pkl,data/processed/landmarks/include/SISTER/43733565f512.npz,49,0.0,0.0,1.0,1.0,,train
6e4537a6d43a,SISTER,include,video,,include:clip:6e4537a6d43a,data/external/include_pose/INCLUDE/Pose_Signs/People/67. Sister/MVI_5247.pkl,data/processed/landmarks/include/SISTER/6e4537a6d43a.npz,57,0.0,0.0,1.0,1.0,,train
3a2d23662569,SISTER,include,video,,include:clip:3a2d23662569,data/external/include_pose/INCLUDE/Pose_Signs/People/67. Sister/MVI_3785.pkl,data/processed/landmarks/include/SISTER/3a2d23662569.npz,49,0.0,0.0,1.0,1.0,,train
e414b868a168,SISTER,include,video,,include:clip:e414b868a168,data/external/include_pose/INCLUDE/Pose_Signs/People/67. Sister/MVI_3784.pkl,data/processed/landmarks/include/SISTER/e414b868a168.npz,52,0.0,0.0,1.0,1.0,,train
a0ea990ac2ce,SISTER,include,video,,include:clip:a0ea990ac2ce,data/external/include_pose/INCLUDE/Pose_Signs/People/67. Sister/MVI_4231.pkl,data/processed/landmarks/include/SISTER/a0ea990ac2ce.npz,52,0.0,0.0,1.0,1.0,,train
7c4deb436687,SISTER,include,video,,include:clip:7c4deb436687,data/external/include_pose/INCLUDE/Pose_Signs/People/67. Sister/MVI_4958.pkl,data/processed/landmarks/include/SISTER/7c4deb436687.npz,54,0.0,0.0,1.0,1.0,,train
fb2d935bcb64,SISTER,include,video,,include:clip:fb2d935bcb64,data/external/include_pose/INCLUDE/Pose_Signs/People/67. Sister/MVI_4960.pkl,data/processed/landmarks/include/SISTER/fb2d935bcb64.npz,54,0.0,0.0,1.0,1.0,,train
e0e3740336c5,SISTER,include,video,,include:clip:e0e3740336c5,data/external/include_pose/INCLUDE/Pose_Signs/People/67. Sister/MVI_4079.pkl,data/processed/landmarks/include/SISTER/e0e3740336c5.npz,59,0.0,0.0,1.0,1.0,,train
a6fff77d3c27,SISTER,include,video,,include:clip:a6fff77d3c27,data/external/include_pose/INCLUDE/Pose_Signs/People/67. Sister/MVI_3931.pkl,data/processed/landmarks/include/SISTER/a6fff77d3c27.npz,74,0.0,0.0,1.0,1.0,,train
a925a4f0cce5,SISTER,include,video,,include:clip:a925a4f0cce5,data/external/include_pose/INCLUDE/Pose_Signs/People/67. Sister/MVI_3930.pkl,data/processed/landmarks/include/SISTER/a925a4f0cce5.npz,84,0.0,0.0,1.0,1.0,,train
a26b368df530,SISTER,include,video,,include:clip:a26b368df530,data/external/include_pose/INCLUDE/Pose_Signs/People/67. Sister/MVI_3932.pkl,data/processed/landmarks/include/SISTER/a26b368df530.npz,82,0.0,0.0,1.0,1.0,,train
7b60c9a1e9b3,SISTER,include,video,,include:clip:7b60c9a1e9b3,data/external/include_pose/INCLUDE/Pose_Signs/People/67. Sister/MVI_4080.pkl,data/processed/landmarks/include/SISTER/7b60c9a1e9b3.npz,56,0.0,0.0,1.0,1.0,,train
81994ef2f3b3,NEIGHBOUR,include,video,,include:clip:81994ef2f3b3,data/external/include_pose/INCLUDE/Pose_Signs/People/76. Neighbour/MVI_4107.pkl,data/processed/landmarks/include/NEIGHBOUR/81994ef2f3b3.npz,67,0.0,0.0,0.8955,1.0,,train
6af0ccbafab2,NEIGHBOUR,include,video,,include:clip:6af0ccbafab2,data/external/include_pose/INCLUDE/Pose_Signs/People/76. Neighbour/MVI_4106.pkl,data/processed/landmarks/include/NEIGHBOUR/6af0ccbafab2.npz,66,0.0,0.0,0.9545,1.0,,train
963ddf40d1f6,NEIGHBOUR,include,video,,include:clip:963ddf40d1f6,data/external/include_pose/INCLUDE/Pose_Signs/People/76. Neighbour/MVI_5279.pkl,data/processed/landmarks/include/NEIGHBOUR/963ddf40d1f6.npz,54,0.0,0.0,0.9074,1.0,,train
9c5ca1aaca63,NEIGHBOUR,include,video,,include:clip:9c5ca1aaca63,data/external/include_pose/INCLUDE/Pose_Signs/People/76. Neighbour/MVI_3813.pkl,data/processed/landmarks/include/NEIGHBOUR/9c5ca1aaca63.npz,63,0.0,0.0,0.9524,1.0,,train
cd47b2b7a294,NEIGHBOUR,include,video,,include:clip:cd47b2b7a294,data/external/include_pose/INCLUDE/Pose_Signs/People/76. Neighbour/MVI_5278.pkl,data/processed/landmarks/include/NEIGHBOUR/cd47b2b7a294.npz,60,0.0,0.0,0.9167,1.0,,train
6692da7afdae,NEIGHBOUR,include,video,,include:clip:6692da7afdae,data/external/include_pose/INCLUDE/Pose_Signs/People/76. Neighbour/MVI_5130.pkl,data/processed/landmarks/include/NEIGHBOUR/6692da7afdae.npz,64,0.0,0.0,0.8125,1.0,,train
f08b5a740862,NEIGHBOUR,include,video,,include:clip:f08b5a740862,data/external/include_pose/INCLUDE/Pose_Signs/People/76. Neighbour/MVI_3811.pkl,data/processed/landmarks/include/NEIGHBOUR/f08b5a740862.npz,60,0.0,0.0,0.8833,1.0,,train
30ccf85121fa,NEIGHBOUR,include,video,,include:clip:30ccf85121fa,data/external/include_pose/INCLUDE/Pose_Signs/People/76. Neighbour/MVI_4978.pkl,data/processed/landmarks/include/NEIGHBOUR/30ccf85121fa.npz,48,0.0,0.0,0.9167,1.0,,train
335b09bfcc04,NEIGHBOUR,include,video,,include:clip:335b09bfcc04,data/external/include_pose/INCLUDE/Pose_Signs/People/76. Neighbour/MVI_3961.pkl,data/processed/landmarks/include/NEIGHBOUR/335b09bfcc04.npz,72,0.0,0.0,0.9722,1.0,,train
db76a5c18769,NEIGHBOUR,include,video,,include:clip:db76a5c18769,data/external/include_pose/INCLUDE/Pose_Signs/People/76. Neighbour/MVI_3960.pkl,data/processed/landmarks/include/NEIGHBOUR/db76a5c18769.npz,77,0.0,0.0,0.961,1.0,,train
675307605c2b,NEIGHBOUR,include,video,,include:clip:675307605c2b,data/external/include_pose/INCLUDE/Pose_Signs/People/76. Neighbour/MVI_4980.pkl,data/processed/landmarks/include/NEIGHBOUR/675307605c2b.npz,49,0.0,0.0,0.9184,1.0,,train
1a52e46c8390,NEIGHBOUR,include,video,,include:clip:1a52e46c8390,data/external/include_pose/INCLUDE/Pose_Signs/People/76. Neighbour/MVI_8643.pkl,data/processed/landmarks/include/NEIGHBOUR/1a52e46c8390.npz,76,0.0,0.0,0.6842,1.0,,train
47b711ec9949,NEIGHBOUR,include,video,,include:clip:47b711ec9949,data/external/include_pose/INCLUDE/Pose_Signs/People/76. Neighbour/MVI_5277.pkl,data/processed/landmarks/include/NEIGHBOUR/47b711ec9949.npz,55,0.0,0.0,0.9273,1.0,,train
37997744b893,NEIGHBOUR,include,video,,include:clip:37997744b893,data/external/include_pose/INCLUDE/Pose_Signs/People/76. Neighbour/MVI_5129.pkl,data/processed/landmarks/include/NEIGHBOUR/37997744b893.npz,69,0.0,0.0,0.8986,1.0,,train
f3985e60f8cd,GRANDFATHER,include,video,,include:clip:f3985e60f8cd,data/external/include_pose/INCLUDE/Pose_Signs/People/69. Grandfather/MVI_3938.pkl,data/processed/landmarks/include/GRANDFATHER/f3985e60f8cd.npz,97,0.0,0.0,0.9897,1.0,,train
ac711070ac12,GRANDFATHER,include,video,,include:clip:ac711070ac12,data/external/include_pose/INCLUDE/Pose_Signs/People/69. Grandfather/MVI_5252.pkl,data/processed/landmarks/include/GRANDFATHER/ac711070ac12.npz,78,0.0,0.0,1.0,1.0,,train
61ac4540462d,GRANDFATHER,include,video,,include:clip:61ac4540462d,data/external/include_pose/INCLUDE/Pose_Signs/People/69. Grandfather/MVI_5256.pkl,data/processed/landmarks/include/GRANDFATHER/61ac4540462d.npz,75,0.0,0.0,0.9867,1.0,,train
200cefcd8a22,GRANDFATHER,include,video,,include:clip:200cefcd8a22,data/external/include_pose/INCLUDE/Pose_Signs/People/69. Grandfather/MVI_3790.pkl,data/processed/landmarks/include/GRANDFATHER/200cefcd8a22.npz,78,0.0,0.0,0.9359,1.0,,train
d744195dca0b,GRANDFATHER,include,video,,include:clip:d744195dca0b,data/external/include_pose/INCLUDE/Pose_Signs/People/69. Grandfather/MVI_3792.pkl,data/processed/landmarks/include/GRANDFATHER/d744195dca0b.npz,75,0.0,0.0,0.8933,1.0,,train
fb15d4c7999e,GRANDFATHER,include,video,,include:clip:fb15d4c7999e,data/external/include_pose/INCLUDE/Pose_Signs/People/69. Grandfather/MVI_5255.pkl,data/processed/landmarks/include/GRANDFATHER/fb15d4c7999e.npz,89,0.0,0.0,1.0,1.0,,train
1ec5cce46bf5,GRANDFATHER,include,video,,include:clip:1ec5cce46bf5,data/external/include_pose/INCLUDE/Pose_Signs/People/69. Grandfather/MVI_5106.pkl,data/processed/landmarks/include/GRANDFATHER/1ec5cce46bf5.npz,87,0.0,0.0,0.908,1.0,,train
b39d570f93fa,GRANDFATHER,include,video,,include:clip:b39d570f93fa,data/external/include_pose/INCLUDE/Pose_Signs/People/69. Grandfather/MVI_5105.pkl,data/processed/landmarks/include/GRANDFATHER/b39d570f93fa.npz,79,0.0,0.0,0.9747,1.0,,train
6f92ad28c916,GRANDFATHER,include,video,,include:clip:6f92ad28c916,data/external/include_pose/INCLUDE/Pose_Signs/People/69. Grandfather/MVI_5104.pkl,data/processed/landmarks/include/GRANDFATHER/6f92ad28c916.npz,87,0.0,0.0,0.9655,1.0,,train
7a5a70f66323,GRANDFATHER,include,video,,include:clip:7a5a70f66323,data/external/include_pose/INCLUDE/Pose_Signs/People/69. Grandfather/MVI_4086.pkl,data/processed/landmarks/include/GRANDFATHER/7a5a70f66323.npz,83,0.0,0.0,1.0,1.0,,train
4204a566b46c,GRANDFATHER,include,video,,include:clip:4204a566b46c,data/external/include_pose/INCLUDE/Pose_Signs/People/69. Grandfather/MVI_8636.pkl,data/processed/landmarks/include/GRANDFATHER/4204a566b46c.npz,86,0.0,0.0,0.8721,1.0,,train
4ff017d1e002,GRANDFATHER,include,video,,include:clip:4ff017d1e002,data/external/include_pose/INCLUDE/Pose_Signs/People/69. Grandfather/MVI_4085.pkl,data/processed/landmarks/include/GRANDFATHER/4ff017d1e002.npz,77,0.0,0.0,0.974,1.0,,train
7df4b141e9ff,PRESIDENT,include,video,,include:clip:7df4b141e9ff,data/external/include_pose/INCLUDE/Pose_Signs/People/75. President/MVI_4104.pkl,data/processed/landmarks/include/PRESIDENT/7df4b141e9ff.npz,66,0.0,0.0,0.9394,1.0,,train
faa503a0905b,PRESIDENT,include,video,,include:clip:faa503a0905b,data/external/include_pose/INCLUDE/Pose_Signs/People/75. President/MVI_4103.pkl,data/processed/landmarks/include/PRESIDENT/faa503a0905b.npz,62,0.0,0.0,0.9194,1.0,,train
aed6e0cf5bec,PRESIDENT,include,video,,include:clip:aed6e0cf5bec,data/external/include_pose/INCLUDE/Pose_Signs/People/75. President/MVI_5127.pkl,data/processed/landmarks/include/PRESIDENT/aed6e0cf5bec.npz,57,0.0,0.0,0.8596,1.0,,train
b12a7174a035,PRESIDENT,include,video,,include:clip:b12a7174a035,data/external/include_pose/INCLUDE/Pose_Signs/People/75. President/MVI_5126.pkl,data/processed/landmarks/include/PRESIDENT/b12a7174a035.npz,75,0.0,0.0,0.8933,1.0,,train
8f2f1290dccb,PRESIDENT,include,video,,include:clip:8f2f1290dccb,data/external/include_pose/INCLUDE/Pose_Signs/People/75. President/MVI_3958.pkl,data/processed/landmarks/include/PRESIDENT/8f2f1290dccb.npz,66,0.0,0.0,0.9394,1.0,,train
53b4aaadefeb,PRESIDENT,include,video,,include:clip:53b4aaadefeb,data/external/include_pose/INCLUDE/Pose_Signs/People/75. President/MVI_8642.pkl,data/processed/landmarks/include/PRESIDENT/53b4aaadefeb.npz,55,0.0,0.0,0.6727,1.0,,train
f0d9f5c8fdaa,PRESIDENT,include,video,,include:clip:f0d9f5c8fdaa,data/external/include_pose/INCLUDE/Pose_Signs/People/75. President/MVI_4975.pkl,data/processed/landmarks/include/PRESIDENT/f0d9f5c8fdaa.npz,52,0.0,0.0,0.9231,1.0,,train
995213581c20,PRESIDENT,include,video,,include:clip:995213581c20,data/external/include_pose/INCLUDE/Pose_Signs/People/75. President/MVI_5128.pkl,data/processed/landmarks/include/PRESIDENT/995213581c20.npz,67,0.0,0.0,0.9104,1.0,,train
91c32537da1f,PRESIDENT,include,video,,include:clip:91c32537da1f,data/external/include_pose/INCLUDE/Pose_Signs/People/75. President/MVI_3808.pkl,data/processed/landmarks/include/PRESIDENT/91c32537da1f.npz,63,0.0,0.0,0.9683,1.0,,train
944dada73375,PRESIDENT,include,video,,include:clip:944dada73375,data/external/include_pose/INCLUDE/Pose_Signs/People/75. President/MVI_3809.pkl,data/processed/landmarks/include/PRESIDENT/944dada73375.npz,64,0.0,0.0,0.9219,1.0,,train
f57775a1a289,PRESIDENT,include,video,,include:clip:f57775a1a289,data/external/include_pose/INCLUDE/Pose_Signs/People/75. President/MVI_3957.pkl,data/processed/landmarks/include/PRESIDENT/f57775a1a289.npz,71,0.0,0.0,0.9155,1.0,,train
10226a614940,PRESIDENT,include,video,,include:clip:10226a614940,data/external/include_pose/INCLUDE/Pose_Signs/People/75. President/MVI_5274.pkl,data/processed/landmarks/include/PRESIDENT/10226a614940.npz,49,0.0,0.0,0.9796,1.0,,train
86022a1458c0,PRESIDENT,include,video,,include:clip:86022a1458c0,data/external/include_pose/INCLUDE/Pose_Signs/People/75. President/MVI_4977.pkl,data/processed/landmarks/include/PRESIDENT/86022a1458c0.npz,52,0.0,0.0,0.8654,1.0,,train
32a761a63354,PRESIDENT,include,video,,include:clip:32a761a63354,data/external/include_pose/INCLUDE/Pose_Signs/People/75. President/MVI_4240.pkl,data/processed/landmarks/include/PRESIDENT/32a761a63354.npz,59,0.0,0.0,0.9661,1.0,,train
fa45e9d4bf95,GIRL,include,video,,include:clip:fa45e9d4bf95,data/external/include_pose/INCLUDE/Pose_Signs/People/78. Girl/MVI_4115.pkl,data/processed/landmarks/include/GIRL/fa45e9d4bf95.npz,92,0.0,0.0,1.0,1.0,,train
7655326c376d,GIRL,include,video,,include:clip:7655326c376d,data/external/include_pose/INCLUDE/Pose_Signs/People/78. Girl/MVI_4114.pkl,data/processed/landmarks/include/GIRL/7655326c376d.npz,65,0.0,0.0,1.0,1.0,,train
c5912daf1e4c,GIRL,include,video,,include:clip:c5912daf1e4c,data/external/include_pose/INCLUDE/Pose_Signs/People/78. Girl/MVI_4985.pkl,data/processed/landmarks/include/GIRL/c5912daf1e4c.npz,46,0.0,0.0,1.0,1.0,,train
7dd76d4a6abe,GIRL,include,video,,include:clip:7dd76d4a6abe,data/external/include_pose/INCLUDE/Pose_Signs/People/78. Girl/MVI_3967.pkl,data/processed/landmarks/include/GIRL/7dd76d4a6abe.npz,75,0.0,0.0,1.0,1.0,,train
b57cd84abf72,GIRL,include,video,,include:clip:b57cd84abf72,data/external/include_pose/INCLUDE/Pose_Signs/People/78. Girl/MVI_4984.pkl,data/processed/landmarks/include/GIRL/b57cd84abf72.npz,48,0.0,0.0,1.0,1.0,,train
5642a0b8579e,GIRL,include,video,,include:clip:5642a0b8579e,data/external/include_pose/INCLUDE/Pose_Signs/People/78. Girl/MVI_4986.pkl,data/processed/landmarks/include/GIRL/5642a0b8579e.npz,44,0.0,0.0,1.0,1.0,,train
5fb92dee7db5,GIRL,include,video,,include:clip:5fb92dee7db5,data/external/include_pose/INCLUDE/Pose_Signs/People/78. Girl/MVI_5290.pkl,data/processed/landmarks/include/GIRL/5fb92dee7db5.npz,57,0.0,0.0,1.0,1.0,,train
b6c32bf3b14a,GIRL,include,video,,include:clip:b6c32bf3b14a,data/external/include_pose/INCLUDE/Pose_Signs/People/78. Girl/MVI_5135.pkl,data/processed/landmarks/include/GIRL/b6c32bf3b14a.npz,54,0.0,0.0,1.0,1.0,,train
1d3baa7afefc,GIRL,include,video,,include:clip:1d3baa7afefc,data/external/include_pose/INCLUDE/Pose_Signs/People/78. Girl/MVI_5136.pkl,data/processed/landmarks/include/GIRL/1d3baa7afefc.npz,50,0.0,0.0,1.0,1.0,,train
a7d0c776d24c,GIRL,include,video,,include:clip:a7d0c776d24c,data/external/include_pose/INCLUDE/Pose_Signs/People/78. Girl/MVI_3817.pkl,data/processed/landmarks/include/GIRL/a7d0c776d24c.npz,51,0.0,0.0,1.0,1.0,,train
ffe431865ff4,GIRL,include,video,,include:clip:ffe431865ff4,data/external/include_pose/INCLUDE/Pose_Signs/People/78. Girl/MVI_5137.pkl,data/processed/landmarks/include/GIRL/ffe431865ff4.npz,58,0.0,0.0,1.0,1.0,,train
5f3e79f3407e,GIRL,include,video,,include:clip:5f3e79f3407e,data/external/include_pose/INCLUDE/Pose_Signs/People/78. Girl/MVI_5289.pkl,data/processed/landmarks/include/GIRL/5f3e79f3407e.npz,49,0.0,0.0,1.0,1.0,,train
a43039367294,GIRL,include,video,,include:clip:a43039367294,data/external/include_pose/INCLUDE/Pose_Signs/People/78. Girl/MVI_8645.pkl,data/processed/landmarks/include/GIRL/a43039367294.npz,62,0.0,0.0,0.5161,1.0,,train
ce764605346c,GIRL,include,video,,include:clip:ce764605346c,data/external/include_pose/INCLUDE/Pose_Signs/People/78. Girl/MVI_4243.pkl,data/processed/landmarks/include/GIRL/ce764605346c.npz,64,0.0,0.0,1.0,1.0,,train
3bbe7a5e44b5,SON,include,video,,include:clip:3bbe7a5e44b5,data/external/include_pose/INCLUDE/Pose_Signs/People/58. Son/MVI_4932.pkl,data/processed/landmarks/include/SON/3bbe7a5e44b5.npz,66,0.0,0.0,0.9545,1.0,,train
66b1af3a9d56,SON,include,video,,include:clip:66b1af3a9d56,data/external/include_pose/INCLUDE/Pose_Signs/People/58. Son/MVI_5219.pkl,data/processed/landmarks/include/SON/66b1af3a9d56.npz,68,0.0,0.0,0.9706,1.0,,train
b9bfde2464b3,SON,include,video,,include:clip:b9bfde2464b3,data/external/include_pose/INCLUDE/Pose_Signs/People/58. Son/MVI_5218.pkl,data/processed/landmarks/include/SON/b9bfde2464b3.npz,68,0.0,0.0,0.9853,1.0,,train
d9bf50287bb0,SON,include,video,,include:clip:d9bf50287bb0,data/external/include_pose/INCLUDE/Pose_Signs/People/58. Son/MVI_4933.pkl,data/processed/landmarks/include/SON/d9bf50287bb0.npz,60,0.0,0.0,0.9667,1.0,,train
58f852cd5c7e,SON,include,video,,include:clip:58f852cd5c7e,data/external/include_pose/INCLUDE/Pose_Signs/People/58. Son/MVI_3902.pkl,data/processed/landmarks/include/SON/58f852cd5c7e.npz,75,0.0,0.0,0.9333,1.0,,train
cd2ed9436785,SON,include,video,,include:clip:cd2ed9436785,data/external/include_pose/INCLUDE/Pose_Signs/People/58. Son/MVI_5220.pkl,data/processed/landmarks/include/SON/cd2ed9436785.npz,69,0.0,0.0,0.971,1.0,,train
76ac4ea13cd1,SON,include,video,,include:clip:76ac4ea13cd1,data/external/include_pose/INCLUDE/Pose_Signs/People/58. Son/MVI_3901.pkl,data/processed/landmarks/include/SON/76ac4ea13cd1.npz,77,0.0,0.0,0.974,1.0,,train
7844c0f71519,SON,include,video,,include:clip:7844c0f71519,data/external/include_pose/INCLUDE/Pose_Signs/People/58. Son/MVI_3754.pkl,data/processed/landmarks/include/SON/7844c0f71519.npz,49,0.0,0.0,0.8776,1.0,,train
7a58fc6626a0,SON,include,video,,include:clip:7a58fc6626a0,data/external/include_pose/INCLUDE/Pose_Signs/People/58. Son/MVI_3753.pkl,data/processed/landmarks/include/SON/7a58fc6626a0.npz,66,0.0,0.0,0.9545,1.0,,train
98dfc3a9148f,SON,include,video,,include:clip:98dfc3a9148f,data/external/include_pose/INCLUDE/Pose_Signs/People/58. Son/MVI_5073.pkl,data/processed/landmarks/include/SON/98dfc3a9148f.npz,55,0.0,0.0,0.8545,1.0,,train
e793d1d360f5,SON,include,video,,include:clip:e793d1d360f5,data/external/include_pose/INCLUDE/Pose_Signs/People/58. Son/MVI_4219.pkl,data/processed/landmarks/include/SON/e793d1d360f5.npz,57,0.0,0.0,1.0,1.0,,train
1d2b4a9c03eb,SON,include,video,,include:clip:1d2b4a9c03eb,data/external/include_pose/INCLUDE/Pose_Signs/People/58. Son/MVI_5071.pkl,data/processed/landmarks/include/SON/1d2b4a9c03eb.npz,59,0.0,0.0,0.8475,1.0,,train
726fcb4ecf72,SON,include,video,,include:clip:726fcb4ecf72,data/external/include_pose/INCLUDE/Pose_Signs/People/58. Son/MVI_4051.pkl,data/processed/landmarks/include/SON/726fcb4ecf72.npz,55,0.0,0.0,0.9636,1.0,,train
1effb6bde7a8,SON,include,video,,include:clip:1effb6bde7a8,data/external/include_pose/INCLUDE/Pose_Signs/People/58. Son/MVI_4053.pkl,data/processed/landmarks/include/SON/1effb6bde7a8.npz,65,0.0,0.0,0.9692,1.0,,train
b84b95ed05a3,PARENT,include,video,,include:clip:b84b95ed05a3,data/external/include_pose/INCLUDE/Pose_Signs/People/62. Parent/MVI_5232.pkl,data/processed/landmarks/include/PARENT/b84b95ed05a3.npz,68,0.0,0.0,0.9706,1.0,,train
056971e6259e,PARENT,include,video,,include:clip:056971e6259e,data/external/include_pose/INCLUDE/Pose_Signs/People/62. Parent/MVI_5231.pkl,data/processed/landmarks/include/PARENT/056971e6259e.npz,80,0.0,0.0,1.0,1.0,,train
976b19560482,PARENT,include,video,,include:clip:976b19560482,data/external/include_pose/INCLUDE/Pose_Signs/People/62. Parent/MVI_3915.pkl,data/processed/landmarks/include/PARENT/976b19560482.npz,76,0.0,0.0,0.9605,1.0,,train
9c9fd02bb650,PARENT,include,video,,include:clip:9c9fd02bb650,data/external/include_pose/INCLUDE/Pose_Signs/People/62. Parent/MVI_3768.pkl,data/processed/landmarks/include/PARENT/9c9fd02bb650.npz,66,0.0,0.0,0.9394,1.0,,train
e2421a8046ab,PARENT,include,video,,include:clip:e2421a8046ab,data/external/include_pose/INCLUDE/Pose_Signs/People/62. Parent/MVI_5084.pkl,data/processed/landmarks/include/PARENT/e2421a8046ab.npz,65,0.0,0.0,0.9077,1.0,,train
0c6e01ee55a0,PARENT,include,video,,include:clip:0c6e01ee55a0,data/external/include_pose/INCLUDE/Pose_Signs/People/62. Parent/MVI_5085.pkl,data/processed/landmarks/include/PARENT/0c6e01ee55a0.npz,67,0.0,0.0,0.9403,1.0,,train
98256233e4cd,PARENT,include,video,,include:clip:98256233e4cd,data/external/include_pose/INCLUDE/Pose_Signs/People/62. Parent/MVI_4945.pkl,data/processed/landmarks/include/PARENT/98256233e4cd.npz,71,0.0,0.0,0.9859,1.0,,train
87b1418cf2aa,PARENT,include,video,,include:clip:87b1418cf2aa,data/external/include_pose/INCLUDE/Pose_Signs/People/62. Parent/MVI_4944.pkl,data/processed/landmarks/include/PARENT/87b1418cf2aa.npz,71,0.0,0.0,1.0,1.0,,train
05e1139d4f8a,PARENT,include,video,,include:clip:05e1139d4f8a,data/external/include_pose/INCLUDE/Pose_Signs/People/62. Parent/MVI_5083.pkl,data/processed/landmarks/include/PARENT/05e1139d4f8a.npz,72,0.0,0.0,0.9306,1.0,,train
065a24eec7c3,PARENT,include,video,,include:clip:065a24eec7c3,data/external/include_pose/INCLUDE/Pose_Signs/People/62. Parent/MVI_4943.pkl,data/processed/landmarks/include/PARENT/065a24eec7c3.npz,64,0.0,0.0,0.9844,1.0,,train
a23f2c89e27d,PARENT,include,video,,include:clip:a23f2c89e27d,data/external/include_pose/INCLUDE/Pose_Signs/People/62. Parent/MVI_4225.pkl,data/processed/landmarks/include/PARENT/a23f2c89e27d.npz,62,0.0,0.0,1.0,1.0,,train
e6d566f50a78,PARENT,include,video,,include:clip:e6d566f50a78,data/external/include_pose/INCLUDE/Pose_Signs/People/62. Parent/MVI_3767.pkl,data/processed/landmarks/include/PARENT/e6d566f50a78.npz,66,0.0,0.0,0.9394,1.0,,train
d9d9ebe7c3c1,PARENT,include,video,,include:clip:d9d9ebe7c3c1,data/external/include_pose/INCLUDE/Pose_Signs/People/62. Parent/MVI_3766.pkl,data/processed/landmarks/include/PARENT/d9d9ebe7c3c1.npz,74,0.0,0.0,0.9865,1.0,,train
5650b4d2eaa1,PARENT,include,video,,include:clip:5650b4d2eaa1,data/external/include_pose/INCLUDE/Pose_Signs/People/62. Parent/MVI_8627.pkl,data/processed/landmarks/include/PARENT/5650b4d2eaa1.npz,81,0.0,0.0,0.9259,1.0,,train
9b4b80c14c40,BOY,include,video,,include:clip:9b4b80c14c40,data/external/include_pose/INCLUDE/Pose_Signs/People/77. Boy/MVI_4112.pkl,data/processed/landmarks/include/BOY/9b4b80c14c40.npz,66,0.0,0.0,1.0,1.0,,train
a0b47cae21e0,BOY,include,video,,include:clip:a0b47cae21e0,data/external/include_pose/INCLUDE/Pose_Signs/People/77. Boy/MVI_5133.pkl,data/processed/landmarks/include/BOY/a0b47cae21e0.npz,58,0.0,0.0,1.0,1.0,,train
24acdce4fd37,BOY,include,video,,include:clip:24acdce4fd37,data/external/include_pose/INCLUDE/Pose_Signs/People/77. Boy/MVI_5286.pkl,data/processed/landmarks/include/BOY/24acdce4fd37.npz,52,0.0,0.0,1.0,1.0,,train
1e454953cabd,BOY,include,video,,include:clip:1e454953cabd,data/external/include_pose/INCLUDE/Pose_Signs/People/77. Boy/MVI_5287.pkl,data/processed/landmarks/include/BOY/1e454953cabd.npz,52,0.0,0.0,1.0,1.0,,train
e0dcf402917a,BOY,include,video,,include:clip:e0dcf402917a,data/external/include_pose/INCLUDE/Pose_Signs/People/77. Boy/MVI_3964.pkl,data/processed/landmarks/include/BOY/e0dcf402917a.npz,68,0.0,0.0,1.0,1.0,,train
226afe6f4657,BOY,include,video,,include:clip:226afe6f4657,data/external/include_pose/INCLUDE/Pose_Signs/People/77. Boy/MVI_4983.pkl,data/processed/landmarks/include/BOY/226afe6f4657.npz,50,0.0,0.0,1.0,1.0,,train
373bfff648cc,BOY,include,video,,include:clip:373bfff648cc,data/external/include_pose/INCLUDE/Pose_Signs/People/77. Boy/MVI_3815.pkl,data/processed/landmarks/include/BOY/373bfff648cc.npz,58,0.0,0.0,1.0,1.0,,train
5c0faf659c60,BOY,include,video,,include:clip:5c0faf659c60,data/external/include_pose/INCLUDE/Pose_Signs/People/77. Boy/MVI_3814.pkl,data/processed/landmarks/include/BOY/5c0faf659c60.npz,63,0.0,0.0,1.0,1.0,,train
0453150c253c,BOY,include,video,,include:clip:0453150c253c,data/external/include_pose/INCLUDE/Pose_Signs/People/77. Boy/MVI_5134.pkl,data/processed/landmarks/include/BOY/0453150c253c.npz,60,0.0,0.0,1.0,1.0,,train
c227589208f2,BOY,include,video,,include:clip:c227589208f2,data/external/include_pose/INCLUDE/Pose_Signs/People/77. Boy/MVI_4982.pkl,data/processed/landmarks/include/BOY/c227589208f2.npz,51,0.0,0.0,1.0,1.0,,train
082d7af48043,BOY,include,video,,include:clip:082d7af48043,data/external/include_pose/INCLUDE/Pose_Signs/People/77. Boy/MVI_3962.pkl,data/processed/landmarks/include/BOY/082d7af48043.npz,71,0.0,0.0,1.0,1.0,,train
3bc13f058604,BOY,include,video,,include:clip:3bc13f058604,data/external/include_pose/INCLUDE/Pose_Signs/People/77. Boy/MVI_3816.pkl,data/processed/landmarks/include/BOY/3bc13f058604.npz,54,0.0,0.0,1.0,1.0,,train
3e2d7de2a2fd,BOY,include,video,,include:clip:3e2d7de2a2fd,data/external/include_pose/INCLUDE/Pose_Signs/People/77. Boy/MVI_8644.pkl,data/processed/landmarks/include/BOY/3e2d7de2a2fd.npz,68,0.0,0.0,0.6618,1.0,,train
2be0ab04874c,BOY,include,video,,include:clip:2be0ab04874c,data/external/include_pose/INCLUDE/Pose_Signs/People/77. Boy/MVI_4109.pkl,data/processed/landmarks/include/BOY/2be0ab04874c.npz,72,0.0,0.0,1.0,1.0,,train
b24d3ec36c8e,DAUGHTER,include,video,,include:clip:b24d3ec36c8e,data/external/include_pose/INCLUDE/Pose_Signs/People/59. Daughter/MVI_3904.pkl,data/processed/landmarks/include/DAUGHTER/b24d3ec36c8e.npz,70,0.0,0.0,0.9429,1.0,,train
5c92882d0127,DAUGHTER,include,video,,include:clip:5c92882d0127,data/external/include_pose/INCLUDE/Pose_Signs/People/59. Daughter/MVI_3905.pkl,data/processed/landmarks/include/DAUGHTER/5c92882d0127.npz,72,0.0,0.0,0.9722,1.0,,train
090618be6c92,DAUGHTER,include,video,,include:clip:090618be6c92,data/external/include_pose/INCLUDE/Pose_Signs/People/59. Daughter/MVI_4936.pkl,data/processed/landmarks/include/DAUGHTER/090618be6c92.npz,52,0.0,0.0,0.9808,1.0,,train
47ae0807daf8,DAUGHTER,include,video,,include:clip:47ae0807daf8,data/external/include_pose/INCLUDE/Pose_Signs/People/59. Daughter/MVI_4934.pkl,data/processed/landmarks/include/DAUGHTER/47ae0807daf8.npz,61,0.0,0.0,0.9836,1.0,,train
8cf6cd7cc701,DAUGHTER,include,video,,include:clip:8cf6cd7cc701,data/external/include_pose/INCLUDE/Pose_Signs/People/59. Daughter/MVI_5223.pkl,data/processed/landmarks/include/DAUGHTER/8cf6cd7cc701.npz,72,0.0,0.0,0.9722,1.0,,train
25b35a424c28,DAUGHTER,include,video,,include:clip:25b35a424c28,data/external/include_pose/INCLUDE/Pose_Signs/People/59. Daughter/MVI_5222.pkl,data/processed/landmarks/include/DAUGHTER/25b35a424c28.npz,71,0.0,0.0,1.0,1.0,,train
736dc82f50f6,DAUGHTER,include,video,,include:clip:736dc82f50f6,data/external/include_pose/INCLUDE/Pose_Signs/People/59. Daughter/MVI_4935.pkl,data/processed/landmarks/include/DAUGHTER/736dc82f50f6.npz,55,0.0,0.0,0.9818,1.0,,train
f897fbdbde8b,DAUGHTER,include,video,,include:clip:f897fbdbde8b,data/external/include_pose/INCLUDE/Pose_Signs/People/59. Daughter/MVI_5075.pkl,data/processed/landmarks/include/DAUGHTER/f897fbdbde8b.npz,50,0.0,0.0,0.76,1.0,,train
ce7d395fad9a,DAUGHTER,include,video,,include:clip:ce7d395fad9a,data/external/include_pose/INCLUDE/Pose_Signs/People/59. Daughter/MVI_3758.pkl,data/processed/landmarks/include/DAUGHTER/ce7d395fad9a.npz,43,0.0,0.0,0.9302,1.0,,train
26faa0b1bf76,DAUGHTER,include,video,,include:clip:26faa0b1bf76,data/external/include_pose/INCLUDE/Pose_Signs/People/59. Daughter/MVI_4221.pkl,data/processed/landmarks/include/DAUGHTER/26faa0b1bf76.npz,48,0.0,0.0,1.0,1.0,,train
d2ffc095b279,DAUGHTER,include,video,,include:clip:d2ffc095b279,data/external/include_pose/INCLUDE/Pose_Signs/People/59. Daughter/MVI_5076.pkl,data/processed/landmarks/include/DAUGHTER/d2ffc095b279.npz,58,0.0,0.0,0.9138,1.0,,train
eb6febbe90b3,DAUGHTER,include,video,,include:clip:eb6febbe90b3,data/external/include_pose/INCLUDE/Pose_Signs/People/59. Daughter/MVI_8624.pkl,data/processed/landmarks/include/DAUGHTER/eb6febbe90b3.npz,67,0.0,0.0,0.6418,1.0,,train
0b922f11ce38,DAUGHTER,include,video,,include:clip:0b922f11ce38,data/external/include_pose/INCLUDE/Pose_Signs/People/59. Daughter/MVI_4056.pkl,data/processed/landmarks/include/DAUGHTER/0b922f11ce38.npz,61,0.0,0.0,0.9508,1.0,,train
eb4ffe60c9c7,DAUGHTER,include,video,,include:clip:eb4ffe60c9c7,data/external/include_pose/INCLUDE/Pose_Signs/People/59. Daughter/MVI_4055.pkl,data/processed/landmarks/include/DAUGHTER/eb4ffe60c9c7.npz,58,0.0,0.0,0.9483,1.0,,train
481b182e8642,FRIEND,include,video,,include:clip:481b182e8642,data/external/include_pose/INCLUDE/Pose_Signs/People/81. Friend/MVI_5145.pkl,data/processed/landmarks/include/FRIEND/481b182e8642.npz,56,0.0,0.0,0.7857,1.0,,train
61f6287ec2e4,FRIEND,include,video,,include:clip:61f6287ec2e4,data/external/include_pose/INCLUDE/Pose_Signs/People/81. Friend/MVI_5147.pkl,data/processed/landmarks/include/FRIEND/61f6287ec2e4.npz,54,0.0,0.0,0.8333,1.0,,train
54379981e5e6,FRIEND,include,video,,include:clip:54379981e5e6,data/external/include_pose/INCLUDE/Pose_Signs/People/81. Friend/MVI_5146.pkl,data/processed/landmarks/include/FRIEND/54379981e5e6.npz,58,0.0,0.0,0.7586,1.0,,train
ec2c38e16da0,FRIEND,include,video,,include:clip:ec2c38e16da0,data/external/include_pose/INCLUDE/Pose_Signs/People/81. Friend/MVI_8648.pkl,data/processed/landmarks/include/FRIEND/ec2c38e16da0.npz,59,0.0,0.0,0.7458,1.0,,train
28f58efc133a,FRIEND,include,video,,include:clip:28f58efc133a,data/external/include_pose/INCLUDE/Pose_Signs/People/81. Friend/MVI_4997.pkl,data/processed/landmarks/include/FRIEND/28f58efc133a.npz,46,0.0,0.0,0.9565,1.0,,train
479d1fcd1f69,FRIEND,include,video,,include:clip:479d1fcd1f69,data/external/include_pose/INCLUDE/Pose_Signs/People/81. Friend/MVI_3977.pkl,data/processed/landmarks/include/FRIEND/479d1fcd1f69.npz,56,0.0,0.0,1.0,1.0,,train
c3c425a56e25,FRIEND,include,video,,include:clip:c3c425a56e25,data/external/include_pose/INCLUDE/Pose_Signs/People/81. Friend/MVI_4998.pkl,data/processed/landmarks/include/FRIEND/c3c425a56e25.npz,48,0.0,0.0,0.9167,1.0,,train
7c20a857684c,FRIEND,include,video,,include:clip:7c20a857684c,data/external/include_pose/INCLUDE/Pose_Signs/People/81. Friend/MVI_3826.pkl,data/processed/landmarks/include/FRIEND/7c20a857684c.npz,61,0.0,0.0,0.8197,1.0,,train
f302ed8eb0fa,FRIEND,include,video,,include:clip:f302ed8eb0fa,data/external/include_pose/INCLUDE/Pose_Signs/People/81. Friend/MVI_3827.pkl,data/processed/landmarks/include/FRIEND/f302ed8eb0fa.npz,59,0.0,0.0,0.8644,1.0,,train
6087833b2e4a,FRIEND,include,video,,include:clip:6087833b2e4a,data/external/include_pose/INCLUDE/Pose_Signs/People/81. Friend/MVI_5299.pkl,data/processed/landmarks/include/FRIEND/6087833b2e4a.npz,49,0.0,0.0,0.9388,1.0,,train
13edf1dc6b41,FRIEND,include,video,,include:clip:13edf1dc6b41,data/external/include_pose/INCLUDE/Pose_Signs/People/81. Friend/MVI_5301.pkl,data/processed/landmarks/include/FRIEND/13edf1dc6b41.npz,62,0.0,0.0,0.9677,1.0,,train
29447c43dca7,FRIEND,include,video,,include:clip:29447c43dca7,data/external/include_pose/INCLUDE/Pose_Signs/People/81. Friend/MVI_4124.pkl,data/processed/landmarks/include/FRIEND/29447c43dca7.npz,55,0.0,0.0,0.8545,1.0,,train
6974f695cb81,FRIEND,include,video,,include:clip:6974f695cb81,data/external/include_pose/INCLUDE/Pose_Signs/People/81. Friend/MVI_4246.pkl,data/processed/landmarks/include/FRIEND/6974f695cb81.npz,61,0.0,0.0,0.8852,1.0,,train
c09a68d905e8,FRIEND,include,video,,include:clip:c09a68d905e8,data/external/include_pose/INCLUDE/Pose_Signs/People/81. Friend/MVI_4122.pkl,data/processed/landmarks/include/FRIEND/c09a68d905e8.npz,56,0.0,0.0,0.8036,1.0,,train
1e4295400ac7,SEASON,include,video,,include:clip:1e4295400ac7,data/external/include_pose/INCLUDE/Pose_Signs/Seasons/65. Season/MVI_5437.pkl,data/processed/landmarks/include/SEASON/1e4295400ac7.npz,119,0.0,0.0,0.916,1.0,,train
010b0012c4b1,SEASON,include,video,,include:clip:010b0012c4b1,data/external/include_pose/INCLUDE/Pose_Signs/Seasons/65. Season/MVI_5441.pkl,data/processed/landmarks/include/SEASON/010b0012c4b1.npz,107,0.0,0.0,0.8972,1.0,,train
a2f34e808b28,SEASON,include,video,,include:clip:a2f34e808b28,data/external/include_pose/INCLUDE/Pose_Signs/Seasons/65. Season/MVI_4581.pkl,data/processed/landmarks/include/SEASON/a2f34e808b28.npz,130,0.0,0.0,0.9385,1.0,,train
ed5e3ee93b13,SEASON,include,video,,include:clip:ed5e3ee93b13,data/external/include_pose/INCLUDE/Pose_Signs/Seasons/65. Season/MVI_4582.pkl,data/processed/landmarks/include/SEASON/ed5e3ee93b13.npz,138,0.0,0.0,0.8696,1.0,,train
78d8425dea1a,SEASON,include,video,,include:clip:78d8425dea1a,data/external/include_pose/INCLUDE/Pose_Signs/Seasons/65. Season/MVI_9138.pkl,data/processed/landmarks/include/SEASON/78d8425dea1a.npz,112,0.0,0.0,0.9464,1.0,,train
17085cdf39d5,SEASON,include,video,,include:clip:17085cdf39d5,data/external/include_pose/INCLUDE/Pose_Signs/Seasons/65. Season/MVI_5003.pkl,data/processed/landmarks/include/SEASON/17085cdf39d5.npz,91,0.0,0.0,0.8242,1.0,,train
5ed2a2bd10a2,SEASON,include,video,,include:clip:5ed2a2bd10a2,data/external/include_pose/INCLUDE/Pose_Signs/Seasons/65. Season/MVI_5002.pkl,data/processed/landmarks/include/SEASON/5ed2a2bd10a2.npz,90,0.0,0.0,0.8222,1.0,,train
131cdf1816e1,SEASON,include,video,,include:clip:131cdf1816e1,data/external/include_pose/INCLUDE/Pose_Signs/Seasons/65. Season/MVI_5438.pkl,data/processed/landmarks/include/SEASON/131cdf1816e1.npz,122,0.0,0.0,0.8852,1.0,,train
bc92e57b8560,SEASON,include,video,,include:clip:bc92e57b8560,data/external/include_pose/INCLUDE/Pose_Signs/Seasons/65. Season/MVI_5439.pkl,data/processed/landmarks/include/SEASON/bc92e57b8560.npz,128,0.0,0.0,0.9375,1.0,,train
453b0f05c638,SPRING,include,video,,include:clip:453b0f05c638,data/external/include_pose/INCLUDE/Pose_Signs/Seasons/62. Spring/MVI_9127.pkl,data/processed/landmarks/include/SPRING/453b0f05c638.npz,95,0.0,0.0,0.9474,1.0,,train
ec53d51ecd6d,SPRING,include,video,,include:clip:ec53d51ecd6d,data/external/include_pose/INCLUDE/Pose_Signs/Seasons/62. Spring/MVI_9126.pkl,data/processed/landmarks/include/SPRING/ec53d51ecd6d.npz,88,0.0,0.0,0.8977,1.0,,train
f32f1f8e33a1,SPRING,include,video,,include:clip:f32f1f8e33a1,data/external/include_pose/INCLUDE/Pose_Signs/Seasons/62. Spring/MVI_5426.pkl,data/processed/landmarks/include/SPRING/f32f1f8e33a1.npz,86,0.0,0.0,0.9767,1.0,,train
e2d530501f2a,SPRING,include,video,,include:clip:e2d530501f2a,data/external/include_pose/INCLUDE/Pose_Signs/Seasons/62. Spring/MVI_5427.pkl,data/processed/landmarks/include/SPRING/e2d530501f2a.npz,87,0.0,0.0,0.954,1.0,,train
940b0725ebb8,SPRING,include,video,,include:clip:940b0725ebb8,data/external/include_pose/INCLUDE/Pose_Signs/Seasons/62. Spring/MVI_4571.pkl,data/processed/landmarks/include/SPRING/940b0725ebb8.npz,93,0.0,0.0,0.8172,1.0,,train
27c5a0df9c85,SPRING,include,video,,include:clip:27c5a0df9c85,data/external/include_pose/INCLUDE/Pose_Signs/Seasons/62. Spring/MVI_4570.pkl,data/processed/landmarks/include/SPRING/27c5a0df9c85.npz,82,0.0,0.0,0.8537,1.0,,train
1d4f34bd3303,SPRING,include,video,,include:clip:1d4f34bd3303,data/external/include_pose/INCLUDE/Pose_Signs/Seasons/62. Spring/MVI_4994.pkl,data/processed/landmarks/include/SPRING/1d4f34bd3303.npz,73,0.0,0.0,0.8356,1.0,,train
02b57705d1ef,SPRING,include,video,,include:clip:02b57705d1ef,data/external/include_pose/INCLUDE/Pose_Signs/Seasons/62. Spring/MVI_4572.pkl,data/processed/landmarks/include/SPRING/02b57705d1ef.npz,101,0.0,0.0,0.8812,1.0,,train
a1beb607103b,SPRING,include,video,,include:clip:a1beb607103b,data/external/include_pose/INCLUDE/Pose_Signs/Seasons/62. Spring/MVI_5428.pkl,data/processed/landmarks/include/SPRING/a1beb607103b.npz,83,0.0,0.0,0.9639,1.0,,train
f68f66e419e0,EX_MONSOON,include,video,,include:clip:f68f66e419e0,data/external/include_pose/INCLUDE/Pose_Signs/Seasons/Ex. Monsoon/MVI_4671.pkl,data/processed/landmarks/include/EX_MONSOON/f68f66e419e0.npz,58,0.0,0.0,0.7759,1.0,,train
2c6bb73d8a48,EX_MONSOON,include,video,,include:clip:2c6bb73d8a48,data/external/include_pose/INCLUDE/Pose_Signs/Seasons/Ex. Monsoon/MVI_4672.pkl,data/processed/landmarks/include/EX_MONSOON/2c6bb73d8a48.npz,64,0.0,0.0,0.8906,1.0,,train
34800f9d327a,EX_MONSOON,include,video,,include:clip:34800f9d327a,data/external/include_pose/INCLUDE/Pose_Signs/Seasons/Ex. Monsoon/MVI_5082.pkl,data/processed/landmarks/include/EX_MONSOON/34800f9d327a.npz,49,0.0,0.0,0.8776,1.0,,train
9d2ea2b94ce1,EX_MONSOON,include,video,,include:clip:9d2ea2b94ce1,data/external/include_pose/INCLUDE/Pose_Signs/Seasons/Ex. Monsoon/MVI_5530.pkl,data/processed/landmarks/include/EX_MONSOON/9d2ea2b94ce1.npz,46,0.0,0.0,0.8043,1.0,,train
c89e78c701a1,EX_MONSOON,include,video,,include:clip:c89e78c701a1,data/external/include_pose/INCLUDE/Pose_Signs/Seasons/Ex. Monsoon/MVI_5081.pkl,data/processed/landmarks/include/EX_MONSOON/c89e78c701a1.npz,48,0.0,0.0,0.8125,1.0,,train
1aac1d6fea7b,EX_MONSOON,include,video,,include:clip:1aac1d6fea7b,data/external/include_pose/INCLUDE/Pose_Signs/Seasons/Ex. Monsoon/MVI_9205.pkl,data/processed/landmarks/include/EX_MONSOON/1aac1d6fea7b.npz,62,0.0,0.0,0.7742,1.0,,train
142e3bf51a25,EX_MONSOON,include,video,,include:clip:142e3bf51a25,data/external/include_pose/INCLUDE/Pose_Signs/Seasons/Ex. Monsoon/MVI_9207.pkl,data/processed/landmarks/include/EX_MONSOON/142e3bf51a25.npz,70,0.0,0.0,0.8143,1.0,,train
2675b7b28d2e,EX_MONSOON,include,video,,include:clip:2675b7b28d2e,data/external/include_pose/INCLUDE/Pose_Signs/Seasons/Ex. Monsoon/MVI_5528.pkl,data/processed/landmarks/include/EX_MONSOON/2675b7b28d2e.npz,44,0.0,0.0,0.7955,1.0,,train
1f0dd9f5336c,EX_MONSOON,include,video,,include:clip:1f0dd9f5336c,data/external/include_pose/INCLUDE/Pose_Signs/Seasons/Ex. Monsoon/MVI_9206.pkl,data/processed/landmarks/include/EX_MONSOON/1f0dd9f5336c.npz,68,0.0,0.0,0.8235,1.0,,train
60ad56d8c625,FALL,include,video,,include:clip:60ad56d8c625,data/external/include_pose/INCLUDE/Pose_Signs/Seasons/64. Fall/MVI_5434.pkl,data/processed/landmarks/include/FALL/60ad56d8c625.npz,53,0.0,0.0,1.0,1.0,,train
4e4f22492d1a,FALL,include,video,,include:clip:4e4f22492d1a,data/external/include_pose/INCLUDE/Pose_Signs/Seasons/64. Fall/MVI_9133.pkl,data/processed/landmarks/include/FALL/4e4f22492d1a.npz,76,0.0,0.0,1.0,1.0,,train
0a247649374c,FALL,include,video,,include:clip:0a247649374c,data/external/include_pose/INCLUDE/Pose_Signs/Seasons/64. Fall/MVI_9132.pkl,data/processed/landmarks/include/FALL/0a247649374c.npz,68,0.0,0.0,1.0,1.0,,train
2dac46fdfa00,FALL,include,video,,include:clip:2dac46fdfa00,data/external/include_pose/INCLUDE/Pose_Signs/Seasons/64. Fall/MVI_5433.pkl,data/processed/landmarks/include/FALL/2dac46fdfa00.npz,55,0.0,0.0,1.0,1.0,,train
aecd293ef2f8,FALL,include,video,,include:clip:aecd293ef2f8,data/external/include_pose/INCLUDE/Pose_Signs/Seasons/64. Fall/MVI_9134.pkl,data/processed/landmarks/include/FALL/aecd293ef2f8.npz,76,0.0,0.0,1.0,1.0,,train
46b8ab13bb65,FALL,include,video,,include:clip:46b8ab13bb65,data/external/include_pose/INCLUDE/Pose_Signs/Seasons/64. Fall/MVI_4580.pkl,data/processed/landmarks/include/FALL/46b8ab13bb65.npz,60,0.0,0.0,1.0,1.0,,train
6d36ca2f2af1,FALL,include,video,,include:clip:6d36ca2f2af1,data/external/include_pose/INCLUDE/Pose_Signs/Seasons/64. Fall/MVI_4999.pkl,data/processed/landmarks/include/FALL/6d36ca2f2af1.npz,44,0.0,0.0,1.0,1.0,,train
43e175beaf2a,FALL,include,video,,include:clip:43e175beaf2a,data/external/include_pose/INCLUDE/Pose_Signs/Seasons/64. Fall/MVI_4579.pkl,data/processed/landmarks/include/FALL/43e175beaf2a.npz,64,0.0,0.0,1.0,1.0,,train
f58a19a73fef,FALL,include,video,,include:clip:f58a19a73fef,data/external/include_pose/INCLUDE/Pose_Signs/Seasons/64. Fall/MVI_5000.pkl,data/processed/landmarks/include/FALL/f58a19a73fef.npz,38,0.0,0.0,1.0,1.0,,train
339f0858ffac,FALL,include,video,,include:clip:339f0858ffac,data/external/include_pose/INCLUDE/Pose_Signs/Seasons/64. Fall/MVI_5001.pkl,data/processed/landmarks/include/FALL/339f0858ffac.npz,42,0.0,0.0,1.0,1.0,,train
29af9391499f,WINTER,include,video,,include:clip:29af9391499f,data/external/include_pose/INCLUDE/Pose_Signs/Seasons/63. Winter/MVI_9130.pkl,data/processed/landmarks/include/WINTER/29af9391499f.npz,77,0.0,0.0,0.9091,1.0,,train
23d31d478793,WINTER,include,video,,include:clip:23d31d478793,data/external/include_pose/INCLUDE/Pose_Signs/Seasons/63. Winter/MVI_9131.pkl,data/processed/landmarks/include/WINTER/23d31d478793.npz,76,0.0,0.0,0.9079,1.0,,train
04280e0b2b4d,WINTER,include,video,,include:clip:04280e0b2b4d,data/external/include_pose/INCLUDE/Pose_Signs/Seasons/63. Winter/MVI_5431.pkl,data/processed/landmarks/include/WINTER/04280e0b2b4d.npz,56,0.0,0.0,0.9286,1.0,,train
6796cf652f27,WINTER,include,video,,include:clip:6796cf652f27,data/external/include_pose/INCLUDE/Pose_Signs/Seasons/63. Winter/MVI_5430.pkl,data/processed/landmarks/include/WINTER/6796cf652f27.npz,53,0.0,0.0,0.9057,1.0,,train
723a82b73338,WINTER,include,video,,include:clip:723a82b73338,data/external/include_pose/INCLUDE/Pose_Signs/Seasons/63. Winter/MVI_4574.pkl,data/processed/landmarks/include/WINTER/723a82b73338.npz,51,0.0,0.0,0.8431,1.0,,train
158914a3fda9,WINTER,include,video,,include:clip:158914a3fda9,data/external/include_pose/INCLUDE/Pose_Signs/Seasons/63. Winter/MVI_4997.pkl,data/processed/landmarks/include/WINTER/158914a3fda9.npz,51,0.0,0.0,0.7843,1.0,,train
cba6b822d218,WINTER,include,video,,include:clip:cba6b822d218,data/external/include_pose/INCLUDE/Pose_Signs/Seasons/63. Winter/MVI_4996.pkl,data/processed/landmarks/include/WINTER/cba6b822d218.npz,56,0.0,0.0,0.8214,1.0,,train
e3996158c881,WINTER,include,video,,include:clip:e3996158c881,data/external/include_pose/INCLUDE/Pose_Signs/Seasons/63. Winter/MVI_4573.pkl,data/processed/landmarks/include/WINTER/e3996158c881.npz,63,0.0,0.0,0.873,1.0,,train
c7bb106754ef,WINTER,include,video,,include:clip:c7bb106754ef,data/external/include_pose/INCLUDE/Pose_Signs/Seasons/63. Winter/MVI_5429.pkl,data/processed/landmarks/include/WINTER/c7bb106754ef.npz,50,0.0,0.0,0.9,1.0,,train
c70891c93377,SUMMER,include,video,,include:clip:c70891c93377,data/external/include_pose/INCLUDE/Pose_Signs/Seasons/61. Summer/MVI_5420.pkl,data/processed/landmarks/include/SUMMER/c70891c93377.npz,64,0.0,0.0,1.0,1.0,,train
54590773907d,SUMMER,include,video,,include:clip:54590773907d,data/external/include_pose/INCLUDE/Pose_Signs/Seasons/61. Summer/MVI_9124.pkl,data/processed/landmarks/include/SUMMER/54590773907d.npz,75,0.0,0.0,1.0,1.0,,train
c1bf7285cc75,SUMMER,include,video,,include:clip:c1bf7285cc75,data/external/include_pose/INCLUDE/Pose_Signs/Seasons/61. Summer/MVI_5422.pkl,data/processed/landmarks/include/SUMMER/c1bf7285cc75.npz,58,0.0,0.0,1.0,1.0,,train
f881083dd452,SUMMER,include,video,,include:clip:f881083dd452,data/external/include_pose/INCLUDE/Pose_Signs/Seasons/61. Summer/MVI_9123.pkl,data/processed/landmarks/include/SUMMER/f881083dd452.npz,71,0.0,0.0,1.0,1.0,,train
a766009856e2,SUMMER,include,video,,include:clip:a766009856e2,data/external/include_pose/INCLUDE/Pose_Signs/Seasons/61. Summer/MVI_5424.pkl,data/processed/landmarks/include/SUMMER/a766009856e2.npz,58,0.0,0.0,1.0,1.0,,train
b0571d9ac6ea,SUMMER,include,video,,include:clip:b0571d9ac6ea,data/external/include_pose/INCLUDE/Pose_Signs/Seasons/61. Summer/MVI_4990.pkl,data/processed/landmarks/include/SUMMER/b0571d9ac6ea.npz,63,0.0,0.0,1.0,1.0,,train
3b032982172d,SUMMER,include,video,,include:clip:3b032982172d,data/external/include_pose/INCLUDE/Pose_Signs/Seasons/61. Summer/MVI_4565.pkl,data/processed/landmarks/include/SUMMER/3b032982172d.npz,78,0.0,0.0,1.0,1.0,,train
a296b51419f8,SUMMER,include,video,,include:clip:a296b51419f8,data/external/include_pose/INCLUDE/Pose_Signs/Seasons/61. Summer/MVI_4566.pkl,data/processed/landmarks/include/SUMMER/a296b51419f8.npz,75,0.0,0.0,1.0,1.0,,train
fc2d95703826,SUMMER,include,video,,include:clip:fc2d95703826,data/external/include_pose/INCLUDE/Pose_Signs/Seasons/61. Summer/MVI_4567.pkl,data/processed/landmarks/include/SUMMER/fc2d95703826.npz,67,0.0,0.0,0.9851,1.0,,train
f153982b82a9,SHE,include,video,,include:clip:f153982b82a9,data/external/include_pose/INCLUDE/Pose_Signs/Pronouns/43. she/MVI_9967.pkl,data/processed/landmarks/include/SHE/f153982b82a9.npz,51,0.0,0.0,1.0,1.0,,train
5460e6fc6810,SHE,include,video,,include:clip:5460e6fc6810,data/external/include_pose/INCLUDE/Pose_Signs/Pronouns/43. she/MVI_0012.pkl,data/processed/landmarks/include/SHE/5460e6fc6810.npz,81,0.0,0.0,1.0,1.0,,train
4b7a4e7e7e5f,SHE,include,video,,include:clip:4b7a4e7e7e5f,data/external/include_pose/INCLUDE/Pose_Signs/Pronouns/43. she/MVI_0010.pkl,data/processed/landmarks/include/SHE/4b7a4e7e7e5f.npz,80,0.0,0.0,1.0,1.0,,train
4651bf1503f7,SHE,include,video,,include:clip:4651bf1503f7,data/external/include_pose/INCLUDE/Pose_Signs/Pronouns/43. she/MVI_0074.pkl,data/processed/landmarks/include/SHE/4651bf1503f7.npz,72,0.0,0.0,1.0,1.0,,train
1426555a643c,SHE,include,video,,include:clip:1426555a643c,data/external/include_pose/INCLUDE/Pose_Signs/Pronouns/43. she/MVI_0073.pkl,data/processed/landmarks/include/SHE/1426555a643c.npz,74,0.0,0.0,1.0,1.0,,train
3a26b7906be1,SHE,include,video,,include:clip:3a26b7906be1,data/external/include_pose/INCLUDE/Pose_Signs/Pronouns/43. she/MVI_9932.pkl,data/processed/landmarks/include/SHE/3a26b7906be1.npz,109,0.0,0.0,1.0,1.0,,train
135d1bf658e2,SHE,include,video,,include:clip:135d1bf658e2,data/external/include_pose/INCLUDE/Pose_Signs/Pronouns/43. she/MVI_9893.pkl,data/processed/landmarks/include/SHE/135d1bf658e2.npz,48,0.0,0.0,1.0,1.0,,train
a73ad6c497be,SHE,include,video,,include:clip:a73ad6c497be,data/external/include_pose/INCLUDE/Pose_Signs/Pronouns/43. she/MVI_9935.pkl,data/processed/landmarks/include/SHE/a73ad6c497be.npz,97,0.0,0.0,1.0,1.0,,train
3a7b9b432275,SHE,include,video,,include:clip:3a7b9b432275,data/external/include_pose/INCLUDE/Pose_Signs/Pronouns/43. she/MVI_9896.pkl,data/processed/landmarks/include/SHE/3a7b9b432275.npz,51,0.0,0.0,1.0,1.0,,train
4425ce8e0951,SHE,include,video,,include:clip:4425ce8e0951,data/external/include_pose/INCLUDE/Pose_Signs/Pronouns/43. she/MVI_9934.pkl,data/processed/landmarks/include/SHE/4425ce8e0951.npz,88,0.0,0.0,1.0,1.0,,train
9380436dd348,SHE,include,video,,include:clip:9380436dd348,data/external/include_pose/INCLUDE/Pose_Signs/Pronouns/43. she/MVI_9895.pkl,data/processed/landmarks/include/SHE/9380436dd348.npz,54,0.0,0.0,1.0,1.0,,train
15bad78cf5cf,SHE,include,video,,include:clip:15bad78cf5cf,data/external/include_pose/INCLUDE/Pose_Signs/Pronouns/43. she/MVI_9894.pkl,data/processed/landmarks/include/SHE/15bad78cf5cf.npz,49,0.0,0.0,1.0,1.0,,train
806db0d98243,SHE,include,video,,include:clip:806db0d98243,data/external/include_pose/INCLUDE/Pose_Signs/Pronouns/43. she/MVI_0009.pkl,data/processed/landmarks/include/SHE/806db0d98243.npz,74,0.0,0.0,1.0,1.0,,train
90012634d34d,SHE,include,video,,include:clip:90012634d34d,data/external/include_pose/INCLUDE/Pose_Signs/Pronouns/43. she/MVI_0021.pkl,data/processed/landmarks/include/SHE/90012634d34d.npz,41,0.0,0.0,1.0,1.0,,train
4243aa0a109c,YOU,include,video,,include:clip:4243aa0a109c,data/external/include_pose/INCLUDE/Pose_Signs/Pronouns/41. you/MVI_9999.pkl,data/processed/landmarks/include/YOU/4243aa0a109c.npz,71,0.0,0.0,1.0,1.0,,train
c1e6f51a7fe7,YOU,include,video,,include:clip:c1e6f51a7fe7,data/external/include_pose/INCLUDE/Pose_Signs/Pronouns/41. you/MVI_0016.pkl,data/processed/landmarks/include/YOU/c1e6f51a7fe7.npz,56,0.0,0.0,1.0,1.0,,train
34c77ba7eb74,YOU,include,video,,include:clip:34c77ba7eb74,data/external/include_pose/INCLUDE/Pose_Signs/Pronouns/41. you/MVI_9998.pkl,data/processed/landmarks/include/YOU/34c77ba7eb74.npz,69,0.0,0.0,1.0,1.0,,train
c84ebe64356d,YOU,include,video,,include:clip:c84ebe64356d,data/external/include_pose/INCLUDE/Pose_Signs/Pronouns/41. you/MVI_9962.pkl,data/processed/landmarks/include/YOU/c84ebe64356d.npz,43,0.0,0.0,1.0,1.0,,train
1128b196ae56,YOU,include,video,,include:clip:1128b196ae56,data/external/include_pose/INCLUDE/Pose_Signs/Pronouns/41. you/MVI_9960.pkl,data/processed/landmarks/include/YOU/1128b196ae56.npz,48,0.0,0.0,1.0,1.0,,train
308c4ce533f1,YOU,include,video,,include:clip:308c4ce533f1,data/external/include_pose/INCLUDE/Pose_Signs/Pronouns/41. you/MVI_9961.pkl,data/processed/landmarks/include/YOU/308c4ce533f1.npz,48,0.0,0.0,0.9792,1.0,,train
1de6167c93c4,YOU,include,video,,include:clip:1de6167c93c4,data/external/include_pose/INCLUDE/Pose_Signs/Pronouns/41. you/MVI_0067.pkl,data/processed/landmarks/include/YOU/1de6167c93c4.npz,63,0.0,0.0,1.0,1.0,,train
8b765c3f6f84,YOU,include,video,,include:clip:8b765c3f6f84,data/external/include_pose/INCLUDE/Pose_Signs/Pronouns/41. you/MVI_9885.pkl,data/processed/landmarks/include/YOU/8b765c3f6f84.npz,42,0.0,0.0,1.0,1.0,,train
f1f4cdffa2ad,YOU,include,video,,include:clip:f1f4cdffa2ad,data/external/include_pose/INCLUDE/Pose_Signs/Pronouns/41. you/MVI_9926.pkl,data/processed/landmarks/include/YOU/f1f4cdffa2ad.npz,88,0.0,0.0,1.0,1.0,,train
004e3f43d8ae,YOU,include,video,,include:clip:004e3f43d8ae,data/external/include_pose/INCLUDE/Pose_Signs/Pronouns/41. you/MVI_0069.pkl,data/processed/landmarks/include/YOU/004e3f43d8ae.npz,64,0.0,0.0,1.0,1.0,,train
0ebd079aa231,YOU,include,video,,include:clip:0ebd079aa231,data/external/include_pose/INCLUDE/Pose_Signs/Pronouns/41. you/MVI_9887.pkl,data/processed/landmarks/include/YOU/0ebd079aa231.npz,46,0.0,0.0,1.0,1.0,,train
f3c8ac7bd794,YOU,include,video,,include:clip:f3c8ac7bd794,data/external/include_pose/INCLUDE/Pose_Signs/Pronouns/41. you/MVI_0068.pkl,data/processed/landmarks/include/YOU/f3c8ac7bd794.npz,63,0.0,0.0,1.0,1.0,,train
96b8240bbc06,YOU,include,video,,include:clip:96b8240bbc06,data/external/include_pose/INCLUDE/Pose_Signs/Pronouns/41. you/MVI_9996.pkl,data/processed/landmarks/include/YOU/96b8240bbc06.npz,68,0.0,0.0,1.0,1.0,,train
f9ab9c85c335,YOU,include,video,,include:clip:f9ab9c85c335,data/external/include_pose/INCLUDE/Pose_Signs/Pronouns/41. you/MVI_9997.pkl,data/processed/landmarks/include/YOU/f9ab9c85c335.npz,64,0.0,0.0,1.0,1.0,,train
6ce997fbd44c,I,include,video,,include:clip:6ce997fbd44c,data/external/include_pose/INCLUDE/Pose_Signs/Pronouns/40. I/MVI_9959.pkl,data/processed/landmarks/include/I/6ce997fbd44c.npz,50,0.0,0.0,1.0,1.0,,train
9c88448e509d,I,include,video,,include:clip:9c88448e509d,data/external/include_pose/INCLUDE/Pose_Signs/Pronouns/40. I/MVI_9958.pkl,data/processed/landmarks/include/I/9c88448e509d.npz,47,0.0,0.0,1.0,1.0,,train
d0c59b57a85a,I,include,video,,include:clip:d0c59b57a85a,data/external/include_pose/INCLUDE/Pose_Signs/Pronouns/40. I/MVI_0003.pkl,data/processed/landmarks/include/I/d0c59b57a85a.npz,52,0.0,0.0,1.0,1.0,,train
42e2527038e9,I,include,video,,include:clip:42e2527038e9,data/external/include_pose/INCLUDE/Pose_Signs/Pronouns/40. I/MVI_0012.pkl,data/processed/landmarks/include/I/42e2527038e9.npz,45,0.0,0.0,1.0,1.0,,train
f969b7daa37e,I,include,video,,include:clip:f969b7daa37e,data/external/include_pose/INCLUDE/Pose_Signs/Pronouns/40. I/MVI_0013.pkl,data/processed/landmarks/include/I/f969b7daa37e.npz,43,0.0,0.0,1.0,1.0,,train
95fd0c7bd5ac,I,include,video,,include:clip:95fd0c7bd5ac,data/external/include_pose/INCLUDE/Pose_Signs/Pronouns/40. I/MVI_0064.pkl,data/processed/landmarks/include/I/95fd0c7bd5ac.npz,65,0.0,0.0,1.0,1.0,,train
be5b0ac57acc,I,include,video,,include:clip:be5b0ac57acc,data/external/include_pose/INCLUDE/Pose_Signs/Pronouns/40. I/MVI_9918.pkl,data/processed/landmarks/include/I/be5b0ac57acc.npz,83,0.0,0.0,1.0,1.0,,train
424e0f201e23,I,include,video,,include:clip:424e0f201e23,data/external/include_pose/INCLUDE/Pose_Signs/Pronouns/40. I/MVI_9878.pkl,data/processed/landmarks/include/I/424e0f201e23.npz,48,0.0,0.0,1.0,1.0,,train
5119c6c07e08,I,include,video,,include:clip:5119c6c07e08,data/external/include_pose/INCLUDE/Pose_Signs/Pronouns/40. I/MVI_9879.pkl,data/processed/landmarks/include/I/5119c6c07e08.npz,53,0.0,0.0,1.0,1.0,,train
cd233d9be1e7,I,include,video,,include:clip:cd233d9be1e7,data/external/include_pose/INCLUDE/Pose_Signs/Pronouns/40. I/MVI_9919.pkl,data/processed/landmarks/include/I/cd233d9be1e7.npz,81,0.0,0.0,1.0,1.0,,train
15e52bcae45a,I,include,video,,include:clip:15e52bcae45a,data/external/include_pose/INCLUDE/Pose_Signs/Pronouns/40. I/MVI_9922.pkl,data/processed/landmarks/include/I/15e52bcae45a.npz,68,0.0,0.0,1.0,1.0,,train
5951c6498a77,I,include,video,,include:clip:5951c6498a77,data/external/include_pose/INCLUDE/Pose_Signs/Pronouns/40. I/MVI_9881.pkl,data/processed/landmarks/include/I/5951c6498a77.npz,50,0.0,0.0,1.0,1.0,,train
a2bc820177e9,I,include,video,,include:clip:a2bc820177e9,data/external/include_pose/INCLUDE/Pose_Signs/Pronouns/40. I/MVI_9880.pkl,data/processed/landmarks/include/I/a2bc820177e9.npz,54,0.0,0.0,1.0,1.0,,train
fc2279996cc9,I,include,video,,include:clip:fc2279996cc9,data/external/include_pose/INCLUDE/Pose_Signs/Pronouns/40. I/MVI_9995.pkl,data/processed/landmarks/include/I/fc2279996cc9.npz,74,0.0,0.0,1.0,1.0,,train
e3cb0b0e5b7f,WE,include,video,,include:clip:e3cb0b0e5b7f,data/external/include_pose/INCLUDE/Pose_Signs/Pronouns/45. we/MVI_0028.pkl,data/processed/landmarks/include/WE/e3cb0b0e5b7f.npz,57,0.0,0.0,0.9474,1.0,,train
722fbb15c5a5,WE,include,video,,include:clip:722fbb15c5a5,data/external/include_pose/INCLUDE/Pose_Signs/Pronouns/45. we/MVI_0017.pkl,data/processed/landmarks/include/WE/722fbb15c5a5.npz,83,0.0,0.0,0.9398,1.0,,train
b0982cede737,WE,include,video,,include:clip:b0982cede737,data/external/include_pose/INCLUDE/Pose_Signs/Pronouns/45. we/MVI_9972.pkl,data/processed/landmarks/include/WE/b0982cede737.npz,53,0.0,0.0,0.9623,1.0,,train
12350897ca07,WE,include,video,,include:clip:12350897ca07,data/external/include_pose/INCLUDE/Pose_Signs/Pronouns/45. we/MVI_9973.pkl,data/processed/landmarks/include/WE/12350897ca07.npz,46,0.0,0.0,0.9783,1.0,,train
1d42a46c372d,WE,include,video,,include:clip:1d42a46c372d,data/external/include_pose/INCLUDE/Pose_Signs/Pronouns/45. we/MVI_9974.pkl,data/processed/landmarks/include/WE/1d42a46c372d.npz,48,0.0,0.0,0.9375,1.0,,train
853aedc0aed4,WE,include,video,,include:clip:853aedc0aed4,data/external/include_pose/INCLUDE/Pose_Signs/Pronouns/45. we/MVI_9904.pkl,data/processed/landmarks/include/WE/853aedc0aed4.npz,57,0.0,0.0,0.9298,1.0,,train
7a04203df82c,WE,include,video,,include:clip:7a04203df82c,data/external/include_pose/INCLUDE/Pose_Signs/Pronouns/45. we/MVI_9903.pkl,data/processed/landmarks/include/WE/7a04203df82c.npz,54,0.0,0.0,0.9259,1.0,,train
aede389129e5,WE,include,video,,include:clip:aede389129e5,data/external/include_pose/INCLUDE/Pose_Signs/Pronouns/45. we/MVI_9902.pkl,data/processed/landmarks/include/WE/aede389129e5.npz,54,0.0,0.0,0.8333,1.0,,train
1f28e3e7088f,WE,include,video,,include:clip:1f28e3e7088f,data/external/include_pose/INCLUDE/Pose_Signs/Pronouns/45. we/MVI_0081.pkl,data/processed/landmarks/include/WE/1f28e3e7088f.npz,76,0.0,0.0,0.9079,1.0,,train
5ecbbc1220d7,WE,include,video,,include:clip:5ecbbc1220d7,data/external/include_pose/INCLUDE/Pose_Signs/Pronouns/45. we/MVI_0080.pkl,data/processed/landmarks/include/WE/5ecbbc1220d7.npz,73,0.0,0.0,0.9589,1.0,,train
04ac901ef26a,WE,include,video,,include:clip:04ac901ef26a,data/external/include_pose/INCLUDE/Pose_Signs/Pronouns/45. we/MVI_0027.pkl,data/processed/landmarks/include/WE/04ac901ef26a.npz,51,0.0,0.0,0.902,1.0,,train
c91218832bee,WE,include,video,,include:clip:c91218832bee,data/external/include_pose/INCLUDE/Pose_Signs/Pronouns/45. we/MVI_9942.pkl,data/processed/landmarks/include/WE/c91218832bee.npz,78,0.0,0.0,0.9744,1.0,,train
825d75249024,WE,include,video,,include:clip:825d75249024,data/external/include_pose/INCLUDE/Pose_Signs/Pronouns/45. we/MVI_9940.pkl,data/processed/landmarks/include/WE/825d75249024.npz,77,0.0,0.0,0.9091,1.0,,train
332c14ac12a9,WE,include,video,,include:clip:332c14ac12a9,data/external/include_pose/INCLUDE/Pose_Signs/Pronouns/45. we/MVI_0019.pkl,data/processed/landmarks/include/WE/332c14ac12a9.npz,83,0.0,0.0,0.9398,1.0,,train
7472caf3ca2f,YOU_PLURAL,include,video,,include:clip:7472caf3ca2f,data/external/include_pose/INCLUDE/Pose_Signs/Pronouns/46. you (plural)/MVI_9977.pkl,data/processed/landmarks/include/YOU_PLURAL/7472caf3ca2f.npz,80,0.0,0.0,0.95,1.0,,train
a3b3b4cc6164,YOU_PLURAL,include,video,,include:clip:a3b3b4cc6164,data/external/include_pose/INCLUDE/Pose_Signs/Pronouns/46. you (plural)/MVI_9976.pkl,data/processed/landmarks/include/YOU_PLURAL/a3b3b4cc6164.npz,74,0.0,0.0,1.0,1.0,,train
cc71694becfa,YOU_PLURAL,include,video,,include:clip:cc71694becfa,data/external/include_pose/INCLUDE/Pose_Signs/Pronouns/46. you (plural)/MVI_9948.pkl,data/processed/landmarks/include/YOU_PLURAL/cc71694becfa.npz,93,0.0,0.0,1.0,1.0,,train
d92e0190517f,YOU_PLURAL,include,video,,include:clip:d92e0190517f,data/external/include_pose/INCLUDE/Pose_Signs/Pronouns/46. you (plural)/MVI_9905.pkl,data/processed/landmarks/include/YOU_PLURAL/d92e0190517f.npz,56,0.0,0.0,1.0,1.0,,train
a390174d1c0c,YOU_PLURAL,include,video,,include:clip:a390174d1c0c,data/external/include_pose/INCLUDE/Pose_Signs/Pronouns/46. you (plural)/MVI_0082.pkl,data/processed/landmarks/include/YOU_PLURAL/a390174d1c0c.npz,70,0.0,0.0,1.0,1.0,,train
798a5f6c2304,YOU_PLURAL,include,video,,include:clip:798a5f6c2304,data/external/include_pose/INCLUDE/Pose_Signs/Pronouns/46. you (plural)/MVI_9909.pkl,data/processed/landmarks/include/YOU_PLURAL/798a5f6c2304.npz,57,0.0,0.0,1.0,1.0,,train
e53f2dd513c5,YOU_PLURAL,include,video,,include:clip:e53f2dd513c5,data/external/include_pose/INCLUDE/Pose_Signs/Pronouns/46. you (plural)/MVI_9908.pkl,data/processed/landmarks/include/YOU_PLURAL/e53f2dd513c5.npz,51,0.0,0.0,1.0,1.0,,train
8565e090b057,YOU_PLURAL,include,video,,include:clip:8565e090b057,data/external/include_pose/INCLUDE/Pose_Signs/Pronouns/46. you (plural)/MVI_0084.pkl,data/processed/landmarks/include/YOU_PLURAL/8565e090b057.npz,72,0.0,0.0,1.0,1.0,,train
b29aea353a8b,YOU_PLURAL,include,video,,include:clip:b29aea353a8b,data/external/include_pose/INCLUDE/Pose_Signs/Pronouns/46. you (plural)/MVI_0021.pkl,data/processed/landmarks/include/YOU_PLURAL/b29aea353a8b.npz,75,0.0,0.0,1.0,1.0,,train
89c4fd20f64c,YOU_PLURAL,include,video,,include:clip:89c4fd20f64c,data/external/include_pose/INCLUDE/Pose_Signs/Pronouns/46. you (plural)/MVI_9945.pkl,data/processed/landmarks/include/YOU_PLURAL/89c4fd20f64c.npz,72,0.0,0.0,1.0,1.0,,train
f8a7d2d8c445,YOU_PLURAL,include,video,,include:clip:f8a7d2d8c445,data/external/include_pose/INCLUDE/Pose_Signs/Pronouns/46. you (plural)/MVI_0022.pkl,data/processed/landmarks/include/YOU_PLURAL/f8a7d2d8c445.npz,84,0.0,0.0,1.0,1.0,,train
530e077547b8,YOU_PLURAL,include,video,,include:clip:530e077547b8,data/external/include_pose/INCLUDE/Pose_Signs/Pronouns/46. you (plural)/MVI_0023.pkl,data/processed/landmarks/include/YOU_PLURAL/530e077547b8.npz,92,0.0,0.0,1.0,1.0,,train
9386253c79fb,YOU_PLURAL,include,video,,include:clip:9386253c79fb,data/external/include_pose/INCLUDE/Pose_Signs/Pronouns/46. you (plural)/MVI_0032.pkl,data/processed/landmarks/include/YOU_PLURAL/9386253c79fb.npz,56,0.0,0.0,1.0,1.0,,train
3957cc9ce8c4,YOU_PLURAL,include,video,,include:clip:3957cc9ce8c4,data/external/include_pose/INCLUDE/Pose_Signs/Pronouns/46. you (plural)/MVI_0030.pkl,data/processed/landmarks/include/YOU_PLURAL/3957cc9ce8c4.npz,61,0.0,0.0,1.0,1.0,,train
5f6c28783df7,YOU_PLURAL,include,video,,include:clip:5f6c28783df7,data/external/include_pose/INCLUDE/Pose_Signs/Pronouns/46. you (plural)/MVI_0024.pkl,data/processed/landmarks/include/YOU_PLURAL/5f6c28783df7.npz,74,0.0,0.0,1.0,1.0,,train
9bc203d787b3,IT,include,video,,include:clip:9bc203d787b3,data/external/include_pose/INCLUDE/Pose_Signs/Pronouns/44. it/MVI_0014.pkl,data/processed/landmarks/include/IT/9bc203d787b3.npz,78,0.0,0.0,1.0,1.0,,train
bb2bb9e41f2c,IT,include,video,,include:clip:bb2bb9e41f2c,data/external/include_pose/INCLUDE/Pose_Signs/Pronouns/44. it/MVI_9971.pkl,data/processed/landmarks/include/IT/bb2bb9e41f2c.npz,47,0.0,0.0,1.0,1.0,,train
565e80abeca3,IT,include,video,,include:clip:565e80abeca3,data/external/include_pose/INCLUDE/Pose_Signs/Pronouns/44. it/MVI_9970.pkl,data/processed/landmarks/include/IT/565e80abeca3.npz,48,0.0,0.0,1.0,1.0,,train
4225c896540d,IT,include,video,,include:clip:4225c896540d,data/external/include_pose/INCLUDE/Pose_Signs/Pronouns/44. it/MVI_0015.pkl,data/processed/landmarks/include/IT/4225c896540d.npz,73,0.0,0.0,1.0,1.0,,train
bad248539488,IT,include,video,,include:clip:bad248539488,data/external/include_pose/INCLUDE/Pose_Signs/Pronouns/44. it/MVI_0016.pkl,data/processed/landmarks/include/IT/bad248539488.npz,70,0.0,0.0,1.0,1.0,,train
b725ad080d3b,IT,include,video,,include:clip:b725ad080d3b,data/external/include_pose/INCLUDE/Pose_Signs/Pronouns/44. it/MVI_0013.pkl,data/processed/landmarks/include/IT/b725ad080d3b.npz,66,0.0,0.0,1.0,1.0,,train
6f6f9c60d1de,IT,include,video,,include:clip:6f6f9c60d1de,data/external/include_pose/INCLUDE/Pose_Signs/Pronouns/44. it/MVI_9899.pkl,data/processed/landmarks/include/IT/6f6f9c60d1de.npz,44,0.0,0.0,1.0,1.0,,train
2595ca3291e9,IT,include,video,,include:clip:2595ca3291e9,data/external/include_pose/INCLUDE/Pose_Signs/Pronouns/44. it/MVI_9898.pkl,data/processed/landmarks/include/IT/2595ca3291e9.npz,46,0.0,0.0,1.0,1.0,,train
a5bcb4dae6a9,IT,include,video,,include:clip:a5bcb4dae6a9,data/external/include_pose/INCLUDE/Pose_Signs/Pronouns/44. it/MVI_9939.pkl,data/processed/landmarks/include/IT/a5bcb4dae6a9.npz,74,0.0,0.0,1.0,1.0,,train
d5d2d289345d,IT,include,video,,include:clip:d5d2d289345d,data/external/include_pose/INCLUDE/Pose_Signs/Pronouns/44. it/MVI_9938.pkl,data/processed/landmarks/include/IT/d5d2d289345d.npz,68,0.0,0.0,1.0,1.0,,train
e3f88f251a24,IT,include,video,,include:clip:e3f88f251a24,data/external/include_pose/INCLUDE/Pose_Signs/Pronouns/44. it/MVI_9900.pkl,data/processed/landmarks/include/IT/e3f88f251a24.npz,50,0.0,0.0,1.0,1.0,,train
5683648d1900,IT,include,video,,include:clip:5683648d1900,data/external/include_pose/INCLUDE/Pose_Signs/Pronouns/44. it/MVI_0078.pkl,data/processed/landmarks/include/IT/5683648d1900.npz,58,0.0,0.0,1.0,1.0,,train
589f5f817239,IT,include,video,,include:clip:589f5f817239,data/external/include_pose/INCLUDE/Pose_Signs/Pronouns/44. it/MVI_9936.pkl,data/processed/landmarks/include/IT/589f5f817239.npz,74,0.0,0.0,1.0,1.0,,train
213ccb558bf7,IT,include,video,,include:clip:213ccb558bf7,data/external/include_pose/INCLUDE/Pose_Signs/Pronouns/44. it/MVI_0024.pkl,data/processed/landmarks/include/IT/213ccb558bf7.npz,43,0.0,0.0,1.0,1.0,,train
fe843a9f9d2f,IT,include,video,,include:clip:fe843a9f9d2f,data/external/include_pose/INCLUDE/Pose_Signs/Pronouns/44. it/MVI_9969.pkl,data/processed/landmarks/include/IT/fe843a9f9d2f.npz,44,0.0,0.0,1.0,1.0,,train
f97a5bb9faaf,THEY,include,video,,include:clip:f97a5bb9faaf,data/external/include_pose/INCLUDE/Pose_Signs/Pronouns/47. they/MVI_0028.pkl,data/processed/landmarks/include/THEY/f97a5bb9faaf.npz,82,0.0,0.0,1.0,1.0,,train
6dc20422eae2,THEY,include,video,,include:clip:6dc20422eae2,data/external/include_pose/INCLUDE/Pose_Signs/Pronouns/47. they/MVI_9913.pkl,data/processed/landmarks/include/THEY/6dc20422eae2.npz,61,0.0,0.0,1.0,1.0,,train
49f40f0fa03e,THEY,include,video,,include:clip:49f40f0fa03e,data/external/include_pose/INCLUDE/Pose_Signs/Pronouns/47. they/MVI_9911.pkl,data/processed/landmarks/include/THEY/49f40f0fa03e.npz,70,0.0,0.0,1.0,1.0,,train
81b213487e69,THEY,include,video,,include:clip:81b213487e69,data/external/include_pose/INCLUDE/Pose_Signs/Pronouns/47. they/MVI_0087.pkl,data/processed/landmarks/include/THEY/81b213487e69.npz,66,0.0,0.0,1.0,1.0,,train
70df1e40f37e,THEY,include,video,,include:clip:70df1e40f37e,data/external/include_pose/INCLUDE/Pose_Signs/Pronouns/47. they/MVI_0085.pkl,data/processed/landmarks/include/THEY/70df1e40f37e.npz,68,0.0,0.0,1.0,1.0,,train
892338eb2201,THEY,include,video,,include:clip:892338eb2201,data/external/include_pose/INCLUDE/Pose_Signs/Pronouns/47. they/MVI_0035.pkl,data/processed/landmarks/include/THEY/892338eb2201.npz,51,0.0,0.0,1.0,1.0,,train
052b76db223e,THEY,include,video,,include:clip:052b76db223e,data/external/include_pose/INCLUDE/Pose_Signs/Pronouns/47. they/MVI_0034.pkl,data/processed/landmarks/include/THEY/052b76db223e.npz,54,0.0,0.0,1.0,1.0,,train
1e392ffcb681,THEY,include,video,,include:clip:1e392ffcb681,data/external/include_pose/INCLUDE/Pose_Signs/Pronouns/47. they/MVI_9953.pkl,data/processed/landmarks/include/THEY/1e392ffcb681.npz,96,0.0,0.0,1.0,1.0,,train
1cfb41f0f7b1,THEY,include,video,,include:clip:1cfb41f0f7b1,data/external/include_pose/INCLUDE/Pose_Signs/Pronouns/47. they/MVI_9952.pkl,data/processed/landmarks/include/THEY/1cfb41f0f7b1.npz,101,0.0,0.0,1.0,1.0,,train
b0a4e1fa6ee9,THEY,include,video,,include:clip:b0a4e1fa6ee9,data/external/include_pose/INCLUDE/Pose_Signs/Pronouns/47. they/MVI_0027.pkl,data/processed/landmarks/include/THEY/b0a4e1fa6ee9.npz,72,0.0,0.0,1.0,1.0,,train
b31278d0a433,THEY,include,video,,include:clip:b31278d0a433,data/external/include_pose/INCLUDE/Pose_Signs/Pronouns/47. they/MVI_0033.pkl,data/processed/landmarks/include/THEY/b31278d0a433.npz,52,0.0,0.0,1.0,1.0,,train
a4d22a77cc59,THEY,include,video,,include:clip:a4d22a77cc59,data/external/include_pose/INCLUDE/Pose_Signs/Pronouns/47. they/MVI_9981.pkl,data/processed/landmarks/include/THEY/a4d22a77cc59.npz,55,0.0,0.0,1.0,1.0,,train
75fbfcde4efa,THEY,include,video,,include:clip:75fbfcde4efa,data/external/include_pose/INCLUDE/Pose_Signs/Pronouns/47. they/MVI_9980.pkl,data/processed/landmarks/include/THEY/75fbfcde4efa.npz,54,0.0,0.0,1.0,1.0,,train
a3fe516d2eda,THEY,include,video,,include:clip:a3fe516d2eda,data/external/include_pose/INCLUDE/Pose_Signs/Pronouns/47. they/MVI_0026.pkl,data/processed/landmarks/include/THEY/a3fe516d2eda.npz,78,0.0,0.0,1.0,1.0,,train
ec5df3e03a34,HE,include,video,,include:clip:ec5df3e03a34,data/external/include_pose/INCLUDE/Pose_Signs/Pronouns/42. he/MVI_9965.pkl,data/processed/landmarks/include/HE/ec5df3e03a34.npz,56,0.0,0.0,1.0,1.0,,train
595b0ec3fbff,HE,include,video,,include:clip:595b0ec3fbff,data/external/include_pose/INCLUDE/Pose_Signs/Pronouns/42. he/MVI_9964.pkl,data/processed/landmarks/include/HE/595b0ec3fbff.npz,61,0.0,0.0,1.0,1.0,,train
3a0dc9300891,HE,include,video,,include:clip:3a0dc9300891,data/external/include_pose/INCLUDE/Pose_Signs/Pronouns/42. he/MVI_0006.pkl,data/processed/landmarks/include/HE/3a0dc9300891.npz,79,0.0,0.0,1.0,1.0,,train
e08408d462b5,HE,include,video,,include:clip:e08408d462b5,data/external/include_pose/INCLUDE/Pose_Signs/Pronouns/42. he/MVI_0007.pkl,data/processed/landmarks/include/HE/e08408d462b5.npz,75,0.0,0.0,1.0,1.0,,train
3d900a2bf2d7,HE,include,video,,include:clip:3d900a2bf2d7,data/external/include_pose/INCLUDE/Pose_Signs/Pronouns/42. he/MVI_9928.pkl,data/processed/landmarks/include/HE/3d900a2bf2d7.npz,92,0.0,0.0,1.0,1.0,,train
3577c63087bf,HE,include,video,,include:clip:3577c63087bf,data/external/include_pose/INCLUDE/Pose_Signs/Pronouns/42. he/MVI_0070.pkl,data/processed/landmarks/include/HE/3577c63087bf.npz,72,0.0,0.0,1.0,1.0,,train
ee89424904a5,HE,include,video,,include:clip:ee89424904a5,data/external/include_pose/INCLUDE/Pose_Signs/Pronouns/42. he/MVI_9889.pkl,data/processed/landmarks/include/HE/ee89424904a5.npz,49,0.0,0.0,1.0,1.0,,train
9c792415e9b5,HE,include,video,,include:clip:9c792415e9b5,data/external/include_pose/INCLUDE/Pose_Signs/Pronouns/42. he/MVI_9927.pkl,data/processed/landmarks/include/HE/9c792415e9b5.npz,95,0.0,0.0,1.0,1.0,,train
3b0ca3bb26b6,HE,include,video,,include:clip:3b0ca3bb26b6,data/external/include_pose/INCLUDE/Pose_Signs/Pronouns/42. he/MVI_9890.pkl,data/processed/landmarks/include/HE/3b0ca3bb26b6.npz,54,0.0,0.0,1.0,1.0,,train
e4aad92ebfaf,HE,include,video,,include:clip:e4aad92ebfaf,data/external/include_pose/INCLUDE/Pose_Signs/Pronouns/42. he/MVI_9891.pkl,data/processed/landmarks/include/HE/e4aad92ebfaf.npz,51,0.0,0.0,1.0,1.0,,train
e6f024cced08,HE,include,video,,include:clip:e6f024cced08,data/external/include_pose/INCLUDE/Pose_Signs/Pronouns/42. he/MVI_9892.pkl,data/processed/landmarks/include/HE/e6f024cced08.npz,50,0.0,0.0,1.0,1.0,,train
14e74f18de2a,HE,include,video,,include:clip:14e74f18de2a,data/external/include_pose/INCLUDE/Pose_Signs/Pronouns/42. he/MVI_9931.pkl,data/processed/landmarks/include/HE/14e74f18de2a.npz,86,0.0,0.0,1.0,1.0,,train
fe863f191ae9,HE,include,video,,include:clip:fe863f191ae9,data/external/include_pose/INCLUDE/Pose_Signs/Pronouns/42. he/MVI_0008.pkl,data/processed/landmarks/include/HE/fe863f191ae9.npz,70,0.0,0.0,1.0,1.0,,train
d3e87471ce67,HE,include,video,,include:clip:d3e87471ce67,data/external/include_pose/INCLUDE/Pose_Signs/Pronouns/42. he/MVI_0019.pkl,data/processed/landmarks/include/HE/d3e87471ce67.npz,57,0.0,0.0,1.0,1.0,,train
2debb08768a0,SOLDIER,include,video,,include:clip:2debb08768a0,data/external/include_pose/INCLUDE/Pose_Signs/Jobs/93. Soldier/MVI_5352.pkl,data/processed/landmarks/include/SOLDIER/2debb08768a0.npz,76,0.0,0.0,1.0,1.0,,train
2691b37a9020,SOLDIER,include,video,,include:clip:2691b37a9020,data/external/include_pose/INCLUDE/Pose_Signs/Jobs/93. Soldier/MVI_5351.pkl,data/processed/landmarks/include/SOLDIER/2691b37a9020.npz,49,0.0,0.0,0.9388,1.0,,train
f05b479cbcb4,SOLDIER,include,video,,include:clip:f05b479cbcb4,data/external/include_pose/INCLUDE/Pose_Signs/Jobs/93. Soldier/MVI_5350.pkl,data/processed/landmarks/include/SOLDIER/f05b479cbcb4.npz,46,0.0,0.0,0.9783,1.0,,train
7f7c5f5bcebb,SOLDIER,include,video,,include:clip:7f7c5f5bcebb,data/external/include_pose/INCLUDE/Pose_Signs/Jobs/93. Soldier/MVI_4498.pkl,data/processed/landmarks/include/SOLDIER/7f7c5f5bcebb.npz,55,0.0,0.0,0.8,1.0,,train
c9099d46b09f,SOLDIER,include,video,,include:clip:c9099d46b09f,data/external/include_pose/INCLUDE/Pose_Signs/Jobs/93. Soldier/MVI_4776.pkl,data/processed/landmarks/include/SOLDIER/c9099d46b09f.npz,58,0.0,0.0,0.8621,1.0,,train
68ca3637141a,SOLDIER,include,video,,include:clip:68ca3637141a,data/external/include_pose/INCLUDE/Pose_Signs/Jobs/93. Soldier/MVI_8893.pkl,data/processed/landmarks/include/SOLDIER/68ca3637141a.npz,65,0.0,0.0,0.9538,1.0,,train
25fb55398a41,SOLDIER,include,video,,include:clip:25fb55398a41,data/external/include_pose/INCLUDE/Pose_Signs/Jobs/93. Soldier/MVI_8894.pkl,data/processed/landmarks/include/SOLDIER/25fb55398a41.npz,57,0.0,0.0,0.9825,1.0,,train
9239e50a7c57,SOLDIER,include,video,,include:clip:9239e50a7c57,data/external/include_pose/INCLUDE/Pose_Signs/Jobs/93. Soldier/MVI_8895.pkl,data/processed/landmarks/include/SOLDIER/9239e50a7c57.npz,61,0.0,0.0,0.9836,1.0,,train
eb3414f53e85,SOLDIER,include,video,,include:clip:eb3414f53e85,data/external/include_pose/INCLUDE/Pose_Signs/Jobs/93. Soldier/MVI_4495.pkl,data/processed/landmarks/include/SOLDIER/eb3414f53e85.npz,68,0.0,0.0,0.8529,1.0,,train
5c8ee136d543,ACTOR,include,video,,include:clip:5c8ee136d543,data/external/include_pose/INCLUDE/Pose_Signs/Jobs/98. Actor/MVI_4517.pkl,data/processed/landmarks/include/ACTOR/5c8ee136d543.npz,71,0.0,0.0,0.8169,1.0,,train
c8343654f257,ACTOR,include,video,,include:clip:c8343654f257,data/external/include_pose/INCLUDE/Pose_Signs/Jobs/98. Actor/MVI_4516.pkl,data/processed/landmarks/include/ACTOR/c8343654f257.npz,67,0.0,0.0,0.8657,1.0,,train
c714823c5b7e,ACTOR,include,video,,include:clip:c714823c5b7e,data/external/include_pose/INCLUDE/Pose_Signs/Jobs/98. Actor/MVI_8923.pkl,data/processed/landmarks/include/ACTOR/c714823c5b7e.npz,79,0.0,0.0,0.9494,1.0,,train
3b25baad0a5c,ACTOR,include,video,,include:clip:3b25baad0a5c,data/external/include_pose/INCLUDE/Pose_Signs/Jobs/98. Actor/MVI_4791.pkl,data/processed/landmarks/include/ACTOR/3b25baad0a5c.npz,74,0.0,0.0,1.0,1.0,,train
70cb3695a719,ACTOR,include,video,,include:clip:70cb3695a719,data/external/include_pose/INCLUDE/Pose_Signs/Jobs/98. Actor/MVI_4793.pkl,data/processed/landmarks/include/ACTOR/70cb3695a719.npz,78,0.0,0.0,0.9487,1.0,,train
60024a795ef1,ACTOR,include,video,,include:clip:60024a795ef1,data/external/include_pose/INCLUDE/Pose_Signs/Jobs/98. Actor/MVI_5371.pkl,data/processed/landmarks/include/ACTOR/60024a795ef1.npz,72,0.0,0.0,0.9444,1.0,,train
96e8383fe89f,ACTOR,include,video,,include:clip:96e8383fe89f,data/external/include_pose/INCLUDE/Pose_Signs/Jobs/98. Actor/MVI_5374.pkl,data/processed/landmarks/include/ACTOR/96e8383fe89f.npz,66,0.0,0.0,0.9394,1.0,,train
d8ed0ae57c1a,ACTOR,include,video,,include:clip:d8ed0ae57c1a,data/external/include_pose/INCLUDE/Pose_Signs/Jobs/98. Actor/MVI_4518.pkl,data/processed/landmarks/include/ACTOR/d8ed0ae57c1a.npz,64,0.0,0.0,0.8281,1.0,,train
c700129f2ac0,ACTOR,include,video,,include:clip:c700129f2ac0,data/external/include_pose/INCLUDE/Pose_Signs/Jobs/98. Actor/MVI_4519.pkl,data/processed/landmarks/include/ACTOR/c700129f2ac0.npz,67,0.0,0.0,0.7463,1.0,,train
b3944b98c1eb,DOCTOR,include,video,,include:clip:b3944b98c1eb,data/external/include_pose/INCLUDE/Pose_Signs/Jobs/87. Doctor/MVI_4472.pkl,data/processed/landmarks/include/DOCTOR/b3944b98c1eb.npz,60,0.0,0.0,0.8667,1.0,,train
7ca3ba296a4d,DOCTOR,include,video,,include:clip:7ca3ba296a4d,data/external/include_pose/INCLUDE/Pose_Signs/Jobs/87. Doctor/MVI_4473.pkl,data/processed/landmarks/include/DOCTOR/7ca3ba296a4d.npz,67,0.0,0.0,0.9254,1.0,,train
b9dff3e106cb,DOCTOR,include,video,,include:clip:b9dff3e106cb,data/external/include_pose/INCLUDE/Pose_Signs/Jobs/87. Doctor/MVI_4470.pkl,data/processed/landmarks/include/DOCTOR/b9dff3e106cb.npz,57,0.0,0.0,0.8246,1.0,,train
35d3ac9d7502,DOCTOR,include,video,,include:clip:35d3ac9d7502,data/external/include_pose/INCLUDE/Pose_Signs/Jobs/87. Doctor/MVI_5325.pkl,data/processed/landmarks/include/DOCTOR/35d3ac9d7502.npz,46,0.0,0.0,0.9565,1.0,,train
67c3cc0ed5bf,DOCTOR,include,video,,include:clip:67c3cc0ed5bf,data/external/include_pose/INCLUDE/Pose_Signs/Jobs/87. Doctor/MVI_5324.pkl,data/processed/landmarks/include/DOCTOR/67c3cc0ed5bf.npz,46,0.0,0.0,0.9565,1.0,,train
e4ada69e90a5,DOCTOR,include,video,,include:clip:e4ada69e90a5,data/external/include_pose/INCLUDE/Pose_Signs/Jobs/87. Doctor/MVI_5322.pkl,data/processed/landmarks/include/DOCTOR/e4ada69e90a5.npz,50,0.0,0.0,0.98,1.0,,train
328abd2d8815,DOCTOR,include,video,,include:clip:328abd2d8815,data/external/include_pose/INCLUDE/Pose_Signs/Jobs/87. Doctor/MVI_4754.pkl,data/processed/landmarks/include/DOCTOR/328abd2d8815.npz,61,0.0,0.0,0.9508,1.0,,train
1aca08e2bd57,DOCTOR,include,video,,include:clip:1aca08e2bd57,data/external/include_pose/INCLUDE/Pose_Signs/Jobs/87. Doctor/MVI_4755.pkl,data/processed/landmarks/include/DOCTOR/1aca08e2bd57.npz,57,0.0,0.0,0.8596,1.0,,train
4b3fc038b999,DOCTOR,include,video,,include:clip:4b3fc038b999,data/external/include_pose/INCLUDE/Pose_Signs/Jobs/87. Doctor/MVI_8874.pkl,data/processed/landmarks/include/DOCTOR/4b3fc038b999.npz,62,0.0,0.0,0.9677,1.0,,train
f84c4eb13b28,PRIEST,include,video,,include:clip:f84c4eb13b28,data/external/include_pose/INCLUDE/Pose_Signs/Jobs/91. Priest/MVI_5345.pkl,data/processed/landmarks/include/PRIEST/f84c4eb13b28.npz,45,0.0,0.0,1.0,1.0,,train
58309a358eb1,PRIEST,include,video,,include:clip:58309a358eb1,data/external/include_pose/INCLUDE/Pose_Signs/Jobs/91. Priest/MVI_5343.pkl,data/processed/landmarks/include/PRIEST/58309a358eb1.npz,53,0.0,0.0,1.0,1.0,,train
780147a5175f,PRIEST,include,video,,include:clip:780147a5175f,data/external/include_pose/INCLUDE/Pose_Signs/Jobs/91. Priest/MVI_8887.pkl,data/processed/landmarks/include/PRIEST/780147a5175f.npz,61,0.0,0.0,1.0,1.0,,train
70b77fcb41de,PRIEST,include,video,,include:clip:70b77fcb41de,data/external/include_pose/INCLUDE/Pose_Signs/Jobs/91. Priest/MVI_4772.pkl,data/processed/landmarks/include/PRIEST/70b77fcb41de.npz,49,0.0,0.0,1.0,1.0,,train
01272ba12a17,PRIEST,include,video,,include:clip:01272ba12a17,data/external/include_pose/INCLUDE/Pose_Signs/Jobs/91. Priest/MVI_4770.pkl,data/processed/landmarks/include/PRIEST/01272ba12a17.npz,61,0.0,0.0,1.0,1.0,,train
f3d4d4c53506,PRIEST,include,video,,include:clip:f3d4d4c53506,data/external/include_pose/INCLUDE/Pose_Signs/Jobs/91. Priest/MVI_4771.pkl,data/processed/landmarks/include/PRIEST/f3d4d4c53506.npz,56,0.0,0.0,1.0,1.0,,train
16a5aac0ab83,PRIEST,include,video,,include:clip:16a5aac0ab83,data/external/include_pose/INCLUDE/Pose_Signs/Jobs/91. Priest/MVI_8888.pkl,data/processed/landmarks/include/PRIEST/16a5aac0ab83.npz,63,0.0,0.0,1.0,1.0,,train
252e4a6d2e57,PRIEST,include,video,,include:clip:252e4a6d2e57,data/external/include_pose/INCLUDE/Pose_Signs/Jobs/91. Priest/MVI_4490.pkl,data/processed/landmarks/include/PRIEST/252e4a6d2e57.npz,73,0.0,0.0,1.0,1.0,,train
42b73e894964,PRIEST,include,video,,include:clip:42b73e894964,data/external/include_pose/INCLUDE/Pose_Signs/Jobs/91. Priest/MVI_4487.pkl,data/processed/landmarks/include/PRIEST/42b73e894964.npz,64,0.0,0.0,1.0,1.0,,train
b74ee81db7ed,PRIEST,include,video,,include:clip:b74ee81db7ed,data/external/include_pose/INCLUDE/Pose_Signs/Jobs/91. Priest/MVI_4486.pkl,data/processed/landmarks/include/PRIEST/b74ee81db7ed.npz,79,0.0,0.0,1.0,1.0,,train
df5d691b3c1f,REPORTER,include,video,,include:clip:df5d691b3c1f,data/external/include_pose/INCLUDE/Pose_Signs/Jobs/97. Reporter/MVI_4515.pkl,data/processed/landmarks/include/REPORTER/df5d691b3c1f.npz,65,0.0,0.0,0.8462,1.0,,train
a9db906f6dcf,REPORTER,include,video,,include:clip:a9db906f6dcf,data/external/include_pose/INCLUDE/Pose_Signs/Jobs/97. Reporter/MVI_5368.pkl,data/processed/landmarks/include/REPORTER/a9db906f6dcf.npz,56,0.0,0.0,0.9643,1.0,,train
72630f33a67c,REPORTER,include,video,,include:clip:72630f33a67c,data/external/include_pose/INCLUDE/Pose_Signs/Jobs/97. Reporter/MVI_4512.pkl,data/processed/landmarks/include/REPORTER/72630f33a67c.npz,83,0.0,0.0,0.9518,1.0,,train
20ddf663aae8,REPORTER,include,video,,include:clip:20ddf663aae8,data/external/include_pose/INCLUDE/Pose_Signs/Jobs/97. Reporter/MVI_4513.pkl,data/processed/landmarks/include/REPORTER/20ddf663aae8.npz,59,0.0,0.0,0.8983,1.0,,train
afd2550b5923,REPORTER,include,video,,include:clip:afd2550b5923,data/external/include_pose/INCLUDE/Pose_Signs/Jobs/97. Reporter/MVI_4789.pkl,data/processed/landmarks/include/REPORTER/afd2550b5923.npz,65,0.0,0.0,0.9538,1.0,,train
b4e5a786b858,REPORTER,include,video,,include:clip:b4e5a786b858,data/external/include_pose/INCLUDE/Pose_Signs/Jobs/97. Reporter/MVI_8918.pkl,data/processed/landmarks/include/REPORTER/b4e5a786b858.npz,70,0.0,0.0,0.9714,1.0,,train
e03f6cb404e5,REPORTER,include,video,,include:clip:e03f6cb404e5,data/external/include_pose/INCLUDE/Pose_Signs/Jobs/97. Reporter/MVI_4788.pkl,data/processed/landmarks/include/REPORTER/e03f6cb404e5.npz,72,0.0,0.0,0.9722,1.0,,train
4e1a66c162c5,REPORTER,include,video,,include:clip:4e1a66c162c5,data/external/include_pose/INCLUDE/Pose_Signs/Jobs/97. Reporter/MVI_8917.pkl,data/processed/landmarks/include/REPORTER/4e1a66c162c5.npz,74,0.0,0.0,1.0,1.0,,train
bb3a654f81ac,REPORTER,include,video,,include:clip:bb3a654f81ac,data/external/include_pose/INCLUDE/Pose_Signs/Jobs/97. Reporter/MVI_5367.pkl,data/processed/landmarks/include/REPORTER/bb3a654f81ac.npz,52,0.0,0.0,0.9231,1.0,,train
66a8f8fa2a81,SECRETARY,include,video,,include:clip:66a8f8fa2a81,data/external/include_pose/INCLUDE/Pose_Signs/Jobs/90. Secretary/MVI_5340.pkl,data/processed/landmarks/include/SECRETARY/66a8f8fa2a81.npz,68,0.0,0.0,0.9559,1.0,,train
479e69b50938,SECRETARY,include,video,,include:clip:479e69b50938,data/external/include_pose/INCLUDE/Pose_Signs/Jobs/90. Secretary/MVI_5341.pkl,data/processed/landmarks/include/SECRETARY/479e69b50938.npz,62,0.0,0.0,0.9839,1.0,,train
a395698819f0,SECRETARY,include,video,,include:clip:a395698819f0,data/external/include_pose/INCLUDE/Pose_Signs/Jobs/90. Secretary/MVI_8885.pkl,data/processed/landmarks/include/SECRETARY/a395698819f0.npz,69,0.0,0.0,0.913,1.0,,train
3a55c1589ada,SECRETARY,include,video,,include:clip:3a55c1589ada,data/external/include_pose/INCLUDE/Pose_Signs/Jobs/90. Secretary/MVI_8886.pkl,data/processed/landmarks/include/SECRETARY/3a55c1589ada.npz,63,0.0,0.0,0.9683,1.0,,train
164642ac8305,SECRETARY,include,video,,include:clip:164642ac8305,data/external/include_pose/INCLUDE/Pose_Signs/Jobs/90. Secretary/MVI_4767.pkl,data/processed/landmarks/include/SECRETARY/164642ac8305.npz,78,0.0,0.0,0.9231,1.0,,train
c865f62a21e6,SECRETARY,include,video,,include:clip:c865f62a21e6,data/external/include_pose/INCLUDE/Pose_Signs/Jobs/90. Secretary/MVI_5339.pkl,data/processed/landmarks/include/SECRETARY/c865f62a21e6.npz,64,0.0,0.0,0.9688,1.0,,train
c42df52502f6,SECRETARY,include,video,,include:clip:c42df52502f6,data/external/include_pose/INCLUDE/Pose_Signs/Jobs/90. Secretary/MVI_4769.pkl,data/processed/landmarks/include/SECRETARY/c42df52502f6.npz,62,0.0,0.0,0.9355,1.0,,train
e50f43be7b2a,SECRETARY,include,video,,include:clip:e50f43be7b2a,data/external/include_pose/INCLUDE/Pose_Signs/Jobs/90. Secretary/MVI_4483.pkl,data/processed/landmarks/include/SECRETARY/e50f43be7b2a.npz,81,0.0,0.0,0.8889,1.0,,train
3fadcceecb9d,SECRETARY,include,video,,include:clip:3fadcceecb9d,data/external/include_pose/INCLUDE/Pose_Signs/Jobs/90. Secretary/MVI_4484.pkl,data/processed/landmarks/include/SECRETARY/3fadcceecb9d.npz,79,0.0,0.0,0.9494,1.0,,train
fa5480cc90a9,SECRETARY,include,video,,include:clip:fa5480cc90a9,data/external/include_pose/INCLUDE/Pose_Signs/Jobs/90. Secretary/MVI_4485.pkl,data/processed/landmarks/include/SECRETARY/fa5480cc90a9.npz,78,0.0,0.0,0.859,1.0,,train
b9d622b0ff14,POLICE,include,video,,include:clip:b9d622b0ff14,data/external/include_pose/INCLUDE/Pose_Signs/Jobs/92. Police/MVI_8891.pkl,data/processed/landmarks/include/POLICE/b9d622b0ff14.npz,64,0.0,0.0,0.9688,1.0,,train
69c7ed85bcbf,POLICE,include,video,,include:clip:69c7ed85bcbf,data/external/include_pose/INCLUDE/Pose_Signs/Jobs/92. Police/MVI_8890.pkl,data/processed/landmarks/include/POLICE/69c7ed85bcbf.npz,56,0.0,0.0,0.9107,1.0,,train
7a5941093706,POLICE,include,video,,include:clip:7a5941093706,data/external/include_pose/INCLUDE/Pose_Signs/Jobs/92. Police/MVI_4774.pkl,data/processed/landmarks/include/POLICE/7a5941093706.npz,58,0.0,0.0,0.8448,1.0,,train
e993be17981f,POLICE,include,video,,include:clip:e993be17981f,data/external/include_pose/INCLUDE/Pose_Signs/Jobs/92. Police/MVI_8892.pkl,data/processed/landmarks/include/POLICE/e993be17981f.npz,62,0.0,0.0,0.9355,1.0,,train
b3894bf8dc48,POLICE,include,video,,include:clip:b3894bf8dc48,data/external/include_pose/INCLUDE/Pose_Signs/Jobs/92. Police/MVI_4773.pkl,data/processed/landmarks/include/POLICE/b3894bf8dc48.npz,63,0.0,0.0,0.9365,1.0,,train
90725cbe371e,POLICE,include,video,,include:clip:90725cbe371e,data/external/include_pose/INCLUDE/Pose_Signs/Jobs/92. Police/MVI_4494.pkl,data/processed/landmarks/include/POLICE/90725cbe371e.npz,51,0.0,0.0,0.8627,1.0,,train
901d4812e0cd,POLICE,include,video,,include:clip:901d4812e0cd,data/external/include_pose/INCLUDE/Pose_Signs/Jobs/92. Police/MVI_5349.pkl,data/processed/landmarks/include/POLICE/901d4812e0cd.npz,50,0.0,0.0,0.98,1.0,,train
c012458c35e1,POLICE,include,video,,include:clip:c012458c35e1,data/external/include_pose/INCLUDE/Pose_Signs/Jobs/92. Police/MVI_4493.pkl,data/processed/landmarks/include/POLICE/c012458c35e1.npz,58,0.0,0.0,0.8276,1.0,,train
43d35315e722,POLICE,include,video,,include:clip:43d35315e722,data/external/include_pose/INCLUDE/Pose_Signs/Jobs/92. Police/MVI_4492.pkl,data/processed/landmarks/include/POLICE/43d35315e722.npz,60,0.0,0.0,0.8833,1.0,,train
f716e3a67740,MANAGER,include,video,,include:clip:f716e3a67740,data/external/include_pose/INCLUDE/Pose_Signs/Jobs/96. Manager/MVI_4511.pkl,data/processed/landmarks/include/MANAGER/f716e3a67740.npz,85,0.0,0.0,0.8353,1.0,,train
0d500f4bddc0,MANAGER,include,video,,include:clip:0d500f4bddc0,data/external/include_pose/INCLUDE/Pose_Signs/Jobs/96. Manager/MVI_4510.pkl,data/processed/landmarks/include/MANAGER/0d500f4bddc0.npz,104,0.0,0.0,0.9135,1.0,,train
993331431c83,MANAGER,include,video,,include:clip:993331431c83,data/external/include_pose/INCLUDE/Pose_Signs/Jobs/96. Manager/MVI_4785.pkl,data/processed/landmarks/include/MANAGER/993331431c83.npz,80,0.0,0.0,0.925,1.0,,train
65f3d9436ebc,MANAGER,include,video,,include:clip:65f3d9436ebc,data/external/include_pose/INCLUDE/Pose_Signs/Jobs/96. Manager/MVI_8914.pkl,data/processed/landmarks/include/MANAGER/65f3d9436ebc.npz,73,0.0,0.0,0.9315,1.0,,train
87b55e9ddd98,MANAGER,include,video,,include:clip:87b55e9ddd98,data/external/include_pose/INCLUDE/Pose_Signs/Jobs/96. Manager/MVI_8916.pkl,data/processed/landmarks/include/MANAGER/87b55e9ddd98.npz,83,0.0,0.0,0.9398,1.0,,train
f62bc56c9554,MANAGER,include,video,,include:clip:f62bc56c9554,data/external/include_pose/INCLUDE/Pose_Signs/Jobs/96. Manager/MVI_4787.pkl,data/processed/landmarks/include/MANAGER/f62bc56c9554.npz,83,0.0,0.0,0.9759,1.0,,train
4959d4efb546,MANAGER,include,video,,include:clip:4959d4efb546,data/external/include_pose/INCLUDE/Pose_Signs/Jobs/96. Manager/MVI_4509.pkl,data/processed/landmarks/include/MANAGER/4959d4efb546.npz,91,0.0,0.0,0.9011,1.0,,train
bf51c332df8a,MANAGER,include,video,,include:clip:bf51c332df8a,data/external/include_pose/INCLUDE/Pose_Signs/Jobs/96. Manager/MVI_4508.pkl,data/processed/landmarks/include/MANAGER/bf51c332df8a.npz,100,0.0,0.0,0.87,1.0,,train
a2e24f1f043d,MANAGER,include,video,,include:clip:a2e24f1f043d,data/external/include_pose/INCLUDE/Pose_Signs/Jobs/96. Manager/MVI_5364.pkl,data/processed/landmarks/include/MANAGER/a2e24f1f043d.npz,87,0.0,0.0,1.0,1.0,,train
a150a974314c,MANAGER,include,video,,include:clip:a150a974314c,data/external/include_pose/INCLUDE/Pose_Signs/Jobs/96. Manager/MVI_5365.pkl,data/processed/landmarks/include/MANAGER/a150a974314c.npz,110,0.0,0.0,0.9818,1.0,,train
b43653c746d7,JOB,include,video,,include:clip:b43653c746d7,data/external/include_pose/INCLUDE/Pose_Signs/Jobs/99. Job/MVI_5378.pkl,data/processed/landmarks/include/JOB/b43653c746d7.npz,61,0.0,0.0,1.0,1.0,,train
141dd7c3a0e5,JOB,include,video,,include:clip:141dd7c3a0e5,data/external/include_pose/INCLUDE/Pose_Signs/Jobs/99. Job/MVI_8925.pkl,data/processed/landmarks/include/JOB/141dd7c3a0e5.npz,69,0.0,0.0,1.0,1.0,,train
4a3805aec06b,JOB,include,video,,include:clip:4a3805aec06b,data/external/include_pose/INCLUDE/Pose_Signs/Jobs/99. Job/MVI_4521.pkl,data/processed/landmarks/include/JOB/4a3805aec06b.npz,66,0.0,0.0,1.0,1.0,,train
0b57dea07b41,JOB,include,video,,include:clip:0b57dea07b41,data/external/include_pose/INCLUDE/Pose_Signs/Jobs/99. Job/MVI_4520.pkl,data/processed/landmarks/include/JOB/0b57dea07b41.npz,56,0.0,0.0,0.9643,1.0,,train
31e2a7970728,JOB,include,video,,include:clip:31e2a7970728,data/external/include_pose/INCLUDE/Pose_Signs/Jobs/99. Job/MVI_4522.pkl,data/processed/landmarks/include/JOB/31e2a7970728.npz,64,0.0,0.0,0.9375,1.0,,train
ff316841ab0b,JOB,include,video,,include:clip:ff316841ab0b,data/external/include_pose/INCLUDE/Pose_Signs/Jobs/99. Job/MVI_4523.pkl,data/processed/landmarks/include/JOB/ff316841ab0b.npz,72,0.0,0.0,1.0,1.0,,train
78611ae238ce,JOB,include,video,,include:clip:78611ae238ce,data/external/include_pose/INCLUDE/Pose_Signs/Jobs/99. Job/MVI_5375.pkl,data/processed/landmarks/include/JOB/78611ae238ce.npz,46,0.0,0.0,1.0,1.0,,train
b128a92a737b,JOB,include,video,,include:clip:b128a92a737b,data/external/include_pose/INCLUDE/Pose_Signs/Jobs/99. Job/MVI_5376.pkl,data/processed/landmarks/include/JOB/b128a92a737b.npz,61,0.0,0.0,1.0,1.0,,train
27a27730275e,JOB,include,video,,include:clip:27a27730275e,data/external/include_pose/INCLUDE/Pose_Signs/Jobs/99. Job/MVI_5377.pkl,data/processed/landmarks/include/JOB/27a27730275e.npz,61,0.0,0.0,1.0,1.0,,train
e1e7ab82a2b9,WAITER,include,video,,include:clip:e1e7ab82a2b9,data/external/include_pose/INCLUDE/Pose_Signs/Jobs/89. Waiter/MVI_4762.pkl,data/processed/landmarks/include/WAITER/e1e7ab82a2b9.npz,65,0.0,0.0,1.0,1.0,,train
8738b7a878c8,WAITER,include,video,,include:clip:8738b7a878c8,data/external/include_pose/INCLUDE/Pose_Signs/Jobs/89. Waiter/MVI_4763.pkl,data/processed/landmarks/include/WAITER/8738b7a878c8.npz,75,0.0,0.0,1.0,1.0,,train
9a8fe3bb62ec,WAITER,include,video,,include:clip:9a8fe3bb62ec,data/external/include_pose/INCLUDE/Pose_Signs/Jobs/89. Waiter/MVI_5337.pkl,data/processed/landmarks/include/WAITER/9a8fe3bb62ec.npz,63,0.0,0.0,1.0,1.0,,train
df106d353da9,WAITER,include,video,,include:clip:df106d353da9,data/external/include_pose/INCLUDE/Pose_Signs/Jobs/89. Waiter/MVI_5334.pkl,data/processed/landmarks/include/WAITER/df106d353da9.npz,62,0.0,0.0,1.0,1.0,,train
3113b8ff42a4,WAITER,include,video,,include:clip:3113b8ff42a4,data/external/include_pose/INCLUDE/Pose_Signs/Jobs/89. Waiter/MVI_8881.pkl,data/processed/landmarks/include/WAITER/3113b8ff42a4.npz,70,0.0,0.0,1.0,1.0,,train
c423db14e3aa,WAITER,include,video,,include:clip:c423db14e3aa,data/external/include_pose/INCLUDE/Pose_Signs/Jobs/89. Waiter/MVI_5335.pkl,data/processed/landmarks/include/WAITER/c423db14e3aa.npz,95,0.0,0.0,1.0,1.0,,train
ede20466d1eb,WAITER,include,video,,include:clip:ede20466d1eb,data/external/include_pose/INCLUDE/Pose_Signs/Jobs/89. Waiter/MVI_4481.pkl,data/processed/landmarks/include/WAITER/ede20466d1eb.npz,99,0.0,0.0,1.0,1.0,,train
574980e15cd2,WAITER,include,video,,include:clip:574980e15cd2,data/external/include_pose/INCLUDE/Pose_Signs/Jobs/89. Waiter/MVI_4478.pkl,data/processed/landmarks/include/WAITER/574980e15cd2.npz,91,0.0,0.0,1.0,1.0,,train
ba900c7f1835,WAITER,include,video,,include:clip:ba900c7f1835,data/external/include_pose/INCLUDE/Pose_Signs/Jobs/89. Waiter/MVI_4479.pkl,data/processed/landmarks/include/WAITER/ba900c7f1835.npz,96,0.0,0.0,1.0,1.0,,train
98275a55149c,STUDENT,include,video,,include:clip:98275a55149c,data/external/include_pose/INCLUDE/Pose_Signs/Jobs/85. Student/MVI_4462.pkl,data/processed/landmarks/include/STUDENT/98275a55149c.npz,87,0.0,0.0,0.954,1.0,,train
87c8f20bbb75,STUDENT,include,video,,include:clip:87c8f20bbb75,data/external/include_pose/INCLUDE/Pose_Signs/Jobs/85. Student/MVI_4465.pkl,data/processed/landmarks/include/STUDENT/87c8f20bbb75.npz,75,0.0,0.0,0.9467,1.0,,train
2150cfbbcb9b,STUDENT,include,video,,include:clip:2150cfbbcb9b,data/external/include_pose/INCLUDE/Pose_Signs/Jobs/85. Student/MVI_4464.pkl,data/processed/landmarks/include/STUDENT/2150cfbbcb9b.npz,94,0.0,0.0,0.9043,1.0,,train
02e4c22caecb,STUDENT,include,video,,include:clip:02e4c22caecb,data/external/include_pose/INCLUDE/Pose_Signs/Jobs/85. Student/MVI_4748.pkl,data/processed/landmarks/include/STUDENT/02e4c22caecb.npz,64,0.0,0.0,0.9688,1.0,,train
8fd6281dbef0,STUDENT,include,video,,include:clip:8fd6281dbef0,data/external/include_pose/INCLUDE/Pose_Signs/Jobs/85. Student/MVI_8869.pkl,data/processed/landmarks/include/STUDENT/8fd6281dbef0.npz,68,0.0,0.0,0.9412,1.0,,train
aa436fdd0474,STUDENT,include,video,,include:clip:aa436fdd0474,data/external/include_pose/INCLUDE/Pose_Signs/Jobs/85. Student/MVI_8870.pkl,data/processed/landmarks/include/STUDENT/aa436fdd0474.npz,68,0.0,0.0,0.8824,1.0,,train
dcfb32f9311f,STUDENT,include,video,,include:clip:dcfb32f9311f,data/external/include_pose/INCLUDE/Pose_Signs/Jobs/85. Student/MVI_5316.pkl,data/processed/landmarks/include/STUDENT/dcfb32f9311f.npz,60,0.0,0.0,0.9333,1.0,,train
abcb02545136,STUDENT,include,video,,include:clip:abcb02545136,data/external/include_pose/INCLUDE/Pose_Signs/Jobs/85. Student/MVI_5317.pkl,data/processed/landmarks/include/STUDENT/abcb02545136.npz,63,0.0,0.0,0.9841,1.0,,train
4f89be9d670b,STUDENT,include,video,,include:clip:4f89be9d670b,data/external/include_pose/INCLUDE/Pose_Signs/Jobs/85. Student/MVI_4747.pkl,data/processed/landmarks/include/STUDENT/4f89be9d670b.npz,69,0.0,0.0,0.942,1.0,,train
2cdba47a0c85,AUTHOR,include,video,,include:clip:2cdba47a0c85,data/external/include_pose/INCLUDE/Pose_Signs/Jobs/95. Author/MVI_4506.pkl,data/processed/landmarks/include/AUTHOR/2cdba47a0c85.npz,118,0.0,0.0,0.9492,1.0,,train
29378f4a2821,AUTHOR,include,video,,include:clip:29378f4a2821,data/external/include_pose/INCLUDE/Pose_Signs/Jobs/95. Author/MVI_4507.pkl,data/processed/landmarks/include/AUTHOR/29378f4a2821.npz,112,0.0,0.0,0.9286,1.0,,train
30a2b3f013ff,AUTHOR,include,video,,include:clip:30a2b3f013ff,data/external/include_pose/INCLUDE/Pose_Signs/Jobs/95. Author/MVI_4504.pkl,data/processed/landmarks/include/AUTHOR/30a2b3f013ff.npz,110,0.0,0.0,0.9636,1.0,,train
0439d1668345,AUTHOR,include,video,,include:clip:0439d1668345,data/external/include_pose/INCLUDE/Pose_Signs/Jobs/95. Author/MVI_4783.pkl,data/processed/landmarks/include/AUTHOR/0439d1668345.npz,98,0.0,0.0,0.9592,1.0,,train
5c469728c58c,AUTHOR,include,video,,include:clip:5c469728c58c,data/external/include_pose/INCLUDE/Pose_Signs/Jobs/95. Author/MVI_8913.pkl,data/processed/landmarks/include/AUTHOR/5c469728c58c.npz,91,0.0,0.0,0.989,1.0,,train
2350cd695cb1,AUTHOR,include,video,,include:clip:2350cd695cb1,data/external/include_pose/INCLUDE/Pose_Signs/Jobs/95. Author/MVI_8912.pkl,data/processed/landmarks/include/AUTHOR/2350cd695cb1.npz,101,0.0,0.0,0.9307,1.0,,train
4412e4eb4993,AUTHOR,include,video,,include:clip:4412e4eb4993,data/external/include_pose/INCLUDE/Pose_Signs/Jobs/95. Author/MVI_4784.pkl,data/processed/landmarks/include/AUTHOR/4412e4eb4993.npz,110,0.0,0.0,0.9455,1.0,,train
b07625641d2c,AUTHOR,include,video,,include:clip:b07625641d2c,data/external/include_pose/INCLUDE/Pose_Signs/Jobs/95. Author/MVI_5358.pkl,data/processed/landmarks/include/AUTHOR/b07625641d2c.npz,118,0.0,0.0,0.9322,1.0,,train
84ce92553aaf,AUTHOR,include,video,,include:clip:84ce92553aaf,data/external/include_pose/INCLUDE/Pose_Signs/Jobs/95. Author/MVI_5360.pkl,data/processed/landmarks/include/AUTHOR/84ce92553aaf.npz,104,0.0,0.0,0.9808,1.0,,train
75d35c634590,LAWYER,include,video,,include:clip:75d35c634590,data/external/include_pose/INCLUDE/Pose_Signs/Jobs/86. Lawyer/MVI_4467.pkl,data/processed/landmarks/include/LAWYER/75d35c634590.npz,73,0.0,0.0,0.8904,1.0,,train
cca27e073139,LAWYER,include,video,,include:clip:cca27e073139,data/external/include_pose/INCLUDE/Pose_Signs/Jobs/86. Lawyer/MVI_5318.pkl,data/processed/landmarks/include/LAWYER/cca27e073139.npz,47,0.0,0.0,1.0,1.0,,train
09940ad1e969,LAWYER,include,video,,include:clip:09940ad1e969,data/external/include_pose/INCLUDE/Pose_Signs/Jobs/86. Lawyer/MVI_5320.pkl,data/processed/landmarks/include/LAWYER/09940ad1e969.npz,47,0.0,0.0,0.9574,1.0,,train
b8a322af1002,LAWYER,include,video,,include:clip:b8a322af1002,data/external/include_pose/INCLUDE/Pose_Signs/Jobs/86. Lawyer/MVI_5321.pkl,data/processed/landmarks/include/LAWYER/b8a322af1002.npz,54,0.0,0.0,0.9815,1.0,,train
81769f0eeca1,LAWYER,include,video,,include:clip:81769f0eeca1,data/external/include_pose/INCLUDE/Pose_Signs/Jobs/86. Lawyer/MVI_8873.pkl,data/processed/landmarks/include/LAWYER/81769f0eeca1.npz,60,0.0,0.0,0.8667,1.0,,train
674dfbe96862,LAWYER,include,video,,include:clip:674dfbe96862,data/external/include_pose/INCLUDE/Pose_Signs/Jobs/86. Lawyer/MVI_8872.pkl,data/processed/landmarks/include/LAWYER/674dfbe96862.npz,52,0.0,0.0,0.9231,1.0,,train
4826ba663158,LAWYER,include,video,,include:clip:4826ba663158,data/external/include_pose/INCLUDE/Pose_Signs/Jobs/86. Lawyer/MVI_4753.pkl,data/processed/landmarks/include/LAWYER/4826ba663158.npz,60,0.0,0.0,0.9,1.0,,train
06ce0bc5824d,LAWYER,include,video,,include:clip:06ce0bc5824d,data/external/include_pose/INCLUDE/Pose_Signs/Jobs/86. Lawyer/MVI_4750.pkl,data/processed/landmarks/include/LAWYER/06ce0bc5824d.npz,56,0.0,0.0,0.9286,1.0,,train
dc1b12641fe8,LAWYER,include,video,,include:clip:dc1b12641fe8,data/external/include_pose/INCLUDE/Pose_Signs/Jobs/86. Lawyer/MVI_4468.pkl,data/processed/landmarks/include/LAWYER/dc1b12641fe8.npz,59,0.0,0.0,0.8814,1.0,,train
95a1174fc13c,TEACHER,include,video,,include:clip:95a1174fc13c,data/external/include_pose/INCLUDE/Pose_Signs/Jobs/84. Teacher/MVI_4460.pkl,data/processed/landmarks/include/TEACHER/95a1174fc13c.npz,68,0.0,0.0,0.8676,1.0,,train
b66a2bc2f136,TEACHER,include,video,,include:clip:b66a2bc2f136,data/external/include_pose/INCLUDE/Pose_Signs/Jobs/84. Teacher/MVI_4458.pkl,data/processed/landmarks/include/TEACHER/b66a2bc2f136.npz,73,0.0,0.0,0.9041,1.0,,train
70fb8d170082,TEACHER,include,video,,include:clip:70fb8d170082,data/external/include_pose/INCLUDE/Pose_Signs/Jobs/84. Teacher/MVI_5311.pkl,data/processed/landmarks/include/TEACHER/70fb8d170082.npz,50,0.0,0.0,0.98,1.0,,train
206334aba8fd,TEACHER,include,video,,include:clip:206334aba8fd,data/external/include_pose/INCLUDE/Pose_Signs/Jobs/84. Teacher/MVI_8865.pkl,data/processed/landmarks/include/TEACHER/206334aba8fd.npz,60,0.0,0.0,0.9667,1.0,,train
dcec0f87136f,TEACHER,include,video,,include:clip:dcec0f87136f,data/external/include_pose/INCLUDE/Pose_Signs/Jobs/84. Teacher/MVI_5312.pkl,data/processed/landmarks/include/TEACHER/dcec0f87136f.npz,51,0.0,0.0,0.9412,1.0,,train
af829ccf19c3,TEACHER,include,video,,include:clip:af829ccf19c3,data/external/include_pose/INCLUDE/Pose_Signs/Jobs/84. Teacher/MVI_4746.pkl,data/processed/landmarks/include/TEACHER/af829ccf19c3.npz,59,0.0,0.0,0.9322,1.0,,train
6543aa6e8827,TEACHER,include,video,,include:clip:6543aa6e8827,data/external/include_pose/INCLUDE/Pose_Signs/Jobs/84. Teacher/MVI_4745.pkl,data/processed/landmarks/include/TEACHER/6543aa6e8827.npz,64,0.0,0.0,0.9375,1.0,,train
23220c97e9ff,TEACHER,include,video,,include:clip:23220c97e9ff,data/external/include_pose/INCLUDE/Pose_Signs/Jobs/84. Teacher/MVI_4744.pkl,data/processed/landmarks/include/TEACHER/23220c97e9ff.npz,53,0.0,0.0,0.9434,1.0,,train
bd8a404997e1,TEACHER,include,video,,include:clip:bd8a404997e1,data/external/include_pose/INCLUDE/Pose_Signs/Jobs/84. Teacher/MVI_4457.pkl,data/processed/landmarks/include/TEACHER/bd8a404997e1.npz,67,0.0,0.0,0.806,1.0,,train
18add3e21162,ARTIST,include,video,,include:clip:18add3e21162,data/external/include_pose/INCLUDE/Pose_Signs/Jobs/94. Artist/MVI_4501.pkl,data/processed/landmarks/include/ARTIST/18add3e21162.npz,76,0.0,0.0,0.9868,1.0,,train
1eb08650d496,ARTIST,include,video,,include:clip:1eb08650d496,data/external/include_pose/INCLUDE/Pose_Signs/Jobs/94. Artist/MVI_4502.pkl,data/processed/landmarks/include/ARTIST/1eb08650d496.npz,80,0.0,0.0,1.0,1.0,,train
53a731b2bdcd,ARTIST,include,video,,include:clip:53a731b2bdcd,data/external/include_pose/INCLUDE/Pose_Signs/Jobs/94. Artist/MVI_5354.pkl,data/processed/landmarks/include/ARTIST/53a731b2bdcd.npz,59,0.0,0.0,1.0,1.0,,train
895ed802607a,ARTIST,include,video,,include:clip:895ed802607a,data/external/include_pose/INCLUDE/Pose_Signs/Jobs/94. Artist/MVI_5355.pkl,data/processed/landmarks/include/ARTIST/895ed802607a.npz,63,0.0,0.0,1.0,1.0,,train
ea38ae0a7a5e,ARTIST,include,video,,include:clip:ea38ae0a7a5e,data/external/include_pose/INCLUDE/Pose_Signs/Jobs/94. Artist/MVI_5356.pkl,data/processed/landmarks/include/ARTIST/ea38ae0a7a5e.npz,65,0.0,0.0,1.0,1.0,,train
b7faeffd1a00,ARTIST,include,video,,include:clip:b7faeffd1a00,data/external/include_pose/INCLUDE/Pose_Signs/Jobs/94. Artist/MVI_8897.pkl,data/processed/landmarks/include/ARTIST/b7faeffd1a00.npz,64,0.0,0.0,1.0,1.0,,train
d9b8f50694a7,ARTIST,include,video,,include:clip:d9b8f50694a7,data/external/include_pose/INCLUDE/Pose_Signs/Jobs/94. Artist/MVI_8896.pkl,data/processed/landmarks/include/ARTIST/d9b8f50694a7.npz,69,0.0,0.0,1.0,1.0,,train
3469185bc000,ARTIST,include,video,,include:clip:3469185bc000,data/external/include_pose/INCLUDE/Pose_Signs/Jobs/94. Artist/MVI_4780.pkl,data/processed/landmarks/include/ARTIST/3469185bc000.npz,65,0.0,0.0,1.0,1.0,,train
3478fe72c189,ARTIST,include,video,,include:clip:3478fe72c189,data/external/include_pose/INCLUDE/Pose_Signs/Jobs/94. Artist/MVI_4779.pkl,data/processed/landmarks/include/ARTIST/3478fe72c189.npz,63,0.0,0.0,1.0,1.0,,train
02dca502208c,PATIENT,include,video,,include:clip:02dca502208c,data/external/include_pose/INCLUDE/Pose_Signs/Jobs/88. Patient/MVI_4474.pkl,data/processed/landmarks/include/PATIENT/02dca502208c.npz,96,0.0,0.0,0.8854,1.0,,train
613406776aae,PATIENT,include,video,,include:clip:613406776aae,data/external/include_pose/INCLUDE/Pose_Signs/Jobs/88. Patient/MVI_4475.pkl,data/processed/landmarks/include/PATIENT/613406776aae.npz,73,0.0,0.0,0.8904,1.0,,train
9669d808f092,PATIENT,include,video,,include:clip:9669d808f092,data/external/include_pose/INCLUDE/Pose_Signs/Jobs/88. Patient/MVI_4477.pkl,data/processed/landmarks/include/PATIENT/9669d808f092.npz,92,0.0,0.0,0.9239,1.0,,train
8adfab35c1e1,PATIENT,include,video,,include:clip:8adfab35c1e1,data/external/include_pose/INCLUDE/Pose_Signs/Jobs/88. Patient/MVI_4476.pkl,data/processed/landmarks/include/PATIENT/8adfab35c1e1.npz,88,0.0,0.0,0.9432,1.0,,train
a9729062c676,PATIENT,include,video,,include:clip:a9729062c676,data/external/include_pose/INCLUDE/Pose_Signs/Jobs/88. Patient/MVI_8879.pkl,data/processed/landmarks/include/PATIENT/a9729062c676.npz,71,0.0,0.0,1.0,1.0,,train
30de92bc3b1f,PATIENT,include,video,,include:clip:30de92bc3b1f,data/external/include_pose/INCLUDE/Pose_Signs/Jobs/88. Patient/MVI_5327.pkl,data/processed/landmarks/include/PATIENT/30de92bc3b1f.npz,60,0.0,0.0,1.0,1.0,,train
82c5ed487bed,PATIENT,include,video,,include:clip:82c5ed487bed,data/external/include_pose/INCLUDE/Pose_Signs/Jobs/88. Patient/MVI_8880.pkl,data/processed/landmarks/include/PATIENT/82c5ed487bed.npz,80,0.0,0.0,1.0,1.0,,train
6c824a1d1627,PATIENT,include,video,,include:clip:6c824a1d1627,data/external/include_pose/INCLUDE/Pose_Signs/Jobs/88. Patient/MVI_4759.pkl,data/processed/landmarks/include/PATIENT/6c824a1d1627.npz,62,0.0,0.0,1.0,1.0,,train
2fa085f99969,PATIENT,include,video,,include:clip:2fa085f99969,data/external/include_pose/INCLUDE/Pose_Signs/Jobs/88. Patient/MVI_5328.pkl,data/processed/landmarks/include/PATIENT/2fa085f99969.npz,62,0.0,0.0,0.9839,1.0,,train
537f611f19f2,BEAR,islwords,video,,islwords:rec:e5c686854f52,C:\ISL\archive\Video_Dataset\Video_Dataset\Bear\WIN_20231102_12_38_17_Pro.mp4,data/processed/landmarks/islwords/BEAR/537f611f19f2.npz,205,30.0,6.833,1.0,1.0,,train
461e852bf0bb,BEAR,islwords,video,,islwords:rec:9440e14cdb7f,C:\ISL\archive\Video_Dataset\Video_Dataset\Bear\WIN_20231102_12_38_27_Pro.mp4,data/processed/landmarks/islwords/BEAR/461e852bf0bb.npz,202,30.0,6.733,1.0,1.0,,train
a372a907225a,BEAR,islwords,video,,islwords:rec:561d3da8f866,C:\ISL\archive\Video_Dataset\Video_Dataset\Bear\WIN_20231102_12_38_49_Pro.mp4,data/processed/landmarks/islwords/BEAR/a372a907225a.npz,209,30.0,6.967,1.0,1.0,,train
6b17b7ad2c61,BEAR,islwords,video,,islwords:rec:d08d40552a90,C:\ISL\archive\Video_Dataset\Video_Dataset\Bear\WIN_20231102_12_38_57_Pro.mp4,data/processed/landmarks/islwords/BEAR/6b17b7ad2c61.npz,190,30.0,6.333,1.0,1.0,,train
a06b0736dce3,BEAR,islwords,video,,islwords:rec:c4e1bac66024,C:\ISL\archive\Video_Dataset\Video_Dataset\Bear\WIN_20231102_12_39_24_Pro.mp4,data/processed/landmarks/islwords/BEAR/a06b0736dce3.npz,198,30.0,6.6,1.0,1.0,,train
435a8626ca28,BEAR,islwords,video,,islwords:rec:7dbc8baab48b,C:\ISL\archive\Video_Dataset\Video_Dataset\Bear\WIN_20231102_12_39_47_Pro.mp4,data/processed/landmarks/islwords/BEAR/435a8626ca28.npz,193,30.0,6.433,1.0,1.0,,train
5d5842145f1b,BEAR,islwords,video,,islwords:rec:3c869e036607,C:\ISL\archive\Video_Dataset\Video_Dataset\Bear\WIN_20231102_12_40_34_Pro.mp4,data/processed/landmarks/islwords/BEAR/5d5842145f1b.npz,210,30.0,7.0,1.0,1.0,,train
7e9855f64f67,BEAR,islwords,video,,islwords:rec:300905392465,C:\ISL\archive\Video_Dataset\Video_Dataset\Bear\WIN_20231102_12_40_43_Pro.mp4,data/processed/landmarks/islwords/BEAR/7e9855f64f67.npz,212,30.0,7.067,1.0,1.0,,train
c879906415c7,BEAR,islwords,video,,islwords:rec:9cfeba60237d,C:\ISL\archive\Video_Dataset\Video_Dataset\Bear\WIN_20231102_12_40_52_Pro.mp4,data/processed/landmarks/islwords/BEAR/c879906415c7.npz,216,30.0,7.2,1.0,1.0,,train
fd26c78aff8b,BEAR,islwords,video,,islwords:rec:4aa139c000df,C:\ISL\archive\Video_Dataset\Video_Dataset\Bear\WIN_20231102_12_41_20_Pro.mp4,data/processed/landmarks/islwords/BEAR/fd26c78aff8b.npz,199,30.0,6.633,1.0,1.0,,train
0736aa8f2fe7,BEAR,islwords,video,,islwords:rec:27f1aa3bf2ea,C:\ISL\archive\Video_Dataset\Video_Dataset\Bear\WIN_20231102_12_41_29_Pro.mp4,data/processed/landmarks/islwords/BEAR/0736aa8f2fe7.npz,199,30.0,6.633,1.0,1.0,,train
08582632ca3c,BEAR,islwords,video,,islwords:rec:a08d042e9b91,C:\ISL\archive\Video_Dataset\Video_Dataset\Bear\WIN_20231102_12_41_37_Pro.mp4,data/processed/landmarks/islwords/BEAR/08582632ca3c.npz,191,30.0,6.367,1.0,1.0,,train
afab7a63f277,BEAR,islwords,video,,islwords:rec:72823402a402,C:\ISL\archive\Video_Dataset\Video_Dataset\Bear\WIN_20231102_12_41_54_Pro.mp4,data/processed/landmarks/islwords/BEAR/afab7a63f277.npz,178,30.0,5.933,1.0,1.0,,train
005a8fdfd0e5,BEAR,islwords,video,,islwords:rec:07749b8f15bd,C:\ISL\archive\Video_Dataset\Video_Dataset\Bear\WIN_20231102_12_42_18_Pro.mp4,data/processed/landmarks/islwords/BEAR/005a8fdfd0e5.npz,183,30.0,6.1,1.0,1.0,,train
a9e302148aeb,BEAR,islwords,video,,islwords:rec:006b23fe1baf,C:\ISL\archive\Video_Dataset\Video_Dataset\Bear\WIN_20231102_12_42_36_Pro.mp4,data/processed/landmarks/islwords/BEAR/a9e302148aeb.npz,216,30.0,7.2,1.0,1.0,,train
ce4570bbf194,BEAR,islwords,video,,islwords:rec:04b95cba5f56,C:\ISL\archive\Video_Dataset\Video_Dataset\Bear\WIN_20231102_12_42_45_Pro.mp4,data/processed/landmarks/islwords/BEAR/ce4570bbf194.npz,222,30.0,7.4,1.0,1.0,,train
8d9cc5bdf09c,BEAR,islwords,video,,islwords:rec:653e82952a41,C:\ISL\archive\Video_Dataset\Video_Dataset\Bear\WIN_20231102_12_42_54_Pro.mp4,data/processed/landmarks/islwords/BEAR/8d9cc5bdf09c.npz,208,30.0,6.933,1.0,1.0,,train
a1b095ebae3d,BREAK,islwords,video,,islwords:rec:b680c8fc6dc1,C:\ISL\archive\Video_Dataset\Video_Dataset\Break\WIN_20231102_13_29_56_Pro.mp4,data/processed/landmarks/islwords/BREAK/a1b095ebae3d.npz,161,30.0,5.367,1.0,1.0,,train
7a035b0bcd0d,BREAK,islwords,video,,islwords:rec:977413aeffb5,C:\ISL\archive\Video_Dataset\Video_Dataset\Break\WIN_20231102_13_30_04_Pro.mp4,data/processed/landmarks/islwords/BREAK/7a035b0bcd0d.npz,142,30.0,4.733,1.0,1.0,,train
3928ff97f8fd,BREAK,islwords,video,,islwords:rec:92eb1146445e,C:\ISL\archive\Video_Dataset\Video_Dataset\Break\WIN_20231102_13_30_19_Pro.mp4,data/processed/landmarks/islwords/BREAK/3928ff97f8fd.npz,152,30.0,5.067,1.0,1.0,,train
e1843f327846,BREAK,islwords,video,,islwords:rec:8791feaeefae,C:\ISL\archive\Video_Dataset\Video_Dataset\Break\WIN_20231102_13_30_27_Pro.mp4,data/processed/landmarks/islwords/BREAK/e1843f327846.npz,135,30.0,4.5,1.0,1.0,,train
7c8c93b6be6b,BREAK,islwords,video,,islwords:rec:c229cf953a39,C:\ISL\archive\Video_Dataset\Video_Dataset\Break\WIN_20231102_13_30_59_Pro.mp4,data/processed/landmarks/islwords/BREAK/7c8c93b6be6b.npz,123,30.0,4.1,1.0,1.0,,train
5f5f163cd397,BREAK,islwords,video,,islwords:rec:22217633833b,C:\ISL\archive\Video_Dataset\Video_Dataset\Break\WIN_20231102_13_31_06_Pro.mp4,data/processed/landmarks/islwords/BREAK/5f5f163cd397.npz,122,30.0,4.067,0.9754,1.0,,train
9acc7b0e6dae,BREAK,islwords,video,,islwords:rec:9232d34239f0,C:\ISL\archive\Video_Dataset\Video_Dataset\Break\WIN_20231102_13_31_13_Pro.mp4,data/processed/landmarks/islwords/BREAK/9acc7b0e6dae.npz,117,30.0,3.9,0.9915,1.0,,train
7fe17ba9b32a,BREAK,islwords,video,,islwords:rec:66e94b072d86,C:\ISL\archive\Video_Dataset\Video_Dataset\Break\WIN_20231102_13_31_37_Pro.mp4,data/processed/landmarks/islwords/BREAK/7fe17ba9b32a.npz,116,30.0,3.867,0.9914,1.0,,train
8a70a49dcbfe,BREAK,islwords,video,,islwords:rec:4d7da1a32ea9,C:\ISL\archive\Video_Dataset\Video_Dataset\Break\WIN_20231102_13_31_43_Pro.mp4,data/processed/landmarks/islwords/BREAK/8a70a49dcbfe.npz,126,30.0,4.2,0.9921,1.0,,train
574136d3be1d,BREAK,islwords,video,,islwords:rec:da84280a5276,C:\ISL\archive\Video_Dataset\Video_Dataset\Break\WIN_20231102_13_33_37_Pro.mp4,data/processed/landmarks/islwords/BREAK/574136d3be1d.npz,112,30.0,3.733,1.0,1.0,,train
28c4d0c42faf,BREAK,islwords,video,,islwords:rec:2dabd795d58c,C:\ISL\archive\Video_Dataset\Video_Dataset\Break\WIN_20231102_13_33_50_Pro.mp4,data/processed/landmarks/islwords/BREAK/28c4d0c42faf.npz,129,30.0,4.3,1.0,1.0,,train
9d4856209837,BREAK,islwords,video,,islwords:rec:6decb0f10ff6,C:\ISL\archive\Video_Dataset\Video_Dataset\Break\WIN_20231102_13_34_49_Pro.mp4,data/processed/landmarks/islwords/BREAK/9d4856209837.npz,140,30.0,4.667,1.0,1.0,,train
aefb6691df46,BREAK,islwords,video,,islwords:rec:36ef3316fb17,C:\ISL\archive\Video_Dataset\Video_Dataset\Break\WIN_20231102_14_00_24_Pro.mp4,data/processed/landmarks/islwords/BREAK/aefb6691df46.npz,125,30.0,4.167,0.992,1.0,,train
5988a0eadb76,BREAK,islwords,video,,islwords:rec:e746c1fba4ba,C:\ISL\archive\Video_Dataset\Video_Dataset\Break\WIN_20231102_14_00_31_Pro.mp4,data/processed/landmarks/islwords/BREAK/5988a0eadb76.npz,114,30.0,3.8,1.0,1.0,,train
2564e9445d66,BREAK,islwords,video,,islwords:rec:c9378e577e98,C:\ISL\archive\Video_Dataset\Video_Dataset\Break\WIN_20231102_14_00_37_Pro.mp4,data/processed/landmarks/islwords/BREAK/2564e9445d66.npz,113,30.0,3.767,1.0,1.0,,train
d61e6c30bec6,BREAK,islwords,video,,islwords:rec:de81fd5d373c,C:\ISL\archive\Video_Dataset\Video_Dataset\Break\WIN_20231102_14_00_42_Pro.mp4,data/processed/landmarks/islwords/BREAK/d61e6c30bec6.npz,115,30.0,3.833,1.0,1.0,,train
734cf0368f58,BREAK,islwords,video,,islwords:rec:545d37213956,C:\ISL\archive\Video_Dataset\Video_Dataset\Break\WIN_20231102_14_00_48_Pro.mp4,data/processed/landmarks/islwords/BREAK/734cf0368f58.npz,112,30.0,3.733,1.0,1.0,,train
ac6ca1dd6161,BRINJAL,islwords,video,,islwords:rec:1766ef802fa2,C:\ISL\archive\Video_Dataset\Video_Dataset\Brinjal\WIN_20231102_10_52_48_Pro.mp4,data/processed/landmarks/islwords/BRINJAL/ac6ca1dd6161.npz,144,30.0,4.8,1.0,1.0,,train
9bc03be4346a,BRINJAL,islwords,video,,islwords:rec:4cb36d324e10,C:\ISL\archive\Video_Dataset\Video_Dataset\Brinjal\WIN_20231102_10_53_27_Pro.mp4,data/processed/landmarks/islwords/BRINJAL/9bc03be4346a.npz,156,30.0,5.2,1.0,1.0,,train
017cc72895ac,BRINJAL,islwords,video,,islwords:rec:b8b0bbbd01e1,C:\ISL\archive\Video_Dataset\Video_Dataset\Brinjal\WIN_20231102_10_53_42_Pro.mp4,data/processed/landmarks/islwords/BRINJAL/017cc72895ac.npz,161,30.0,5.367,1.0,1.0,,train
6e297fb11c7f,BRINJAL,islwords,video,,islwords:rec:b26e56133113,C:\ISL\archive\Video_Dataset\Video_Dataset\Brinjal\WIN_20231102_10_53_51_Pro.mp4,data/processed/landmarks/islwords/BRINJAL/6e297fb11c7f.npz,167,30.0,5.567,1.0,1.0,,train
e1fc29e4a266,BRINJAL,islwords,video,,islwords:rec:c58633810247,C:\ISL\archive\Video_Dataset\Video_Dataset\Brinjal\WIN_20231102_10_56_38_Pro.mp4,data/processed/landmarks/islwords/BRINJAL/e1fc29e4a266.npz,158,30.0,5.267,1.0,1.0,,train
1729698a4cc1,BRINJAL,islwords,video,,islwords:rec:52a2bbdaaa88,C:\ISL\archive\Video_Dataset\Video_Dataset\Brinjal\WIN_20231102_10_57_26_Pro.mp4,data/processed/landmarks/islwords/BRINJAL/1729698a4cc1.npz,201,30.0,6.7,1.0,1.0,,train
e6471ab9c8bb,BRINJAL,islwords,video,,islwords:rec:07c270a7fd9d,C:\ISL\archive\Video_Dataset\Video_Dataset\Brinjal\WIN_20231102_10_57_38_Pro.mp4,data/processed/landmarks/islwords/BRINJAL/e6471ab9c8bb.npz,216,30.0,7.2,1.0,1.0,,train
2e00d522ddaa,BRINJAL,islwords,video,,islwords:rec:9a7a1a56cdd3,C:\ISL\archive\Video_Dataset\Video_Dataset\Brinjal\WIN_20231102_10_57_46_Pro.mp4,data/processed/landmarks/islwords/BRINJAL/2e00d522ddaa.npz,200,30.0,6.667,1.0,1.0,,train
54a0f3629362,BRINJAL,islwords,video,,islwords:rec:ef95ee80ac4e,C:\ISL\archive\Video_Dataset\Video_Dataset\Brinjal\WIN_20231102_10_59_14_Pro.mp4,data/processed/landmarks/islwords/BRINJAL/54a0f3629362.npz,195,30.0,6.5,1.0,1.0,,train
4c1522835015,BRINJAL,islwords,video,,islwords:rec:81a04c02346d,C:\ISL\archive\Video_Dataset\Video_Dataset\Brinjal\WIN_20231102_10_59_23_Pro.mp4,data/processed/landmarks/islwords/BRINJAL/4c1522835015.npz,187,30.0,6.233,1.0,1.0,,train
683c6143682a,BRINJAL,islwords,video,,islwords:rec:6bb1e80df4a7,C:\ISL\archive\Video_Dataset\Video_Dataset\Brinjal\WIN_20231102_10_59_42_Pro.mp4,data/processed/landmarks/islwords/BRINJAL/683c6143682a.npz,175,30.0,5.833,1.0,1.0,,train
1b1daec630c7,BRINJAL,islwords,video,,islwords:rec:b286014ca275,C:\ISL\archive\Video_Dataset\Video_Dataset\Brinjal\WIN_20231102_10_59_49_Pro.mp4,data/processed/landmarks/islwords/BRINJAL/1b1daec630c7.npz,164,30.0,5.467,1.0,1.0,,train
8f6dd90f475e,BRINJAL,islwords,video,,islwords:rec:97e9ef33241a,C:\ISL\archive\Video_Dataset\Video_Dataset\Brinjal\WIN_20231102_11_00_36_Pro.mp4,data/processed/landmarks/islwords/BRINJAL/8f6dd90f475e.npz,171,30.0,5.7,1.0,1.0,,train
848321d426c7,BRINJAL,islwords,video,,islwords:rec:ee4a67787b9b,C:\ISL\archive\Video_Dataset\Video_Dataset\Brinjal\WIN_20231102_11_01_34_Pro.mp4,data/processed/landmarks/islwords/BRINJAL/848321d426c7.npz,165,30.0,5.5,1.0,1.0,,train
584782780764,BRINJAL,islwords,video,,islwords:rec:7398a55ea712,C:\ISL\archive\Video_Dataset\Video_Dataset\Brinjal\WIN_20231102_11_01_42_Pro.mp4,data/processed/landmarks/islwords/BRINJAL/584782780764.npz,164,30.0,5.467,1.0,1.0,,train
96778af24cf9,BRINJAL,islwords,video,,islwords:rec:18a197e9433f,C:\ISL\archive\Video_Dataset\Video_Dataset\Brinjal\WIN_20231102_11_01_49_Pro.mp4,data/processed/landmarks/islwords/BRINJAL/96778af24cf9.npz,164,30.0,5.467,1.0,1.0,,train
0702f230003d,BRINJAL,islwords,video,,islwords:rec:86c09e0e61a4,C:\ISL\archive\Video_Dataset\Video_Dataset\Brinjal\WIN_20231102_11_01_56_Pro.mp4,data/processed/landmarks/islwords/BRINJAL/0702f230003d.npz,159,30.0,5.3,1.0,1.0,,train
e2e4361c5a50,BUDGET,islwords,video,,islwords:rec:f85f62f137a0,C:\ISL\archive\Video_Dataset\Video_Dataset\Budget\WIN_20230901_09_29_50_Pro.mp4,data/processed/landmarks/islwords/BUDGET/e2e4361c5a50.npz,145,30.0,4.833,1.0,1.0,,train
f1eab7fd0aaa,BUDGET,islwords,video,,islwords:rec:b1184a01a5fc,C:\ISL\archive\Video_Dataset\Video_Dataset\Budget\WIN_20230901_09_29_57_Pro.mp4,data/processed/landmarks/islwords/BUDGET/f1eab7fd0aaa.npz,157,30.0,5.233,1.0,1.0,,train
d65c778ef727,BUDGET,islwords,video,,islwords:rec:68e62141257f,C:\ISL\archive\Video_Dataset\Video_Dataset\Budget\WIN_20230901_09_30_04_Pro.mp4,data/processed/landmarks/islwords/BUDGET/d65c778ef727.npz,147,30.0,4.9,1.0,1.0,,train
ba1a67bafe85,BUDGET,islwords,video,,islwords:rec:77a265639921,C:\ISL\archive\Video_Dataset\Video_Dataset\Budget\WIN_20230901_09_30_10_Pro.mp4,data/processed/landmarks/islwords/BUDGET/ba1a67bafe85.npz,140,30.0,4.667,1.0,1.0,,train
7e6b3d458e66,BUDGET,islwords,video,,islwords:rec:58add1fedcc1,C:\ISL\archive\Video_Dataset\Video_Dataset\Budget\WIN_20230901_09_30_16_Pro.mp4,data/processed/landmarks/islwords/BUDGET/7e6b3d458e66.npz,136,30.0,4.533,1.0,1.0,,train
99de1055a921,BUDGET,islwords,video,,islwords:rec:15ef3a50eb68,C:\ISL\archive\Video_Dataset\Video_Dataset\Budget\WIN_20230901_09_30_49_Pro.mp4,data/processed/landmarks/islwords/BUDGET/99de1055a921.npz,160,30.0,5.333,1.0,1.0,,train
d2cc30bad857,BUDGET,islwords,video,,islwords:rec:259afdcfb5df,C:\ISL\archive\Video_Dataset\Video_Dataset\Budget\WIN_20230901_09_31_05_Pro.mp4,data/processed/landmarks/islwords/BUDGET/d2cc30bad857.npz,154,30.0,5.133,1.0,1.0,,train
81c7f4a7663b,BUDGET,islwords,video,,islwords:rec:c98a36ea244d,C:\ISL\archive\Video_Dataset\Video_Dataset\Budget\WIN_20230901_09_31_13_Pro.mp4,data/processed/landmarks/islwords/BUDGET/81c7f4a7663b.npz,154,30.0,5.133,1.0,1.0,,train
c4b2c4a4326d,BUDGET,islwords,video,,islwords:rec:9a3d031409c5,C:\ISL\archive\Video_Dataset\Video_Dataset\Budget\WIN_20230901_09_31_28_Pro.mp4,data/processed/landmarks/islwords/BUDGET/c4b2c4a4326d.npz,190,30.0,6.333,1.0,1.0,,train
347d42a57666,BUDGET,islwords,video,,islwords:rec:c23c070281b6,C:\ISL\archive\Video_Dataset\Video_Dataset\Budget\WIN_20230901_09_32_33_Pro.mp4,data/processed/landmarks/islwords/BUDGET/347d42a57666.npz,179,30.0,5.967,1.0,1.0,,train
331ae6f7f162,BUDGET,islwords,video,,islwords:rec:8fe149568bba,C:\ISL\archive\Video_Dataset\Video_Dataset\Budget\WIN_20230901_09_32_40_Pro.mp4,data/processed/landmarks/islwords/BUDGET/331ae6f7f162.npz,200,30.0,6.667,1.0,1.0,,train
8a0be157864d,BUDGET,islwords,video,,islwords:rec:24505c8ba00a,C:\ISL\archive\Video_Dataset\Video_Dataset\Budget\WIN_20230901_09_32_48_Pro.mp4,data/processed/landmarks/islwords/BUDGET/8a0be157864d.npz,199,30.0,6.633,1.0,1.0,,train
f56eaac9410f,BUDGET,islwords,video,,islwords:rec:40cdc46b0fb6,C:\ISL\archive\Video_Dataset\Video_Dataset\Budget\WIN_20230901_09_32_56_Pro.mp4,data/processed/landmarks/islwords/BUDGET/f56eaac9410f.npz,199,30.0,6.633,1.0,1.0,,train
49c5131a8294,BUSY,islwords,video,,islwords:rec:d10ee142320f,C:\ISL\archive\Video_Dataset\Video_Dataset\Busy\WIN_20230831_14_45_26_Pro.mp4,data/processed/landmarks/islwords/BUSY/49c5131a8294.npz,132,30.0,4.4,1.0,1.0,,train
ca7608da3d0e,BUSY,islwords,video,,islwords:rec:80fdae9c535d,C:\ISL\archive\Video_Dataset\Video_Dataset\Busy\WIN_20230831_14_45_32_Pro.mp4,data/processed/landmarks/islwords/BUSY/ca7608da3d0e.npz,134,30.0,4.467,1.0,1.0,,train
6b58d9da544b,BUSY,islwords,video,,islwords:rec:a573ef272d14,C:\ISL\archive\Video_Dataset\Video_Dataset\Busy\WIN_20230831_14_45_38_Pro.mp4,data/processed/landmarks/islwords/BUSY/6b58d9da544b.npz,128,30.0,4.267,1.0,1.0,,train
9797dbe34a9c,BUSY,islwords,video,,islwords:rec:57033c3f5b2c,C:\ISL\archive\Video_Dataset\Video_Dataset\Busy\WIN_20230831_14_45_50_Pro.mp4,data/processed/landmarks/islwords/BUSY/9797dbe34a9c.npz,154,30.0,5.133,1.0,1.0,,train
f4db65d74636,BUSY,islwords,video,,islwords:rec:2f8de9fdb293,C:\ISL\archive\Video_Dataset\Video_Dataset\Busy\WIN_20230831_14_46_17_Pro.mp4,data/processed/landmarks/islwords/BUSY/f4db65d74636.npz,152,30.0,5.067,1.0,1.0,,train
fb89431d3b4b,BUSY,islwords,video,,islwords:rec:aa05b20301f4,C:\ISL\archive\Video_Dataset\Video_Dataset\Busy\WIN_20230831_14_46_42_Pro.mp4,data/processed/landmarks/islwords/BUSY/fb89431d3b4b.npz,157,30.0,5.233,1.0,1.0,,train
bb179933323d,BUSY,islwords,video,,islwords:rec:895148431bdc,C:\ISL\archive\Video_Dataset\Video_Dataset\Busy\WIN_20230831_14_46_49_Pro.mp4,data/processed/landmarks/islwords/BUSY/bb179933323d.npz,152,30.0,5.067,1.0,1.0,,train
31d81c9d8df0,BUSY,islwords,video,,islwords:rec:36c8a2541249,C:\ISL\archive\Video_Dataset\Video_Dataset\Busy\WIN_20230831_14_46_55_Pro.mp4,data/processed/landmarks/islwords/BUSY/31d81c9d8df0.npz,151,30.0,5.033,1.0,1.0,,train
629e9cb778a5,BUSY,islwords,video,,islwords:rec:28e90af21959,C:\ISL\archive\Video_Dataset\Video_Dataset\Busy\WIN_20230831_14_47_14_Pro.mp4,data/processed/landmarks/islwords/BUSY/629e9cb778a5.npz,133,30.0,4.433,1.0,1.0,,train
4470ae619fea,BUSY,islwords,video,,islwords:rec:68ed23e87069,C:\ISL\archive\Video_Dataset\Video_Dataset\Busy\WIN_20230831_14_47_20_Pro.mp4,data/processed/landmarks/islwords/BUSY/4470ae619fea.npz,147,30.0,4.9,1.0,1.0,,train
45cd6b143088,BUSY,islwords,video,,islwords:rec:417a76cbfe54,C:\ISL\archive\Video_Dataset\Video_Dataset\Busy\WIN_20230831_14_47_27_Pro.mp4,data/processed/landmarks/islwords/BUSY/45cd6b143088.npz,156,30.0,5.2,1.0,1.0,,train
62a61a3868aa,BUSY,islwords,video,,islwords:rec:524210472f13,C:\ISL\archive\Video_Dataset\Video_Dataset\Busy\WIN_20230831_14_47_34_Pro.mp4,data/processed/landmarks/islwords/BUSY/62a61a3868aa.npz,133,30.0,4.433,1.0,1.0,,train
f8a297443819,BUSY,islwords,video,,islwords:rec:ba83bfd9aa40,C:\ISL\archive\Video_Dataset\Video_Dataset\Busy\WIN_20230831_14_47_41_Pro.mp4,data/processed/landmarks/islwords/BUSY/f8a297443819.npz,156,30.0,5.2,1.0,1.0,,train
1699c59b280b,CABBAGE,islwords,video,,islwords:rec:728050269be1,C:\ISL\archive\Video_Dataset\Video_Dataset\Cabbage\WIN_20231102_11_05_03_Pro.mp4,data/processed/landmarks/islwords/CABBAGE/1699c59b280b.npz,180,30.0,6.0,1.0,1.0,,train
67cb904d5000,CABBAGE,islwords,video,,islwords:rec:63a8714804fc,C:\ISL\archive\Video_Dataset\Video_Dataset\Cabbage\WIN_20231102_11_05_17_Pro.mp4,data/processed/landmarks/islwords/CABBAGE/67cb904d5000.npz,181,30.0,6.033,0.9945,1.0,,train
4e06793a4cd0,CABBAGE,islwords,video,,islwords:rec:18fc1366ff5b,C:\ISL\archive\Video_Dataset\Video_Dataset\Cabbage\WIN_20231102_11_05_25_Pro.mp4,data/processed/landmarks/islwords/CABBAGE/4e06793a4cd0.npz,164,30.0,5.467,0.9939,1.0,,train
28729ffb6385,CABBAGE,islwords,video,,islwords:rec:012e506e2026,C:\ISL\archive\Video_Dataset\Video_Dataset\Cabbage\WIN_20231102_11_05_42_Pro.mp4,data/processed/landmarks/islwords/CABBAGE/28729ffb6385.npz,181,30.0,6.033,0.989,1.0,,train
56bceb405fb2,CABBAGE,islwords,video,,islwords:rec:f1f4e9efba14,C:\ISL\archive\Video_Dataset\Video_Dataset\Cabbage\WIN_20231102_11_08_28_Pro.mp4,data/processed/landmarks/islwords/CABBAGE/56bceb405fb2.npz,209,30.0,6.967,1.0,1.0,,train
419fb52bb526,CABBAGE,islwords,video,,islwords:rec:bcea066e591a,C:\ISL\archive\Video_Dataset\Video_Dataset\Cabbage\WIN_20231102_11_08_36_Pro.mp4,data/processed/landmarks/islwords/CABBAGE/419fb52bb526.npz,201,30.0,6.7,1.0,1.0,,train
d4d75fd26511,CABBAGE,islwords,video,,islwords:rec:304c51a4c996,C:\ISL\archive\Video_Dataset\Video_Dataset\Cabbage\WIN_20231102_11_08_45_Pro.mp4,data/processed/landmarks/islwords/CABBAGE/d4d75fd26511.npz,217,30.0,7.233,1.0,1.0,,train
1ca9dded7158,CABBAGE,islwords,video,,islwords:rec:61fe0ccfd7ab,C:\ISL\archive\Video_Dataset\Video_Dataset\Cabbage\WIN_20231102_11_08_54_Pro.mp4,data/processed/landmarks/islwords/CABBAGE/1ca9dded7158.npz,199,30.0,6.633,1.0,1.0,,train
02b82e9f2591,CABBAGE,islwords,video,,islwords:rec:6bac27d60971,C:\ISL\archive\Video_Dataset\Video_Dataset\Cabbage\WIN_20231102_11_09_36_Pro.mp4,data/processed/landmarks/islwords/CABBAGE/02b82e9f2591.npz,202,30.0,6.733,1.0,1.0,,train
b4fbe63a7677,CABBAGE,islwords,video,,islwords:rec:098671307242,C:\ISL\archive\Video_Dataset\Video_Dataset\Cabbage\WIN_20231102_11_09_45_Pro.mp4,data/processed/landmarks/islwords/CABBAGE/b4fbe63a7677.npz,188,30.0,6.267,1.0,1.0,,train
a61502acf9b3,CABBAGE,islwords,video,,islwords:rec:6ffec0d6d957,C:\ISL\archive\Video_Dataset\Video_Dataset\Cabbage\WIN_20231102_11_09_52_Pro.mp4,data/processed/landmarks/islwords/CABBAGE/a61502acf9b3.npz,185,30.0,6.167,1.0,1.0,,train
660a4dd177c5,CABBAGE,islwords,video,,islwords:rec:73ef6b81e7a2,C:\ISL\archive\Video_Dataset\Video_Dataset\Cabbage\WIN_20231102_11_10_00_Pro.mp4,data/processed/landmarks/islwords/CABBAGE/660a4dd177c5.npz,181,30.0,6.033,1.0,1.0,,train
2241759291b9,CABBAGE,islwords,video,,islwords:rec:1e3e50b6e35b,C:\ISL\archive\Video_Dataset\Video_Dataset\Cabbage\WIN_20231102_11_10_08_Pro.mp4,data/processed/landmarks/islwords/CABBAGE/2241759291b9.npz,169,30.0,5.633,1.0,1.0,,train
6ecac192e7b4,CABBAGE,islwords,video,,islwords:rec:99a020426938,C:\ISL\archive\Video_Dataset\Video_Dataset\Cabbage\WIN_20231102_11_10_42_Pro.mp4,data/processed/landmarks/islwords/CABBAGE/6ecac192e7b4.npz,186,30.0,6.2,0.9946,1.0,,train
20af67fc10a5,CABBAGE,islwords,video,,islwords:rec:ead35b42192c,C:\ISL\archive\Video_Dataset\Video_Dataset\Cabbage\WIN_20231102_11_10_50_Pro.mp4,data/processed/landmarks/islwords/CABBAGE/20af67fc10a5.npz,178,30.0,5.933,1.0,1.0,,train
da58d52baae0,CABBAGE,islwords,video,,islwords:rec:6798b20cefbb,C:\ISL\archive\Video_Dataset\Video_Dataset\Cabbage\WIN_20231102_11_10_57_Pro.mp4,data/processed/landmarks/islwords/CABBAGE/da58d52baae0.npz,174,30.0,5.8,1.0,1.0,,train
ad0e8f86c267,CABBAGE,islwords,video,,islwords:rec:8a2a2ed4e229,C:\ISL\archive\Video_Dataset\Video_Dataset\Cabbage\WIN_20231102_11_11_40_Pro.mp4,data/processed/landmarks/islwords/CABBAGE/ad0e8f86c267.npz,186,30.0,6.2,0.9946,1.0,,train
a1b21e110b29,CARROT,islwords,video,,islwords:rec:35fa1ade98bf,C:\ISL\archive\Video_Dataset\Video_Dataset\Carrot\WIN_20231102_11_18_27_Pro.mp4,data/processed/landmarks/islwords/CARROT/a1b21e110b29.npz,130,30.0,4.333,1.0,1.0,,train
91cd553f1c9d,CARROT,islwords,video,,islwords:rec:6e41b2ecf7ea,C:\ISL\archive\Video_Dataset\Video_Dataset\Carrot\WIN_20231102_11_18_34_Pro.mp4,data/processed/landmarks/islwords/CARROT/91cd553f1c9d.npz,122,30.0,4.067,1.0,1.0,,train
7ae255808006,CARROT,islwords,video,,islwords:rec:8ed83e8629c3,C:\ISL\archive\Video_Dataset\Video_Dataset\Carrot\WIN_20231102_11_18_50_Pro.mp4,data/processed/landmarks/islwords/CARROT/7ae255808006.npz,137,30.0,4.567,1.0,1.0,,train
37a85a3e1ec3,CARROT,islwords,video,,islwords:rec:6eaef32242aa,C:\ISL\archive\Video_Dataset\Video_Dataset\Carrot\WIN_20231102_11_18_56_Pro.mp4,data/processed/landmarks/islwords/CARROT/37a85a3e1ec3.npz,124,30.0,4.133,1.0,1.0,,train
979f92c507cc,CARROT,islwords,video,,islwords:rec:b9f5bb21f73b,C:\ISL\archive\Video_Dataset\Video_Dataset\Carrot\WIN_20231102_11_19_28_Pro.mp4,data/processed/landmarks/islwords/CARROT/979f92c507cc.npz,177,30.0,5.9,1.0,1.0,,train
acfed4103e7a,CARROT,islwords,video,,islwords:rec:ff4423eacd28,C:\ISL\archive\Video_Dataset\Video_Dataset\Carrot\WIN_20231102_11_19_36_Pro.mp4,data/processed/landmarks/islwords/CARROT/acfed4103e7a.npz,175,30.0,5.833,1.0,1.0,,train
f4a6bd550659,CARROT,islwords,video,,islwords:rec:0b7a9a428b31,C:\ISL\archive\Video_Dataset\Video_Dataset\Carrot\WIN_20231102_11_19_44_Pro.mp4,data/processed/landmarks/islwords/CARROT/f4a6bd550659.npz,166,30.0,5.533,1.0,1.0,,train
8f9e13bcc728,CARROT,islwords,video,,islwords:rec:5eeb42885f21,C:\ISL\archive\Video_Dataset\Video_Dataset\Carrot\WIN_20231102_11_19_58_Pro.mp4,data/processed/landmarks/islwords/CARROT/8f9e13bcc728.npz,158,30.0,5.267,1.0,1.0,,train
d8f30cbe117c,CARROT,islwords,video,,islwords:rec:2bb5c3a62f70,C:\ISL\archive\Video_Dataset\Video_Dataset\Carrot\WIN_20231102_11_20_24_Pro.mp4,data/processed/landmarks/islwords/CARROT/d8f30cbe117c.npz,148,30.0,4.933,1.0,1.0,,train
ab6e08741c0c,CARROT,islwords,video,,islwords:rec:b8c26a447ed1,C:\ISL\archive\Video_Dataset\Video_Dataset\Carrot\WIN_20231102_11_20_32_Pro.mp4,data/processed/landmarks/islwords/CARROT/ab6e08741c0c.npz,137,30.0,4.567,1.0,1.0,,train
62e16d6dad5e,CARROT,islwords,video,,islwords:rec:04c265413dfa,C:\ISL\archive\Video_Dataset\Video_Dataset\Carrot\WIN_20231102_11_20_48_Pro.mp4,data/processed/landmarks/islwords/CARROT/62e16d6dad5e.npz,124,30.0,4.133,1.0,1.0,,train
3d73636ac500,CARROT,islwords,video,,islwords:rec:6dce15fbe764,C:\ISL\archive\Video_Dataset\Video_Dataset\Carrot\WIN_20231102_11_20_54_Pro.mp4,data/processed/landmarks/islwords/CARROT/3d73636ac500.npz,132,30.0,4.4,1.0,1.0,,train
d059e4dfef86,CARROT,islwords,video,,islwords:rec:c96dc2df14ba,C:\ISL\archive\Video_Dataset\Video_Dataset\Carrot\WIN_20231102_11_30_10_Pro.mp4,data/processed/landmarks/islwords/CARROT/d059e4dfef86.npz,148,30.0,4.933,1.0,1.0,,train
8c6cbfd7caf6,CARROT,islwords,video,,islwords:rec:b672582e9f6c,C:\ISL\archive\Video_Dataset\Video_Dataset\Carrot\WIN_20231102_11_30_17_Pro.mp4,data/processed/landmarks/islwords/CARROT/8c6cbfd7caf6.npz,175,30.0,5.833,1.0,1.0,,train
e67809cfff73,CARROT,islwords,video,,islwords:rec:62e0e76ea898,C:\ISL\archive\Video_Dataset\Video_Dataset\Carrot\WIN_20231102_11_30_29_Pro.mp4,data/processed/landmarks/islwords/CARROT/e67809cfff73.npz,170,30.0,5.667,1.0,1.0,,train
d302d3b328d6,CARROT,islwords,video,,islwords:rec:e84bef7bb1bc,C:\ISL\archive\Video_Dataset\Video_Dataset\Carrot\WIN_20231102_11_30_37_Pro.mp4,data/processed/landmarks/islwords/CARROT/d302d3b328d6.npz,163,30.0,5.433,1.0,1.0,,train
888b499f7093,CARROT,islwords,video,,islwords:rec:c1668780a988,C:\ISL\archive\Video_Dataset\Video_Dataset\Carrot\WIN_20231102_11_31_12_Pro.mp4,data/processed/landmarks/islwords/CARROT/888b499f7093.npz,176,30.0,5.867,1.0,1.0,,train
74d63263e0e2,CAULIFLOWER,islwords,video,,islwords:rec:3442d3f226c8,C:\ISL\archive\Video_Dataset\Video_Dataset\Cauliflower\WIN_20231102_11_34_51_Pro.mp4,data/processed/landmarks/islwords/CAULIFLOWER/74d63263e0e2.npz,169,30.0,5.633,0.9941,1.0,,train
4ccc1e6964fc,CAULIFLOWER,islwords,video,,islwords:rec:1bc2d506c790,C:\ISL\archive\Video_Dataset\Video_Dataset\Cauliflower\WIN_20231102_11_35_11_Pro.mp4,data/processed/landmarks/islwords/CAULIFLOWER/4ccc1e6964fc.npz,174,30.0,5.8,1.0,1.0,,train
e87542e8ef69,CAULIFLOWER,islwords,video,,islwords:rec:e2758e37b959,C:\ISL\archive\Video_Dataset\Video_Dataset\Cauliflower\WIN_20231102_11_35_19_Pro.mp4,data/processed/landmarks/islwords/CAULIFLOWER/e87542e8ef69.npz,162,30.0,5.4,1.0,1.0,,train
d88d78c3b161,CAULIFLOWER,islwords,video,,islwords:rec:fb8a2a729386,C:\ISL\archive\Video_Dataset\Video_Dataset\Cauliflower\WIN_20231102_11_35_26_Pro.mp4,data/processed/landmarks/islwords/CAULIFLOWER/d88d78c3b161.npz,166,30.0,5.533,0.988,1.0,,train
1b61f184a75c,CAULIFLOWER,islwords,video,,islwords:rec:8c796c69fe1f,C:\ISL\archive\Video_Dataset\Video_Dataset\Cauliflower\WIN_20231102_11_35_34_Pro.mp4,data/processed/landmarks/islwords/CAULIFLOWER/1b61f184a75c.npz,160,30.0,5.333,0.9875,1.0,,train
2272d3d2c32c,CAULIFLOWER,islwords,video,,islwords:rec:6f0772cc2939,C:\ISL\archive\Video_Dataset\Video_Dataset\Cauliflower\WIN_20231102_11_40_50_Pro.mp4,data/processed/landmarks/islwords/CAULIFLOWER/2272d3d2c32c.npz,207,30.0,6.9,1.0,1.0,,train
616b57f545f5,CAULIFLOWER,islwords,video,,islwords:rec:ef226ec71b7b,C:\ISL\archive\Video_Dataset\Video_Dataset\Cauliflower\WIN_20231102_11_41_06_Pro.mp4,data/processed/landmarks/islwords/CAULIFLOWER/616b57f545f5.npz,206,30.0,6.867,1.0,1.0,,train
49e90609ee5e,CAULIFLOWER,islwords,video,,islwords:rec:4b69d3ef305c,C:\ISL\archive\Video_Dataset\Video_Dataset\Cauliflower\WIN_20231102_11_41_23_Pro.mp4,data/processed/landmarks/islwords/CAULIFLOWER/49e90609ee5e.npz,194,30.0,6.467,1.0,1.0,,train
4c81009ae718,CAULIFLOWER,islwords,video,,islwords:rec:1d8371b4a65a,C:\ISL\archive\Video_Dataset\Video_Dataset\Cauliflower\WIN_20231102_11_41_31_Pro.mp4,data/processed/landmarks/islwords/CAULIFLOWER/4c81009ae718.npz,182,30.0,6.067,1.0,1.0,,train
fa00421646b9,CAULIFLOWER,islwords,video,,islwords:rec:5521566a61fa,C:\ISL\archive\Video_Dataset\Video_Dataset\Cauliflower\WIN_20231102_11_43_01_Pro.mp4,data/processed/landmarks/islwords/CAULIFLOWER/fa00421646b9.npz,171,30.0,5.7,1.0,1.0,,train
2bbd29e2b42a,CAULIFLOWER,islwords,video,,islwords:rec:1af6415519dd,C:\ISL\archive\Video_Dataset\Video_Dataset\Cauliflower\WIN_20231102_11_43_25_Pro.mp4,data/processed/landmarks/islwords/CAULIFLOWER/2bbd29e2b42a.npz,184,30.0,6.133,1.0,1.0,,train
824940e82ec8,CAULIFLOWER,islwords,video,,islwords:rec:344494ce3ae1,C:\ISL\archive\Video_Dataset\Video_Dataset\Cauliflower\WIN_20231102_11_43_34_Pro.mp4,data/processed/landmarks/islwords/CAULIFLOWER/824940e82ec8.npz,178,30.0,5.933,1.0,1.0,,train
7fd164ed219c,CAULIFLOWER,islwords,video,,islwords:rec:3581a87f5210,C:\ISL\archive\Video_Dataset\Video_Dataset\Cauliflower\WIN_20231102_11_43_42_Pro.mp4,data/processed/landmarks/islwords/CAULIFLOWER/7fd164ed219c.npz,154,30.0,5.133,1.0,1.0,,train
d1ec6d348ebf,CAULIFLOWER,islwords,video,,islwords:rec:540d311481b9,C:\ISL\archive\Video_Dataset\Video_Dataset\Cauliflower\WIN_20231102_11_44_13_Pro.mp4,data/processed/landmarks/islwords/CAULIFLOWER/d1ec6d348ebf.npz,153,30.0,5.1,1.0,1.0,,train
b61010d2b491,CAULIFLOWER,islwords,video,,islwords:rec:05ab622bc2ba,C:\ISL\archive\Video_Dataset\Video_Dataset\Cauliflower\WIN_20231102_11_44_21_Pro.mp4,data/processed/landmarks/islwords/CAULIFLOWER/b61010d2b491.npz,152,30.0,5.067,1.0,1.0,,train
578f4c810e60,CAULIFLOWER,islwords,video,,islwords:rec:2f456633dac8,C:\ISL\archive\Video_Dataset\Video_Dataset\Cauliflower\WIN_20231102_11_44_27_Pro.mp4,data/processed/landmarks/islwords/CAULIFLOWER/578f4c810e60.npz,144,30.0,4.8,1.0,1.0,,train
5e60caa2f004,CAULIFLOWER,islwords,video,,islwords:rec:4f903fca705a,C:\ISL\archive\Video_Dataset\Video_Dataset\Cauliflower\WIN_20231102_11_44_58_Pro.mp4,data/processed/landmarks/islwords/CAULIFLOWER/5e60caa2f004.npz,136,30.0,4.533,0.9926,1.0,,train
e1a99d66a98b,CHILLI,islwords,video,,islwords:rec:5b5dcbe99432,C:\ISL\archive\Video_Dataset\Video_Dataset\Chilli\WIN_20231102_11_47_32_Pro.mp4,data/processed/landmarks/islwords/CHILLI/e1a99d66a98b.npz,130,30.0,4.333,1.0,1.0,,train
da7ef88c1d76,CHILLI,islwords,video,,islwords:rec:db316b293c69,C:\ISL\archive\Video_Dataset\Video_Dataset\Chilli\WIN_20231102_11_47_53_Pro.mp4,data/processed/landmarks/islwords/CHILLI/da7ef88c1d76.npz,148,30.0,4.933,1.0,1.0,,train
118ee90f336f,CHILLI,islwords,video,,islwords:rec:59948e1bd42a,C:\ISL\archive\Video_Dataset\Video_Dataset\Chilli\WIN_20231102_11_48_00_Pro.mp4,data/processed/landmarks/islwords/CHILLI/118ee90f336f.npz,126,30.0,4.2,1.0,1.0,,train
a45cc5460581,CHILLI,islwords,video,,islwords:rec:bf3d7afa1f6a,C:\ISL\archive\Video_Dataset\Video_Dataset\Chilli\WIN_20231102_11_48_08_Pro.mp4,data/processed/landmarks/islwords/CHILLI/a45cc5460581.npz,142,30.0,4.733,1.0,1.0,,train
9d588e703e34,CHILLI,islwords,video,,islwords:rec:833cc57ddec3,C:\ISL\archive\Video_Dataset\Video_Dataset\Chilli\WIN_20231102_11_48_15_Pro.mp4,data/processed/landmarks/islwords/CHILLI/9d588e703e34.npz,139,30.0,4.633,1.0,1.0,,train
ab5f58c656a2,CHILLI,islwords,video,,islwords:rec:96091ff2f490,C:\ISL\archive\Video_Dataset\Video_Dataset\Chilli\WIN_20231102_11_48_53_Pro.mp4,data/processed/landmarks/islwords/CHILLI/ab5f58c656a2.npz,146,30.0,4.867,1.0,1.0,,train
ac22f52753b2,CHILLI,islwords,video,,islwords:rec:24ea939b1083,C:\ISL\archive\Video_Dataset\Video_Dataset\Chilli\WIN_20231102_11_48_59_Pro.mp4,data/processed/landmarks/islwords/CHILLI/ac22f52753b2.npz,144,30.0,4.8,1.0,1.0,,train
21691095acf1,CHILLI,islwords,video,,islwords:rec:ed27cdc59a68,C:\ISL\archive\Video_Dataset\Video_Dataset\Chilli\WIN_20231102_11_49_06_Pro.mp4,data/processed/landmarks/islwords/CHILLI/21691095acf1.npz,140,30.0,4.667,1.0,1.0,,train
cd4f38899b8e,CHILLI,islwords,video,,islwords:rec:82b6e561a4ca,C:\ISL\archive\Video_Dataset\Video_Dataset\Chilli\WIN_20231102_11_49_12_Pro.mp4,data/processed/landmarks/islwords/CHILLI/cd4f38899b8e.npz,136,30.0,4.533,1.0,1.0,,train
857bfcee3326,CHILLI,islwords,video,,islwords:rec:20c7cffda4a6,C:\ISL\archive\Video_Dataset\Video_Dataset\Chilli\WIN_20231102_11_49_18_Pro.mp4,data/processed/landmarks/islwords/CHILLI/857bfcee3326.npz,144,30.0,4.8,1.0,1.0,,train
a25768ba9739,CHILLI,islwords,video,,islwords:rec:4907749bad26,C:\ISL\archive\Video_Dataset\Video_Dataset\Chilli\WIN_20231102_11_50_45_Pro.mp4,data/processed/landmarks/islwords/CHILLI/a25768ba9739.npz,131,30.0,4.367,1.0,1.0,,train
06c7b4a38833,CHILLI,islwords,video,,islwords:rec:0f2406656fd4,C:\ISL\archive\Video_Dataset\Video_Dataset\Chilli\WIN_20231102_11_50_58_Pro.mp4,data/processed/landmarks/islwords/CHILLI/06c7b4a38833.npz,130,30.0,4.333,1.0,1.0,,train
22c798d8e819,CHILLI,islwords,video,,islwords:rec:7f7fc74d6bb6,C:\ISL\archive\Video_Dataset\Video_Dataset\Chilli\WIN_20231102_11_51_04_Pro.mp4,data/processed/landmarks/islwords/CHILLI/22c798d8e819.npz,164,30.0,5.467,1.0,1.0,,train
a02645ba5ff3,CHILLI,islwords,video,,islwords:rec:10efb6735430,C:\ISL\archive\Video_Dataset\Video_Dataset\Chilli\WIN_20231102_11_51_36_Pro.mp4,data/processed/landmarks/islwords/CHILLI/a02645ba5ff3.npz,130,30.0,4.333,1.0,1.0,,train
fafd33a016d8,CHILLI,islwords,video,,islwords:rec:d6eb87e14feb,C:\ISL\archive\Video_Dataset\Video_Dataset\Chilli\WIN_20231102_11_53_01_Pro.mp4,data/processed/landmarks/islwords/CHILLI/fafd33a016d8.npz,120,30.0,4.0,1.0,1.0,,train
e71b65d8ad2d,CHILLI,islwords,video,,islwords:rec:930c52e40f52,C:\ISL\archive\Video_Dataset\Video_Dataset\Chilli\WIN_20231102_11_53_14_Pro.mp4,data/processed/landmarks/islwords/CHILLI/e71b65d8ad2d.npz,97,30.0,3.233,1.0,1.0,,train
4854cbbbef97,CHILLI,islwords,video,,islwords:rec:826a49a2fbd7,C:\ISL\archive\Video_Dataset\Video_Dataset\Chilli\WIN_20231102_11_53_32_Pro.mp4,data/processed/landmarks/islwords/CHILLI/4854cbbbef97.npz,119,30.0,3.967,1.0,1.0,,train
ecefc361d967,CLEAN,islwords,video,,islwords:rec:aca4d4d27bfd,C:\ISL\archive\Video_Dataset\Video_Dataset\Clean\WIN_20231103_10_29_32_Pro.mp4,data/processed/landmarks/islwords/CLEAN/ecefc361d967.npz,181,30.0,6.033,1.0,1.0,,train
e0e1798f6c92,CLEAN,islwords,video,,islwords:rec:23b835a2083f,C:\ISL\archive\Video_Dataset\Video_Dataset\Clean\WIN_20231103_10_29_42_Pro.mp4,data/processed/landmarks/islwords/CLEAN/e0e1798f6c92.npz,142,30.0,4.733,1.0,1.0,,train
12e01588c0e9,CLEAN,islwords,video,,islwords:rec:120c59f6fc7e,C:\ISL\archive\Video_Dataset\Video_Dataset\Clean\WIN_20231103_10_29_48_Pro.mp4,data/processed/landmarks/islwords/CLEAN/12e01588c0e9.npz,140,30.0,4.667,1.0,1.0,,train
a32200600c8d,CLEAN,islwords,video,,islwords:rec:370268721eae,C:\ISL\archive\Video_Dataset\Video_Dataset\Clean\WIN_20231103_10_29_55_Pro.mp4,data/processed/landmarks/islwords/CLEAN/a32200600c8d.npz,140,30.0,4.667,1.0,1.0,,train
2b071cf6e681,CLEAN,islwords,video,,islwords:rec:33d6a054600d,C:\ISL\archive\Video_Dataset\Video_Dataset\Clean\WIN_20231103_10_30_05_Pro.mp4,data/processed/landmarks/islwords/CLEAN/2b071cf6e681.npz,132,30.0,4.4,1.0,1.0,,train
a03c1af4f272,CLEAN,islwords,video,,islwords:rec:b25f5816f47e,C:\ISL\archive\Video_Dataset\Video_Dataset\Clean\WIN_20231103_10_30_28_Pro.mp4,data/processed/landmarks/islwords/CLEAN/a03c1af4f272.npz,131,30.0,4.367,1.0,1.0,,train
9ba7695d3a65,CLEAN,islwords,video,,islwords:rec:64041ebfd282,C:\ISL\archive\Video_Dataset\Video_Dataset\Clean\WIN_20231103_10_30_34_Pro.mp4,data/processed/landmarks/islwords/CLEAN/9ba7695d3a65.npz,135,30.0,4.5,1.0,1.0,,train
b1703c030e6a,CLEAN,islwords,video,,islwords:rec:f2b8be929f85,C:\ISL\archive\Video_Dataset\Video_Dataset\Clean\WIN_20231103_10_30_40_Pro.mp4,data/processed/landmarks/islwords/CLEAN/b1703c030e6a.npz,124,30.0,4.133,1.0,1.0,,train
ccc1c1bc157d,CLEAN,islwords,video,,islwords:rec:43ef0fc498af,C:\ISL\archive\Video_Dataset\Video_Dataset\Clean\WIN_20231103_10_30_45_Pro.mp4,data/processed/landmarks/islwords/CLEAN/ccc1c1bc157d.npz,137,30.0,4.567,1.0,1.0,,train
313650df89ad,CLEAN,islwords,video,,islwords:rec:d4e844bb2bef,C:\ISL\archive\Video_Dataset\Video_Dataset\Clean\WIN_20231103_10_30_56_Pro.mp4,data/processed/landmarks/islwords/CLEAN/313650df89ad.npz,158,30.0,5.267,1.0,1.0,,train
c5ee2f902126,CLEAN,islwords,video,,islwords:rec:d61740aa0c53,C:\ISL\archive\Video_Dataset\Video_Dataset\Clean\WIN_20231103_10_31_02_Pro.mp4,data/processed/landmarks/islwords/CLEAN/c5ee2f902126.npz,175,30.0,5.833,1.0,1.0,,train
3b74f40de50f,CLEAN,islwords,video,,islwords:rec:40e6aaa7336f,C:\ISL\archive\Video_Dataset\Video_Dataset\Clean\WIN_20231103_10_31_20_Pro.mp4,data/processed/landmarks/islwords/CLEAN/3b74f40de50f.npz,178,30.0,5.933,1.0,1.0,,train
6336d01c3107,CLEAN,islwords,video,,islwords:rec:7f6ebc4f4eb2,C:\ISL\archive\Video_Dataset\Video_Dataset\Clean\WIN_20231103_10_31_29_Pro.mp4,data/processed/landmarks/islwords/CLEAN/6336d01c3107.npz,195,30.0,6.5,1.0,1.0,,train
7ebf60c37bea,CLEAN,islwords,video,,islwords:rec:8b6d3647675d,C:\ISL\archive\Video_Dataset\Video_Dataset\Clean\WIN_20231103_10_32_02_Pro.mp4,data/processed/landmarks/islwords/CLEAN/7ebf60c37bea.npz,137,30.0,4.567,1.0,1.0,,train
d3e56d26c401,CLEAN,islwords,video,,islwords:rec:ecbc94b7cd38,C:\ISL\archive\Video_Dataset\Video_Dataset\Clean\WIN_20231103_10_32_09_Pro.mp4,data/processed/landmarks/islwords/CLEAN/d3e56d26c401.npz,134,30.0,4.467,1.0,1.0,,train
1b225376f366,CLEAN,islwords,video,,islwords:rec:e5a50b2ae968,C:\ISL\archive\Video_Dataset\Video_Dataset\Clean\WIN_20231103_10_32_15_Pro.mp4,data/processed/landmarks/islwords/CLEAN/1b225376f366.npz,152,30.0,5.067,1.0,1.0,,train
c2f149b854d0,CLEAN,islwords,video,,islwords:rec:688507482d7b,C:\ISL\archive\Video_Dataset\Video_Dataset\Clean\WIN_20231103_10_32_29_Pro.mp4,data/processed/landmarks/islwords/CLEAN/c2f149b854d0.npz,139,30.0,4.633,1.0,1.0,,train
a43b1fad5fb1,CLOSE,islwords,video,,islwords:rec:641fe80d16b6,C:\ISL\archive\Video_Dataset\Video_Dataset\Close\WIN_20231103_10_35_13_Pro.mp4,data/processed/landmarks/islwords/CLOSE/a43b1fad5fb1.npz,110,30.0,3.667,1.0,1.0,,train
4d4a91fbae59,CLOSE,islwords,video,,islwords:rec:d1d31b63b89c,C:\ISL\archive\Video_Dataset\Video_Dataset\Close\WIN_20231103_10_35_18_Pro.mp4,data/processed/landmarks/islwords/CLOSE/4d4a91fbae59.npz,111,30.0,3.7,0.991,1.0,,train
9aa8dae3ce41,CLOSE,islwords,video,,islwords:rec:94388afce153,C:\ISL\archive\Video_Dataset\Video_Dataset\Close\WIN_20231103_10_35_23_Pro.mp4,data/processed/landmarks/islwords/CLOSE/9aa8dae3ce41.npz,111,30.0,3.7,1.0,1.0,,train
656994577915,CLOSE,islwords,video,,islwords:rec:1fe1521d167a,C:\ISL\archive\Video_Dataset\Video_Dataset\Close\WIN_20231103_10_35_28_Pro.mp4,data/processed/landmarks/islwords/CLOSE/656994577915.npz,101,30.0,3.367,1.0,1.0,,train
662609070c08,CLOSE,islwords,video,,islwords:rec:de04726770d6,C:\ISL\archive\Video_Dataset\Video_Dataset\Close\WIN_20231103_10_36_14_Pro.mp4,data/processed/landmarks/islwords/CLOSE/662609070c08.npz,112,30.0,3.733,0.9911,1.0,,train
3026056937bb,CLOSE,islwords,video,,islwords:rec:4d23444efdf1,C:\ISL\archive\Video_Dataset\Video_Dataset\Close\WIN_20231103_10_36_40_Pro.mp4,data/processed/landmarks/islwords/CLOSE/3026056937bb.npz,126,30.0,4.2,1.0,1.0,,train
bc532aa16f46,CLOSE,islwords,video,,islwords:rec:2d28c4984077,C:\ISL\archive\Video_Dataset\Video_Dataset\Close\WIN_20231103_10_36_57_Pro.mp4,data/processed/landmarks/islwords/CLOSE/bc532aa16f46.npz,109,30.0,3.633,1.0,1.0,,train
28a0619237bd,CLOSE,islwords,video,,islwords:rec:b9547fa2173c,C:\ISL\archive\Video_Dataset\Video_Dataset\Close\WIN_20231103_10_37_04_Pro.mp4,data/processed/landmarks/islwords/CLOSE/28a0619237bd.npz,108,30.0,3.6,1.0,1.0,,train
19fea33230fd,CLOSE,islwords,video,,islwords:rec:cd6d5f446a1e,C:\ISL\archive\Video_Dataset\Video_Dataset\Close\WIN_20231103_10_37_15_Pro.mp4,data/processed/landmarks/islwords/CLOSE/19fea33230fd.npz,150,30.0,5.0,1.0,1.0,,train
fc9a37011380,CLOSE,islwords,video,,islwords:rec:e6be238db071,C:\ISL\archive\Video_Dataset\Video_Dataset\Close\WIN_20231103_10_37_21_Pro.mp4,data/processed/landmarks/islwords/CLOSE/fc9a37011380.npz,187,30.0,6.233,1.0,1.0,,train
b2da27382dc2,CLOSE,islwords,video,,islwords:rec:a3505adfdc0d,C:\ISL\archive\Video_Dataset\Video_Dataset\Close\WIN_20231103_10_37_28_Pro.mp4,data/processed/landmarks/islwords/CLOSE/b2da27382dc2.npz,196,30.0,6.533,1.0,1.0,,train
ae06ef5af31c,CLOSE,islwords,video,,islwords:rec:933fb26a23d8,C:\ISL\archive\Video_Dataset\Video_Dataset\Close\WIN_20231103_10_37_36_Pro.mp4,data/processed/landmarks/islwords/CLOSE/ae06ef5af31c.npz,194,30.0,6.467,1.0,1.0,,train
60bbf2bc30e8,CLOSE,islwords,video,,islwords:rec:61a3bc0fd43c,C:\ISL\archive\Video_Dataset\Video_Dataset\Close\WIN_20231103_10_37_44_Pro.mp4,data/processed/landmarks/islwords/CLOSE/60bbf2bc30e8.npz,162,30.0,5.4,1.0,1.0,,train
15c9d958009d,CLOSE,islwords,video,,islwords:rec:3a84419a6bdf,C:\ISL\archive\Video_Dataset\Video_Dataset\Close\WIN_20231103_10_39_40_Pro.mp4,data/processed/landmarks/islwords/CLOSE/15c9d958009d.npz,122,30.0,4.067,0.9836,1.0,,train
3dea9bec211c,CLOSE,islwords,video,,islwords:rec:9c3fedd46e13,C:\ISL\archive\Video_Dataset\Video_Dataset\Close\WIN_20231103_10_39_51_Pro.mp4,data/processed/landmarks/islwords/CLOSE/3dea9bec211c.npz,123,30.0,4.1,0.9919,1.0,,train
5c21f5b09286,CLOSE,islwords,video,,islwords:rec:6b96ded4b87b,C:\ISL\archive\Video_Dataset\Video_Dataset\Close\WIN_20231103_10_40_03_Pro.mp4,data/processed/landmarks/islwords/CLOSE/5c21f5b09286.npz,146,30.0,4.867,0.9863,1.0,,train
a535c30484d1,CLOSE,islwords,video,,islwords:rec:f9fffe280d68,C:\ISL\archive\Video_Dataset\Video_Dataset\Close\WIN_20231103_10_40_10_Pro.mp4,data/processed/landmarks/islwords/CLOSE/a535c30484d1.npz,140,30.0,4.667,1.0,1.0,,train
ba0e69930742,COME,islwords,video,,islwords:rec:86c6de0e13de,C:\ISL\archive\Video_Dataset\Video_Dataset\Come\WIN_20231103_10_41_41_Pro.mp4,data/processed/landmarks/islwords/COME/ba0e69930742.npz,130,30.0,4.333,1.0,1.0,,train
22cd36b92b42,COME,islwords,video,,islwords:rec:cd1b4a0f4007,C:\ISL\archive\Video_Dataset\Video_Dataset\Come\WIN_20231103_10_41_47_Pro.mp4,data/processed/landmarks/islwords/COME/22cd36b92b42.npz,144,30.0,4.8,1.0,1.0,,train
8d8e45563763,COME,islwords,video,,islwords:rec:48031ca451df,C:\ISL\archive\Video_Dataset\Video_Dataset\Come\WIN_20231103_10_41_58_Pro.mp4,data/processed/landmarks/islwords/COME/8d8e45563763.npz,128,30.0,4.267,1.0,1.0,,train
eec363066a86,COME,islwords,video,,islwords:rec:b09bb7620fda,C:\ISL\archive\Video_Dataset\Video_Dataset\Come\WIN_20231103_10_42_51_Pro.mp4,data/processed/landmarks/islwords/COME/eec363066a86.npz,106,30.0,3.533,1.0,1.0,,train
58bdd827807b,COME,islwords,video,,islwords:rec:cc7e66d15a8a,C:\ISL\archive\Video_Dataset\Video_Dataset\Come\WIN_20231103_10_42_56_Pro.mp4,data/processed/landmarks/islwords/COME/58bdd827807b.npz,105,30.0,3.5,1.0,1.0,,train
495f879a8c37,COME,islwords,video,,islwords:rec:5418146a99dd,C:\ISL\archive\Video_Dataset\Video_Dataset\Come\WIN_20231103_10_43_00_Pro.mp4,data/processed/landmarks/islwords/COME/495f879a8c37.npz,103,30.0,3.433,1.0,1.0,,train
4c2e08e16275,COME,islwords,video,,islwords:rec:106203efd3e0,C:\ISL\archive\Video_Dataset\Video_Dataset\Come\WIN_20231103_10_43_05_Pro.mp4,data/processed/landmarks/islwords/COME/4c2e08e16275.npz,108,30.0,3.6,1.0,1.0,,train
1bda3cefa1fd,COME,islwords,video,,islwords:rec:e6ec86489125,C:\ISL\archive\Video_Dataset\Video_Dataset\Come\WIN_20231103_10_43_10_Pro.mp4,data/processed/landmarks/islwords/COME/1bda3cefa1fd.npz,99,30.0,3.3,1.0,1.0,,train
e18c51b0f77a,COME,islwords,video,,islwords:rec:9f84c0b7bdb0,C:\ISL\archive\Video_Dataset\Video_Dataset\Come\WIN_20231103_10_43_24_Pro.mp4,data/processed/landmarks/islwords/COME/e18c51b0f77a.npz,119,30.0,3.967,1.0,1.0,,train
d3eae3d26636,COME,islwords,video,,islwords:rec:85d4560972a4,C:\ISL\archive\Video_Dataset\Video_Dataset\Come\WIN_20231103_10_43_30_Pro.mp4,data/processed/landmarks/islwords/COME/d3eae3d26636.npz,124,30.0,4.133,1.0,1.0,,train
4d7a279f1e7c,COME,islwords,video,,islwords:rec:47cfe5460721,C:\ISL\archive\Video_Dataset\Video_Dataset\Come\WIN_20231103_10_43_50_Pro.mp4,data/processed/landmarks/islwords/COME/4d7a279f1e7c.npz,136,30.0,4.533,1.0,1.0,,train
84b7ff5e6708,COME,islwords,video,,islwords:rec:b7d480d0bd99,C:\ISL\archive\Video_Dataset\Video_Dataset\Come\WIN_20231103_10_44_08_Pro.mp4,data/processed/landmarks/islwords/COME/84b7ff5e6708.npz,126,30.0,4.2,1.0,1.0,,train
93944952e967,COME,islwords,video,,islwords:rec:fe5ca65dd290,C:\ISL\archive\Video_Dataset\Video_Dataset\Come\WIN_20231103_10_44_25_Pro.mp4,data/processed/landmarks/islwords/COME/93944952e967.npz,131,30.0,4.367,1.0,1.0,,train
4f0b0ccacd4c,COME,islwords,video,,islwords:rec:425d491d96f9,C:\ISL\archive\Video_Dataset\Video_Dataset\Come\WIN_20231103_10_44_32_Pro.mp4,data/processed/landmarks/islwords/COME/4f0b0ccacd4c.npz,116,30.0,3.867,1.0,1.0,,train
f0217259b1c9,COME,islwords,video,,islwords:rec:24858e5873e0,C:\ISL\archive\Video_Dataset\Video_Dataset\Come\WIN_20231103_10_44_37_Pro.mp4,data/processed/landmarks/islwords/COME/f0217259b1c9.npz,120,30.0,4.0,1.0,1.0,,train
35bba1908b32,COME,islwords,video,,islwords:rec:9c8ca909cc10,C:\ISL\archive\Video_Dataset\Video_Dataset\Come\WIN_20231103_10_44_43_Pro.mp4,data/processed/landmarks/islwords/COME/35bba1908b32.npz,130,30.0,4.333,1.0,1.0,,train
bf8035b2ad00,COME,islwords,video,,islwords:rec:9ac6e2521bed,C:\ISL\archive\Video_Dataset\Video_Dataset\Come\WIN_20231103_10_44_49_Pro.mp4,data/processed/landmarks/islwords/COME/bf8035b2ad00.npz,113,30.0,3.767,1.0,1.0,,train
877a7289a1e5,COOK,islwords,video,,islwords:rec:ecfea088cf77,C:\ISL\archive\Video_Dataset\Video_Dataset\Cook\WIN_20231103_10_45_35_Pro.mp4,data/processed/landmarks/islwords/COOK/877a7289a1e5.npz,166,30.0,5.533,1.0,1.0,,train
1a057f19297a,COOK,islwords,video,,islwords:rec:e86089cebb91,C:\ISL\archive\Video_Dataset\Video_Dataset\Cook\WIN_20231103_10_46_07_Pro.mp4,data/processed/landmarks/islwords/COOK/1a057f19297a.npz,204,30.0,6.8,1.0,1.0,,train
65c7fea7dbb7,COOK,islwords,video,,islwords:rec:173d7ff3d9eb,C:\ISL\archive\Video_Dataset\Video_Dataset\Cook\WIN_20231103_10_46_17_Pro.mp4,data/processed/landmarks/islwords/COOK/65c7fea7dbb7.npz,192,30.0,6.4,1.0,1.0,,train
672849dc4c63,COOK,islwords,video,,islwords:rec:49a461ef21e2,C:\ISL\archive\Video_Dataset\Video_Dataset\Cook\WIN_20231103_10_46_32_Pro.mp4,data/processed/landmarks/islwords/COOK/672849dc4c63.npz,181,30.0,6.033,1.0,1.0,,train
2fbe8131034a,COOK,islwords,video,,islwords:rec:55ad955072a1,C:\ISL\archive\Video_Dataset\Video_Dataset\Cook\WIN_20231103_10_46_52_Pro.mp4,data/processed/landmarks/islwords/COOK/2fbe8131034a.npz,181,30.0,6.033,1.0,1.0,,train
3959d3e2fcf4,COOK,islwords,video,,islwords:rec:01c6679efd21,C:\ISL\archive\Video_Dataset\Video_Dataset\Cook\WIN_20231103_10_47_00_Pro.mp4,data/processed/landmarks/islwords/COOK/3959d3e2fcf4.npz,200,30.0,6.667,1.0,1.0,,train
934b4d2e04c5,COOK,islwords,video,,islwords:rec:4ce8444aeed0,C:\ISL\archive\Video_Dataset\Video_Dataset\Cook\WIN_20231103_10_47_08_Pro.mp4,data/processed/landmarks/islwords/COOK/934b4d2e04c5.npz,182,30.0,6.067,1.0,1.0,,train
c24bd5c6c3e7,COOK,islwords,video,,islwords:rec:77b8282dad1c,C:\ISL\archive\Video_Dataset\Video_Dataset\Cook\WIN_20231103_10_47_15_Pro.mp4,data/processed/landmarks/islwords/COOK/c24bd5c6c3e7.npz,192,30.0,6.4,1.0,1.0,,train
5fa3b33e7e91,COOK,islwords,video,,islwords:rec:d293bce1c574,C:\ISL\archive\Video_Dataset\Video_Dataset\Cook\WIN_20231103_10_47_23_Pro.mp4,data/processed/landmarks/islwords/COOK/5fa3b33e7e91.npz,196,30.0,6.533,1.0,1.0,,train
0b3d3cad6d81,COOK,islwords,video,,islwords:rec:9f1cd78c4a49,C:\ISL\archive\Video_Dataset\Video_Dataset\Cook\WIN_20231103_10_48_17_Pro.mp4,data/processed/landmarks/islwords/COOK/0b3d3cad6d81.npz,261,30.0,8.7,1.0,1.0,,train
d1b867864db5,COOK,islwords,video,,islwords:rec:9fe160c57037,C:\ISL\archive\Video_Dataset\Video_Dataset\Cook\WIN_20231103_10_48_58_Pro.mp4,data/processed/landmarks/islwords/COOK/d1b867864db5.npz,292,30.0,9.733,1.0,1.0,,train
8d5b844f6cde,COOK,islwords,video,,islwords:rec:539d6d4e61ad,C:\ISL\archive\Video_Dataset\Video_Dataset\Cook\WIN_20231103_10_49_20_Pro.mp4,data/processed/landmarks/islwords/COOK/8d5b844f6cde.npz,308,30.0,10.267,1.0,1.0,,train
5e6d7cbc9bfb,COOK,islwords,video,,islwords:rec:6c3183275dd7,C:\ISL\archive\Video_Dataset\Video_Dataset\Cook\WIN_20231103_10_49_33_Pro.mp4,data/processed/landmarks/islwords/COOK/5e6d7cbc9bfb.npz,301,30.0,10.033,1.0,1.0,,train
35ac69e9940d,COOK,islwords,video,,islwords:rec:4cca71246cd9,C:\ISL\archive\Video_Dataset\Video_Dataset\Cook\WIN_20231103_10_50_08_Pro.mp4,data/processed/landmarks/islwords/COOK/35ac69e9940d.npz,219,30.0,7.3,1.0,1.0,,train
5f1665fabeae,COOK,islwords,video,,islwords:rec:819d6c7af253,C:\ISL\archive\Video_Dataset\Video_Dataset\Cook\WIN_20231103_10_50_18_Pro.mp4,data/processed/landmarks/islwords/COOK/5f1665fabeae.npz,203,30.0,6.767,1.0,1.0,,train
9a5c1f653e6f,COOK,islwords,video,,islwords:rec:e14704c34164,C:\ISL\archive\Video_Dataset\Video_Dataset\Cook\WIN_20231103_10_50_35_Pro.mp4,data/processed/landmarks/islwords/COOK/9a5c1f653e6f.npz,227,30.0,7.567,1.0,1.0,,train
0455a5f677e3,COOK,islwords,video,,islwords:rec:3c074bde220f,C:\ISL\archive\Video_Dataset\Video_Dataset\Cook\WIN_20231103_10_50_44_Pro.mp4,data/processed/landmarks/islwords/COOK/0455a5f677e3.npz,230,30.0,7.667,1.0,1.0,,train
a01386f0df2f,CROCODILE,islwords,video,,islwords:rec:82fde3398abf,C:\ISL\archive\Video_Dataset\Video_Dataset\Crocodile\WIN_20231102_12_46_01_Pro.mp4,data/processed/landmarks/islwords/CROCODILE/a01386f0df2f.npz,221,30.0,7.367,0.905,1.0,,train
a1d347adef72,CROCODILE,islwords,video,,islwords:rec:6b011699d021,C:\ISL\archive\Video_Dataset\Video_Dataset\Crocodile\WIN_20231102_12_46_10_Pro.mp4,data/processed/landmarks/islwords/CROCODILE/a1d347adef72.npz,222,30.0,7.4,1.0,1.0,,train
4e5ea069ef9a,CROCODILE,islwords,video,,islwords:rec:7181beaf51f7,C:\ISL\archive\Video_Dataset\Video_Dataset\Crocodile\WIN_20231102_12_46_19_Pro.mp4,data/processed/landmarks/islwords/CROCODILE/4e5ea069ef9a.npz,201,30.0,6.7,0.995,1.0,,train
c3b245f622d2,CROCODILE,islwords,video,,islwords:rec:b73ab1894bc7,C:\ISL\archive\Video_Dataset\Video_Dataset\Crocodile\WIN_20231102_12_46_27_Pro.mp4,data/processed/landmarks/islwords/CROCODILE/c3b245f622d2.npz,228,30.0,7.6,0.9912,1.0,,train
12d437ae7871,CROCODILE,islwords,video,,islwords:rec:3a8614e87961,C:\ISL\archive\Video_Dataset\Video_Dataset\Crocodile\WIN_20231102_12_46_36_Pro.mp4,data/processed/landmarks/islwords/CROCODILE/12d437ae7871.npz,211,30.0,7.033,0.981,1.0,,train
2223357ef6d9,CROCODILE,islwords,video,,islwords:rec:d0a2cc357b73,C:\ISL\archive\Video_Dataset\Video_Dataset\Crocodile\WIN_20231102_12_47_04_Pro.mp4,data/processed/landmarks/islwords/CROCODILE/2223357ef6d9.npz,251,30.0,8.367,1.0,1.0,,train
eb52d50f9288,CROCODILE,islwords,video,,islwords:rec:dd38e5cbbd86,C:\ISL\archive\Video_Dataset\Video_Dataset\Crocodile\WIN_20231102_12_47_56_Pro.mp4,data/processed/landmarks/islwords/CROCODILE/eb52d50f9288.npz,231,30.0,7.7,1.0,1.0,,train
eceaf3ac43f5,CROCODILE,islwords,video,,islwords:rec:43d52bded532,C:\ISL\archive\Video_Dataset\Video_Dataset\Crocodile\WIN_20231102_12_48_07_Pro.mp4,data/processed/landmarks/islwords/CROCODILE/eceaf3ac43f5.npz,218,30.0,7.267,1.0,1.0,,train
4b4e57787d3d,CROCODILE,islwords,video,,islwords:rec:b9bcab263b5d,C:\ISL\archive\Video_Dataset\Video_Dataset\Crocodile\WIN_20231102_12_48_40_Pro.mp4,data/processed/landmarks/islwords/CROCODILE/4b4e57787d3d.npz,233,30.0,7.767,1.0,1.0,,train
9a75ff01f0f4,CROCODILE,islwords,video,,islwords:rec:6c04d414d511,C:\ISL\archive\Video_Dataset\Video_Dataset\Crocodile\WIN_20231102_12_48_50_Pro.mp4,data/processed/landmarks/islwords/CROCODILE/9a75ff01f0f4.npz,206,30.0,6.867,1.0,1.0,,train
f612eb274f11,CROCODILE,islwords,video,,islwords:rec:505a02ede9e4,C:\ISL\archive\Video_Dataset\Video_Dataset\Crocodile\WIN_20231102_12_48_59_Pro.mp4,data/processed/landmarks/islwords/CROCODILE/f612eb274f11.npz,215,30.0,7.167,1.0,1.0,,train
48adf4413ca4,CROCODILE,islwords,video,,islwords:rec:82ce3cf2d337,C:\ISL\archive\Video_Dataset\Video_Dataset\Crocodile\WIN_20231102_12_49_08_Pro.mp4,data/processed/landmarks/islwords/CROCODILE/48adf4413ca4.npz,219,30.0,7.3,0.9954,1.0,,train
b07ffa20e598,CROCODILE,islwords,video,,islwords:rec:9a365f8933b2,C:\ISL\archive\Video_Dataset\Video_Dataset\Crocodile\WIN_20231102_12_49_17_Pro.mp4,data/processed/landmarks/islwords/CROCODILE/b07ffa20e598.npz,213,30.0,7.1,0.9953,1.0,,train
9002069be09f,CROCODILE,islwords,video,,islwords:rec:3d0f3d96cb8b,C:\ISL\archive\Video_Dataset\Video_Dataset\Crocodile\WIN_20231102_12_49_34_Pro.mp4,data/processed/landmarks/islwords/CROCODILE/9002069be09f.npz,225,30.0,7.5,1.0,1.0,,train
6de56d5645fa,CROCODILE,islwords,video,,islwords:rec:0dce9b36c3a9,C:\ISL\archive\Video_Dataset\Video_Dataset\Crocodile\WIN_20231102_12_49_57_Pro.mp4,data/processed/landmarks/islwords/CROCODILE/6de56d5645fa.npz,254,30.0,8.467,1.0,1.0,,train
7dff512ac0b2,CROCODILE,islwords,video,,islwords:rec:0b16fb64f19c,C:\ISL\archive\Video_Dataset\Video_Dataset\Crocodile\WIN_20231102_12_50_07_Pro.mp4,data/processed/landmarks/islwords/CROCODILE/7dff512ac0b2.npz,270,30.0,9.0,1.0,1.0,,train
9ef3c191e784,CROCODILE,islwords,video,,islwords:rec:8488427a6ef6,C:\ISL\archive\Video_Dataset\Video_Dataset\Crocodile\WIN_20231102_12_50_17_Pro.mp4,data/processed/landmarks/islwords/CROCODILE/9ef3c191e784.npz,259,30.0,8.633,1.0,1.0,,train
60e686cf67c7,CRY,islwords,video,,islwords:rec:b8073d5632f0,C:\ISL\archive\Video_Dataset\Video_Dataset\Cry\WIN_20231103_10_51_30_Pro.mp4,data/processed/landmarks/islwords/CRY/60e686cf67c7.npz,134,30.0,4.467,1.0,1.0,,train
912aefdfb7b5,CRY,islwords,video,,islwords:rec:7cb579d4cb08,C:\ISL\archive\Video_Dataset\Video_Dataset\Cry\WIN_20231103_10_51_37_Pro.mp4,data/processed/landmarks/islwords/CRY/912aefdfb7b5.npz,153,30.0,5.1,1.0,1.0,,train
fb1b2f411998,CRY,islwords,video,,islwords:rec:e1f40f44dc34,C:\ISL\archive\Video_Dataset\Video_Dataset\Cry\WIN_20231103_10_51_45_Pro.mp4,data/processed/landmarks/islwords/CRY/fb1b2f411998.npz,140,30.0,4.667,1.0,1.0,,train
ccdfffef4758,CRY,islwords,video,,islwords:rec:e7a992cc89fd,C:\ISL\archive\Video_Dataset\Video_Dataset\Cry\WIN_20231103_10_51_51_Pro.mp4,data/processed/landmarks/islwords/CRY/ccdfffef4758.npz,151,30.0,5.033,1.0,1.0,,train
6340323c0d41,CRY,islwords,video,,islwords:rec:547c47224a65,C:\ISL\archive\Video_Dataset\Video_Dataset\Cry\WIN_20231103_10_51_58_Pro.mp4,data/processed/landmarks/islwords/CRY/6340323c0d41.npz,149,30.0,4.967,1.0,1.0,,train
bfb65c083362,CRY,islwords,video,,islwords:rec:af17ac17a499,C:\ISL\archive\Video_Dataset\Video_Dataset\Cry\WIN_20231103_10_52_10_Pro.mp4,data/processed/landmarks/islwords/CRY/bfb65c083362.npz,130,30.0,4.333,1.0,1.0,,train
2781b544789f,CRY,islwords,video,,islwords:rec:89b7c9c4a386,C:\ISL\archive\Video_Dataset\Video_Dataset\Cry\WIN_20231103_10_52_15_Pro.mp4,data/processed/landmarks/islwords/CRY/2781b544789f.npz,135,30.0,4.5,1.0,1.0,,train
f22ebcfb760b,CRY,islwords,video,,islwords:rec:cf406cdc2507,C:\ISL\archive\Video_Dataset\Video_Dataset\Cry\WIN_20231103_10_52_22_Pro.mp4,data/processed/landmarks/islwords/CRY/f22ebcfb760b.npz,134,30.0,4.467,1.0,1.0,,train
b4882341640d,CRY,islwords,video,,islwords:rec:8fb0492ad59a,C:\ISL\archive\Video_Dataset\Video_Dataset\Cry\WIN_20231103_10_52_27_Pro.mp4,data/processed/landmarks/islwords/CRY/b4882341640d.npz,137,30.0,4.567,1.0,1.0,,train
77eb19fd7b0d,CRY,islwords,video,,islwords:rec:9cc3837d51ff,C:\ISL\archive\Video_Dataset\Video_Dataset\Cry\WIN_20231103_10_53_04_Pro.mp4,data/processed/landmarks/islwords/CRY/77eb19fd7b0d.npz,186,30.0,6.2,1.0,1.0,,train
1613e12a9f58,CRY,islwords,video,,islwords:rec:ed523291e223,C:\ISL\archive\Video_Dataset\Video_Dataset\Cry\WIN_20231103_10_53_11_Pro.mp4,data/processed/landmarks/islwords/CRY/1613e12a9f58.npz,192,30.0,6.4,1.0,1.0,,train
f63da598d53a,CRY,islwords,video,,islwords:rec:ffb49b2698ce,C:\ISL\archive\Video_Dataset\Video_Dataset\Cry\WIN_20231103_10_53_19_Pro.mp4,data/processed/landmarks/islwords/CRY/f63da598d53a.npz,181,30.0,6.033,1.0,1.0,,train
1d655aa853ed,CRY,islwords,video,,islwords:rec:5162ffe618a9,C:\ISL\archive\Video_Dataset\Video_Dataset\Cry\WIN_20231103_10_53_26_Pro.mp4,data/processed/landmarks/islwords/CRY/1d655aa853ed.npz,208,30.0,6.933,1.0,1.0,,train
626d902e3b4b,CRY,islwords,video,,islwords:rec:b1a11020b998,C:\ISL\archive\Video_Dataset\Video_Dataset\Cry\WIN_20231103_10_53_34_Pro.mp4,data/processed/landmarks/islwords/CRY/626d902e3b4b.npz,213,30.0,7.1,1.0,1.0,,train
05dc4799d2e6,CRY,islwords,video,,islwords:rec:c83f123f0a3f,C:\ISL\archive\Video_Dataset\Video_Dataset\Cry\WIN_20231103_10_53_55_Pro.mp4,data/processed/landmarks/islwords/CRY/05dc4799d2e6.npz,166,30.0,5.533,1.0,1.0,,train
c89d8ccdea24,CRY,islwords,video,,islwords:rec:5b24be6df11d,C:\ISL\archive\Video_Dataset\Video_Dataset\Cry\WIN_20231103_10_54_18_Pro.mp4,data/processed/landmarks/islwords/CRY/c89d8ccdea24.npz,157,30.0,5.233,1.0,1.0,,train
23bac05e1514,CRY,islwords,video,,islwords:rec:f68176d36967,C:\ISL\archive\Video_Dataset\Video_Dataset\Cry\WIN_20231103_10_54_25_Pro.mp4,data/processed/landmarks/islwords/CRY/23bac05e1514.npz,163,30.0,5.433,1.0,1.0,,train
c6649466a6ee,CUCUMBER,islwords,video,,islwords:rec:24c7b22e62e7,C:\ISL\archive\Video_Dataset\Video_Dataset\Cucumber\WIN_20231102_11_57_21_Pro.mp4,data/processed/landmarks/islwords/CUCUMBER/c6649466a6ee.npz,198,30.0,6.6,0.9949,1.0,,train
6d3e8f50c4bb,CUCUMBER,islwords,video,,islwords:rec:1a18c073a4fd,C:\ISL\archive\Video_Dataset\Video_Dataset\Cucumber\WIN_20231102_11_57_30_Pro.mp4,data/processed/landmarks/islwords/CUCUMBER/6d3e8f50c4bb.npz,207,30.0,6.9,0.9952,1.0,,train
fc968be5818d,CUCUMBER,islwords,video,,islwords:rec:4f0083d71894,C:\ISL\archive\Video_Dataset\Video_Dataset\Cucumber\WIN_20231102_11_58_11_Pro.mp4,data/processed/landmarks/islwords/CUCUMBER/fc968be5818d.npz,220,30.0,7.333,1.0,1.0,,train
981dd4fee00e,CUCUMBER,islwords,video,,islwords:rec:6bc9918f4231,C:\ISL\archive\Video_Dataset\Video_Dataset\Cucumber\WIN_20231102_11_58_56_Pro.mp4,data/processed/landmarks/islwords/CUCUMBER/981dd4fee00e.npz,225,30.0,7.5,0.9956,1.0,,train
316783fefdeb,CUCUMBER,islwords,video,,islwords:rec:81f3a8c837f4,C:\ISL\archive\Video_Dataset\Video_Dataset\Cucumber\WIN_20231102_11_59_06_Pro.mp4,data/processed/landmarks/islwords/CUCUMBER/316783fefdeb.npz,197,30.0,6.567,1.0,1.0,,train
991243c9f856,CUCUMBER,islwords,video,,islwords:rec:4baee3596120,C:\ISL\archive\Video_Dataset\Video_Dataset\Cucumber\WIN_20231102_11_59_14_Pro.mp4,data/processed/landmarks/islwords/CUCUMBER/991243c9f856.npz,211,30.0,7.033,1.0,1.0,,train
dd275b5d0819,CUCUMBER,islwords,video,,islwords:rec:b05e67b4e59e,C:\ISL\archive\Video_Dataset\Video_Dataset\Cucumber\WIN_20231102_11_59_23_Pro.mp4,data/processed/landmarks/islwords/CUCUMBER/dd275b5d0819.npz,209,30.0,6.967,1.0,1.0,,train
5aa6cdb560b1,CUCUMBER,islwords,video,,islwords:rec:8adffd14cbeb,C:\ISL\archive\Video_Dataset\Video_Dataset\Cucumber\WIN_20231102_11_59_31_Pro.mp4,data/processed/landmarks/islwords/CUCUMBER/5aa6cdb560b1.npz,209,30.0,6.967,1.0,1.0,,train
22a4b7db086c,CUCUMBER,islwords,video,,islwords:rec:8445cb070bfe,C:\ISL\archive\Video_Dataset\Video_Dataset\Cucumber\WIN_20231102_12_00_01_Pro.mp4,data/processed/landmarks/islwords/CUCUMBER/22a4b7db086c.npz,196,30.0,6.533,1.0,1.0,,train
16a26db67f72,CUCUMBER,islwords,video,,islwords:rec:a11f7b228aea,C:\ISL\archive\Video_Dataset\Video_Dataset\Cucumber\WIN_20231102_12_00_28_Pro.mp4,data/processed/landmarks/islwords/CUCUMBER/16a26db67f72.npz,211,30.0,7.033,1.0,1.0,,train
652c0d52cde9,CUCUMBER,islwords,video,,islwords:rec:ed3272aa50a6,C:\ISL\archive\Video_Dataset\Video_Dataset\Cucumber\WIN_20231102_12_00_36_Pro.mp4,data/processed/landmarks/islwords/CUCUMBER/652c0d52cde9.npz,220,30.0,7.333,1.0,1.0,,train
b52b4c536d59,CUCUMBER,islwords,video,,islwords:rec:15c4ea21169e,C:\ISL\archive\Video_Dataset\Video_Dataset\Cucumber\WIN_20231102_12_00_45_Pro.mp4,data/processed/landmarks/islwords/CUCUMBER/b52b4c536d59.npz,205,30.0,6.833,1.0,1.0,,train
8c9db56c8d7d,CUCUMBER,islwords,video,,islwords:rec:77246da6087e,C:\ISL\archive\Video_Dataset\Video_Dataset\Cucumber\WIN_20231102_12_01_06_Pro.mp4,data/processed/landmarks/islwords/CUCUMBER/8c9db56c8d7d.npz,197,30.0,6.567,1.0,1.0,,train
5627ba5580fe,CUCUMBER,islwords,video,,islwords:rec:bdcb1979b8de,C:\ISL\archive\Video_Dataset\Video_Dataset\Cucumber\WIN_20231102_12_01_14_Pro.mp4,data/processed/landmarks/islwords/CUCUMBER/5627ba5580fe.npz,195,30.0,6.5,0.9897,1.0,,train
6ef4d12130d8,CUCUMBER,islwords,video,,islwords:rec:1fd3c602517e,C:\ISL\archive\Video_Dataset\Video_Dataset\Cucumber\WIN_20231102_12_01_31_Pro.mp4,data/processed/landmarks/islwords/CUCUMBER/6ef4d12130d8.npz,185,30.0,6.167,0.9946,1.0,,train
a44eec287a14,CUCUMBER,islwords,video,,islwords:rec:e1bfad3a58aa,C:\ISL\archive\Video_Dataset\Video_Dataset\Cucumber\WIN_20231102_12_01_39_Pro.mp4,data/processed/landmarks/islwords/CUCUMBER/a44eec287a14.npz,213,30.0,7.1,1.0,1.0,,train
0e62db3892b2,CUCUMBER,islwords,video,,islwords:rec:0a31f7a198a4,C:\ISL\archive\Video_Dataset\Video_Dataset\Cucumber\WIN_20231102_12_01_49_Pro.mp4,data/processed/landmarks/islwords/CUCUMBER/0e62db3892b2.npz,194,30.0,6.467,1.0,1.0,,train
af9e780ca5dc,DEER,islwords,video,,islwords:rec:ec2301cf3a49,C:\ISL\archive\Video_Dataset\Video_Dataset\Deer\WIN_20231102_12_52_30_Pro.mp4,data/processed/landmarks/islwords/DEER/af9e780ca5dc.npz,208,30.0,6.933,1.0,1.0,,train
f77e565afceb,DEER,islwords,video,,islwords:rec:983dab7b2197,C:\ISL\archive\Video_Dataset\Video_Dataset\Deer\WIN_20231102_12_52_54_Pro.mp4,data/processed/landmarks/islwords/DEER/f77e565afceb.npz,217,30.0,7.233,1.0,1.0,,train
796feeb4153b,DEER,islwords,video,,islwords:rec:24913d8a6709,C:\ISL\archive\Video_Dataset\Video_Dataset\Deer\WIN_20231102_12_53_04_Pro.mp4,data/processed/landmarks/islwords/DEER/796feeb4153b.npz,210,30.0,7.0,1.0,1.0,,train
f74a0bd6c0cf,DEER,islwords,video,,islwords:rec:0131d93b3a55,C:\ISL\archive\Video_Dataset\Video_Dataset\Deer\WIN_20231102_12_53_12_Pro.mp4,data/processed/landmarks/islwords/DEER/f74a0bd6c0cf.npz,201,30.0,6.7,1.0,1.0,,train
8867478806b5,DEER,islwords,video,,islwords:rec:6ef956469867,C:\ISL\archive\Video_Dataset\Video_Dataset\Deer\WIN_20231102_12_53_22_Pro.mp4,data/processed/landmarks/islwords/DEER/8867478806b5.npz,209,30.0,6.967,1.0,1.0,,train
768b4684c500,DEER,islwords,video,,islwords:rec:0cb7ad107e1f,C:\ISL\archive\Video_Dataset\Video_Dataset\Deer\WIN_20231102_12_55_17_Pro.mp4,data/processed/landmarks/islwords/DEER/768b4684c500.npz,168,30.0,5.6,1.0,1.0,,train
cce7026eff9c,DEER,islwords,video,,islwords:rec:2517e6f6115a,C:\ISL\archive\Video_Dataset\Video_Dataset\Deer\WIN_20231102_12_55_24_Pro.mp4,data/processed/landmarks/islwords/DEER/cce7026eff9c.npz,143,30.0,4.767,1.0,1.0,,train
2adae615c880,DEER,islwords,video,,islwords:rec:fdc1a4134670,C:\ISL\archive\Video_Dataset\Video_Dataset\Deer\WIN_20231102_12_55_37_Pro.mp4,data/processed/landmarks/islwords/DEER/2adae615c880.npz,143,30.0,4.767,1.0,1.0,,train
303a26461e74,DEER,islwords,video,,islwords:rec:180d6ba0ae3c,C:\ISL\archive\Video_Dataset\Video_Dataset\Deer\WIN_20231102_12_55_44_Pro.mp4,data/processed/landmarks/islwords/DEER/303a26461e74.npz,157,30.0,5.233,1.0,1.0,,train
f6c8724fc985,DEER,islwords,video,,islwords:rec:f6b3146a5763,C:\ISL\archive\Video_Dataset\Video_Dataset\Deer\WIN_20231102_12_56_13_Pro.mp4,data/processed/landmarks/islwords/DEER/f6c8724fc985.npz,189,30.0,6.3,1.0,1.0,,train
e6aa384e7046,DEER,islwords,video,,islwords:rec:b5c1a401d4c0,C:\ISL\archive\Video_Dataset\Video_Dataset\Deer\WIN_20231102_12_56_27_Pro.mp4,data/processed/landmarks/islwords/DEER/e6aa384e7046.npz,180,30.0,6.0,1.0,1.0,,train
212822b13b7e,DEER,islwords,video,,islwords:rec:6155a9e8fc47,C:\ISL\archive\Video_Dataset\Video_Dataset\Deer\WIN_20231102_12_56_34_Pro.mp4,data/processed/landmarks/islwords/DEER/212822b13b7e.npz,190,30.0,6.333,1.0,1.0,,train
6bf25ddfdaa0,DEER,islwords,video,,islwords:rec:eecec0c2091e,C:\ISL\archive\Video_Dataset\Video_Dataset\Deer\WIN_20231102_12_56_49_Pro.mp4,data/processed/landmarks/islwords/DEER/6bf25ddfdaa0.npz,188,30.0,6.267,1.0,1.0,,train
3412520f3fd1,DEER,islwords,video,,islwords:rec:2a503739800e,C:\ISL\archive\Video_Dataset\Video_Dataset\Deer\WIN_20231102_12_57_08_Pro.mp4,data/processed/landmarks/islwords/DEER/3412520f3fd1.npz,160,30.0,5.333,1.0,1.0,,train
4832dc13f0f0,DEER,islwords,video,,islwords:rec:8dc2fb6b7c8d,C:\ISL\archive\Video_Dataset\Video_Dataset\Deer\WIN_20231102_12_57_20_Pro.mp4,data/processed/landmarks/islwords/DEER/4832dc13f0f0.npz,136,30.0,4.533,1.0,1.0,,train
1541cfa1f255,DEER,islwords,video,,islwords:rec:5ce46c747b7a,C:\ISL\archive\Video_Dataset\Video_Dataset\Deer\WIN_20231102_12_57_26_Pro.mp4,data/processed/landmarks/islwords/DEER/1541cfa1f255.npz,147,30.0,4.9,1.0,1.0,,train
c2643b484dfa,DEER,islwords,video,,islwords:rec:65db40b7dc70,C:\ISL\archive\Video_Dataset\Video_Dataset\Deer\WIN_20231102_12_57_34_Pro.mp4,data/processed/landmarks/islwords/DEER/c2643b484dfa.npz,145,30.0,4.833,1.0,1.0,,train
003ea657cfe0,DRINK,islwords,video,,islwords:rec:6cdea914d8cc,C:\ISL\archive\Video_Dataset\Video_Dataset\Drink\WIN_20231103_10_55_48_Pro.mp4,data/processed/landmarks/islwords/DRINK/003ea657cfe0.npz,144,30.0,4.8,1.0,1.0,,train
6d337cf92805,DRINK,islwords,video,,islwords:rec:a27ef6f89208,C:\ISL\archive\Video_Dataset\Video_Dataset\Drink\WIN_20231103_10_55_55_Pro.mp4,data/processed/landmarks/islwords/DRINK/6d337cf92805.npz,125,30.0,4.167,1.0,1.0,,train
3be299574c89,DRINK,islwords,video,,islwords:rec:1a8797579a96,C:\ISL\archive\Video_Dataset\Video_Dataset\Drink\WIN_20231103_10_56_00_Pro.mp4,data/processed/landmarks/islwords/DRINK/3be299574c89.npz,146,30.0,4.867,1.0,1.0,,train
c087d43212f2,DRINK,islwords,video,,islwords:rec:bd4cf021783e,C:\ISL\archive\Video_Dataset\Video_Dataset\Drink\WIN_20231103_10_56_06_Pro.mp4,data/processed/landmarks/islwords/DRINK/c087d43212f2.npz,120,30.0,4.0,1.0,1.0,,train
9c64814f005d,DRINK,islwords,video,,islwords:rec:a338026d67fa,C:\ISL\archive\Video_Dataset\Video_Dataset\Drink\WIN_20231103_10_56_11_Pro.mp4,data/processed/landmarks/islwords/DRINK/9c64814f005d.npz,124,30.0,4.133,1.0,1.0,,train
2611de70b308,DRINK,islwords,video,,islwords:rec:c97482c279b3,C:\ISL\archive\Video_Dataset\Video_Dataset\Drink\WIN_20231103_10_56_29_Pro.mp4,data/processed/landmarks/islwords/DRINK/2611de70b308.npz,127,30.0,4.233,1.0,1.0,,train
4b7cb824bdd0,DRINK,islwords,video,,islwords:rec:49621ba388ef,C:\ISL\archive\Video_Dataset\Video_Dataset\Drink\WIN_20231103_10_56_35_Pro.mp4,data/processed/landmarks/islwords/DRINK/4b7cb824bdd0.npz,136,30.0,4.533,1.0,1.0,,train
42849d7dba15,DRINK,islwords,video,,islwords:rec:60b899f41762,C:\ISL\archive\Video_Dataset\Video_Dataset\Drink\WIN_20231103_10_56_54_Pro.mp4,data/processed/landmarks/islwords/DRINK/42849d7dba15.npz,131,30.0,4.367,1.0,1.0,,train
29459d476ed1,DRINK,islwords,video,,islwords:rec:206281630dc1,C:\ISL\archive\Video_Dataset\Video_Dataset\Drink\WIN_20231103_10_57_14_Pro.mp4,data/processed/landmarks/islwords/DRINK/29459d476ed1.npz,143,30.0,4.767,1.0,1.0,,train
574cf6dd71ae,DRINK,islwords,video,,islwords:rec:390a5dd4b927,C:\ISL\archive\Video_Dataset\Video_Dataset\Drink\WIN_20231103_10_57_20_Pro.mp4,data/processed/landmarks/islwords/DRINK/574cf6dd71ae.npz,157,30.0,5.233,1.0,1.0,,train
65ce5ebb749d,DRINK,islwords,video,,islwords:rec:9030d8b47e2c,C:\ISL\archive\Video_Dataset\Video_Dataset\Drink\WIN_20231103_10_57_27_Pro.mp4,data/processed/landmarks/islwords/DRINK/65ce5ebb749d.npz,180,30.0,6.0,1.0,1.0,,train
908b89983586,DRINK,islwords,video,,islwords:rec:d76f7f9e0b53,C:\ISL\archive\Video_Dataset\Video_Dataset\Drink\WIN_20231103_10_57_34_Pro.mp4,data/processed/landmarks/islwords/DRINK/908b89983586.npz,180,30.0,6.0,1.0,1.0,,train
2dcae8ee5e8b,DRINK,islwords,video,,islwords:rec:acd2988395f4,C:\ISL\archive\Video_Dataset\Video_Dataset\Drink\WIN_20231103_10_57_54_Pro.mp4,data/processed/landmarks/islwords/DRINK/2dcae8ee5e8b.npz,148,30.0,4.933,1.0,1.0,,train
7da7bc2a8e56,DRINK,islwords,video,,islwords:rec:ca720cb96b05,C:\ISL\archive\Video_Dataset\Video_Dataset\Drink\WIN_20231103_10_58_11_Pro.mp4,data/processed/landmarks/islwords/DRINK/7da7bc2a8e56.npz,139,30.0,4.633,1.0,1.0,,train
fed0569237a5,DRINK,islwords,video,,islwords:rec:151c92cd12a7,C:\ISL\archive\Video_Dataset\Video_Dataset\Drink\WIN_20231103_10_58_18_Pro.mp4,data/processed/landmarks/islwords/DRINK/fed0569237a5.npz,123,30.0,4.1,1.0,1.0,,train
20bdf2c206b0,DRINK,islwords,video,,islwords:rec:a840ffcbb76c,C:\ISL\archive\Video_Dataset\Video_Dataset\Drink\WIN_20231103_10_58_24_Pro.mp4,data/processed/landmarks/islwords/DRINK/20bdf2c206b0.npz,109,30.0,3.633,1.0,1.0,,train
fd4f0928fb56,DRINK,islwords,video,,islwords:rec:b5ec3d12a4f1,C:\ISL\archive\Video_Dataset\Video_Dataset\Drink\WIN_20231103_10_58_29_Pro.mp4,data/processed/landmarks/islwords/DRINK/fd4f0928fb56.npz,131,30.0,4.367,1.0,1.0,,train
b33b4771f987,ELEPHANT,islwords,video,,islwords:rec:4b70a0b9ebc0,C:\ISL\archive\Video_Dataset\Video_Dataset\Elephant\WIN_20231102_12_59_25_Pro.mp4,data/processed/landmarks/islwords/ELEPHANT/b33b4771f987.npz,204,30.0,6.8,1.0,1.0,,train
d574b63ecd0e,ELEPHANT,islwords,video,,islwords:rec:c1c0ab20835a,C:\ISL\archive\Video_Dataset\Video_Dataset\Elephant\WIN_20231102_12_59_34_Pro.mp4,data/processed/landmarks/islwords/ELEPHANT/d574b63ecd0e.npz,193,30.0,6.433,1.0,1.0,,train
c37c511400db,ELEPHANT,islwords,video,,islwords:rec:d44e3fc2ce4b,C:\ISL\archive\Video_Dataset\Video_Dataset\Elephant\WIN_20231102_12_59_43_Pro.mp4,data/processed/landmarks/islwords/ELEPHANT/c37c511400db.npz,221,30.0,7.367,1.0,1.0,,train
a07692d40e04,ELEPHANT,islwords,video,,islwords:rec:5e34b6382401,C:\ISL\archive\Video_Dataset\Video_Dataset\Elephant\WIN_20231102_12_59_56_Pro.mp4,data/processed/landmarks/islwords/ELEPHANT/a07692d40e04.npz,220,30.0,7.333,1.0,1.0,,train
3919f5814517,ELEPHANT,islwords,video,,islwords:rec:2a52200589a0,C:\ISL\archive\Video_Dataset\Video_Dataset\Elephant\WIN_20231102_13_00_08_Pro.mp4,data/processed/landmarks/islwords/ELEPHANT/3919f5814517.npz,204,30.0,6.8,1.0,1.0,,train
343fd8282109,ELEPHANT,islwords,video,,islwords:rec:4f4e488495b5,C:\ISL\archive\Video_Dataset\Video_Dataset\Elephant\WIN_20231102_13_00_50_Pro.mp4,data/processed/landmarks/islwords/ELEPHANT/343fd8282109.npz,162,30.0,5.4,1.0,1.0,,train
8a0817b9d6c4,ELEPHANT,islwords,video,,islwords:rec:1ac6942218e4,C:\ISL\archive\Video_Dataset\Video_Dataset\Elephant\WIN_20231102_13_00_58_Pro.mp4,data/processed/landmarks/islwords/ELEPHANT/8a0817b9d6c4.npz,134,30.0,4.467,1.0,1.0,,train
0cbb8b0f8480,ELEPHANT,islwords,video,,islwords:rec:2fe442f286bb,C:\ISL\archive\Video_Dataset\Video_Dataset\Elephant\WIN_20231102_13_01_17_Pro.mp4,data/processed/landmarks/islwords/ELEPHANT/0cbb8b0f8480.npz,147,30.0,4.9,1.0,1.0,,train
a227f994e2eb,ELEPHANT,islwords,video,,islwords:rec:a57ca18d43ab,C:\ISL\archive\Video_Dataset\Video_Dataset\Elephant\WIN_20231102_13_01_36_Pro.mp4,data/processed/landmarks/islwords/ELEPHANT/a227f994e2eb.npz,156,30.0,5.2,1.0,1.0,,train
1b2bbb2e2bcd,ELEPHANT,islwords,video,,islwords:rec:9fb71e42df37,C:\ISL\archive\Video_Dataset\Video_Dataset\Elephant\WIN_20231102_13_02_01_Pro.mp4,data/processed/landmarks/islwords/ELEPHANT/1b2bbb2e2bcd.npz,164,30.0,5.467,1.0,1.0,,train
7863aed1c38f,ELEPHANT,islwords,video,,islwords:rec:7910bc8f9eb3,C:\ISL\archive\Video_Dataset\Video_Dataset\Elephant\WIN_20231102_13_02_08_Pro.mp4,data/processed/landmarks/islwords/ELEPHANT/7863aed1c38f.npz,171,30.0,5.7,1.0,1.0,,train
2725417dd15e,ELEPHANT,islwords,video,,islwords:rec:01c719b4aaf1,C:\ISL\archive\Video_Dataset\Video_Dataset\Elephant\WIN_20231102_13_03_43_Pro.mp4,data/processed/landmarks/islwords/ELEPHANT/2725417dd15e.npz,200,30.0,6.667,1.0,1.0,,train
a3d4b7aca1e4,ELEPHANT,islwords,video,,islwords:rec:cfa5faadcf76,C:\ISL\archive\Video_Dataset\Video_Dataset\Elephant\WIN_20231102_13_39_57_Pro.mp4,data/processed/landmarks/islwords/ELEPHANT/a3d4b7aca1e4.npz,186,30.0,6.2,1.0,1.0,,train
f22f558fcf59,ELEPHANT,islwords,video,,islwords:rec:f917953b14b4,C:\ISL\archive\Video_Dataset\Video_Dataset\Elephant\WIN_20231102_13_40_08_Pro.mp4,data/processed/landmarks/islwords/ELEPHANT/f22f558fcf59.npz,170,30.0,5.667,1.0,1.0,,train
1a58cdf9cb17,ELEPHANT,islwords,video,,islwords:rec:08fd4528dcf6,C:\ISL\archive\Video_Dataset\Video_Dataset\Elephant\WIN_20231102_13_40_16_Pro.mp4,data/processed/landmarks/islwords/ELEPHANT/1a58cdf9cb17.npz,159,30.0,5.3,1.0,1.0,,train
80df07065ae0,ELEPHANT,islwords,video,,islwords:rec:29c7c1d00fde,C:\ISL\archive\Video_Dataset\Video_Dataset\Elephant\WIN_20231102_13_40_24_Pro.mp4,data/processed/landmarks/islwords/ELEPHANT/80df07065ae0.npz,148,30.0,4.933,1.0,1.0,,train
56af4df3c88e,ELEPHANT,islwords,video,,islwords:rec:fcc26b8b0803,C:\ISL\archive\Video_Dataset\Video_Dataset\Elephant\WIN_20231102_13_40_32_Pro.mp4,data/processed/landmarks/islwords/ELEPHANT/56af4df3c88e.npz,137,30.0,4.567,1.0,1.0,,train
31b90c6b292b,EXAM,islwords,video,,islwords:rec:316ce90a4db6,C:\ISL\archive\Video_Dataset\Video_Dataset\Exam\WIN_20231103_11_20_35_Pro.mp4,data/processed/landmarks/islwords/EXAM/31b90c6b292b.npz,153,30.0,5.1,1.0,1.0,,train
d8ef374c2220,EXAM,islwords,video,,islwords:rec:02981baa7fcd,C:\ISL\archive\Video_Dataset\Video_Dataset\Exam\WIN_20231103_11_20_41_Pro.mp4,data/processed/landmarks/islwords/EXAM/d8ef374c2220.npz,145,30.0,4.833,1.0,1.0,,train
b2dd49b5a5f0,EXAM,islwords,video,,islwords:rec:8dee96ebcb20,C:\ISL\archive\Video_Dataset\Video_Dataset\Exam\WIN_20231103_11_20_48_Pro.mp4,data/processed/landmarks/islwords/EXAM/b2dd49b5a5f0.npz,139,30.0,4.633,1.0,1.0,,train
7b6ad40563cc,EXAM,islwords,video,,islwords:rec:2ceec663e8b1,C:\ISL\archive\Video_Dataset\Video_Dataset\Exam\WIN_20231103_11_20_57_Pro.mp4,data/processed/landmarks/islwords/EXAM/7b6ad40563cc.npz,146,30.0,4.867,1.0,1.0,,train
b0a4c916e66e,EXAM,islwords,video,,islwords:rec:5e80ba27f8c8,C:\ISL\archive\Video_Dataset\Video_Dataset\Exam\WIN_20231103_11_21_28_Pro.mp4,data/processed/landmarks/islwords/EXAM/b0a4c916e66e.npz,127,30.0,4.233,1.0,1.0,,train
a806ce231ac6,EXAM,islwords,video,,islwords:rec:59bffa5c940c,C:\ISL\archive\Video_Dataset\Video_Dataset\Exam\WIN_20231103_11_22_04_Pro.mp4,data/processed/landmarks/islwords/EXAM/a806ce231ac6.npz,140,30.0,4.667,1.0,1.0,,train
fd665b407258,EXAM,islwords,video,,islwords:rec:4ab5a631923e,C:\ISL\archive\Video_Dataset\Video_Dataset\Exam\WIN_20231103_11_22_10_Pro.mp4,data/processed/landmarks/islwords/EXAM/fd665b407258.npz,138,30.0,4.6,1.0,1.0,,train
967649cda60e,EXAM,islwords,video,,islwords:rec:2252973d693e,C:\ISL\archive\Video_Dataset\Video_Dataset\Exam\WIN_20231103_11_22_17_Pro.mp4,data/processed/landmarks/islwords/EXAM/967649cda60e.npz,115,30.0,3.833,1.0,1.0,,train
8ea4b2c90e22,EXAM,islwords,video,,islwords:rec:24c52e593966,C:\ISL\archive\Video_Dataset\Video_Dataset\Exam\WIN_20231103_11_23_51_Pro.mp4,data/processed/landmarks/islwords/EXAM/8ea4b2c90e22.npz,167,30.0,5.567,1.0,1.0,,train
f19573792a12,EXAM,islwords,video,,islwords:rec:7937d3e58003,C:\ISL\archive\Video_Dataset\Video_Dataset\Exam\WIN_20231103_11_23_58_Pro.mp4,data/processed/landmarks/islwords/EXAM/f19573792a12.npz,151,30.0,5.033,1.0,1.0,,train
17887723d50f,EXAM,islwords,video,,islwords:rec:7676f56cd0ac,C:\ISL\archive\Video_Dataset\Video_Dataset\Exam\WIN_20231103_11_24_10_Pro.mp4,data/processed/landmarks/islwords/EXAM/17887723d50f.npz,192,30.0,6.4,1.0,1.0,,train
d1f515e195ca,EXAM,islwords,video,,islwords:rec:ceece034495f,C:\ISL\archive\Video_Dataset\Video_Dataset\Exam\WIN_20231103_11_24_17_Pro.mp4,data/processed/landmarks/islwords/EXAM/d1f515e195ca.npz,191,30.0,6.367,1.0,1.0,,train
7960277afe88,EXAM,islwords,video,,islwords:rec:513cc0474329,C:\ISL\archive\Video_Dataset\Video_Dataset\Exam\WIN_20231103_11_25_19_Pro.mp4,data/processed/landmarks/islwords/EXAM/7960277afe88.npz,171,30.0,5.7,1.0,1.0,,train
f5f8dc6128ff,EXAM,islwords,video,,islwords:rec:8021e51202da,C:\ISL\archive\Video_Dataset\Video_Dataset\Exam\WIN_20231103_11_25_26_Pro.mp4,data/processed/landmarks/islwords/EXAM/f5f8dc6128ff.npz,169,30.0,5.633,1.0,1.0,,train
dc2fca0fbd4f,EXAM,islwords,video,,islwords:rec:32538d4a7cc7,C:\ISL\archive\Video_Dataset\Video_Dataset\Exam\WIN_20231103_11_25_34_Pro.mp4,data/processed/landmarks/islwords/EXAM/dc2fca0fbd4f.npz,163,30.0,5.433,1.0,1.0,,train
c22cee9fb132,EXAM,islwords,video,,islwords:rec:be22de125df8,C:\ISL\archive\Video_Dataset\Video_Dataset\Exam\WIN_20231103_11_25_41_Pro.mp4,data/processed/landmarks/islwords/EXAM/c22cee9fb132.npz,163,30.0,5.433,1.0,1.0,,train
a8dd1b0d9643,EXAM,islwords,video,,islwords:rec:6ed8bb8ad643,C:\ISL\archive\Video_Dataset\Video_Dataset\Exam\WIN_20231103_11_25_49_Pro.mp4,data/processed/landmarks/islwords/EXAM/a8dd1b0d9643.npz,142,30.0,4.733,1.0,1.0,,train
70dd7aa6dc03,FEDUP,islwords,video,,islwords:rec:5de29ef7302f,C:\ISL\archive\Video_Dataset\Video_Dataset\Fedup\WIN_20231103_13_02_30_Pro.mp4,data/processed/landmarks/islwords/FEDUP/70dd7aa6dc03.npz,129,30.0,4.3,1.0,1.0,,train
f3e7382a5f06,FEDUP,islwords,video,,islwords:rec:46db29923305,C:\ISL\archive\Video_Dataset\Video_Dataset\Fedup\WIN_20231103_13_03_36_Pro.mp4,data/processed/landmarks/islwords/FEDUP/f3e7382a5f06.npz,121,30.0,4.033,1.0,1.0,,train
2c8529f44a4f,FEDUP,islwords,video,,islwords:rec:70e7c03a8e3b,C:\ISL\archive\Video_Dataset\Video_Dataset\Fedup\WIN_20231103_13_03_42_Pro.mp4,data/processed/landmarks/islwords/FEDUP/2c8529f44a4f.npz,99,30.0,3.3,1.0,1.0,,train
43dd86eeb08b,FEDUP,islwords,video,,islwords:rec:1dd6a004e84c,C:\ISL\archive\Video_Dataset\Video_Dataset\Fedup\WIN_20231103_13_04_01_Pro.mp4,data/processed/landmarks/islwords/FEDUP/43dd86eeb08b.npz,116,30.0,3.867,1.0,1.0,,train
4de21fad31b5,FEDUP,islwords,video,,islwords:rec:e0493662a146,C:\ISL\archive\Video_Dataset\Video_Dataset\Fedup\WIN_20231103_13_04_06_Pro.mp4,data/processed/landmarks/islwords/FEDUP/4de21fad31b5.npz,113,30.0,3.767,1.0,1.0,,train
9382ecbb58d5,FEDUP,islwords,video,,islwords:rec:de6390ba781a,C:\ISL\archive\Video_Dataset\Video_Dataset\Fedup\WIN_20231103_13_05_37_Pro.mp4,data/processed/landmarks/islwords/FEDUP/9382ecbb58d5.npz,143,30.0,4.767,1.0,1.0,,train
2d972e59fa7c,FEDUP,islwords,video,,islwords:rec:c79a2f7fa789,C:\ISL\archive\Video_Dataset\Video_Dataset\Fedup\WIN_20231103_13_05_54_Pro.mp4,data/processed/landmarks/islwords/FEDUP/2d972e59fa7c.npz,120,30.0,4.0,1.0,1.0,,train
386340d4d5db,FEDUP,islwords,video,,islwords:rec:0f9de93af1da,C:\ISL\archive\Video_Dataset\Video_Dataset\Fedup\WIN_20231103_13_05_59_Pro.mp4,data/processed/landmarks/islwords/FEDUP/386340d4d5db.npz,126,30.0,4.2,1.0,1.0,,train
62e7a3f404b0,FEDUP,islwords,video,,islwords:rec:dd338dbfe11b,C:\ISL\archive\Video_Dataset\Video_Dataset\Fedup\WIN_20231103_13_06_17_Pro.mp4,data/processed/landmarks/islwords/FEDUP/62e7a3f404b0.npz,132,30.0,4.4,1.0,1.0,,train
e0ee2c4212b8,FEDUP,islwords,video,,islwords:rec:dcb4c2a10d4c,C:\ISL\archive\Video_Dataset\Video_Dataset\Fedup\WIN_20231103_13_07_12_Pro.mp4,data/processed/landmarks/islwords/FEDUP/e0ee2c4212b8.npz,109,30.0,3.633,1.0,1.0,,train
34d9516f9a0a,FEDUP,islwords,video,,islwords:rec:7b6259dae7c0,C:\ISL\archive\Video_Dataset\Video_Dataset\Fedup\WIN_20231103_13_07_17_Pro.mp4,data/processed/landmarks/islwords/FEDUP/34d9516f9a0a.npz,121,30.0,4.033,1.0,1.0,,train
f05bc51d4012,FEDUP,islwords,video,,islwords:rec:2e46257f9375,C:\ISL\archive\Video_Dataset\Video_Dataset\Fedup\WIN_20231103_13_07_22_Pro.mp4,data/processed/landmarks/islwords/FEDUP/f05bc51d4012.npz,111,30.0,3.7,1.0,1.0,,train
719a8f1cb3bc,FEDUP,islwords,video,,islwords:rec:b95fc908a584,C:\ISL\archive\Video_Dataset\Video_Dataset\Fedup\WIN_20231103_13_44_15_Pro.mp4,data/processed/landmarks/islwords/FEDUP/719a8f1cb3bc.npz,154,30.0,5.133,1.0,1.0,,train
1173482a8803,FEDUP,islwords,video,,islwords:rec:2a1fab658fa9,C:\ISL\archive\Video_Dataset\Video_Dataset\Fedup\WIN_20231103_13_44_23_Pro.mp4,data/processed/landmarks/islwords/FEDUP/1173482a8803.npz,132,30.0,4.4,1.0,1.0,,train
0e9c41ba6124,FEDUP,islwords,video,,islwords:rec:7be57fb39854,C:\ISL\archive\Video_Dataset\Video_Dataset\Fedup\WIN_20231103_13_44_29_Pro.mp4,data/processed/landmarks/islwords/FEDUP/0e9c41ba6124.npz,133,30.0,4.433,1.0,1.0,,train
3564937a4aca,FEDUP,islwords,video,,islwords:rec:55c7112580f5,C:\ISL\archive\Video_Dataset\Video_Dataset\Fedup\WIN_20231103_13_44_35_Pro.mp4,data/processed/landmarks/islwords/FEDUP/3564937a4aca.npz,112,30.0,3.733,1.0,1.0,,train
a4f8a54d9748,FEDUP,islwords,video,,islwords:rec:9f0e2a29ccbf,C:\ISL\archive\Video_Dataset\Video_Dataset\Fedup\WIN_20231103_13_44_40_Pro.mp4,data/processed/landmarks/islwords/FEDUP/a4f8a54d9748.npz,126,30.0,4.2,1.0,1.0,,train
44f41edba11d,FEVER,islwords,video,,islwords:rec:b5bd4b1008d6,C:\ISL\archive\Video_Dataset\Video_Dataset\Fever\WIN_20230901_10_05_26_Pro.mp4,data/processed/landmarks/islwords/FEVER/44f41edba11d.npz,180,30.0,6.0,1.0,1.0,,train
ad20f5c6ee97,FEVER,islwords,video,,islwords:rec:b2229a760a87,C:\ISL\archive\Video_Dataset\Video_Dataset\Fever\WIN_20230901_10_05_57_Pro.mp4,data/processed/landmarks/islwords/FEVER/ad20f5c6ee97.npz,165,30.0,5.5,1.0,1.0,,train
600809a120e9,FEVER,islwords,video,,islwords:rec:3d8e46bfe585,C:\ISL\archive\Video_Dataset\Video_Dataset\Fever\WIN_20230901_10_06_05_Pro.mp4,data/processed/landmarks/islwords/FEVER/600809a120e9.npz,152,30.0,5.067,1.0,1.0,,train
15f3a00a085e,FEVER,islwords,video,,islwords:rec:39d1e0866145,C:\ISL\archive\Video_Dataset\Video_Dataset\Fever\WIN_20230901_10_06_12_Pro.mp4,data/processed/landmarks/islwords/FEVER/15f3a00a085e.npz,145,30.0,4.833,1.0,1.0,,train
bb1bc5cf1592,FEVER,islwords,video,,islwords:rec:2e39b159db52,C:\ISL\archive\Video_Dataset\Video_Dataset\Fever\WIN_20230901_10_06_44_Pro.mp4,data/processed/landmarks/islwords/FEVER/bb1bc5cf1592.npz,168,30.0,5.6,1.0,1.0,,train
8a39f9666d60,FEVER,islwords,video,,islwords:rec:3590a8bf8502,C:\ISL\archive\Video_Dataset\Video_Dataset\Fever\WIN_20230901_10_06_58_Pro.mp4,data/processed/landmarks/islwords/FEVER/8a39f9666d60.npz,157,30.0,5.233,1.0,1.0,,train
1505775423ad,FEVER,islwords,video,,islwords:rec:738944795acd,C:\ISL\archive\Video_Dataset\Video_Dataset\Fever\WIN_20230901_10_07_05_Pro.mp4,data/processed/landmarks/islwords/FEVER/1505775423ad.npz,156,30.0,5.2,1.0,1.0,,train
20c45ed3e005,FEVER,islwords,video,,islwords:rec:2a735471a2c3,C:\ISL\archive\Video_Dataset\Video_Dataset\Fever\WIN_20230901_10_07_12_Pro.mp4,data/processed/landmarks/islwords/FEVER/20c45ed3e005.npz,156,30.0,5.2,1.0,1.0,,train
580ab5f0ca92,FEVER,islwords,video,,islwords:rec:e4b81af6afba,C:\ISL\archive\Video_Dataset\Video_Dataset\Fever\WIN_20230901_10_07_53_Pro.mp4,data/processed/landmarks/islwords/FEVER/580ab5f0ca92.npz,170,30.0,5.667,1.0,1.0,,train
24362c8e07a4,FEVER,islwords,video,,islwords:rec:f185ca651c5d,C:\ISL\archive\Video_Dataset\Video_Dataset\Fever\WIN_20230901_10_08_00_Pro.mp4,data/processed/landmarks/islwords/FEVER/24362c8e07a4.npz,202,30.0,6.733,1.0,1.0,,train
5f22d27a411d,FEVER,islwords,video,,islwords:rec:21422f336665,C:\ISL\archive\Video_Dataset\Video_Dataset\Fever\WIN_20230901_10_08_08_Pro.mp4,data/processed/landmarks/islwords/FEVER/5f22d27a411d.npz,198,30.0,6.6,1.0,1.0,,train
f04e223cf303,FEVER,islwords,video,,islwords:rec:48fb21fa4c4a,C:\ISL\archive\Video_Dataset\Video_Dataset\Fever\WIN_20230901_10_08_16_Pro.mp4,data/processed/landmarks/islwords/FEVER/f04e223cf303.npz,226,30.0,7.533,1.0,1.0,,train
8dedbb3d6bb0,FEVER,islwords,video,,islwords:rec:2bafd31d33d3,C:\ISL\archive\Video_Dataset\Video_Dataset\Fever\WIN_20230901_10_08_25_Pro.mp4,data/processed/landmarks/islwords/FEVER/8dedbb3d6bb0.npz,233,30.0,7.767,1.0,1.0,,train
e269fc963d67,GIRAFFE,islwords,video,,islwords:rec:287c95cf88ed,C:\ISL\archive\Video_Dataset\Video_Dataset\Giraffe\WIN_20231102_13_05_27_Pro.mp4,data/processed/landmarks/islwords/GIRAFFE/e269fc963d67.npz,272,30.0,9.067,1.0,1.0,,train
c69131ee74e3,GIRAFFE,islwords,video,,islwords:rec:8c05db09aad6,C:\ISL\archive\Video_Dataset\Video_Dataset\Giraffe\WIN_20231102_13_05_38_Pro.mp4,data/processed/landmarks/islwords/GIRAFFE/c69131ee74e3.npz,247,30.0,8.233,1.0,1.0,,train
0a83d7f2004f,GIRAFFE,islwords,video,,islwords:rec:fed07bb8af39,C:\ISL\archive\Video_Dataset\Video_Dataset\Giraffe\WIN_20231102_13_05_48_Pro.mp4,data/processed/landmarks/islwords/GIRAFFE/0a83d7f2004f.npz,247,30.0,8.233,1.0,1.0,,train
6e10b66abef5,GIRAFFE,islwords,video,,islwords:rec:56b76dbc08e4,C:\ISL\archive\Video_Dataset\Video_Dataset\Giraffe\WIN_20231102_13_06_28_Pro.mp4,data/processed/landmarks/islwords/GIRAFFE/6e10b66abef5.npz,228,30.0,7.6,1.0,1.0,,train
1c402035e14e,GIRAFFE,islwords,video,,islwords:rec:2a918f62fef7,C:\ISL\archive\Video_Dataset\Video_Dataset\Giraffe\WIN_20231102_13_07_32_Pro.mp4,data/processed/landmarks/islwords/GIRAFFE/1c402035e14e.npz,160,30.0,5.333,1.0,1.0,,train
1db5a03013f1,GIRAFFE,islwords,video,,islwords:rec:5810ae1ae3c3,C:\ISL\archive\Video_Dataset\Video_Dataset\Giraffe\WIN_20231102_13_07_40_Pro.mp4,data/processed/landmarks/islwords/GIRAFFE/1db5a03013f1.npz,189,30.0,6.3,1.0,1.0,,train
bb0f1344688b,GIRAFFE,islwords,video,,islwords:rec:b77ec4b8a9a1,C:\ISL\archive\Video_Dataset\Video_Dataset\Giraffe\WIN_20231102_13_07_55_Pro.mp4,data/processed/landmarks/islwords/GIRAFFE/bb0f1344688b.npz,185,30.0,6.167,1.0,1.0,,train
bb108f1b69da,GIRAFFE,islwords,video,,islwords:rec:8eff691f3470,C:\ISL\archive\Video_Dataset\Video_Dataset\Giraffe\WIN_20231102_13_08_03_Pro.mp4,data/processed/landmarks/islwords/GIRAFFE/bb108f1b69da.npz,187,30.0,6.233,1.0,1.0,,train
054f34d67d26,GIRAFFE,islwords,video,,islwords:rec:57d5e278d303,C:\ISL\archive\Video_Dataset\Video_Dataset\Giraffe\WIN_20231102_13_08_25_Pro.mp4,data/processed/landmarks/islwords/GIRAFFE/054f34d67d26.npz,229,30.0,7.633,1.0,1.0,,train
129dba6735d6,GIRAFFE,islwords,video,,islwords:rec:b5ed2d01cd3b,C:\ISL\archive\Video_Dataset\Video_Dataset\Giraffe\WIN_20231102_13_08_34_Pro.mp4,data/processed/landmarks/islwords/GIRAFFE/129dba6735d6.npz,241,30.0,8.033,1.0,1.0,,train
22dfa7c78fc9,GIRAFFE,islwords,video,,islwords:rec:c5b7d835b82a,C:\ISL\archive\Video_Dataset\Video_Dataset\Giraffe\WIN_20231102_13_08_44_Pro.mp4,data/processed/landmarks/islwords/GIRAFFE/22dfa7c78fc9.npz,234,30.0,7.8,1.0,1.0,,train
4e2f9432887d,GIRAFFE,islwords,video,,islwords:rec:00db8d5e8a4f,C:\ISL\archive\Video_Dataset\Video_Dataset\Giraffe\WIN_20231102_13_08_54_Pro.mp4,data/processed/landmarks/islwords/GIRAFFE/4e2f9432887d.npz,278,30.0,9.267,1.0,1.0,,train
d9f8230761ac,GIRAFFE,islwords,video,,islwords:rec:ca34865fb901,C:\ISL\archive\Video_Dataset\Video_Dataset\Giraffe\WIN_20231102_13_09_05_Pro.mp4,data/processed/landmarks/islwords/GIRAFFE/d9f8230761ac.npz,272,30.0,9.067,1.0,1.0,,train
95e6ffdf2543,GIRAFFE,islwords,video,,islwords:rec:ed0eadbf3d38,C:\ISL\archive\Video_Dataset\Video_Dataset\Giraffe\WIN_20231102_13_43_43_Pro.mp4,data/processed/landmarks/islwords/GIRAFFE/95e6ffdf2543.npz,257,30.0,8.567,1.0,1.0,,train
8e6f01855435,GIRAFFE,islwords,video,,islwords:rec:4d8d131d14d6,C:\ISL\archive\Video_Dataset\Video_Dataset\Giraffe\WIN_20231102_13_43_57_Pro.mp4,data/processed/landmarks/islwords/GIRAFFE/8e6f01855435.npz,219,30.0,7.3,1.0,1.0,,train
3d08a8bae85a,GIRAFFE,islwords,video,,islwords:rec:0756c5cd94f0,C:\ISL\archive\Video_Dataset\Video_Dataset\Giraffe\WIN_20231102_13_44_25_Pro.mp4,data/processed/landmarks/islwords/GIRAFFE/3d08a8bae85a.npz,226,30.0,7.533,1.0,1.0,,train
979d3cea7e42,GIRAFFE,islwords,video,,islwords:rec:bae5860b6924,C:\ISL\archive\Video_Dataset\Video_Dataset\Giraffe\WIN_20231102_13_44_38_Pro.mp4,data/processed/landmarks/islwords/GIRAFFE/979d3cea7e42.npz,225,30.0,7.5,1.0,1.0,,train
56d6fef4e3d7,GIVE,islwords,video,,islwords:rec:b3b066c60f8a,C:\ISL\archive\Video_Dataset\Video_Dataset\Give\WIN_20231103_10_59_37_Pro.mp4,data/processed/landmarks/islwords/GIVE/56d6fef4e3d7.npz,116,30.0,3.867,1.0,1.0,,train
89a1c21d4d4b,GIVE,islwords,video,,islwords:rec:d79d9c91f382,C:\ISL\archive\Video_Dataset\Video_Dataset\Give\WIN_20231103_10_59_43_Pro.mp4,data/processed/landmarks/islwords/GIVE/89a1c21d4d4b.npz,126,30.0,4.2,1.0,1.0,,train
80971ad4ccf3,GIVE,islwords,video,,islwords:rec:3f80dd4bc5e7,C:\ISL\archive\Video_Dataset\Video_Dataset\Give\WIN_20231103_11_00_23_Pro.mp4,data/processed/landmarks/islwords/GIVE/80971ad4ccf3.npz,121,30.0,4.033,1.0,1.0,,train
52fb93c57bd1,GIVE,islwords,video,,islwords:rec:9395e49e2fae,C:\ISL\archive\Video_Dataset\Video_Dataset\Give\WIN_20231103_11_00_29_Pro.mp4,data/processed/landmarks/islwords/GIVE/52fb93c57bd1.npz,140,30.0,4.667,1.0,1.0,,train
7162ccaf4a68,GIVE,islwords,video,,islwords:rec:e4818faaa963,C:\ISL\archive\Video_Dataset\Video_Dataset\Give\WIN_20231103_11_01_01_Pro.mp4,data/processed/landmarks/islwords/GIVE/7162ccaf4a68.npz,128,30.0,4.267,1.0,1.0,,train
569ca304776e,GIVE,islwords,video,,islwords:rec:d3df12dc13c6,C:\ISL\archive\Video_Dataset\Video_Dataset\Give\WIN_20231103_11_01_06_Pro.mp4,data/processed/landmarks/islwords/GIVE/569ca304776e.npz,124,30.0,4.133,1.0,1.0,,train
ce9918103e84,GIVE,islwords,video,,islwords:rec:4fefa92f652d,C:\ISL\archive\Video_Dataset\Video_Dataset\Give\WIN_20231103_11_01_17_Pro.mp4,data/processed/landmarks/islwords/GIVE/ce9918103e84.npz,114,30.0,3.8,1.0,1.0,,train
68ab90976313,GIVE,islwords,video,,islwords:rec:adcae30ea460,C:\ISL\archive\Video_Dataset\Video_Dataset\Give\WIN_20231103_11_01_36_Pro.mp4,data/processed/landmarks/islwords/GIVE/68ab90976313.npz,122,30.0,4.067,1.0,1.0,,train
52093b04d2c5,GIVE,islwords,video,,islwords:rec:d3982a7b6e23,C:\ISL\archive\Video_Dataset\Video_Dataset\Give\WIN_20231103_11_01_41_Pro.mp4,data/processed/landmarks/islwords/GIVE/52093b04d2c5.npz,109,30.0,3.633,1.0,1.0,,train
79067cde1916,GIVE,islwords,video,,islwords:rec:4f6645ae7384,C:\ISL\archive\Video_Dataset\Video_Dataset\Give\WIN_20231103_11_01_46_Pro.mp4,data/processed/landmarks/islwords/GIVE/79067cde1916.npz,114,30.0,3.8,1.0,1.0,,train
3f623de15b90,GIVE,islwords,video,,islwords:rec:766fa1e39141,C:\ISL\archive\Video_Dataset\Video_Dataset\Give\WIN_20231103_11_01_51_Pro.mp4,data/processed/landmarks/islwords/GIVE/3f623de15b90.npz,118,30.0,3.933,1.0,1.0,,train
3f37f8076133,GIVE,islwords,video,,islwords:rec:9290b41c036c,C:\ISL\archive\Video_Dataset\Video_Dataset\Give\WIN_20231103_11_01_56_Pro.mp4,data/processed/landmarks/islwords/GIVE/3f37f8076133.npz,111,30.0,3.7,1.0,1.0,,train
32746e955a31,GIVE,islwords,video,,islwords:rec:305bd74e9539,C:\ISL\archive\Video_Dataset\Video_Dataset\Give\WIN_20231103_11_02_22_Pro.mp4,data/processed/landmarks/islwords/GIVE/32746e955a31.npz,128,30.0,4.267,1.0,1.0,,train
7c40c80027e6,GIVE,islwords,video,,islwords:rec:2d2533fa0572,C:\ISL\archive\Video_Dataset\Video_Dataset\Give\WIN_20231103_11_02_28_Pro.mp4,data/processed/landmarks/islwords/GIVE/7c40c80027e6.npz,122,30.0,4.067,1.0,1.0,,train
d934c93bb130,GIVE,islwords,video,,islwords:rec:9c112eceb712,C:\ISL\archive\Video_Dataset\Video_Dataset\Give\WIN_20231103_11_02_34_Pro.mp4,data/processed/landmarks/islwords/GIVE/d934c93bb130.npz,116,30.0,3.867,1.0,1.0,,train
3ee339b6d18a,GIVE,islwords,video,,islwords:rec:919dcbf95557,C:\ISL\archive\Video_Dataset\Video_Dataset\Give\WIN_20231103_11_02_40_Pro.mp4,data/processed/landmarks/islwords/GIVE/3ee339b6d18a.npz,105,30.0,3.5,1.0,1.0,,train
beea0662a3cb,GIVE,islwords,video,,islwords:rec:1d5b37dccc34,C:\ISL\archive\Video_Dataset\Video_Dataset\Give\WIN_20231103_11_02_45_Pro.mp4,data/processed/landmarks/islwords/GIVE/beea0662a3cb.npz,104,30.0,3.467,1.0,1.0,,train
77d4ff4156d4,GOOD_AFTERNOON,islwords,video,,islwords:rec:4fc5c7b5c386,C:\ISL\archive\Video_Dataset\Video_Dataset\Good afternoon\WIN_20231103_13_08_56_Pro.mp4,data/processed/landmarks/islwords/GOOD_AFTERNOON/77d4ff4156d4.npz,146,30.0,4.867,1.0,1.0,,train
808e1d879918,GOOD_AFTERNOON,islwords,video,,islwords:rec:9cf97d843969,C:\ISL\archive\Video_Dataset\Video_Dataset\Good afternoon\WIN_20231103_13_09_09_Pro.mp4,data/processed/landmarks/islwords/GOOD_AFTERNOON/808e1d879918.npz,138,30.0,4.6,1.0,1.0,,train
6c7bc54b62c3,GOOD_AFTERNOON,islwords,video,,islwords:rec:e3aa622059e7,C:\ISL\archive\Video_Dataset\Video_Dataset\Good afternoon\WIN_20231103_13_09_15_Pro.mp4,data/processed/landmarks/islwords/GOOD_AFTERNOON/6c7bc54b62c3.npz,120,30.0,4.0,1.0,1.0,,train
e7dc747a306c,GOOD_AFTERNOON,islwords,video,,islwords:rec:886f391e7e30,C:\ISL\archive\Video_Dataset\Video_Dataset\Good afternoon\WIN_20231103_13_09_24_Pro.mp4,data/processed/landmarks/islwords/GOOD_AFTERNOON/e7dc747a306c.npz,116,30.0,3.867,1.0,1.0,,train
393f5b38e74a,GOOD_AFTERNOON,islwords,video,,islwords:rec:9a9936afb041,C:\ISL\archive\Video_Dataset\Video_Dataset\Good afternoon\WIN_20231103_13_09_46_Pro.mp4,data/processed/landmarks/islwords/GOOD_AFTERNOON/393f5b38e74a.npz,163,30.0,5.433,1.0,1.0,,train
9269c5ba25b7,GOOD_AFTERNOON,islwords,video,,islwords:rec:b7e479dc1d49,C:\ISL\archive\Video_Dataset\Video_Dataset\Good afternoon\WIN_20231103_13_09_53_Pro.mp4,data/processed/landmarks/islwords/GOOD_AFTERNOON/9269c5ba25b7.npz,159,30.0,5.3,1.0,1.0,,train
734df3b896c7,GOOD_AFTERNOON,islwords,video,,islwords:rec:d98e6b82c9e8,C:\ISL\archive\Video_Dataset\Video_Dataset\Good afternoon\WIN_20231103_13_10_01_Pro.mp4,data/processed/landmarks/islwords/GOOD_AFTERNOON/734df3b896c7.npz,145,30.0,4.833,1.0,1.0,,train
ec7508d337f1,GOOD_AFTERNOON,islwords,video,,islwords:rec:338c11dac2ba,C:\ISL\archive\Video_Dataset\Video_Dataset\Good afternoon\WIN_20231103_13_11_01_Pro.mp4,data/processed/landmarks/islwords/GOOD_AFTERNOON/ec7508d337f1.npz,147,30.0,4.9,1.0,1.0,,train
338a853c1ab6,GOOD_AFTERNOON,islwords,video,,islwords:rec:b4cf67b1a43b,C:\ISL\archive\Video_Dataset\Video_Dataset\Good afternoon\WIN_20231103_13_11_19_Pro.mp4,data/processed/landmarks/islwords/GOOD_AFTERNOON/338a853c1ab6.npz,171,30.0,5.7,1.0,1.0,,train
24d64959d8c3,GOOD_AFTERNOON,islwords,video,,islwords:rec:be375338975e,C:\ISL\archive\Video_Dataset\Video_Dataset\Good afternoon\WIN_20231103_13_11_29_Pro.mp4,data/processed/landmarks/islwords/GOOD_AFTERNOON/24d64959d8c3.npz,182,30.0,6.067,1.0,1.0,,train
46d049a7c2ea,GOOD_AFTERNOON,islwords,video,,islwords:rec:2b1f68309008,C:\ISL\archive\Video_Dataset\Video_Dataset\Good afternoon\WIN_20231103_13_11_43_Pro.mp4,data/processed/landmarks/islwords/GOOD_AFTERNOON/46d049a7c2ea.npz,176,30.0,5.867,1.0,1.0,,train
f6f9ebb1e7bb,GOOD_AFTERNOON,islwords,video,,islwords:rec:e68071148886,C:\ISL\archive\Video_Dataset\Video_Dataset\Good afternoon\WIN_20231103_13_11_50_Pro.mp4,data/processed/landmarks/islwords/GOOD_AFTERNOON/f6f9ebb1e7bb.npz,198,30.0,6.6,1.0,1.0,,train
b40981ed0426,GOOD_AFTERNOON,islwords,video,,islwords:rec:800dae7fef3e,C:\ISL\archive\Video_Dataset\Video_Dataset\Good afternoon\WIN_20231103_13_11_58_Pro.mp4,data/processed/landmarks/islwords/GOOD_AFTERNOON/b40981ed0426.npz,196,30.0,6.533,1.0,1.0,,train
28116b3e7c28,GOOD_AFTERNOON,islwords,video,,islwords:rec:2b5987610b39,C:\ISL\archive\Video_Dataset\Video_Dataset\Good afternoon\WIN_20231103_13_45_45_Pro.mp4,data/processed/landmarks/islwords/GOOD_AFTERNOON/28116b3e7c28.npz,164,30.0,5.467,1.0,1.0,,train
268bc731f35e,GOOD_AFTERNOON,islwords,video,,islwords:rec:e5ac0ee95355,C:\ISL\archive\Video_Dataset\Video_Dataset\Good afternoon\WIN_20231103_13_46_33_Pro.mp4,data/processed/landmarks/islwords/GOOD_AFTERNOON/268bc731f35e.npz,180,30.0,6.0,1.0,1.0,,train
a6024a031c2d,GOOD_AFTERNOON,islwords,video,,islwords:rec:82d21ea50cc1,C:\ISL\archive\Video_Dataset\Video_Dataset\Good afternoon\WIN_20231103_13_46_41_Pro.mp4,data/processed/landmarks/islwords/GOOD_AFTERNOON/a6024a031c2d.npz,153,30.0,5.1,1.0,1.0,,train
07a0046d11ff,GOOD_AFTERNOON,islwords,video,,islwords:rec:686f244893f0,C:\ISL\archive\Video_Dataset\Video_Dataset\Good afternoon\WIN_20231103_13_46_48_Pro.mp4,data/processed/landmarks/islwords/GOOD_AFTERNOON/07a0046d11ff.npz,136,30.0,4.533,1.0,1.0,,train
950aaf851e0e,GOOD_MORNING,islwords,video,,islwords:rec:995b37875737,C:\ISL\archive\Video_Dataset\Video_Dataset\Good Morning\WIN_20231103_13_17_04_Pro.mp4,data/processed/landmarks/islwords/GOOD_MORNING/950aaf851e0e.npz,156,30.0,5.2,1.0,1.0,,train
0b59175d831e,GOOD_MORNING,islwords,video,,islwords:rec:5010b4034926,C:\ISL\archive\Video_Dataset\Video_Dataset\Good Morning\WIN_20231103_13_17_24_Pro.mp4,data/processed/landmarks/islwords/GOOD_MORNING/0b59175d831e.npz,137,30.0,4.567,1.0,1.0,,train
0618e7d44bf7,GOOD_MORNING,islwords,video,,islwords:rec:96ccf9d18b35,C:\ISL\archive\Video_Dataset\Video_Dataset\Good Morning\WIN_20231103_13_17_43_Pro.mp4,data/processed/landmarks/islwords/GOOD_MORNING/0618e7d44bf7.npz,149,30.0,4.967,1.0,1.0,,train
3fd1df985c2f,GOOD_MORNING,islwords,video,,islwords:rec:f62ec677b062,C:\ISL\archive\Video_Dataset\Video_Dataset\Good Morning\WIN_20231103_13_17_49_Pro.mp4,data/processed/landmarks/islwords/GOOD_MORNING/3fd1df985c2f.npz,150,30.0,5.0,1.0,1.0,,train
d9d12961bf3d,GOOD_MORNING,islwords,video,,islwords:rec:30b6ae98c077,C:\ISL\archive\Video_Dataset\Video_Dataset\Good Morning\WIN_20231103_13_18_25_Pro.mp4,data/processed/landmarks/islwords/GOOD_MORNING/d9d12961bf3d.npz,128,30.0,4.267,1.0,1.0,,train
87bb49ed16bf,GOOD_MORNING,islwords,video,,islwords:rec:9b7cd24f638f,C:\ISL\archive\Video_Dataset\Video_Dataset\Good Morning\WIN_20231103_13_18_31_Pro.mp4,data/processed/landmarks/islwords/GOOD_MORNING/87bb49ed16bf.npz,148,30.0,4.933,1.0,1.0,,train
7d64b8daf725,GOOD_MORNING,islwords,video,,islwords:rec:ca21fb8a1d91,C:\ISL\archive\Video_Dataset\Video_Dataset\Good Morning\WIN_20231103_13_18_37_Pro.mp4,data/processed/landmarks/islwords/GOOD_MORNING/7d64b8daf725.npz,140,30.0,4.667,1.0,1.0,,train
7b549ee2e7e2,GOOD_MORNING,islwords,video,,islwords:rec:ecc857ff546c,C:\ISL\archive\Video_Dataset\Video_Dataset\Good Morning\WIN_20231103_13_18_44_Pro.mp4,data/processed/landmarks/islwords/GOOD_MORNING/7b549ee2e7e2.npz,149,30.0,4.967,1.0,1.0,,train
0428a849f9e5,GOOD_MORNING,islwords,video,,islwords:rec:723cad4e7a35,C:\ISL\archive\Video_Dataset\Video_Dataset\Good Morning\WIN_20231103_13_19_35_Pro.mp4,data/processed/landmarks/islwords/GOOD_MORNING/0428a849f9e5.npz,171,30.0,5.7,1.0,1.0,,train
d4a5d59cccc2,GOOD_MORNING,islwords,video,,islwords:rec:e5db8c75cabb,C:\ISL\archive\Video_Dataset\Video_Dataset\Good Morning\WIN_20231103_13_19_46_Pro.mp4,data/processed/landmarks/islwords/GOOD_MORNING/d4a5d59cccc2.npz,202,30.0,6.733,1.0,1.0,,train
4a121116de12,GOOD_MORNING,islwords,video,,islwords:rec:24af8fef3599,C:\ISL\archive\Video_Dataset\Video_Dataset\Good Morning\WIN_20231103_13_20_27_Pro.mp4,data/processed/landmarks/islwords/GOOD_MORNING/4a121116de12.npz,181,30.0,6.033,1.0,1.0,,train
130f41a9a00d,GOOD_MORNING,islwords,video,,islwords:rec:d928bcbdf401,C:\ISL\archive\Video_Dataset\Video_Dataset\Good Morning\WIN_20231103_13_20_36_Pro.mp4,data/processed/landmarks/islwords/GOOD_MORNING/130f41a9a00d.npz,183,30.0,6.1,1.0,1.0,,train
95fdcae5d34e,GOOD_MORNING,islwords,video,,islwords:rec:30d00ff682d9,C:\ISL\archive\Video_Dataset\Video_Dataset\Good Morning\WIN_20231103_13_49_57_Pro.mp4,data/processed/landmarks/islwords/GOOD_MORNING/95fdcae5d34e.npz,137,30.0,4.567,1.0,1.0,,train
0a9df62d756a,GOOD_MORNING,islwords,video,,islwords:rec:1b7c10c5b3de,C:\ISL\archive\Video_Dataset\Video_Dataset\Good Morning\WIN_20231103_13_50_03_Pro.mp4,data/processed/landmarks/islwords/GOOD_MORNING/0a9df62d756a.npz,153,30.0,5.1,1.0,1.0,,train
60bf9f29582e,GOOD_MORNING,islwords,video,,islwords:rec:b3978aeae29d,C:\ISL\archive\Video_Dataset\Video_Dataset\Good Morning\WIN_20231103_13_50_15_Pro.mp4,data/processed/landmarks/islwords/GOOD_MORNING/60bf9f29582e.npz,139,30.0,4.633,1.0,1.0,,train
fa8db2f06322,GOOD_MORNING,islwords,video,,islwords:rec:ed9916aade6b,C:\ISL\archive\Video_Dataset\Video_Dataset\Good Morning\WIN_20231103_13_50_22_Pro.mp4,data/processed/landmarks/islwords/GOOD_MORNING/fa8db2f06322.npz,126,30.0,4.2,1.0,1.0,,train
dd644249e568,GOOD_MORNING,islwords,video,,islwords:rec:a2d47de814dd,C:\ISL\archive\Video_Dataset\Video_Dataset\Good Morning\WIN_20231103_13_50_28_Pro.mp4,data/processed/landmarks/islwords/GOOD_MORNING/dd644249e568.npz,134,30.0,4.467,1.0,1.0,,train
eb3e0c26bc98,HELLO,islwords,video,,islwords:rec:93a3421cd493,C:\ISL\archive\Video_Dataset\Video_Dataset\Hello\WIN_20231103_13_22_45_Pro.mp4,data/processed/landmarks/islwords/HELLO/eb3e0c26bc98.npz,118,30.0,3.933,1.0,1.0,,train
34abac8d5ef4,HELLO,islwords,video,,islwords:rec:61ecd1405dac,C:\ISL\archive\Video_Dataset\Video_Dataset\Hello\WIN_20231103_13_22_54_Pro.mp4,data/processed/landmarks/islwords/HELLO/34abac8d5ef4.npz,122,30.0,4.067,1.0,1.0,,train
91cb4e5ad7ce,HELLO,islwords,video,,islwords:rec:2ef8817dca7a,C:\ISL\archive\Video_Dataset\Video_Dataset\Hello\WIN_20231103_13_23_00_Pro.mp4,data/processed/landmarks/islwords/HELLO/91cb4e5ad7ce.npz,144,30.0,4.8,1.0,1.0,,train
d9267ec57cfd,HELLO,islwords,video,,islwords:rec:ecff4e041c8f,C:\ISL\archive\Video_Dataset\Video_Dataset\Hello\WIN_20231103_13_23_06_Pro.mp4,data/processed/landmarks/islwords/HELLO/d9267ec57cfd.npz,139,30.0,4.633,1.0,1.0,,train
0c7cc890340c,HELLO,islwords,video,,islwords:rec:4800965eebb7,C:\ISL\archive\Video_Dataset\Video_Dataset\Hello\WIN_20231103_13_23_13_Pro.mp4,data/processed/landmarks/islwords/HELLO/0c7cc890340c.npz,138,30.0,4.6,1.0,1.0,,train
e94eac80d0a7,HELLO,islwords,video,,islwords:rec:25ecad7c859f,C:\ISL\archive\Video_Dataset\Video_Dataset\Hello\WIN_20231103_13_23_41_Pro.mp4,data/processed/landmarks/islwords/HELLO/e94eac80d0a7.npz,117,30.0,3.9,1.0,1.0,,train
d23c6deaefa1,HELLO,islwords,video,,islwords:rec:22a47eab9f9f,C:\ISL\archive\Video_Dataset\Video_Dataset\Hello\WIN_20231103_13_23_47_Pro.mp4,data/processed/landmarks/islwords/HELLO/d23c6deaefa1.npz,126,30.0,4.2,1.0,1.0,,train
d096495d4bd9,HELLO,islwords,video,,islwords:rec:5ccec0f4d84a,C:\ISL\archive\Video_Dataset\Video_Dataset\Hello\WIN_20231103_13_23_52_Pro.mp4,data/processed/landmarks/islwords/HELLO/d096495d4bd9.npz,127,30.0,4.233,1.0,1.0,,train
ea116d2cad27,HELLO,islwords,video,,islwords:rec:87ac51900b56,C:\ISL\archive\Video_Dataset\Video_Dataset\Hello\WIN_20231103_13_23_58_Pro.mp4,data/processed/landmarks/islwords/HELLO/ea116d2cad27.npz,123,30.0,4.1,1.0,1.0,,train
054cd071ed09,HELLO,islwords,video,,islwords:rec:01ab3297b65f,C:\ISL\archive\Video_Dataset\Video_Dataset\Hello\WIN_20231103_13_24_03_Pro.mp4,data/processed/landmarks/islwords/HELLO/054cd071ed09.npz,115,30.0,3.833,1.0,1.0,,train
3f1c0566c602,HELLO,islwords,video,,islwords:rec:041b98e6bd4f,C:\ISL\archive\Video_Dataset\Video_Dataset\Hello\WIN_20231103_13_24_31_Pro.mp4,data/processed/landmarks/islwords/HELLO/3f1c0566c602.npz,118,30.0,3.933,1.0,1.0,,train
c5eeaefe895d,HELLO,islwords,video,,islwords:rec:3df450fe2cec,C:\ISL\archive\Video_Dataset\Video_Dataset\Hello\WIN_20231103_13_24_38_Pro.mp4,data/processed/landmarks/islwords/HELLO/c5eeaefe895d.npz,133,30.0,4.433,1.0,1.0,,train
a9a5d6335dd9,HELLO,islwords,video,,islwords:rec:9228af814001,C:\ISL\archive\Video_Dataset\Video_Dataset\Hello\WIN_20231103_13_24_44_Pro.mp4,data/processed/landmarks/islwords/HELLO/a9a5d6335dd9.npz,123,30.0,4.1,1.0,1.0,,train
3dc870448f2b,HELLO,islwords,video,,islwords:rec:54079d0cd49f,C:\ISL\archive\Video_Dataset\Video_Dataset\Hello\WIN_20231103_13_24_49_Pro.mp4,data/processed/landmarks/islwords/HELLO/3dc870448f2b.npz,119,30.0,3.967,1.0,1.0,,train
b402f936b3a3,HELLO,islwords,video,,islwords:rec:c5442fff131f,C:\ISL\archive\Video_Dataset\Video_Dataset\Hello\WIN_20231103_13_51_16_Pro.mp4,data/processed/landmarks/islwords/HELLO/b402f936b3a3.npz,117,30.0,3.9,1.0,1.0,,train
8e0a2461d626,HELLO,islwords,video,,islwords:rec:cda8124513ce,C:\ISL\archive\Video_Dataset\Video_Dataset\Hello\WIN_20231103_13_51_28_Pro.mp4,data/processed/landmarks/islwords/HELLO/8e0a2461d626.npz,147,30.0,4.9,1.0,1.0,,train
55abd0904bbb,HELLO,islwords,video,,islwords:rec:7f1bfd394dea,C:\ISL\archive\Video_Dataset\Video_Dataset\Hello\WIN_20231103_13_51_41_Pro.mp4,data/processed/landmarks/islwords/HELLO/55abd0904bbb.npz,99,30.0,3.3,1.0,1.0,,train
f41febd2d707,HUG,islwords,video,,islwords:rec:0213ca156340,C:\ISL\archive\Video_Dataset\Video_Dataset\Hug\WIN_20230831_14_29_46_Pro.mp4,data/processed/landmarks/islwords/HUG/f41febd2d707.npz,125,30.0,4.167,1.0,1.0,,train
f31885814a03,HUG,islwords,video,,islwords:rec:8b46cdd940c6,C:\ISL\archive\Video_Dataset\Video_Dataset\Hug\WIN_20230831_14_29_58_Pro.mp4,data/processed/landmarks/islwords/HUG/f31885814a03.npz,143,30.0,4.767,1.0,1.0,,train
16fd27466cbc,HUG,islwords,video,,islwords:rec:eecc0d5c44f1,C:\ISL\archive\Video_Dataset\Video_Dataset\Hug\WIN_20230831_14_33_08_Pro.mp4,data/processed/landmarks/islwords/HUG/16fd27466cbc.npz,144,30.0,4.8,1.0,1.0,,train
535b9d1d32de,HUG,islwords,video,,islwords:rec:e4aaf570d7cd,C:\ISL\archive\Video_Dataset\Video_Dataset\Hug\WIN_20230831_14_33_15_Pro.mp4,data/processed/landmarks/islwords/HUG/535b9d1d32de.npz,126,30.0,4.2,1.0,1.0,,train
1948ee6b3317,HUG,islwords,video,,islwords:rec:b17334df9509,C:\ISL\archive\Video_Dataset\Video_Dataset\Hug\WIN_20230831_14_36_40_Pro.mp4,data/processed/landmarks/islwords/HUG/1948ee6b3317.npz,160,30.0,5.333,1.0,1.0,,train
345117db9f9d,HUG,islwords,video,,islwords:rec:4e3f7a8a888a,C:\ISL\archive\Video_Dataset\Video_Dataset\Hug\WIN_20230831_14_36_48_Pro.mp4,data/processed/landmarks/islwords/HUG/345117db9f9d.npz,145,30.0,4.833,1.0,1.0,,train
41d0702241d8,HUG,islwords,video,,islwords:rec:5f06805d0e9a,C:\ISL\archive\Video_Dataset\Video_Dataset\Hug\WIN_20230831_14_36_55_Pro.mp4,data/processed/landmarks/islwords/HUG/41d0702241d8.npz,138,30.0,4.6,1.0,1.0,,train
460ce3f871a5,HUG,islwords,video,,islwords:rec:dbceca4d6171,C:\ISL\archive\Video_Dataset\Video_Dataset\Hug\WIN_20230831_14_37_02_Pro.mp4,data/processed/landmarks/islwords/HUG/460ce3f871a5.npz,128,30.0,4.267,0.9922,1.0,,train
b21c59bf8e92,HUG,islwords,video,,islwords:rec:fed2b5b2e29e,C:\ISL\archive\Video_Dataset\Video_Dataset\Hug\WIN_20230831_14_37_09_Pro.mp4,data/processed/landmarks/islwords/HUG/b21c59bf8e92.npz,131,30.0,4.367,1.0,1.0,,train
8fa889db0b91,HUG,islwords,video,,islwords:rec:9e19c93282fa,C:\ISL\archive\Video_Dataset\Video_Dataset\Hug\WIN_20230831_14_39_13_Pro.mp4,data/processed/landmarks/islwords/HUG/8fa889db0b91.npz,183,30.0,6.1,0.9945,1.0,,train
fe65bb1ec408,HUG,islwords,video,,islwords:rec:aa5ec677c3ab,C:\ISL\archive\Video_Dataset\Video_Dataset\Hug\WIN_20230831_14_39_28_Pro.mp4,data/processed/landmarks/islwords/HUG/fe65bb1ec408.npz,205,30.0,6.833,0.9317,1.0,,train
1d9095c7795b,HUG,islwords,video,,islwords:rec:390d66d1cd6f,C:\ISL\archive\Video_Dataset\Video_Dataset\Hug\WIN_20230831_14_39_39_Pro.mp4,data/processed/landmarks/islwords/HUG/1d9095c7795b.npz,202,30.0,6.733,0.9554,1.0,,train
4e9db73f414b,HUG,islwords,video,,islwords:rec:7ffd06e16ec1,C:\ISL\archive\Video_Dataset\Video_Dataset\Hug\WIN_20230831_14_39_48_Pro.mp4,data/processed/landmarks/islwords/HUG/4e9db73f414b.npz,216,30.0,7.2,0.8843,1.0,,train
d3566f59e352,INJURY,islwords,video,,islwords:rec:c0321db0bf9d,C:\ISL\archive\Video_Dataset\Video_Dataset\Injury\WIN_20230831_14_19_20_Pro.mp4,data/processed/landmarks/islwords/INJURY/d3566f59e352.npz,114,30.0,3.8,0.9912,1.0,,train
9350590b7d28,INJURY,islwords,video,,islwords:rec:4b825dfc5ee2,C:\ISL\archive\Video_Dataset\Video_Dataset\Injury\WIN_20230831_14_19_32_Pro.mp4,data/processed/landmarks/islwords/INJURY/9350590b7d28.npz,136,30.0,4.533,1.0,1.0,,train
96e84c079aed,INJURY,islwords,video,,islwords:rec:96035bcba6a5,C:\ISL\archive\Video_Dataset\Video_Dataset\Injury\WIN_20230831_14_19_37_Pro.mp4,data/processed/landmarks/islwords/INJURY/96e84c079aed.npz,136,30.0,4.533,1.0,1.0,,train
57a61a4cb30d,INJURY,islwords,video,,islwords:rec:4d9876fee5c6,C:\ISL\archive\Video_Dataset\Video_Dataset\Injury\WIN_20230831_14_20_27_Pro.mp4,data/processed/landmarks/islwords/INJURY/57a61a4cb30d.npz,142,30.0,4.733,0.993,1.0,,train
dcc790cb5fd7,INJURY,islwords,video,,islwords:rec:2a022bd6ff83,C:\ISL\archive\Video_Dataset\Video_Dataset\Injury\WIN_20230831_14_21_03_Pro.mp4,data/processed/landmarks/islwords/INJURY/dcc790cb5fd7.npz,137,30.0,4.567,1.0,1.0,,train
16ea4b1904b5,INJURY,islwords,video,,islwords:rec:db21d7430697,C:\ISL\archive\Video_Dataset\Video_Dataset\Injury\WIN_20230831_14_21_11_Pro.mp4,data/processed/landmarks/islwords/INJURY/16ea4b1904b5.npz,137,30.0,4.567,1.0,1.0,,train
2cabbee2a428,INJURY,islwords,video,,islwords:rec:d8943f1b7daa,C:\ISL\archive\Video_Dataset\Video_Dataset\Injury\WIN_20230831_14_21_17_Pro.mp4,data/processed/landmarks/islwords/INJURY/2cabbee2a428.npz,129,30.0,4.3,1.0,1.0,,train
848315fd4464,INJURY,islwords,video,,islwords:rec:40dc0ba0f583,C:\ISL\archive\Video_Dataset\Video_Dataset\Injury\WIN_20230831_14_21_25_Pro.mp4,data/processed/landmarks/islwords/INJURY/848315fd4464.npz,123,30.0,4.1,1.0,1.0,,train
4a06f39872da,INJURY,islwords,video,,islwords:rec:b328cf2a9024,C:\ISL\archive\Video_Dataset\Video_Dataset\Injury\WIN_20230831_14_26_25_Pro.mp4,data/processed/landmarks/islwords/INJURY/4a06f39872da.npz,138,30.0,4.6,1.0,1.0,,train
43271b9bb4d1,INJURY,islwords,video,,islwords:rec:a08a83bae439,C:\ISL\archive\Video_Dataset\Video_Dataset\Injury\WIN_20230831_14_26_53_Pro.mp4,data/processed/landmarks/islwords/INJURY/43271b9bb4d1.npz,138,30.0,4.6,1.0,1.0,,train
0aabd994f398,INJURY,islwords,video,,islwords:rec:8e9839377ac9,C:\ISL\archive\Video_Dataset\Video_Dataset\Injury\WIN_20230831_14_27_00_Pro.mp4,data/processed/landmarks/islwords/INJURY/0aabd994f398.npz,149,30.0,4.967,1.0,1.0,,train
8d654d9dc1b8,INJURY,islwords,video,,islwords:rec:7e448680ccd1,C:\ISL\archive\Video_Dataset\Video_Dataset\Injury\WIN_20230831_14_27_06_Pro.mp4,data/processed/landmarks/islwords/INJURY/8d654d9dc1b8.npz,150,30.0,5.0,1.0,1.0,,train
50079083e7d7,INJURY,islwords,video,,islwords:rec:2a5491beec92,C:\ISL\archive\Video_Dataset\Video_Dataset\Injury\WIN_20230831_14_27_13_Pro.mp4,data/processed/landmarks/islwords/INJURY/50079083e7d7.npz,145,30.0,4.833,1.0,1.0,,train
1d58facdb879,INTERVIEW,islwords,video,,islwords:rec:74dadbeb9275,C:\ISL\archive\Video_Dataset\Video_Dataset\Interview\WIN_20230901_09_45_57_Pro.mp4,data/processed/landmarks/islwords/INTERVIEW/1d58facdb879.npz,158,30.0,5.267,0.9937,1.0,,train
7a0ca4deec60,INTERVIEW,islwords,video,,islwords:rec:13b31b4c409a,C:\ISL\archive\Video_Dataset\Video_Dataset\Interview\WIN_20230901_09_46_11_Pro.mp4,data/processed/landmarks/islwords/INTERVIEW/7a0ca4deec60.npz,156,30.0,5.2,0.9936,1.0,,train
9fb3d8f629c7,INTERVIEW,islwords,video,,islwords:rec:e205306a096c,C:\ISL\archive\Video_Dataset\Video_Dataset\Interview\WIN_20230901_09_46_18_Pro.mp4,data/processed/landmarks/islwords/INTERVIEW/9fb3d8f629c7.npz,164,30.0,5.467,0.9939,1.0,,train
8600fb437809,INTERVIEW,islwords,video,,islwords:rec:709c17637673,C:\ISL\archive\Video_Dataset\Video_Dataset\Interview\WIN_20230901_09_46_24_Pro.mp4,data/processed/landmarks/islwords/INTERVIEW/8600fb437809.npz,159,30.0,5.3,1.0,1.0,,train
692b0ac5b5f3,INTERVIEW,islwords,video,,islwords:rec:6b25d1d82319,C:\ISL\archive\Video_Dataset\Video_Dataset\Interview\WIN_20230901_09_46_31_Pro.mp4,data/processed/landmarks/islwords/INTERVIEW/692b0ac5b5f3.npz,149,30.0,4.967,0.9933,1.0,,train
be8badc6b78e,INTERVIEW,islwords,video,,islwords:rec:67a837cf52c9,C:\ISL\archive\Video_Dataset\Video_Dataset\Interview\WIN_20230901_09_46_48_Pro.mp4,data/processed/landmarks/islwords/INTERVIEW/be8badc6b78e.npz,135,30.0,4.5,1.0,1.0,,train
658e048550eb,INTERVIEW,islwords,video,,islwords:rec:794c50d708d1,C:\ISL\archive\Video_Dataset\Video_Dataset\Interview\WIN_20230901_09_46_54_Pro.mp4,data/processed/landmarks/islwords/INTERVIEW/658e048550eb.npz,132,30.0,4.4,1.0,1.0,,train
47cc4df945d7,INTERVIEW,islwords,video,,islwords:rec:d96087479786,C:\ISL\archive\Video_Dataset\Video_Dataset\Interview\WIN_20230901_09_47_07_Pro.mp4,data/processed/landmarks/islwords/INTERVIEW/47cc4df945d7.npz,134,30.0,4.467,1.0,1.0,,train
9c1608c78062,INTERVIEW,islwords,video,,islwords:rec:65c4df303b78,C:\ISL\archive\Video_Dataset\Video_Dataset\Interview\WIN_20230901_09_47_14_Pro.mp4,data/processed/landmarks/islwords/INTERVIEW/9c1608c78062.npz,140,30.0,4.667,1.0,1.0,,train
d73454a4b03f,INTERVIEW,islwords,video,,islwords:rec:b99015f2234f,C:\ISL\archive\Video_Dataset\Video_Dataset\Interview\WIN_20230901_09_48_20_Pro.mp4,data/processed/landmarks/islwords/INTERVIEW/d73454a4b03f.npz,145,30.0,4.833,1.0,1.0,,train
df7d7f56a5a1,INTERVIEW,islwords,video,,islwords:rec:cba73a8e6261,C:\ISL\archive\Video_Dataset\Video_Dataset\Interview\WIN_20230901_09_48_33_Pro.mp4,data/processed/landmarks/islwords/INTERVIEW/df7d7f56a5a1.npz,178,30.0,5.933,1.0,1.0,,train
0b7e2a27d8c1,INTERVIEW,islwords,video,,islwords:rec:1b8fb8c34aee,C:\ISL\archive\Video_Dataset\Video_Dataset\Interview\WIN_20230901_09_48_40_Pro.mp4,data/processed/landmarks/islwords/INTERVIEW/0b7e2a27d8c1.npz,168,30.0,5.6,1.0,1.0,,train
1a3a8378f6d4,INTERVIEW,islwords,video,,islwords:rec:a6255cbb8fa6,C:\ISL\archive\Video_Dataset\Video_Dataset\Interview\WIN_20230901_09_48_47_Pro.mp4,data/processed/landmarks/islwords/INTERVIEW/1a3a8378f6d4.npz,168,30.0,5.6,1.0,1.0,,train
6e279f98c3ae,JUMP,islwords,video,,islwords:rec:6f43e27f2d76,C:\ISL\archive\Video_Dataset\Video_Dataset\Jump\WIN_20231103_11_03_33_Pro.mp4,data/processed/landmarks/islwords/JUMP/6e279f98c3ae.npz,162,30.0,5.4,1.0,1.0,,train
2180b27fe3d3,JUMP,islwords,video,,islwords:rec:63b76cc63f97,C:\ISL\archive\Video_Dataset\Video_Dataset\Jump\WIN_20231103_11_03_48_Pro.mp4,data/processed/landmarks/islwords/JUMP/2180b27fe3d3.npz,200,30.0,6.667,1.0,1.0,,train
670429508e22,JUMP,islwords,video,,islwords:rec:6d6368d638f8,C:\ISL\archive\Video_Dataset\Video_Dataset\Jump\WIN_20231103_11_03_56_Pro.mp4,data/processed/landmarks/islwords/JUMP/670429508e22.npz,195,30.0,6.5,1.0,1.0,,train
6a090741d4ea,JUMP,islwords,video,,islwords:rec:236bf34e4fe6,C:\ISL\archive\Video_Dataset\Video_Dataset\Jump\WIN_20231103_11_04_31_Pro.mp4,data/processed/landmarks/islwords/JUMP/6a090741d4ea.npz,180,30.0,6.0,1.0,1.0,,train
7eb537f616ed,JUMP,islwords,video,,islwords:rec:8024fe457684,C:\ISL\archive\Video_Dataset\Video_Dataset\Jump\WIN_20231103_11_04_38_Pro.mp4,data/processed/landmarks/islwords/JUMP/7eb537f616ed.npz,182,30.0,6.067,1.0,1.0,,train
a4c20c02d696,JUMP,islwords,video,,islwords:rec:01998334645c,C:\ISL\archive\Video_Dataset\Video_Dataset\Jump\WIN_20231103_11_04_53_Pro.mp4,data/processed/landmarks/islwords/JUMP/a4c20c02d696.npz,188,30.0,6.267,1.0,1.0,,train
762bdfff4400,JUMP,islwords,video,,islwords:rec:371b6823404d,C:\ISL\archive\Video_Dataset\Video_Dataset\Jump\WIN_20231103_11_05_01_Pro.mp4,data/processed/landmarks/islwords/JUMP/762bdfff4400.npz,196,30.0,6.533,1.0,1.0,,train
b6014ebbb5c0,JUMP,islwords,video,,islwords:rec:1e80123db407,C:\ISL\archive\Video_Dataset\Video_Dataset\Jump\WIN_20231103_11_05_09_Pro.mp4,data/processed/landmarks/islwords/JUMP/b6014ebbb5c0.npz,192,30.0,6.4,1.0,1.0,,train
7b4a47445eed,JUMP,islwords,video,,islwords:rec:d1e0fb533edd,C:\ISL\archive\Video_Dataset\Video_Dataset\Jump\WIN_20231103_11_05_56_Pro.mp4,data/processed/landmarks/islwords/JUMP/7b4a47445eed.npz,298,30.0,9.933,1.0,1.0,,train
806a62b0c4f0,JUMP,islwords,video,,islwords:rec:02efd3230822,C:\ISL\archive\Video_Dataset\Video_Dataset\Jump\WIN_20231103_11_06_14_Pro.mp4,data/processed/landmarks/islwords/JUMP/806a62b0c4f0.npz,268,30.0,8.933,1.0,1.0,,train
30b6af51d8b5,JUMP,islwords,video,,islwords:rec:aaff922b49a5,C:\ISL\archive\Video_Dataset\Video_Dataset\Jump\WIN_20231103_11_06_24_Pro.mp4,data/processed/landmarks/islwords/JUMP/30b6af51d8b5.npz,219,30.0,7.3,1.0,1.0,,train
69d748670927,JUMP,islwords,video,,islwords:rec:5bee130a16b4,C:\ISL\archive\Video_Dataset\Video_Dataset\Jump\WIN_20231103_11_06_33_Pro.mp4,data/processed/landmarks/islwords/JUMP/69d748670927.npz,200,30.0,6.667,1.0,1.0,,train
e11c341a393a,JUMP,islwords,video,,islwords:rec:faf303cc3bd6,C:\ISL\archive\Video_Dataset\Video_Dataset\Jump\WIN_20231103_11_06_40_Pro.mp4,data/processed/landmarks/islwords/JUMP/e11c341a393a.npz,191,30.0,6.367,1.0,1.0,,train
dfc5164b7448,JUMP,islwords,video,,islwords:rec:dcad2e3813ce,C:\ISL\archive\Video_Dataset\Video_Dataset\Jump\WIN_20231103_11_07_02_Pro.mp4,data/processed/landmarks/islwords/JUMP/dfc5164b7448.npz,206,30.0,6.867,1.0,1.0,,train
a2f63444463d,JUMP,islwords,video,,islwords:rec:ec60d94b191b,C:\ISL\archive\Video_Dataset\Video_Dataset\Jump\WIN_20231103_11_07_11_Pro.mp4,data/processed/landmarks/islwords/JUMP/a2f63444463d.npz,206,30.0,6.867,1.0,1.0,,train
93de21747b4f,JUMP,islwords,video,,islwords:rec:f32cca696d16,C:\ISL\archive\Video_Dataset\Video_Dataset\Jump\WIN_20231103_11_07_52_Pro.mp4,data/processed/landmarks/islwords/JUMP/93de21747b4f.npz,198,30.0,6.6,1.0,1.0,,train
188a58e3f427,JUMP,islwords,video,,islwords:rec:9a634bd77a9a,C:\ISL\archive\Video_Dataset\Video_Dataset\Jump\WIN_20231103_11_08_11_Pro.mp4,data/processed/landmarks/islwords/JUMP/188a58e3f427.npz,196,30.0,6.533,1.0,1.0,,train
a11a3f7471a4,KARNATAKA,islwords,video,,islwords:rec:9002f9af3224,C:\ISL\archive\Video_Dataset\Video_Dataset\Karnataka\WIN_20231103_11_14_01_Pro.mp4,data/processed/landmarks/islwords/KARNATAKA/a11a3f7471a4.npz,121,30.0,4.033,1.0,1.0,,train
e0cf4a478572,KARNATAKA,islwords,video,,islwords:rec:55f57b2c6056,C:\ISL\archive\Video_Dataset\Video_Dataset\Karnataka\WIN_20231103_11_14_07_Pro.mp4,data/processed/landmarks/islwords/KARNATAKA/e0cf4a478572.npz,117,30.0,3.9,1.0,1.0,,train
e014b524ece3,KARNATAKA,islwords,video,,islwords:rec:c65c9a66ce4b,C:\ISL\archive\Video_Dataset\Video_Dataset\Karnataka\WIN_20231103_11_14_12_Pro.mp4,data/processed/landmarks/islwords/KARNATAKA/e014b524ece3.npz,135,30.0,4.5,1.0,1.0,,train
3d859702f84d,KARNATAKA,islwords,video,,islwords:rec:e988b7f92a65,C:\ISL\archive\Video_Dataset\Video_Dataset\Karnataka\WIN_20231103_11_14_18_Pro.mp4,data/processed/landmarks/islwords/KARNATAKA/3d859702f84d.npz,100,30.0,3.333,1.0,1.0,,train
1b8d02d802ff,KARNATAKA,islwords,video,,islwords:rec:bcf1d1aba36c,C:\ISL\archive\Video_Dataset\Video_Dataset\Karnataka\WIN_20231103_11_14_57_Pro.mp4,data/processed/landmarks/islwords/KARNATAKA/1b8d02d802ff.npz,158,30.0,5.267,1.0,1.0,,train
34e68ef959c9,KARNATAKA,islwords,video,,islwords:rec:4a3a5d56a042,C:\ISL\archive\Video_Dataset\Video_Dataset\Karnataka\WIN_20231103_11_15_04_Pro.mp4,data/processed/landmarks/islwords/KARNATAKA/34e68ef959c9.npz,160,30.0,5.333,1.0,1.0,,train
9723e7c7262c,KARNATAKA,islwords,video,,islwords:rec:1cc1615adb04,C:\ISL\archive\Video_Dataset\Video_Dataset\Karnataka\WIN_20231103_11_15_20_Pro.mp4,data/processed/landmarks/islwords/KARNATAKA/9723e7c7262c.npz,151,30.0,5.033,1.0,1.0,,train
9a147adaf5b7,KARNATAKA,islwords,video,,islwords:rec:0b86edc8bc92,C:\ISL\archive\Video_Dataset\Video_Dataset\Karnataka\WIN_20231103_11_15_26_Pro.mp4,data/processed/landmarks/islwords/KARNATAKA/9a147adaf5b7.npz,168,30.0,5.6,1.0,1.0,,train
c2142d58163f,KARNATAKA,islwords,video,,islwords:rec:f613fca2a835,C:\ISL\archive\Video_Dataset\Video_Dataset\Karnataka\WIN_20231103_11_15_50_Pro.mp4,data/processed/landmarks/islwords/KARNATAKA/c2142d58163f.npz,147,30.0,4.9,1.0,1.0,,train
04e31597a56b,KARNATAKA,islwords,video,,islwords:rec:fda2f0205053,C:\ISL\archive\Video_Dataset\Video_Dataset\Karnataka\WIN_20231103_11_15_56_Pro.mp4,data/processed/landmarks/islwords/KARNATAKA/04e31597a56b.npz,143,30.0,4.767,1.0,1.0,,train
338935dc218b,KARNATAKA,islwords,video,,islwords:rec:ff221aaddbb9,C:\ISL\archive\Video_Dataset\Video_Dataset\Karnataka\WIN_20231103_11_16_02_Pro.mp4,data/processed/landmarks/islwords/KARNATAKA/338935dc218b.npz,144,30.0,4.8,1.0,1.0,,train
4c24fe55a505,KARNATAKA,islwords,video,,islwords:rec:a8e71e19bff3,C:\ISL\archive\Video_Dataset\Video_Dataset\Karnataka\WIN_20231103_11_16_08_Pro.mp4,data/processed/landmarks/islwords/KARNATAKA/4c24fe55a505.npz,146,30.0,4.867,1.0,1.0,,train
4bdf4e6a00c1,KARNATAKA,islwords,video,,islwords:rec:66badf1d6ee1,C:\ISL\archive\Video_Dataset\Video_Dataset\Karnataka\WIN_20231103_11_16_43_Pro.mp4,data/processed/landmarks/islwords/KARNATAKA/4bdf4e6a00c1.npz,137,30.0,4.567,1.0,1.0,,train
f1f1e0c267db,KARNATAKA,islwords,video,,islwords:rec:724a021da7f4,C:\ISL\archive\Video_Dataset\Video_Dataset\Karnataka\WIN_20231103_11_16_51_Pro.mp4,data/processed/landmarks/islwords/KARNATAKA/f1f1e0c267db.npz,144,30.0,4.8,1.0,1.0,,train
c314fdbc4dd0,KARNATAKA,islwords,video,,islwords:rec:cc1d62e2763e,C:\ISL\archive\Video_Dataset\Video_Dataset\Karnataka\WIN_20231103_11_16_58_Pro.mp4,data/processed/landmarks/islwords/KARNATAKA/c314fdbc4dd0.npz,123,30.0,4.1,1.0,1.0,,train
a555bdc68cfd,KARNATAKA,islwords,video,,islwords:rec:2b3c1a622ae7,C:\ISL\archive\Video_Dataset\Video_Dataset\Karnataka\WIN_20231103_11_17_04_Pro.mp4,data/processed/landmarks/islwords/KARNATAKA/a555bdc68cfd.npz,109,30.0,3.633,1.0,1.0,,train
987a90fbbdc7,KARNATAKA,islwords,video,,islwords:rec:cbf266546ac2,C:\ISL\archive\Video_Dataset\Video_Dataset\Karnataka\WIN_20231103_11_17_10_Pro.mp4,data/processed/landmarks/islwords/KARNATAKA/987a90fbbdc7.npz,126,30.0,4.2,1.0,1.0,,train
81c25a651a62,KEY,islwords,video,,islwords:rec:be3c79f01001,C:\ISL\archive\Video_Dataset\Video_Dataset\Key\WIN_20230901_09_22_12_Pro.mp4,data/processed/landmarks/islwords/KEY/81c25a651a62.npz,124,30.0,4.133,1.0,1.0,,train
01736dd8694a,KEY,islwords,video,,islwords:rec:7a5c3d4f9eea,C:\ISL\archive\Video_Dataset\Video_Dataset\Key\WIN_20230901_09_22_19_Pro.mp4,data/processed/landmarks/islwords/KEY/01736dd8694a.npz,136,30.0,4.533,1.0,1.0,,train
a878f2dab2de,KEY,islwords,video,,islwords:rec:d93c4941ba63,C:\ISL\archive\Video_Dataset\Video_Dataset\Key\WIN_20230901_09_22_42_Pro.mp4,data/processed/landmarks/islwords/KEY/a878f2dab2de.npz,116,30.0,3.867,1.0,1.0,,train
3eff9b2fd6a5,KEY,islwords,video,,islwords:rec:65123e359a93,C:\ISL\archive\Video_Dataset\Video_Dataset\Key\WIN_20230901_09_22_47_Pro.mp4,data/processed/landmarks/islwords/KEY/3eff9b2fd6a5.npz,126,30.0,4.2,1.0,1.0,,train
aed7a1358574,KEY,islwords,video,,islwords:rec:c57c206a72ec,C:\ISL\archive\Video_Dataset\Video_Dataset\Key\WIN_20230901_09_22_52_Pro.mp4,data/processed/landmarks/islwords/KEY/aed7a1358574.npz,127,30.0,4.233,1.0,1.0,,train
9b05042ca2dc,KEY,islwords,video,,islwords:rec:f29ef0b8cb4f,C:\ISL\archive\Video_Dataset\Video_Dataset\Key\WIN_20230901_09_23_19_Pro.mp4,data/processed/landmarks/islwords/KEY/9b05042ca2dc.npz,134,30.0,4.467,1.0,1.0,,train
97c0afc0c286,KEY,islwords,video,,islwords:rec:2d18087da18c,C:\ISL\archive\Video_Dataset\Video_Dataset\Key\WIN_20230901_09_23_26_Pro.mp4,data/processed/landmarks/islwords/KEY/97c0afc0c286.npz,128,30.0,4.267,1.0,1.0,,train
fbb291b5fd26,KEY,islwords,video,,islwords:rec:502a39086e8a,C:\ISL\archive\Video_Dataset\Video_Dataset\Key\WIN_20230901_09_23_40_Pro.mp4,data/processed/landmarks/islwords/KEY/fbb291b5fd26.npz,127,30.0,4.233,1.0,1.0,,train
79c18f550be8,KEY,islwords,video,,islwords:rec:1306d2d798ca,C:\ISL\archive\Video_Dataset\Video_Dataset\Key\WIN_20230901_09_23_46_Pro.mp4,data/processed/landmarks/islwords/KEY/79c18f550be8.npz,119,30.0,3.967,1.0,1.0,,train
4ea34d2f272a,KEY,islwords,video,,islwords:rec:b51c40e7d413,C:\ISL\archive\Video_Dataset\Video_Dataset\Key\WIN_20230901_09_24_01_Pro.mp4,data/processed/landmarks/islwords/KEY/4ea34d2f272a.npz,170,30.0,5.667,1.0,1.0,,train
fdee949f6eb7,KEY,islwords,video,,islwords:rec:b0789f1e262d,C:\ISL\archive\Video_Dataset\Video_Dataset\Key\WIN_20230901_09_24_15_Pro.mp4,data/processed/landmarks/islwords/KEY/fdee949f6eb7.npz,186,30.0,6.2,1.0,1.0,,train
44227380d3c8,KEY,islwords,video,,islwords:rec:63c02f6095ed,C:\ISL\archive\Video_Dataset\Video_Dataset\Key\WIN_20230901_09_24_23_Pro.mp4,data/processed/landmarks/islwords/KEY/44227380d3c8.npz,178,30.0,5.933,1.0,1.0,,train
06b4e8ce0b80,KEY,islwords,video,,islwords:rec:580cbcf21caf,C:\ISL\archive\Video_Dataset\Video_Dataset\Key\WIN_20230901_09_24_30_Pro.mp4,data/processed/landmarks/islwords/KEY/06b4e8ce0b80.npz,210,30.0,7.0,1.0,1.0,,train
d229cc4c8a98,KNIFE,islwords,video,,islwords:rec:27a1e3d0064f,C:\ISL\archive\Video_Dataset\Video_Dataset\Knife\WIN_20230831_12_40_43_Pro.mp4,data/processed/landmarks/islwords/KNIFE/d229cc4c8a98.npz,197,30.0,6.567,1.0,1.0,,train
4a6120b3900e,KNIFE,islwords,video,,islwords:rec:6cb2c875d0ad,C:\ISL\archive\Video_Dataset\Video_Dataset\Knife\WIN_20230831_12_40_52_Pro.mp4,data/processed/landmarks/islwords/KNIFE/4a6120b3900e.npz,195,30.0,6.5,1.0,1.0,,train
bd48d5aaa2d4,KNIFE,islwords,video,,islwords:rec:2419220ae42e,C:\ISL\archive\Video_Dataset\Video_Dataset\Knife\WIN_20230831_12_41_03_Pro.mp4,data/processed/landmarks/islwords/KNIFE/bd48d5aaa2d4.npz,161,30.0,5.367,1.0,1.0,,train
88f70321241f,KNIFE,islwords,video,,islwords:rec:ca9bb7e462a7,C:\ISL\archive\Video_Dataset\Video_Dataset\Knife\WIN_20230831_12_41_12_Pro.mp4,data/processed/landmarks/islwords/KNIFE/88f70321241f.npz,171,30.0,5.7,1.0,1.0,,train
2fd7165aff3c,KNIFE,islwords,video,,islwords:rec:9ab949e24796,C:\ISL\archive\Video_Dataset\Video_Dataset\Knife\WIN_20230831_12_41_19_Pro.mp4,data/processed/landmarks/islwords/KNIFE/2fd7165aff3c.npz,168,30.0,5.6,1.0,1.0,,train
9f44384bad97,KNIFE,islwords,video,,islwords:rec:76247603524a,C:\ISL\archive\Video_Dataset\Video_Dataset\Knife\WIN_20230831_12_42_54_Pro.mp4,data/processed/landmarks/islwords/KNIFE/9f44384bad97.npz,179,30.0,5.967,1.0,1.0,,train
2777ec071454,KNIFE,islwords,video,,islwords:rec:1b7bf08c199b,C:\ISL\archive\Video_Dataset\Video_Dataset\Knife\WIN_20230831_12_43_02_Pro.mp4,data/processed/landmarks/islwords/KNIFE/2777ec071454.npz,180,30.0,6.0,1.0,1.0,,train
b0338f781013,KNIFE,islwords,video,,islwords:rec:3743d820570c,C:\ISL\archive\Video_Dataset\Video_Dataset\Knife\WIN_20230831_12_43_13_Pro.mp4,data/processed/landmarks/islwords/KNIFE/b0338f781013.npz,168,30.0,5.6,1.0,1.0,,train
2e03b7c1a222,KNIFE,islwords,video,,islwords:rec:fa222d13ade6,C:\ISL\archive\Video_Dataset\Video_Dataset\Knife\WIN_20230831_12_43_32_Pro.mp4,data/processed/landmarks/islwords/KNIFE/2e03b7c1a222.npz,158,30.0,5.267,1.0,1.0,,train
961598dbff20,KNIFE,islwords,video,,islwords:rec:11d5cbfcef1d,C:\ISL\archive\Video_Dataset\Video_Dataset\Knife\WIN_20230831_12_44_45_Pro.mp4,data/processed/landmarks/islwords/KNIFE/961598dbff20.npz,182,30.0,6.067,1.0,1.0,,train
b50743f03f8f,KNIFE,islwords,video,,islwords:rec:f16b30f1cdf3,C:\ISL\archive\Video_Dataset\Video_Dataset\Knife\WIN_20230831_12_44_56_Pro.mp4,data/processed/landmarks/islwords/KNIFE/b50743f03f8f.npz,178,30.0,5.933,1.0,1.0,,train
fb62b50bd4b6,KNIFE,islwords,video,,islwords:rec:09821b20147a,C:\ISL\archive\Video_Dataset\Video_Dataset\Knife\WIN_20230831_12_45_04_Pro.mp4,data/processed/landmarks/islwords/KNIFE/fb62b50bd4b6.npz,172,30.0,5.733,1.0,1.0,,train
7677767d24c3,KNIFE,islwords,video,,islwords:rec:40fa45869594,C:\ISL\archive\Video_Dataset\Video_Dataset\Knife\WIN_20230831_12_45_13_Pro.mp4,data/processed/landmarks/islwords/KNIFE/7677767d24c3.npz,175,30.0,5.833,1.0,1.0,,train
64e4235ceb0a,LEMON,islwords,video,,islwords:rec:c821e304b403,C:\ISL\archive\Video_Dataset\Video_Dataset\Lemon\WIN_20231102_12_03_42_Pro.mp4,data/processed/landmarks/islwords/LEMON/64e4235ceb0a.npz,137,30.0,4.567,1.0,1.0,,train
be9747f4ce6d,LEMON,islwords,video,,islwords:rec:f0d081adadbd,C:\ISL\archive\Video_Dataset\Video_Dataset\Lemon\WIN_20231102_12_04_36_Pro.mp4,data/processed/landmarks/islwords/LEMON/be9747f4ce6d.npz,144,30.0,4.8,1.0,1.0,,train
2d2cf309ba18,LEMON,islwords,video,,islwords:rec:44e59a43a2fa,C:\ISL\archive\Video_Dataset\Video_Dataset\Lemon\WIN_20231102_12_05_07_Pro.mp4,data/processed/landmarks/islwords/LEMON/2d2cf309ba18.npz,150,30.0,5.0,1.0,1.0,,train
61c79abec21e,LEMON,islwords,video,,islwords:rec:53be9658f2fd,C:\ISL\archive\Video_Dataset\Video_Dataset\Lemon\WIN_20231102_12_05_29_Pro.mp4,data/processed/landmarks/islwords/LEMON/61c79abec21e.npz,148,30.0,4.933,1.0,1.0,,train
8cca0a1cdbd1,LEMON,islwords,video,,islwords:rec:45c85900a1c2,C:\ISL\archive\Video_Dataset\Video_Dataset\Lemon\WIN_20231102_12_06_30_Pro.mp4,data/processed/landmarks/islwords/LEMON/8cca0a1cdbd1.npz,164,30.0,5.467,1.0,1.0,,train
e08fec7d802c,LEMON,islwords,video,,islwords:rec:9a002b809810,C:\ISL\archive\Video_Dataset\Video_Dataset\Lemon\WIN_20231102_12_06_38_Pro.mp4,data/processed/landmarks/islwords/LEMON/e08fec7d802c.npz,159,30.0,5.3,1.0,1.0,,train
4a022ec911ef,LEMON,islwords,video,,islwords:rec:0baff4820c42,C:\ISL\archive\Video_Dataset\Video_Dataset\Lemon\WIN_20231102_12_06_48_Pro.mp4,data/processed/landmarks/islwords/LEMON/4a022ec911ef.npz,145,30.0,4.833,1.0,1.0,,train
20f49e91a00e,LEMON,islwords,video,,islwords:rec:7825d54d6633,C:\ISL\archive\Video_Dataset\Video_Dataset\Lemon\WIN_20231102_12_07_01_Pro.mp4,data/processed/landmarks/islwords/LEMON/20f49e91a00e.npz,138,30.0,4.6,1.0,1.0,,train
356acc4fcfe8,LEMON,islwords,video,,islwords:rec:3318b7bd2b41,C:\ISL\archive\Video_Dataset\Video_Dataset\Lemon\WIN_20231102_12_09_30_Pro.mp4,data/processed/landmarks/islwords/LEMON/356acc4fcfe8.npz,138,30.0,4.6,1.0,1.0,,train
7a149edb8545,LEMON,islwords,video,,islwords:rec:a3b3abea753a,C:\ISL\archive\Video_Dataset\Video_Dataset\Lemon\WIN_20231102_12_09_36_Pro.mp4,data/processed/landmarks/islwords/LEMON/7a149edb8545.npz,124,30.0,4.133,1.0,1.0,,train
54c23f9be960,LEMON,islwords,video,,islwords:rec:04e3f789a08f,C:\ISL\archive\Video_Dataset\Video_Dataset\Lemon\WIN_20231102_12_09_42_Pro.mp4,data/processed/landmarks/islwords/LEMON/54c23f9be960.npz,134,30.0,4.467,1.0,1.0,,train
7a1194126214,LEMON,islwords,video,,islwords:rec:e1e42e9f5838,C:\ISL\archive\Video_Dataset\Video_Dataset\Lemon\WIN_20231102_12_09_48_Pro.mp4,data/processed/landmarks/islwords/LEMON/7a1194126214.npz,126,30.0,4.2,1.0,1.0,,train
8a0fec472bd9,LEMON,islwords,video,,islwords:rec:b1c4497b4394,C:\ISL\archive\Video_Dataset\Video_Dataset\Lemon\WIN_20231102_12_10_14_Pro.mp4,data/processed/landmarks/islwords/LEMON/8a0fec472bd9.npz,120,30.0,4.0,1.0,1.0,,train
732c2ff79f2b,LEMON,islwords,video,,islwords:rec:554cffc72a41,C:\ISL\archive\Video_Dataset\Video_Dataset\Lemon\WIN_20231102_12_10_20_Pro.mp4,data/processed/landmarks/islwords/LEMON/732c2ff79f2b.npz,140,30.0,4.667,1.0,1.0,,train
867b89e04bad,LEMON,islwords,video,,islwords:rec:20cc0a8e02c3,C:\ISL\archive\Video_Dataset\Video_Dataset\Lemon\WIN_20231102_12_10_40_Pro.mp4,data/processed/landmarks/islwords/LEMON/867b89e04bad.npz,123,30.0,4.1,1.0,1.0,,train
fbbb5aa1c29d,LEMON,islwords,video,,islwords:rec:cce6fae50b1a,C:\ISL\archive\Video_Dataset\Video_Dataset\Lemon\WIN_20231102_12_10_52_Pro.mp4,data/processed/landmarks/islwords/LEMON/fbbb5aa1c29d.npz,113,30.0,3.767,1.0,1.0,,train
35cecffc3785,LEMON,islwords,video,,islwords:rec:3a7d5e396970,C:\ISL\archive\Video_Dataset\Video_Dataset\Lemon\WIN_20231102_12_10_58_Pro.mp4,data/processed/landmarks/islwords/LEMON/35cecffc3785.npz,138,30.0,4.6,1.0,1.0,,train
0bf02763628f,LION,islwords,video,,islwords:rec:ba073bbf6971,C:\ISL\archive\Video_Dataset\Video_Dataset\Lion\WIN_20231102_13_10_25_Pro.mp4,data/processed/landmarks/islwords/LION/0bf02763628f.npz,155,30.0,5.167,1.0,1.0,,train
2132d68a2575,LION,islwords,video,,islwords:rec:2894c2996679,C:\ISL\archive\Video_Dataset\Video_Dataset\Lion\WIN_20231102_13_10_32_Pro.mp4,data/processed/landmarks/islwords/LION/2132d68a2575.npz,142,30.0,4.733,1.0,1.0,,train
0744174f12dd,LION,islwords,video,,islwords:rec:b2025268586a,C:\ISL\archive\Video_Dataset\Video_Dataset\Lion\WIN_20231102_13_10_39_Pro.mp4,data/processed/landmarks/islwords/LION/0744174f12dd.npz,149,30.0,4.967,1.0,1.0,,train
a2e5722aaa5f,LION,islwords,video,,islwords:rec:2fa78207e0e8,C:\ISL\archive\Video_Dataset\Video_Dataset\Lion\WIN_20231102_13_10_45_Pro.mp4,data/processed/landmarks/islwords/LION/a2e5722aaa5f.npz,152,30.0,5.067,1.0,1.0,,train
3a8e4b3ac08d,LION,islwords,video,,islwords:rec:38555325f1d4,C:\ISL\archive\Video_Dataset\Video_Dataset\Lion\WIN_20231102_13_10_52_Pro.mp4,data/processed/landmarks/islwords/LION/3a8e4b3ac08d.npz,124,30.0,4.133,1.0,1.0,,train
665f38b9f693,LION,islwords,video,,islwords:rec:448cb2d74920,C:\ISL\archive\Video_Dataset\Video_Dataset\Lion\WIN_20231102_13_12_18_Pro.mp4,data/processed/landmarks/islwords/LION/665f38b9f693.npz,159,30.0,5.3,0.9937,1.0,,train
279da2a82e0a,LION,islwords,video,,islwords:rec:357160877886,C:\ISL\archive\Video_Dataset\Video_Dataset\Lion\WIN_20231102_13_12_26_Pro.mp4,data/processed/landmarks/islwords/LION/279da2a82e0a.npz,134,30.0,4.467,0.9925,1.0,,train
1dd89f4a8948,LION,islwords,video,,islwords:rec:6e1a3ea34fb3,C:\ISL\archive\Video_Dataset\Video_Dataset\Lion\WIN_20231102_13_12_32_Pro.mp4,data/processed/landmarks/islwords/LION/1dd89f4a8948.npz,143,30.0,4.767,1.0,1.0,,train
62724160cf07,LION,islwords,video,,islwords:rec:fbc403c73571,C:\ISL\archive\Video_Dataset\Video_Dataset\Lion\WIN_20231102_13_13_00_Pro.mp4,data/processed/landmarks/islwords/LION/62724160cf07.npz,153,30.0,5.1,1.0,1.0,,train
530fbc2fe44b,LION,islwords,video,,islwords:rec:160f5f30e6cc,C:\ISL\archive\Video_Dataset\Video_Dataset\Lion\WIN_20231102_13_13_07_Pro.mp4,data/processed/landmarks/islwords/LION/530fbc2fe44b.npz,175,30.0,5.833,1.0,1.0,,train
63ca34c71b11,LION,islwords,video,,islwords:rec:fc64d9403486,C:\ISL\archive\Video_Dataset\Video_Dataset\Lion\WIN_20231102_13_13_36_Pro.mp4,data/processed/landmarks/islwords/LION/63ca34c71b11.npz,193,30.0,6.433,1.0,1.0,,train
c2bb94fa1b5a,LION,islwords,video,,islwords:rec:2d47e6bcf1fa,C:\ISL\archive\Video_Dataset\Video_Dataset\Lion\WIN_20231102_13_13_44_Pro.mp4,data/processed/landmarks/islwords/LION/c2bb94fa1b5a.npz,218,30.0,7.267,1.0,1.0,,train
4464c9138373,LION,islwords,video,,islwords:rec:861bee6b0550,C:\ISL\archive\Video_Dataset\Video_Dataset\Lion\WIN_20231102_13_47_26_Pro.mp4,data/processed/landmarks/islwords/LION/4464c9138373.npz,158,30.0,5.267,1.0,1.0,,train
baa02cb6d5a0,LION,islwords,video,,islwords:rec:df3187d9410b,C:\ISL\archive\Video_Dataset\Video_Dataset\Lion\WIN_20231102_13_47_34_Pro.mp4,data/processed/landmarks/islwords/LION/baa02cb6d5a0.npz,132,30.0,4.4,1.0,1.0,,train
e2d6fbf3980d,LION,islwords,video,,islwords:rec:d9c5df8f856d,C:\ISL\archive\Video_Dataset\Video_Dataset\Lion\WIN_20231102_13_47_41_Pro.mp4,data/processed/landmarks/islwords/LION/e2d6fbf3980d.npz,162,30.0,5.4,1.0,1.0,,train
90a796887a87,LION,islwords,video,,islwords:rec:410d1831c794,C:\ISL\archive\Video_Dataset\Video_Dataset\Lion\WIN_20231102_13_47_48_Pro.mp4,data/processed/landmarks/islwords/LION/90a796887a87.npz,140,30.0,4.667,1.0,1.0,,train
99787391708a,LION,islwords,video,,islwords:rec:5bfa7232406b,C:\ISL\archive\Video_Dataset\Video_Dataset\Lion\WIN_20231102_13_47_58_Pro.mp4,data/processed/landmarks/islwords/LION/99787391708a.npz,144,30.0,4.8,1.0,1.0,,train
b7c5cfc4836f,MAN,islwords,video,,islwords:rec:88378c05f99d,C:\ISL\archive\Video_Dataset\Video_Dataset\Man\WIN_20230831_12_29_00_Pro.mp4,data/processed/landmarks/islwords/MAN/b7c5cfc4836f.npz,148,30.0,4.933,1.0,1.0,,train
656174ce9630,MAN,islwords,video,,islwords:rec:7f9db32edd05,C:\ISL\archive\Video_Dataset\Video_Dataset\Man\WIN_20230831_12_29_18_Pro.mp4,data/processed/landmarks/islwords/MAN/656174ce9630.npz,146,30.0,4.867,1.0,1.0,,train
165eb52764f8,MAN,islwords,video,,islwords:rec:e44d3c0506bd,C:\ISL\archive\Video_Dataset\Video_Dataset\Man\WIN_20230831_12_29_26_Pro.mp4,data/processed/landmarks/islwords/MAN/165eb52764f8.npz,129,30.0,4.3,1.0,1.0,,train
3c0766aa0794,MAN,islwords,video,,islwords:rec:32583f1a4a82,C:\ISL\archive\Video_Dataset\Video_Dataset\Man\WIN_20230831_12_29_33_Pro.mp4,data/processed/landmarks/islwords/MAN/3c0766aa0794.npz,181,30.0,6.033,1.0,1.0,,train
5a303c28d8bc,MAN,islwords,video,,islwords:rec:f98fd39bc9e7,C:\ISL\archive\Video_Dataset\Video_Dataset\Man\WIN_20230831_12_29_54_Pro.mp4,data/processed/landmarks/islwords/MAN/5a303c28d8bc.npz,158,30.0,5.267,1.0,1.0,,train
ccd1e78f7d01,MAN,islwords,video,,islwords:rec:21f66353a505,C:\ISL\archive\Video_Dataset\Video_Dataset\Man\WIN_20230831_12_32_07_Pro.mp4,data/processed/landmarks/islwords/MAN/ccd1e78f7d01.npz,129,30.0,4.3,1.0,1.0,,train
739fed6b381f,MAN,islwords,video,,islwords:rec:8ef473854b49,C:\ISL\archive\Video_Dataset\Video_Dataset\Man\WIN_20230831_12_32_17_Pro.mp4,data/processed/landmarks/islwords/MAN/739fed6b381f.npz,145,30.0,4.833,1.0,1.0,,train
63326ad757a2,MAN,islwords,video,,islwords:rec:86486f189f30,C:\ISL\archive\Video_Dataset\Video_Dataset\Man\WIN_20230831_12_32_24_Pro.mp4,data/processed/landmarks/islwords/MAN/63326ad757a2.npz,162,30.0,5.4,1.0,1.0,,train
a78a142660c0,MAN,islwords,video,,islwords:rec:d9e4f76c157d,C:\ISL\archive\Video_Dataset\Video_Dataset\Man\WIN_20230831_12_32_47_Pro.mp4,data/processed/landmarks/islwords/MAN/a78a142660c0.npz,177,30.0,5.9,1.0,1.0,,train
c8fb6b691aaa,MAN,islwords,video,,islwords:rec:ab38cefa64e0,C:\ISL\archive\Video_Dataset\Video_Dataset\Man\WIN_20230831_12_32_55_Pro.mp4,data/processed/landmarks/islwords/MAN/c8fb6b691aaa.npz,173,30.0,5.767,1.0,1.0,,train
9436cbd2e380,MAN,islwords,video,,islwords:rec:7cd500810591,C:\ISL\archive\Video_Dataset\Video_Dataset\Man\WIN_20230831_12_33_03_Pro.mp4,data/processed/landmarks/islwords/MAN/9436cbd2e380.npz,179,30.0,5.967,1.0,1.0,,train
85625da24106,MAN,islwords,video,,islwords:rec:663ab088bb00,C:\ISL\archive\Video_Dataset\Video_Dataset\Man\WIN_20230831_12_33_11_Pro.mp4,data/processed/landmarks/islwords/MAN/85625da24106.npz,166,30.0,5.533,1.0,1.0,,train
a2456ee995c7,MAN,islwords,video,,islwords:rec:fc218584d666,C:\ISL\archive\Video_Dataset\Video_Dataset\Man\WIN_20230831_12_33_19_Pro.mp4,data/processed/landmarks/islwords/MAN/a2456ee995c7.npz,186,30.0,6.2,1.0,1.0,,train
a11073b235b1,MATHS,islwords,video,,islwords:rec:a6dfd01acaf8,C:\ISL\archive\Video_Dataset\Video_Dataset\Maths\WIN_20230901_09_38_17_Pro.mp4,data/processed/landmarks/islwords/MATHS/a11073b235b1.npz,131,30.0,4.367,0.9847,1.0,,train
f11432a8b42e,MATHS,islwords,video,,islwords:rec:e588dd7b18f0,C:\ISL\archive\Video_Dataset\Video_Dataset\Maths\WIN_20230901_09_38_29_Pro.mp4,data/processed/landmarks/islwords/MATHS/f11432a8b42e.npz,145,30.0,4.833,0.9931,1.0,,train
12b0e825052e,MATHS,islwords,video,,islwords:rec:b12e12bc663e,C:\ISL\archive\Video_Dataset\Video_Dataset\Maths\WIN_20230901_09_38_35_Pro.mp4,data/processed/landmarks/islwords/MATHS/12b0e825052e.npz,159,30.0,5.3,1.0,1.0,,train
acf4d745d97e,MATHS,islwords,video,,islwords:rec:5514bf8fb100,C:\ISL\archive\Video_Dataset\Video_Dataset\Maths\WIN_20230901_09_39_09_Pro.mp4,data/processed/landmarks/islwords/MATHS/acf4d745d97e.npz,167,30.0,5.567,1.0,1.0,,train
7283801e2d15,MATHS,islwords,video,,islwords:rec:f4b6eed73932,C:\ISL\archive\Video_Dataset\Video_Dataset\Maths\WIN_20230901_09_39_36_Pro.mp4,data/processed/landmarks/islwords/MATHS/7283801e2d15.npz,129,30.0,4.3,0.9922,1.0,,train
d1db7b76f750,MATHS,islwords,video,,islwords:rec:58a41c158332,C:\ISL\archive\Video_Dataset\Video_Dataset\Maths\WIN_20230901_09_39_45_Pro.mp4,data/processed/landmarks/islwords/MATHS/d1db7b76f750.npz,118,30.0,3.933,1.0,1.0,,train
a2c0c1f66342,MATHS,islwords,video,,islwords:rec:3e0a33eae9ac,C:\ISL\archive\Video_Dataset\Video_Dataset\Maths\WIN_20230901_09_39_52_Pro.mp4,data/processed/landmarks/islwords/MATHS/a2c0c1f66342.npz,116,30.0,3.867,0.9914,1.0,,train
9c0a5d227829,MATHS,islwords,video,,islwords:rec:45558dfba882,C:\ISL\archive\Video_Dataset\Video_Dataset\Maths\WIN_20230901_09_39_58_Pro.mp4,data/processed/landmarks/islwords/MATHS/9c0a5d227829.npz,105,30.0,3.5,1.0,1.0,,train
b743bf6544bb,MATHS,islwords,video,,islwords:rec:b969fa24cde9,C:\ISL\archive\Video_Dataset\Video_Dataset\Maths\WIN_20230901_09_40_04_Pro.mp4,data/processed/landmarks/islwords/MATHS/b743bf6544bb.npz,127,30.0,4.233,0.9921,1.0,,train
1b6153bb3010,MATHS,islwords,video,,islwords:rec:27877fbd9ca2,C:\ISL\archive\Video_Dataset\Video_Dataset\Maths\WIN_20230901_09_40_39_Pro.mp4,data/processed/landmarks/islwords/MATHS/1b6153bb3010.npz,178,30.0,5.933,1.0,1.0,,train
209b063e3056,MATHS,islwords,video,,islwords:rec:6e7e8b2105b2,C:\ISL\archive\Video_Dataset\Video_Dataset\Maths\WIN_20230901_09_40_56_Pro.mp4,data/processed/landmarks/islwords/MATHS/209b063e3056.npz,153,30.0,5.1,1.0,1.0,,train
9fd4e6a404ae,MATHS,islwords,video,,islwords:rec:ccad8595e2a9,C:\ISL\archive\Video_Dataset\Video_Dataset\Maths\WIN_20230901_09_42_05_Pro.mp4,data/processed/landmarks/islwords/MATHS/9fd4e6a404ae.npz,142,30.0,4.733,1.0,1.0,,train
d05e86764f30,MATHS,islwords,video,,islwords:rec:8a1b17f4943d,C:\ISL\archive\Video_Dataset\Video_Dataset\Maths\WIN_20230901_09_42_11_Pro.mp4,data/processed/landmarks/islwords/MATHS/d05e86764f30.npz,150,30.0,5.0,1.0,1.0,,train
9fbdc2368aaf,MAYBE,islwords,video,,islwords:rec:d5a063cc2ed5,C:\ISL\archive\Video_Dataset\Video_Dataset\Maybe\WIN_20230901_09_17_56_Pro.mp4,data/processed/landmarks/islwords/MAYBE/9fbdc2368aaf.npz,133,30.0,4.433,1.0,1.0,,train
7c21263a73b2,MAYBE,islwords,video,,islwords:rec:fa96e9d5953f,C:\ISL\archive\Video_Dataset\Video_Dataset\Maybe\WIN_20230901_09_18_02_Pro.mp4,data/processed/landmarks/islwords/MAYBE/7c21263a73b2.npz,144,30.0,4.8,1.0,1.0,,train
7d9794d0161c,MAYBE,islwords,video,,islwords:rec:2f597f2316cb,C:\ISL\archive\Video_Dataset\Video_Dataset\Maybe\WIN_20230901_09_18_08_Pro.mp4,data/processed/landmarks/islwords/MAYBE/7d9794d0161c.npz,143,30.0,4.767,1.0,1.0,,train
0c4c57d327b3,MAYBE,islwords,video,,islwords:rec:74f3a3e7af88,C:\ISL\archive\Video_Dataset\Video_Dataset\Maybe\WIN_20230901_09_18_14_Pro.mp4,data/processed/landmarks/islwords/MAYBE/0c4c57d327b3.npz,146,30.0,4.867,1.0,1.0,,train
183f0aec7c34,MAYBE,islwords,video,,islwords:rec:d2e442136a51,C:\ISL\archive\Video_Dataset\Video_Dataset\Maybe\WIN_20230901_09_18_59_Pro.mp4,data/processed/landmarks/islwords/MAYBE/183f0aec7c34.npz,143,30.0,4.767,1.0,1.0,,train
1dd10a1586e2,MAYBE,islwords,video,,islwords:rec:cce36ffd58d4,C:\ISL\archive\Video_Dataset\Video_Dataset\Maybe\WIN_20230901_09_19_07_Pro.mp4,data/processed/landmarks/islwords/MAYBE/1dd10a1586e2.npz,144,30.0,4.8,0.9861,1.0,,train
990a308b2baf,MAYBE,islwords,video,,islwords:rec:5ede62edd929,C:\ISL\archive\Video_Dataset\Video_Dataset\Maybe\WIN_20230901_09_19_39_Pro.mp4,data/processed/landmarks/islwords/MAYBE/990a308b2baf.npz,148,30.0,4.933,1.0,1.0,,train
670cd1401a16,MAYBE,islwords,video,,islwords:rec:b2dcf561683d,C:\ISL\archive\Video_Dataset\Video_Dataset\Maybe\WIN_20230901_09_19_46_Pro.mp4,data/processed/landmarks/islwords/MAYBE/670cd1401a16.npz,135,30.0,4.5,1.0,1.0,,train
b12430506393,MAYBE,islwords,video,,islwords:rec:28356405dc56,C:\ISL\archive\Video_Dataset\Video_Dataset\Maybe\WIN_20230901_09_19_55_Pro.mp4,data/processed/landmarks/islwords/MAYBE/b12430506393.npz,120,30.0,4.0,1.0,1.0,,train
78db2e260d41,MAYBE,islwords,video,,islwords:rec:ceb78e545839,C:\ISL\archive\Video_Dataset\Video_Dataset\Maybe\WIN_20230901_09_20_08_Pro.mp4,data/processed/landmarks/islwords/MAYBE/78db2e260d41.npz,168,30.0,5.6,1.0,1.0,,train
217f98de5e03,MAYBE,islwords,video,,islwords:rec:481317d77e21,C:\ISL\archive\Video_Dataset\Video_Dataset\Maybe\WIN_20230901_09_20_22_Pro.mp4,data/processed/landmarks/islwords/MAYBE/217f98de5e03.npz,169,30.0,5.633,1.0,1.0,,train
1220a05cb6f2,MAYBE,islwords,video,,islwords:rec:b87776f95252,C:\ISL\archive\Video_Dataset\Video_Dataset\Maybe\WIN_20230901_09_20_29_Pro.mp4,data/processed/landmarks/islwords/MAYBE/1220a05cb6f2.npz,195,30.0,6.5,1.0,1.0,,train
7d1934b79561,MAYBE,islwords,video,,islwords:rec:2744f004ef33,C:\ISL\archive\Video_Dataset\Video_Dataset\Maybe\WIN_20230901_09_20_37_Pro.mp4,data/processed/landmarks/islwords/MAYBE/7d1934b79561.npz,177,30.0,5.9,1.0,1.0,,train
383e3c94d22f,MONKEY,islwords,video,,islwords:rec:a34b8d2b5284,C:\ISL\archive\Video_Dataset\Video_Dataset\Monkey\WIN_20231102_13_15_07_Pro.mp4,data/processed/landmarks/islwords/MONKEY/383e3c94d22f.npz,141,30.0,4.7,1.0,1.0,,train
105aafa2e6ea,MONKEY,islwords,video,,islwords:rec:4785e8f15759,C:\ISL\archive\Video_Dataset\Video_Dataset\Monkey\WIN_20231102_13_15_19_Pro.mp4,data/processed/landmarks/islwords/MONKEY/105aafa2e6ea.npz,155,30.0,5.167,1.0,1.0,,train
4bb19fa3b953,MONKEY,islwords,video,,islwords:rec:e88b3beccac3,C:\ISL\archive\Video_Dataset\Video_Dataset\Monkey\WIN_20231102_13_15_42_Pro.mp4,data/processed/landmarks/islwords/MONKEY/4bb19fa3b953.npz,151,30.0,5.033,1.0,1.0,,train
1b212507cec4,MONKEY,islwords,video,,islwords:rec:304b16959411,C:\ISL\archive\Video_Dataset\Video_Dataset\Monkey\WIN_20231102_13_15_49_Pro.mp4,data/processed/landmarks/islwords/MONKEY/1b212507cec4.npz,153,30.0,5.1,1.0,1.0,,train
58ed54988cd1,MONKEY,islwords,video,,islwords:rec:d53911ccaf3d,C:\ISL\archive\Video_Dataset\Video_Dataset\Monkey\WIN_20231102_13_16_37_Pro.mp4,data/processed/landmarks/islwords/MONKEY/58ed54988cd1.npz,151,30.0,5.033,1.0,1.0,,train
e95b9253bfb9,MONKEY,islwords,video,,islwords:rec:57f11bb85783,C:\ISL\archive\Video_Dataset\Video_Dataset\Monkey\WIN_20231102_13_16_44_Pro.mp4,data/processed/landmarks/islwords/MONKEY/e95b9253bfb9.npz,135,30.0,4.5,0.9926,1.0,,train
88b12611c226,MONKEY,islwords,video,,islwords:rec:f5f53ab4cb18,C:\ISL\archive\Video_Dataset\Video_Dataset\Monkey\WIN_20231102_13_16_57_Pro.mp4,data/processed/landmarks/islwords/MONKEY/88b12611c226.npz,136,30.0,4.533,0.9926,1.0,,train
49da7cfe5653,MONKEY,islwords,video,,islwords:rec:70a675970fcf,C:\ISL\archive\Video_Dataset\Video_Dataset\Monkey\WIN_20231102_13_17_03_Pro.mp4,data/processed/landmarks/islwords/MONKEY/49da7cfe5653.npz,118,30.0,3.933,1.0,1.0,,train
305a4cd72419,MONKEY,islwords,video,,islwords:rec:3472e751ac40,C:\ISL\archive\Video_Dataset\Video_Dataset\Monkey\WIN_20231102_13_17_25_Pro.mp4,data/processed/landmarks/islwords/MONKEY/305a4cd72419.npz,152,30.0,5.067,1.0,1.0,,train
adcf7b5d3a22,MONKEY,islwords,video,,islwords:rec:7c0b2c8e3ffb,C:\ISL\archive\Video_Dataset\Video_Dataset\Monkey\WIN_20231102_13_17_32_Pro.mp4,data/processed/landmarks/islwords/MONKEY/adcf7b5d3a22.npz,150,30.0,5.0,1.0,1.0,,train
180129f99659,MONKEY,islwords,video,,islwords:rec:2bc5e6b55c37,C:\ISL\archive\Video_Dataset\Video_Dataset\Monkey\WIN_20231102_13_17_45_Pro.mp4,data/processed/landmarks/islwords/MONKEY/180129f99659.npz,159,30.0,5.3,1.0,1.0,,train
75c813c68f9d,MONKEY,islwords,video,,islwords:rec:4aea34d5d85c,C:\ISL\archive\Video_Dataset\Video_Dataset\Monkey\WIN_20231102_13_17_53_Pro.mp4,data/processed/landmarks/islwords/MONKEY/75c813c68f9d.npz,186,30.0,6.2,1.0,1.0,,train
24f0021ff2a4,MONKEY,islwords,video,,islwords:rec:aecd718e9aea,C:\ISL\archive\Video_Dataset\Video_Dataset\Monkey\WIN_20231102_13_18_00_Pro.mp4,data/processed/landmarks/islwords/MONKEY/24f0021ff2a4.npz,165,30.0,5.5,1.0,1.0,,train
f69f3e739d85,MONKEY,islwords,video,,islwords:rec:d016375ae512,C:\ISL\archive\Video_Dataset\Video_Dataset\Monkey\WIN_20231102_13_52_23_Pro.mp4,data/processed/landmarks/islwords/MONKEY/f69f3e739d85.npz,127,30.0,4.233,1.0,1.0,,train
f901a40cecd8,MONKEY,islwords,video,,islwords:rec:481005ceb087,C:\ISL\archive\Video_Dataset\Video_Dataset\Monkey\WIN_20231102_13_53_07_Pro.mp4,data/processed/landmarks/islwords/MONKEY/f901a40cecd8.npz,153,30.0,5.1,1.0,1.0,,train
0a269fb44a9d,MONKEY,islwords,video,,islwords:rec:242ddd9a9fdb,C:\ISL\archive\Video_Dataset\Video_Dataset\Monkey\WIN_20231102_13_53_14_Pro.mp4,data/processed/landmarks/islwords/MONKEY/0a269fb44a9d.npz,123,30.0,4.1,1.0,1.0,,train
ab7d1a1e8142,MONKEY,islwords,video,,islwords:rec:7f71d8c68f35,C:\ISL\archive\Video_Dataset\Video_Dataset\Monkey\WIN_20231102_13_53_24_Pro.mp4,data/processed/landmarks/islwords/MONKEY/ab7d1a1e8142.npz,132,30.0,4.4,1.0,1.0,,train
780d0a9d69b9,ONION,islwords,video,,islwords:rec:2e079a5bc161,C:\ISL\archive\Video_Dataset\Video_Dataset\Onion\WIN_20231102_12_12_33_Pro.mp4,data/processed/landmarks/islwords/ONION/780d0a9d69b9.npz,175,30.0,5.833,1.0,1.0,,train
6bb6820e79cc,ONION,islwords,video,,islwords:rec:8e64e844c758,C:\ISL\archive\Video_Dataset\Video_Dataset\Onion\WIN_20231102_12_12_50_Pro.mp4,data/processed/landmarks/islwords/ONION/6bb6820e79cc.npz,153,30.0,5.1,1.0,1.0,,train
e2bada495971,ONION,islwords,video,,islwords:rec:5ac122abd032,C:\ISL\archive\Video_Dataset\Video_Dataset\Onion\WIN_20231102_12_13_53_Pro.mp4,data/processed/landmarks/islwords/ONION/e2bada495971.npz,167,30.0,5.567,1.0,1.0,,train
26a92b27ddf3,ONION,islwords,video,,islwords:rec:d4ee05518745,C:\ISL\archive\Video_Dataset\Video_Dataset\Onion\WIN_20231102_12_14_53_Pro.mp4,data/processed/landmarks/islwords/ONION/26a92b27ddf3.npz,150,30.0,5.0,1.0,1.0,,train
b22c86af7819,ONION,islwords,video,,islwords:rec:d0eb78802c84,C:\ISL\archive\Video_Dataset\Video_Dataset\Onion\WIN_20231102_12_16_18_Pro.mp4,data/processed/landmarks/islwords/ONION/b22c86af7819.npz,168,30.0,5.6,1.0,1.0,,train
4290064b6335,ONION,islwords,video,,islwords:rec:e63023596044,C:\ISL\archive\Video_Dataset\Video_Dataset\Onion\WIN_20231102_12_16_44_Pro.mp4,data/processed/landmarks/islwords/ONION/4290064b6335.npz,197,30.0,6.567,1.0,1.0,,train
6233d68e6be6,ONION,islwords,video,,islwords:rec:e6a90543ce8a,C:\ISL\archive\Video_Dataset\Video_Dataset\Onion\WIN_20231102_12_18_06_Pro.mp4,data/processed/landmarks/islwords/ONION/6233d68e6be6.npz,184,30.0,6.133,1.0,1.0,,train
11ccb332906d,ONION,islwords,video,,islwords:rec:a72422fb43f0,C:\ISL\archive\Video_Dataset\Video_Dataset\Onion\WIN_20231102_12_18_22_Pro.mp4,data/processed/landmarks/islwords/ONION/11ccb332906d.npz,172,30.0,5.733,1.0,1.0,,train
6d2c440e5dcf,ONION,islwords,video,,islwords:rec:810f896e7112,C:\ISL\archive\Video_Dataset\Video_Dataset\Onion\WIN_20231102_12_20_24_Pro.mp4,data/processed/landmarks/islwords/ONION/6d2c440e5dcf.npz,177,30.0,5.9,1.0,1.0,,train
1a8a4e50e44f,ONION,islwords,video,,islwords:rec:0acebc50a803,C:\ISL\archive\Video_Dataset\Video_Dataset\Onion\WIN_20231102_12_23_22_Pro.mp4,data/processed/landmarks/islwords/ONION/1a8a4e50e44f.npz,134,30.0,4.467,1.0,1.0,,train
d3ba2eb9622c,ONION,islwords,video,,islwords:rec:6df6360564f2,C:\ISL\archive\Video_Dataset\Video_Dataset\Onion\WIN_20231102_12_23_28_Pro.mp4,data/processed/landmarks/islwords/ONION/d3ba2eb9622c.npz,127,30.0,4.233,1.0,1.0,,train
6b5caa35cee0,ONION,islwords,video,,islwords:rec:571192b86ab3,C:\ISL\archive\Video_Dataset\Video_Dataset\Onion\WIN_20231102_12_23_33_Pro.mp4,data/processed/landmarks/islwords/ONION/6b5caa35cee0.npz,135,30.0,4.5,1.0,1.0,,train
564a442d8d7a,ONION,islwords,video,,islwords:rec:636fd7fdec14,C:\ISL\archive\Video_Dataset\Video_Dataset\Onion\WIN_20231102_12_23_39_Pro.mp4,data/processed/landmarks/islwords/ONION/564a442d8d7a.npz,131,30.0,4.367,1.0,1.0,,train
86d91deaa7cf,ONION,islwords,video,,islwords:rec:ed59706404bf,C:\ISL\archive\Video_Dataset\Video_Dataset\Onion\WIN_20231102_12_23_45_Pro.mp4,data/processed/landmarks/islwords/ONION/86d91deaa7cf.npz,154,30.0,5.133,1.0,1.0,,train
e676c9be7d3a,ONION,islwords,video,,islwords:rec:49a078c6aa64,C:\ISL\archive\Video_Dataset\Video_Dataset\Onion\WIN_20231102_12_24_25_Pro.mp4,data/processed/landmarks/islwords/ONION/e676c9be7d3a.npz,147,30.0,4.9,1.0,1.0,,train
19acf367f431,ONION,islwords,video,,islwords:rec:9cc89239a865,C:\ISL\archive\Video_Dataset\Video_Dataset\Onion\WIN_20231102_12_24_37_Pro.mp4,data/processed/landmarks/islwords/ONION/19acf367f431.npz,123,30.0,4.1,1.0,1.0,,train
f9de116897dc,ONION,islwords,video,,islwords:rec:ae32ac912e09,C:\ISL\archive\Video_Dataset\Video_Dataset\Onion\WIN_20231102_12_24_43_Pro.mp4,data/processed/landmarks/islwords/ONION/f9de116897dc.npz,127,30.0,4.233,1.0,1.0,,train
c168d3d3dadd,PEACOCK,islwords,video,,islwords:rec:063cff73b602,C:\ISL\archive\Video_Dataset\Video_Dataset\Peacock\WIN_20231103_12_51_54_Pro.mp4,data/processed/landmarks/islwords/PEACOCK/c168d3d3dadd.npz,115,30.0,3.833,1.0,1.0,,train
0b4b5025d83c,PEACOCK,islwords,video,,islwords:rec:d82ad71a72e8,C:\ISL\archive\Video_Dataset\Video_Dataset\Peacock\WIN_20231103_12_52_00_Pro.mp4,data/processed/landmarks/islwords/PEACOCK/0b4b5025d83c.npz,104,30.0,3.467,1.0,1.0,,train
f6634183b779,PEACOCK,islwords,video,,islwords:rec:e07ff582b332,C:\ISL\archive\Video_Dataset\Video_Dataset\Peacock\WIN_20231103_12_52_05_Pro.mp4,data/processed/landmarks/islwords/PEACOCK/f6634183b779.npz,96,30.0,3.2,0.9896,1.0,,train
b90f12d6f85b,PEACOCK,islwords,video,,islwords:rec:ea47099aea4a,C:\ISL\archive\Video_Dataset\Video_Dataset\Peacock\WIN_20231103_12_52_10_Pro.mp4,data/processed/landmarks/islwords/PEACOCK/b90f12d6f85b.npz,115,30.0,3.833,0.9913,1.0,,train
e82e3e598dcd,PEACOCK,islwords,video,,islwords:rec:86452d1d3e42,C:\ISL\archive\Video_Dataset\Video_Dataset\Peacock\WIN_20231103_12_52_15_Pro.mp4,data/processed/landmarks/islwords/PEACOCK/e82e3e598dcd.npz,110,30.0,3.667,1.0,1.0,,train
2d13c5aaeaf2,PEACOCK,islwords,video,,islwords:rec:aca7bc213cd2,C:\ISL\archive\Video_Dataset\Video_Dataset\Peacock\WIN_20231103_12_52_28_Pro.mp4,data/processed/landmarks/islwords/PEACOCK/2d13c5aaeaf2.npz,159,30.0,5.3,1.0,1.0,,train
203443ca7661,PEACOCK,islwords,video,,islwords:rec:d07ab4f8055b,C:\ISL\archive\Video_Dataset\Video_Dataset\Peacock\WIN_20231103_12_52_35_Pro.mp4,data/processed/landmarks/islwords/PEACOCK/203443ca7661.npz,139,30.0,4.633,1.0,1.0,,train
875b5ce103c0,PEACOCK,islwords,video,,islwords:rec:299ac6d0504b,C:\ISL\archive\Video_Dataset\Video_Dataset\Peacock\WIN_20231103_12_52_41_Pro.mp4,data/processed/landmarks/islwords/PEACOCK/875b5ce103c0.npz,174,30.0,5.8,1.0,1.0,,train
c7d7093f3ce3,PEACOCK,islwords,video,,islwords:rec:a023af756f78,C:\ISL\archive\Video_Dataset\Video_Dataset\Peacock\WIN_20231103_12_52_48_Pro.mp4,data/processed/landmarks/islwords/PEACOCK/c7d7093f3ce3.npz,161,30.0,5.367,1.0,1.0,,train
149f6575d8d2,PEACOCK,islwords,video,,islwords:rec:815c9a2fe7bd,C:\ISL\archive\Video_Dataset\Video_Dataset\Peacock\WIN_20231103_12_52_54_Pro.mp4,data/processed/landmarks/islwords/PEACOCK/149f6575d8d2.npz,169,30.0,5.633,0.9941,1.0,,train
6a2896986969,PEACOCK,islwords,video,,islwords:rec:ff03d36582c1,C:\ISL\archive\Video_Dataset\Video_Dataset\Peacock\WIN_20231103_12_53_21_Pro.mp4,data/processed/landmarks/islwords/PEACOCK/6a2896986969.npz,156,30.0,5.2,0.9936,1.0,,train
1f60fd91eeea,PEACOCK,islwords,video,,islwords:rec:382f84a61841,C:\ISL\archive\Video_Dataset\Video_Dataset\Peacock\WIN_20231103_12_53_28_Pro.mp4,data/processed/landmarks/islwords/PEACOCK/1f60fd91eeea.npz,158,30.0,5.267,0.9937,1.0,,train
80c0e69ecd89,PEACOCK,islwords,video,,islwords:rec:7ea45b35b2d1,C:\ISL\archive\Video_Dataset\Video_Dataset\Peacock\WIN_20231103_12_53_35_Pro.mp4,data/processed/landmarks/islwords/PEACOCK/80c0e69ecd89.npz,152,30.0,5.067,0.9934,1.0,,train
a9609812aabd,PEACOCK,islwords,video,,islwords:rec:c85c4da0b53e,C:\ISL\archive\Video_Dataset\Video_Dataset\Peacock\WIN_20231103_13_37_23_Pro.mp4,data/processed/landmarks/islwords/PEACOCK/a9609812aabd.npz,214,30.0,7.133,0.9953,1.0,,train
c97e17c41115,PEACOCK,islwords,video,,islwords:rec:d46f9f6078f6,C:\ISL\archive\Video_Dataset\Video_Dataset\Peacock\WIN_20231103_13_37_42_Pro.mp4,data/processed/landmarks/islwords/PEACOCK/c97e17c41115.npz,159,30.0,5.3,1.0,1.0,,train
9b5ee212bad8,PEACOCK,islwords,video,,islwords:rec:30a8d2ddf6db,C:\ISL\archive\Video_Dataset\Video_Dataset\Peacock\WIN_20231103_13_37_49_Pro.mp4,data/processed/landmarks/islwords/PEACOCK/9b5ee212bad8.npz,149,30.0,4.967,0.9933,1.0,,train
a386c6837d81,PEACOCK,islwords,video,,islwords:rec:e0a544439eea,C:\ISL\archive\Video_Dataset\Video_Dataset\Peacock\WIN_20231103_13_37_56_Pro.mp4,data/processed/landmarks/islwords/PEACOCK/a386c6837d81.npz,166,30.0,5.533,0.994,1.0,,train
cbaa8ef8111d,PIGEON,islwords,video,,islwords:rec:e4acbc46aa13,C:\ISL\archive\Video_Dataset\Video_Dataset\Pigeon\WIN_20231103_12_54_54_Pro.mp4,data/processed/landmarks/islwords/PIGEON/cbaa8ef8111d.npz,155,30.0,5.167,1.0,1.0,,train
aa75b6ad5b53,PIGEON,islwords,video,,islwords:rec:6c716783069f,C:\ISL\archive\Video_Dataset\Video_Dataset\Pigeon\WIN_20231103_12_55_01_Pro.mp4,data/processed/landmarks/islwords/PIGEON/aa75b6ad5b53.npz,147,30.0,4.9,1.0,1.0,,train
fdaf5e9b549a,PIGEON,islwords,video,,islwords:rec:86ea6aa34f57,C:\ISL\archive\Video_Dataset\Video_Dataset\Pigeon\WIN_20231103_12_55_08_Pro.mp4,data/processed/landmarks/islwords/PIGEON/fdaf5e9b549a.npz,162,30.0,5.4,1.0,1.0,,train
3ca759ab8cf8,PIGEON,islwords,video,,islwords:rec:3c2b0f5c53f0,C:\ISL\archive\Video_Dataset\Video_Dataset\Pigeon\WIN_20231103_12_55_21_Pro.mp4,data/processed/landmarks/islwords/PIGEON/3ca759ab8cf8.npz,151,30.0,5.033,1.0,1.0,,train
a77ca71a48c0,PIGEON,islwords,video,,islwords:rec:5ed472638665,C:\ISL\archive\Video_Dataset\Video_Dataset\Pigeon\WIN_20231103_12_55_52_Pro.mp4,data/processed/landmarks/islwords/PIGEON/a77ca71a48c0.npz,237,30.0,7.9,1.0,1.0,,train
5e5e1f7438e0,PIGEON,islwords,video,,islwords:rec:d0c1a481b3f4,C:\ISL\archive\Video_Dataset\Video_Dataset\Pigeon\WIN_20231103_12_56_05_Pro.mp4,data/processed/landmarks/islwords/PIGEON/5e5e1f7438e0.npz,276,30.0,9.2,1.0,1.0,,train
bbb95c68c120,PIGEON,islwords,video,,islwords:rec:e684292bbf3e,C:\ISL\archive\Video_Dataset\Video_Dataset\Pigeon\WIN_20231103_12_56_15_Pro.mp4,data/processed/landmarks/islwords/PIGEON/bbb95c68c120.npz,239,30.0,7.967,1.0,1.0,,train
42626a7a8806,PIGEON,islwords,video,,islwords:rec:75c95e7abb24,C:\ISL\archive\Video_Dataset\Video_Dataset\Pigeon\WIN_20231103_12_56_24_Pro.mp4,data/processed/landmarks/islwords/PIGEON/42626a7a8806.npz,260,30.0,8.667,1.0,1.0,,train
79d862c0139d,PIGEON,islwords,video,,islwords:rec:e46b27ba0d59,C:\ISL\archive\Video_Dataset\Video_Dataset\Pigeon\WIN_20231103_12_56_34_Pro.mp4,data/processed/landmarks/islwords/PIGEON/79d862c0139d.npz,272,30.0,9.067,1.0,1.0,,train
fee1c85d7290,PIGEON,islwords,video,,islwords:rec:894e29125072,C:\ISL\archive\Video_Dataset\Video_Dataset\Pigeon\WIN_20231103_12_57_12_Pro.mp4,data/processed/landmarks/islwords/PIGEON/fee1c85d7290.npz,215,30.0,7.167,1.0,1.0,,train
10d8fe823e09,PIGEON,islwords,video,,islwords:rec:fcf808dd77bd,C:\ISL\archive\Video_Dataset\Video_Dataset\Pigeon\WIN_20231103_12_57_21_Pro.mp4,data/processed/landmarks/islwords/PIGEON/10d8fe823e09.npz,197,30.0,6.567,0.9949,1.0,,train
a94edd001c3e,PIGEON,islwords,video,,islwords:rec:aa548a2df2bb,C:\ISL\archive\Video_Dataset\Video_Dataset\Pigeon\WIN_20231103_12_57_30_Pro.mp4,data/processed/landmarks/islwords/PIGEON/a94edd001c3e.npz,197,30.0,6.567,0.9898,1.0,,train
539b6308c847,PIGEON,islwords,video,,islwords:rec:7d0407adaf95,C:\ISL\archive\Video_Dataset\Video_Dataset\Pigeon\WIN_20231103_12_57_48_Pro.mp4,data/processed/landmarks/islwords/PIGEON/539b6308c847.npz,200,30.0,6.667,0.995,1.0,,train
89ffc0dd573b,PIGEON,islwords,video,,islwords:rec:a980102bcd4a,C:\ISL\archive\Video_Dataset\Video_Dataset\Pigeon\WIN_20231103_13_39_37_Pro.mp4,data/processed/landmarks/islwords/PIGEON/89ffc0dd573b.npz,199,30.0,6.633,1.0,1.0,,train
869ae3388d81,PIGEON,islwords,video,,islwords:rec:4800eada777e,C:\ISL\archive\Video_Dataset\Video_Dataset\Pigeon\WIN_20231103_13_39_46_Pro.mp4,data/processed/landmarks/islwords/PIGEON/869ae3388d81.npz,212,30.0,7.067,1.0,1.0,,train
50f559095297,PIGEON,islwords,video,,islwords:rec:b9c677b797da,C:\ISL\archive\Video_Dataset\Video_Dataset\Pigeon\WIN_20231103_13_39_55_Pro.mp4,data/processed/landmarks/islwords/PIGEON/50f559095297.npz,206,30.0,6.867,1.0,1.0,,train
029a691000d0,PIGEON,islwords,video,,islwords:rec:66178030467d,C:\ISL\archive\Video_Dataset\Video_Dataset\Pigeon\WIN_20231103_13_40_04_Pro.mp4,data/processed/landmarks/islwords/PIGEON/029a691000d0.npz,213,30.0,7.1,1.0,1.0,,train
081092aadc08,POUR,islwords,video,,islwords:rec:aa534c41e410,C:\ISL\archive\Video_Dataset\Video_Dataset\Pour\WIN_20231103_11_09_17_Pro.mp4,data/processed/landmarks/islwords/POUR/081092aadc08.npz,149,30.0,4.967,1.0,1.0,,train
110ac405789d,POUR,islwords,video,,islwords:rec:d6a4717e037a,C:\ISL\archive\Video_Dataset\Video_Dataset\Pour\WIN_20231103_11_09_24_Pro.mp4,data/processed/landmarks/islwords/POUR/110ac405789d.npz,124,30.0,4.133,1.0,1.0,,train
44a4266eaf54,POUR,islwords,video,,islwords:rec:dafba0a2a245,C:\ISL\archive\Video_Dataset\Video_Dataset\Pour\WIN_20231103_11_09_29_Pro.mp4,data/processed/landmarks/islwords/POUR/44a4266eaf54.npz,163,30.0,5.433,1.0,1.0,,train
2f9933d65364,POUR,islwords,video,,islwords:rec:a71ee6bfb231,C:\ISL\archive\Video_Dataset\Video_Dataset\Pour\WIN_20231103_11_09_35_Pro.mp4,data/processed/landmarks/islwords/POUR/2f9933d65364.npz,137,30.0,4.567,1.0,1.0,,train
ddb42936759a,POUR,islwords,video,,islwords:rec:7949090836d3,C:\ISL\archive\Video_Dataset\Video_Dataset\Pour\WIN_20231103_11_09_41_Pro.mp4,data/processed/landmarks/islwords/POUR/ddb42936759a.npz,136,30.0,4.533,1.0,1.0,,train
d608bc78cc9d,POUR,islwords,video,,islwords:rec:420c691faa55,C:\ISL\archive\Video_Dataset\Video_Dataset\Pour\WIN_20231103_11_09_55_Pro.mp4,data/processed/landmarks/islwords/POUR/d608bc78cc9d.npz,130,30.0,4.333,1.0,1.0,,train
fd102709ffbe,POUR,islwords,video,,islwords:rec:c477c728f1ab,C:\ISL\archive\Video_Dataset\Video_Dataset\Pour\WIN_20231103_11_10_01_Pro.mp4,data/processed/landmarks/islwords/POUR/fd102709ffbe.npz,116,30.0,3.867,1.0,1.0,,train
f5882418cdf3,POUR,islwords,video,,islwords:rec:b720e6d9e93b,C:\ISL\archive\Video_Dataset\Video_Dataset\Pour\WIN_20231103_11_10_06_Pro.mp4,data/processed/landmarks/islwords/POUR/f5882418cdf3.npz,116,30.0,3.867,1.0,1.0,,train
ef5f996368e7,POUR,islwords,video,,islwords:rec:fcb227adb96c,C:\ISL\archive\Video_Dataset\Video_Dataset\Pour\WIN_20231103_11_10_11_Pro.mp4,data/processed/landmarks/islwords/POUR/ef5f996368e7.npz,106,30.0,3.533,1.0,1.0,,train
72323b85ce25,POUR,islwords,video,,islwords:rec:f96e596496cf,C:\ISL\archive\Video_Dataset\Video_Dataset\Pour\WIN_20231103_11_10_15_Pro.mp4,data/processed/landmarks/islwords/POUR/72323b85ce25.npz,110,30.0,3.667,1.0,1.0,,train
b9a20567fa96,POUR,islwords,video,,islwords:rec:f6cb680a7e50,C:\ISL\archive\Video_Dataset\Video_Dataset\Pour\WIN_20231103_11_10_28_Pro.mp4,data/processed/landmarks/islwords/POUR/b9a20567fa96.npz,138,30.0,4.6,1.0,1.0,,train
3653d6a9a3ad,POUR,islwords,video,,islwords:rec:9805bf4b1d18,C:\ISL\archive\Video_Dataset\Video_Dataset\Pour\WIN_20231103_11_10_39_Pro.mp4,data/processed/landmarks/islwords/POUR/3653d6a9a3ad.npz,143,30.0,4.767,1.0,1.0,,train
ea52c2f22266,POUR,islwords,video,,islwords:rec:2810c7fb8f23,C:\ISL\archive\Video_Dataset\Video_Dataset\Pour\WIN_20231103_11_11_35_Pro.mp4,data/processed/landmarks/islwords/POUR/ea52c2f22266.npz,139,30.0,4.633,1.0,1.0,,train
717f4b225389,POUR,islwords,video,,islwords:rec:e8e0d30bf198,C:\ISL\archive\Video_Dataset\Video_Dataset\Pour\WIN_20231103_11_11_41_Pro.mp4,data/processed/landmarks/islwords/POUR/717f4b225389.npz,151,30.0,5.033,1.0,1.0,,train
de23ab275f39,POUR,islwords,video,,islwords:rec:c62ed60fd1e0,C:\ISL\archive\Video_Dataset\Video_Dataset\Pour\WIN_20231103_11_12_34_Pro.mp4,data/processed/landmarks/islwords/POUR/de23ab275f39.npz,138,30.0,4.6,1.0,1.0,,train
70b8a641db44,POUR,islwords,video,,islwords:rec:f1b90db9104f,C:\ISL\archive\Video_Dataset\Video_Dataset\Pour\WIN_20231103_11_12_41_Pro.mp4,data/processed/landmarks/islwords/POUR/70b8a641db44.npz,135,30.0,4.5,1.0,1.0,,train
2fc091c6a6d3,POUR,islwords,video,,islwords:rec:2b1b750e07ec,C:\ISL\archive\Video_Dataset\Video_Dataset\Pour\WIN_20231103_11_12_47_Pro.mp4,data/processed/landmarks/islwords/POUR/2fc091c6a6d3.npz,125,30.0,4.167,1.0,1.0,,train
940de3c7b277,RADISH,islwords,video,,islwords:rec:c718985d18cc,C:\ISL\archive\Video_Dataset\Video_Dataset\Radish\WIN_20231102_12_26_37_Pro.mp4,data/processed/landmarks/islwords/RADISH/940de3c7b277.npz,159,30.0,5.3,1.0,1.0,,train
2e52cb899182,RADISH,islwords,video,,islwords:rec:280b259d2ed4,C:\ISL\archive\Video_Dataset\Video_Dataset\Radish\WIN_20231102_12_26_45_Pro.mp4,data/processed/landmarks/islwords/RADISH/2e52cb899182.npz,157,30.0,5.233,1.0,1.0,,train
4b27b8603535,RADISH,islwords,video,,islwords:rec:f2414c05a612,C:\ISL\archive\Video_Dataset\Video_Dataset\Radish\WIN_20231102_12_26_51_Pro.mp4,data/processed/landmarks/islwords/RADISH/4b27b8603535.npz,144,30.0,4.8,1.0,1.0,,train
567e1f6871c5,RADISH,islwords,video,,islwords:rec:b6fe8a52857d,C:\ISL\archive\Video_Dataset\Video_Dataset\Radish\WIN_20231102_12_27_07_Pro.mp4,data/processed/landmarks/islwords/RADISH/567e1f6871c5.npz,140,30.0,4.667,1.0,1.0,,train
a60e7d6bc2cf,RADISH,islwords,video,,islwords:rec:a86e7b4269da,C:\ISL\archive\Video_Dataset\Video_Dataset\Radish\WIN_20231102_12_27_39_Pro.mp4,data/processed/landmarks/islwords/RADISH/a60e7d6bc2cf.npz,129,30.0,4.3,1.0,1.0,,train
5f4144158d6c,RADISH,islwords,video,,islwords:rec:c351498d3540,C:\ISL\archive\Video_Dataset\Video_Dataset\Radish\WIN_20231102_12_27_46_Pro.mp4,data/processed/landmarks/islwords/RADISH/5f4144158d6c.npz,122,30.0,4.067,1.0,1.0,,train
41df7d5f55c6,RADISH,islwords,video,,islwords:rec:dfe602a7e41a,C:\ISL\archive\Video_Dataset\Video_Dataset\Radish\WIN_20231102_12_28_24_Pro.mp4,data/processed/landmarks/islwords/RADISH/41df7d5f55c6.npz,129,30.0,4.3,1.0,1.0,,train
699301c6aede,RADISH,islwords,video,,islwords:rec:90c4a5675220,C:\ISL\archive\Video_Dataset\Video_Dataset\Radish\WIN_20231102_12_28_31_Pro.mp4,data/processed/landmarks/islwords/RADISH/699301c6aede.npz,135,30.0,4.5,1.0,1.0,,train
e6f614c3edd0,RADISH,islwords,video,,islwords:rec:183e7b88f69c,C:\ISL\archive\Video_Dataset\Video_Dataset\Radish\WIN_20231102_12_29_22_Pro.mp4,data/processed/landmarks/islwords/RADISH/e6f614c3edd0.npz,169,30.0,5.633,1.0,1.0,,train
0b40000cb3ab,RADISH,islwords,video,,islwords:rec:749d9f1097e6,C:\ISL\archive\Video_Dataset\Video_Dataset\Radish\WIN_20231102_12_29_32_Pro.mp4,data/processed/landmarks/islwords/RADISH/0b40000cb3ab.npz,161,30.0,5.367,1.0,1.0,,train
cb8f8741ac40,RADISH,islwords,video,,islwords:rec:5d47e81a3de7,C:\ISL\archive\Video_Dataset\Video_Dataset\Radish\WIN_20231102_12_29_39_Pro.mp4,data/processed/landmarks/islwords/RADISH/cb8f8741ac40.npz,185,30.0,6.167,1.0,1.0,,train
34c9377755c6,RADISH,islwords,video,,islwords:rec:9f115282ccbc,C:\ISL\archive\Video_Dataset\Video_Dataset\Radish\WIN_20231102_12_29_58_Pro.mp4,data/processed/landmarks/islwords/RADISH/34c9377755c6.npz,161,30.0,5.367,1.0,1.0,,train
31198e622f8a,RADISH,islwords,video,,islwords:rec:5a3c16f855a6,C:\ISL\archive\Video_Dataset\Video_Dataset\Radish\WIN_20231102_12_30_17_Pro.mp4,data/processed/landmarks/islwords/RADISH/31198e622f8a.npz,121,30.0,4.033,1.0,1.0,,train
32e6776a90c1,RADISH,islwords,video,,islwords:rec:532724b9f696,C:\ISL\archive\Video_Dataset\Video_Dataset\Radish\WIN_20231102_12_30_22_Pro.mp4,data/processed/landmarks/islwords/RADISH/32e6776a90c1.npz,124,30.0,4.133,1.0,1.0,,train
f493f7695cd3,RADISH,islwords,video,,islwords:rec:02c9bf5565f0,C:\ISL\archive\Video_Dataset\Video_Dataset\Radish\WIN_20231102_12_30_28_Pro.mp4,data/processed/landmarks/islwords/RADISH/f493f7695cd3.npz,131,30.0,4.367,1.0,1.0,,train
87573c5b7c9e,RADISH,islwords,video,,islwords:rec:b3e1c7e35479,C:\ISL\archive\Video_Dataset\Video_Dataset\Radish\WIN_20231102_12_30_34_Pro.mp4,data/processed/landmarks/islwords/RADISH/87573c5b7c9e.npz,111,30.0,3.7,1.0,1.0,,train
dbd273efb802,RADISH,islwords,video,,islwords:rec:7f5cfd8e6695,C:\ISL\archive\Video_Dataset\Video_Dataset\Radish\WIN_20231102_12_30_42_Pro.mp4,data/processed/landmarks/islwords/RADISH/dbd273efb802.npz,109,30.0,3.633,1.0,1.0,,train
1a257cc727bb,SPARROW,islwords,video,,islwords:rec:3e8eb53a4cf4,C:\ISL\archive\Video_Dataset\Video_Dataset\Sparrow\WIN_20231103_12_58_35_Pro.mp4,data/processed/landmarks/islwords/SPARROW/1a257cc727bb.npz,171,30.0,5.7,1.0,1.0,,train
31e8975f0632,SPARROW,islwords,video,,islwords:rec:dfdeb14b774b,C:\ISL\archive\Video_Dataset\Video_Dataset\Sparrow\WIN_20231103_12_58_44_Pro.mp4,data/processed/landmarks/islwords/SPARROW/31e8975f0632.npz,167,30.0,5.567,0.994,1.0,,train
69c322f4db52,SPARROW,islwords,video,,islwords:rec:c79b675b1996,C:\ISL\archive\Video_Dataset\Video_Dataset\Sparrow\WIN_20231103_12_58_51_Pro.mp4,data/processed/landmarks/islwords/SPARROW/69c322f4db52.npz,169,30.0,5.633,1.0,1.0,,train
c1f329da2d00,SPARROW,islwords,video,,islwords:rec:e8cff77c77f6,C:\ISL\archive\Video_Dataset\Video_Dataset\Sparrow\WIN_20231103_12_58_58_Pro.mp4,data/processed/landmarks/islwords/SPARROW/c1f329da2d00.npz,168,30.0,5.6,1.0,1.0,,train
0237764c66f8,SPARROW,islwords,video,,islwords:rec:b9f8e3652ab7,C:\ISL\archive\Video_Dataset\Video_Dataset\Sparrow\WIN_20231103_12_59_31_Pro.mp4,data/processed/landmarks/islwords/SPARROW/0237764c66f8.npz,174,30.0,5.8,1.0,1.0,,train
01c704ebe6ce,SPARROW,islwords,video,,islwords:rec:dcd4e499a7e7,C:\ISL\archive\Video_Dataset\Video_Dataset\Sparrow\WIN_20231103_12_59_39_Pro.mp4,data/processed/landmarks/islwords/SPARROW/01c704ebe6ce.npz,190,30.0,6.333,1.0,1.0,,train
486d67b6e90c,SPARROW,islwords,video,,islwords:rec:e01074341ec8,C:\ISL\archive\Video_Dataset\Video_Dataset\Sparrow\WIN_20231103_12_59_47_Pro.mp4,data/processed/landmarks/islwords/SPARROW/486d67b6e90c.npz,193,30.0,6.433,1.0,1.0,,train
cf0f60506a97,SPARROW,islwords,video,,islwords:rec:fdb693d526b3,C:\ISL\archive\Video_Dataset\Video_Dataset\Sparrow\WIN_20231103_12_59_56_Pro.mp4,data/processed/landmarks/islwords/SPARROW/cf0f60506a97.npz,192,30.0,6.4,1.0,1.0,,train
67f3aa631de2,SPARROW,islwords,video,,islwords:rec:52b1d5e13909,C:\ISL\archive\Video_Dataset\Video_Dataset\Sparrow\WIN_20231103_13_00_05_Pro.mp4,data/processed/landmarks/islwords/SPARROW/67f3aa631de2.npz,213,30.0,7.1,1.0,1.0,,train
a6ea2417fe6f,SPARROW,islwords,video,,islwords:rec:19c0be56aace,C:\ISL\archive\Video_Dataset\Video_Dataset\Sparrow\WIN_20231103_13_01_04_Pro.mp4,data/processed/landmarks/islwords/SPARROW/a6ea2417fe6f.npz,201,30.0,6.7,1.0,1.0,,train
6e806d15ff12,SPARROW,islwords,video,,islwords:rec:188d3e93b104,C:\ISL\archive\Video_Dataset\Video_Dataset\Sparrow\WIN_20231103_13_01_12_Pro.mp4,data/processed/landmarks/islwords/SPARROW/6e806d15ff12.npz,207,30.0,6.9,1.0,1.0,,train
217ee48b08fa,SPARROW,islwords,video,,islwords:rec:389eea518d7c,C:\ISL\archive\Video_Dataset\Video_Dataset\Sparrow\WIN_20231103_13_01_21_Pro.mp4,data/processed/landmarks/islwords/SPARROW/217ee48b08fa.npz,218,30.0,7.267,1.0,1.0,,train
f8f3c5a34e49,SPARROW,islwords,video,,islwords:rec:cf25d64b3a4d,C:\ISL\archive\Video_Dataset\Video_Dataset\Sparrow\WIN_20231103_13_01_39_Pro.mp4,data/processed/landmarks/islwords/SPARROW/f8f3c5a34e49.npz,235,30.0,7.833,1.0,1.0,,train
9091fdc71c43,SPARROW,islwords,video,,islwords:rec:0113a1633788,C:\ISL\archive\Video_Dataset\Video_Dataset\Sparrow\WIN_20231103_13_41_59_Pro.mp4,data/processed/landmarks/islwords/SPARROW/9091fdc71c43.npz,212,30.0,7.067,1.0,1.0,,train
b77f82bb1a5b,SPARROW,islwords,video,,islwords:rec:de1a63774794,C:\ISL\archive\Video_Dataset\Video_Dataset\Sparrow\WIN_20231103_13_42_17_Pro.mp4,data/processed/landmarks/islwords/SPARROW/b77f82bb1a5b.npz,201,30.0,6.7,1.0,1.0,,train
d5fad02eff8c,SPARROW,islwords,video,,islwords:rec:4e3df8c81bcb,C:\ISL\archive\Video_Dataset\Video_Dataset\Sparrow\WIN_20231103_13_42_26_Pro.mp4,data/processed/landmarks/islwords/SPARROW/d5fad02eff8c.npz,183,30.0,6.1,1.0,1.0,,train
648c3feb852d,SPARROW,islwords,video,,islwords:rec:d9f5e53cdce6,C:\ISL\archive\Video_Dataset\Video_Dataset\Sparrow\WIN_20231103_13_42_33_Pro.mp4,data/processed/landmarks/islwords/SPARROW/648c3feb852d.npz,193,30.0,6.433,0.9948,1.0,,train
926069de5eff,STILL,islwords,video,,islwords:rec:b617f640cb83,C:\ISL\archive\Video_Dataset\Video_Dataset\Still\WIN_20231014_19_04_36_Pro_Trim - Copy_cropped.mp4,data/processed/landmarks/islwords/STILL/926069de5eff.npz,224,30.0,7.467,1.0,1.0,,train
a28e826bcdda,STILL,islwords,video,,islwords:rec:170f59eeae55,C:\ISL\archive\Video_Dataset\Video_Dataset\Still\WIN_20231014_19_04_54_Pro_Trim - Copy_cropped.mp4,data/processed/landmarks/islwords/STILL/a28e826bcdda.npz,212,30.0,7.067,1.0,1.0,,train
734f556c5845,STILL,islwords,video,,islwords:rec:958c1813600e,C:\ISL\archive\Video_Dataset\Video_Dataset\Still\WIN_20231014_19_05_10_Pro_Trim - Copy_cropped.mp4,data/processed/landmarks/islwords/STILL/734f556c5845.npz,215,30.0,7.167,1.0,1.0,,train
0290c3550404,STILL,islwords,video,,islwords:rec:e72189e4eddf,C:\ISL\archive\Video_Dataset\Video_Dataset\Still\WIN_20231014_19_05_24_Pro_Trim - Copy_cropped.mp4,data/processed/landmarks/islwords/STILL/0290c3550404.npz,238,30.0,7.933,1.0,1.0,,train
794579b34a4e,SWITCH,islwords,video,,islwords:rec:6851164a1cb6,C:\ISL\archive\Video_Dataset\Video_Dataset\Switch\WIN_20230901_09_08_23_Pro.mp4,data/processed/landmarks/islwords/SWITCH/794579b34a4e.npz,131,30.0,4.367,1.0,1.0,,train
681a7bfabb84,SWITCH,islwords,video,,islwords:rec:23f50d79c9b1,C:\ISL\archive\Video_Dataset\Video_Dataset\Switch\WIN_20230901_09_08_32_Pro.mp4,data/processed/landmarks/islwords/SWITCH/681a7bfabb84.npz,125,30.0,4.167,1.0,1.0,,train
470998924982,SWITCH,islwords,video,,islwords:rec:fcf52a5e3685,C:\ISL\archive\Video_Dataset\Video_Dataset\Switch\WIN_20230901_09_08_39_Pro.mp4,data/processed/landmarks/islwords/SWITCH/470998924982.npz,90,30.0,3.0,1.0,1.0,,train
692fafeace99,SWITCH,islwords,video,,islwords:rec:b0c4983c2f34,C:\ISL\archive\Video_Dataset\Video_Dataset\Switch\WIN_20230901_09_09_53_Pro.mp4,data/processed/landmarks/islwords/SWITCH/692fafeace99.npz,108,30.0,3.6,1.0,1.0,,train
36afd004ba8b,SWITCH,islwords,video,,islwords:rec:4ca47f9086c3,C:\ISL\archive\Video_Dataset\Video_Dataset\Switch\WIN_20230901_09_10_08_Pro.mp4,data/processed/landmarks/islwords/SWITCH/36afd004ba8b.npz,136,30.0,4.533,1.0,1.0,,train
9ba8ddec25f9,SWITCH,islwords,video,,islwords:rec:bd135545cf0f,C:\ISL\archive\Video_Dataset\Video_Dataset\Switch\WIN_20230901_09_10_21_Pro.mp4,data/processed/landmarks/islwords/SWITCH/9ba8ddec25f9.npz,125,30.0,4.167,1.0,1.0,,train
481e8297608e,SWITCH,islwords,video,,islwords:rec:603a3c74bbff,C:\ISL\archive\Video_Dataset\Video_Dataset\Switch\WIN_20230901_09_10_29_Pro.mp4,data/processed/landmarks/islwords/SWITCH/481e8297608e.npz,128,30.0,4.267,1.0,1.0,,train
651c334d002f,SWITCH,islwords,video,,islwords:rec:4dee33bd455a,C:\ISL\archive\Video_Dataset\Video_Dataset\Switch\WIN_20230901_09_10_36_Pro.mp4,data/processed/landmarks/islwords/SWITCH/651c334d002f.npz,138,30.0,4.6,1.0,1.0,,train
7b2e5b6377e9,SWITCH,islwords,video,,islwords:rec:be97b8cf3f0e,C:\ISL\archive\Video_Dataset\Video_Dataset\Switch\WIN_20230901_09_12_44_Pro.mp4,data/processed/landmarks/islwords/SWITCH/7b2e5b6377e9.npz,184,30.0,6.133,1.0,1.0,,train
f34082b17d94,SWITCH,islwords,video,,islwords:rec:2ebdd4ce16e5,C:\ISL\archive\Video_Dataset\Video_Dataset\Switch\WIN_20230901_09_12_53_Pro.mp4,data/processed/landmarks/islwords/SWITCH/f34082b17d94.npz,171,30.0,5.7,1.0,1.0,,train
d3419bf64851,SWITCH,islwords,video,,islwords:rec:6bb856ce6f0d,C:\ISL\archive\Video_Dataset\Video_Dataset\Switch\WIN_20230901_09_13_02_Pro.mp4,data/processed/landmarks/islwords/SWITCH/d3419bf64851.npz,210,30.0,7.0,1.0,1.0,,train
86652c38effc,SWITCH,islwords,video,,islwords:rec:0510b2867b03,C:\ISL\archive\Video_Dataset\Video_Dataset\Switch\WIN_20230901_09_13_10_Pro.mp4,data/processed/landmarks/islwords/SWITCH/86652c38effc.npz,202,30.0,6.733,1.0,1.0,,train
9e75669a1415,SWITCH,islwords,video,,islwords:rec:c958ea3786f1,C:\ISL\archive\Video_Dataset\Video_Dataset\Switch\WIN_20230901_09_13_21_Pro.mp4,data/processed/landmarks/islwords/SWITCH/9e75669a1415.npz,153,30.0,5.1,1.0,1.0,,train
6a5a54d4c7f1,TEA,islwords,video,,islwords:rec:327f4396b375,C:\ISL\archive\Video_Dataset\Video_Dataset\Tea\WIN_20230831_12_01_07_Pro.mp4,data/processed/landmarks/islwords/TEA/6a5a54d4c7f1.npz,253,30.0,8.433,1.0,1.0,,train
b09f489b536a,TEA,islwords,video,,islwords:rec:50e41aa5716c,C:\ISL\archive\Video_Dataset\Video_Dataset\Tea\WIN_20230831_12_02_10_Pro.mp4,data/processed/landmarks/islwords/TEA/b09f489b536a.npz,223,30.0,7.433,1.0,1.0,,train
ede0b7914a11,TEA,islwords,video,,islwords:rec:92abe29e6400,C:\ISL\archive\Video_Dataset\Video_Dataset\Tea\WIN_20230831_12_02_47_Pro.mp4,data/processed/landmarks/islwords/TEA/ede0b7914a11.npz,192,30.0,6.4,1.0,1.0,,train
7a097066fba0,TEA,islwords,video,,islwords:rec:3c1c4fb97851,C:\ISL\archive\Video_Dataset\Video_Dataset\Tea\WIN_20230831_12_03_04_Pro.mp4,data/processed/landmarks/islwords/TEA/7a097066fba0.npz,234,30.0,7.8,1.0,1.0,,train
2bc9197d083e,TEA,islwords,video,,islwords:rec:8036afe39695,C:\ISL\archive\Video_Dataset\Video_Dataset\Tea\WIN_20230831_12_03_16_Pro.mp4,data/processed/landmarks/islwords/TEA/2bc9197d083e.npz,183,30.0,6.1,1.0,1.0,,train
4afe62c569a8,TEA,islwords,video,,islwords:rec:c6d356e3dbee,C:\ISL\archive\Video_Dataset\Video_Dataset\Tea\WIN_20230831_12_03_54_Pro.mp4,data/processed/landmarks/islwords/TEA/4afe62c569a8.npz,216,30.0,7.2,1.0,1.0,,train
c777471e7542,TEA,islwords,video,,islwords:rec:ab7e70391caa,C:\ISL\archive\Video_Dataset\Video_Dataset\Tea\WIN_20230831_12_04_12_Pro.mp4,data/processed/landmarks/islwords/TEA/c777471e7542.npz,187,30.0,6.233,1.0,1.0,,train
dd705c07e050,TEA,islwords,video,,islwords:rec:890e4490ea0e,C:\ISL\archive\Video_Dataset\Video_Dataset\Tea\WIN_20230831_12_04_48_Pro.mp4,data/processed/landmarks/islwords/TEA/dd705c07e050.npz,197,30.0,6.567,1.0,1.0,,train
e2f8c3899847,TEA,islwords,video,,islwords:rec:2733c75beb5c,C:\ISL\archive\Video_Dataset\Video_Dataset\Tea\WIN_20230831_12_05_38_Pro.mp4,data/processed/landmarks/islwords/TEA/e2f8c3899847.npz,253,30.0,8.433,1.0,1.0,,train
692ba734ecd6,TEA,islwords,video,,islwords:rec:1e6e4f9de206,C:\ISL\archive\Video_Dataset\Video_Dataset\Tea\WIN_20230831_12_05_52_Pro.mp4,data/processed/landmarks/islwords/TEA/692ba734ecd6.npz,348,30.0,11.6,1.0,1.0,,train
f767c17fcfd0,TEA,islwords,video,,islwords:rec:36f8a52a20ac,C:\ISL\archive\Video_Dataset\Video_Dataset\Tea\WIN_20230831_12_06_16_Pro.mp4,data/processed/landmarks/islwords/TEA/f767c17fcfd0.npz,361,30.0,12.033,1.0,1.0,,train
f1f4f37f12c6,TEA,islwords,video,,islwords:rec:bfd8dae4c45a,C:\ISL\archive\Video_Dataset\Video_Dataset\Tea\WIN_20230831_12_06_37_Pro.mp4,data/processed/landmarks/islwords/TEA/f1f4f37f12c6.npz,242,30.0,8.067,1.0,1.0,,train
d3e56580b38f,TEA,islwords,video,,islwords:rec:441a103ba5c4,C:\ISL\archive\Video_Dataset\Video_Dataset\Tea\WIN_20230831_12_06_49_Pro.mp4,data/processed/landmarks/islwords/TEA/d3e56580b38f.npz,266,30.0,8.867,1.0,1.0,,train
d5d744b5f20b,TEMPLE,islwords,video,,islwords:rec:551a5d425290,C:\ISL\archive\Video_Dataset\Video_Dataset\Temple\WIN_20230831_12_12_59_Pro.mp4,data/processed/landmarks/islwords/TEMPLE/d5d744b5f20b.npz,240,30.0,8.0,0.8417,1.0,,train
9fc0d813a400,TEMPLE,islwords,video,,islwords:rec:5e55f036aa2a,C:\ISL\archive\Video_Dataset\Video_Dataset\Temple\WIN_20230831_12_13_10_Pro.mp4,data/processed/landmarks/islwords/TEMPLE/9fc0d813a400.npz,244,30.0,8.133,0.9467,1.0,,train
57dff615415f,TEMPLE,islwords,video,,islwords:rec:c76beee5c5be,C:\ISL\archive\Video_Dataset\Video_Dataset\Temple\WIN_20230831_12_14_54_Pro.mp4,data/processed/landmarks/islwords/TEMPLE/57dff615415f.npz,190,30.0,6.333,0.7579,1.0,,train
641283d0b747,TEMPLE,islwords,video,,islwords:rec:a3b685b5e94c,C:\ISL\archive\Video_Dataset\Video_Dataset\Temple\WIN_20230831_12_15_06_Pro.mp4,data/processed/landmarks/islwords/TEMPLE/641283d0b747.npz,211,30.0,7.033,0.8341,1.0,,train
ce4e643c65c1,TEMPLE,islwords,video,,islwords:rec:218da0355850,C:\ISL\archive\Video_Dataset\Video_Dataset\Temple\WIN_20230831_12_15_19_Pro.mp4,data/processed/landmarks/islwords/TEMPLE/ce4e643c65c1.npz,214,30.0,7.133,0.785,1.0,,train
68f06b3e4e3f,TEMPLE,islwords,video,,islwords:rec:f983cc7db4a9,C:\ISL\archive\Video_Dataset\Video_Dataset\Temple\WIN_20230831_12_16_02_Pro.mp4,data/processed/landmarks/islwords/TEMPLE/68f06b3e4e3f.npz,237,30.0,7.9,1.0,1.0,,train
d1fefdef2d76,TEMPLE,islwords,video,,islwords:rec:c8cf5feb6444,C:\ISL\archive\Video_Dataset\Video_Dataset\Temple\WIN_20230831_12_16_13_Pro.mp4,data/processed/landmarks/islwords/TEMPLE/d1fefdef2d76.npz,229,30.0,7.633,1.0,1.0,,train
b0e3754756b6,TEMPLE,islwords,video,,islwords:rec:9b1fde24d9cb,C:\ISL\archive\Video_Dataset\Video_Dataset\Temple\WIN_20230831_12_16_35_Pro.mp4,data/processed/landmarks/islwords/TEMPLE/b0e3754756b6.npz,208,30.0,6.933,1.0,1.0,,train
5d2b20c8f5b5,TEMPLE,islwords,video,,islwords:rec:fac814ae05b3,C:\ISL\archive\Video_Dataset\Video_Dataset\Temple\WIN_20230831_12_16_47_Pro.mp4,data/processed/landmarks/islwords/TEMPLE/5d2b20c8f5b5.npz,209,30.0,6.967,1.0,1.0,,train
d655232d2adb,TEMPLE,islwords,video,,islwords:rec:6c3e01a3c14a,C:\ISL\archive\Video_Dataset\Video_Dataset\Temple\WIN_20230831_12_19_57_Pro.mp4,data/processed/landmarks/islwords/TEMPLE/d655232d2adb.npz,309,30.0,10.3,1.0,1.0,,train
df687cc3bd82,TEMPLE,islwords,video,,islwords:rec:ad119c6990af,C:\ISL\archive\Video_Dataset\Video_Dataset\Temple\WIN_20230831_12_20_13_Pro.mp4,data/processed/landmarks/islwords/TEMPLE/df687cc3bd82.npz,324,30.0,10.8,1.0,1.0,,train
6c2c227a1155,TEMPLE,islwords,video,,islwords:rec:edb059d6bb37,C:\ISL\archive\Video_Dataset\Video_Dataset\Temple\WIN_20230831_12_20_27_Pro.mp4,data/processed/landmarks/islwords/TEMPLE/6c2c227a1155.npz,310,30.0,10.333,1.0,1.0,,train
09b923cd927d,TEMPLE,islwords,video,,islwords:rec:87bb4378c3f0,C:\ISL\archive\Video_Dataset\Video_Dataset\Temple\WIN_20230831_12_20_43_Pro.mp4,data/processed/landmarks/islwords/TEMPLE/09b923cd927d.npz,299,30.0,9.967,1.0,1.0,,train
1451db738296,THANK_YOU,islwords,video,,islwords:rec:cb237cf7cc42,C:\ISL\archive\Video_Dataset\Video_Dataset\Thank you\WIN_20231103_13_12_51_Pro.mp4,data/processed/landmarks/islwords/THANK_YOU/1451db738296.npz,113,30.0,3.767,1.0,1.0,,train
f57f33115407,THANK_YOU,islwords,video,,islwords:rec:8f50ea223d43,C:\ISL\archive\Video_Dataset\Video_Dataset\Thank you\WIN_20231103_13_13_18_Pro.mp4,data/processed/landmarks/islwords/THANK_YOU/f57f33115407.npz,126,30.0,4.2,1.0,1.0,,train
155b60a5e878,THANK_YOU,islwords,video,,islwords:rec:5f2a6933ca18,C:\ISL\archive\Video_Dataset\Video_Dataset\Thank you\WIN_20231103_13_13_25_Pro.mp4,data/processed/landmarks/islwords/THANK_YOU/155b60a5e878.npz,117,30.0,3.9,1.0,1.0,,train
218d34396780,THANK_YOU,islwords,video,,islwords:rec:73cbc8bcded2,C:\ISL\archive\Video_Dataset\Video_Dataset\Thank you\WIN_20231103_13_13_31_Pro.mp4,data/processed/landmarks/islwords/THANK_YOU/218d34396780.npz,113,30.0,3.767,1.0,1.0,,train
2fd65ea61f6b,THANK_YOU,islwords,video,,islwords:rec:a8bc04bd01a2,C:\ISL\archive\Video_Dataset\Video_Dataset\Thank you\WIN_20231103_13_13_36_Pro.mp4,data/processed/landmarks/islwords/THANK_YOU/2fd65ea61f6b.npz,113,30.0,3.767,1.0,1.0,,train
4e74d90e30c3,THANK_YOU,islwords,video,,islwords:rec:ff75c89f1aac,C:\ISL\archive\Video_Dataset\Video_Dataset\Thank you\WIN_20231103_13_14_09_Pro.mp4,data/processed/landmarks/islwords/THANK_YOU/4e74d90e30c3.npz,132,30.0,4.4,1.0,1.0,,train
fe916b79cc6f,THANK_YOU,islwords,video,,islwords:rec:753a04bfe373,C:\ISL\archive\Video_Dataset\Video_Dataset\Thank you\WIN_20231103_13_14_15_Pro.mp4,data/processed/landmarks/islwords/THANK_YOU/fe916b79cc6f.npz,147,30.0,4.9,1.0,1.0,,train
14662ab29097,THANK_YOU,islwords,video,,islwords:rec:6cbd9b9061a8,C:\ISL\archive\Video_Dataset\Video_Dataset\Thank you\WIN_20231103_13_14_23_Pro.mp4,data/processed/landmarks/islwords/THANK_YOU/14662ab29097.npz,142,30.0,4.733,1.0,1.0,,train
81c343b88873,THANK_YOU,islwords,video,,islwords:rec:ab2c4c9df63b,C:\ISL\archive\Video_Dataset\Video_Dataset\Thank you\WIN_20231103_13_14_54_Pro.mp4,data/processed/landmarks/islwords/THANK_YOU/81c343b88873.npz,124,30.0,4.133,1.0,1.0,,train
e69929014142,THANK_YOU,islwords,video,,islwords:rec:71e11c5e2edb,C:\ISL\archive\Video_Dataset\Video_Dataset\Thank you\WIN_20231103_13_15_00_Pro.mp4,data/processed/landmarks/islwords/THANK_YOU/e69929014142.npz,121,30.0,4.033,1.0,1.0,,train
6bccb38e4cef,THANK_YOU,islwords,video,,islwords:rec:bfdb9fa71208,C:\ISL\archive\Video_Dataset\Video_Dataset\Thank you\WIN_20231103_13_15_06_Pro.mp4,data/processed/landmarks/islwords/THANK_YOU/6bccb38e4cef.npz,128,30.0,4.267,1.0,1.0,,train
4013599e079e,THANK_YOU,islwords,video,,islwords:rec:f3cdf780964c,C:\ISL\archive\Video_Dataset\Video_Dataset\Thank you\WIN_20231103_13_15_23_Pro.mp4,data/processed/landmarks/islwords/THANK_YOU/4013599e079e.npz,117,30.0,3.9,1.0,1.0,,train
48752375a3bf,THANK_YOU,islwords,video,,islwords:rec:613d451115a4,C:\ISL\archive\Video_Dataset\Video_Dataset\Thank you\WIN_20231103_13_16_09_Pro.mp4,data/processed/landmarks/islwords/THANK_YOU/48752375a3bf.npz,109,30.0,3.633,1.0,1.0,,train
b85101e962f8,THANK_YOU,islwords,video,,islwords:rec:e0ea911729c6,C:\ISL\archive\Video_Dataset\Video_Dataset\Thank you\WIN_20231103_13_47_41_Pro.mp4,data/processed/landmarks/islwords/THANK_YOU/b85101e962f8.npz,144,30.0,4.8,1.0,1.0,,train
bf073469fdb8,THANK_YOU,islwords,video,,islwords:rec:f702138a1538,C:\ISL\archive\Video_Dataset\Video_Dataset\Thank you\WIN_20231103_13_47_48_Pro.mp4,data/processed/landmarks/islwords/THANK_YOU/bf073469fdb8.npz,140,30.0,4.667,1.0,1.0,,train
2ae512e6a12b,THANK_YOU,islwords,video,,islwords:rec:805078540d48,C:\ISL\archive\Video_Dataset\Video_Dataset\Thank you\WIN_20231103_13_47_54_Pro.mp4,data/processed/landmarks/islwords/THANK_YOU/2ae512e6a12b.npz,150,30.0,5.0,1.0,1.0,,train
41b04eed7781,THANK_YOU,islwords,video,,islwords:rec:eb7dc79d1200,C:\ISL\archive\Video_Dataset\Video_Dataset\Thank you\WIN_20231103_13_48_28_Pro.mp4,data/processed/landmarks/islwords/THANK_YOU/41b04eed7781.npz,144,30.0,4.8,1.0,1.0,,train
6adf97bad8d1,TIGER,islwords,video,,islwords:rec:9537ac8f46a3,C:\ISL\archive\Video_Dataset\Video_Dataset\Tiger\WIN_20231102_13_18_43_Pro.mp4,data/processed/landmarks/islwords/TIGER/6adf97bad8d1.npz,190,30.0,6.333,1.0,1.0,,train
c8a7b949a99f,TIGER,islwords,video,,islwords:rec:c3eb5630821c,C:\ISL\archive\Video_Dataset\Video_Dataset\Tiger\WIN_20231102_13_18_52_Pro.mp4,data/processed/landmarks/islwords/TIGER/c8a7b949a99f.npz,200,30.0,6.667,1.0,1.0,,train
aff9657a07ce,TIGER,islwords,video,,islwords:rec:5f769d8f7a38,C:\ISL\archive\Video_Dataset\Video_Dataset\Tiger\WIN_20231102_13_19_00_Pro.mp4,data/processed/landmarks/islwords/TIGER/aff9657a07ce.npz,202,30.0,6.733,1.0,1.0,,train
c01d7267e879,TIGER,islwords,video,,islwords:rec:c319fda61331,C:\ISL\archive\Video_Dataset\Video_Dataset\Tiger\WIN_20231102_13_19_15_Pro.mp4,data/processed/landmarks/islwords/TIGER/c01d7267e879.npz,206,30.0,6.867,1.0,1.0,,train
f1585619caad,TIGER,islwords,video,,islwords:rec:b5b3b17c422d,C:\ISL\archive\Video_Dataset\Video_Dataset\Tiger\WIN_20231102_13_19_24_Pro.mp4,data/processed/landmarks/islwords/TIGER/f1585619caad.npz,215,30.0,7.167,1.0,1.0,,train
911205e855db,TIGER,islwords,video,,islwords:rec:cda23db133a6,C:\ISL\archive\Video_Dataset\Video_Dataset\Tiger\WIN_20231102_13_20_40_Pro.mp4,data/processed/landmarks/islwords/TIGER/911205e855db.npz,169,30.0,5.633,1.0,1.0,,train
d116a6d46249,TIGER,islwords,video,,islwords:rec:d195a4ba8504,C:\ISL\archive\Video_Dataset\Video_Dataset\Tiger\WIN_20231102_13_20_51_Pro.mp4,data/processed/landmarks/islwords/TIGER/d116a6d46249.npz,147,30.0,4.9,1.0,1.0,,train
f7b7f4afcaf5,TIGER,islwords,video,,islwords:rec:f1e9294a1078,C:\ISL\archive\Video_Dataset\Video_Dataset\Tiger\WIN_20231102_13_20_59_Pro.mp4,data/processed/landmarks/islwords/TIGER/f7b7f4afcaf5.npz,167,30.0,5.567,0.994,1.0,,train
fdd7c326c5a7,TIGER,islwords,video,,islwords:rec:f8c6952b0e3f,C:\ISL\archive\Video_Dataset\Video_Dataset\Tiger\WIN_20231102_13_21_07_Pro.mp4,data/processed/landmarks/islwords/TIGER/fdd7c326c5a7.npz,164,30.0,5.467,1.0,1.0,,train
e7502e5969b2,TIGER,islwords,video,,islwords:rec:57c78fee9e19,C:\ISL\archive\Video_Dataset\Video_Dataset\Tiger\WIN_20231102_13_21_14_Pro.mp4,data/processed/landmarks/islwords/TIGER/e7502e5969b2.npz,167,30.0,5.567,1.0,1.0,,train
5f7afdadd4b8,TIGER,islwords,video,,islwords:rec:0f6bdb1c3996,C:\ISL\archive\Video_Dataset\Video_Dataset\Tiger\WIN_20231102_13_21_42_Pro.mp4,data/processed/landmarks/islwords/TIGER/5f7afdadd4b8.npz,188,30.0,6.267,1.0,1.0,,train
42055afb950a,TIGER,islwords,video,,islwords:rec:6ca61d7d3281,C:\ISL\archive\Video_Dataset\Video_Dataset\Tiger\WIN_20231102_13_21_50_Pro.mp4,data/processed/landmarks/islwords/TIGER/42055afb950a.npz,213,30.0,7.1,1.0,1.0,,train
eb95286a21fd,TIGER,islwords,video,,islwords:rec:9f0ec63a0bae,C:\ISL\archive\Video_Dataset\Video_Dataset\Tiger\WIN_20231102_13_22_36_Pro.mp4,data/processed/landmarks/islwords/TIGER/eb95286a21fd.npz,192,30.0,6.4,1.0,1.0,,train
55924e89e431,TIGER,islwords,video,,islwords:rec:82132c4bf5a6,C:\ISL\archive\Video_Dataset\Video_Dataset\Tiger\WIN_20231102_13_55_45_Pro.mp4,data/processed/landmarks/islwords/TIGER/55924e89e431.npz,162,30.0,5.4,1.0,1.0,,train
a9cca340464d,TIGER,islwords,video,,islwords:rec:b8023d5484fb,C:\ISL\archive\Video_Dataset\Video_Dataset\Tiger\WIN_20231102_13_55_52_Pro.mp4,data/processed/landmarks/islwords/TIGER/a9cca340464d.npz,169,30.0,5.633,1.0,1.0,,train
608617f42db1,TIGER,islwords,video,,islwords:rec:eae2f3e66ef0,C:\ISL\archive\Video_Dataset\Video_Dataset\Tiger\WIN_20231102_13_56_01_Pro.mp4,data/processed/landmarks/islwords/TIGER/608617f42db1.npz,153,30.0,5.1,1.0,1.0,,train
d8d9495a1f31,TIGER,islwords,video,,islwords:rec:72402e5dd3c5,C:\ISL\archive\Video_Dataset\Video_Dataset\Tiger\WIN_20231102_13_56_08_Pro.mp4,data/processed/landmarks/islwords/TIGER/d8d9495a1f31.npz,158,30.0,5.267,1.0,1.0,,train
0d2ff2ab6dd4,TURTLE,islwords,video,,islwords:rec:15b6992e75b7,C:\ISL\archive\Video_Dataset\Video_Dataset\Turtle\WIN_20231102_13_23_44_Pro.mp4,data/processed/landmarks/islwords/TURTLE/0d2ff2ab6dd4.npz,172,30.0,5.733,1.0,1.0,,train
704f2ac7cddc,TURTLE,islwords,video,,islwords:rec:8b7bda7399fa,C:\ISL\archive\Video_Dataset\Video_Dataset\Turtle\WIN_20231102_13_23_53_Pro.mp4,data/processed/landmarks/islwords/TURTLE/704f2ac7cddc.npz,170,30.0,5.667,1.0,1.0,,train
7d5580c23b88,TURTLE,islwords,video,,islwords:rec:7e895aa28ec3,C:\ISL\archive\Video_Dataset\Video_Dataset\Turtle\WIN_20231102_13_24_00_Pro.mp4,data/processed/landmarks/islwords/TURTLE/7d5580c23b88.npz,181,30.0,6.033,1.0,1.0,,train
9b32ea2bd9e0,TURTLE,islwords,video,,islwords:rec:1fd9157ea292,C:\ISL\archive\Video_Dataset\Video_Dataset\Turtle\WIN_20231102_13_24_17_Pro.mp4,data/processed/landmarks/islwords/TURTLE/9b32ea2bd9e0.npz,176,30.0,5.867,1.0,1.0,,train
d0bd00842aa7,TURTLE,islwords,video,,islwords:rec:9e1bc0b0bce6,C:\ISL\archive\Video_Dataset\Video_Dataset\Turtle\WIN_20231102_13_25_27_Pro.mp4,data/processed/landmarks/islwords/TURTLE/d0bd00842aa7.npz,169,30.0,5.633,1.0,1.0,,train
c8a168fccb96,TURTLE,islwords,video,,islwords:rec:1c6ea2ef8e91,C:\ISL\archive\Video_Dataset\Video_Dataset\Turtle\WIN_20231102_13_25_35_Pro.mp4,data/processed/landmarks/islwords/TURTLE/c8a168fccb96.npz,150,30.0,5.0,1.0,1.0,,train
129b219ea886,TURTLE,islwords,video,,islwords:rec:840acfc1cfb8,C:\ISL\archive\Video_Dataset\Video_Dataset\Turtle\WIN_20231102_13_25_42_Pro.mp4,data/processed/landmarks/islwords/TURTLE/129b219ea886.npz,161,30.0,5.367,1.0,1.0,,train
ab2877a7fd51,TURTLE,islwords,video,,islwords:rec:0d09608daedd,C:\ISL\archive\Video_Dataset\Video_Dataset\Turtle\WIN_20231102_13_25_49_Pro.mp4,data/processed/landmarks/islwords/TURTLE/ab2877a7fd51.npz,159,30.0,5.3,1.0,1.0,,train
a3939c25a74f,TURTLE,islwords,video,,islwords:rec:f761d6210690,C:\ISL\archive\Video_Dataset\Video_Dataset\Turtle\WIN_20231102_13_25_56_Pro.mp4,data/processed/landmarks/islwords/TURTLE/a3939c25a74f.npz,169,30.0,5.633,1.0,1.0,,train
052de42c5de2,TURTLE,islwords,video,,islwords:rec:630bba21a128,C:\ISL\archive\Video_Dataset\Video_Dataset\Turtle\WIN_20231102_13_27_47_Pro.mp4,data/processed/landmarks/islwords/TURTLE/052de42c5de2.npz,189,30.0,6.3,1.0,1.0,,train
2369c995d01f,TURTLE,islwords,video,,islwords:rec:762f91e796fb,C:\ISL\archive\Video_Dataset\Video_Dataset\Turtle\WIN_20231102_13_27_56_Pro.mp4,data/processed/landmarks/islwords/TURTLE/2369c995d01f.npz,209,30.0,6.967,1.0,1.0,,train
b61b8ad24f92,TURTLE,islwords,video,,islwords:rec:ba2cf3ae55f4,C:\ISL\archive\Video_Dataset\Video_Dataset\Turtle\WIN_20231102_13_28_05_Pro.mp4,data/processed/landmarks/islwords/TURTLE/b61b8ad24f92.npz,194,30.0,6.467,1.0,1.0,,train
a2891b87e8c9,TURTLE,islwords,video,,islwords:rec:af09ba595801,C:\ISL\archive\Video_Dataset\Video_Dataset\Turtle\WIN_20231102_13_28_13_Pro.mp4,data/processed/landmarks/islwords/TURTLE/a2891b87e8c9.npz,211,30.0,7.033,1.0,1.0,,train
036ec695d6d1,TURTLE,islwords,video,,islwords:rec:7ea1d173a7be,C:\ISL\archive\Video_Dataset\Video_Dataset\Turtle\WIN_20231102_13_28_22_Pro.mp4,data/processed/landmarks/islwords/TURTLE/036ec695d6d1.npz,226,30.0,7.533,1.0,1.0,,train
0abd02b4ea6d,TURTLE,islwords,video,,islwords:rec:b5e49421dddb,C:\ISL\archive\Video_Dataset\Video_Dataset\Turtle\WIN_20231102_13_57_27_Pro.mp4,data/processed/landmarks/islwords/TURTLE/0abd02b4ea6d.npz,151,30.0,5.033,1.0,1.0,,train
262f77f76c66,TURTLE,islwords,video,,islwords:rec:e893c129ddfe,C:\ISL\archive\Video_Dataset\Video_Dataset\Turtle\WIN_20231102_13_57_35_Pro.mp4,data/processed/landmarks/islwords/TURTLE/262f77f76c66.npz,178,30.0,5.933,1.0,1.0,,train
c51f561b5440,TURTLE,islwords,video,,islwords:rec:2ffd0e256eb0,C:\ISL\archive\Video_Dataset\Video_Dataset\Turtle\WIN_20231102_13_57_44_Pro.mp4,data/processed/landmarks/islwords/TURTLE/c51f561b5440.npz,186,30.0,6.2,1.0,1.0,,train
67b9aa83b0b8,UMBRELLA,islwords,video,,islwords:rec:35fb0556e491,C:\ISL\archive\Video_Dataset\Video_Dataset\Umbrella\WIN_20230831_13_06_19_Pro.mp4,data/processed/landmarks/islwords/UMBRELLA/67b9aa83b0b8.npz,170,30.0,5.667,1.0,1.0,,train
4a83442f26d8,UMBRELLA,islwords,video,,islwords:rec:44125eb7a254,C:\ISL\archive\Video_Dataset\Video_Dataset\Umbrella\WIN_20230831_13_06_28_Pro.mp4,data/processed/landmarks/islwords/UMBRELLA/4a83442f26d8.npz,143,30.0,4.767,1.0,1.0,,train
e6d239c4b2b8,UMBRELLA,islwords,video,,islwords:rec:31ffda45d7b9,C:\ISL\archive\Video_Dataset\Video_Dataset\Umbrella\WIN_20230831_13_06_52_Pro.mp4,data/processed/landmarks/islwords/UMBRELLA/e6d239c4b2b8.npz,137,30.0,4.567,1.0,1.0,,train
0513c3147e60,UMBRELLA,islwords,video,,islwords:rec:c42454e06e12,C:\ISL\archive\Video_Dataset\Video_Dataset\Umbrella\WIN_20230831_13_07_31_Pro.mp4,data/processed/landmarks/islwords/UMBRELLA/0513c3147e60.npz,159,30.0,5.3,1.0,1.0,,train
eaf2ed627f8f,UMBRELLA,islwords,video,,islwords:rec:062ecba313e7,C:\ISL\archive\Video_Dataset\Video_Dataset\Umbrella\WIN_20230831_13_07_39_Pro.mp4,data/processed/landmarks/islwords/UMBRELLA/eaf2ed627f8f.npz,169,30.0,5.633,1.0,1.0,,train
7bb133eafe0c,UMBRELLA,islwords,video,,islwords:rec:a759d6412943,C:\ISL\archive\Video_Dataset\Video_Dataset\Umbrella\WIN_20230831_13_07_47_Pro.mp4,data/processed/landmarks/islwords/UMBRELLA/7bb133eafe0c.npz,162,30.0,5.4,1.0,1.0,,train
56c2e36b3c7b,UMBRELLA,islwords,video,,islwords:rec:d721b5ceb406,C:\ISL\archive\Video_Dataset\Video_Dataset\Umbrella\WIN_20230831_13_07_54_Pro.mp4,data/processed/landmarks/islwords/UMBRELLA/56c2e36b3c7b.npz,177,30.0,5.9,1.0,1.0,,train
ba36f299eec5,UMBRELLA,islwords,video,,islwords:rec:7f15ca2c6ad6,C:\ISL\archive\Video_Dataset\Video_Dataset\Umbrella\WIN_20230831_13_08_03_Pro.mp4,data/processed/landmarks/islwords/UMBRELLA/ba36f299eec5.npz,150,30.0,5.0,0.9933,1.0,,train
1cf6ebfda4ea,UMBRELLA,islwords,video,,islwords:rec:efabe7c1950e,C:\ISL\archive\Video_Dataset\Video_Dataset\Umbrella\WIN_20230831_13_09_40_Pro.mp4,data/processed/landmarks/islwords/UMBRELLA/1cf6ebfda4ea.npz,202,30.0,6.733,1.0,1.0,,train
aefec8fd6ed4,UMBRELLA,islwords,video,,islwords:rec:0857a21c0f02,C:\ISL\archive\Video_Dataset\Video_Dataset\Umbrella\WIN_20230831_13_09_49_Pro.mp4,data/processed/landmarks/islwords/UMBRELLA/aefec8fd6ed4.npz,209,30.0,6.967,1.0,1.0,,train
33729151e1b7,UMBRELLA,islwords,video,,islwords:rec:e7e11f4a14d7,C:\ISL\archive\Video_Dataset\Video_Dataset\Umbrella\WIN_20230831_13_09_58_Pro.mp4,data/processed/landmarks/islwords/UMBRELLA/33729151e1b7.npz,221,30.0,7.367,1.0,1.0,,train
e35e943c4535,UMBRELLA,islwords,video,,islwords:rec:491ec54110a1,C:\ISL\archive\Video_Dataset\Video_Dataset\Umbrella\WIN_20230831_13_10_07_Pro.mp4,data/processed/landmarks/islwords/UMBRELLA/e35e943c4535.npz,209,30.0,6.967,1.0,1.0,,train
4fb1faa0e765,UMBRELLA,islwords,video,,islwords:rec:fbba8c7ca8fd,C:\ISL\archive\Video_Dataset\Video_Dataset\Umbrella\WIN_20230831_13_10_40_Pro.mp4,data/processed/landmarks/islwords/UMBRELLA/4fb1faa0e765.npz,196,30.0,6.533,1.0,1.0,,train
1bb8b6ef788f,UNCLE,islwords,video,,islwords:rec:826fe1738a95,C:\ISL\archive\Video_Dataset\Video_Dataset\Uncle\WIN_20230831_12_55_07_Pro.mp4,data/processed/landmarks/islwords/UNCLE/1bb8b6ef788f.npz,170,30.0,5.667,1.0,1.0,,train
8ecac7d607a0,UNCLE,islwords,video,,islwords:rec:392c8eb83273,C:\ISL\archive\Video_Dataset\Video_Dataset\Uncle\WIN_20230831_12_55_15_Pro.mp4,data/processed/landmarks/islwords/UNCLE/8ecac7d607a0.npz,151,30.0,5.033,1.0,1.0,,train
396eb197356e,UNCLE,islwords,video,,islwords:rec:bec52a3754f9,C:\ISL\archive\Video_Dataset\Video_Dataset\Uncle\WIN_20230831_12_57_06_Pro.mp4,data/processed/landmarks/islwords/UNCLE/396eb197356e.npz,176,30.0,5.867,1.0,1.0,,train
98ffd207a701,UNCLE,islwords,video,,islwords:rec:aefa27a5fd35,C:\ISL\archive\Video_Dataset\Video_Dataset\Uncle\WIN_20230831_12_57_13_Pro.mp4,data/processed/landmarks/islwords/UNCLE/98ffd207a701.npz,161,30.0,5.367,1.0,1.0,,train
1725f2d26114,UNCLE,islwords,video,,islwords:rec:89faed1e50c4,C:\ISL\archive\Video_Dataset\Video_Dataset\Uncle\WIN_20230831_12_57_20_Pro.mp4,data/processed/landmarks/islwords/UNCLE/1725f2d26114.npz,147,30.0,4.9,1.0,1.0,,train
3ef96b27a83e,UNCLE,islwords,video,,islwords:rec:d53cfe07ed21,C:\ISL\archive\Video_Dataset\Video_Dataset\Uncle\WIN_20230831_12_58_05_Pro.mp4,data/processed/landmarks/islwords/UNCLE/3ef96b27a83e.npz,185,30.0,6.167,1.0,1.0,,train
c19ee3ada792,UNCLE,islwords,video,,islwords:rec:c0758866d4cd,C:\ISL\archive\Video_Dataset\Video_Dataset\Uncle\WIN_20230831_12_58_23_Pro.mp4,data/processed/landmarks/islwords/UNCLE/c19ee3ada792.npz,188,30.0,6.267,1.0,1.0,,train
27780e18fa5c,UNCLE,islwords,video,,islwords:rec:f3abcc475a83,C:\ISL\archive\Video_Dataset\Video_Dataset\Uncle\WIN_20230831_12_58_41_Pro.mp4,data/processed/landmarks/islwords/UNCLE/27780e18fa5c.npz,188,30.0,6.267,1.0,1.0,,train
987934c8197f,UNCLE,islwords,video,,islwords:rec:c02d04b2737c,C:\ISL\archive\Video_Dataset\Video_Dataset\Uncle\WIN_20230831_12_59_35_Pro.mp4,data/processed/landmarks/islwords/UNCLE/987934c8197f.npz,232,30.0,7.733,1.0,1.0,,train
6cc8781eb988,UNCLE,islwords,video,,islwords:rec:54031b261deb,C:\ISL\archive\Video_Dataset\Video_Dataset\Uncle\WIN_20230831_12_59_49_Pro.mp4,data/processed/landmarks/islwords/UNCLE/6cc8781eb988.npz,200,30.0,6.667,1.0,1.0,,train
fe855b708728,UNCLE,islwords,video,,islwords:rec:1be669d1898c,C:\ISL\archive\Video_Dataset\Video_Dataset\Uncle\WIN_20230831_13_00_00_Pro.mp4,data/processed/landmarks/islwords/UNCLE/fe855b708728.npz,211,30.0,7.033,1.0,1.0,,train
ee49d8e24a21,UNCLE,islwords,video,,islwords:rec:b61fbdd58858,C:\ISL\archive\Video_Dataset\Video_Dataset\Uncle\WIN_20230831_13_00_09_Pro.mp4,data/processed/landmarks/islwords/UNCLE/ee49d8e24a21.npz,237,30.0,7.9,1.0,1.0,,train
e2e52e99af3b,UNCLE,islwords,video,,islwords:rec:c632cf2e8e7e,C:\ISL\archive\Video_Dataset\Video_Dataset\Uncle\WIN_20230831_13_00_19_Pro.mp4,data/processed/landmarks/islwords/UNCLE/e2e52e99af3b.npz,253,30.0,8.433,1.0,1.0,,train
f2c6358105ea,VEGETABLES,islwords,video,,islwords:rec:be35486172b6,C:\ISL\archive\Video_Dataset\Video_Dataset\Vegetables\WIN_20231102_10_40_57_Pro.mp4,data/processed/landmarks/islwords/VEGETABLES/f2c6358105ea.npz,188,30.0,6.267,1.0,1.0,,train
aeff7a263f62,VEGETABLES,islwords,video,,islwords:rec:81788192e34d,C:\ISL\archive\Video_Dataset\Video_Dataset\Vegetables\WIN_20231102_10_41_19_Pro.mp4,data/processed/landmarks/islwords/VEGETABLES/aeff7a263f62.npz,176,30.0,5.867,0.9943,1.0,,train
dcba96d6e201,VEGETABLES,islwords,video,,islwords:rec:304e20140c18,C:\ISL\archive\Video_Dataset\Video_Dataset\Vegetables\WIN_20231102_10_41_26_Pro.mp4,data/processed/landmarks/islwords/VEGETABLES/dcba96d6e201.npz,180,30.0,6.0,1.0,1.0,,train
6b7526104167,VEGETABLES,islwords,video,,islwords:rec:1085da16fcc8,C:\ISL\archive\Video_Dataset\Video_Dataset\Vegetables\WIN_20231102_10_44_37_Pro.mp4,data/processed/landmarks/islwords/VEGETABLES/6b7526104167.npz,170,30.0,5.667,1.0,1.0,,train
86b0d478d2b8,VEGETABLES,islwords,video,,islwords:rec:435e37a4d7f1,C:\ISL\archive\Video_Dataset\Video_Dataset\Vegetables\WIN_20231102_10_44_45_Pro.mp4,data/processed/landmarks/islwords/VEGETABLES/86b0d478d2b8.npz,209,30.0,6.967,0.9952,1.0,,train
6423bff96c9d,VEGETABLES,islwords,video,,islwords:rec:8334f3465dfa,C:\ISL\archive\Video_Dataset\Video_Dataset\Vegetables\WIN_20231102_10_44_54_Pro.mp4,data/processed/landmarks/islwords/VEGETABLES/6423bff96c9d.npz,200,30.0,6.667,1.0,1.0,,train
a8b402a7c382,VEGETABLES,islwords,video,,islwords:rec:f148a6301f3d,C:\ISL\archive\Video_Dataset\Video_Dataset\Vegetables\WIN_20231102_10_45_04_Pro.mp4,data/processed/landmarks/islwords/VEGETABLES/a8b402a7c382.npz,225,30.0,7.5,1.0,1.0,,train
02a2b1ed26a4,VEGETABLES,islwords,video,,islwords:rec:523465d9b02e,C:\ISL\archive\Video_Dataset\Video_Dataset\Vegetables\WIN_20231102_10_46_40_Pro.mp4,data/processed/landmarks/islwords/VEGETABLES/02a2b1ed26a4.npz,191,30.0,6.367,1.0,1.0,,train
b495014a8038,VEGETABLES,islwords,video,,islwords:rec:a9990522b946,C:\ISL\archive\Video_Dataset\Video_Dataset\Vegetables\WIN_20231102_10_46_49_Pro.mp4,data/processed/landmarks/islwords/VEGETABLES/b495014a8038.npz,176,30.0,5.867,1.0,1.0,,train
77359a6dbbec,VEGETABLES,islwords,video,,islwords:rec:1a15e21d2107,C:\ISL\archive\Video_Dataset\Video_Dataset\Vegetables\WIN_20231102_10_46_56_Pro.mp4,data/processed/landmarks/islwords/VEGETABLES/77359a6dbbec.npz,174,30.0,5.8,1.0,1.0,,train
c89ce95582a2,VEGETABLES,islwords,video,,islwords:rec:86e25283436e,C:\ISL\archive\Video_Dataset\Video_Dataset\Vegetables\WIN_20231102_10_47_03_Pro.mp4,data/processed/landmarks/islwords/VEGETABLES/c89ce95582a2.npz,169,30.0,5.633,1.0,1.0,,train
9323c5b79fb4,VEGETABLES,islwords,video,,islwords:rec:c198fbc178a7,C:\ISL\archive\Video_Dataset\Video_Dataset\Vegetables\WIN_20231102_10_47_11_Pro.mp4,data/processed/landmarks/islwords/VEGETABLES/9323c5b79fb4.npz,161,30.0,5.367,1.0,1.0,,train
3271788a530e,VEGETABLES,islwords,video,,islwords:rec:d4a50eaea77e,C:\ISL\archive\Video_Dataset\Video_Dataset\Vegetables\WIN_20231102_10_49_24_Pro.mp4,data/processed/landmarks/islwords/VEGETABLES/3271788a530e.npz,184,30.0,6.133,1.0,1.0,,train
a8caa78c0556,VEGETABLES,islwords,video,,islwords:rec:2bfabb598ef9,C:\ISL\archive\Video_Dataset\Video_Dataset\Vegetables\WIN_20231102_10_49_33_Pro.mp4,data/processed/landmarks/islwords/VEGETABLES/a8caa78c0556.npz,188,30.0,6.267,1.0,1.0,,train
c83fce572e4b,VEGETABLES,islwords,video,,islwords:rec:1e133a65332b,C:\ISL\archive\Video_Dataset\Video_Dataset\Vegetables\WIN_20231102_10_49_41_Pro.mp4,data/processed/landmarks/islwords/VEGETABLES/c83fce572e4b.npz,203,30.0,6.767,1.0,1.0,,train
d3540f4f84cf,VEGETABLES,islwords,video,,islwords:rec:75cc8b80258d,C:\ISL\archive\Video_Dataset\Video_Dataset\Vegetables\WIN_20231102_10_49_51_Pro.mp4,data/processed/landmarks/islwords/VEGETABLES/d3540f4f84cf.npz,196,30.0,6.533,1.0,1.0,,train
fb479b0ee349,VEGETABLES,islwords,video,,islwords:rec:17d40764201c,C:\ISL\archive\Video_Dataset\Video_Dataset\Vegetables\WIN_20231102_10_50_00_Pro.mp4,data/processed/landmarks/islwords/VEGETABLES/fb479b0ee349.npz,193,30.0,6.433,1.0,1.0,,train
e7c261a8b7a1,VOLCANO,islwords,video,,islwords:rec:f01e3013c83f,C:\ISL\archive\Video_Dataset\Video_Dataset\Volcano\WIN_20231103_11_29_04_Pro.mp4,data/processed/landmarks/islwords/VOLCANO/e7c261a8b7a1.npz,120,30.0,4.0,1.0,1.0,,train
c6372f6db7e1,VOLCANO,islwords,video,,islwords:rec:2f791bfe2fe7,C:\ISL\archive\Video_Dataset\Video_Dataset\Volcano\WIN_20231103_11_29_32_Pro.mp4,data/processed/landmarks/islwords/VOLCANO/c6372f6db7e1.npz,128,30.0,4.267,0.9922,1.0,,train
7f7e407b07c9,VOLCANO,islwords,video,,islwords:rec:bec39d64f4e7,C:\ISL\archive\Video_Dataset\Video_Dataset\Volcano\WIN_20231103_11_29_38_Pro.mp4,data/processed/landmarks/islwords/VOLCANO/7f7e407b07c9.npz,136,30.0,4.533,1.0,1.0,,train
d3461e6e9f38,VOLCANO,islwords,video,,islwords:rec:b89d4e4305d2,C:\ISL\archive\Video_Dataset\Video_Dataset\Volcano\WIN_20231103_11_29_44_Pro.mp4,data/processed/landmarks/islwords/VOLCANO/d3461e6e9f38.npz,123,30.0,4.1,1.0,1.0,,train
366264ad8a60,VOLCANO,islwords,video,,islwords:rec:66f9234845de,C:\ISL\archive\Video_Dataset\Video_Dataset\Volcano\WIN_20231103_11_30_24_Pro.mp4,data/processed/landmarks/islwords/VOLCANO/366264ad8a60.npz,155,30.0,5.167,1.0,1.0,,train
bf17167be953,VOLCANO,islwords,video,,islwords:rec:eb84aa087e98,C:\ISL\archive\Video_Dataset\Video_Dataset\Volcano\WIN_20231103_11_30_42_Pro.mp4,data/processed/landmarks/islwords/VOLCANO/bf17167be953.npz,202,30.0,6.733,1.0,1.0,,train
48332369ffd3,VOLCANO,islwords,video,,islwords:rec:6d12c0f28bd1,C:\ISL\archive\Video_Dataset\Video_Dataset\Volcano\WIN_20231103_11_30_50_Pro.mp4,data/processed/landmarks/islwords/VOLCANO/48332369ffd3.npz,197,30.0,6.567,1.0,1.0,,train
2438fc7f45a8,VOLCANO,islwords,video,,islwords:rec:738db7f2b49c,C:\ISL\archive\Video_Dataset\Video_Dataset\Volcano\WIN_20231103_11_31_57_Pro.mp4,data/processed/landmarks/islwords/VOLCANO/2438fc7f45a8.npz,211,30.0,7.033,1.0,1.0,,train
3afe12494521,VOLCANO,islwords,video,,islwords:rec:ed318bb7bfaf,C:\ISL\archive\Video_Dataset\Video_Dataset\Volcano\WIN_20231103_11_32_10_Pro.mp4,data/processed/landmarks/islwords/VOLCANO/3afe12494521.npz,201,30.0,6.7,1.0,1.0,,train
0b440d8df3be,VOLCANO,islwords,video,,islwords:rec:8bac8701ab39,C:\ISL\archive\Video_Dataset\Video_Dataset\Volcano\WIN_20231103_11_32_36_Pro.mp4,data/processed/landmarks/islwords/VOLCANO/0b440d8df3be.npz,169,30.0,5.633,1.0,1.0,,train
b56efd402ea7,VOLCANO,islwords,video,,islwords:rec:9bcff58e5308,C:\ISL\archive\Video_Dataset\Video_Dataset\Volcano\WIN_20231103_11_32_58_Pro.mp4,data/processed/landmarks/islwords/VOLCANO/b56efd402ea7.npz,159,30.0,5.3,1.0,1.0,,train
d7c87606d0c3,VOLCANO,islwords,video,,islwords:rec:a0f6f9746c68,C:\ISL\archive\Video_Dataset\Video_Dataset\Volcano\WIN_20231103_11_33_05_Pro.mp4,data/processed/landmarks/islwords/VOLCANO/d7c87606d0c3.npz,151,30.0,5.033,1.0,1.0,,train
f228b8ebd19c,VOLCANO,islwords,video,,islwords:rec:703345d552c4,C:\ISL\archive\Video_Dataset\Video_Dataset\Volcano\WIN_20231103_11_34_41_Pro.mp4,data/processed/landmarks/islwords/VOLCANO/f228b8ebd19c.npz,145,30.0,4.833,1.0,1.0,,train
842588913759,VOLCANO,islwords,video,,islwords:rec:fabbe554bfee,C:\ISL\archive\Video_Dataset\Video_Dataset\Volcano\WIN_20231103_11_34_48_Pro.mp4,data/processed/landmarks/islwords/VOLCANO/842588913759.npz,143,30.0,4.767,1.0,1.0,,train
21a1b6daacae,VOLCANO,islwords,video,,islwords:rec:394f1d1a94a5,C:\ISL\archive\Video_Dataset\Video_Dataset\Volcano\WIN_20231103_11_34_54_Pro.mp4,data/processed/landmarks/islwords/VOLCANO/21a1b6daacae.npz,148,30.0,4.933,0.9932,1.0,,train
535494669ddb,VOLCANO,islwords,video,,islwords:rec:12630216e0c5,C:\ISL\archive\Video_Dataset\Video_Dataset\Volcano\WIN_20231103_11_35_01_Pro.mp4,data/processed/landmarks/islwords/VOLCANO/535494669ddb.npz,152,30.0,5.067,1.0,1.0,,train
4e148f3f6753,VOLCANO,islwords,video,,islwords:rec:17fc1447ab74,C:\ISL\archive\Video_Dataset\Video_Dataset\Volcano\WIN_20231103_11_35_08_Pro.mp4,data/processed/landmarks/islwords/VOLCANO/4e148f3f6753.npz,155,30.0,5.167,1.0,1.0,,train
9f70e57cacef,WHAT_IS_YOUR_NAME,islwords,video,,islwords:rec:2587233d0770,C:\ISL\archive\Video_Dataset\Video_Dataset\What is your Name\WIN_20230901_09_59_01_Pro.mp4,data/processed/landmarks/islwords/WHAT_IS_YOUR_NAME/9f70e57cacef.npz,193,30.0,6.433,1.0,1.0,,train
e2a7c1a2cea8,WHAT_IS_YOUR_NAME,islwords,video,,islwords:rec:81fb3c8bbedd,C:\ISL\archive\Video_Dataset\Video_Dataset\What is your Name\WIN_20230901_09_59_09_Pro.mp4,data/processed/landmarks/islwords/WHAT_IS_YOUR_NAME/e2a7c1a2cea8.npz,211,30.0,7.033,1.0,1.0,,train
644bfb8c0cf9,WHAT_IS_YOUR_NAME,islwords,video,,islwords:rec:334a1bc3c950,C:\ISL\archive\Video_Dataset\Video_Dataset\What is your Name\WIN_20230901_09_59_18_Pro.mp4,data/processed/landmarks/islwords/WHAT_IS_YOUR_NAME/644bfb8c0cf9.npz,216,30.0,7.2,1.0,1.0,,train
272c9e17c38f,WHAT_IS_YOUR_NAME,islwords,video,,islwords:rec:0661e434ab9a,C:\ISL\archive\Video_Dataset\Video_Dataset\What is your Name\WIN_20230901_09_59_26_Pro.mp4,data/processed/landmarks/islwords/WHAT_IS_YOUR_NAME/272c9e17c38f.npz,205,30.0,6.833,1.0,1.0,,train
636cc877f76f,WHAT_IS_YOUR_NAME,islwords,video,,islwords:rec:592f2c591455,C:\ISL\archive\Video_Dataset\Video_Dataset\What is your Name\WIN_20230901_09_59_36_Pro.mp4,data/processed/landmarks/islwords/WHAT_IS_YOUR_NAME/636cc877f76f.npz,220,30.0,7.333,1.0,1.0,,train
60ff51c4a231,WHAT_IS_YOUR_NAME,islwords,video,,islwords:rec:ad9c0c3b81af,C:\ISL\archive\Video_Dataset\Video_Dataset\What is your Name\WIN_20230901_09_59_53_Pro.mp4,data/processed/landmarks/islwords/WHAT_IS_YOUR_NAME/60ff51c4a231.npz,147,30.0,4.9,1.0,1.0,,train
4e4728f7569d,WHAT_IS_YOUR_NAME,islwords,video,,islwords:rec:34ae2f44b7b9,C:\ISL\archive\Video_Dataset\Video_Dataset\What is your Name\WIN_20230901_10_00_00_Pro.mp4,data/processed/landmarks/islwords/WHAT_IS_YOUR_NAME/4e4728f7569d.npz,160,30.0,5.333,1.0,1.0,,train
5c7160600485,WHAT_IS_YOUR_NAME,islwords,video,,islwords:rec:9c533c3618e1,C:\ISL\archive\Video_Dataset\Video_Dataset\What is your Name\WIN_20230901_10_00_55_Pro.mp4,data/processed/landmarks/islwords/WHAT_IS_YOUR_NAME/5c7160600485.npz,135,30.0,4.5,1.0,1.0,,train
e76431d7f3c7,WHAT_IS_YOUR_NAME,islwords,video,,islwords:rec:87d49704f421,C:\ISL\archive\Video_Dataset\Video_Dataset\What is your Name\WIN_20230901_10_01_56_Pro.mp4,data/processed/landmarks/islwords/WHAT_IS_YOUR_NAME/e76431d7f3c7.npz,165,30.0,5.5,1.0,1.0,,train
58f8e2247984,WHAT_IS_YOUR_NAME,islwords,video,,islwords:rec:5ed58883e251,C:\ISL\archive\Video_Dataset\Video_Dataset\What is your Name\WIN_20230901_10_02_08_Pro.mp4,data/processed/landmarks/islwords/WHAT_IS_YOUR_NAME/58f8e2247984.npz,156,30.0,5.2,1.0,1.0,,train
46c94720a6c1,WHAT_IS_YOUR_NAME,islwords,video,,islwords:rec:6e48044d8304,C:\ISL\archive\Video_Dataset\Video_Dataset\What is your Name\WIN_20230901_10_02_14_Pro.mp4,data/processed/landmarks/islwords/WHAT_IS_YOUR_NAME/46c94720a6c1.npz,131,30.0,4.367,1.0,1.0,,train
d1073b3e588d,WHAT_IS_YOUR_NAME,islwords,video,,islwords:rec:eaab8c500c3e,C:\ISL\archive\Video_Dataset\Video_Dataset\What is your Name\WIN_20230901_10_02_21_Pro.mp4,data/processed/landmarks/islwords/WHAT_IS_YOUR_NAME/d1073b3e588d.npz,157,30.0,5.233,1.0,1.0,,train
a95fae7d15fd,WHAT_IS_YOUR_NAME,islwords,video,,islwords:rec:db476f434f12,C:\ISL\archive\Video_Dataset\Video_Dataset\What is your Name\WIN_20230901_10_02_28_Pro.mp4,data/processed/landmarks/islwords/WHAT_IS_YOUR_NAME/a95fae7d15fd.npz,147,30.0,4.9,1.0,1.0,,train
c3cfe9855227,WIFE,islwords,video,,islwords:rec:72a5b8c55c8e,C:\ISL\archive\Video_Dataset\Video_Dataset\Wife\WIN_20230901_08_57_39_Pro.mp4,data/processed/landmarks/islwords/WIFE/c3cfe9855227.npz,192,30.0,6.4,1.0,1.0,,train
a24bc26dfb5f,WIFE,islwords,video,,islwords:rec:d5e856cb6b64,C:\ISL\archive\Video_Dataset\Video_Dataset\Wife\WIN_20230901_08_57_48_Pro.mp4,data/processed/landmarks/islwords/WIFE/a24bc26dfb5f.npz,186,30.0,6.2,1.0,1.0,,train
5f44fc7e9aff,WIFE,islwords,video,,islwords:rec:d051808a9eee,C:\ISL\archive\Video_Dataset\Video_Dataset\Wife\WIN_20230901_08_57_56_Pro.mp4,data/processed/landmarks/islwords/WIFE/5f44fc7e9aff.npz,177,30.0,5.9,1.0,1.0,,train
4890a322fbc7,WIFE,islwords,video,,islwords:rec:0249c711e66f,C:\ISL\archive\Video_Dataset\Video_Dataset\Wife\WIN_20230901_08_58_04_Pro.mp4,data/processed/landmarks/islwords/WIFE/4890a322fbc7.npz,183,30.0,6.1,1.0,1.0,,train
a23fe8e2268f,WIFE,islwords,video,,islwords:rec:f56dc829c12e,C:\ISL\archive\Video_Dataset\Video_Dataset\Wife\WIN_20230901_08_58_11_Pro.mp4,data/processed/landmarks/islwords/WIFE/a23fe8e2268f.npz,169,30.0,5.633,1.0,1.0,,train
4647a79f50a2,WIFE,islwords,video,,islwords:rec:0b767c842a9b,C:\ISL\archive\Video_Dataset\Video_Dataset\Wife\WIN_20230901_09_00_09_Pro.mp4,data/processed/landmarks/islwords/WIFE/4647a79f50a2.npz,158,30.0,5.267,1.0,1.0,,train
31d57b6d492f,WIFE,islwords,video,,islwords:rec:0dd8fff46b2e,C:\ISL\archive\Video_Dataset\Video_Dataset\Wife\WIN_20230901_09_00_16_Pro.mp4,data/processed/landmarks/islwords/WIFE/31d57b6d492f.npz,154,30.0,5.133,0.9935,1.0,,train
0696c043ff11,WIFE,islwords,video,,islwords:rec:411741a7146f,C:\ISL\archive\Video_Dataset\Video_Dataset\Wife\WIN_20230901_09_00_24_Pro.mp4,data/processed/landmarks/islwords/WIFE/0696c043ff11.npz,141,30.0,4.7,1.0,1.0,,train
1a50aa327021,WIFE,islwords,video,,islwords:rec:e7b23b8e4e3f,C:\ISL\archive\Video_Dataset\Video_Dataset\Wife\WIN_20230901_09_00_38_Pro.mp4,data/processed/landmarks/islwords/WIFE/1a50aa327021.npz,151,30.0,5.033,1.0,1.0,,train
daaa8aed98f1,WIFE,islwords,video,,islwords:rec:23fb22a97c14,C:\ISL\archive\Video_Dataset\Video_Dataset\Wife\WIN_20230901_09_02_32_Pro.mp4,data/processed/landmarks/islwords/WIFE/daaa8aed98f1.npz,221,30.0,7.367,1.0,1.0,,train
ba3e60707e05,WIFE,islwords,video,,islwords:rec:a7a8e04f7d84,C:\ISL\archive\Video_Dataset\Video_Dataset\Wife\WIN_20230901_09_02_42_Pro.mp4,data/processed/landmarks/islwords/WIFE/ba3e60707e05.npz,192,30.0,6.4,1.0,1.0,,train
a161d197aef1,WIFE,islwords,video,,islwords:rec:fd690eeb5c12,C:\ISL\archive\Video_Dataset\Video_Dataset\Wife\WIN_20230901_09_02_49_Pro.mp4,data/processed/landmarks/islwords/WIFE/a161d197aef1.npz,228,30.0,7.6,1.0,1.0,,train
a4055ac69036,WIFE,islwords,video,,islwords:rec:7deaa2fb0d14,C:\ISL\archive\Video_Dataset\Video_Dataset\Wife\WIN_20230901_09_02_59_Pro.mp4,data/processed/landmarks/islwords/WIFE/a4055ac69036.npz,223,30.0,7.433,1.0,1.0,,train
277e5a6dda2b,WRITER,islwords,video,,islwords:rec:27a5a9f002b1,C:\ISL\archive\Video_Dataset\Video_Dataset\Writer\WIN_20230901_09_50_19_Pro.mp4,data/processed/landmarks/islwords/WRITER/277e5a6dda2b.npz,156,30.0,5.2,1.0,1.0,,train
f9d3da39282a,WRITER,islwords,video,,islwords:rec:064942e0d6ee,C:\ISL\archive\Video_Dataset\Video_Dataset\Writer\WIN_20230901_09_50_38_Pro.mp4,data/processed/landmarks/islwords/WRITER/f9d3da39282a.npz,148,30.0,4.933,1.0,1.0,,train
a1199926948b,WRITER,islwords,video,,islwords:rec:38f0da35ca42,C:\ISL\archive\Video_Dataset\Video_Dataset\Writer\WIN_20230901_09_50_44_Pro.mp4,data/processed/landmarks/islwords/WRITER/a1199926948b.npz,139,30.0,4.633,1.0,1.0,,train
7ec2f3669a57,WRITER,islwords,video,,islwords:rec:4fcdad9b9e26,C:\ISL\archive\Video_Dataset\Video_Dataset\Writer\WIN_20230901_09_50_50_Pro.mp4,data/processed/landmarks/islwords/WRITER/7ec2f3669a57.npz,133,30.0,4.433,1.0,1.0,,train
e360f3b657b7,WRITER,islwords,video,,islwords:rec:988b77ff0a1b,C:\ISL\archive\Video_Dataset\Video_Dataset\Writer\WIN_20230901_09_53_44_Pro.mp4,data/processed/landmarks/islwords/WRITER/e360f3b657b7.npz,144,30.0,4.8,1.0,1.0,,train
0e1b781cd16a,WRITER,islwords,video,,islwords:rec:8ad8b6fa63b4,C:\ISL\archive\Video_Dataset\Video_Dataset\Writer\WIN_20230901_09_53_57_Pro.mp4,data/processed/landmarks/islwords/WRITER/0e1b781cd16a.npz,145,30.0,4.833,1.0,1.0,,train
3151ac863b41,WRITER,islwords,video,,islwords:rec:1d6381201bf4,C:\ISL\archive\Video_Dataset\Video_Dataset\Writer\WIN_20230901_09_54_03_Pro.mp4,data/processed/landmarks/islwords/WRITER/3151ac863b41.npz,125,30.0,4.167,1.0,1.0,,train
3e960962640e,WRITER,islwords,video,,islwords:rec:ee6e1e1462fc,C:\ISL\archive\Video_Dataset\Video_Dataset\Writer\WIN_20230901_09_54_11_Pro.mp4,data/processed/landmarks/islwords/WRITER/3e960962640e.npz,140,30.0,4.667,1.0,1.0,,train
97cd1deb639f,WRITER,islwords,video,,islwords:rec:c8d5c4141c1b,C:\ISL\archive\Video_Dataset\Video_Dataset\Writer\WIN_20230901_09_54_51_Pro.mp4,data/processed/landmarks/islwords/WRITER/97cd1deb639f.npz,186,30.0,6.2,1.0,1.0,,train
c01cd649da88,WRITER,islwords,video,,islwords:rec:523f56957964,C:\ISL\archive\Video_Dataset\Video_Dataset\Writer\WIN_20230901_09_54_58_Pro.mp4,data/processed/landmarks/islwords/WRITER/c01cd649da88.npz,180,30.0,6.0,1.0,1.0,,train
88df6ef6b283,WRITER,islwords,video,,islwords:rec:386b71a00b76,C:\ISL\archive\Video_Dataset\Video_Dataset\Writer\WIN_20230901_09_55_06_Pro.mp4,data/processed/landmarks/islwords/WRITER/88df6ef6b283.npz,185,30.0,6.167,1.0,1.0,,train
1cfed70bb00b,WRITER,islwords,video,,islwords:rec:ba49852d0282,C:\ISL\archive\Video_Dataset\Video_Dataset\Writer\WIN_20230901_09_55_13_Pro.mp4,data/processed/landmarks/islwords/WRITER/1cfed70bb00b.npz,175,30.0,5.833,1.0,1.0,,train
de0d89beced1,WRITER,islwords,video,,islwords:rec:1e89b8f57617,C:\ISL\archive\Video_Dataset\Video_Dataset\Writer\WIN_20230901_09_55_20_Pro.mp4,data/processed/landmarks/islwords/WRITER/de0d89beced1.npz,163,30.0,5.433,1.0,1.0,,train
5a91adab8416,WRONG,islwords,video,,islwords:rec:bc15cff3ece2,C:\ISL\archive\Video_Dataset\Video_Dataset\Wrong\WIN_20230831_13_16_16_Pro.mp4,data/processed/landmarks/islwords/WRONG/5a91adab8416.npz,168,30.0,5.6,1.0,1.0,,train
db13ca2e397a,WRONG,islwords,video,,islwords:rec:1168395ca599,C:\ISL\archive\Video_Dataset\Video_Dataset\Wrong\WIN_20230831_13_16_23_Pro.mp4,data/processed/landmarks/islwords/WRONG/db13ca2e397a.npz,144,30.0,4.8,1.0,1.0,,train
d9b830c68203,WRONG,islwords,video,,islwords:rec:c02b019e34da,C:\ISL\archive\Video_Dataset\Video_Dataset\Wrong\WIN_20230831_13_16_46_Pro.mp4,data/processed/landmarks/islwords/WRONG/d9b830c68203.npz,138,30.0,4.6,1.0,1.0,,train
452d82f81f1e,WRONG,islwords,video,,islwords:rec:305de0d3c5a1,C:\ISL\archive\Video_Dataset\Video_Dataset\Wrong\WIN_20230831_13_16_52_Pro.mp4,data/processed/landmarks/islwords/WRONG/452d82f81f1e.npz,141,30.0,4.7,1.0,1.0,,train
2b24d8226d70,WRONG,islwords,video,,islwords:rec:153fb4266d92,C:\ISL\archive\Video_Dataset\Video_Dataset\Wrong\WIN_20230831_13_18_28_Pro.mp4,data/processed/landmarks/islwords/WRONG/2b24d8226d70.npz,154,30.0,5.133,1.0,1.0,,train
7d8450612c3e,WRONG,islwords,video,,islwords:rec:b804dcf1e1ee,C:\ISL\archive\Video_Dataset\Video_Dataset\Wrong\WIN_20230831_13_18_36_Pro.mp4,data/processed/landmarks/islwords/WRONG/7d8450612c3e.npz,150,30.0,5.0,1.0,1.0,,train
1bb12d4d3457,WRONG,islwords,video,,islwords:rec:4eb15bbda734,C:\ISL\archive\Video_Dataset\Video_Dataset\Wrong\WIN_20230831_13_18_43_Pro.mp4,data/processed/landmarks/islwords/WRONG/1bb12d4d3457.npz,163,30.0,5.433,1.0,1.0,,train
a03692a6904f,WRONG,islwords,video,,islwords:rec:01e6b0f9aa43,C:\ISL\archive\Video_Dataset\Video_Dataset\Wrong\WIN_20230831_13_18_52_Pro.mp4,data/processed/landmarks/islwords/WRONG/a03692a6904f.npz,152,30.0,5.067,1.0,1.0,,train
361330bc8abd,WRONG,islwords,video,,islwords:rec:bae1e54b6afb,C:\ISL\archive\Video_Dataset\Video_Dataset\Wrong\WIN_20230831_13_22_21_Pro.mp4,data/processed/landmarks/islwords/WRONG/361330bc8abd.npz,181,30.0,6.033,1.0,1.0,,train
027b04c48580,WRONG,islwords,video,,islwords:rec:03b94c177512,C:\ISL\archive\Video_Dataset\Video_Dataset\Wrong\WIN_20230831_13_22_29_Pro.mp4,data/processed/landmarks/islwords/WRONG/027b04c48580.npz,178,30.0,5.933,1.0,1.0,,train
eb6340920764,WRONG,islwords,video,,islwords:rec:006700acfb08,C:\ISL\archive\Video_Dataset\Video_Dataset\Wrong\WIN_20230831_13_22_37_Pro.mp4,data/processed/landmarks/islwords/WRONG/eb6340920764.npz,159,30.0,5.3,1.0,1.0,,train
3dd53f47248a,WRONG,islwords,video,,islwords:rec:68fdfefbed4c,C:\ISL\archive\Video_Dataset\Video_Dataset\Wrong\WIN_20230831_13_22_47_Pro.mp4,data/processed/landmarks/islwords/WRONG/3dd53f47248a.npz,188,30.0,6.267,1.0,1.0,,train
4d692a591375,WRONG,islwords,video,,islwords:rec:9d34aa2dfa36,C:\ISL\archive\Video_Dataset\Video_Dataset\Wrong\WIN_20230831_13_22_55_Pro.mp4,data/processed/landmarks/islwords/WRONG/4d692a591375.npz,178,30.0,5.933,1.0,1.0,,train
