sample_id,label,source,kind,signer_id,group_id,raw_path,landmarks_path,num_frames,fps,duration_s,any_hand_rate,pose_rate,quality_flag,split
53228502dfdb,SAD,include,video,,include:clip:53228502dfdb,data/external/include_pose/INCLUDE/Pose_Signs/Adjectives/4. sad/MVI_9568.pkl,data/processed/landmarks/include/SAD/53228502dfdb.npz,69,0.0,0.0,1.0,1.0,,
01a819e32367,SAD,include,video,,include:clip:01a819e32367,data/external/include_pose/INCLUDE/Pose_Signs/Adjectives/4. sad/MVI_9721.pkl,data/processed/landmarks/include/SAD/01a819e32367.npz,68,0.0,0.0,1.0,1.0,,
224ee3351c0f,SAD,include,video,,include:clip:224ee3351c0f,data/external/include_pose/INCLUDE/Pose_Signs/Adjectives/4. sad/MVI_9720.pkl,data/processed/landmarks/include/SAD/224ee3351c0f.npz,62,0.0,0.0,1.0,1.0,,
4c970b934aa7,SAD,include,video,,include:clip:4c970b934aa7,data/external/include_pose/INCLUDE/Pose_Signs/Adjectives/4. sad/MVI_9722.pkl,data/processed/landmarks/include/SAD/4c970b934aa7.npz,62,0.0,0.0,1.0,1.0,,
dff528bf3dca,SAD,include,video,,include:clip:dff528bf3dca,data/external/include_pose/INCLUDE/Pose_Signs/Adjectives/4. sad/MVI_9719.pkl,data/processed/landmarks/include/SAD/dff528bf3dca.npz,66,0.0,0.0,1.0,1.0,,
8a8b205b8c1e,SAD,include,video,,include:clip:8a8b205b8c1e,data/external/include_pose/INCLUDE/Pose_Signs/Adjectives/4. sad/MVI_9566.pkl,data/processed/landmarks/include/SAD/8a8b205b8c1e.npz,74,0.0,0.0,1.0,1.0,,
a0ae55af8840,SAD,include,video,,include:clip:a0ae55af8840,data/external/include_pose/INCLUDE/Pose_Signs/Adjectives/4. sad/MVI_9565.pkl,data/processed/landmarks/include/SAD/a0ae55af8840.npz,63,0.0,0.0,1.0,1.0,,
e121cc615d1c,HIGH,include,video,,include:clip:e121cc615d1c,data/external/include_pose/INCLUDE/Pose_Signs/Adjectives/23. high/MVI_9781.pkl,data/processed/landmarks/include/HIGH/e121cc615d1c.npz,57,0.0,0.0,0.807,1.0,,
d46634f9c30c,HIGH,include,video,,include:clip:d46634f9c30c,data/external/include_pose/INCLUDE/Pose_Signs/Adjectives/23. high/MVI_9780.pkl,data/processed/landmarks/include/HIGH/d46634f9c30c.npz,63,0.0,0.0,0.7778,1.0,,
478bd078e0d2,HIGH,include,video,,include:clip:478bd078e0d2,data/external/include_pose/INCLUDE/Pose_Signs/Adjectives/23. high/MVI_9655.pkl,data/processed/landmarks/include/HIGH/478bd078e0d2.npz,70,0.0,0.0,0.9571,1.0,,
d1ae9eebbeee,HIGH,include,video,,include:clip:d1ae9eebbeee,data/external/include_pose/INCLUDE/Pose_Signs/Adjectives/23. high/MVI_9654.pkl,data/processed/landmarks/include/HIGH/d1ae9eebbeee.npz,69,0.0,0.0,0.8986,1.0,,
0529a21965f8,HIGH,include,video,,include:clip:0529a21965f8,data/external/include_pose/INCLUDE/Pose_Signs/Adjectives/23. high/MVI_9656.pkl,data/processed/landmarks/include/HIGH/0529a21965f8.npz,64,0.0,0.0,0.9219,1.0,,
8e43f4559db8,HIGH,include,video,,include:clip:8e43f4559db8,data/external/include_pose/INCLUDE/Pose_Signs/Adjectives/23. high/MVI_9657.pkl,data/processed/landmarks/include/HIGH/8e43f4559db8.npz,70,0.0,0.0,0.9286,1.0,,
19dc2bca7df1,COOL,include,video,,include:clip:19dc2bca7df1,data/external/include_pose/INCLUDE/Pose_Signs/Adjectives/90. cool/MVI_5226.pkl,data/processed/landmarks/include/COOL/19dc2bca7df1.npz,51,0.0,0.0,1.0,1.0,,
a563df1ecf4a,COOL,include,video,,include:clip:a563df1ecf4a,data/external/include_pose/INCLUDE/Pose_Signs/Adjectives/90. cool/MVI_9420.pkl,data/processed/landmarks/include/COOL/a563df1ecf4a.npz,45,0.0,0.0,1.0,1.0,,
e541bd77c65f,COOL,include,video,,include:clip:e541bd77c65f,data/external/include_pose/INCLUDE/Pose_Signs/Adjectives/90. cool/MVI_5227.pkl,data/processed/landmarks/include/COOL/e541bd77c65f.npz,57,0.0,0.0,1.0,1.0,,
71a952033f0b,COOL,include,video,,include:clip:71a952033f0b,data/external/include_pose/INCLUDE/Pose_Signs/Adjectives/90. cool/MVI_5147.pkl,data/processed/landmarks/include/COOL/71a952033f0b.npz,68,0.0,0.0,1.0,1.0,,
cd25342fb770,COOL,include,video,,include:clip:cd25342fb770,data/external/include_pose/INCLUDE/Pose_Signs/Adjectives/90. cool/MVI_5225.pkl,data/processed/landmarks/include/COOL/cd25342fb770.npz,61,0.0,0.0,1.0,1.0,,
fb6e22cce443,COOL,include,video,,include:clip:fb6e22cce443,data/external/include_pose/INCLUDE/Pose_Signs/Adjectives/90. cool/MVI_5146.pkl,data/processed/landmarks/include/COOL/fb6e22cce443.npz,67,0.0,0.0,1.0,1.0,,
0a8751d52f08,COOL,include,video,,include:clip:0a8751d52f08,data/external/include_pose/INCLUDE/Pose_Signs/Adjectives/90. cool/MVI_9419.pkl,data/processed/landmarks/include/COOL/0a8751d52f08.npz,50,0.0,0.0,1.0,1.0,,
c15065c21d71,COOL,include,video,,include:clip:c15065c21d71,data/external/include_pose/INCLUDE/Pose_Signs/Adjectives/90. cool/MVI_9418.pkl,data/processed/landmarks/include/COOL/c15065c21d71.npz,55,0.0,0.0,1.0,1.0,,
9c1daac2a5fd,COOL,include,video,,include:clip:9c1daac2a5fd,data/external/include_pose/INCLUDE/Pose_Signs/Adjectives/90. cool/MVI_9497.pkl,data/processed/landmarks/include/COOL/9c1daac2a5fd.npz,53,0.0,0.0,1.0,1.0,,
6b1dd0ff3c87,COOL,include,video,,include:clip:6b1dd0ff3c87,data/external/include_pose/INCLUDE/Pose_Signs/Adjectives/90. cool/MVI_9337.pkl,data/processed/landmarks/include/COOL/6b1dd0ff3c87.npz,50,0.0,0.0,1.0,1.0,,
db277395cc3e,COOL,include,video,,include:clip:db277395cc3e,data/external/include_pose/INCLUDE/Pose_Signs/Adjectives/90. cool/MVI_9256.pkl,data/processed/landmarks/include/COOL/db277395cc3e.npz,50,0.0,0.0,1.0,1.0,,
b8e4ed10c010,COOL,include,video,,include:clip:b8e4ed10c010,data/external/include_pose/INCLUDE/Pose_Signs/Adjectives/90. cool/MVI_5304.pkl,data/processed/landmarks/include/COOL/b8e4ed10c010.npz,50,0.0,0.0,1.0,1.0,,
b7db166e3ba1,COOL,include,video,,include:clip:b7db166e3ba1,data/external/include_pose/INCLUDE/Pose_Signs/Adjectives/90. cool/MVI_9258.pkl,data/processed/landmarks/include/COOL/b7db166e3ba1.npz,50,0.0,0.0,1.0,1.0,,
7f16c219430d,COOL,include,video,,include:clip:7f16c219430d,data/external/include_pose/INCLUDE/Pose_Signs/Adjectives/90. cool/MVI_9338.pkl,data/processed/landmarks/include/COOL/7f16c219430d.npz,59,0.0,0.0,0.9831,1.0,,
13249d987121,COOL,include,video,,include:clip:13249d987121,data/external/include_pose/INCLUDE/Pose_Signs/Adjectives/90. cool/MVI_9339.pkl,data/processed/landmarks/include/COOL/13249d987121.npz,53,0.0,0.0,1.0,1.0,,
91ca78df5c15,COOL,include,video,,include:clip:91ca78df5c15,data/external/include_pose/INCLUDE/Pose_Signs/Adjectives/90. cool/MVI_5305.pkl,data/processed/landmarks/include/COOL/91ca78df5c15.npz,48,0.0,0.0,1.0,1.0,,
f555ab445076,COOL,include,video,,include:clip:f555ab445076,data/external/include_pose/INCLUDE/Pose_Signs/Adjectives/90. cool/MVI_5306.pkl,data/processed/landmarks/include/COOL/f555ab445076.npz,43,0.0,0.0,1.0,1.0,,
39c474af04bf,SMALL_LITTLE,include,video,,include:clip:39c474af04bf,data/external/include_pose/INCLUDE/Pose_Signs/Adjectives/84. small little/MVI_5208.pkl,data/processed/landmarks/include/SMALL_LITTLE/39c474af04bf.npz,58,0.0,0.0,0.8966,1.0,,
9fbd824bf30d,SMALL_LITTLE,include,video,,include:clip:9fbd824bf30d,data/external/include_pose/INCLUDE/Pose_Signs/Adjectives/84. small little/MVI_9397.pkl,data/processed/landmarks/include/SMALL_LITTLE/9fbd824bf30d.npz,51,0.0,0.0,0.902,1.0,,
e20c1411023f,SMALL_LITTLE,include,video,,include:clip:e20c1411023f,data/external/include_pose/INCLUDE/Pose_Signs/Adjectives/84. small little/MVI_9237.pkl,data/processed/landmarks/include/SMALL_LITTLE/e20c1411023f.npz,52,0.0,0.0,0.9231,1.0,,
fcc4543c93b2,SMALL_LITTLE,include,video,,include:clip:fcc4543c93b2,data/external/include_pose/INCLUDE/Pose_Signs/Adjectives/84. small little/MVI_5127.pkl,data/processed/landmarks/include/SMALL_LITTLE/fcc4543c93b2.npz,80,0.0,0.0,0.9625,1.0,,
ff661781aa3f,SMALL_LITTLE,include,video,,include:clip:ff661781aa3f,data/external/include_pose/INCLUDE/Pose_Signs/Adjectives/84. small little/MVI_9319.pkl,data/processed/landmarks/include/SMALL_LITTLE/ff661781aa3f.npz,51,0.0,0.0,0.902,1.0,,
bd130ec49f22,SMALL_LITTLE,include,video,,include:clip:bd130ec49f22,data/external/include_pose/INCLUDE/Pose_Signs/Adjectives/84. small little/MVI_5286.pkl,data/processed/landmarks/include/SMALL_LITTLE/bd130ec49f22.npz,52,0.0,0.0,0.9615,1.0,,
fde2c6b6b1df,SMALL_LITTLE,include,video,,include:clip:fde2c6b6b1df,data/external/include_pose/INCLUDE/Pose_Signs/Adjectives/84. small little/MVI_9480.pkl,data/processed/landmarks/include/SMALL_LITTLE/fde2c6b6b1df.npz,55,0.0,0.0,0.9455,1.0,,
85480b3c2874,SMALL_LITTLE,include,video,,include:clip:85480b3c2874,data/external/include_pose/INCLUDE/Pose_Signs/Adjectives/84. small little/MVI_5287.pkl,data/processed/landmarks/include/SMALL_LITTLE/85480b3c2874.npz,54,0.0,0.0,0.9259,1.0,,
851dbd6661b8,SMALL_LITTLE,include,video,,include:clip:851dbd6661b8,data/external/include_pose/INCLUDE/Pose_Signs/Adjectives/84. small little/MVI_9479.pkl,data/processed/landmarks/include/SMALL_LITTLE/851dbd6661b8.npz,52,0.0,0.0,0.9231,1.0,,
70c2a0a76ff3,SMALL_LITTLE,include,video,,include:clip:70c2a0a76ff3,data/external/include_pose/INCLUDE/Pose_Signs/Adjectives/84. small little/MVI_9478.pkl,data/processed/landmarks/include/SMALL_LITTLE/70c2a0a76ff3.npz,54,0.0,0.0,0.9074,1.0,,
c89e78d90637,SMALL_LITTLE,include,video,,include:clip:c89e78d90637,data/external/include_pose/INCLUDE/Pose_Signs/Adjectives/84. small little/MVI_9320.pkl,data/processed/landmarks/include/SMALL_LITTLE/c89e78d90637.npz,52,0.0,0.0,0.7885,1.0,,
12bbfd9ad90e,SMALL_LITTLE,include,video,,include:clip:12bbfd9ad90e,data/external/include_pose/INCLUDE/Pose_Signs/Adjectives/84. small little/extra/MVI_5209.pkl,data/processed/landmarks/include/SMALL_LITTLE/12bbfd9ad90e.npz,68,0.0,0.0,0.9559,1.0,,
d8f3a8ceb431,SMALL_LITTLE,include,video,,include:clip:d8f3a8ceb431,data/external/include_pose/INCLUDE/Pose_Signs/Adjectives/84. small little/MVI_5288.pkl,data/processed/landmarks/include/SMALL_LITTLE/d8f3a8ceb431.npz,38,0.0,0.0,0.9211,1.0,,
43294a0cdbe9,SMALL_LITTLE,include,video,,include:clip:43294a0cdbe9,data/external/include_pose/INCLUDE/Pose_Signs/Adjectives/84. small little/MVI_5207.pkl,data/processed/landmarks/include/SMALL_LITTLE/43294a0cdbe9.npz,57,0.0,0.0,0.9123,1.0,,
0ca565145727,SMALL_LITTLE,include,video,,include:clip:0ca565145727,data/external/include_pose/INCLUDE/Pose_Signs/Adjectives/84. small little/MVI_9398.pkl,data/processed/landmarks/include/SMALL_LITTLE/0ca565145727.npz,50,0.0,0.0,0.94,1.0,,
ef66b87623d3,SMALL_LITTLE,include,video,,include:clip:ef66b87623d3,data/external/include_pose/INCLUDE/Pose_Signs/Adjectives/84. small little/MVI_9400.pkl,data/processed/landmarks/include/SMALL_LITTLE/ef66b87623d3.npz,53,0.0,0.0,0.9623,1.0,,
2101bfd44bd8,SMALL_LITTLE,include,video,,include:clip:2101bfd44bd8,data/external/include_pose/INCLUDE/Pose_Signs/Adjectives/84. small little/MVI_5206.pkl,data/processed/landmarks/include/SMALL_LITTLE/2101bfd44bd8.npz,53,0.0,0.0,0.9623,1.0,,
0615b222fd1c,SMALL_LITTLE,include,video,,include:clip:0615b222fd1c,data/external/include_pose/INCLUDE/Pose_Signs/Adjectives/84. small little/MVI_9238.pkl,data/processed/landmarks/include/SMALL_LITTLE/0615b222fd1c.npz,51,0.0,0.0,0.9216,1.0,,
72b81a4c87e8,QUIET,include,video,,include:clip:72b81a4c87e8,data/external/include_pose/INCLUDE/Pose_Signs/Adjectives/2. quiet/MVI_5181.pkl,data/processed/landmarks/include/QUIET/72b81a4c87e8.npz,74,0.0,0.0,1.0,1.0,,
8889544ff4cf,QUIET,include,video,,include:clip:8889544ff4cf,data/external/include_pose/INCLUDE/Pose_Signs/Adjectives/2. quiet/MVI_9537.pkl,data/processed/landmarks/include/QUIET/8889544ff4cf.npz,69,0.0,0.0,1.0,1.0,,
52f2299afc30,QUIET,include,video,,include:clip:52f2299afc30,data/external/include_pose/INCLUDE/Pose_Signs/Adjectives/2. quiet/MVI_9292.pkl,data/processed/landmarks/include/QUIET/52f2299afc30.npz,53,0.0,0.0,1.0,1.0,,
349b329daad9,QUIET,include,video,,include:clip:349b329daad9,data/external/include_pose/INCLUDE/Pose_Signs/Adjectives/2. quiet/MVI_9293.pkl,data/processed/landmarks/include/QUIET/349b329daad9.npz,53,0.0,0.0,1.0,1.0,,
6a76bc81e6b7,QUIET,include,video,,include:clip:6a76bc81e6b7,data/external/include_pose/INCLUDE/Pose_Signs/Adjectives/2. quiet/MVI_9294.pkl,data/processed/landmarks/include/QUIET/6a76bc81e6b7.npz,56,0.0,0.0,1.0,1.0,,
c8f8005bf141,QUIET,include,video,,include:clip:c8f8005bf141,data/external/include_pose/INCLUDE/Pose_Signs/Adjectives/2. quiet/MVI_9451.pkl,data/processed/landmarks/include/QUIET/c8f8005bf141.npz,57,0.0,0.0,1.0,1.0,,
c07ad129d239,QUIET,include,video,,include:clip:c07ad129d239,data/external/include_pose/INCLUDE/Pose_Signs/Adjectives/2. quiet/MVI_9452.pkl,data/processed/landmarks/include/QUIET/c07ad129d239.npz,66,0.0,0.0,1.0,1.0,,
478713a7b21a,QUIET,include,video,,include:clip:478713a7b21a,data/external/include_pose/INCLUDE/Pose_Signs/Adjectives/2. quiet/MVI_9453.pkl,data/processed/landmarks/include/QUIET/478713a7b21a.npz,60,0.0,0.0,1.0,1.0,,
f07f8759a9bd,QUIET,include,video,,include:clip:f07f8759a9bd,data/external/include_pose/INCLUDE/Pose_Signs/Adjectives/2. quiet/MVI_5338.pkl,data/processed/landmarks/include/QUIET/f07f8759a9bd.npz,45,0.0,0.0,1.0,1.0,,
9f0538724ec6,QUIET,include,video,,include:clip:9f0538724ec6,data/external/include_pose/INCLUDE/Pose_Signs/Adjectives/2. quiet/MVI_5339.pkl,data/processed/landmarks/include/QUIET/9f0538724ec6.npz,52,0.0,0.0,1.0,1.0,,
484fb7c4a607,QUIET,include,video,,include:clip:484fb7c4a607,data/external/include_pose/INCLUDE/Pose_Signs/Adjectives/2. quiet/MVI_9538.pkl,data/processed/landmarks/include/QUIET/484fb7c4a607.npz,66,0.0,0.0,1.0,1.0,,
fc22c3f3abd0,QUIET,include,video,,include:clip:fc22c3f3abd0,data/external/include_pose/INCLUDE/Pose_Signs/Adjectives/2. quiet/MVI_5262.pkl,data/processed/landmarks/include/QUIET/fc22c3f3abd0.npz,66,0.0,0.0,1.0,1.0,,
158e85e24ca4,QUIET,include,video,,include:clip:158e85e24ca4,data/external/include_pose/INCLUDE/Pose_Signs/Adjectives/2. quiet/MVI_9539.pkl,data/processed/landmarks/include/QUIET/158e85e24ca4.npz,65,0.0,0.0,1.0,1.0,,
a9132486cd53,QUIET,include,video,,include:clip:a9132486cd53,data/external/include_pose/INCLUDE/Pose_Signs/Adjectives/2. quiet/MVI_5261.pkl,data/processed/landmarks/include/QUIET/a9132486cd53.npz,63,0.0,0.0,1.0,1.0,,
7ef37057df9d,QUIET,include,video,,include:clip:7ef37057df9d,data/external/include_pose/INCLUDE/Pose_Signs/Adjectives/2. quiet/MVI_5260.pkl,data/processed/landmarks/include/QUIET/7ef37057df9d.npz,69,0.0,0.0,1.0,1.0,,
69ed27adc96b,QUIET,include,video,,include:clip:69ed27adc96b,data/external/include_pose/INCLUDE/Pose_Signs/Adjectives/2. quiet/MVI_9373.pkl,data/processed/landmarks/include/QUIET/69ed27adc96b.npz,47,0.0,0.0,1.0,1.0,,
b4f0bbe54d49,QUIET,include,video,,include:clip:b4f0bbe54d49,data/external/include_pose/INCLUDE/Pose_Signs/Adjectives/2. quiet/MVI_9372.pkl,data/processed/landmarks/include/QUIET/b4f0bbe54d49.npz,47,0.0,0.0,1.0,1.0,,
a93d6343a5bf,RICH,include,video,,include:clip:a93d6343a5bf,data/external/include_pose/INCLUDE/Pose_Signs/Adjectives/11. rich/MVI_9596.pkl,data/processed/landmarks/include/RICH/a93d6343a5bf.npz,47,0.0,0.0,0.9574,1.0,,
1c53266dc626,RICH,include,video,,include:clip:1c53266dc626,data/external/include_pose/INCLUDE/Pose_Signs/Adjectives/11. rich/MVI_9735.pkl,data/processed/landmarks/include/RICH/1c53266dc626.npz,59,0.0,0.0,0.9153,1.0,,
9ece0c7dc377,RICH,include,video,,include:clip:9ece0c7dc377,data/external/include_pose/INCLUDE/Pose_Signs/Adjectives/11. rich/MVI_9736.pkl,data/processed/landmarks/include/RICH/9ece0c7dc377.npz,62,0.0,0.0,0.9355,1.0,,
cc7c3ca825ba,RICH,include,video,,include:clip:cc7c3ca825ba,data/external/include_pose/INCLUDE/Pose_Signs/Adjectives/11. rich/MVI_9733.pkl,data/processed/landmarks/include/RICH/cc7c3ca825ba.npz,65,0.0,0.0,0.9231,1.0,,
609fbbebe242,RICH,include,video,,include:clip:609fbbebe242,data/external/include_pose/INCLUDE/Pose_Signs/Adjectives/11. rich/MVI_9598.pkl,data/processed/landmarks/include/RICH/609fbbebe242.npz,58,0.0,0.0,0.9483,1.0,,
4683dc77bbf8,RICH,include,video,,include:clip:4683dc77bbf8,data/external/include_pose/INCLUDE/Pose_Signs/Adjectives/11. rich/MVI_9599.pkl,data/processed/landmarks/include/RICH/4683dc77bbf8.npz,61,0.0,0.0,0.9672,1.0,,
c89314f191da,DRY,include,video,,include:clip:c89314f191da,data/external/include_pose/INCLUDE/Pose_Signs/Adjectives/97. dry/MVI_5169.pkl,data/processed/landmarks/include/DRY/c89314f191da.npz,82,0.0,0.0,0.9878,1.0,,
5a3e56bc6a28,DRY,include,video,,include:clip:5a3e56bc6a28,data/external/include_pose/INCLUDE/Pose_Signs/Adjectives/97. dry/MVI_5168.pkl,data/processed/landmarks/include/DRY/5a3e56bc6a28.npz,80,0.0,0.0,1.0,1.0,,
c893a8d1a002,DRY,include,video,,include:clip:c893a8d1a002,data/external/include_pose/INCLUDE/Pose_Signs/Adjectives/97. dry/MVI_9279.pkl,data/processed/landmarks/include/DRY/c893a8d1a002.npz,56,0.0,0.0,0.8571,1.0,,
e3b8513adce5,DRY,include,video,,include:clip:e3b8513adce5,data/external/include_pose/INCLUDE/Pose_Signs/Adjectives/97. dry/MVI_9523.pkl,data/processed/landmarks/include/DRY/e3b8513adce5.npz,66,0.0,0.0,0.9697,1.0,,
33364d0ba5e7,DRY,include,video,,include:clip:33364d0ba5e7,data/external/include_pose/INCLUDE/Pose_Signs/Adjectives/97. dry/MVI_5250.pkl,data/processed/landmarks/include/DRY/33364d0ba5e7.npz,67,0.0,0.0,0.9552,1.0,,
b3479d8289ea,DRY,include,video,,include:clip:b3479d8289ea,data/external/include_pose/INCLUDE/Pose_Signs/Adjectives/97. dry/MVI_9522.pkl,data/processed/landmarks/include/DRY/b3479d8289ea.npz,64,0.0,0.0,0.9531,1.0,,
d40213ae008d,DRY,include,video,,include:clip:d40213ae008d,data/external/include_pose/INCLUDE/Pose_Signs/Adjectives/97. dry/MVI_9278.pkl,data/processed/landmarks/include/DRY/d40213ae008d.npz,62,0.0,0.0,0.9032,1.0,,
9f969c4baa24,DRY,include,video,,include:clip:9f969c4baa24,data/external/include_pose/INCLUDE/Pose_Signs/Adjectives/97. dry/MVI_5326.pkl,data/processed/landmarks/include/DRY/9f969c4baa24.npz,60,0.0,0.0,0.9667,1.0,,
63e092c146c1,DRY,include,video,,include:clip:63e092c146c1,data/external/include_pose/INCLUDE/Pose_Signs/Adjectives/97. dry/MVI_9440.pkl,data/processed/landmarks/include/DRY/63e092c146c1.npz,58,0.0,0.0,0.9138,1.0,,
98fe9e10ca93,DRY,include,video,,include:clip:98fe9e10ca93,data/external/include_pose/INCLUDE/Pose_Signs/Adjectives/97. dry/MVI_9521.pkl,data/processed/landmarks/include/DRY/98fe9e10ca93.npz,63,0.0,0.0,0.9524,1.0,,
7a686337f76b,DRY,include,video,,include:clip:7a686337f76b,data/external/include_pose/INCLUDE/Pose_Signs/Adjectives/97. dry/MVI_5327.pkl,data/processed/landmarks/include/DRY/7a686337f76b.npz,58,0.0,0.0,0.9828,1.0,,
bbe9986eaf59,DRY,include,video,,include:clip:bbe9986eaf59,data/external/include_pose/INCLUDE/Pose_Signs/Adjectives/97. dry/MVI_5249.pkl,data/processed/landmarks/include/DRY/bbe9986eaf59.npz,67,0.0,0.0,0.9403,1.0,,
df013d239169,DRY,include,video,,include:clip:df013d239169,data/external/include_pose/INCLUDE/Pose_Signs/Adjectives/97. dry/MVI_5328.pkl,data/processed/landmarks/include/DRY/df013d239169.npz,55,0.0,0.0,0.9636,1.0,,
b7edb804c516,DRY,include,video,,include:clip:b7edb804c516,data/external/include_pose/INCLUDE/Pose_Signs/Adjectives/97. dry/MVI_9359.pkl,data/processed/landmarks/include/DRY/b7edb804c516.npz,55,0.0,0.0,0.9455,1.0,,
c17be25a0d98,DRY,include,video,,include:clip:c17be25a0d98,data/external/include_pose/INCLUDE/Pose_Signs/Adjectives/97. dry/MVI_9361.pkl,data/processed/landmarks/include/DRY/c17be25a0d98.npz,53,0.0,0.0,0.9434,1.0,,
f3106a4cf706,DRY,include,video,,include:clip:f3106a4cf706,data/external/include_pose/INCLUDE/Pose_Signs/Adjectives/97. dry/MVI_9360.pkl,data/processed/landmarks/include/DRY/f3106a4cf706.npz,53,0.0,0.0,0.9245,1.0,,
c29c7067c0fa,DRY,include,video,,include:clip:c29c7067c0fa,data/external/include_pose/INCLUDE/Pose_Signs/Adjectives/97. dry/MVI_9439.pkl,data/processed/landmarks/include/DRY/c29c7067c0fa.npz,63,0.0,0.0,0.9683,1.0,,
9c2aa2462a1e,FEMALE,include,video,,include:clip:9c2aa2462a1e,data/external/include_pose/INCLUDE/Pose_Signs/Adjectives/20. female/MVI_9769.pkl,data/processed/landmarks/include/FEMALE/9c2aa2462a1e.npz,46,0.0,0.0,1.0,1.0,,
4ecb421f49b4,FEMALE,include,video,,include:clip:4ecb421f49b4,data/external/include_pose/INCLUDE/Pose_Signs/Adjectives/20. female/MVI_9768.pkl,data/processed/landmarks/include/FEMALE/4ecb421f49b4.npz,53,0.0,0.0,1.0,1.0,,
af2c63b92717,FEMALE,include,video,,include:clip:af2c63b92717,data/external/include_pose/INCLUDE/Pose_Signs/Adjectives/20. female/MVI_9642.pkl,data/processed/landmarks/include/FEMALE/af2c63b92717.npz,57,0.0,0.0,1.0,1.0,,
0c0a732b1cf3,FEMALE,include,video,,include:clip:0c0a732b1cf3,data/external/include_pose/INCLUDE/Pose_Signs/Adjectives/20. female/MVI_9643.pkl,data/processed/landmarks/include/FEMALE/0c0a732b1cf3.npz,52,0.0,0.0,1.0,1.0,,
75125a5b318f,FEMALE,include,video,,include:clip:75125a5b318f,data/external/include_pose/INCLUDE/Pose_Signs/Adjectives/20. female/MVI_9645.pkl,data/processed/landmarks/include/FEMALE/75125a5b318f.npz,49,0.0,0.0,1.0,1.0,,
c54bbad7ed68,FEMALE,include,video,,include:clip:c54bbad7ed68,data/external/include_pose/INCLUDE/Pose_Signs/Adjectives/20. female/MVI_9770.pkl,data/processed/landmarks/include/FEMALE/c54bbad7ed68.npz,56,0.0,0.0,1.0,1.0,,
947ef082b7d5,HEALTHY,include,video,,include:clip:947ef082b7d5,data/external/include_pose/INCLUDE/Pose_Signs/Adjectives/99. healthy/MVI_9286.pkl,data/processed/landmarks/include/HEALTHY/947ef082b7d5.npz,55,0.0,0.0,0.8182,1.0,,
48d31b2cc21f,HEALTHY,include,video,,include:clip:48d31b2cc21f,data/external/include_pose/INCLUDE/Pose_Signs/Adjectives/99. healthy/MVI_9287.pkl,data/processed/landmarks/include/HEALTHY/48d31b2cc21f.npz,61,0.0,0.0,0.7869,1.0,,
df7317d9482f,HEALTHY,include,video,,include:clip:df7317d9482f,data/external/include_pose/INCLUDE/Pose_Signs/Adjectives/99. healthy/MVI_5332.pkl,data/processed/landmarks/include/HEALTHY/df7317d9482f.npz,52,0.0,0.0,0.9038,1.0,,
63ec40772f1c,HEALTHY,include,video,,include:clip:63ec40772f1c,data/external/include_pose/INCLUDE/Pose_Signs/Adjectives/99. healthy/MVI_5333.pkl,data/processed/landmarks/include/HEALTHY/63ec40772f1c.npz,51,0.0,0.0,0.902,1.0,,
c903d87157a9,HEALTHY,include,video,,include:clip:c903d87157a9,data/external/include_pose/INCLUDE/Pose_Signs/Adjectives/99. healthy/MVI_9531.pkl,data/processed/landmarks/include/HEALTHY/c903d87157a9.npz,60,0.0,0.0,0.9333,1.0,,
d81d332b89f8,HEALTHY,include,video,,include:clip:d81d332b89f8,data/external/include_pose/INCLUDE/Pose_Signs/Adjectives/99. healthy/MVI_9445.pkl,data/processed/landmarks/include/HEALTHY/d81d332b89f8.npz,64,0.0,0.0,0.8906,1.0,,
1f4abab35c44,HEALTHY,include,video,,include:clip:1f4abab35c44,data/external/include_pose/INCLUDE/Pose_Signs/Adjectives/99. healthy/MVI_5256.pkl,data/processed/landmarks/include/HEALTHY/1f4abab35c44.npz,67,0.0,0.0,0.9701,1.0,,
3d8b970893fc,HEALTHY,include,video,,include:clip:3d8b970893fc,data/external/include_pose/INCLUDE/Pose_Signs/Adjectives/99. healthy/MVI_9530.pkl,data/processed/landmarks/include/HEALTHY/3d8b970893fc.npz,61,0.0,0.0,0.9508,1.0,,
d5d9d9892226,HEALTHY,include,video,,include:clip:d5d9d9892226,data/external/include_pose/INCLUDE/Pose_Signs/Adjectives/99. healthy/MVI_9532.pkl,data/processed/landmarks/include/HEALTHY/d5d9d9892226.npz,62,0.0,0.0,0.871,1.0,,
e64e2e5c8174,HEALTHY,include,video,,include:clip:e64e2e5c8174,data/external/include_pose/INCLUDE/Pose_Signs/Adjectives/99. healthy/MVI_9446.pkl,data/processed/landmarks/include/HEALTHY/e64e2e5c8174.npz,60,0.0,0.0,0.9,1.0,,
8fd4faba2e66,HEALTHY,include,video,,include:clip:8fd4faba2e66,data/external/include_pose/INCLUDE/Pose_Signs/Adjectives/99. healthy/MVI_5254.pkl,data/processed/landmarks/include/HEALTHY/8fd4faba2e66.npz,62,0.0,0.0,0.9516,1.0,,
2f3d14928df1,HEALTHY,include,video,,include:clip:2f3d14928df1,data/external/include_pose/INCLUDE/Pose_Signs/Adjectives/99. healthy/MVI_9447.pkl,data/processed/landmarks/include/HEALTHY/2f3d14928df1.npz,57,0.0,0.0,0.8947,1.0,,
3d8b030e86e5,HEALTHY,include,video,,include:clip:3d8b030e86e5,data/external/include_pose/INCLUDE/Pose_Signs/Adjectives/99. healthy/MVI_9367.pkl,data/processed/landmarks/include/HEALTHY/3d8b030e86e5.npz,50,0.0,0.0,0.84,1.0,,
c4f06bdbb2c7,HEALTHY,include,video,,include:clip:c4f06bdbb2c7,data/external/include_pose/INCLUDE/Pose_Signs/Adjectives/99. healthy/MVI_9365.pkl,data/processed/landmarks/include/HEALTHY/c4f06bdbb2c7.npz,55,0.0,0.0,0.8727,1.0,,
729c5e694baf,HEALTHY,include,video,,include:clip:729c5e694baf,data/external/include_pose/INCLUDE/Pose_Signs/Adjectives/99. healthy/MVI_5173.pkl,data/processed/landmarks/include/HEALTHY/729c5e694baf.npz,67,0.0,0.0,0.9701,1.0,,
f7d64e962233,HEALTHY,include,video,,include:clip:f7d64e962233,data/external/include_pose/INCLUDE/Pose_Signs/Adjectives/99. healthy/MVI_5174.pkl,data/processed/landmarks/include/HEALTHY/f7d64e962233.npz,78,0.0,0.0,0.8974,1.0,,
3b670566e1b3,HEALTHY,include,video,,include:clip:3b670566e1b3,data/external/include_pose/INCLUDE/Pose_Signs/Adjectives/99. healthy/MVI_5175.pkl,data/processed/landmarks/include/HEALTHY/3b670566e1b3.npz,95,0.0,0.0,0.9368,1.0,,
fbd417481746,WIDE,include,video,,include:clip:fbd417481746,data/external/include_pose/INCLUDE/Pose_Signs/Adjectives/81. wide/MVI_9390.pkl,data/processed/landmarks/include/WIDE/fbd417481746.npz,59,0.0,0.0,0.9153,1.0,,
683a226c7df9,WIDE,include,video,,include:clip:683a226c7df9,data/external/include_pose/INCLUDE/Pose_Signs/Adjectives/81. wide/MVI_9227.pkl,data/processed/landmarks/include/WIDE/683a226c7df9.npz,39,0.0,0.0,0.8205,1.0,,
49c3de63b8c3,WIDE,include,video,,include:clip:49c3de63b8c3,data/external/include_pose/INCLUDE/Pose_Signs/Adjectives/81. wide/MVI_5278.pkl,data/processed/landmarks/include/WIDE/49c3de63b8c3.npz,65,0.0,0.0,0.9692,1.0,,
4a07fe8d2859,WIDE,include,video,,include:clip:4a07fe8d2859,data/external/include_pose/INCLUDE/Pose_Signs/Adjectives/81. wide/MVI_9468.pkl,data/processed/landmarks/include/WIDE/4a07fe8d2859.npz,53,0.0,0.0,0.9245,1.0,,
e14ff6acfb95,WIDE,include,video,,include:clip:e14ff6acfb95,data/external/include_pose/INCLUDE/Pose_Signs/Adjectives/81. wide/MVI_9469.pkl,data/processed/landmarks/include/WIDE/e14ff6acfb95.npz,55,0.0,0.0,0.9818,1.0,,
8e2e029f9d45,WIDE,include,video,,include:clip:8e2e029f9d45,data/external/include_pose/INCLUDE/Pose_Signs/Adjectives/81. wide/MVI_5119.pkl,data/processed/landmarks/include/WIDE/8e2e029f9d45.npz,68,0.0,0.0,0.9559,1.0,,
d6d60b277106,WIDE,include,video,,include:clip:d6d60b277106,data/external/include_pose/INCLUDE/Pose_Signs/Adjectives/81. wide/MVI_9310.pkl,data/processed/landmarks/include/WIDE/d6d60b277106.npz,51,0.0,0.0,0.8431,1.0,,
71abf13f7378,WIDE,include,video,,include:clip:71abf13f7378,data/external/include_pose/INCLUDE/Pose_Signs/Adjectives/81. wide/MVI_9311.pkl,data/processed/landmarks/include/WIDE/71abf13f7378.npz,55,0.0,0.0,0.8727,1.0,,
58145c60ca1d,WIDE,include,video,,include:clip:58145c60ca1d,data/external/include_pose/INCLUDE/Pose_Signs/Adjectives/81. wide/MVI_5277.pkl,data/processed/landmarks/include/WIDE/58145c60ca1d.npz,57,0.0,0.0,0.9298,1.0,,
9682dad44291,WIDE,include,video,,include:clip:9682dad44291,data/external/include_pose/INCLUDE/Pose_Signs/Adjectives/81. wide/MVI_5117.pkl,data/processed/landmarks/include/WIDE/9682dad44291.npz,61,0.0,0.0,0.9508,1.0,,
290d7a5bf29c,WIDE,include,video,,include:clip:290d7a5bf29c,data/external/include_pose/INCLUDE/Pose_Signs/Adjectives/81. wide/MVI_9467.pkl,data/processed/landmarks/include/WIDE/290d7a5bf29c.npz,61,0.0,0.0,0.9836,1.0,,
b26a27d0004d,WIDE,include,video,,include:clip:b26a27d0004d,data/external/include_pose/INCLUDE/Pose_Signs/Adjectives/81. wide/MVI_5199.pkl,data/processed/landmarks/include/WIDE/b26a27d0004d.npz,71,0.0,0.0,0.9718,1.0,,
0f1e1ab34e0a,WIDE,include,video,,include:clip:0f1e1ab34e0a,data/external/include_pose/INCLUDE/Pose_Signs/Adjectives/81. wide/MVI_5198.pkl,data/processed/landmarks/include/WIDE/0f1e1ab34e0a.npz,70,0.0,0.0,0.9571,1.0,,
c72d55bc4fe3,WIDE,include,video,,include:clip:c72d55bc4fe3,data/external/include_pose/INCLUDE/Pose_Signs/Adjectives/81. wide/MVI_9229.pkl,data/processed/landmarks/include/WIDE/c72d55bc4fe3.npz,46,0.0,0.0,0.7826,1.0,,
849469056ac6,WIDE,include,video,,include:clip:849469056ac6,data/external/include_pose/INCLUDE/Pose_Signs/Adjectives/81. wide/MVI_9228.pkl,data/processed/landmarks/include/WIDE/849469056ac6.npz,49,0.0,0.0,0.8367,1.0,,
ea00b3fd6e83,WIDE,include,video,,include:clip:ea00b3fd6e83,data/external/include_pose/INCLUDE/Pose_Signs/Adjectives/81. wide/MVI_9389.pkl,data/processed/landmarks/include/WIDE/ea00b3fd6e83.npz,60,0.0,0.0,0.9667,1.0,,
5605fd0e94ec,WIDE,include,video,,include:clip:5605fd0e94ec,data/external/include_pose/INCLUDE/Pose_Signs/Adjectives/81. wide/MVI_9388.pkl,data/processed/landmarks/include/WIDE/5605fd0e94ec.npz,51,0.0,0.0,0.9216,1.0,,
7dd06d565d48,SLOW,include,video,,include:clip:7dd06d565d48,data/external/include_pose/INCLUDE/Pose_Signs/Adjectives/85. slow/MVI_9481.pkl,data/processed/landmarks/include/SLOW/7dd06d565d48.npz,62,0.0,0.0,1.0,1.0,,
a4394fd20471,SLOW,include,video,,include:clip:a4394fd20471,data/external/include_pose/INCLUDE/Pose_Signs/Adjectives/85. slow/MVI_9324.pkl,data/processed/landmarks/include/SLOW/a4394fd20471.npz,54,0.0,0.0,0.9074,1.0,,
c44f55998c03,SLOW,include,video,,include:clip:c44f55998c03,data/external/include_pose/INCLUDE/Pose_Signs/Adjectives/85. slow/MVI_5130.pkl,data/processed/landmarks/include/SLOW/c44f55998c03.npz,67,0.0,0.0,0.8955,1.0,,
2b538f0d200d,SLOW,include,video,,include:clip:2b538f0d200d,data/external/include_pose/INCLUDE/Pose_Signs/Adjectives/85. slow/MVI_5291.pkl,data/processed/landmarks/include/SLOW/2b538f0d200d.npz,58,0.0,0.0,0.9828,1.0,,
314ae428a073,SLOW,include,video,,include:clip:314ae428a073,data/external/include_pose/INCLUDE/Pose_Signs/Adjectives/85. slow/MVI_9483.pkl,data/processed/landmarks/include/SLOW/314ae428a073.npz,65,0.0,0.0,0.9846,1.0,,
e5bafbdf1ed5,SLOW,include,video,,include:clip:e5bafbdf1ed5,data/external/include_pose/INCLUDE/Pose_Signs/Adjectives/85. slow/MVI_9482.pkl,data/processed/landmarks/include/SLOW/e5bafbdf1ed5.npz,59,0.0,0.0,0.9831,1.0,,
87a1703e999f,SLOW,include,video,,include:clip:87a1703e999f,data/external/include_pose/INCLUDE/Pose_Signs/Adjectives/85. slow/MVI_5131.pkl,data/processed/landmarks/include/SLOW/87a1703e999f.npz,89,0.0,0.0,0.9775,1.0,,
75bf02ff252b,SLOW,include,video,,include:clip:75bf02ff252b,data/external/include_pose/INCLUDE/Pose_Signs/Adjectives/85. slow/MVI_9243.pkl,data/processed/landmarks/include/SLOW/75bf02ff252b.npz,46,0.0,0.0,0.8913,1.0,,
7d0a2498a998,SLOW,include,video,,include:clip:7d0a2498a998,data/external/include_pose/INCLUDE/Pose_Signs/Adjectives/85. slow/MVI_9323.pkl,data/processed/landmarks/include/SLOW/7d0a2498a998.npz,57,0.0,0.0,0.9474,1.0,,
53a3159d8322,SLOW,include,video,,include:clip:53a3159d8322,data/external/include_pose/INCLUDE/Pose_Signs/Adjectives/85. slow/MVI_9322.pkl,data/processed/landmarks/include/SLOW/53a3159d8322.npz,50,0.0,0.0,0.92,1.0,,
2bbdcdac1491,SLOW,include,video,,include:clip:2bbdcdac1491,data/external/include_pose/INCLUDE/Pose_Signs/Adjectives/85. slow/MVI_9242.pkl,data/processed/landmarks/include/SLOW/2bbdcdac1491.npz,39,0.0,0.0,0.8205,1.0,,
23c9098beca0,SLOW,include,video,,include:clip:23c9098beca0,data/external/include_pose/INCLUDE/Pose_Signs/Adjectives/85. slow/MVI_5212.pkl,data/processed/landmarks/include/SLOW/23c9098beca0.npz,65,0.0,0.0,0.9692,1.0,,
99718d85bd37,SLOW,include,video,,include:clip:99718d85bd37,data/external/include_pose/INCLUDE/Pose_Signs/Adjectives/85. slow/MVI_5210.pkl,data/processed/landmarks/include/SLOW/99718d85bd37.npz,69,0.0,0.0,0.971,1.0,,
2c975373dbca,SLOW,include,video,,include:clip:2c975373dbca,data/external/include_pose/INCLUDE/Pose_Signs/Adjectives/85. slow/MVI_9402.pkl,data/processed/landmarks/include/SLOW/2c975373dbca.npz,60,0.0,0.0,0.9333,1.0,,
b08f4b93ecb9,SLOW,include,video,,include:clip:b08f4b93ecb9,data/external/include_pose/INCLUDE/Pose_Signs/Adjectives/85. slow/MVI_9403.pkl,data/processed/landmarks/include/SLOW/b08f4b93ecb9.npz,64,0.0,0.0,0.9219,1.0,,
fde8ae3a44c9,SLOW,include,video,,include:clip:fde8ae3a44c9,data/external/include_pose/INCLUDE/Pose_Signs/Adjectives/85. slow/MVI_5211.pkl,data/processed/landmarks/include/SLOW/fde8ae3a44c9.npz,75,0.0,0.0,0.9733,1.0,,
cd5f7f9535c4,SLOW,include,video,,include:clip:cd5f7f9535c4,data/external/include_pose/INCLUDE/Pose_Signs/Adjectives/85. slow/MVI_9404.pkl,data/processed/landmarks/include/SLOW/cd5f7f9535c4.npz,62,0.0,0.0,0.9677,1.0,,
a7385c84690c,HARD,include,video,,include:clip:a7385c84690c,data/external/include_pose/INCLUDE/Pose_Signs/Adjectives/26. hard/MVI_9795.pkl,data/processed/landmarks/include/HARD/a7385c84690c.npz,58,0.0,0.0,0.9483,1.0,,
e0136c7ab0b7,HARD,include,video,,include:clip:e0136c7ab0b7,data/external/include_pose/INCLUDE/Pose_Signs/Adjectives/26. hard/MVI_9794.pkl,data/processed/landmarks/include/HARD/e0136c7ab0b7.npz,57,0.0,0.0,0.9474,1.0,,
37f74f689eab,HARD,include,video,,include:clip:37f74f689eab,data/external/include_pose/INCLUDE/Pose_Signs/Adjectives/26. hard/MVI_9793.pkl,data/processed/landmarks/include/HARD/37f74f689eab.npz,62,0.0,0.0,0.9194,1.0,,
249fb956c39f,HARD,include,video,,include:clip:249fb956c39f,data/external/include_pose/INCLUDE/Pose_Signs/Adjectives/26. hard/MVI_9669.pkl,data/processed/landmarks/include/HARD/249fb956c39f.npz,73,0.0,0.0,0.9041,1.0,,
0b06672a2238,HARD,include,video,,include:clip:0b06672a2238,data/external/include_pose/INCLUDE/Pose_Signs/Adjectives/26. hard/MVI_9666.pkl,data/processed/landmarks/include/HARD/0b06672a2238.npz,64,0.0,0.0,0.8594,1.0,,
cfede0c58a77,HARD,include,video,,include:clip:cfede0c58a77,data/external/include_pose/INCLUDE/Pose_Signs/Adjectives/26. hard/MVI_9667.pkl,data/processed/landmarks/include/HARD/cfede0c58a77.npz,74,0.0,0.0,0.9054,1.0,,
7fa60b7c3689,BLIND,include,video,,include:clip:7fa60b7c3689,data/external/include_pose/INCLUDE/Pose_Signs/Adjectives/8. Blind/MVI_9585.pkl,data/processed/landmarks/include/BLIND/7fa60b7c3689.npz,60,0.0,0.0,1.0,1.0,,
46d8aebf6e43,BLIND,include,video,,include:clip:46d8aebf6e43,data/external/include_pose/INCLUDE/Pose_Signs/Adjectives/8. Blind/MVI_9586.pkl,data/processed/landmarks/include/BLIND/46d8aebf6e43.npz,52,0.0,0.0,1.0,1.0,,
4e349875490c,BLIND,include,video,,include:clip:4e349875490c,data/external/include_pose/INCLUDE/Pose_Signs/Adjectives/8. Blind/MVI_9587.pkl,data/processed/landmarks/include/BLIND/4e349875490c.npz,59,0.0,0.0,1.0,1.0,,
80b7a68b9968,BLIND,include,video,,include:clip:80b7a68b9968,data/external/include_pose/INCLUDE/Pose_Signs/Adjectives/8. Blind/MVI_9853.pkl,data/processed/landmarks/include/BLIND/80b7a68b9968.npz,56,0.0,0.0,1.0,1.0,,
a0f0f970aa29,BLIND,include,video,,include:clip:a0f0f970aa29,data/external/include_pose/INCLUDE/Pose_Signs/Adjectives/8. Blind/MVI_9852.pkl,data/processed/landmarks/include/BLIND/a0f0f970aa29.npz,57,0.0,0.0,1.0,1.0,,
5e54ec5cf29c,BLIND,include,video,,include:clip:5e54ec5cf29c,data/external/include_pose/INCLUDE/Pose_Signs/Adjectives/8. Blind/MVI_9855.pkl,data/processed/landmarks/include/BLIND/5e54ec5cf29c.npz,54,0.0,0.0,1.0,1.0,,
78fb599eaf70,BLIND,include,video,,include:clip:78fb599eaf70,data/external/include_pose/INCLUDE/Pose_Signs/Adjectives/8. Blind/MVI_9854.pkl,data/processed/landmarks/include/BLIND/78fb599eaf70.npz,56,0.0,0.0,1.0,1.0,,
fbbf873186d8,GOOD,include,video,,include:clip:fbbf873186d8,data/external/include_pose/INCLUDE/Pose_Signs/Adjectives/94. good/MVI_9351.pkl,data/processed/landmarks/include/GOOD/fbbf873186d8.npz,50,0.0,0.0,1.0,1.0,,
798a2fbd074f,GOOD,include,video,,include:clip:798a2fbd074f,data/external/include_pose/INCLUDE/Pose_Signs/Adjectives/94. good/MVI_9350.pkl,data/processed/landmarks/include/GOOD/798a2fbd074f.npz,45,0.0,0.0,1.0,1.0,,
acc2cb34daae,GOOD,include,video,,include:clip:acc2cb34daae,data/external/include_pose/INCLUDE/Pose_Signs/Adjectives/94. good/MVI_9431.pkl,data/processed/landmarks/include/GOOD/acc2cb34daae.npz,59,0.0,0.0,1.0,1.0,,
d95de985455f,GOOD,include,video,,include:clip:d95de985455f,data/external/include_pose/INCLUDE/Pose_Signs/Adjectives/94. good/MVI_9430.pkl,data/processed/landmarks/include/GOOD/d95de985455f.npz,67,0.0,0.0,0.9851,1.0,,
27749765a3c6,GOOD,include,video,,include:clip:27749765a3c6,data/external/include_pose/INCLUDE/Pose_Signs/Adjectives/94. good/MVI_5318.pkl,data/processed/landmarks/include/GOOD/27749765a3c6.npz,44,0.0,0.0,1.0,1.0,,
dd1e89404315,GOOD,include,video,,include:clip:dd1e89404315,data/external/include_pose/INCLUDE/Pose_Signs/Adjectives/94. good/MVI_9268.pkl,data/processed/landmarks/include/GOOD/dd1e89404315.npz,46,0.0,0.0,1.0,1.0,,
54961b0e9656,GOOD,include,video,,include:clip:54961b0e9656,data/external/include_pose/INCLUDE/Pose_Signs/Adjectives/94. good/MVI_5240.pkl,data/processed/landmarks/include/GOOD/54961b0e9656.npz,65,0.0,0.0,1.0,1.0,,
e5ae4baa5dfa,GOOD,include,video,,include:clip:e5ae4baa5dfa,data/external/include_pose/INCLUDE/Pose_Signs/Adjectives/94. good/MVI_9269.pkl,data/processed/landmarks/include/GOOD/e5ae4baa5dfa.npz,48,0.0,0.0,1.0,1.0,,
02b8e1248b9a,GOOD,include,video,,include:clip:02b8e1248b9a,data/external/include_pose/INCLUDE/Pose_Signs/Adjectives/94. good/MVI_5316.pkl,data/processed/landmarks/include/GOOD/02b8e1248b9a.npz,46,0.0,0.0,1.0,1.0,,
84c7ee74ba78,GOOD,include,video,,include:clip:84c7ee74ba78,data/external/include_pose/INCLUDE/Pose_Signs/Adjectives/94. good/MVI_5317.pkl,data/processed/landmarks/include/GOOD/84c7ee74ba78.npz,49,0.0,0.0,1.0,1.0,,
e4b7a0f9c7f9,GOOD,include,video,,include:clip:e4b7a0f9c7f9,data/external/include_pose/INCLUDE/Pose_Signs/Adjectives/94. good/MVI_9511.pkl,data/processed/landmarks/include/GOOD/e4b7a0f9c7f9.npz,56,0.0,0.0,1.0,1.0,,
2b2856d14df7,GOOD,include,video,,include:clip:2b2856d14df7,data/external/include_pose/INCLUDE/Pose_Signs/Adjectives/94. good/MVI_9512.pkl,data/processed/landmarks/include/GOOD/2b2856d14df7.npz,50,0.0,0.0,1.0,1.0,,
ce743588da79,GOOD,include,video,,include:clip:ce743588da79,data/external/include_pose/INCLUDE/Pose_Signs/Adjectives/94. good/MVI_5159.pkl,data/processed/landmarks/include/GOOD/ce743588da79.npz,63,0.0,0.0,1.0,1.0,,
3b29f3ba47d2,GOOD,include,video,,include:clip:3b29f3ba47d2,data/external/include_pose/INCLUDE/Pose_Signs/Adjectives/94. good/MVI_5158.pkl,data/processed/landmarks/include/GOOD/3b29f3ba47d2.npz,73,0.0,0.0,1.0,1.0,,
5459b39bae16,GOOD,include,video,,include:clip:5459b39bae16,data/external/include_pose/INCLUDE/Pose_Signs/Adjectives/94. good/MVI_5238.pkl,data/processed/landmarks/include/GOOD/5459b39bae16.npz,49,0.0,0.0,1.0,1.0,,
398d89d4ebe4,GOOD,include,video,,include:clip:398d89d4ebe4,data/external/include_pose/INCLUDE/Pose_Signs/Adjectives/94. good/MVI_9349.pkl,data/processed/landmarks/include/GOOD/398d89d4ebe4.npz,41,0.0,0.0,1.0,1.0,,
ea2612c5d714,GOOD,include,video,,include:clip:ea2612c5d714,data/external/include_pose/INCLUDE/Pose_Signs/Adjectives/94. good/MVI_5160.pkl,data/processed/landmarks/include/GOOD/ea2612c5d714.npz,62,0.0,0.0,1.0,1.0,,
07f1c016650b,WARM,include,video,,include:clip:07f1c016650b,data/external/include_pose/INCLUDE/Pose_Signs/Adjectives/89. warm/MVI_5144.pkl,data/processed/landmarks/include/WARM/07f1c016650b.npz,70,0.0,0.0,1.0,1.0,,
ab28592e23c6,WARM,include,video,,include:clip:ab28592e23c6,data/external/include_pose/INCLUDE/Pose_Signs/Adjectives/89. warm/MVI_5224.pkl,data/processed/landmarks/include/WARM/ab28592e23c6.npz,67,0.0,0.0,1.0,1.0,,
63a67683334a,WARM,include,video,,include:clip:63a67683334a,data/external/include_pose/INCLUDE/Pose_Signs/Adjectives/89. warm/MVI_5143.pkl,data/processed/landmarks/include/WARM/63a67683334a.npz,69,0.0,0.0,1.0,1.0,,
d0d6465a6ea2,WARM,include,video,,include:clip:d0d6465a6ea2,data/external/include_pose/INCLUDE/Pose_Signs/Adjectives/89. warm/MVI_5141.pkl,data/processed/landmarks/include/WARM/d0d6465a6ea2.npz,67,0.0,0.0,1.0,1.0,,
aab2ee490a2e,WARM,include,video,,include:clip:aab2ee490a2e,data/external/include_pose/INCLUDE/Pose_Signs/Adjectives/89. warm/MVI_5223.pkl,data/processed/landmarks/include/WARM/aab2ee490a2e.npz,62,0.0,0.0,1.0,1.0,,
58a5f64c0f6b,WARM,include,video,,include:clip:58a5f64c0f6b,data/external/include_pose/INCLUDE/Pose_Signs/Adjectives/89. warm/MVI_9494.pkl,data/processed/landmarks/include/WARM/58a5f64c0f6b.npz,66,0.0,0.0,1.0,1.0,,
ac330490ba74,WARM,include,video,,include:clip:ac330490ba74,data/external/include_pose/INCLUDE/Pose_Signs/Adjectives/89. warm/MVI_9495.pkl,data/processed/landmarks/include/WARM/ac330490ba74.npz,70,0.0,0.0,1.0,1.0,,
94620bc63800,WARM,include,video,,include:clip:94620bc63800,data/external/include_pose/INCLUDE/Pose_Signs/Adjectives/89. warm/MVI_9493.pkl,data/processed/landmarks/include/WARM/94620bc63800.npz,71,0.0,0.0,1.0,1.0,,
0b22e9ba0a01,WARM,include,video,,include:clip:0b22e9ba0a01,data/external/include_pose/INCLUDE/Pose_Signs/Adjectives/89. warm/MVI_9336.pkl,data/processed/landmarks/include/WARM/0b22e9ba0a01.npz,53,0.0,0.0,1.0,1.0,,
747d25581898,WARM,include,video,,include:clip:747d25581898,data/external/include_pose/INCLUDE/Pose_Signs/Adjectives/89. warm/MVI_9254.pkl,data/processed/landmarks/include/WARM/747d25581898.npz,59,0.0,0.0,1.0,1.0,,
763fa8082049,WARM,include,video,,include:clip:763fa8082049,data/external/include_pose/INCLUDE/Pose_Signs/Adjectives/89. warm/MVI_9334.pkl,data/processed/landmarks/include/WARM/763fa8082049.npz,55,0.0,0.0,1.0,1.0,,
aa72f3286daa,WARM,include,video,,include:clip:aa72f3286daa,data/external/include_pose/INCLUDE/Pose_Signs/Adjectives/89. warm/MVI_9335.pkl,data/processed/landmarks/include/WARM/aa72f3286daa.npz,57,0.0,0.0,1.0,1.0,,
77a6716a1d72,WARM,include,video,,include:clip:77a6716a1d72,data/external/include_pose/INCLUDE/Pose_Signs/Adjectives/89. warm/MVI_5303.pkl,data/processed/landmarks/include/WARM/77a6716a1d72.npz,46,0.0,0.0,1.0,1.0,,
ade8af37e661,WARM,include,video,,include:clip:ade8af37e661,data/external/include_pose/INCLUDE/Pose_Signs/Adjectives/89. warm/MVI_5301.pkl,data/processed/landmarks/include/WARM/ade8af37e661.npz,53,0.0,0.0,1.0,1.0,,
eaf28ecafb56,WARM,include,video,,include:clip:eaf28ecafb56,data/external/include_pose/INCLUDE/Pose_Signs/Adjectives/89. warm/MVI_9415.pkl,data/processed/landmarks/include/WARM/eaf28ecafb56.npz,77,0.0,0.0,1.0,1.0,,
f2f832e59502,WARM,include,video,,include:clip:f2f832e59502,data/external/include_pose/INCLUDE/Pose_Signs/Adjectives/89. warm/MVI_9416.pkl,data/processed/landmarks/include/WARM/f2f832e59502.npz,74,0.0,0.0,0.9865,1.0,,
c41c6b980e10,WARM,include,video,,include:clip:c41c6b980e10,data/external/include_pose/INCLUDE/Pose_Signs/Adjectives/89. warm/MVI_9417.pkl,data/processed/landmarks/include/WARM/c41c6b980e10.npz,66,0.0,0.0,0.9697,1.0,,
0da9487bd530,CURVED,include,video,,include:clip:0da9487bd530,data/external/include_pose/INCLUDE/Pose_Signs/Adjectives/18. curved/MVI_9636.pkl,data/processed/landmarks/include/CURVED/0da9487bd530.npz,67,0.0,0.0,1.0,1.0,,
09033f4c376d,CURVED,include,video,,include:clip:09033f4c376d,data/external/include_pose/INCLUDE/Pose_Signs/Adjectives/18. curved/MVI_9635.pkl,data/processed/landmarks/include/CURVED/09033f4c376d.npz,69,0.0,0.0,1.0,1.0,,
a43d6a7f9ef4,CURVED,include,video,,include:clip:a43d6a7f9ef4,data/external/include_pose/INCLUDE/Pose_Signs/Adjectives/18. curved/MVI_9634.pkl,data/processed/landmarks/include/CURVED/a43d6a7f9ef4.npz,77,0.0,0.0,1.0,1.0,,
0d6374537722,CURVED,include,video,,include:clip:0d6374537722,data/external/include_pose/INCLUDE/Pose_Signs/Adjectives/18. curved/MVI_9633.pkl,data/processed/landmarks/include/CURVED/0d6374537722.npz,77,0.0,0.0,1.0,1.0,,
cbe8adf46973,CURVED,include,video,,include:clip:cbe8adf46973,data/external/include_pose/INCLUDE/Pose_Signs/Adjectives/18. curved/MVI_9762.pkl,data/processed/landmarks/include/CURVED/cbe8adf46973.npz,70,0.0,0.0,1.0,1.0,,
d600b1107a11,CURVED,include,video,,include:clip:d600b1107a11,data/external/include_pose/INCLUDE/Pose_Signs/Adjectives/18. curved/MVI_9760.pkl,data/processed/landmarks/include/CURVED/d600b1107a11.npz,83,0.0,0.0,1.0,1.0,,
d21f072a25b8,CURVED,include,video,,include:clip:d21f072a25b8,data/external/include_pose/INCLUDE/Pose_Signs/Adjectives/18. curved/MVI_9761.pkl,data/processed/landmarks/include/CURVED/d21f072a25b8.npz,73,0.0,0.0,1.0,1.0,,
e7507c922605,LIGHT,include,video,,include:clip:e7507c922605,data/external/include_pose/INCLUDE/Pose_Signs/Adjectives/36. light/MVI_9838.pkl,data/processed/landmarks/include/LIGHT/e7507c922605.npz,60,0.0,0.0,0.8167,1.0,,
3363f31f93f4,LIGHT,include,video,,include:clip:3363f31f93f4,data/external/include_pose/INCLUDE/Pose_Signs/Adjectives/36. light/MVI_9712.pkl,data/processed/landmarks/include/LIGHT/3363f31f93f4.npz,56,0.0,0.0,0.9643,1.0,,
cc68506ec004,LIGHT,include,video,,include:clip:cc68506ec004,data/external/include_pose/INCLUDE/Pose_Signs/Adjectives/36. light/MVI_9713.pkl,data/processed/landmarks/include/LIGHT/cc68506ec004.npz,60,0.0,0.0,0.9667,1.0,,
48f641532a37,LIGHT,include,video,,include:clip:48f641532a37,data/external/include_pose/INCLUDE/Pose_Signs/Adjectives/36. light/MVI_9711.pkl,data/processed/landmarks/include/LIGHT/48f641532a37.npz,55,0.0,0.0,0.9273,1.0,,
dd5be789aab4,LIGHT,include,video,,include:clip:dd5be789aab4,data/external/include_pose/INCLUDE/Pose_Signs/Adjectives/36. light/MVI_9836.pkl,data/processed/landmarks/include/LIGHT/dd5be789aab4.npz,63,0.0,0.0,0.8889,1.0,,
08049cf94b36,LIGHT,include,video,,include:clip:08049cf94b36,data/external/include_pose/INCLUDE/Pose_Signs/Adjectives/36. light/MVI_9835.pkl,data/processed/landmarks/include/LIGHT/08049cf94b36.npz,65,0.0,0.0,0.8462,1.0,,
f3cbdb316686,DEEP,include,video,,include:clip:f3cbdb316686,data/external/include_pose/INCLUDE/Pose_Signs/Adjectives/27. deep/MVI_9797.pkl,data/processed/landmarks/include/DEEP/f3cbdb316686.npz,60,0.0,0.0,0.9,1.0,,
c96710dfc8a2,DEEP,include,video,,include:clip:c96710dfc8a2,data/external/include_pose/INCLUDE/Pose_Signs/Adjectives/27. deep/MVI_9800.pkl,data/processed/landmarks/include/DEEP/c96710dfc8a2.npz,71,0.0,0.0,0.8592,1.0,,
ebffa81d5e95,DEEP,include,video,,include:clip:ebffa81d5e95,data/external/include_pose/INCLUDE/Pose_Signs/Adjectives/27. deep/MVI_9672.pkl,data/processed/landmarks/include/DEEP/ebffa81d5e95.npz,72,0.0,0.0,0.8889,1.0,,
7ace6952fc4f,DEEP,include,video,,include:clip:7ace6952fc4f,data/external/include_pose/INCLUDE/Pose_Signs/Adjectives/27. deep/MVI_9671.pkl,data/processed/landmarks/include/DEEP/7ace6952fc4f.npz,70,0.0,0.0,0.9,1.0,,
e6b998b5ad17,DEEP,include,video,,include:clip:e6b998b5ad17,data/external/include_pose/INCLUDE/Pose_Signs/Adjectives/27. deep/MVI_9670.pkl,data/processed/landmarks/include/DEEP/e6b998b5ad17.npz,65,0.0,0.0,0.8615,1.0,,
5653c92af585,DEEP,include,video,,include:clip:5653c92af585,data/external/include_pose/INCLUDE/Pose_Signs/Adjectives/27. deep/MVI_9799.pkl,data/processed/landmarks/include/DEEP/5653c92af585.npz,64,0.0,0.0,0.875,1.0,,
8c67cfb0396c,FAST,include,video,,include:clip:8c67cfb0396c,data/external/include_pose/INCLUDE/Pose_Signs/Adjectives/86. fast/MVI_9245.pkl,data/processed/landmarks/include/FAST/8c67cfb0396c.npz,48,0.0,0.0,1.0,1.0,,
4f59741fb68e,FAST,include,video,,include:clip:4f59741fb68e,data/external/include_pose/INCLUDE/Pose_Signs/Adjectives/86. fast/MVI_5133.pkl,data/processed/landmarks/include/FAST/4f59741fb68e.npz,65,0.0,0.0,1.0,1.0,,
f65c88850ff7,FAST,include,video,,include:clip:f65c88850ff7,data/external/include_pose/INCLUDE/Pose_Signs/Adjectives/86. fast/MVI_9325.pkl,data/processed/landmarks/include/FAST/f65c88850ff7.npz,44,0.0,0.0,1.0,1.0,,
91e667f62b33,FAST,include,video,,include:clip:91e667f62b33,data/external/include_pose/INCLUDE/Pose_Signs/Adjectives/86. fast/MVI_5292.pkl,data/processed/landmarks/include/FAST/91e667f62b33.npz,47,0.0,0.0,1.0,1.0,,
023b64411bbb,FAST,include,video,,include:clip:023b64411bbb,data/external/include_pose/INCLUDE/Pose_Signs/Adjectives/86. fast/MVI_5293.pkl,data/processed/landmarks/include/FAST/023b64411bbb.npz,55,0.0,0.0,1.0,1.0,,
21791b626c1b,FAST,include,video,,include:clip:21791b626c1b,data/external/include_pose/INCLUDE/Pose_Signs/Adjectives/86. fast/MVI_9244.pkl,data/processed/landmarks/include/FAST/21791b626c1b.npz,45,0.0,0.0,1.0,1.0,,
4bb4d5695bf1,FAST,include,video,,include:clip:4bb4d5695bf1,data/external/include_pose/INCLUDE/Pose_Signs/Adjectives/86. fast/MVI_9246.pkl,data/processed/landmarks/include/FAST/4bb4d5695bf1.npz,46,0.0,0.0,1.0,1.0,,
973fd91571c1,FAST,include,video,,include:clip:973fd91571c1,data/external/include_pose/INCLUDE/Pose_Signs/Adjectives/86. fast/MVI_9326.pkl,data/processed/landmarks/include/FAST/973fd91571c1.npz,48,0.0,0.0,1.0,1.0,,
7c9873264036,FAST,include,video,,include:clip:7c9873264036,data/external/include_pose/INCLUDE/Pose_Signs/Adjectives/86. fast/MVI_5135.pkl,data/processed/landmarks/include/FAST/7c9873264036.npz,74,0.0,0.0,1.0,1.0,,
d1a99ce2e19e,FAST,include,video,,include:clip:d1a99ce2e19e,data/external/include_pose/INCLUDE/Pose_Signs/Adjectives/86. fast/MVI_5294.pkl,data/processed/landmarks/include/FAST/d1a99ce2e19e.npz,50,0.0,0.0,1.0,1.0,,
6958078c60d7,FAST,include,video,,include:clip:6958078c60d7,data/external/include_pose/INCLUDE/Pose_Signs/Adjectives/86. fast/MVI_9485.pkl,data/processed/landmarks/include/FAST/6958078c60d7.npz,67,0.0,0.0,1.0,1.0,,
b6f6f5c68095,FAST,include,video,,include:clip:b6f6f5c68095,data/external/include_pose/INCLUDE/Pose_Signs/Adjectives/86. fast/MVI_9484.pkl,data/processed/landmarks/include/FAST/b6f6f5c68095.npz,61,0.0,0.0,1.0,1.0,,
caa26aa310d5,FAST,include,video,,include:clip:caa26aa310d5,data/external/include_pose/INCLUDE/Pose_Signs/Adjectives/86. fast/MVI_5213.pkl,data/processed/landmarks/include/FAST/caa26aa310d5.npz,56,0.0,0.0,1.0,1.0,,
5fc9e64b75fe,FAST,include,video,,include:clip:5fc9e64b75fe,data/external/include_pose/INCLUDE/Pose_Signs/Adjectives/86. fast/MVI_9407.pkl,data/processed/landmarks/include/FAST/5fc9e64b75fe.npz,53,0.0,0.0,1.0,1.0,,
af8fc90a56cb,FAST,include,video,,include:clip:af8fc90a56cb,data/external/include_pose/INCLUDE/Pose_Signs/Adjectives/86. fast/MVI_5215.pkl,data/processed/landmarks/include/FAST/af8fc90a56cb.npz,65,0.0,0.0,1.0,1.0,,
483941c4fd64,FAST,include,video,,include:clip:483941c4fd64,data/external/include_pose/INCLUDE/Pose_Signs/Adjectives/86. fast/MVI_5214.pkl,data/processed/landmarks/include/FAST/483941c4fd64.npz,70,0.0,0.0,1.0,1.0,,
27a7ddaab838,FAST,include,video,,include:clip:27a7ddaab838,data/external/include_pose/INCLUDE/Pose_Signs/Adjectives/86. fast/MVI_9406.pkl,data/processed/landmarks/include/FAST/27a7ddaab838.npz,55,0.0,0.0,1.0,1.0,,
ef5358c413e9,FAMOUS,include,video,,include:clip:ef5358c413e9,data/external/include_pose/INCLUDE/Pose_Signs/Adjectives/39. famous/MVI_9839.pkl,data/processed/landmarks/include/FAMOUS/ef5358c413e9.npz,62,0.0,0.0,1.0,1.0,,
e2d65afb5bae,FAMOUS,include,video,,include:clip:e2d65afb5bae,data/external/include_pose/INCLUDE/Pose_Signs/Adjectives/39. famous/MVI_9718.pkl,data/processed/landmarks/include/FAMOUS/e2d65afb5bae.npz,50,0.0,0.0,1.0,1.0,,
1bc18feb83f8,FAMOUS,include,video,,include:clip:1bc18feb83f8,data/external/include_pose/INCLUDE/Pose_Signs/Adjectives/39. famous/MVI_9717.pkl,data/processed/landmarks/include/FAMOUS/1bc18feb83f8.npz,48,0.0,0.0,1.0,1.0,,
cd85b7607ec7,FAMOUS,include,video,,include:clip:cd85b7607ec7,data/external/include_pose/INCLUDE/Pose_Signs/Adjectives/39. famous/MVI_9716.pkl,data/processed/landmarks/include/FAMOUS/cd85b7607ec7.npz,58,0.0,0.0,1.0,1.0,,
15ae169a16b9,FAMOUS,include,video,,include:clip:15ae169a16b9,data/external/include_pose/INCLUDE/Pose_Signs/Adjectives/39. famous/MVI_9841.pkl,data/processed/landmarks/include/FAMOUS/15ae169a16b9.npz,49,0.0,0.0,1.0,1.0,,
99dce785ca01,FAMOUS,include,video,,include:clip:99dce785ca01,data/external/include_pose/INCLUDE/Pose_Signs/Adjectives/39. famous/MVI_9842.pkl,data/processed/landmarks/include/FAMOUS/99dce785ca01.npz,50,0.0,0.0,1.0,1.0,,
5e32378879ba,FAMOUS,include,video,,include:clip:5e32378879ba,data/external/include_pose/INCLUDE/Pose_Signs/Adjectives/39. famous/MVI_9843.pkl,data/processed/landmarks/include/FAMOUS/5e32378879ba.npz,52,0.0,0.0,1.0,1.0,,
51d0992f2688,COLD,include,video,,include:clip:51d0992f2688,data/external/include_pose/INCLUDE/Pose_Signs/Adjectives/88. cold/MVI_5220.pkl,data/processed/landmarks/include/COLD/51d0992f2688.npz,52,0.0,0.0,0.9615,1.0,,
ad3ba3799381,COLD,include,video,,include:clip:ad3ba3799381,data/external/include_pose/INCLUDE/Pose_Signs/Adjectives/88. cold/MVI_5221.pkl,data/processed/landmarks/include/COLD/ad3ba3799381.npz,55,0.0,0.0,0.9636,1.0,,
b7df0aa189ee,COLD,include,video,,include:clip:b7df0aa189ee,data/external/include_pose/INCLUDE/Pose_Signs/Adjectives/88. cold/MVI_5140.pkl,data/processed/landmarks/include/COLD/b7df0aa189ee.npz,71,0.0,0.0,0.9014,1.0,,
4a16925bad97,COLD,include,video,,include:clip:4a16925bad97,data/external/include_pose/INCLUDE/Pose_Signs/Adjectives/88. cold/MVI_9251.pkl,data/processed/landmarks/include/COLD/4a16925bad97.npz,48,0.0,0.0,0.875,1.0,,
42268ad61abe,COLD,include,video,,include:clip:42268ad61abe,data/external/include_pose/INCLUDE/Pose_Signs/Adjectives/88. cold/MVI_9331.pkl,data/processed/landmarks/include/COLD/42268ad61abe.npz,47,0.0,0.0,0.8723,1.0,,
3fd61f9041ac,COLD,include,video,,include:clip:3fd61f9041ac,data/external/include_pose/INCLUDE/Pose_Signs/Adjectives/88. cold/MVI_9250.pkl,data/processed/landmarks/include/COLD/3fd61f9041ac.npz,48,0.0,0.0,0.8542,1.0,,
1d0333d66b25,COLD,include,video,,include:clip:1d0333d66b25,data/external/include_pose/INCLUDE/Pose_Signs/Adjectives/88. cold/MVI_9332.pkl,data/processed/landmarks/include/COLD/1d0333d66b25.npz,49,0.0,0.0,0.8776,1.0,,
6231cafebb80,COLD,include,video,,include:clip:6231cafebb80,data/external/include_pose/INCLUDE/Pose_Signs/Adjectives/88. cold/MVI_9333.pkl,data/processed/landmarks/include/COLD/6231cafebb80.npz,51,0.0,0.0,0.8824,1.0,,
3e8520ff21c1,COLD,include,video,,include:clip:3e8520ff21c1,data/external/include_pose/INCLUDE/Pose_Signs/Adjectives/88. cold/MVI_9492.pkl,data/processed/landmarks/include/COLD/3e8520ff21c1.npz,73,0.0,0.0,0.9452,1.0,,
15049d52a7f8,COLD,include,video,,include:clip:15049d52a7f8,data/external/include_pose/INCLUDE/Pose_Signs/Adjectives/88. cold/MVI_9491.pkl,data/processed/landmarks/include/COLD/15049d52a7f8.npz,65,0.0,0.0,0.9231,1.0,,
a9121cf62d77,COLD,include,video,,include:clip:a9121cf62d77,data/external/include_pose/INCLUDE/Pose_Signs/Adjectives/88. cold/MVI_9490.pkl,data/processed/landmarks/include/COLD/a9121cf62d77.npz,68,0.0,0.0,0.9118,1.0,,
9261ba8d5436,COLD,include,video,,include:clip:9261ba8d5436,data/external/include_pose/INCLUDE/Pose_Signs/Adjectives/88. cold/MVI_5139.pkl,data/processed/landmarks/include/COLD/9261ba8d5436.npz,56,0.0,0.0,0.9286,1.0,,
c87001b9aa4b,COLD,include,video,,include:clip:c87001b9aa4b,data/external/include_pose/INCLUDE/Pose_Signs/Adjectives/88. cold/MVI_5298.pkl,data/processed/landmarks/include/COLD/c87001b9aa4b.npz,52,0.0,0.0,0.9423,1.0,,
3b0898e7412b,COLD,include,video,,include:clip:3b0898e7412b,data/external/include_pose/INCLUDE/Pose_Signs/Adjectives/88. cold/MVI_5299.pkl,data/processed/landmarks/include/COLD/3b0898e7412b.npz,57,0.0,0.0,0.8596,1.0,,
0be9d80e5dee,COLD,include,video,,include:clip:0be9d80e5dee,data/external/include_pose/INCLUDE/Pose_Signs/Adjectives/88. cold/MVI_5300.pkl,data/processed/landmarks/include/COLD/0be9d80e5dee.npz,54,0.0,0.0,0.963,1.0,,
16712c2a203b,COLD,include,video,,include:clip:16712c2a203b,data/external/include_pose/INCLUDE/Pose_Signs/Adjectives/88. cold/MVI_9411.pkl,data/processed/landmarks/include/COLD/16712c2a203b.npz,54,0.0,0.0,0.8889,1.0,,
d7df65bb9cd2,TIGHT,include,video,,include:clip:d7df65bb9cd2,data/external/include_pose/INCLUDE/Pose_Signs/Adjectives/21. tight/MVI_9647.pkl,data/processed/landmarks/include/TIGHT/d7df65bb9cd2.npz,63,0.0,0.0,0.9524,1.0,,
0e3eb5601b62,TIGHT,include,video,,include:clip:0e3eb5601b62,data/external/include_pose/INCLUDE/Pose_Signs/Adjectives/21. tight/MVI_9646.pkl,data/processed/landmarks/include/TIGHT/0e3eb5601b62.npz,81,0.0,0.0,0.9506,1.0,,
75a6171ed9f3,TIGHT,include,video,,include:clip:75a6171ed9f3,data/external/include_pose/INCLUDE/Pose_Signs/Adjectives/21. tight/MVI_9648.pkl,data/processed/landmarks/include/TIGHT/75a6171ed9f3.npz,64,0.0,0.0,0.875,1.0,,
bfbe88c71bfa,TIGHT,include,video,,include:clip:bfbe88c71bfa,data/external/include_pose/INCLUDE/Pose_Signs/Adjectives/21. tight/MVI_9649.pkl,data/processed/landmarks/include/TIGHT/bfbe88c71bfa.npz,55,0.0,0.0,0.8545,1.0,,
2836b056d86a,TIGHT,include,video,,include:clip:2836b056d86a,data/external/include_pose/INCLUDE/Pose_Signs/Adjectives/21. tight/MVI_9771.pkl,data/processed/landmarks/include/TIGHT/2836b056d86a.npz,61,0.0,0.0,0.9344,1.0,,
4cb270632e07,TIGHT,include,video,,include:clip:4cb270632e07,data/external/include_pose/INCLUDE/Pose_Signs/Adjectives/21. tight/MVI_9772.pkl,data/processed/landmarks/include/TIGHT/4cb270632e07.npz,61,0.0,0.0,0.918,1.0,,
07c605572aa0,TIGHT,include,video,,include:clip:07c605572aa0,data/external/include_pose/INCLUDE/Pose_Signs/Adjectives/21. tight/MVI_9773.pkl,data/processed/landmarks/include/TIGHT/07c605572aa0.npz,63,0.0,0.0,0.9048,1.0,,
82ccd4fd9f61,SICK,include,video,,include:clip:82ccd4fd9f61,data/external/include_pose/INCLUDE/Pose_Signs/Adjectives/98. sick/MVI_5331.pkl,data/processed/landmarks/include/SICK/82ccd4fd9f61.npz,55,0.0,0.0,0.9273,1.0,,
64eace7f53b9,SICK,include,video,,include:clip:64eace7f53b9,data/external/include_pose/INCLUDE/Pose_Signs/Adjectives/98. sick/MVI_5251.pkl,data/processed/landmarks/include/SICK/64eace7f53b9.npz,66,0.0,0.0,0.9545,1.0,,
38c4a2768bf8,SICK,include,video,,include:clip:38c4a2768bf8,data/external/include_pose/INCLUDE/Pose_Signs/Adjectives/98. sick/MVI_9443.pkl,data/processed/landmarks/include/SICK/38c4a2768bf8.npz,60,0.0,0.0,0.9833,1.0,,
3bcddec45a7d,SICK,include,video,,include:clip:3bcddec45a7d,data/external/include_pose/INCLUDE/Pose_Signs/Adjectives/98. sick/MVI_9442.pkl,data/processed/landmarks/include/SICK/3bcddec45a7d.npz,58,0.0,0.0,0.9483,1.0,,
e599b93d522a,SICK,include,video,,include:clip:e599b93d522a,data/external/include_pose/INCLUDE/Pose_Signs/Adjectives/98. sick/MVI_5330.pkl,data/processed/landmarks/include/SICK/e599b93d522a.npz,51,0.0,0.0,0.9804,1.0,,
d2a34a16b97f,SICK,include,video,,include:clip:d2a34a16b97f,data/external/include_pose/INCLUDE/Pose_Signs/Adjectives/98. sick/MVI_5252.pkl,data/processed/landmarks/include/SICK/d2a34a16b97f.npz,62,0.0,0.0,0.9355,1.0,,
2517619e99b1,SICK,include,video,,include:clip:2517619e99b1,data/external/include_pose/INCLUDE/Pose_Signs/Adjectives/98. sick/MVI_5253.pkl,data/processed/landmarks/include/SICK/2517619e99b1.npz,60,0.0,0.0,0.9667,1.0,,
0748e2fd27d1,SICK,include,video,,include:clip:0748e2fd27d1,data/external/include_pose/INCLUDE/Pose_Signs/Adjectives/98. sick/MVI_9280.pkl,data/processed/landmarks/include/SICK/0748e2fd27d1.npz,56,0.0,0.0,0.8929,1.0,,
c834f74e10bc,SICK,include,video,,include:clip:c834f74e10bc,data/external/include_pose/INCLUDE/Pose_Signs/Adjectives/98. sick/MVI_9444.pkl,data/processed/landmarks/include/SICK/c834f74e10bc.npz,56,0.0,0.0,0.9107,1.0,,
c3ff371fc364,SICK,include,video,,include:clip:c3ff371fc364,data/external/include_pose/INCLUDE/Pose_Signs/Adjectives/98. sick/MVI_9281.pkl,data/processed/landmarks/include/SICK/c3ff371fc364.npz,54,0.0,0.0,0.9074,1.0,,
284cf59617d0,SICK,include,video,,include:clip:284cf59617d0,data/external/include_pose/INCLUDE/Pose_Signs/Adjectives/98. sick/MVI_9282.pkl,data/processed/landmarks/include/SICK/284cf59617d0.npz,65,0.0,0.0,0.9077,1.0,,
9b54835237d6,SICK,include,video,,include:clip:9b54835237d6,data/external/include_pose/INCLUDE/Pose_Signs/Adjectives/98. sick/MVI_9529.pkl,data/processed/landmarks/include/SICK/9b54835237d6.npz,64,0.0,0.0,1.0,1.0,,
f6a3faa21ca3,SICK,include,video,,include:clip:f6a3faa21ca3,data/external/include_pose/INCLUDE/Pose_Signs/Adjectives/98. sick/MVI_5329.pkl,data/processed/landmarks/include/SICK/f6a3faa21ca3.npz,47,0.0,0.0,0.9362,1.0,,
9228c79d18b5,SICK,include,video,,include:clip:9228c79d18b5,data/external/include_pose/INCLUDE/Pose_Signs/Adjectives/98. sick/MVI_5171.pkl,data/processed/landmarks/include/SICK/9228c79d18b5.npz,85,0.0,0.0,0.9765,1.0,,
4f87a7770c21,SICK,include,video,,include:clip:4f87a7770c21,data/external/include_pose/INCLUDE/Pose_Signs/Adjectives/98. sick/MVI_9364.pkl,data/processed/landmarks/include/SICK/4f87a7770c21.npz,45,0.0,0.0,0.9333,1.0,,
af7c8e62f76d,SICK,include,video,,include:clip:af7c8e62f76d,data/external/include_pose/INCLUDE/Pose_Signs/Adjectives/98. sick/MVI_9362.pkl,data/processed/landmarks/include/SICK/af7c8e62f76d.npz,47,0.0,0.0,0.8298,1.0,,
83873ae0794e,SICK,include,video,,include:clip:83873ae0794e,data/external/include_pose/INCLUDE/Pose_Signs/Adjectives/98. sick/MVI_9363.pkl,data/processed/landmarks/include/SICK/83873ae0794e.npz,44,0.0,0.0,0.9318,1.0,,
b0cf00f50848,LOW,include,video,,include:clip:b0cf00f50848,data/external/include_pose/INCLUDE/Pose_Signs/Adjectives/24. low/MVI_9787.pkl,data/processed/landmarks/include/LOW/b0cf00f50848.npz,60,0.0,0.0,1.0,1.0,,
5a7ddf808f7f,LOW,include,video,,include:clip:5a7ddf808f7f,data/external/include_pose/INCLUDE/Pose_Signs/Adjectives/24. low/MVI_9786.pkl,data/processed/landmarks/include/LOW/5a7ddf808f7f.npz,53,0.0,0.0,1.0,1.0,,
f2320b95acb1,LOW,include,video,,include:clip:f2320b95acb1,data/external/include_pose/INCLUDE/Pose_Signs/Adjectives/24. low/MVI_9784.pkl,data/processed/landmarks/include/LOW/f2320b95acb1.npz,56,0.0,0.0,1.0,1.0,,
c1409f4fa817,LOW,include,video,,include:clip:c1409f4fa817,data/external/include_pose/INCLUDE/Pose_Signs/Adjectives/24. low/MVI_9660.pkl,data/processed/landmarks/include/LOW/c1409f4fa817.npz,63,0.0,0.0,1.0,1.0,,
3afc90095a42,LOW,include,video,,include:clip:3afc90095a42,data/external/include_pose/INCLUDE/Pose_Signs/Adjectives/24. low/MVI_9661.pkl,data/processed/landmarks/include/LOW/3afc90095a42.npz,62,0.0,0.0,1.0,1.0,,
020b9ca54701,LOW,include,video,,include:clip:020b9ca54701,data/external/include_pose/INCLUDE/Pose_Signs/Adjectives/24. low/MVI_9659.pkl,data/processed/landmarks/include/LOW/020b9ca54701.npz,59,0.0,0.0,1.0,1.0,,
38612dad4997,LOW,include,video,,include:clip:38612dad4997,data/external/include_pose/INCLUDE/Pose_Signs/Adjectives/24. low/MVI_9658.pkl,data/processed/landmarks/include/LOW/38612dad4997.npz,64,0.0,0.0,1.0,1.0,,
1165308ef434,UGLY,include,video,,include:clip:1165308ef434,data/external/include_pose/INCLUDE/Pose_Signs/Adjectives/6. Ugly/MVI_9579.pkl,data/processed/landmarks/include/UGLY/1165308ef434.npz,59,0.0,0.0,1.0,1.0,,
379d20494f6a,UGLY,include,video,,include:clip:379d20494f6a,data/external/include_pose/INCLUDE/Pose_Signs/Adjectives/6. Ugly/MVI_9578.pkl,data/processed/landmarks/include/UGLY/379d20494f6a.npz,77,0.0,0.0,1.0,1.0,,
9f9908b29f07,UGLY,include,video,,include:clip:9f9908b29f07,data/external/include_pose/INCLUDE/Pose_Signs/Adjectives/6. Ugly/MVI_9846.pkl,data/processed/landmarks/include/UGLY/9f9908b29f07.npz,59,0.0,0.0,1.0,1.0,,
367bea25342d,UGLY,include,video,,include:clip:367bea25342d,data/external/include_pose/INCLUDE/Pose_Signs/Adjectives/6. Ugly/MVI_9844.pkl,data/processed/landmarks/include/UGLY/367bea25342d.npz,53,0.0,0.0,1.0,1.0,,
c171306bcf99,UGLY,include,video,,include:clip:c171306bcf99,data/external/include_pose/INCLUDE/Pose_Signs/Adjectives/6. Ugly/MVI_9845.pkl,data/processed/landmarks/include/UGLY/c171306bcf99.npz,60,0.0,0.0,1.0,1.0,,
bce4ca5907a7,UGLY,include,video,,include:clip:bce4ca5907a7,data/external/include_pose/INCLUDE/Pose_Signs/Adjectives/6. Ugly/MVI_9577.pkl,data/processed/landmarks/include/UGLY/bce4ca5907a7.npz,69,0.0,0.0,1.0,1.0,,
2adc5f69ceed,THIN,include,video,,include:clip:2adc5f69ceed,data/external/include_pose/INCLUDE/Pose_Signs/Adjectives/14. thin/MVI_9609.pkl,data/processed/landmarks/include/THIN/2adc5f69ceed.npz,62,0.0,0.0,1.0,1.0,,
527df32b7281,THIN,include,video,,include:clip:527df32b7281,data/external/include_pose/INCLUDE/Pose_Signs/Adjectives/14. thin/MVI_9611.pkl,data/processed/landmarks/include/THIN/527df32b7281.npz,65,0.0,0.0,1.0,1.0,,
a2346f642c76,THIN,include,video,,include:clip:a2346f642c76,data/external/include_pose/INCLUDE/Pose_Signs/Adjectives/14. thin/MVI_9610.pkl,data/processed/landmarks/include/THIN/a2346f642c76.npz,65,0.0,0.0,1.0,1.0,,
d0c5043a4336,THICK,include,video,,include:clip:d0c5043a4336,data/external/include_pose/INCLUDE/Pose_Signs/Adjectives/13. thick/MVI_9742.pkl,data/processed/landmarks/include/THICK/d0c5043a4336.npz,64,0.0,0.0,1.0,1.0,,
45af1e6f65be,THICK,include,video,,include:clip:45af1e6f65be,data/external/include_pose/INCLUDE/Pose_Signs/Adjectives/13. thick/MVI_9608.pkl,data/processed/landmarks/include/THICK/45af1e6f65be.npz,71,0.0,0.0,1.0,1.0,,
c7a92190bfd7,THICK,include,video,,include:clip:c7a92190bfd7,data/external/include_pose/INCLUDE/Pose_Signs/Adjectives/13. thick/MVI_9744.pkl,data/processed/landmarks/include/THICK/c7a92190bfd7.npz,74,0.0,0.0,1.0,1.0,,
516d23783769,THICK,include,video,,include:clip:516d23783769,data/external/include_pose/INCLUDE/Pose_Signs/Adjectives/13. thick/MVI_9745.pkl,data/processed/landmarks/include/THICK/516d23783769.npz,69,0.0,0.0,1.0,1.0,,
095bb43bb0b4,THICK,include,video,,include:clip:095bb43bb0b4,data/external/include_pose/INCLUDE/Pose_Signs/Adjectives/13. thick/MVI_9605.pkl,data/processed/landmarks/include/THICK/095bb43bb0b4.npz,58,0.0,0.0,1.0,1.0,,
0af4324737c6,THICK,include,video,,include:clip:0af4324737c6,data/external/include_pose/INCLUDE/Pose_Signs/Adjectives/13. thick/MVI_9606.pkl,data/processed/landmarks/include/THICK/0af4324737c6.npz,68,0.0,0.0,1.0,1.0,,
37df179b3d3a,DIRTY,include,video,,include:clip:37df179b3d3a,data/external/include_pose/INCLUDE/Pose_Signs/Adjectives/30. dirty/MVI_9811.pkl,data/processed/landmarks/include/DIRTY/37df179b3d3a.npz,70,0.0,0.0,1.0,1.0,,
37365a7e5fbd,DIRTY,include,video,,include:clip:37365a7e5fbd,data/external/include_pose/INCLUDE/Pose_Signs/Adjectives/30. dirty/MVI_9810.pkl,data/processed/landmarks/include/DIRTY/37365a7e5fbd.npz,58,0.0,0.0,1.0,1.0,,
0482bfb6fe1a,DIRTY,include,video,,include:clip:0482bfb6fe1a,data/external/include_pose/INCLUDE/Pose_Signs/Adjectives/30. dirty/MVI_9812.pkl,data/processed/landmarks/include/DIRTY/0482bfb6fe1a.npz,70,0.0,0.0,1.0,1.0,,
1eaee73deac4,DIRTY,include,video,,include:clip:1eaee73deac4,data/external/include_pose/INCLUDE/Pose_Signs/Adjectives/30. dirty/MVI_9813.pkl,data/processed/landmarks/include/DIRTY/1eaee73deac4.npz,72,0.0,0.0,1.0,1.0,,
c9fe19f7dcc3,DIRTY,include,video,,include:clip:c9fe19f7dcc3,data/external/include_pose/INCLUDE/Pose_Signs/Adjectives/30. dirty/MVI_9684.pkl,data/processed/landmarks/include/DIRTY/c9fe19f7dcc3.npz,67,0.0,0.0,1.0,1.0,,
5112eccd110e,DIRTY,include,video,,include:clip:5112eccd110e,data/external/include_pose/INCLUDE/Pose_Signs/Adjectives/30. dirty/MVI_9685.pkl,data/processed/landmarks/include/DIRTY/5112eccd110e.npz,71,0.0,0.0,1.0,1.0,,
cce092c513a9,DIRTY,include,video,,include:clip:cce092c513a9,data/external/include_pose/INCLUDE/Pose_Signs/Adjectives/30. dirty/MVI_9686.pkl,data/processed/landmarks/include/DIRTY/cce092c513a9.npz,69,0.0,0.0,1.0,1.0,,
ec35e7ba6783,LOUD,include,video,,include:clip:ec35e7ba6783,data/external/include_pose/INCLUDE/Pose_Signs/Adjectives/1. loud/MVI_5178.pkl,data/processed/landmarks/include/LOUD/ec35e7ba6783.npz,64,0.0,0.0,0.9219,1.0,,
cc566252234b,LOUD,include,video,,include:clip:cc566252234b,data/external/include_pose/INCLUDE/Pose_Signs/Adjectives/1. loud/MVI_5179.pkl,data/processed/landmarks/include/LOUD/cc566252234b.npz,66,0.0,0.0,0.9545,1.0,,
b38e9f33d9da,LOUD,include,video,,include:clip:b38e9f33d9da,data/external/include_pose/INCLUDE/Pose_Signs/Adjectives/1. loud/MVI_9368.pkl,data/processed/landmarks/include/LOUD/b38e9f33d9da.npz,47,0.0,0.0,0.8723,1.0,,
c7688bb945ad,LOUD,include,video,,include:clip:c7688bb945ad,data/external/include_pose/INCLUDE/Pose_Signs/Adjectives/1. loud/MVI_9536.pkl,data/processed/landmarks/include/LOUD/c7688bb945ad.npz,57,0.0,0.0,0.9825,1.0,,
4bffb7caf412,LOUD,include,video,,include:clip:4bffb7caf412,data/external/include_pose/INCLUDE/Pose_Signs/Adjectives/1. loud/MVI_9534.pkl,data/processed/landmarks/include/LOUD/4bffb7caf412.npz,56,0.0,0.0,0.9821,1.0,,
08f65759b156,LOUD,include,video,,include:clip:08f65759b156,data/external/include_pose/INCLUDE/Pose_Signs/Adjectives/1. loud/MVI_9291.pkl,data/processed/landmarks/include/LOUD/08f65759b156.npz,63,0.0,0.0,0.9206,1.0,,
1abdf069ed95,LOUD,include,video,,include:clip:1abdf069ed95,data/external/include_pose/INCLUDE/Pose_Signs/Adjectives/1. loud/MVI_9290.pkl,data/processed/landmarks/include/LOUD/1abdf069ed95.npz,64,0.0,0.0,0.9219,1.0,,
0657ecf213dd,LOUD,include,video,,include:clip:0657ecf213dd,data/external/include_pose/INCLUDE/Pose_Signs/Adjectives/1. loud/MVI_9535.pkl,data/processed/landmarks/include/LOUD/0657ecf213dd.npz,65,0.0,0.0,0.9846,1.0,,
d89ab1cace74,LOUD,include,video,,include:clip:d89ab1cace74,data/external/include_pose/INCLUDE/Pose_Signs/Adjectives/1. loud/MVI_5337.pkl,data/processed/landmarks/include/LOUD/d89ab1cace74.npz,48,0.0,0.0,0.9583,1.0,,
ce69eb9a211c,LOUD,include,video,,include:clip:ce69eb9a211c,data/external/include_pose/INCLUDE/Pose_Signs/Adjectives/1. loud/MVI_9450.pkl,data/processed/landmarks/include/LOUD/ce69eb9a211c.npz,50,0.0,0.0,0.92,1.0,,
f7c712ebd311,LOUD,include,video,,include:clip:f7c712ebd311,data/external/include_pose/INCLUDE/Pose_Signs/Adjectives/1. loud/MVI_5336.pkl,data/processed/landmarks/include/LOUD/f7c712ebd311.npz,42,0.0,0.0,0.9524,1.0,,
caf175fcc0c8,LOUD,include,video,,include:clip:caf175fcc0c8,data/external/include_pose/INCLUDE/Pose_Signs/Adjectives/1. loud/MVI_5335.pkl,data/processed/landmarks/include/LOUD/caf175fcc0c8.npz,45,0.0,0.0,0.9333,1.0,,
9ca8033ae6fa,LOUD,include,video,,include:clip:9ca8033ae6fa,data/external/include_pose/INCLUDE/Pose_Signs/Adjectives/1. loud/MVI_5258.pkl,data/processed/landmarks/include/LOUD/9ca8033ae6fa.npz,76,0.0,0.0,0.9605,1.0,,
c10f3f6869ce,LOUD,include,video,,include:clip:c10f3f6869ce,data/external/include_pose/INCLUDE/Pose_Signs/Adjectives/1. loud/MVI_5259.pkl,data/processed/landmarks/include/LOUD/c10f3f6869ce.npz,64,0.0,0.0,0.9531,1.0,,
115fe2c8accb,LOUD,include,video,,include:clip:115fe2c8accb,data/external/include_pose/INCLUDE/Pose_Signs/Adjectives/1. loud/MVI_9449.pkl,data/processed/landmarks/include/LOUD/115fe2c8accb.npz,47,0.0,0.0,0.9149,1.0,,
e27fb65e7f3c,LOUD,include,video,,include:clip:e27fb65e7f3c,data/external/include_pose/INCLUDE/Pose_Signs/Adjectives/1. loud/MVI_9370.pkl,data/processed/landmarks/include/LOUD/e27fb65e7f3c.npz,46,0.0,0.0,0.913,1.0,,
faf3e9fa7b6d,LOUD,include,video,,include:clip:faf3e9fa7b6d,data/external/include_pose/INCLUDE/Pose_Signs/Adjectives/1. loud/MVI_5177.pkl,data/processed/landmarks/include/LOUD/faf3e9fa7b6d.npz,56,0.0,0.0,1.0,1.0,,
9a36745f3453,SHALLOW,include,video,,include:clip:9a36745f3453,data/external/include_pose/INCLUDE/Pose_Signs/Adjectives/28. shallow/MVI_9804.pkl,data/processed/landmarks/include/SHALLOW/9a36745f3453.npz,99,0.0,0.0,0.9293,1.0,,
26119f32ad41,SHALLOW,include,video,,include:clip:26119f32ad41,data/external/include_pose/INCLUDE/Pose_Signs/Adjectives/28. shallow/MVI_9803.pkl,data/processed/landmarks/include/SHALLOW/26119f32ad41.npz,100,0.0,0.0,0.93,1.0,,
e5dc969143ed,SHALLOW,include,video,,include:clip:e5dc969143ed,data/external/include_pose/INCLUDE/Pose_Signs/Adjectives/28. shallow/MVI_9802.pkl,data/processed/landmarks/include/SHALLOW/e5dc969143ed.npz,100,0.0,0.0,0.95,1.0,,
38071c7dba09,SHALLOW,include,video,,include:clip:38071c7dba09,data/external/include_pose/INCLUDE/Pose_Signs/Adjectives/28. shallow/MVI_9674.pkl,data/processed/landmarks/include/SHALLOW/38071c7dba09.npz,93,0.0,0.0,0.9892,1.0,,
ae849f6936ff,SHALLOW,include,video,,include:clip:ae849f6936ff,data/external/include_pose/INCLUDE/Pose_Signs/Adjectives/28. shallow/MVI_9675.pkl,data/processed/landmarks/include/SHALLOW/ae849f6936ff.npz,102,0.0,0.0,0.9706,1.0,,
399be2e9b4db,SHALLOW,include,video,,include:clip:399be2e9b4db,data/external/include_pose/INCLUDE/Pose_Signs/Adjectives/28. shallow/MVI_9677.pkl,data/processed/landmarks/include/SHALLOW/399be2e9b4db.npz,94,0.0,0.0,0.9468,1.0,,
ad21605acdef,SHALLOW,include,video,,include:clip:ad21605acdef,data/external/include_pose/INCLUDE/Pose_Signs/Adjectives/28. shallow/MVI_9676.pkl,data/processed/landmarks/include/SHALLOW/ad21605acdef.npz,108,0.0,0.0,0.9907,1.0,,
8bb5f3a71f10,DEAD,include,video,,include:clip:8bb5f3a71f10,data/external/include_pose/INCLUDE/Pose_Signs/Adjectives/33. dead/MVI_9700.pkl,data/processed/landmarks/include/DEAD/8bb5f3a71f10.npz,49,0.0,0.0,1.0,1.0,,
edddacdc2338,DEAD,include,video,,include:clip:edddacdc2338,data/external/include_pose/INCLUDE/Pose_Signs/Adjectives/33. dead/MVI_9701.pkl,data/processed/landmarks/include/DEAD/edddacdc2338.npz,54,0.0,0.0,1.0,1.0,,
85bbe9ada65b,DEAD,include,video,,include:clip:85bbe9ada65b,data/external/include_pose/INCLUDE/Pose_Signs/Adjectives/33. dead/MVI_9702.pkl,data/processed/landmarks/include/DEAD/85bbe9ada65b.npz,58,0.0,0.0,1.0,1.0,,
b1a756da4a5a,DEAD,include,video,,include:clip:b1a756da4a5a,data/external/include_pose/INCLUDE/Pose_Signs/Adjectives/33. dead/MVI_9699.pkl,data/processed/landmarks/include/DEAD/b1a756da4a5a.npz,49,0.0,0.0,1.0,1.0,,
5d2b0d1baaa5,DEAD,include,video,,include:clip:5d2b0d1baaa5,data/external/include_pose/INCLUDE/Pose_Signs/Adjectives/33. dead/MVI_9824.pkl,data/processed/landmarks/include/DEAD/5d2b0d1baaa5.npz,56,0.0,0.0,1.0,1.0,,
cc621677235f,DEAD,include,video,,include:clip:cc621677235f,data/external/include_pose/INCLUDE/Pose_Signs/Adjectives/33. dead/MVI_9825.pkl,data/processed/landmarks/include/DEAD/cc621677235f.npz,53,0.0,0.0,1.0,1.0,,
0eb79c5fc59b,DEAD,include,video,,include:clip:0eb79c5fc59b,data/external/include_pose/INCLUDE/Pose_Signs/Adjectives/33. dead/MVI_9823.pkl,data/processed/landmarks/include/DEAD/0eb79c5fc59b.npz,56,0.0,0.0,1.0,1.0,,
0709623ef226,FLAT,include,video,,include:clip:0709623ef226,data/external/include_pose/INCLUDE/Pose_Signs/Adjectives/17. flat/MVI_9756.pkl,data/processed/landmarks/include/FLAT/0709623ef226.npz,65,0.0,0.0,0.8923,1.0,,
ee1619f9566a,FLAT,include,video,,include:clip:ee1619f9566a,data/external/include_pose/INCLUDE/Pose_Signs/Adjectives/17. flat/MVI_9622.pkl,data/processed/landmarks/include/FLAT/ee1619f9566a.npz,67,0.0,0.0,0.8358,1.0,,
3ee22ca58020,FLAT,include,video,,include:clip:3ee22ca58020,data/external/include_pose/INCLUDE/Pose_Signs/Adjectives/17. flat/MVI_9623.pkl,data/processed/landmarks/include/FLAT/3ee22ca58020.npz,70,0.0,0.0,0.8429,1.0,,
c099961c83bf,FLAT,include,video,,include:clip:c099961c83bf,data/external/include_pose/INCLUDE/Pose_Signs/Adjectives/17. flat/MVI_9757.pkl,data/processed/landmarks/include/FLAT/c099961c83bf.npz,62,0.0,0.0,0.9355,1.0,,
de14408d1560,FLAT,include,video,,include:clip:de14408d1560,data/external/include_pose/INCLUDE/Pose_Signs/Adjectives/17. flat/MVI_9621.pkl,data/processed/landmarks/include/FLAT/de14408d1560.npz,59,0.0,0.0,0.8983,1.0,,
18ea7c26d212,FLAT,include,video,,include:clip:18ea7c26d212,data/external/include_pose/INCLUDE/Pose_Signs/Adjectives/17. flat/MVI_9624.pkl,data/processed/landmarks/include/FLAT/18ea7c26d212.npz,67,0.0,0.0,0.8806,1.0,,
de54e67b3cba,FLAT,include,video,,include:clip:de54e67b3cba,data/external/include_pose/INCLUDE/Pose_Signs/Adjectives/17. flat/MVI_9758.pkl,data/processed/landmarks/include/FLAT/de54e67b3cba.npz,63,0.0,0.0,0.9365,1.0,,
50415d6c1f40,YOUNG,include,video,,include:clip:50415d6c1f40,data/external/include_pose/INCLUDE/Pose_Signs/Adjectives/93. young/MVI_9346.pkl,data/processed/landmarks/include/YOUNG/50415d6c1f40.npz,44,0.0,0.0,1.0,1.0,,
d804d6f9542f,YOUNG,include,video,,include:clip:d804d6f9542f,data/external/include_pose/INCLUDE/Pose_Signs/Adjectives/93. young/MVI_5156.pkl,data/processed/landmarks/include/YOUNG/d804d6f9542f.npz,67,0.0,0.0,1.0,1.0,,
4d631e8db1e9,YOUNG,include,video,,include:clip:4d631e8db1e9,data/external/include_pose/INCLUDE/Pose_Signs/Adjectives/93. young/MVI_9427.pkl,data/processed/landmarks/include/YOUNG/4d631e8db1e9.npz,45,0.0,0.0,1.0,1.0,,
81006d4c9d1d,YOUNG,include,video,,include:clip:81006d4c9d1d,data/external/include_pose/INCLUDE/Pose_Signs/Adjectives/93. young/MVI_5157.pkl,data/processed/landmarks/include/YOUNG/81006d4c9d1d.npz,76,0.0,0.0,1.0,1.0,,
307f5cef9476,YOUNG,include,video,,include:clip:307f5cef9476,data/external/include_pose/INCLUDE/Pose_Signs/Adjectives/93. young/MVI_5155.pkl,data/processed/landmarks/include/YOUNG/307f5cef9476.npz,66,0.0,0.0,1.0,1.0,,
bd2bced0d34b,YOUNG,include,video,,include:clip:bd2bced0d34b,data/external/include_pose/INCLUDE/Pose_Signs/Adjectives/93. young/MVI_5237.pkl,data/processed/landmarks/include/YOUNG/bd2bced0d34b.npz,67,0.0,0.0,0.9851,1.0,,
cefb85154f6d,YOUNG,include,video,,include:clip:cefb85154f6d,data/external/include_pose/INCLUDE/Pose_Signs/Adjectives/93. young/MVI_5236.pkl,data/processed/landmarks/include/YOUNG/cefb85154f6d.npz,65,0.0,0.0,0.9846,1.0,,
f01c32285380,YOUNG,include,video,,include:clip:f01c32285380,data/external/include_pose/INCLUDE/Pose_Signs/Adjectives/93. young/MVI_9508.pkl,data/processed/landmarks/include/YOUNG/f01c32285380.npz,55,0.0,0.0,1.0,1.0,,
cd087c84baaf,YOUNG,include,video,,include:clip:cd087c84baaf,data/external/include_pose/INCLUDE/Pose_Signs/Adjectives/93. young/MVI_9509.pkl,data/processed/landmarks/include/YOUNG/cd087c84baaf.npz,51,0.0,0.0,1.0,1.0,,
ad29852490d7,YOUNG,include,video,,include:clip:ad29852490d7,data/external/include_pose/INCLUDE/Pose_Signs/Adjectives/93. young/MVI_9265.pkl,data/processed/landmarks/include/YOUNG/ad29852490d7.npz,42,0.0,0.0,1.0,1.0,,
ecfaf8223cf8,YOUNG,include,video,,include:clip:ecfaf8223cf8,data/external/include_pose/INCLUDE/Pose_Signs/Adjectives/93. young/MVI_5313.pkl,data/processed/landmarks/include/YOUNG/ecfaf8223cf8.npz,45,0.0,0.0,1.0,1.0,,
effafaba88f2,YOUNG,include,video,,include:clip:effafaba88f2,data/external/include_pose/INCLUDE/Pose_Signs/Adjectives/93. young/MVI_9267.pkl,data/processed/landmarks/include/YOUNG/effafaba88f2.npz,55,0.0,0.0,1.0,1.0,,
2846cc088610,YOUNG,include,video,,include:clip:2846cc088610,data/external/include_pose/INCLUDE/Pose_Signs/Adjectives/93. young/MVI_9266.pkl,data/processed/landmarks/include/YOUNG/2846cc088610.npz,51,0.0,0.0,1.0,1.0,,
952779c8bba8,YOUNG,include,video,,include:clip:952779c8bba8,data/external/include_pose/INCLUDE/Pose_Signs/Adjectives/93. young/MVI_5315.pkl,data/processed/landmarks/include/YOUNG/952779c8bba8.npz,47,0.0,0.0,1.0,1.0,,
5801bc245b7e,YOUNG,include,video,,include:clip:5801bc245b7e,data/external/include_pose/INCLUDE/Pose_Signs/Adjectives/93. young/MVI_5314.pkl,data/processed/landmarks/include/YOUNG/5801bc245b7e.npz,52,0.0,0.0,1.0,1.0,,
6395758f3b1f,YOUNG,include,video,,include:clip:6395758f3b1f,data/external/include_pose/INCLUDE/Pose_Signs/Adjectives/93. young/MVI_9429.pkl,data/processed/landmarks/include/YOUNG/6395758f3b1f.npz,43,0.0,0.0,1.0,1.0,,
10877643f99d,YOUNG,include,video,,include:clip:10877643f99d,data/external/include_pose/INCLUDE/Pose_Signs/Adjectives/93. young/MVI_9428.pkl,data/processed/landmarks/include/YOUNG/10877643f99d.npz,48,0.0,0.0,0.9792,1.0,,
dac458a42d16,SHORT,include,video,,include:clip:dac458a42d16,data/external/include_pose/INCLUDE/Pose_Signs/Adjectives/79. short/MVI_5191.pkl,data/processed/landmarks/include/SHORT/dac458a42d16.npz,64,0.0,0.0,0.9062,1.0,,
24ddbb77c7fa,SHORT,include,video,,include:clip:24ddbb77c7fa,data/external/include_pose/INCLUDE/Pose_Signs/Adjectives/79. short/MVI_9220.pkl,data/processed/landmarks/include/SHORT/24ddbb77c7fa.npz,49,0.0,0.0,0.8163,1.0,,
0be0bc5dbd96,SHORT,include,video,,include:clip:0be0bc5dbd96,data/external/include_pose/INCLUDE/Pose_Signs/Adjectives/79. short/MVI_9382.pkl,data/processed/landmarks/include/SHORT/0be0bc5dbd96.npz,45,0.0,0.0,0.9556,1.0,,
c834704d82c4,SHORT,include,video,,include:clip:c834704d82c4,data/external/include_pose/INCLUDE/Pose_Signs/Adjectives/79. short/MVI_9221.pkl,data/processed/landmarks/include/SHORT/c834704d82c4.npz,44,0.0,0.0,0.8636,1.0,,
7a6032c6d4e2,SHORT,include,video,,include:clip:7a6032c6d4e2,data/external/include_pose/INCLUDE/Pose_Signs/Adjectives/79. short/MVI_9380.pkl,data/processed/landmarks/include/SHORT/7a6032c6d4e2.npz,53,0.0,0.0,0.9245,1.0,,
0a64e841bb4d,SHORT,include,video,,include:clip:0a64e841bb4d,data/external/include_pose/INCLUDE/Pose_Signs/Adjectives/79. short/MVI_9381.pkl,data/processed/landmarks/include/SHORT/0a64e841bb4d.npz,47,0.0,0.0,0.8723,1.0,,
c5507fdccdc4,SHORT,include,video,,include:clip:c5507fdccdc4,data/external/include_pose/INCLUDE/Pose_Signs/Adjectives/79. short/MVI_5269.pkl,data/processed/landmarks/include/SHORT/c5507fdccdc4.npz,51,0.0,0.0,0.9216,1.0,,
87700b2f4dc7,SHORT,include,video,,include:clip:87700b2f4dc7,data/external/include_pose/INCLUDE/Pose_Signs/Adjectives/79. short/MVI_5270.pkl,data/processed/landmarks/include/SHORT/87700b2f4dc7.npz,51,0.0,0.0,0.9216,1.0,,
6767f77a2e51,SHORT,include,video,,include:clip:6767f77a2e51,data/external/include_pose/INCLUDE/Pose_Signs/Adjectives/79. short/MVI_9462.pkl,data/processed/landmarks/include/SHORT/6767f77a2e51.npz,54,0.0,0.0,0.9074,1.0,,
ed333c754054,SHORT,include,video,,include:clip:ed333c754054,data/external/include_pose/INCLUDE/Pose_Signs/Adjectives/79. short/MVI_9463.pkl,data/processed/landmarks/include/SHORT/ed333c754054.npz,56,0.0,0.0,0.9107,1.0,,
d65d204e87ce,SHORT,include,video,,include:clip:d65d204e87ce,data/external/include_pose/INCLUDE/Pose_Signs/Adjectives/79. short/MVI_5271.pkl,data/processed/landmarks/include/SHORT/d65d204e87ce.npz,52,0.0,0.0,0.9615,1.0,,
9115db2ef035,SHORT,include,video,,include:clip:9115db2ef035,data/external/include_pose/INCLUDE/Pose_Signs/Adjectives/79. short/MVI_5111.pkl,data/processed/landmarks/include/SHORT/9115db2ef035.npz,68,0.0,0.0,0.9412,1.0,,
86e9e1575caf,SHORT,include,video,,include:clip:86e9e1575caf,data/external/include_pose/INCLUDE/Pose_Signs/Adjectives/79. short/MVI_5110.pkl,data/processed/landmarks/include/SHORT/86e9e1575caf.npz,62,0.0,0.0,0.9516,1.0,,
d2e4e30e6c89,SHORT,include,video,,include:clip:d2e4e30e6c89,data/external/include_pose/INCLUDE/Pose_Signs/Adjectives/79. short/extra/MVI_5192.pkl,data/processed/landmarks/include/SHORT/d2e4e30e6c89.npz,59,0.0,0.0,0.9492,1.0,,
efa620a2f465,SHORT,include,video,,include:clip:efa620a2f465,data/external/include_pose/INCLUDE/Pose_Signs/Adjectives/79. short/MVI_9302.pkl,data/processed/landmarks/include/SHORT/efa620a2f465.npz,44,0.0,0.0,0.9091,1.0,,
7849924f37f1,SHORT,include,video,,include:clip:7849924f37f1,data/external/include_pose/INCLUDE/Pose_Signs/Adjectives/79. short/MVI_9303.pkl,data/processed/landmarks/include/SHORT/7849924f37f1.npz,49,0.0,0.0,0.8776,1.0,,
98f115d23c9f,SHORT,include,video,,include:clip:98f115d23c9f,data/external/include_pose/INCLUDE/Pose_Signs/Adjectives/79. short/MVI_9301.pkl,data/processed/landmarks/include/SHORT/98f115d23c9f.npz,49,0.0,0.0,0.8571,1.0,,
629d3721f665,SHORT,include,video,,include:clip:629d3721f665,data/external/include_pose/INCLUDE/Pose_Signs/Adjectives/79. short/MVI_5189.pkl,data/processed/landmarks/include/SHORT/629d3721f665.npz,57,0.0,0.0,0.9649,1.0,,
0c01af7a99b9,POOR,include,video,,include:clip:0c01af7a99b9,data/external/include_pose/INCLUDE/Pose_Signs/Adjectives/12. poor/MVI_9740.pkl,data/processed/landmarks/include/POOR/0c01af7a99b9.npz,72,0.0,0.0,0.9861,1.0,,
6d66463b1f7e,POOR,include,video,,include:clip:6d66463b1f7e,data/external/include_pose/INCLUDE/Pose_Signs/Adjectives/12. poor/MVI_9737.pkl,data/processed/landmarks/include/POOR/6d66463b1f7e.npz,62,0.0,0.0,0.9839,1.0,,
93d95b804bf6,POOR,include,video,,include:clip:93d95b804bf6,data/external/include_pose/INCLUDE/Pose_Signs/Adjectives/12. poor/MVI_9739.pkl,data/processed/landmarks/include/POOR/93d95b804bf6.npz,64,0.0,0.0,0.9688,1.0,,
3ebd47f9202c,POOR,include,video,,include:clip:3ebd47f9202c,data/external/include_pose/INCLUDE/Pose_Signs/Adjectives/12. poor/MVI_9738.pkl,data/processed/landmarks/include/POOR/3ebd47f9202c.npz,61,0.0,0.0,1.0,1.0,,
93efc5d3a7af,POOR,include,video,,include:clip:93efc5d3a7af,data/external/include_pose/INCLUDE/Pose_Signs/Adjectives/12. poor/MVI_9603.pkl,data/processed/landmarks/include/POOR/93efc5d3a7af.npz,65,0.0,0.0,0.9231,1.0,,
8bfcd13a1042,POOR,include,video,,include:clip:8bfcd13a1042,data/external/include_pose/INCLUDE/Pose_Signs/Adjectives/12. poor/MVI_9601.pkl,data/processed/landmarks/include/POOR/8bfcd13a1042.npz,70,0.0,0.0,0.9714,1.0,,
5999e2fdf2a7,POOR,include,video,,include:clip:5999e2fdf2a7,data/external/include_pose/INCLUDE/Pose_Signs/Adjectives/12. poor/MVI_9604.pkl,data/processed/landmarks/include/POOR/5999e2fdf2a7.npz,65,0.0,0.0,0.9385,1.0,,
b1bde8d76317,BAD,include,video,,include:clip:b1bde8d76317,data/external/include_pose/INCLUDE/Pose_Signs/Adjectives/95. bad/MVI_9434.pkl,data/processed/landmarks/include/BAD/b1bde8d76317.npz,47,0.0,0.0,1.0,1.0,,
17413ca82d28,BAD,include,video,,include:clip:17413ca82d28,data/external/include_pose/INCLUDE/Pose_Signs/Adjectives/95. bad/MVI_9435.pkl,data/processed/landmarks/include/BAD/17413ca82d28.npz,46,0.0,0.0,1.0,1.0,,
cdbf4f5dc475,BAD,include,video,,include:clip:cdbf4f5dc475,data/external/include_pose/INCLUDE/Pose_Signs/Adjectives/95. bad/MVI_9354.pkl,data/processed/landmarks/include/BAD/cdbf4f5dc475.npz,40,0.0,0.0,0.975,1.0,,
fceb759607f6,BAD,include,video,,include:clip:fceb759607f6,data/external/include_pose/INCLUDE/Pose_Signs/Adjectives/95. bad/MVI_5319.pkl,data/processed/landmarks/include/BAD/fceb759607f6.npz,51,0.0,0.0,1.0,1.0,,
1798e545ea5f,BAD,include,video,,include:clip:1798e545ea5f,data/external/include_pose/INCLUDE/Pose_Signs/Adjectives/95. bad/MVI_5243.pkl,data/processed/landmarks/include/BAD/1798e545ea5f.npz,48,0.0,0.0,1.0,1.0,,
2442b7ac2378,BAD,include,video,,include:clip:2442b7ac2378,data/external/include_pose/INCLUDE/Pose_Signs/Adjectives/95. bad/MVI_5242.pkl,data/processed/landmarks/include/BAD/2442b7ac2378.npz,54,0.0,0.0,1.0,1.0,,
c0df792862b5,BAD,include,video,,include:clip:c0df792862b5,data/external/include_pose/INCLUDE/Pose_Signs/Adjectives/95. bad/MVI_5320.pkl,data/processed/landmarks/include/BAD/c0df792862b5.npz,50,0.0,0.0,1.0,1.0,,
053ffd4a22a1,BAD,include,video,,include:clip:053ffd4a22a1,data/external/include_pose/INCLUDE/Pose_Signs/Adjectives/95. bad/MVI_5241.pkl,data/processed/landmarks/include/BAD/053ffd4a22a1.npz,51,0.0,0.0,0.9804,1.0,,
6620543a910d,BAD,include,video,,include:clip:6620543a910d,data/external/include_pose/INCLUDE/Pose_Signs/Adjectives/95. bad/MVI_5321.pkl,data/processed/landmarks/include/BAD/6620543a910d.npz,57,0.0,0.0,1.0,1.0,,
8d9f4690793a,BAD,include,video,,include:clip:8d9f4690793a,data/external/include_pose/INCLUDE/Pose_Signs/Adjectives/95. bad/MVI_9516.pkl,data/processed/landmarks/include/BAD/8d9f4690793a.npz,58,0.0,0.0,1.0,1.0,,
dc6e94d40a51,BAD,include,video,,include:clip:dc6e94d40a51,data/external/include_pose/INCLUDE/Pose_Signs/Adjectives/95. bad/MVI_9271.pkl,data/processed/landmarks/include/BAD/dc6e94d40a51.npz,44,0.0,0.0,1.0,1.0,,
0e2e6fb47494,BAD,include,video,,include:clip:0e2e6fb47494,data/external/include_pose/INCLUDE/Pose_Signs/Adjectives/95. bad/MVI_9273.pkl,data/processed/landmarks/include/BAD/0e2e6fb47494.npz,44,0.0,0.0,1.0,1.0,,
f27acfacbd71,BAD,include,video,,include:clip:f27acfacbd71,data/external/include_pose/INCLUDE/Pose_Signs/Adjectives/95. bad/MVI_9514.pkl,data/processed/landmarks/include/BAD/f27acfacbd71.npz,59,0.0,0.0,1.0,1.0,,
7833ecf43bf4,BAD,include,video,,include:clip:7833ecf43bf4,data/external/include_pose/INCLUDE/Pose_Signs/Adjectives/95. bad/MVI_9513.pkl,data/processed/landmarks/include/BAD/7833ecf43bf4.npz,62,0.0,0.0,1.0,1.0,,
1e9e911fc013,BAD,include,video,,include:clip:1e9e911fc013,data/external/include_pose/INCLUDE/Pose_Signs/Adjectives/95. bad/MVI_5163.pkl,data/processed/landmarks/include/BAD/1e9e911fc013.npz,65,0.0,0.0,1.0,1.0,,
e897863f6268,BAD,include,video,,include:clip:e897863f6268,data/external/include_pose/INCLUDE/Pose_Signs/Adjectives/95. bad/MVI_5162.pkl,data/processed/landmarks/include/BAD/e897863f6268.npz,55,0.0,0.0,1.0,1.0,,
d9f01a181bda,BAD,include,video,,include:clip:d9f01a181bda,data/external/include_pose/INCLUDE/Pose_Signs/Adjectives/95. bad/MVI_5161.pkl,data/processed/landmarks/include/BAD/d9f01a181bda.npz,59,0.0,0.0,1.0,1.0,,
bb65792208a7,CLEAN,include,video,,include:clip:bb65792208a7,data/external/include_pose/INCLUDE/Pose_Signs/Adjectives/29. clean/MVI_9806.pkl,data/processed/landmarks/include/CLEAN/bb65792208a7.npz,65,0.0,0.0,0.9692,1.0,,
ccef0dd8d38d,CLEAN,include,video,,include:clip:ccef0dd8d38d,data/external/include_pose/INCLUDE/Pose_Signs/Adjectives/29. clean/MVI_9807.pkl,data/processed/landmarks/include/CLEAN/ccef0dd8d38d.npz,61,0.0,0.0,0.9508,1.0,,
615e5976d323,CLEAN,include,video,,include:clip:615e5976d323,data/external/include_pose/INCLUDE/Pose_Signs/Adjectives/29. clean/MVI_9682.pkl,data/processed/landmarks/include/CLEAN/615e5976d323.npz,65,0.0,0.0,0.9692,1.0,,
b5c2400bf8cf,CLEAN,include,video,,include:clip:b5c2400bf8cf,data/external/include_pose/INCLUDE/Pose_Signs/Adjectives/29. clean/MVI_9680.pkl,data/processed/landmarks/include/CLEAN/b5c2400bf8cf.npz,65,0.0,0.0,0.9385,1.0,,
b0c1f0ae53f8,CLEAN,include,video,,include:clip:b0c1f0ae53f8,data/external/include_pose/INCLUDE/Pose_Signs/Adjectives/29. clean/MVI_9679.pkl,data/processed/landmarks/include/CLEAN/b0c1f0ae53f8.npz,69,0.0,0.0,0.9855,1.0,,
271f7c1abfe3,CLEAN,include,video,,include:clip:271f7c1abfe3,data/external/include_pose/INCLUDE/Pose_Signs/Adjectives/29. clean/MVI_9809.pkl,data/processed/landmarks/include/CLEAN/271f7c1abfe3.npz,59,0.0,0.0,0.9661,1.0,,
74db22a17b85,CLEAN,include,video,,include:clip:74db22a17b85,data/external/include_pose/INCLUDE/Pose_Signs/Adjectives/29. clean/MVI_9808.pkl,data/processed/landmarks/include/CLEAN/74db22a17b85.npz,59,0.0,0.0,0.9492,1.0,,
a97a5852774c,ALIVE,include,video,,include:clip:a97a5852774c,data/external/include_pose/INCLUDE/Pose_Signs/Adjectives/34. alive/MVI_9828.pkl,data/processed/landmarks/include/ALIVE/a97a5852774c.npz,61,0.0,0.0,1.0,1.0,,
52be86c7b1b0,ALIVE,include,video,,include:clip:52be86c7b1b0,data/external/include_pose/INCLUDE/Pose_Signs/Adjectives/34. alive/MVI_9703.pkl,data/processed/landmarks/include/ALIVE/52be86c7b1b0.npz,44,0.0,0.0,1.0,1.0,,
4519e04c2c7e,ALIVE,include,video,,include:clip:4519e04c2c7e,data/external/include_pose/INCLUDE/Pose_Signs/Adjectives/34. alive/MVI_9706.pkl,data/processed/landmarks/include/ALIVE/4519e04c2c7e.npz,52,0.0,0.0,1.0,1.0,,
bcee6d36f7fd,ALIVE,include,video,,include:clip:bcee6d36f7fd,data/external/include_pose/INCLUDE/Pose_Signs/Adjectives/34. alive/MVI_9705.pkl,data/processed/landmarks/include/ALIVE/bcee6d36f7fd.npz,52,0.0,0.0,1.0,1.0,,
5a7b96b80345,ALIVE,include,video,,include:clip:5a7b96b80345,data/external/include_pose/INCLUDE/Pose_Signs/Adjectives/34. alive/MVI_9704.pkl,data/processed/landmarks/include/ALIVE/5a7b96b80345.npz,53,0.0,0.0,1.0,1.0,,
55db72a0a44b,ALIVE,include,video,,include:clip:55db72a0a44b,data/external/include_pose/INCLUDE/Pose_Signs/Adjectives/34. alive/MVI_9830.pkl,data/processed/landmarks/include/ALIVE/55db72a0a44b.npz,51,0.0,0.0,1.0,1.0,,
5ec8238312c2,ALIVE,include,video,,include:clip:5ec8238312c2,data/external/include_pose/INCLUDE/Pose_Signs/Adjectives/34. alive/MVI_9827.pkl,data/processed/landmarks/include/ALIVE/5ec8238312c2.npz,58,0.0,0.0,1.0,1.0,,
8f1cd9d86d05,SOFT,include,video,,include:clip:8f1cd9d86d05,data/external/include_pose/INCLUDE/Pose_Signs/Adjectives/25. soft/MVI_9792.pkl,data/processed/landmarks/include/SOFT/8f1cd9d86d05.npz,58,0.0,0.0,0.9483,1.0,,
2bf38271ea0d,SOFT,include,video,,include:clip:2bf38271ea0d,data/external/include_pose/INCLUDE/Pose_Signs/Adjectives/25. soft/MVI_9790.pkl,data/processed/landmarks/include/SOFT/2bf38271ea0d.npz,61,0.0,0.0,0.9344,1.0,,
e1190be66625,SOFT,include,video,,include:clip:e1190be66625,data/external/include_pose/INCLUDE/Pose_Signs/Adjectives/25. soft/MVI_9791.pkl,data/processed/landmarks/include/SOFT/e1190be66625.npz,61,0.0,0.0,1.0,1.0,,
ea9de07346ab,SOFT,include,video,,include:clip:ea9de07346ab,data/external/include_pose/INCLUDE/Pose_Signs/Adjectives/25. soft/MVI_9663.pkl,data/processed/landmarks/include/SOFT/ea9de07346ab.npz,59,0.0,0.0,0.9322,1.0,,
bb2981dd8bd5,SOFT,include,video,,include:clip:bb2981dd8bd5,data/external/include_pose/INCLUDE/Pose_Signs/Adjectives/25. soft/MVI_9662.pkl,data/processed/landmarks/include/SOFT/bb2981dd8bd5.npz,66,0.0,0.0,0.9848,1.0,,
b7c09c08e569,SOFT,include,video,,include:clip:b7c09c08e569,data/external/include_pose/INCLUDE/Pose_Signs/Adjectives/25. soft/MVI_9665.pkl,data/processed/landmarks/include/SOFT/b7c09c08e569.npz,65,0.0,0.0,0.9077,1.0,,
69a7cf30fef0,SOFT,include,video,,include:clip:69a7cf30fef0,data/external/include_pose/INCLUDE/Pose_Signs/Adjectives/25. soft/MVI_9664.pkl,data/processed/landmarks/include/SOFT/69a7cf30fef0.npz,68,0.0,0.0,0.9412,1.0,,
c3989ac6775c,STRONG,include,video,,include:clip:c3989ac6775c,data/external/include_pose/INCLUDE/Pose_Signs/Adjectives/31. strong/MVI_9816.pkl,data/processed/landmarks/include/STRONG/c3989ac6775c.npz,55,0.0,0.0,0.8545,1.0,,
479965e96f39,STRONG,include,video,,include:clip:479965e96f39,data/external/include_pose/INCLUDE/Pose_Signs/Adjectives/31. strong/MVI_9815.pkl,data/processed/landmarks/include/STRONG/479965e96f39.npz,57,0.0,0.0,0.8772,1.0,,
352c6d6faffa,STRONG,include,video,,include:clip:352c6d6faffa,data/external/include_pose/INCLUDE/Pose_Signs/Adjectives/31. strong/MVI_9690.pkl,data/processed/landmarks/include/STRONG/352c6d6faffa.npz,60,0.0,0.0,0.9333,1.0,,
31b95305041d,STRONG,include,video,,include:clip:31b95305041d,data/external/include_pose/INCLUDE/Pose_Signs/Adjectives/31. strong/MVI_9691.pkl,data/processed/landmarks/include/STRONG/31b95305041d.npz,54,0.0,0.0,0.8704,1.0,,
47c271c95dd1,STRONG,include,video,,include:clip:47c271c95dd1,data/external/include_pose/INCLUDE/Pose_Signs/Adjectives/31. strong/MVI_9693.pkl,data/processed/landmarks/include/STRONG/47c271c95dd1.npz,58,0.0,0.0,0.9655,1.0,,
adc0f7e012ad,STRONG,include,video,,include:clip:adc0f7e012ad,data/external/include_pose/INCLUDE/Pose_Signs/Adjectives/31. strong/MVI_9692.pkl,data/processed/landmarks/include/STRONG/adc0f7e012ad.npz,60,0.0,0.0,0.9167,1.0,,
a2f4c7b2a00d,MALE,include,video,,include:clip:a2f4c7b2a00d,data/external/include_pose/INCLUDE/Pose_Signs/Adjectives/19. male/MVI_9637.pkl,data/processed/landmarks/include/MALE/a2f4c7b2a00d.npz,59,0.0,0.0,1.0,1.0,,
cef13cc67e82,MALE,include,video,,include:clip:cef13cc67e82,data/external/include_pose/INCLUDE/Pose_Signs/Adjectives/19. male/MVI_9763.pkl,data/processed/landmarks/include/MALE/cef13cc67e82.npz,61,0.0,0.0,1.0,1.0,,
9d4a0dd70ce3,MALE,include,video,,include:clip:9d4a0dd70ce3,data/external/include_pose/INCLUDE/Pose_Signs/Adjectives/19. male/MVI_9639.pkl,data/processed/landmarks/include/MALE/9d4a0dd70ce3.npz,60,0.0,0.0,1.0,1.0,,
f4ca67e35612,MALE,include,video,,include:clip:f4ca67e35612,data/external/include_pose/INCLUDE/Pose_Signs/Adjectives/19. male/MVI_9638.pkl,data/processed/landmarks/include/MALE/f4ca67e35612.npz,80,0.0,0.0,1.0,1.0,,
959c7046c884,MALE,include,video,,include:clip:959c7046c884,data/external/include_pose/INCLUDE/Pose_Signs/Adjectives/19. male/MVI_9764.pkl,data/processed/landmarks/include/MALE/959c7046c884.npz,61,0.0,0.0,1.0,1.0,,
490dda007674,MALE,include,video,,include:clip:490dda007674,data/external/include_pose/INCLUDE/Pose_Signs/Adjectives/19. male/MVI_9766.pkl,data/processed/landmarks/include/MALE/490dda007674.npz,52,0.0,0.0,1.0,1.0,,
8aa269e6319d,NICE,include,video,,include:clip:8aa269e6319d,data/external/include_pose/INCLUDE/Pose_Signs/Adjectives/9. Nice/MVI_9590.pkl,data/processed/landmarks/include/NICE/8aa269e6319d.npz,58,0.0,0.0,1.0,1.0,,
05fa82229dc4,NICE,include,video,,include:clip:05fa82229dc4,data/external/include_pose/INCLUDE/Pose_Signs/Adjectives/9. Nice/MVI_9589.pkl,data/processed/landmarks/include/NICE/05fa82229dc4.npz,56,0.0,0.0,1.0,1.0,,
697d48ea705b,NICE,include,video,,include:clip:697d48ea705b,data/external/include_pose/INCLUDE/Pose_Signs/Adjectives/9. Nice/MVI_9588.pkl,data/processed/landmarks/include/NICE/697d48ea705b.npz,58,0.0,0.0,1.0,1.0,,
a058b9acbd31,WEAK,include,video,,include:clip:a058b9acbd31,data/external/include_pose/INCLUDE/Pose_Signs/Adjectives/32. weak/MVI_9696.pkl,data/processed/landmarks/include/WEAK/a058b9acbd31.npz,60,0.0,0.0,0.9833,1.0,,
deb1aca2ac7d,WEAK,include,video,,include:clip:deb1aca2ac7d,data/external/include_pose/INCLUDE/Pose_Signs/Adjectives/32. weak/MVI_9697.pkl,data/processed/landmarks/include/WEAK/deb1aca2ac7d.npz,61,0.0,0.0,0.9672,1.0,,
d5ab29eb2550,WEAK,include,video,,include:clip:d5ab29eb2550,data/external/include_pose/INCLUDE/Pose_Signs/Adjectives/32. weak/MVI_9695.pkl,data/processed/landmarks/include/WEAK/d5ab29eb2550.npz,62,0.0,0.0,0.9839,1.0,,
3aa61376facf,WEAK,include,video,,include:clip:3aa61376facf,data/external/include_pose/INCLUDE/Pose_Signs/Adjectives/32. weak/MVI_9694.pkl,data/processed/landmarks/include/WEAK/3aa61376facf.npz,55,0.0,0.0,0.9455,1.0,,
d8e50f4b9acf,WEAK,include,video,,include:clip:d8e50f4b9acf,data/external/include_pose/INCLUDE/Pose_Signs/Adjectives/32. weak/MVI_9821.pkl,data/processed/landmarks/include/WEAK/d8e50f4b9acf.npz,58,0.0,0.0,0.9828,1.0,,
ce7428e0840b,WEAK,include,video,,include:clip:ce7428e0840b,data/external/include_pose/INCLUDE/Pose_Signs/Adjectives/32. weak/MVI_9820.pkl,data/processed/landmarks/include/WEAK/ce7428e0840b.npz,67,0.0,0.0,0.9701,1.0,,
6e955bad63bc,OLD,include,video,,include:clip:6e955bad63bc,data/external/include_pose/INCLUDE/Pose_Signs/Adjectives/92. old/MVI_5232.pkl,data/processed/landmarks/include/OLD/6e955bad63bc.npz,50,0.0,0.0,1.0,1.0,,
b9fc34e398a0,OLD,include,video,,include:clip:b9fc34e398a0,data/external/include_pose/INCLUDE/Pose_Signs/Adjectives/92. old/MVI_5233.pkl,data/processed/landmarks/include/OLD/b9fc34e398a0.npz,60,0.0,0.0,1.0,1.0,,
b7f7e3a3ec7d,OLD,include,video,,include:clip:b7f7e3a3ec7d,data/external/include_pose/INCLUDE/Pose_Signs/Adjectives/92. old/MVI_5153.pkl,data/processed/landmarks/include/OLD/b7f7e3a3ec7d.npz,65,0.0,0.0,1.0,1.0,,
92f6b3c78635,OLD,include,video,,include:clip:92f6b3c78635,data/external/include_pose/INCLUDE/Pose_Signs/Adjectives/92. old/MVI_9345.pkl,data/processed/landmarks/include/OLD/92f6b3c78635.npz,52,0.0,0.0,0.9808,1.0,,
334bded7733b,OLD,include,video,,include:clip:334bded7733b,data/external/include_pose/INCLUDE/Pose_Signs/Adjectives/92. old/MVI_9344.pkl,data/processed/landmarks/include/OLD/334bded7733b.npz,56,0.0,0.0,0.9821,1.0,,
b92b8165427c,OLD,include,video,,include:clip:b92b8165427c,data/external/include_pose/INCLUDE/Pose_Signs/Adjectives/92. old/MVI_5234.pkl,data/processed/landmarks/include/OLD/b92b8165427c.npz,57,0.0,0.0,1.0,1.0,,
051f0baaeb00,OLD,include,video,,include:clip:051f0baaeb00,data/external/include_pose/INCLUDE/Pose_Signs/Adjectives/92. old/MVI_9343.pkl,data/processed/landmarks/include/OLD/051f0baaeb00.npz,50,0.0,0.0,0.98,1.0,,
4475d790c3d4,OLD,include,video,,include:clip:4475d790c3d4,data/external/include_pose/INCLUDE/Pose_Signs/Adjectives/92. old/MVI_9425.pkl,data/processed/landmarks/include/OLD/4475d790c3d4.npz,50,0.0,0.0,1.0,1.0,,
d3e49dbddfe4,OLD,include,video,,include:clip:d3e49dbddfe4,data/external/include_pose/INCLUDE/Pose_Signs/Adjectives/92. old/MVI_9424.pkl,data/processed/landmarks/include/OLD/d3e49dbddfe4.npz,56,0.0,0.0,1.0,1.0,,
e073fc9a05a8,OLD,include,video,,include:clip:e073fc9a05a8,data/external/include_pose/INCLUDE/Pose_Signs/Adjectives/92. old/MVI_5154.pkl,data/processed/landmarks/include/OLD/e073fc9a05a8.npz,72,0.0,0.0,1.0,1.0,,
97937f002922,OLD,include,video,,include:clip:97937f002922,data/external/include_pose/INCLUDE/Pose_Signs/Adjectives/92. old/MVI_5310.pkl,data/processed/landmarks/include/OLD/97937f002922.npz,39,0.0,0.0,1.0,1.0,,
64b3e756f27d,OLD,include,video,,include:clip:64b3e756f27d,data/external/include_pose/INCLUDE/Pose_Signs/Adjectives/92. old/MVI_9264.pkl,data/processed/landmarks/include/OLD/64b3e756f27d.npz,51,0.0,0.0,1.0,1.0,,
cf2bc70e7558,OLD,include,video,,include:clip:cf2bc70e7558,data/external/include_pose/INCLUDE/Pose_Signs/Adjectives/92. old/MVI_5311.pkl,data/processed/landmarks/include/OLD/cf2bc70e7558.npz,48,0.0,0.0,1.0,1.0,,
11537977f9fe,OLD,include,video,,include:clip:11537977f9fe,data/external/include_pose/INCLUDE/Pose_Signs/Adjectives/92. old/MVI_5312.pkl,data/processed/landmarks/include/OLD/11537977f9fe.npz,49,0.0,0.0,1.0,1.0,,
7e5f0a84216e,OLD,include,video,,include:clip:7e5f0a84216e,data/external/include_pose/INCLUDE/Pose_Signs/Adjectives/92. old/MVI_9504.pkl,data/processed/landmarks/include/OLD/7e5f0a84216e.npz,59,0.0,0.0,1.0,1.0,,
06295bad08b9,OLD,include,video,,include:clip:06295bad08b9,data/external/include_pose/INCLUDE/Pose_Signs/Adjectives/92. old/MVI_9505.pkl,data/processed/landmarks/include/OLD/06295bad08b9.npz,63,0.0,0.0,1.0,1.0,,
0baa5fcb1d32,OLD,include,video,,include:clip:0baa5fcb1d32,data/external/include_pose/INCLUDE/Pose_Signs/Adjectives/92. old/MVI_9263.pkl,data/processed/landmarks/include/OLD/0baa5fcb1d32.npz,51,0.0,0.0,1.0,1.0,,
5236d84c499e,BEAUTIFUL,include,video,,include:clip:5236d84c499e,data/external/include_pose/INCLUDE/Pose_Signs/Adjectives/5. Beautiful/MVI_9569.pkl,data/processed/landmarks/include/BEAUTIFUL/5236d84c499e.npz,65,0.0,0.0,1.0,1.0,,
f4df1dca5971,BEAUTIFUL,include,video,,include:clip:f4df1dca5971,data/external/include_pose/INCLUDE/Pose_Signs/Adjectives/5. Beautiful/MVI_9723.pkl,data/processed/landmarks/include/BEAUTIFUL/f4df1dca5971.npz,74,0.0,0.0,1.0,1.0,,
926b23648e75,BEAUTIFUL,include,video,,include:clip:926b23648e75,data/external/include_pose/INCLUDE/Pose_Signs/Adjectives/5. Beautiful/MVI_9724.pkl,data/processed/landmarks/include/BEAUTIFUL/926b23648e75.npz,70,0.0,0.0,1.0,1.0,,
d71beff7ec43,BEAUTIFUL,include,video,,include:clip:d71beff7ec43,data/external/include_pose/INCLUDE/Pose_Signs/Adjectives/5. Beautiful/MVI_9725.pkl,data/processed/landmarks/include/BEAUTIFUL/d71beff7ec43.npz,70,0.0,0.0,1.0,1.0,,
66574d8f80c3,BEAUTIFUL,include,video,,include:clip:66574d8f80c3,data/external/include_pose/INCLUDE/Pose_Signs/Adjectives/5. Beautiful/Extra/MVI_9573.pkl,data/processed/landmarks/include/BEAUTIFUL/66574d8f80c3.npz,68,0.0,0.0,1.0,1.0,,
5c36affc840e,BEAUTIFUL,include,video,,include:clip:5c36affc840e,data/external/include_pose/INCLUDE/Pose_Signs/Adjectives/5. Beautiful/MVI_9572.pkl,data/processed/landmarks/include/BEAUTIFUL/5c36affc840e.npz,55,0.0,0.0,1.0,1.0,,
b34d0d3dd622,BEAUTIFUL,include,video,,include:clip:b34d0d3dd622,data/external/include_pose/INCLUDE/Pose_Signs/Adjectives/5. Beautiful/MVI_9570.pkl,data/processed/landmarks/include/BEAUTIFUL/b34d0d3dd622.npz,79,0.0,0.0,1.0,1.0,,
cf83cc42bf21,BEAUTIFUL,include,video,,include:clip:cf83cc42bf21,data/external/include_pose/INCLUDE/Pose_Signs/Adjectives/5. Beautiful/MVI_9571.pkl,data/processed/landmarks/include/BEAUTIFUL/cf83cc42bf21.npz,64,0.0,0.0,1.0,1.0,,
59b4f5b42acb,HAPPY,include,video,,include:clip:59b4f5b42acb,data/external/include_pose/INCLUDE/Pose_Signs/Adjectives/3. happy/MVI_9540.pkl,data/processed/landmarks/include/HAPPY/59b4f5b42acb.npz,50,0.0,0.0,0.88,1.0,,
950efc10160c,HAPPY,include,video,,include:clip:950efc10160c,data/external/include_pose/INCLUDE/Pose_Signs/Adjectives/3. happy/MVI_9541.pkl,data/processed/landmarks/include/HAPPY/950efc10160c.npz,57,0.0,0.0,0.9123,1.0,,
f22d1db56f20,HAPPY,include,video,,include:clip:f22d1db56f20,data/external/include_pose/INCLUDE/Pose_Signs/Adjectives/3. happy/MVI_5184.pkl,data/processed/landmarks/include/HAPPY/f22d1db56f20.npz,69,0.0,0.0,0.971,1.0,,
1a8454696bbf,HAPPY,include,video,,include:clip:1a8454696bbf,data/external/include_pose/INCLUDE/Pose_Signs/Adjectives/3. happy/MVI_5185.pkl,data/processed/landmarks/include/HAPPY/1a8454696bbf.npz,78,0.0,0.0,0.9487,1.0,,
450c91bc5dca,HAPPY,include,video,,include:clip:450c91bc5dca,data/external/include_pose/INCLUDE/Pose_Signs/Adjectives/3. happy/MVI_5341.pkl,data/processed/landmarks/include/HAPPY/450c91bc5dca.npz,41,0.0,0.0,0.9268,1.0,,
6049af7f4d77,HAPPY,include,video,,include:clip:6049af7f4d77,data/external/include_pose/INCLUDE/Pose_Signs/Adjectives/3. happy/MVI_5343.pkl,data/processed/landmarks/include/HAPPY/6049af7f4d77.npz,73,0.0,0.0,0.9452,1.0,,
c507c50cf606,HAPPY,include,video,,include:clip:c507c50cf606,data/external/include_pose/INCLUDE/Pose_Signs/Adjectives/3. happy/MVI_5183.pkl,data/processed/landmarks/include/HAPPY/c507c50cf606.npz,71,0.0,0.0,0.9437,1.0,,
7a68675673c4,HAPPY,include,video,,include:clip:7a68675673c4,data/external/include_pose/INCLUDE/Pose_Signs/Adjectives/3. happy/MVI_9456.pkl,data/processed/landmarks/include/HAPPY/7a68675673c4.npz,43,0.0,0.0,0.8605,1.0,,
eb54655d934e,HAPPY,include,video,,include:clip:eb54655d934e,data/external/include_pose/INCLUDE/Pose_Signs/Adjectives/3. happy/MVI_9454.pkl,data/processed/landmarks/include/HAPPY/eb54655d934e.npz,44,0.0,0.0,0.9545,1.0,,
d3cb5148a3c4,HAPPY,include,video,,include:clip:d3cb5148a3c4,data/external/include_pose/INCLUDE/Pose_Signs/Adjectives/3. happy/MVI_9455.pkl,data/processed/landmarks/include/HAPPY/d3cb5148a3c4.npz,51,0.0,0.0,0.9412,1.0,,
fadfe3cf7ba7,HAPPY,include,video,,include:clip:fadfe3cf7ba7,data/external/include_pose/INCLUDE/Pose_Signs/Adjectives/3. happy/MVI_9295.pkl,data/processed/landmarks/include/HAPPY/fadfe3cf7ba7.npz,48,0.0,0.0,0.8125,1.0,,
eee009e32d4c,HAPPY,include,video,,include:clip:eee009e32d4c,data/external/include_pose/INCLUDE/Pose_Signs/Adjectives/3. happy/MVI_9297.pkl,data/processed/landmarks/include/HAPPY/eee009e32d4c.npz,48,0.0,0.0,0.8542,1.0,,
f75ed53d2441,HAPPY,include,video,,include:clip:f75ed53d2441,data/external/include_pose/INCLUDE/Pose_Signs/Adjectives/3. happy/MVI_9296.pkl,data/processed/landmarks/include/HAPPY/f75ed53d2441.npz,50,0.0,0.0,0.84,1.0,,
a7187cfb373c,HAPPY,include,video,,include:clip:a7187cfb373c,data/external/include_pose/INCLUDE/Pose_Signs/Adjectives/3. happy/MVI_5263.pkl,data/processed/landmarks/include/HAPPY/a7187cfb373c.npz,53,0.0,0.0,0.9057,1.0,,
fb2aca07e0fd,HAPPY,include,video,,include:clip:fb2aca07e0fd,data/external/include_pose/INCLUDE/Pose_Signs/Adjectives/3. happy/MVI_9375.pkl,data/processed/landmarks/include/HAPPY/fb2aca07e0fd.npz,41,0.0,0.0,0.8537,1.0,,
4517d1207bf1,HAPPY,include,video,,include:clip:4517d1207bf1,data/external/include_pose/INCLUDE/Pose_Signs/Adjectives/3. happy/MVI_9374.pkl,data/processed/landmarks/include/HAPPY/4517d1207bf1.npz,45,0.0,0.0,0.9333,1.0,,
b501a5f176b5,HAPPY,include,video,,include:clip:b501a5f176b5,data/external/include_pose/INCLUDE/Pose_Signs/Adjectives/3. happy/MVI_9376.pkl,data/processed/landmarks/include/HAPPY/b501a5f176b5.npz,36,0.0,0.0,0.7778,1.0,,
de92098cb6c7,MEAN,include,video,,include:clip:de92098cb6c7,data/external/include_pose/INCLUDE/Pose_Signs/Adjectives/10. Mean/MVI_9594.pkl,data/processed/landmarks/include/MEAN/de92098cb6c7.npz,49,0.0,0.0,1.0,1.0,,
57c3fa18e943,MEAN,include,video,,include:clip:57c3fa18e943,data/external/include_pose/INCLUDE/Pose_Signs/Adjectives/10. Mean/MVI_9595.pkl,data/processed/landmarks/include/MEAN/57c3fa18e943.npz,54,0.0,0.0,1.0,1.0,,
6ff2de77b9d5,MEAN,include,video,,include:clip:6ff2de77b9d5,data/external/include_pose/INCLUDE/Pose_Signs/Adjectives/10. Mean/MVI_9592.pkl,data/processed/landmarks/include/MEAN/6ff2de77b9d5.npz,56,0.0,0.0,1.0,1.0,,
9c9e5fc2e3a6,MEAN,include,video,,include:clip:9c9e5fc2e3a6,data/external/include_pose/INCLUDE/Pose_Signs/Adjectives/10. Mean/MVI_9732.pkl,data/processed/landmarks/include/MEAN/9c9e5fc2e3a6.npz,58,0.0,0.0,1.0,1.0,,
463ebe1e4d53,MEAN,include,video,,include:clip:463ebe1e4d53,data/external/include_pose/INCLUDE/Pose_Signs/Adjectives/10. Mean/MVI_9730.pkl,data/processed/landmarks/include/MEAN/463ebe1e4d53.npz,63,0.0,0.0,1.0,1.0,,
60fa0a36cc46,MEAN,include,video,,include:clip:60fa0a36cc46,data/external/include_pose/INCLUDE/Pose_Signs/Adjectives/10. Mean/MVI_9729.pkl,data/processed/landmarks/include/MEAN/60fa0a36cc46.npz,69,0.0,0.0,1.0,1.0,,
4bc47d58a17a,EXPENSIVE,include,video,,include:clip:4bc47d58a17a,data/external/include_pose/INCLUDE/Pose_Signs/Adjectives/15. expensive/MVI_9747.pkl,data/processed/landmarks/include/EXPENSIVE/4bc47d58a17a.npz,55,0.0,0.0,1.0,1.0,,
5a233a1b7e3e,EXPENSIVE,include,video,,include:clip:5a233a1b7e3e,data/external/include_pose/INCLUDE/Pose_Signs/Adjectives/15. expensive/MVI_9746.pkl,data/processed/landmarks/include/EXPENSIVE/5a233a1b7e3e.npz,57,0.0,0.0,1.0,1.0,,
374fad424d73,EXPENSIVE,include,video,,include:clip:374fad424d73,data/external/include_pose/INCLUDE/Pose_Signs/Adjectives/15. expensive/MVI_9616.pkl,data/processed/landmarks/include/EXPENSIVE/374fad424d73.npz,63,0.0,0.0,1.0,1.0,,
3b98c234efd1,EXPENSIVE,include,video,,include:clip:3b98c234efd1,data/external/include_pose/INCLUDE/Pose_Signs/Adjectives/15. expensive/MVI_9614.pkl,data/processed/landmarks/include/EXPENSIVE/3b98c234efd1.npz,71,0.0,0.0,1.0,1.0,,
59491de56417,EXPENSIVE,include,video,,include:clip:59491de56417,data/external/include_pose/INCLUDE/Pose_Signs/Adjectives/15. expensive/MVI_9615.pkl,data/processed/landmarks/include/EXPENSIVE/59491de56417.npz,73,0.0,0.0,1.0,1.0,,
dfd2b0c6bc71,EXPENSIVE,include,video,,include:clip:dfd2b0c6bc71,data/external/include_pose/INCLUDE/Pose_Signs/Adjectives/15. expensive/MVI_9613.pkl,data/processed/landmarks/include/EXPENSIVE/dfd2b0c6bc71.npz,76,0.0,0.0,1.0,1.0,,
9702ffb34ce7,HOT,include,video,,include:clip:9702ffb34ce7,data/external/include_pose/INCLUDE/Pose_Signs/Adjectives/87. hot/MVI_9408.pkl,data/processed/landmarks/include/HOT/9702ffb34ce7.npz,63,0.0,0.0,0.8889,1.0,,
20ce330a3a1a,HOT,include,video,,include:clip:20ce330a3a1a,data/external/include_pose/INCLUDE/Pose_Signs/Adjectives/87. hot/MVI_9409.pkl,data/processed/landmarks/include/HOT/20ce330a3a1a.npz,66,0.0,0.0,0.9091,1.0,,
7b10b305f901,HOT,include,video,,include:clip:7b10b305f901,data/external/include_pose/INCLUDE/Pose_Signs/Adjectives/87. hot/MVI_5218.pkl,data/processed/landmarks/include/HOT/7b10b305f901.npz,66,0.0,0.0,0.9545,1.0,,
f544698827de,HOT,include,video,,include:clip:f544698827de,data/external/include_pose/INCLUDE/Pose_Signs/Adjectives/87. hot/MVI_9247.pkl,data/processed/landmarks/include/HOT/f544698827de.npz,55,0.0,0.0,0.8,1.0,,
953159390d1d,HOT,include,video,,include:clip:953159390d1d,data/external/include_pose/INCLUDE/Pose_Signs/Adjectives/87. hot/MVI_5295.pkl,data/processed/landmarks/include/HOT/953159390d1d.npz,56,0.0,0.0,0.9643,1.0,,
8b88071db2a1,HOT,include,video,,include:clip:8b88071db2a1,data/external/include_pose/INCLUDE/Pose_Signs/Adjectives/87. hot/MVI_5297.pkl,data/processed/landmarks/include/HOT/8b88071db2a1.npz,55,0.0,0.0,0.9636,1.0,,
1b201283078e,HOT,include,video,,include:clip:1b201283078e,data/external/include_pose/INCLUDE/Pose_Signs/Adjectives/87. hot/MVI_5296.pkl,data/processed/landmarks/include/HOT/1b201283078e.npz,56,0.0,0.0,0.9464,1.0,,
0affa2649eee,HOT,include,video,,include:clip:0affa2649eee,data/external/include_pose/INCLUDE/Pose_Signs/Adjectives/87. hot/MVI_5137.pkl,data/processed/landmarks/include/HOT/0affa2649eee.npz,56,0.0,0.0,0.9464,1.0,,
49d6e8b6c0ea,HOT,include,video,,include:clip:49d6e8b6c0ea,data/external/include_pose/INCLUDE/Pose_Signs/Adjectives/87. hot/MVI_9489.pkl,data/processed/landmarks/include/HOT/49d6e8b6c0ea.npz,62,0.0,0.0,0.9355,1.0,,
6392c87cd3e0,HOT,include,video,,include:clip:6392c87cd3e0,data/external/include_pose/INCLUDE/Pose_Signs/Adjectives/87. hot/MVI_9488.pkl,data/processed/landmarks/include/HOT/6392c87cd3e0.npz,65,0.0,0.0,1.0,1.0,,
2bbcac2dd296,HOT,include,video,,include:clip:2bbcac2dd296,data/external/include_pose/INCLUDE/Pose_Signs/Adjectives/87. hot/MVI_5138.pkl,data/processed/landmarks/include/HOT/2bbcac2dd296.npz,49,0.0,0.0,0.9796,1.0,,
99a09b1cfd69,HOT,include,video,,include:clip:99a09b1cfd69,data/external/include_pose/INCLUDE/Pose_Signs/Adjectives/87. hot/MVI_9249.pkl,data/processed/landmarks/include/HOT/99a09b1cfd69.npz,48,0.0,0.0,0.875,1.0,,
10a775145989,HOT,include,video,,include:clip:10a775145989,data/external/include_pose/INCLUDE/Pose_Signs/Adjectives/87. hot/MVI_9329.pkl,data/processed/landmarks/include/HOT/10a775145989.npz,53,0.0,0.0,0.8679,1.0,,
0524f5c6fffb,HOT,include,video,,include:clip:0524f5c6fffb,data/external/include_pose/INCLUDE/Pose_Signs/Adjectives/87. hot/MVI_9328.pkl,data/processed/landmarks/include/HOT/0524f5c6fffb.npz,52,0.0,0.0,0.8269,1.0,,
c64f159baae2,HOT,include,video,,include:clip:c64f159baae2,data/external/include_pose/INCLUDE/Pose_Signs/Adjectives/87. hot/MVI_9410.pkl,data/processed/landmarks/include/HOT/c64f159baae2.npz,56,0.0,0.0,0.9286,1.0,,
8c45eae121e8,HOT,include,video,,include:clip:8c45eae121e8,data/external/include_pose/INCLUDE/Pose_Signs/Adjectives/87. hot/MVI_5216.pkl,data/processed/landmarks/include/HOT/8c45eae121e8.npz,57,0.0,0.0,0.9825,1.0,,
78440f881174,HOT,include,video,,include:clip:78440f881174,data/external/include_pose/INCLUDE/Pose_Signs/Adjectives/87. hot/MVI_5217.pkl,data/processed/landmarks/include/HOT/78440f881174.npz,66,0.0,0.0,0.9697,1.0,,
6085bac5ca05,HEAVY,include,video,,include:clip:6085bac5ca05,data/external/include_pose/INCLUDE/Pose_Signs/Adjectives/35. heavy/MVI_9709.pkl,data/processed/landmarks/include/HEAVY/6085bac5ca05.npz,63,0.0,0.0,0.9206,1.0,,
0201392e4273,HEAVY,include,video,,include:clip:0201392e4273,data/external/include_pose/INCLUDE/Pose_Signs/Adjectives/35. heavy/MVI_9708.pkl,data/processed/landmarks/include/HEAVY/0201392e4273.npz,58,0.0,0.0,0.931,1.0,,
71894aa64d4f,HEAVY,include,video,,include:clip:71894aa64d4f,data/external/include_pose/INCLUDE/Pose_Signs/Adjectives/35. heavy/MVI_9707.pkl,data/processed/landmarks/include/HEAVY/71894aa64d4f.npz,59,0.0,0.0,0.8814,1.0,,
29aa8f4883d0,HEAVY,include,video,,include:clip:29aa8f4883d0,data/external/include_pose/INCLUDE/Pose_Signs/Adjectives/35. heavy/MVI_9710.pkl,data/processed/landmarks/include/HEAVY/29aa8f4883d0.npz,63,0.0,0.0,0.9524,1.0,,
73dde4bd79cd,HEAVY,include,video,,include:clip:73dde4bd79cd,data/external/include_pose/INCLUDE/Pose_Signs/Adjectives/35. heavy/MVI_9833.pkl,data/processed/landmarks/include/HEAVY/73dde4bd79cd.npz,62,0.0,0.0,0.871,1.0,,
cad35d78f5af,HEAVY,include,video,,include:clip:cad35d78f5af,data/external/include_pose/INCLUDE/Pose_Signs/Adjectives/35. heavy/MVI_9832.pkl,data/processed/landmarks/include/HEAVY/cad35d78f5af.npz,66,0.0,0.0,0.9091,1.0,,
ecb778a83df8,HEAVY,include,video,,include:clip:ecb778a83df8,data/external/include_pose/INCLUDE/Pose_Signs/Adjectives/35. heavy/MVI_9834.pkl,data/processed/landmarks/include/HEAVY/ecb778a83df8.npz,64,0.0,0.0,0.8906,1.0,,
56b0dd1c0650,CHEAP,include,video,,include:clip:56b0dd1c0650,data/external/include_pose/INCLUDE/Pose_Signs/Adjectives/16. cheap/MVI_9620.pkl,data/processed/landmarks/include/CHEAP/56b0dd1c0650.npz,60,0.0,0.0,1.0,1.0,,
4b8cb62ed5be,CHEAP,include,video,,include:clip:4b8cb62ed5be,data/external/include_pose/INCLUDE/Pose_Signs/Adjectives/16. cheap/MVI_9750.pkl,data/processed/landmarks/include/CHEAP/4b8cb62ed5be.npz,61,0.0,0.0,1.0,1.0,,
3492a7bcadad,CHEAP,include,video,,include:clip:3492a7bcadad,data/external/include_pose/INCLUDE/Pose_Signs/Adjectives/16. cheap/MVI_9618.pkl,data/processed/landmarks/include/CHEAP/3492a7bcadad.npz,64,0.0,0.0,1.0,1.0,,
2c0f2d636d26,CHEAP,include,video,,include:clip:2c0f2d636d26,data/external/include_pose/INCLUDE/Pose_Signs/Adjectives/16. cheap/MVI_9619.pkl,data/processed/landmarks/include/CHEAP/2c0f2d636d26.npz,65,0.0,0.0,1.0,1.0,,
9476ea82b5d0,CHEAP,include,video,,include:clip:9476ea82b5d0,data/external/include_pose/INCLUDE/Pose_Signs/Adjectives/16. cheap/MVI_9752.pkl,data/processed/landmarks/include/CHEAP/9476ea82b5d0.npz,66,0.0,0.0,1.0,1.0,,
77f6e1a72ec7,CHEAP,include,video,,include:clip:77f6e1a72ec7,data/external/include_pose/INCLUDE/Pose_Signs/Adjectives/16. cheap/MVI_9617.pkl,data/processed/landmarks/include/CHEAP/77f6e1a72ec7.npz,56,0.0,0.0,1.0,1.0,,
37e6cb54d795,BIG_LARGE,include,video,,include:clip:37e6cb54d795,data/external/include_pose/INCLUDE/Pose_Signs/Adjectives/83. big large/MVI_9233.pkl,data/processed/landmarks/include/BIG_LARGE/37e6cb54d795.npz,48,0.0,0.0,0.75,1.0,,
b2f3b5ed9c78,BIG_LARGE,include,video,,include:clip:b2f3b5ed9c78,data/external/include_pose/INCLUDE/Pose_Signs/Adjectives/83. big large/MVI_9234.pkl,data/processed/landmarks/include/BIG_LARGE/b2f3b5ed9c78.npz,47,0.0,0.0,0.8085,1.0,,
2868a10f61b7,BIG_LARGE,include,video,,include:clip:2868a10f61b7,data/external/include_pose/INCLUDE/Pose_Signs/Adjectives/83. big large/MVI_9396.pkl,data/processed/landmarks/include/BIG_LARGE/2868a10f61b7.npz,56,0.0,0.0,0.8929,1.0,,
6f8dfdb24f06,BIG_LARGE,include,video,,include:clip:6f8dfdb24f06,data/external/include_pose/INCLUDE/Pose_Signs/Adjectives/83. big large/MVI_9235.pkl,data/processed/landmarks/include/BIG_LARGE/6f8dfdb24f06.npz,46,0.0,0.0,0.6957,1.0,,
a1735a2aa3bf,BIG_LARGE,include,video,,include:clip:a1735a2aa3bf,data/external/include_pose/INCLUDE/Pose_Signs/Adjectives/83. big large/MVI_9394.pkl,data/processed/landmarks/include/BIG_LARGE/a1735a2aa3bf.npz,59,0.0,0.0,0.8983,1.0,,
19f764f8dd5d,BIG_LARGE,include,video,,include:clip:19f764f8dd5d,data/external/include_pose/INCLUDE/Pose_Signs/Adjectives/83. big large/MVI_9395.pkl,data/processed/landmarks/include/BIG_LARGE/19f764f8dd5d.npz,57,0.0,0.0,0.9123,1.0,,
0c544a94d256,BIG_LARGE,include,video,,include:clip:0c544a94d256,data/external/include_pose/INCLUDE/Pose_Signs/Adjectives/83. big large/MVI_9318.pkl,data/processed/landmarks/include/BIG_LARGE/0c544a94d256.npz,49,0.0,0.0,0.8776,1.0,,
7d21f08d4a26,BIG_LARGE,include,video,,include:clip:7d21f08d4a26,data/external/include_pose/INCLUDE/Pose_Signs/Adjectives/83. big large/MVI_5124.pkl,data/processed/landmarks/include/BIG_LARGE/7d21f08d4a26.npz,61,0.0,0.0,0.9508,1.0,,
f6cb7d906ec6,BIG_LARGE,include,video,,include:clip:f6cb7d906ec6,data/external/include_pose/INCLUDE/Pose_Signs/Adjectives/83. big large/MVI_5125.pkl,data/processed/landmarks/include/BIG_LARGE/f6cb7d906ec6.npz,71,0.0,0.0,0.9437,1.0,,
2ed75e5e5dcb,BIG_LARGE,include,video,,include:clip:2ed75e5e5dcb,data/external/include_pose/INCLUDE/Pose_Signs/Adjectives/83. big large/MVI_5283.pkl,data/processed/landmarks/include/BIG_LARGE/2ed75e5e5dcb.npz,57,0.0,0.0,0.8596,1.0,,
c064c4428ea5,BIG_LARGE,include,video,,include:clip:c064c4428ea5,data/external/include_pose/INCLUDE/Pose_Signs/Adjectives/83. big large/MVI_9476.pkl,data/processed/landmarks/include/BIG_LARGE/c064c4428ea5.npz,54,0.0,0.0,0.8704,1.0,,
f113cf0c147d,BIG_LARGE,include,video,,include:clip:f113cf0c147d,data/external/include_pose/INCLUDE/Pose_Signs/Adjectives/83. big large/MVI_9477.pkl,data/processed/landmarks/include/BIG_LARGE/f113cf0c147d.npz,56,0.0,0.0,0.8929,1.0,,
dd8fe0e12efe,BIG_LARGE,include,video,,include:clip:dd8fe0e12efe,data/external/include_pose/INCLUDE/Pose_Signs/Adjectives/83. big large/MVI_9475.pkl,data/processed/landmarks/include/BIG_LARGE/dd8fe0e12efe.npz,54,0.0,0.0,0.9074,1.0,,
dab6d4e9bf3c,BIG_LARGE,include,video,,include:clip:dab6d4e9bf3c,data/external/include_pose/INCLUDE/Pose_Signs/Adjectives/83. big large/MVI_9316.pkl,data/processed/landmarks/include/BIG_LARGE/dab6d4e9bf3c.npz,44,0.0,0.0,0.7955,1.0,,
951c6d794d08,BIG_LARGE,include,video,,include:clip:951c6d794d08,data/external/include_pose/INCLUDE/Pose_Signs/Adjectives/83. big large/MVI_5204.pkl,data/processed/landmarks/include/BIG_LARGE/951c6d794d08.npz,70,0.0,0.0,0.9143,1.0,,
ce57ba9e103e,BIG_LARGE,include,video,,include:clip:ce57ba9e103e,data/external/include_pose/INCLUDE/Pose_Signs/Adjectives/83. big large/MVI_5205.pkl,data/processed/landmarks/include/BIG_LARGE/ce57ba9e103e.npz,66,0.0,0.0,0.8788,1.0,,
ea22f52ed380,BIG_LARGE,include,video,,include:clip:ea22f52ed380,data/external/include_pose/INCLUDE/Pose_Signs/Adjectives/83. big large/MVI_5203.pkl,data/processed/landmarks/include/BIG_LARGE/ea22f52ed380.npz,65,0.0,0.0,0.9385,1.0,,
6c4909e3acc4,NARROW,include,video,,include:clip:6c4909e3acc4,data/external/include_pose/INCLUDE/Pose_Signs/Adjectives/82. narrow/MVI_9391.pkl,data/processed/landmarks/include/NARROW/6c4909e3acc4.npz,48,0.0,0.0,0.7917,1.0,,
951224a796c5,NARROW,include,video,,include:clip:951224a796c5,data/external/include_pose/INCLUDE/Pose_Signs/Adjectives/82. narrow/MVI_9231.pkl,data/processed/landmarks/include/NARROW/951224a796c5.npz,53,0.0,0.0,0.7547,1.0,,
6d7bd3ceab74,NARROW,include,video,,include:clip:6d7bd3ceab74,data/external/include_pose/INCLUDE/Pose_Signs/Adjectives/82. narrow/MVI_9393.pkl,data/processed/landmarks/include/NARROW/6d7bd3ceab74.npz,48,0.0,0.0,0.9167,1.0,,
57ce51d126a5,NARROW,include,video,,include:clip:57ce51d126a5,data/external/include_pose/INCLUDE/Pose_Signs/Adjectives/82. narrow/MVI_9230.pkl,data/processed/landmarks/include/NARROW/57ce51d126a5.npz,51,0.0,0.0,0.6863,1.0,,
fdb6e8a53a92,NARROW,include,video,,include:clip:fdb6e8a53a92,data/external/include_pose/INCLUDE/Pose_Signs/Adjectives/82. narrow/MVI_5121.pkl,data/processed/landmarks/include/NARROW/fdb6e8a53a92.npz,71,0.0,0.0,0.8169,1.0,,
e1a3c15ae552,NARROW,include,video,,include:clip:e1a3c15ae552,data/external/include_pose/INCLUDE/Pose_Signs/Adjectives/82. narrow/MVI_5280.pkl,data/processed/landmarks/include/NARROW/e1a3c15ae552.npz,70,0.0,0.0,0.9,1.0,,
e4e6f7431f0f,NARROW,include,video,,include:clip:e4e6f7431f0f,data/external/include_pose/INCLUDE/Pose_Signs/Adjectives/82. narrow/MVI_5281.pkl,data/processed/landmarks/include/NARROW/e4e6f7431f0f.npz,66,0.0,0.0,0.8939,1.0,,
de55d99a59c2,NARROW,include,video,,include:clip:de55d99a59c2,data/external/include_pose/INCLUDE/Pose_Signs/Adjectives/82. narrow/MVI_5120.pkl,data/processed/landmarks/include/NARROW/de55d99a59c2.npz,77,0.0,0.0,0.8701,1.0,,
1248ad0bbb53,NARROW,include,video,,include:clip:1248ad0bbb53,data/external/include_pose/INCLUDE/Pose_Signs/Adjectives/82. narrow/MVI_5122.pkl,data/processed/landmarks/include/NARROW/1248ad0bbb53.npz,59,0.0,0.0,0.8136,1.0,,
e381ad75aa77,NARROW,include,video,,include:clip:e381ad75aa77,data/external/include_pose/INCLUDE/Pose_Signs/Adjectives/82. narrow/MVI_5282.pkl,data/processed/landmarks/include/NARROW/e381ad75aa77.npz,58,0.0,0.0,0.931,1.0,,
764db4db0c0c,NARROW,include,video,,include:clip:764db4db0c0c,data/external/include_pose/INCLUDE/Pose_Signs/Adjectives/82. narrow/MVI_9313.pkl,data/processed/landmarks/include/NARROW/764db4db0c0c.npz,45,0.0,0.0,0.6889,1.0,,
5aaf3e1a88c8,NARROW,include,video,,include:clip:5aaf3e1a88c8,data/external/include_pose/INCLUDE/Pose_Signs/Adjectives/82. narrow/MVI_9471.pkl,data/processed/landmarks/include/NARROW/5aaf3e1a88c8.npz,59,0.0,0.0,0.6271,1.0,,
2f0d8aecfbb3,NARROW,include,video,,include:clip:2f0d8aecfbb3,data/external/include_pose/INCLUDE/Pose_Signs/Adjectives/82. narrow/MVI_9315.pkl,data/processed/landmarks/include/NARROW/2f0d8aecfbb3.npz,48,0.0,0.0,0.6667,1.0,,
654bd79c2c9c,NARROW,include,video,,include:clip:654bd79c2c9c,data/external/include_pose/INCLUDE/Pose_Signs/Adjectives/82. narrow/MVI_9314.pkl,data/processed/landmarks/include/NARROW/654bd79c2c9c.npz,49,0.0,0.0,0.4898,1.0,low_hand_detection,
c394a1899821,NARROW,include,video,,include:clip:c394a1899821,data/external/include_pose/INCLUDE/Pose_Signs/Adjectives/82. narrow/MVI_9472.pkl,data/processed/landmarks/include/NARROW/c394a1899821.npz,57,0.0,0.0,0.6842,1.0,,
f1844141b28b,NARROW,include,video,,include:clip:f1844141b28b,data/external/include_pose/INCLUDE/Pose_Signs/Adjectives/82. narrow/MVI_5201.pkl,data/processed/landmarks/include/NARROW/f1844141b28b.npz,82,0.0,0.0,0.8415,1.0,,
b2bd7b35318a,NARROW,include,video,,include:clip:b2bd7b35318a,data/external/include_pose/INCLUDE/Pose_Signs/Adjectives/82. narrow/MVI_5202.pkl,data/processed/landmarks/include/NARROW/b2bd7b35318a.npz,80,0.0,0.0,0.825,1.0,,
5f5b3f4c0227,NEW,include,video,,include:clip:5f5b3f4c0227,data/external/include_pose/INCLUDE/Pose_Signs/Adjectives/91. new/MVI_5150.pkl,data/processed/landmarks/include/NEW/5f5b3f4c0227.npz,64,0.0,0.0,1.0,1.0,,
e1a39ce2b71a,NEW,include,video,,include:clip:e1a39ce2b71a,data/external/include_pose/INCLUDE/Pose_Signs/Adjectives/91. new/MVI_9421.pkl,data/processed/landmarks/include/NEW/e1a39ce2b71a.npz,63,0.0,0.0,1.0,1.0,,
550807a02a8a,NEW,include,video,,include:clip:550807a02a8a,data/external/include_pose/INCLUDE/Pose_Signs/Adjectives/91. new/MVI_5151.pkl,data/processed/landmarks/include/NEW/550807a02a8a.npz,59,0.0,0.0,1.0,1.0,,
92dc5ed1b5be,NEW,include,video,,include:clip:92dc5ed1b5be,data/external/include_pose/INCLUDE/Pose_Signs/Adjectives/91. new/MVI_5231.pkl,data/processed/landmarks/include/NEW/92dc5ed1b5be.npz,62,0.0,0.0,1.0,1.0,,
6708e757d915,NEW,include,video,,include:clip:6708e757d915,data/external/include_pose/INCLUDE/Pose_Signs/Adjectives/91. new/MVI_9423.pkl,data/processed/landmarks/include/NEW/6708e757d915.npz,49,0.0,0.0,1.0,1.0,,
07526318d42f,NEW,include,video,,include:clip:07526318d42f,data/external/include_pose/INCLUDE/Pose_Signs/Adjectives/91. new/MVI_9422.pkl,data/processed/landmarks/include/NEW/07526318d42f.npz,47,0.0,0.0,1.0,1.0,,
80b5c9d398cc,NEW,include,video,,include:clip:80b5c9d398cc,data/external/include_pose/INCLUDE/Pose_Signs/Adjectives/91. new/MVI_5230.pkl,data/processed/landmarks/include/NEW/80b5c9d398cc.npz,57,0.0,0.0,1.0,1.0,,
f85e48a4d8e0,NEW,include,video,,include:clip:f85e48a4d8e0,data/external/include_pose/INCLUDE/Pose_Signs/Adjectives/91. new/MVI_9341.pkl,data/processed/landmarks/include/NEW/f85e48a4d8e0.npz,49,0.0,0.0,1.0,1.0,,
bc3a05f41948,NEW,include,video,,include:clip:bc3a05f41948,data/external/include_pose/INCLUDE/Pose_Signs/Adjectives/91. new/MVI_9342.pkl,data/processed/landmarks/include/NEW/bc3a05f41948.npz,47,0.0,0.0,1.0,1.0,,
d7e94f4605cf,NEW,include,video,,include:clip:d7e94f4605cf,data/external/include_pose/INCLUDE/Pose_Signs/Adjectives/91. new/MVI_5308.pkl,data/processed/landmarks/include/NEW/d7e94f4605cf.npz,42,0.0,0.0,1.0,1.0,,
dd468799538d,NEW,include,video,,include:clip:dd468799538d,data/external/include_pose/INCLUDE/Pose_Signs/Adjectives/91. new/MVI_5309.pkl,data/processed/landmarks/include/NEW/dd468799538d.npz,46,0.0,0.0,1.0,1.0,,
dde1b36451b1,NEW,include,video,,include:clip:dde1b36451b1,data/external/include_pose/INCLUDE/Pose_Signs/Adjectives/91. new/MVI_5307.pkl,data/processed/landmarks/include/NEW/dde1b36451b1.npz,39,0.0,0.0,1.0,1.0,,
763680d5a775,NEW,include,video,,include:clip:763680d5a775,data/external/include_pose/INCLUDE/Pose_Signs/Adjectives/91. new/MVI_9501.pkl,data/processed/landmarks/include/NEW/763680d5a775.npz,49,0.0,0.0,1.0,1.0,,
eb8b203f504f,NEW,include,video,,include:clip:eb8b203f504f,data/external/include_pose/INCLUDE/Pose_Signs/Adjectives/91. new/MVI_9261.pkl,data/processed/landmarks/include/NEW/eb8b203f504f.npz,49,0.0,0.0,1.0,1.0,,
24dfd8f7c04c,NEW,include,video,,include:clip:24dfd8f7c04c,data/external/include_pose/INCLUDE/Pose_Signs/Adjectives/91. new/MVI_9260.pkl,data/processed/landmarks/include/NEW/24dfd8f7c04c.npz,49,0.0,0.0,1.0,1.0,,
9405b13a65d7,NEW,include,video,,include:clip:9405b13a65d7,data/external/include_pose/INCLUDE/Pose_Signs/Adjectives/91. new/MVI_5229.pkl,data/processed/landmarks/include/NEW/9405b13a65d7.npz,54,0.0,0.0,1.0,1.0,,
46adea171ec0,NEW,include,video,,include:clip:46adea171ec0,data/external/include_pose/INCLUDE/Pose_Signs/Adjectives/91. new/MVI_5148.pkl,data/processed/landmarks/include/NEW/46adea171ec0.npz,57,0.0,0.0,1.0,1.0,,
4b788955122f,LONG,include,video,,include:clip:4b788955122f,data/external/include_pose/INCLUDE/Pose_Signs/Adjectives/78. long/MVI_5186.pkl,data/processed/landmarks/include/LONG/4b788955122f.npz,64,0.0,0.0,0.9688,1.0,,
5917fbac7827,LONG,include,video,,include:clip:5917fbac7827,data/external/include_pose/INCLUDE/Pose_Signs/Adjectives/78. long/MVI_9219.pkl,data/processed/landmarks/include/LONG/5917fbac7827.npz,53,0.0,0.0,0.8491,1.0,,
d43861696b50,LONG,include,video,,include:clip:d43861696b50,data/external/include_pose/INCLUDE/Pose_Signs/Adjectives/78. long/MVI_9379.pkl,data/processed/landmarks/include/LONG/d43861696b50.npz,52,0.0,0.0,0.9808,1.0,,
b6ab7eb1988d,LONG,include,video,,include:clip:b6ab7eb1988d,data/external/include_pose/INCLUDE/Pose_Signs/Adjectives/78. long/MVI_9378.pkl,data/processed/landmarks/include/LONG/b6ab7eb1988d.npz,52,0.0,0.0,0.9038,1.0,,
2971f69017d5,LONG,include,video,,include:clip:2971f69017d5,data/external/include_pose/INCLUDE/Pose_Signs/Adjectives/78. long/MVI_9218.pkl,data/processed/landmarks/include/LONG/2971f69017d5.npz,53,0.0,0.0,0.8302,1.0,,
01c0b77d8637,LONG,include,video,,include:clip:01c0b77d8637,data/external/include_pose/INCLUDE/Pose_Signs/Adjectives/78. long/MVI_5108.pkl,data/processed/landmarks/include/LONG/01c0b77d8637.npz,78,0.0,0.0,0.9487,1.0,,
9b4db3960e90,LONG,include,video,,include:clip:9b4db3960e90,data/external/include_pose/INCLUDE/Pose_Signs/Adjectives/78. long/MVI_5268.pkl,data/processed/landmarks/include/LONG/9b4db3960e90.npz,60,0.0,0.0,1.0,1.0,,
96b8ea4f7211,LONG,include,video,,include:clip:96b8ea4f7211,data/external/include_pose/INCLUDE/Pose_Signs/Adjectives/78. long/MVI_5106.pkl,data/processed/landmarks/include/LONG/96b8ea4f7211.npz,68,0.0,0.0,0.9412,1.0,,
03933e55e7b8,LONG,include,video,,include:clip:03933e55e7b8,data/external/include_pose/INCLUDE/Pose_Signs/Adjectives/78. long/MVI_5107.pkl,data/processed/landmarks/include/LONG/03933e55e7b8.npz,71,0.0,0.0,0.9577,1.0,,
f293689dae7b,LONG,include,video,,include:clip:f293689dae7b,data/external/include_pose/INCLUDE/Pose_Signs/Adjectives/78. long/MVI_9298.pkl,data/processed/landmarks/include/LONG/f293689dae7b.npz,53,0.0,0.0,0.9434,1.0,,
533146bbe534,LONG,include,video,,include:clip:533146bbe534,data/external/include_pose/INCLUDE/Pose_Signs/Adjectives/78. long/MVI_9460.pkl,data/processed/landmarks/include/LONG/533146bbe534.npz,52,0.0,0.0,0.9038,1.0,,
3a0ab04178a3,LONG,include,video,,include:clip:3a0ab04178a3,data/external/include_pose/INCLUDE/Pose_Signs/Adjectives/78. long/MVI_5266.pkl,data/processed/landmarks/include/LONG/3a0ab04178a3.npz,69,0.0,0.0,0.971,1.0,,
ef0be566fe30,LONG,include,video,,include:clip:ef0be566fe30,data/external/include_pose/INCLUDE/Pose_Signs/Adjectives/78. long/MVI_9299.pkl,data/processed/landmarks/include/LONG/ef0be566fe30.npz,50,0.0,0.0,0.88,1.0,,
2a0e93d3843e,LONG,include,video,,include:clip:2a0e93d3843e,data/external/include_pose/INCLUDE/Pose_Signs/Adjectives/78. long/MVI_9459.pkl,data/processed/landmarks/include/LONG/2a0e93d3843e.npz,51,0.0,0.0,0.8824,1.0,,
2e5b7705a047,LONG,include,video,,include:clip:2e5b7705a047,data/external/include_pose/INCLUDE/Pose_Signs/Adjectives/78. long/MVI_9300.pkl,data/processed/landmarks/include/LONG/2e5b7705a047.npz,56,0.0,0.0,0.9821,1.0,,
30b43ab53fc4,LONG,include,video,,include:clip:30b43ab53fc4,data/external/include_pose/INCLUDE/Pose_Signs/Adjectives/78. long/MVI_9377.pkl,data/processed/landmarks/include/LONG/30b43ab53fc4.npz,53,0.0,0.0,0.9811,1.0,,
d59bba974e62,LONG,include,video,,include:clip:d59bba974e62,data/external/include_pose/INCLUDE/Pose_Signs/Adjectives/78. long/MVI_9217.pkl,data/processed/landmarks/include/LONG/d59bba974e62.npz,52,0.0,0.0,0.9231,1.0,,
c8a59a9bf048,TALL,include,video,,include:clip:c8a59a9bf048,data/external/include_pose/INCLUDE/Pose_Signs/Adjectives/80. tall/MVI_9384.pkl,data/processed/landmarks/include/TALL/c8a59a9bf048.npz,57,0.0,0.0,1.0,1.0,,
ca76cbab0495,TALL,include,video,,include:clip:ca76cbab0495,data/external/include_pose/INCLUDE/Pose_Signs/Adjectives/80. tall/MVI_9225.pkl,data/processed/landmarks/include/TALL/ca76cbab0495.npz,48,0.0,0.0,0.9792,1.0,,
4b3a764943a1,TALL,include,video,,include:clip:4b3a764943a1,data/external/include_pose/INCLUDE/Pose_Signs/Adjectives/80. tall/MVI_9386.pkl,data/processed/landmarks/include/TALL/4b3a764943a1.npz,60,0.0,0.0,1.0,1.0,,
e5c9d74c7cf8,TALL,include,video,,include:clip:e5c9d74c7cf8,data/external/include_pose/INCLUDE/Pose_Signs/Adjectives/80. tall/MVI_9387.pkl,data/processed/landmarks/include/TALL/e5c9d74c7cf8.npz,45,0.0,0.0,1.0,1.0,,
7fb6562a59de,TALL,include,video,,include:clip:7fb6562a59de,data/external/include_pose/INCLUDE/Pose_Signs/Adjectives/80. tall/MVI_9224.pkl,data/processed/landmarks/include/TALL/7fb6562a59de.npz,59,0.0,0.0,1.0,1.0,,
3c4835821a71,TALL,include,video,,include:clip:3c4835821a71,data/external/include_pose/INCLUDE/Pose_Signs/Adjectives/80. tall/MVI_5195.pkl,data/processed/landmarks/include/TALL/3c4835821a71.npz,60,0.0,0.0,1.0,1.0,,
9190d8b6e480,TALL,include,video,,include:clip:9190d8b6e480,data/external/include_pose/INCLUDE/Pose_Signs/Adjectives/80. tall/MVI_9223.pkl,data/processed/landmarks/include/TALL/9190d8b6e480.npz,48,0.0,0.0,1.0,1.0,,
ef3c95e507da,TALL,include,video,,include:clip:ef3c95e507da,data/external/include_pose/INCLUDE/Pose_Signs/Adjectives/80. tall/MVI_5196.pkl,data/processed/landmarks/include/TALL/ef3c95e507da.npz,58,0.0,0.0,1.0,1.0,,
59451c1fdce7,TALL,include,video,,include:clip:59451c1fdce7,data/external/include_pose/INCLUDE/Pose_Signs/Adjectives/80. tall/MVI_9308.pkl,data/processed/landmarks/include/TALL/59451c1fdce7.npz,50,0.0,0.0,1.0,1.0,,
cc86e6ea8d8a,TALL,include,video,,include:clip:cc86e6ea8d8a,data/external/include_pose/INCLUDE/Pose_Signs/Adjectives/80. tall/MVI_9309.pkl,data/processed/landmarks/include/TALL/cc86e6ea8d8a.npz,58,0.0,0.0,1.0,1.0,,
cff240c4fafd,TALL,include,video,,include:clip:cff240c4fafd,data/external/include_pose/INCLUDE/Pose_Signs/Adjectives/80. tall/MVI_5273.pkl,data/processed/landmarks/include/TALL/cff240c4fafd.npz,59,0.0,0.0,1.0,1.0,,
610c29568ec1,TALL,include,video,,include:clip:610c29568ec1,data/external/include_pose/INCLUDE/Pose_Signs/Adjectives/80. tall/MVI_9307.pkl,data/processed/landmarks/include/TALL/610c29568ec1.npz,58,0.0,0.0,1.0,1.0,,
93254d808df1,TALL,include,video,,include:clip:93254d808df1,data/external/include_pose/INCLUDE/Pose_Signs/Adjectives/80. tall/MVI_9464.pkl,data/processed/landmarks/include/TALL/93254d808df1.npz,58,0.0,0.0,1.0,1.0,,
8b604e960add,TALL,include,video,,include:clip:8b604e960add,data/external/include_pose/INCLUDE/Pose_Signs/Adjectives/80. tall/MVI_5276.pkl,data/processed/landmarks/include/TALL/8b604e960add.npz,55,0.0,0.0,1.0,1.0,,
fe148bf7d53f,TALL,include,video,,include:clip:fe148bf7d53f,data/external/include_pose/INCLUDE/Pose_Signs/Adjectives/80. tall/MVI_5115.pkl,data/processed/landmarks/include/TALL/fe148bf7d53f.npz,72,0.0,0.0,1.0,1.0,,
fe1bd162aef4,TALL,include,video,,include:clip:fe1bd162aef4,data/external/include_pose/INCLUDE/Pose_Signs/Adjectives/80. tall/MVI_5274.pkl,data/processed/landmarks/include/TALL/fe1bd162aef4.npz,54,0.0,0.0,1.0,1.0,,
439fb35a25a1,TALL,include,video,,include:clip:439fb35a25a1,data/external/include_pose/INCLUDE/Pose_Signs/Adjectives/80. tall/MVI_9466.pkl,data/processed/landmarks/include/TALL/439fb35a25a1.npz,50,0.0,0.0,1.0,1.0,,
dfca1c523fe3,DEAF,include,video,,include:clip:dfca1c523fe3,data/external/include_pose/INCLUDE/Pose_Signs/Adjectives/7. Deaf/MVI_9583.pkl,data/processed/landmarks/include/DEAF/dfca1c523fe3.npz,55,0.0,0.0,1.0,1.0,,
be3ba15258a1,DEAF,include,video,,include:clip:be3ba15258a1,data/external/include_pose/INCLUDE/Pose_Signs/Adjectives/7. Deaf/MVI_9580.pkl,data/processed/landmarks/include/DEAF/be3ba15258a1.npz,61,0.0,0.0,1.0,1.0,,
6bc3fb788441,DEAF,include,video,,include:clip:6bc3fb788441,data/external/include_pose/INCLUDE/Pose_Signs/Adjectives/7. Deaf/MVI_9581.pkl,data/processed/landmarks/include/DEAF/6bc3fb788441.npz,61,0.0,0.0,1.0,1.0,,
45f73514f82a,DEAF,include,video,,include:clip:45f73514f82a,data/external/include_pose/INCLUDE/Pose_Signs/Adjectives/7. Deaf/MVI_9848.pkl,data/processed/landmarks/include/DEAF/45f73514f82a.npz,52,0.0,0.0,1.0,1.0,,
5e9ceaf746d8,DEAF,include,video,,include:clip:5e9ceaf746d8,data/external/include_pose/INCLUDE/Pose_Signs/Adjectives/7. Deaf/MVI_9849.pkl,data/processed/landmarks/include/DEAF/5e9ceaf746d8.npz,56,0.0,0.0,1.0,1.0,,
e5c33f55c6fa,DEAF,include,video,,include:clip:e5c33f55c6fa,data/external/include_pose/INCLUDE/Pose_Signs/Adjectives/7. Deaf/MVI_9850.pkl,data/processed/landmarks/include/DEAF/e5c33f55c6fa.npz,57,0.0,0.0,1.0,1.0,,
6b04d4467d56,DEAF,include,video,,include:clip:6b04d4467d56,data/external/include_pose/INCLUDE/Pose_Signs/Adjectives/7. Deaf/MVI_9851.pkl,data/processed/landmarks/include/DEAF/6b04d4467d56.npz,50,0.0,0.0,1.0,1.0,,
d585b25cac69,LOOSE,include,video,,include:clip:d585b25cac69,data/external/include_pose/INCLUDE/Pose_Signs/Adjectives/22. loose/MVI_9778.pkl,data/processed/landmarks/include/LOOSE/d585b25cac69.npz,69,0.0,0.0,0.9275,1.0,,
4c6509a221d1,LOOSE,include,video,,include:clip:4c6509a221d1,data/external/include_pose/INCLUDE/Pose_Signs/Adjectives/22. loose/MVI_9653.pkl,data/processed/landmarks/include/LOOSE/4c6509a221d1.npz,72,0.0,0.0,0.9861,1.0,,
a984414b2a65,LOOSE,include,video,,include:clip:a984414b2a65,data/external/include_pose/INCLUDE/Pose_Signs/Adjectives/22. loose/MVI_9650.pkl,data/processed/landmarks/include/LOOSE/a984414b2a65.npz,66,0.0,0.0,0.9697,1.0,,
8bc36a455912,LOOSE,include,video,,include:clip:8bc36a455912,data/external/include_pose/INCLUDE/Pose_Signs/Adjectives/22. loose/MVI_9651.pkl,data/processed/landmarks/include/LOOSE/8bc36a455912.npz,64,0.0,0.0,0.9375,1.0,,
27e85b455e61,LOOSE,include,video,,include:clip:27e85b455e61,data/external/include_pose/INCLUDE/Pose_Signs/Adjectives/22. loose/MVI_9777.pkl,data/processed/landmarks/include/LOOSE/27e85b455e61.npz,70,0.0,0.0,0.9,1.0,,
fb4b17064591,LOOSE,include,video,,include:clip:fb4b17064591,data/external/include_pose/INCLUDE/Pose_Signs/Adjectives/22. loose/MVI_9776.pkl,data/processed/landmarks/include/LOOSE/fb4b17064591.npz,73,0.0,0.0,0.9315,1.0,,
dc6fc91dc9d0,LOOSE,include,video,,include:clip:dc6fc91dc9d0,data/external/include_pose/INCLUDE/Pose_Signs/Adjectives/22. loose/MVI_9775.pkl,data/processed/landmarks/include/LOOSE/dc6fc91dc9d0.npz,67,0.0,0.0,0.9104,1.0,,
7681cc9b396a,WET,include,video,,include:clip:7681cc9b396a,data/external/include_pose/INCLUDE/Pose_Signs/Adjectives/96. wet/MVI_9437.pkl,data/processed/landmarks/include/WET/7681cc9b396a.npz,63,0.0,0.0,0.9524,1.0,,
c07ee798f271,WET,include,video,,include:clip:c07ee798f271,data/external/include_pose/INCLUDE/Pose_Signs/Adjectives/96. wet/MVI_9436.pkl,data/processed/landmarks/include/WET/c07ee798f271.npz,65,0.0,0.0,0.9692,1.0,,
6647c1363054,WET,include,video,,include:clip:6647c1363054,data/external/include_pose/INCLUDE/Pose_Signs/Adjectives/96. wet/MVI_9355.pkl,data/processed/landmarks/include/WET/6647c1363054.npz,60,0.0,0.0,0.9833,1.0,,
bdb2cadc00ab,WET,include,video,,include:clip:bdb2cadc00ab,data/external/include_pose/INCLUDE/Pose_Signs/Adjectives/96. wet/MVI_5245.pkl,data/processed/landmarks/include/WET/bdb2cadc00ab.npz,71,0.0,0.0,1.0,1.0,,
01df967c3569,WET,include,video,,include:clip:01df967c3569,data/external/include_pose/INCLUDE/Pose_Signs/Adjectives/96. wet/MVI_5244.pkl,data/processed/landmarks/include/WET/01df967c3569.npz,64,0.0,0.0,1.0,1.0,,
7e09d3dbc3ea,WET,include,video,,include:clip:7e09d3dbc3ea,data/external/include_pose/INCLUDE/Pose_Signs/Adjectives/96. wet/MVI_9520.pkl,data/processed/landmarks/include/WET/7e09d3dbc3ea.npz,66,0.0,0.0,1.0,1.0,,
1a869532ff84,WET,include,video,,include:clip:1a869532ff84,data/external/include_pose/INCLUDE/Pose_Signs/Adjectives/96. wet/MVI_5246.pkl,data/processed/landmarks/include/WET/1a869532ff84.npz,73,0.0,0.0,1.0,1.0,,
36b657b36983,WET,include,video,,include:clip:36b657b36983,data/external/include_pose/INCLUDE/Pose_Signs/Adjectives/96. wet/MVI_5323.pkl,data/processed/landmarks/include/WET/36b657b36983.npz,55,0.0,0.0,1.0,1.0,,
8a155d110893,WET,include,video,,include:clip:8a155d110893,data/external/include_pose/INCLUDE/Pose_Signs/Adjectives/96. wet/MVI_9518.pkl,data/processed/landmarks/include/WET/8a155d110893.npz,62,0.0,0.0,1.0,1.0,,
c4f1bbb2b7f9,WET,include,video,,include:clip:c4f1bbb2b7f9,data/external/include_pose/INCLUDE/Pose_Signs/Adjectives/96. wet/MVI_5322.pkl,data/processed/landmarks/include/WET/c4f1bbb2b7f9.npz,54,0.0,0.0,1.0,1.0,,
10b4122b0941,WET,include,video,,include:clip:10b4122b0941,data/external/include_pose/INCLUDE/Pose_Signs/Adjectives/96. wet/MVI_9517.pkl,data/processed/landmarks/include/WET/10b4122b0941.npz,68,0.0,0.0,1.0,1.0,,
74221870ec65,WET,include,video,,include:clip:74221870ec65,data/external/include_pose/INCLUDE/Pose_Signs/Adjectives/96. wet/MVI_9275.pkl,data/processed/landmarks/include/WET/74221870ec65.npz,63,0.0,0.0,0.9206,1.0,,
2ee246371bec,WET,include,video,,include:clip:2ee246371bec,data/external/include_pose/INCLUDE/Pose_Signs/Adjectives/96. wet/MVI_9274.pkl,data/processed/landmarks/include/WET/2ee246371bec.npz,59,0.0,0.0,0.9492,1.0,,
938982f2d608,WET,include,video,,include:clip:938982f2d608,data/external/include_pose/INCLUDE/Pose_Signs/Adjectives/96. wet/MVI_5165.pkl,data/processed/landmarks/include/WET/938982f2d608.npz,67,0.0,0.0,0.9403,1.0,,
a53ef4479cf5,WET,include,video,,include:clip:a53ef4479cf5,data/external/include_pose/INCLUDE/Pose_Signs/Adjectives/96. wet/MVI_5164.pkl,data/processed/landmarks/include/WET/a53ef4479cf5.npz,83,0.0,0.0,0.9759,1.0,,
6624c802db34,WET,include,video,,include:clip:6624c802db34,data/external/include_pose/INCLUDE/Pose_Signs/Adjectives/96. wet/MVI_5166.pkl,data/processed/landmarks/include/WET/6624c802db34.npz,76,0.0,0.0,0.9868,1.0,,
4b316379a5e9,WET,include,video,,include:clip:4b316379a5e9,data/external/include_pose/INCLUDE/Pose_Signs/Adjectives/96. wet/MVI_9438.pkl,data/processed/landmarks/include/WET/4b316379a5e9.npz,60,0.0,0.0,0.9833,1.0,,
bdc65dd81302,PLANE,include,video,,include:clip:bdc65dd81302,data/external/include_pose/INCLUDE/Pose_Signs/Means_of_Transportation/10. Plane/MVI_4173.pkl,data/processed/landmarks/include/PLANE/bdc65dd81302.npz,60,0.0,0.0,1.0,1.0,,
b02a6edc2fed,PLANE,include,video,,include:clip:b02a6edc2fed,data/external/include_pose/INCLUDE/Pose_Signs/Means_of_Transportation/10. Plane/MVI_3144.pkl,data/processed/landmarks/include/PLANE/b02a6edc2fed.npz,80,0.0,0.0,0.9125,1.0,,
e6808bbf3d03,PLANE,include,video,,include:clip:e6808bbf3d03,data/external/include_pose/INCLUDE/Pose_Signs/Means_of_Transportation/10. Plane/MVI_3236.pkl,data/processed/landmarks/include/PLANE/e6808bbf3d03.npz,73,0.0,0.0,1.0,1.0,,
443b1282967c,PLANE,include,video,,include:clip:443b1282967c,data/external/include_pose/INCLUDE/Pose_Signs/Means_of_Transportation/10. Plane/MVI_4175.pkl,data/processed/landmarks/include/PLANE/443b1282967c.npz,53,0.0,0.0,1.0,1.0,,
d42721229ff2,PLANE,include,video,,include:clip:d42721229ff2,data/external/include_pose/INCLUDE/Pose_Signs/Means_of_Transportation/10. Plane/MVI_3237.pkl,data/processed/landmarks/include/PLANE/d42721229ff2.npz,71,0.0,0.0,1.0,1.0,,
e254b1a88c91,PLANE,include,video,,include:clip:e254b1a88c91,data/external/include_pose/INCLUDE/Pose_Signs/Means_of_Transportation/10. Plane/MVI_3235.pkl,data/processed/landmarks/include/PLANE/e254b1a88c91.npz,81,0.0,0.0,1.0,1.0,,
0206788b0b18,PLANE,include,video,,include:clip:0206788b0b18,data/external/include_pose/INCLUDE/Pose_Signs/Means_of_Transportation/10. Plane/MVI_3142.pkl,data/processed/landmarks/include/PLANE/0206788b0b18.npz,77,0.0,0.0,0.7143,1.0,,
1542437082b3,PLANE,include,video,,include:clip:1542437082b3,data/external/include_pose/INCLUDE/Pose_Signs/Means_of_Transportation/10. Plane/MVI_3234.pkl,data/processed/landmarks/include/PLANE/1542437082b3.npz,76,0.0,0.0,1.0,1.0,,
272f1b6ff138,PLANE,include,video,,include:clip:272f1b6ff138,data/external/include_pose/INCLUDE/Pose_Signs/Means_of_Transportation/10. Plane/MVI_3208.pkl,data/processed/landmarks/include/PLANE/272f1b6ff138.npz,60,0.0,0.0,1.0,1.0,,
1680a0a884be,PLANE,include,video,,include:clip:1680a0a884be,data/external/include_pose/INCLUDE/Pose_Signs/Means_of_Transportation/10. Plane/MVI_3173.pkl,data/processed/landmarks/include/PLANE/1680a0a884be.npz,83,0.0,0.0,1.0,1.0,,
c3da1540d623,PLANE,include,video,,include:clip:c3da1540d623,data/external/include_pose/INCLUDE/Pose_Signs/Means_of_Transportation/10. Plane/MVI_3172.pkl,data/processed/landmarks/include/PLANE/c3da1540d623.npz,73,0.0,0.0,1.0,1.0,,
8f82f8459472,PLANE,include,video,,include:clip:8f82f8459472,data/external/include_pose/INCLUDE/Pose_Signs/Means_of_Transportation/10. Plane/MVI_3171.pkl,data/processed/landmarks/include/PLANE/8f82f8459472.npz,89,0.0,0.0,1.0,1.0,,
f4cdcdf276c0,PLANE,include,video,,include:clip:f4cdcdf276c0,data/external/include_pose/INCLUDE/Pose_Signs/Means_of_Transportation/10. Plane/MVI_3207.pkl,data/processed/landmarks/include/PLANE/f4cdcdf276c0.npz,64,0.0,0.0,1.0,1.0,,
3b901375199e,PLANE,include,video,,include:clip:3b901375199e,data/external/include_pose/INCLUDE/Pose_Signs/Means_of_Transportation/10. Plane/MVI_8582.pkl,data/processed/landmarks/include/PLANE/3b901375199e.npz,59,0.0,0.0,0.6102,1.0,,
19f050287239,PLANE,include,video,,include:clip:19f050287239,data/external/include_pose/INCLUDE/Pose_Signs/Means_of_Transportation/10. Plane/MVI_8581.pkl,data/processed/landmarks/include/PLANE/19f050287239.npz,62,0.0,0.0,0.5161,1.0,,
8cdc7eebe1da,PLANE,include,video,,include:clip:8cdc7eebe1da,data/external/include_pose/INCLUDE/Pose_Signs/Means_of_Transportation/10. Plane/MVI_3115.pkl,data/processed/landmarks/include/PLANE/8cdc7eebe1da.npz,74,0.0,0.0,0.9595,1.0,,
4b14e9085604,PLANE,include,video,,include:clip:4b14e9085604,data/external/include_pose/INCLUDE/Pose_Signs/Means_of_Transportation/10. Plane/MVI_3114.pkl,data/processed/landmarks/include/PLANE/4b14e9085604.npz,87,0.0,0.0,1.0,1.0,,
a68d5dbb2438,TRUCK,include,video,,include:clip:a68d5dbb2438,data/external/include_pose/INCLUDE/Pose_Signs/Means_of_Transportation/12. Truck/MVI_3119.pkl,data/processed/landmarks/include/TRUCK/a68d5dbb2438.npz,104,0.0,0.0,0.9038,1.0,,
c8cc35cff6be,TRUCK,include,video,,include:clip:c8cc35cff6be,data/external/include_pose/INCLUDE/Pose_Signs/Means_of_Transportation/12. Truck/MVI_3241.pkl,data/processed/landmarks/include/TRUCK/c8cc35cff6be.npz,76,0.0,0.0,0.9342,1.0,,
2b794bf78236,TRUCK,include,video,,include:clip:2b794bf78236,data/external/include_pose/INCLUDE/Pose_Signs/Means_of_Transportation/12. Truck/MVI_3242.pkl,data/processed/landmarks/include/TRUCK/2b794bf78236.npz,76,0.0,0.0,0.9737,1.0,,
08d848d929f9,TRUCK,include,video,,include:clip:08d848d929f9,data/external/include_pose/INCLUDE/Pose_Signs/Means_of_Transportation/12. Truck/MVI_3120.pkl,data/processed/landmarks/include/TRUCK/08d848d929f9.npz,95,0.0,0.0,0.8737,1.0,,
456de1f902b3,TRUCK,include,video,,include:clip:456de1f902b3,data/external/include_pose/INCLUDE/Pose_Signs/Means_of_Transportation/12. Truck/MVI_3121.pkl,data/processed/landmarks/include/TRUCK/456de1f902b3.npz,90,0.0,0.0,0.8889,1.0,,
7337164a141d,TRUCK,include,video,,include:clip:7337164a141d,data/external/include_pose/INCLUDE/Pose_Signs/Means_of_Transportation/12. Truck/MVI_3243.pkl,data/processed/landmarks/include/TRUCK/7337164a141d.npz,84,0.0,0.0,0.9405,1.0,,
993184158baf,TRUCK,include,video,,include:clip:993184158baf,data/external/include_pose/INCLUDE/Pose_Signs/Means_of_Transportation/12. Truck/MVI_3179.pkl,data/processed/landmarks/include/TRUCK/993184158baf.npz,104,0.0,0.0,0.9712,1.0,,
9cc55d80121b,TRUCK,include,video,,include:clip:9cc55d80121b,data/external/include_pose/INCLUDE/Pose_Signs/Means_of_Transportation/12. Truck/MVI_3178.pkl,data/processed/landmarks/include/TRUCK/9cc55d80121b.npz,105,0.0,0.0,0.9524,1.0,,
bb0105377670,TRUCK,include,video,,include:clip:bb0105377670,data/external/include_pose/INCLUDE/Pose_Signs/Means_of_Transportation/12. Truck/MVI_3150.pkl,data/processed/landmarks/include/TRUCK/bb0105377670.npz,99,0.0,0.0,0.7172,1.0,,
ab16dc685d95,TRUCK,include,video,,include:clip:ab16dc685d95,data/external/include_pose/INCLUDE/Pose_Signs/Means_of_Transportation/12. Truck/MVI_3212.pkl,data/processed/landmarks/include/TRUCK/ab16dc685d95.npz,81,0.0,0.0,0.963,1.0,,
44ad6424f3de,TRUCK,include,video,,include:clip:44ad6424f3de,data/external/include_pose/INCLUDE/Pose_Signs/Means_of_Transportation/12. Truck/MVI_4179.pkl,data/processed/landmarks/include/TRUCK/44ad6424f3de.npz,62,0.0,0.0,0.9355,1.0,,
1ede66292044,TRUCK,include,video,,include:clip:1ede66292044,data/external/include_pose/INCLUDE/Pose_Signs/Means_of_Transportation/12. Truck/MVI_3149.pkl,data/processed/landmarks/include/TRUCK/1ede66292044.npz,97,0.0,0.0,0.8351,1.0,,
72488c826395,TRUCK,include,video,,include:clip:72488c826395,data/external/include_pose/INCLUDE/Pose_Signs/Means_of_Transportation/12. Truck/MVI_3148.pkl,data/processed/landmarks/include/TRUCK/72488c826395.npz,105,0.0,0.0,0.7905,1.0,,
49b7f6ab5044,TRUCK,include,video,,include:clip:49b7f6ab5044,data/external/include_pose/INCLUDE/Pose_Signs/Means_of_Transportation/12. Truck/MVI_3214.pkl,data/processed/landmarks/include/TRUCK/49b7f6ab5044.npz,82,0.0,0.0,0.9268,1.0,,
ef6acc59131e,TRUCK,include,video,,include:clip:ef6acc59131e,data/external/include_pose/INCLUDE/Pose_Signs/Means_of_Transportation/12. Truck/MVI_4180.pkl,data/processed/landmarks/include/TRUCK/ef6acc59131e.npz,75,0.0,0.0,0.96,1.0,,
ce89bf342b5d,TRUCK,include,video,,include:clip:ce89bf342b5d,data/external/include_pose/INCLUDE/Pose_Signs/Means_of_Transportation/12. Truck/MVI_3177.pkl,data/processed/landmarks/include/TRUCK/ce89bf342b5d.npz,81,0.0,0.0,0.9136,1.0,,
5566dc53724f,TRUCK,include,video,,include:clip:5566dc53724f,data/external/include_pose/INCLUDE/Pose_Signs/Means_of_Transportation/12. Truck/MVI_8586.pkl,data/processed/landmarks/include/TRUCK/5566dc53724f.npz,76,0.0,0.0,0.6711,1.0,,
9a4bccd06253,TRAIN,include,video,,include:clip:9a4bccd06253,data/external/include_pose/INCLUDE/Pose_Signs/Means_of_Transportation/9. Train/MVI_4172.pkl,data/processed/landmarks/include/TRAIN/9a4bccd06253.npz,52,0.0,0.0,1.0,1.0,,
ec174448c999,TRAIN,include,video,,include:clip:ec174448c999,data/external/include_pose/INCLUDE/Pose_Signs/Means_of_Transportation/9. Train/MVI_3231.pkl,data/processed/landmarks/include/TRAIN/ec174448c999.npz,71,0.0,0.0,1.0,1.0,,
8d2f02be8312,TRAIN,include,video,,include:clip:8d2f02be8312,data/external/include_pose/INCLUDE/Pose_Signs/Means_of_Transportation/9. Train/MVI_3233.pkl,data/processed/landmarks/include/TRAIN/8d2f02be8312.npz,81,0.0,0.0,1.0,1.0,,
1755a867ca7c,TRAIN,include,video,,include:clip:1755a867ca7c,data/external/include_pose/INCLUDE/Pose_Signs/Means_of_Transportation/9. Train/MVI_4170.pkl,data/processed/landmarks/include/TRAIN/1755a867ca7c.npz,63,0.0,0.0,1.0,1.0,,
1585d394a16a,TRAIN,include,video,,include:clip:1585d394a16a,data/external/include_pose/INCLUDE/Pose_Signs/Means_of_Transportation/9. Train/MVI_4171.pkl,data/processed/landmarks/include/TRAIN/1585d394a16a.npz,59,0.0,0.0,1.0,1.0,,
760f8fdf1b68,TRAIN,include,video,,include:clip:760f8fdf1b68,data/external/include_pose/INCLUDE/Pose_Signs/Means_of_Transportation/9. Train/MVI_3232.pkl,data/processed/landmarks/include/TRAIN/760f8fdf1b68.npz,59,0.0,0.0,1.0,1.0,,
cdb583080939,TRAIN,include,video,,include:clip:cdb583080939,data/external/include_pose/INCLUDE/Pose_Signs/Means_of_Transportation/9. Train/MVI_3140.pkl,data/processed/landmarks/include/TRAIN/cdb583080939.npz,82,0.0,0.0,0.5488,1.0,,
9d65f4964012,TRAIN,include,video,,include:clip:9d65f4964012,data/external/include_pose/INCLUDE/Pose_Signs/Means_of_Transportation/9. Train/MVI_3141.pkl,data/processed/landmarks/include/TRAIN/9d65f4964012.npz,81,0.0,0.0,0.6543,1.0,,
7d08e81cf952,TRAIN,include,video,,include:clip:7d08e81cf952,data/external/include_pose/INCLUDE/Pose_Signs/Means_of_Transportation/9. Train/MVI_3169.pkl,data/processed/landmarks/include/TRAIN/7d08e81cf952.npz,85,0.0,0.0,1.0,1.0,,
fdb56c045b10,TRAIN,include,video,,include:clip:fdb56c045b10,data/external/include_pose/INCLUDE/Pose_Signs/Means_of_Transportation/9. Train/MVI_3204.pkl,data/processed/landmarks/include/TRAIN/fdb56c045b10.npz,68,0.0,0.0,1.0,1.0,,
0c4ba25b4f05,TRAIN,include,video,,include:clip:0c4ba25b4f05,data/external/include_pose/INCLUDE/Pose_Signs/Means_of_Transportation/9. Train/MVI_3170.pkl,data/processed/landmarks/include/TRAIN/0c4ba25b4f05.npz,76,0.0,0.0,1.0,1.0,,
7c6f26b84ad3,TRAIN,include,video,,include:clip:7c6f26b84ad3,data/external/include_pose/INCLUDE/Pose_Signs/Means_of_Transportation/9. Train/MVI_3203.pkl,data/processed/landmarks/include/TRAIN/7c6f26b84ad3.npz,76,0.0,0.0,1.0,1.0,,
0b3c32a4912d,TRAIN,include,video,,include:clip:0b3c32a4912d,data/external/include_pose/INCLUDE/Pose_Signs/Means_of_Transportation/9. Train/MVI_3202.pkl,data/processed/landmarks/include/TRAIN/0b3c32a4912d.npz,93,0.0,0.0,1.0,1.0,,
e1a523eacd81,TRAIN,include,video,,include:clip:e1a523eacd81,data/external/include_pose/INCLUDE/Pose_Signs/Means_of_Transportation/9. Train/MVI_3110.pkl,data/processed/landmarks/include/TRAIN/e1a523eacd81.npz,77,0.0,0.0,0.987,1.0,,
bb0c487fdd82,TRAIN,include,video,,include:clip:bb0c487fdd82,data/external/include_pose/INCLUDE/Pose_Signs/Means_of_Transportation/9. Train/MVI_3111.pkl,data/processed/landmarks/include/TRAIN/bb0c487fdd82.npz,87,0.0,0.0,1.0,1.0,,
7e90a5bd3e22,TRAIN,include,video,,include:clip:7e90a5bd3e22,data/external/include_pose/INCLUDE/Pose_Signs/Means_of_Transportation/9. Train/MVI_8580.pkl,data/processed/landmarks/include/TRAIN/7e90a5bd3e22.npz,57,0.0,0.0,0.6842,1.0,,
f3083cf5df5a,TRAIN,include,video,,include:clip:f3083cf5df5a,data/external/include_pose/INCLUDE/Pose_Signs/Means_of_Transportation/9. Train/MVI_8579.pkl,data/processed/landmarks/include/TRAIN/f3083cf5df5a.npz,69,0.0,0.0,0.5362,1.0,,
879cf2a84cc5,BICYCLE,include,video,,include:clip:879cf2a84cc5,data/external/include_pose/INCLUDE/Pose_Signs/Means_of_Transportation/13. Bicycle/MVI_3125.pkl,data/processed/landmarks/include/BICYCLE/879cf2a84cc5.npz,82,0.0,0.0,0.8659,1.0,,
e5cae548e415,BICYCLE,include,video,,include:clip:e5cae548e415,data/external/include_pose/INCLUDE/Pose_Signs/Means_of_Transportation/13. Bicycle/MVI_8588.pkl,data/processed/landmarks/include/BICYCLE/e5cae548e415.npz,62,0.0,0.0,0.8226,1.0,,
17dd900a0c79,BICYCLE,include,video,,include:clip:17dd900a0c79,data/external/include_pose/INCLUDE/Pose_Signs/Means_of_Transportation/13. Bicycle/MVI_3244.pkl,data/processed/landmarks/include/BICYCLE/17dd900a0c79.npz,74,0.0,0.0,0.9324,1.0,,
3e1e39e7a1a0,BICYCLE,include,video,,include:clip:3e1e39e7a1a0,data/external/include_pose/INCLUDE/Pose_Signs/Means_of_Transportation/13. Bicycle/MVI_3245.pkl,data/processed/landmarks/include/BICYCLE/3e1e39e7a1a0.npz,78,0.0,0.0,0.9744,1.0,,
e2b4003e441a,BICYCLE,include,video,,include:clip:e2b4003e441a,data/external/include_pose/INCLUDE/Pose_Signs/Means_of_Transportation/13. Bicycle/MVI_3152.pkl,data/processed/landmarks/include/BICYCLE/e2b4003e441a.npz,97,0.0,0.0,0.8144,1.0,,
4a325820ef97,BICYCLE,include,video,,include:clip:4a325820ef97,data/external/include_pose/INCLUDE/Pose_Signs/Means_of_Transportation/13. Bicycle/MVI_3151.pkl,data/processed/landmarks/include/BICYCLE/4a325820ef97.npz,88,0.0,0.0,0.6023,1.0,,
bdcabf4d3154,BICYCLE,include,video,,include:clip:bdcabf4d3154,data/external/include_pose/INCLUDE/Pose_Signs/Means_of_Transportation/13. Bicycle/MVI_3183.pkl,data/processed/landmarks/include/BICYCLE/bdcabf4d3154.npz,74,0.0,0.0,0.9865,1.0,,
3e79cd230e2d,BICYCLE,include,video,,include:clip:3e79cd230e2d,data/external/include_pose/INCLUDE/Pose_Signs/Means_of_Transportation/13. Bicycle/MVI_3182.pkl,data/processed/landmarks/include/BICYCLE/3e79cd230e2d.npz,82,0.0,0.0,0.9878,1.0,,
8f0b3e9ff711,BICYCLE,include,video,,include:clip:8f0b3e9ff711,data/external/include_pose/INCLUDE/Pose_Signs/Means_of_Transportation/13. Bicycle/MVI_3181.pkl,data/processed/landmarks/include/BICYCLE/8f0b3e9ff711.npz,95,0.0,0.0,0.9579,1.0,,
1aa3ad875d49,BICYCLE,include,video,,include:clip:1aa3ad875d49,data/external/include_pose/INCLUDE/Pose_Signs/Means_of_Transportation/13. Bicycle/MVI_4184.pkl,data/processed/landmarks/include/BICYCLE/1aa3ad875d49.npz,65,0.0,0.0,0.9538,1.0,,
6d31a5409ed7,BICYCLE,include,video,,include:clip:6d31a5409ed7,data/external/include_pose/INCLUDE/Pose_Signs/Means_of_Transportation/13. Bicycle/MVI_3217.pkl,data/processed/landmarks/include/BICYCLE/6d31a5409ed7.npz,86,0.0,0.0,0.9651,1.0,,
8a9a404d53b3,BICYCLE,include,video,,include:clip:8a9a404d53b3,data/external/include_pose/INCLUDE/Pose_Signs/Means_of_Transportation/13. Bicycle/MVI_4183.pkl,data/processed/landmarks/include/BICYCLE/8a9a404d53b3.npz,68,0.0,0.0,0.9853,1.0,,
ba8bb09c728d,BICYCLE,include,video,,include:clip:ba8bb09c728d,data/external/include_pose/INCLUDE/Pose_Signs/Means_of_Transportation/13. Bicycle/MVI_4182.pkl,data/processed/landmarks/include/BICYCLE/ba8bb09c728d.npz,64,0.0,0.0,0.9688,1.0,,
454e69287387,BICYCLE,include,video,,include:clip:454e69287387,data/external/include_pose/INCLUDE/Pose_Signs/Means_of_Transportation/13. Bicycle/MVI_3216.pkl,data/processed/landmarks/include/BICYCLE/454e69287387.npz,77,0.0,0.0,0.961,1.0,,
73420cb993fe,BICYCLE,include,video,,include:clip:73420cb993fe,data/external/include_pose/INCLUDE/Pose_Signs/Means_of_Transportation/13. Bicycle/MVI_3215.pkl,data/processed/landmarks/include/BICYCLE/73420cb993fe.npz,71,0.0,0.0,0.9155,1.0,,
3978a60949a8,BICYCLE,include,video,,include:clip:3978a60949a8,data/external/include_pose/INCLUDE/Pose_Signs/Means_of_Transportation/13. Bicycle/MVI_8587.pkl,data/processed/landmarks/include/BICYCLE/3978a60949a8.npz,73,0.0,0.0,0.7945,1.0,,
a5617fc71d67,TRANSPORTATION,include,video,,include:clip:a5617fc71d67,data/external/include_pose/INCLUDE/Pose_Signs/Means_of_Transportation/17. Transportation/MVI_3137.pkl,data/processed/landmarks/include/TRANSPORTATION/a5617fc71d67.npz,93,0.0,0.0,0.9247,1.0,,
7c16ca8eb2d3,TRANSPORTATION,include,video,,include:clip:7c16ca8eb2d3,data/external/include_pose/INCLUDE/Pose_Signs/Means_of_Transportation/17. Transportation/MVI_3136.pkl,data/processed/landmarks/include/TRANSPORTATION/7c16ca8eb2d3.npz,104,0.0,0.0,0.9135,1.0,,
d28b461dfb7f,TRANSPORTATION,include,video,,include:clip:d28b461dfb7f,data/external/include_pose/INCLUDE/Pose_Signs/Means_of_Transportation/17. Transportation/MVI_8598.pkl,data/processed/landmarks/include/TRANSPORTATION/d28b461dfb7f.npz,67,0.0,0.0,0.8358,1.0,,
71dfc8c95516,TRANSPORTATION,include,video,,include:clip:71dfc8c95516,data/external/include_pose/INCLUDE/Pose_Signs/Means_of_Transportation/17. Transportation/MVI_3256.pkl,data/processed/landmarks/include/TRANSPORTATION/71dfc8c95516.npz,91,0.0,0.0,0.967,1.0,,
f242d003f783,TRANSPORTATION,include,video,,include:clip:f242d003f783,data/external/include_pose/INCLUDE/Pose_Signs/Means_of_Transportation/17. Transportation/MVI_3257.pkl,data/processed/landmarks/include/TRANSPORTATION/f242d003f783.npz,78,0.0,0.0,0.9615,1.0,,
b136845fc034,TRANSPORTATION,include,video,,include:clip:b136845fc034,data/external/include_pose/INCLUDE/Pose_Signs/Means_of_Transportation/17. Transportation/MVI_3227.pkl,data/processed/landmarks/include/TRANSPORTATION/b136845fc034.npz,86,0.0,0.0,0.9884,1.0,,
56355aa6333d,TRANSPORTATION,include,video,,include:clip:56355aa6333d,data/external/include_pose/INCLUDE/Pose_Signs/Means_of_Transportation/17. Transportation/MVI_3167.pkl,data/processed/landmarks/include/TRANSPORTATION/56355aa6333d.npz,71,0.0,0.0,0.6901,1.0,,
f4eeb0de9635,TRANSPORTATION,include,video,,include:clip:f4eeb0de9635,data/external/include_pose/INCLUDE/Pose_Signs/Means_of_Transportation/17. Transportation/MVI_3198.pkl,data/processed/landmarks/include/TRANSPORTATION/f4eeb0de9635.npz,89,0.0,0.0,1.0,1.0,,
7ed6e2ae63f4,TRANSPORTATION,include,video,,include:clip:7ed6e2ae63f4,data/external/include_pose/INCLUDE/Pose_Signs/Means_of_Transportation/17. Transportation/MVI_3166.pkl,data/processed/landmarks/include/TRANSPORTATION/7ed6e2ae63f4.npz,90,0.0,0.0,0.7778,1.0,,
f546c7791cb8,TRANSPORTATION,include,video,,include:clip:f546c7791cb8,data/external/include_pose/INCLUDE/Pose_Signs/Means_of_Transportation/17. Transportation/MVI_3165.pkl,data/processed/landmarks/include/TRANSPORTATION/f546c7791cb8.npz,79,0.0,0.0,0.7342,1.0,,
b91f261b1d41,TRANSPORTATION,include,video,,include:clip:b91f261b1d41,data/external/include_pose/INCLUDE/Pose_Signs/Means_of_Transportation/17. Transportation/MVI_4196.pkl,data/processed/landmarks/include/TRANSPORTATION/b91f261b1d41.npz,52,0.0,0.0,0.9808,1.0,,
b15d3d0d25c8,TRANSPORTATION,include,video,,include:clip:b15d3d0d25c8,data/external/include_pose/INCLUDE/Pose_Signs/Means_of_Transportation/17. Transportation/MVI_3228.pkl,data/processed/landmarks/include/TRANSPORTATION/b15d3d0d25c8.npz,73,0.0,0.0,0.9863,1.0,,
ed0f24e7d9a9,TRANSPORTATION,include,video,,include:clip:ed0f24e7d9a9,data/external/include_pose/INCLUDE/Pose_Signs/Means_of_Transportation/17. Transportation/MVI_3200.pkl,data/processed/landmarks/include/TRANSPORTATION/ed0f24e7d9a9.npz,92,0.0,0.0,0.9674,1.0,,
a3321c2e87f1,TRANSPORTATION,include,video,,include:clip:a3321c2e87f1,data/external/include_pose/INCLUDE/Pose_Signs/Means_of_Transportation/17. Transportation/MVI_4194.pkl,data/processed/landmarks/include/TRANSPORTATION/a3321c2e87f1.npz,65,0.0,0.0,0.9846,1.0,,
8d8b02a068a1,TRANSPORTATION,include,video,,include:clip:8d8b02a068a1,data/external/include_pose/INCLUDE/Pose_Signs/Means_of_Transportation/17. Transportation/MVI_4195.pkl,data/processed/landmarks/include/TRANSPORTATION/8d8b02a068a1.npz,65,0.0,0.0,0.9846,1.0,,
d22a8cd1e286,TRANSPORTATION,include,video,,include:clip:d22a8cd1e286,data/external/include_pose/INCLUDE/Pose_Signs/Means_of_Transportation/17. Transportation/MVI_3229.pkl,data/processed/landmarks/include/TRANSPORTATION/d22a8cd1e286.npz,69,0.0,0.0,0.9855,1.0,,
4cd0d0b3bb45,TRANSPORTATION,include,video,,include:clip:4cd0d0b3bb45,data/external/include_pose/INCLUDE/Pose_Signs/Means_of_Transportation/17. Transportation/MVI_3258.pkl,data/processed/landmarks/include/TRANSPORTATION/4cd0d0b3bb45.npz,79,0.0,0.0,0.962,1.0,,
be8f86559b7c,BUS,include,video,,include:clip:be8f86559b7c,data/external/include_pose/INCLUDE/Pose_Signs/Means_of_Transportation/14. Bus/MVI_3247.pkl,data/processed/landmarks/include/BUS/be8f86559b7c.npz,67,0.0,0.0,0.8507,1.0,,
49945e365b96,BUS,include,video,,include:clip:49945e365b96,data/external/include_pose/INCLUDE/Pose_Signs/Means_of_Transportation/14. Bus/MVI_3126.pkl,data/processed/landmarks/include/BUS/49945e365b96.npz,97,0.0,0.0,0.8763,1.0,,
a04cacef8164,BUS,include,video,,include:clip:a04cacef8164,data/external/include_pose/INCLUDE/Pose_Signs/Means_of_Transportation/14. Bus/MVI_3127.pkl,data/processed/landmarks/include/BUS/a04cacef8164.npz,88,0.0,0.0,0.8864,1.0,,
72de04da0cc2,BUS,include,video,,include:clip:72de04da0cc2,data/external/include_pose/INCLUDE/Pose_Signs/Means_of_Transportation/14. Bus/MVI_8589.pkl,data/processed/landmarks/include/BUS/72de04da0cc2.npz,87,0.0,0.0,0.7471,1.0,,
4fe0783bf772,BUS,include,video,,include:clip:4fe0783bf772,data/external/include_pose/INCLUDE/Pose_Signs/Means_of_Transportation/14. Bus/MVI_3218.pkl,data/processed/landmarks/include/BUS/4fe0783bf772.npz,92,0.0,0.0,0.9348,1.0,,
bbbf4ceae4d2,BUS,include,video,,include:clip:bbbf4ceae4d2,data/external/include_pose/INCLUDE/Pose_Signs/Means_of_Transportation/14. Bus/MVI_3184.pkl,data/processed/landmarks/include/BUS/bbbf4ceae4d2.npz,83,0.0,0.0,0.9398,1.0,,
475cb16927b2,BUS,include,video,,include:clip:475cb16927b2,data/external/include_pose/INCLUDE/Pose_Signs/Means_of_Transportation/14. Bus/MVI_3219.pkl,data/processed/landmarks/include/BUS/475cb16927b2.npz,76,0.0,0.0,0.9474,1.0,,
0c817ed4762e,BUS,include,video,,include:clip:0c817ed4762e,data/external/include_pose/INCLUDE/Pose_Signs/Means_of_Transportation/14. Bus/MVI_3155.pkl,data/processed/landmarks/include/BUS/0c817ed4762e.npz,93,0.0,0.0,0.7742,1.0,,
52ba980276dd,BUS,include,video,,include:clip:52ba980276dd,data/external/include_pose/INCLUDE/Pose_Signs/Means_of_Transportation/14. Bus/MVI_3157.pkl,data/processed/landmarks/include/BUS/52ba980276dd.npz,84,0.0,0.0,0.7381,1.0,,
59d6316cde46,BUS,include,video,,include:clip:59d6316cde46,data/external/include_pose/INCLUDE/Pose_Signs/Means_of_Transportation/14. Bus/MVI_3220.pkl,data/processed/landmarks/include/BUS/59d6316cde46.npz,86,0.0,0.0,0.9302,1.0,,
69f09e3abcac,BUS,include,video,,include:clip:69f09e3abcac,data/external/include_pose/INCLUDE/Pose_Signs/Means_of_Transportation/14. Bus/MVI_4185.pkl,data/processed/landmarks/include/BUS/69f09e3abcac.npz,75,0.0,0.0,0.96,1.0,,
0615d9fc4316,BUS,include,video,,include:clip:0615d9fc4316,data/external/include_pose/INCLUDE/Pose_Signs/Means_of_Transportation/14. Bus/MVI_4186.pkl,data/processed/landmarks/include/BUS/0615d9fc4316.npz,75,0.0,0.0,0.9333,1.0,,
f4b04f306341,BUS,include,video,,include:clip:f4b04f306341,data/external/include_pose/INCLUDE/Pose_Signs/Means_of_Transportation/14. Bus/MVI_4187.pkl,data/processed/landmarks/include/BUS/f4b04f306341.npz,61,0.0,0.0,0.918,1.0,,
ef08dcf6951e,BUS,include,video,,include:clip:ef08dcf6951e,data/external/include_pose/INCLUDE/Pose_Signs/Means_of_Transportation/14. Bus/MVI_8590.pkl,data/processed/landmarks/include/BUS/ef08dcf6951e.npz,79,0.0,0.0,0.7848,1.0,,
fd639f2bddc9,BUS,include,video,,include:clip:fd639f2bddc9,data/external/include_pose/INCLUDE/Pose_Signs/Means_of_Transportation/14. Bus/MVI_3248.pkl,data/processed/landmarks/include/BUS/fd639f2bddc9.npz,81,0.0,0.0,0.963,1.0,,
d2e5fd3e8833,BUS,include,video,,include:clip:d2e5fd3e8833,data/external/include_pose/INCLUDE/Pose_Signs/Means_of_Transportation/14. Bus/MVI_3128.pkl,data/processed/landmarks/include/BUS/d2e5fd3e8833.npz,90,0.0,0.0,0.8667,1.0,,
30ad9c5bb489,TRAIN_TICKET,include,video,,include:clip:30ad9c5bb489,data/external/include_pose/INCLUDE/Pose_Signs/Means_of_Transportation/16. train ticket/MVI_3133.pkl,data/processed/landmarks/include/TRAIN_TICKET/30ad9c5bb489.npz,102,0.0,0.0,0.951,1.0,,
be7d9e0ff676,TRAIN_TICKET,include,video,,include:clip:be7d9e0ff676,data/external/include_pose/INCLUDE/Pose_Signs/Means_of_Transportation/16. train ticket/MVI_3255.pkl,data/processed/landmarks/include/TRAIN_TICKET/be7d9e0ff676.npz,81,0.0,0.0,0.9753,1.0,,
8956cd03703e,TRAIN_TICKET,include,video,,include:clip:8956cd03703e,data/external/include_pose/INCLUDE/Pose_Signs/Means_of_Transportation/16. train ticket/MVI_3254.pkl,data/processed/landmarks/include/TRAIN_TICKET/8956cd03703e.npz,75,0.0,0.0,0.9333,1.0,,
7afc0c2d5dba,TRAIN_TICKET,include,video,,include:clip:7afc0c2d5dba,data/external/include_pose/INCLUDE/Pose_Signs/Means_of_Transportation/16. train ticket/MVI_3134.pkl,data/processed/landmarks/include/TRAIN_TICKET/7afc0c2d5dba.npz,99,0.0,0.0,0.9293,1.0,,
b1b1e175890a,TRAIN_TICKET,include,video,,include:clip:b1b1e175890a,data/external/include_pose/INCLUDE/Pose_Signs/Means_of_Transportation/16. train ticket/MVI_3224.pkl,data/processed/landmarks/include/TRAIN_TICKET/b1b1e175890a.npz,91,0.0,0.0,0.978,1.0,,
fe6fbed0e64e,TRAIN_TICKET,include,video,,include:clip:fe6fbed0e64e,data/external/include_pose/INCLUDE/Pose_Signs/Means_of_Transportation/16. train ticket/MVI_3225.pkl,data/processed/landmarks/include/TRAIN_TICKET/fe6fbed0e64e.npz,98,0.0,0.0,0.9796,1.0,,
06b51fa38ec1,TRAIN_TICKET,include,video,,include:clip:06b51fa38ec1,data/external/include_pose/INCLUDE/Pose_Signs/Means_of_Transportation/16. train ticket/MVI_3226.pkl,data/processed/landmarks/include/TRAIN_TICKET/06b51fa38ec1.npz,81,0.0,0.0,0.9877,1.0,,
0309dbddb4ce,TRAIN_TICKET,include,video,,include:clip:0309dbddb4ce,data/external/include_pose/INCLUDE/Pose_Signs/Means_of_Transportation/16. train ticket/MVI_3197.pkl,data/processed/landmarks/include/TRAIN_TICKET/0309dbddb4ce.npz,102,0.0,0.0,0.9804,1.0,,
fe77ec29efd1,TRAIN_TICKET,include,video,,include:clip:fe77ec29efd1,data/external/include_pose/INCLUDE/Pose_Signs/Means_of_Transportation/16. train ticket/MVI_3196.pkl,data/processed/landmarks/include/TRAIN_TICKET/fe77ec29efd1.npz,102,0.0,0.0,0.9804,1.0,,
d958714ad68e,TRAIN_TICKET,include,video,,include:clip:d958714ad68e,data/external/include_pose/INCLUDE/Pose_Signs/Means_of_Transportation/16. train ticket/MVI_3194.pkl,data/processed/landmarks/include/TRAIN_TICKET/d958714ad68e.npz,99,0.0,0.0,0.9697,1.0,,
370bdc0751a6,TRAIN_TICKET,include,video,,include:clip:370bdc0751a6,data/external/include_pose/INCLUDE/Pose_Signs/Means_of_Transportation/16. train ticket/MVI_3195.pkl,data/processed/landmarks/include/TRAIN_TICKET/370bdc0751a6.npz,100,0.0,0.0,0.96,1.0,,
c47d20d2fb99,TRAIN_TICKET,include,video,,include:clip:c47d20d2fb99,data/external/include_pose/INCLUDE/Pose_Signs/Means_of_Transportation/16. train ticket/MVI_4191.pkl,data/processed/landmarks/include/TRAIN_TICKET/c47d20d2fb99.npz,77,0.0,0.0,0.9481,1.0,,
45c6e2c9f530,TRAIN_TICKET,include,video,,include:clip:45c6e2c9f530,data/external/include_pose/INCLUDE/Pose_Signs/Means_of_Transportation/16. train ticket/MVI_3164.pkl,data/processed/landmarks/include/TRAIN_TICKET/45c6e2c9f530.npz,111,0.0,0.0,0.8468,1.0,,
13f6f3e291e4,TRAIN_TICKET,include,video,,include:clip:13f6f3e291e4,data/external/include_pose/INCLUDE/Pose_Signs/Means_of_Transportation/16. train ticket/MVI_4193.pkl,data/processed/landmarks/include/TRAIN_TICKET/13f6f3e291e4.npz,76,0.0,0.0,0.9737,1.0,,
ba260433da16,TRAIN_TICKET,include,video,,include:clip:ba260433da16,data/external/include_pose/INCLUDE/Pose_Signs/Means_of_Transportation/16. train ticket/MVI_3162.pkl,data/processed/landmarks/include/TRAIN_TICKET/ba260433da16.npz,85,0.0,0.0,0.8,1.0,,
db3d40a55df5,TRAIN_TICKET,include,video,,include:clip:db3d40a55df5,data/external/include_pose/INCLUDE/Pose_Signs/Means_of_Transportation/16. train ticket/MVI_3163.pkl,data/processed/landmarks/include/TRAIN_TICKET/db3d40a55df5.npz,88,0.0,0.0,0.8409,1.0,,
0aa0068f6966,TRAIN_TICKET,include,video,,include:clip:0aa0068f6966,data/external/include_pose/INCLUDE/Pose_Signs/Means_of_Transportation/16. train ticket/MVI_8597.pkl,data/processed/landmarks/include/TRAIN_TICKET/0aa0068f6966.npz,87,0.0,0.0,0.8736,1.0,,
c89ad745e2f0,CAR,include,video,,include:clip:c89ad745e2f0,data/external/include_pose/INCLUDE/Pose_Signs/Means_of_Transportation/11. Car/MVI_3118.pkl,data/processed/landmarks/include/CAR/c89ad745e2f0.npz,117,0.0,0.0,0.9145,1.0,,
006785414fa1,CAR,include,video,,include:clip:006785414fa1,data/external/include_pose/INCLUDE/Pose_Signs/Means_of_Transportation/11. Car/MVI_3240.pkl,data/processed/landmarks/include/CAR/006785414fa1.npz,97,0.0,0.0,0.9588,1.0,,
42748e167137,CAR,include,video,,include:clip:42748e167137,data/external/include_pose/INCLUDE/Pose_Signs/Means_of_Transportation/11. Car/MVI_3147.pkl,data/processed/landmarks/include/CAR/42748e167137.npz,154,0.0,0.0,0.7922,1.0,,
151223754ebf,CAR,include,video,,include:clip:151223754ebf,data/external/include_pose/INCLUDE/Pose_Signs/Means_of_Transportation/11. Car/MVI_3145.pkl,data/processed/landmarks/include/CAR/151223754ebf.npz,138,0.0,0.0,0.8913,1.0,,
cec7f5fa118f,CAR,include,video,,include:clip:cec7f5fa118f,data/external/include_pose/INCLUDE/Pose_Signs/Means_of_Transportation/11. Car/MVI_3209.pkl,data/processed/landmarks/include/CAR/cec7f5fa118f.npz,111,0.0,0.0,0.973,1.0,,
9fceb17200c6,CAR,include,video,,include:clip:9fceb17200c6,data/external/include_pose/INCLUDE/Pose_Signs/Means_of_Transportation/11. Car/MVI_4177.pkl,data/processed/landmarks/include/CAR/9fceb17200c6.npz,83,0.0,0.0,0.9036,1.0,,
cf4030aa81a2,CAR,include,video,,include:clip:cf4030aa81a2,data/external/include_pose/INCLUDE/Pose_Signs/Means_of_Transportation/11. Car/MVI_3211.pkl,data/processed/landmarks/include/CAR/cf4030aa81a2.npz,96,0.0,0.0,1.0,1.0,,
7e1d8502ff16,CAR,include,video,,include:clip:7e1d8502ff16,data/external/include_pose/INCLUDE/Pose_Signs/Means_of_Transportation/11. Car/MVI_3239.pkl,data/processed/landmarks/include/CAR/7e1d8502ff16.npz,108,0.0,0.0,0.9352,1.0,,
c01422d0232e,CAR,include,video,,include:clip:c01422d0232e,data/external/include_pose/INCLUDE/Pose_Signs/Means_of_Transportation/11. Car/MVI_3238.pkl,data/processed/landmarks/include/CAR/c01422d0232e.npz,104,0.0,0.0,0.9808,1.0,,
9fdd1d73fa52,CAR,include,video,,include:clip:9fdd1d73fa52,data/external/include_pose/INCLUDE/Pose_Signs/Means_of_Transportation/11. Car/MVI_3210.pkl,data/processed/landmarks/include/CAR/9fdd1d73fa52.npz,99,0.0,0.0,0.9697,1.0,,
58d8787748ad,CAR,include,video,,include:clip:58d8787748ad,data/external/include_pose/INCLUDE/Pose_Signs/Means_of_Transportation/11. Car/MVI_4178.pkl,data/processed/landmarks/include/CAR/58d8787748ad.npz,77,0.0,0.0,0.974,1.0,,
d05c79ff0381,CAR,include,video,,include:clip:d05c79ff0381,data/external/include_pose/INCLUDE/Pose_Signs/Means_of_Transportation/11. Car/MVI_3175.pkl,data/processed/landmarks/include/CAR/d05c79ff0381.npz,96,0.0,0.0,0.9479,1.0,,
ed6abc5a620f,CAR,include,video,,include:clip:ed6abc5a620f,data/external/include_pose/INCLUDE/Pose_Signs/Means_of_Transportation/11. Car/MVI_3174.pkl,data/processed/landmarks/include/CAR/ed6abc5a620f.npz,97,0.0,0.0,0.9485,1.0,,
353c5b02874a,CAR,include,video,,include:clip:353c5b02874a,data/external/include_pose/INCLUDE/Pose_Signs/Means_of_Transportation/11. Car/MVI_8583.pkl,data/processed/landmarks/include/CAR/353c5b02874a.npz,92,0.0,0.0,0.5,1.0,,
6fd420e0e65c,CAR,include,video,,include:clip:6fd420e0e65c,data/external/include_pose/INCLUDE/Pose_Signs/Means_of_Transportation/11. Car/MVI_3116.pkl,data/processed/landmarks/include/CAR/6fd420e0e65c.npz,106,0.0,0.0,0.8585,1.0,,
d4bb62c2f926,CAR,include,video,,include:clip:d4bb62c2f926,data/external/include_pose/INCLUDE/Pose_Signs/Means_of_Transportation/11. Car/MVI_3117.pkl,data/processed/landmarks/include/CAR/d4bb62c2f926.npz,98,0.0,0.0,0.949,1.0,,
cf53414c0b56,BOAT,include,video,,include:clip:cf53414c0b56,data/external/include_pose/INCLUDE/Pose_Signs/Means_of_Transportation/15. Boat/MVI_3131.pkl,data/processed/landmarks/include/BOAT/cf53414c0b56.npz,117,0.0,0.0,0.7692,1.0,,
ab498cc4bc66,BOAT,include,video,,include:clip:ab498cc4bc66,data/external/include_pose/INCLUDE/Pose_Signs/Means_of_Transportation/15. Boat/MVI_3252.pkl,data/processed/landmarks/include/BOAT/ab498cc4bc66.npz,95,0.0,0.0,0.9053,1.0,,
c651b11e5012,BOAT,include,video,,include:clip:c651b11e5012,data/external/include_pose/INCLUDE/Pose_Signs/Means_of_Transportation/15. Boat/MVI_3250.pkl,data/processed/landmarks/include/BOAT/c651b11e5012.npz,103,0.0,0.0,0.9029,1.0,,
633ff1c8cd16,BOAT,include,video,,include:clip:633ff1c8cd16,data/external/include_pose/INCLUDE/Pose_Signs/Means_of_Transportation/15. Boat/MVI_3251.pkl,data/processed/landmarks/include/BOAT/633ff1c8cd16.npz,100,0.0,0.0,0.85,1.0,,
c485919d16ce,BOAT,include,video,,include:clip:c485919d16ce,data/external/include_pose/INCLUDE/Pose_Signs/Means_of_Transportation/15. Boat/MVI_3191.pkl,data/processed/landmarks/include/BOAT/c485919d16ce.npz,111,0.0,0.0,0.9459,1.0,,
6a8354d02a19,BOAT,include,video,,include:clip:6a8354d02a19,data/external/include_pose/INCLUDE/Pose_Signs/Means_of_Transportation/15. Boat/MVI_3190.pkl,data/processed/landmarks/include/BOAT/6a8354d02a19.npz,101,0.0,0.0,0.9109,1.0,,
ad77af2c7131,BOAT,include,video,,include:clip:ad77af2c7131,data/external/include_pose/INCLUDE/Pose_Signs/Means_of_Transportation/15. Boat/MVI_3187.pkl,data/processed/landmarks/include/BOAT/ad77af2c7131.npz,115,0.0,0.0,0.9391,1.0,,
4e7cb9a8e982,BOAT,include,video,,include:clip:4e7cb9a8e982,data/external/include_pose/INCLUDE/Pose_Signs/Means_of_Transportation/15. Boat/MVI_3222.pkl,data/processed/landmarks/include/BOAT/4e7cb9a8e982.npz,118,0.0,0.0,0.8305,1.0,,
a24d6a5f5849,BOAT,include,video,,include:clip:a24d6a5f5849,data/external/include_pose/INCLUDE/Pose_Signs/Means_of_Transportation/15. Boat/MVI_3223.pkl,data/processed/landmarks/include/BOAT/a24d6a5f5849.npz,112,0.0,0.0,0.8304,1.0,,
01b4579e993d,BOAT,include,video,,include:clip:01b4579e993d,data/external/include_pose/INCLUDE/Pose_Signs/Means_of_Transportation/15. Boat/MVI_3221.pkl,data/processed/landmarks/include/BOAT/01b4579e993d.npz,123,0.0,0.0,0.9106,1.0,,
d5d763d53c57,BOAT,include,video,,include:clip:d5d763d53c57,data/external/include_pose/INCLUDE/Pose_Signs/Means_of_Transportation/15. Boat/MVI_4189.pkl,data/processed/landmarks/include/BOAT/d5d763d53c57.npz,79,0.0,0.0,0.9494,1.0,,
5495efeaa565,BOAT,include,video,,include:clip:5495efeaa565,data/external/include_pose/INCLUDE/Pose_Signs/Means_of_Transportation/15. Boat/MVI_4188.pkl,data/processed/landmarks/include/BOAT/5495efeaa565.npz,95,0.0,0.0,0.9684,1.0,,
331c9f36345f,BOAT,include,video,,include:clip:331c9f36345f,data/external/include_pose/INCLUDE/Pose_Signs/Means_of_Transportation/15. Boat/MVI_3158.pkl,data/processed/landmarks/include/BOAT/331c9f36345f.npz,110,0.0,0.0,0.5545,1.0,,
b6cb94faa11c,BOAT,include,video,,include:clip:b6cb94faa11c,data/external/include_pose/INCLUDE/Pose_Signs/Means_of_Transportation/15. Boat/MVI_3189.pkl,data/processed/landmarks/include/BOAT/b6cb94faa11c.npz,96,0.0,0.0,0.9583,1.0,,
3076fafc4133,BOAT,include,video,,include:clip:3076fafc4133,data/external/include_pose/INCLUDE/Pose_Signs/Means_of_Transportation/15. Boat/MVI_8595.pkl,data/processed/landmarks/include/BOAT/3076fafc4133.npz,98,0.0,0.0,0.8265,1.0,,
fbba54675796,BOAT,include,video,,include:clip:fbba54675796,data/external/include_pose/INCLUDE/Pose_Signs/Means_of_Transportation/15. Boat/MVI_8594.pkl,data/processed/landmarks/include/BOAT/fbba54675796.npz,95,0.0,0.0,0.7158,1.0,,
7b5c0737cc65,BOAT,include,video,,include:clip:7b5c0737cc65,data/external/include_pose/INCLUDE/Pose_Signs/Means_of_Transportation/15. Boat/MVI_3129.pkl,data/processed/landmarks/include/BOAT/7b5c0737cc65.npz,112,0.0,0.0,0.75,1.0,,
50f63bb12e98,KITCHEN,include,video,,include:clip:50f63bb12e98,data/external/include_pose/INCLUDE/Pose_Signs/Home/31. Kitchen/MVI_4897.pkl,data/processed/landmarks/include/KITCHEN/50f63bb12e98.npz,61,0.0,0.0,0.9672,1.0,,
c41b8c607f10,KITCHEN,include,video,,include:clip:c41b8c607f10,data/external/include_pose/INCLUDE/Pose_Signs/Home/31. Kitchen/MVI_4377.pkl,data/processed/landmarks/include/KITCHEN/c41b8c607f10.npz,70,0.0,0.0,1.0,1.0,,
5616a3c1b061,KITCHEN,include,video,,include:clip:5616a3c1b061,data/external/include_pose/INCLUDE/Pose_Signs/Home/31. Kitchen/MVI_4376.pkl,data/processed/landmarks/include/KITCHEN/5616a3c1b061.npz,68,0.0,0.0,1.0,1.0,,
f747e2f9f19f,KITCHEN,include,video,,include:clip:f747e2f9f19f,data/external/include_pose/INCLUDE/Pose_Signs/Home/31. Kitchen/MVI_9022.pkl,data/processed/landmarks/include/KITCHEN/f747e2f9f19f.npz,78,0.0,0.0,1.0,1.0,,
b18cd8a40d88,KITCHEN,include,video,,include:clip:b18cd8a40d88,data/external/include_pose/INCLUDE/Pose_Signs/Home/31. Kitchen/MVI_9023.pkl,data/processed/landmarks/include/KITCHEN/b18cd8a40d88.npz,82,0.0,0.0,0.9512,1.0,,
7e03623f8eaa,KITCHEN,include,video,,include:clip:7e03623f8eaa,data/external/include_pose/INCLUDE/Pose_Signs/Home/31. Kitchen/MVI_4375.pkl,data/processed/landmarks/include/KITCHEN/7e03623f8eaa.npz,72,0.0,0.0,0.9722,1.0,,
8c48349b062b,KITCHEN,include,video,,include:clip:8c48349b062b,data/external/include_pose/INCLUDE/Pose_Signs/Home/31. Kitchen/MVI_8780.pkl,data/processed/landmarks/include/KITCHEN/8c48349b062b.npz,75,0.0,0.0,0.6667,1.0,,
3ab1199252c2,KITCHEN,include,video,,include:clip:3ab1199252c2,data/external/include_pose/INCLUDE/Pose_Signs/Home/31. Kitchen/MVI_8781.pkl,data/processed/landmarks/include/KITCHEN/3ab1199252c2.npz,82,0.0,0.0,0.7439,1.0,,
01eb6af8e31b,KITCHEN,include,video,,include:clip:01eb6af8e31b,data/external/include_pose/INCLUDE/Pose_Signs/Home/31. Kitchen/MVI_4898.pkl,data/processed/landmarks/include/KITCHEN/01eb6af8e31b.npz,61,0.0,0.0,0.9344,1.0,,
18543720e601,KITCHEN,include,video,,include:clip:18543720e601,data/external/include_pose/INCLUDE/Pose_Signs/Home/31. Kitchen/MVI_8779.pkl,data/processed/landmarks/include/KITCHEN/18543720e601.npz,71,0.0,0.0,0.7042,1.0,,
82f1f10acd90,KITCHEN,include,video,,include:clip:82f1f10acd90,data/external/include_pose/INCLUDE/Pose_Signs/Home/31. Kitchen/MVI_8778.pkl,data/processed/landmarks/include/KITCHEN/82f1f10acd90.npz,69,0.0,0.0,0.5942,1.0,,
bbef5e7f4a94,TABLE,include,video,,include:clip:bbef5e7f4a94,data/external/include_pose/INCLUDE/Pose_Signs/Home/24. Table/MVI_4869.pkl,data/processed/landmarks/include/TABLE/bbef5e7f4a94.npz,47,0.0,0.0,0.9149,1.0,,
ef7f9d56ddb7,TABLE,include,video,,include:clip:ef7f9d56ddb7,data/external/include_pose/INCLUDE/Pose_Signs/Home/24. Table/MVI_4345.pkl,data/processed/landmarks/include/TABLE/ef7f9d56ddb7.npz,50,0.0,0.0,0.98,1.0,,
cfb01961a9b6,TABLE,include,video,,include:clip:cfb01961a9b6,data/external/include_pose/INCLUDE/Pose_Signs/Home/24. Table/MVI_4347.pkl,data/processed/landmarks/include/TABLE/cfb01961a9b6.npz,47,0.0,0.0,0.9574,1.0,,
062d332e13b7,TABLE,include,video,,include:clip:062d332e13b7,data/external/include_pose/INCLUDE/Pose_Signs/Home/24. Table/MVI_9001.pkl,data/processed/landmarks/include/TABLE/062d332e13b7.npz,63,0.0,0.0,0.9206,1.0,,
c24859ce96f3,TABLE,include,video,,include:clip:c24859ce96f3,data/external/include_pose/INCLUDE/Pose_Signs/Home/24. Table/MVI_9003.pkl,data/processed/landmarks/include/TABLE/c24859ce96f3.npz,64,0.0,0.0,0.9062,1.0,,
b26b4c191203,TABLE,include,video,,include:clip:b26b4c191203,data/external/include_pose/INCLUDE/Pose_Signs/Home/24. Table/MVI_9002.pkl,data/processed/landmarks/include/TABLE/b26b4c191203.npz,64,0.0,0.0,0.9219,1.0,,
f2fd4ae45a42,TABLE,include,video,,include:clip:f2fd4ae45a42,data/external/include_pose/INCLUDE/Pose_Signs/Home/24. Table/MVI_4870.pkl,data/processed/landmarks/include/TABLE/f2fd4ae45a42.npz,55,0.0,0.0,0.9091,1.0,,
eedf0bfc420d,TABLE,include,video,,include:clip:eedf0bfc420d,data/external/include_pose/INCLUDE/Pose_Signs/Home/24. Table/MVI_4871.pkl,data/processed/landmarks/include/TABLE/eedf0bfc420d.npz,50,0.0,0.0,0.88,1.0,,
85e0c7077791,TABLE,include,video,,include:clip:85e0c7077791,data/external/include_pose/INCLUDE/Pose_Signs/Home/24. Table/MVI_8751.pkl,data/processed/landmarks/include/TABLE/85e0c7077791.npz,64,0.0,0.0,0.4688,1.0,low_hand_detection,
131236221109,TABLE,include,video,,include:clip:131236221109,data/external/include_pose/INCLUDE/Pose_Signs/Home/24. Table/MVI_8750.pkl,data/processed/landmarks/include/TABLE/131236221109.npz,69,0.0,0.0,0.4928,1.0,low_hand_detection,
002593b02c0f,TABLE,include,video,,include:clip:002593b02c0f,data/external/include_pose/INCLUDE/Pose_Signs/Home/24. Table/MVI_8752.pkl,data/processed/landmarks/include/TABLE/002593b02c0f.npz,64,0.0,0.0,0.375,1.0,low_hand_detection,
d42fc3b0f125,BOOK,include,video,,include:clip:d42fc3b0f125,data/external/include_pose/INCLUDE/Pose_Signs/Home/37. Book/MVI_4919.pkl,data/processed/landmarks/include/BOOK/d42fc3b0f125.npz,59,0.0,0.0,0.7797,1.0,,
cbf7b589f4b0,BOOK,include,video,,include:clip:cbf7b589f4b0,data/external/include_pose/INCLUDE/Pose_Signs/Home/37. Book/MVI_9043.pkl,data/processed/landmarks/include/BOOK/cbf7b589f4b0.npz,67,0.0,0.0,0.8806,1.0,,
f3108e52bd2a,BOOK,include,video,,include:clip:f3108e52bd2a,data/external/include_pose/INCLUDE/Pose_Signs/Home/37. Book/MVI_9041.pkl,data/processed/landmarks/include/BOOK/f3108e52bd2a.npz,65,0.0,0.0,0.9077,1.0,,
d2d38f4c0b81,BOOK,include,video,,include:clip:d2d38f4c0b81,data/external/include_pose/INCLUDE/Pose_Signs/Home/37. Book/MVI_4402.pkl,data/processed/landmarks/include/BOOK/d2d38f4c0b81.npz,62,0.0,0.0,0.9516,1.0,,
a4181068c3bc,BOOK,include,video,,include:clip:a4181068c3bc,data/external/include_pose/INCLUDE/Pose_Signs/Home/37. Book/MVI_4400.pkl,data/processed/landmarks/include/BOOK/a4181068c3bc.npz,67,0.0,0.0,0.9552,1.0,,
1a8bd1c6a8a3,BOOK,include,video,,include:clip:1a8bd1c6a8a3,data/external/include_pose/INCLUDE/Pose_Signs/Home/37. Book/MVI_4401.pkl,data/processed/landmarks/include/BOOK/1a8bd1c6a8a3.npz,57,0.0,0.0,0.8246,1.0,,
ef1d3c412094,BOOK,include,video,,include:clip:ef1d3c412094,data/external/include_pose/INCLUDE/Pose_Signs/Home/37. Book/MVI_8804.pkl,data/processed/landmarks/include/BOOK/ef1d3c412094.npz,68,0.0,0.0,0.5735,1.0,,
2bd38528464a,BOOK,include,video,,include:clip:2bd38528464a,data/external/include_pose/INCLUDE/Pose_Signs/Home/37. Book/MVI_8807.pkl,data/processed/landmarks/include/BOOK/2bd38528464a.npz,68,0.0,0.0,0.75,1.0,,
c30b088493be,BOOK,include,video,,include:clip:c30b088493be,data/external/include_pose/INCLUDE/Pose_Signs/Home/37. Book/MVI_8806.pkl,data/processed/landmarks/include/BOOK/c30b088493be.npz,70,0.0,0.0,0.5286,1.0,,
9b1f66b625eb,BOOK,include,video,,include:clip:9b1f66b625eb,data/external/include_pose/INCLUDE/Pose_Signs/Home/37. Book/MVI_4916.pkl,data/processed/landmarks/include/BOOK/9b1f66b625eb.npz,51,0.0,0.0,0.8235,1.0,,
9f8466fe38ac,BOOK,include,video,,include:clip:9f8466fe38ac,data/external/include_pose/INCLUDE/Pose_Signs/Home/37. Book/MVI_4915.pkl,data/processed/landmarks/include/BOOK/9f8466fe38ac.npz,50,0.0,0.0,0.88,1.0,,
6075588f7e21,PAGE,include,video,,include:clip:6075588f7e21,data/external/include_pose/INCLUDE/Pose_Signs/Home/38. Page/MVI_9045.pkl,data/processed/landmarks/include/PAGE/6075588f7e21.npz,101,0.0,0.0,0.9109,1.0,,
18fed6e299ec,PAGE,include,video,,include:clip:18fed6e299ec,data/external/include_pose/INCLUDE/Pose_Signs/Home/38. Page/MVI_9046.pkl,data/processed/landmarks/include/PAGE/18fed6e299ec.npz,85,0.0,0.0,0.8706,1.0,,
caaecaa31de3,PAGE,include,video,,include:clip:caaecaa31de3,data/external/include_pose/INCLUDE/Pose_Signs/Home/38. Page/MVI_4920.pkl,data/processed/landmarks/include/PAGE/caaecaa31de3.npz,66,0.0,0.0,0.7576,1.0,,
c8770f33660b,PAGE,include,video,,include:clip:c8770f33660b,data/external/include_pose/INCLUDE/Pose_Signs/Home/38. Page/MVI_8809.pkl,data/processed/landmarks/include/PAGE/c8770f33660b.npz,107,0.0,0.0,0.8505,1.0,,
8e77b0f1a621,PAGE,include,video,,include:clip:8e77b0f1a621,data/external/include_pose/INCLUDE/Pose_Signs/Home/38. Page/MVI_4921.pkl,data/processed/landmarks/include/PAGE/8e77b0f1a621.npz,64,0.0,0.0,0.8125,1.0,,
87e9f37acdfe,PAGE,include,video,,include:clip:87e9f37acdfe,data/external/include_pose/INCLUDE/Pose_Signs/Home/38. Page/MVI_4405.pkl,data/processed/landmarks/include/PAGE/87e9f37acdfe.npz,71,0.0,0.0,0.9859,1.0,,
73dc31211ed0,PAGE,include,video,,include:clip:73dc31211ed0,data/external/include_pose/INCLUDE/Pose_Signs/Home/38. Page/MVI_4404.pkl,data/processed/landmarks/include/PAGE/73dc31211ed0.npz,82,0.0,0.0,0.9634,1.0,,
783c062ed05e,PAGE,include,video,,include:clip:783c062ed05e,data/external/include_pose/INCLUDE/Pose_Signs/Home/38. Page/MVI_4407.pkl,data/processed/landmarks/include/PAGE/783c062ed05e.npz,74,0.0,0.0,1.0,1.0,,
671bff3d4e34,PAGE,include,video,,include:clip:671bff3d4e34,data/external/include_pose/INCLUDE/Pose_Signs/Home/38. Page/MVI_8810.pkl,data/processed/landmarks/include/PAGE/671bff3d4e34.npz,110,0.0,0.0,0.9,1.0,,
443212d47799,PAGE,include,video,,include:clip:443212d47799,data/external/include_pose/INCLUDE/Pose_Signs/Home/38. Page/MVI_8811.pkl,data/processed/landmarks/include/PAGE/443212d47799.npz,105,0.0,0.0,0.8095,1.0,,
73544999fcc1,PAGE,include,video,,include:clip:73544999fcc1,data/external/include_pose/INCLUDE/Pose_Signs/Home/38. Page/MVI_8812.pkl,data/processed/landmarks/include/PAGE/73544999fcc1.npz,107,0.0,0.0,0.8411,1.0,,
e7b1f851aeca,LOCK,include,video,,include:clip:e7b1f851aeca,data/external/include_pose/INCLUDE/Pose_Signs/Home/43. Lock/MVI_8831.pkl,data/processed/landmarks/include/LOCK/e7b1f851aeca.npz,69,0.0,0.0,0.4638,1.0,low_hand_detection,
f0c762258b97,LOCK,include,video,,include:clip:f0c762258b97,data/external/include_pose/INCLUDE/Pose_Signs/Home/43. Lock/MVI_8830.pkl,data/processed/landmarks/include/LOCK/f0c762258b97.npz,62,0.0,0.0,0.5968,1.0,,
bfc436505f64,LOCK,include,video,,include:clip:bfc436505f64,data/external/include_pose/INCLUDE/Pose_Signs/Home/43. Lock/MVI_8833.pkl,data/processed/landmarks/include/LOCK/bfc436505f64.npz,62,0.0,0.0,0.7097,1.0,,
009f343ce9fe,LOCK,include,video,,include:clip:009f343ce9fe,data/external/include_pose/INCLUDE/Pose_Signs/Home/43. Lock/MVI_4937.pkl,data/processed/landmarks/include/LOCK/009f343ce9fe.npz,50,0.0,0.0,1.0,1.0,,
f694215e5aab,LOCK,include,video,,include:clip:f694215e5aab,data/external/include_pose/INCLUDE/Pose_Signs/Home/43. Lock/MVI_4936.pkl,data/processed/landmarks/include/LOCK/f694215e5aab.npz,57,0.0,0.0,0.9123,1.0,,
0ee2ee9b7978,LOCK,include,video,,include:clip:0ee2ee9b7978,data/external/include_pose/INCLUDE/Pose_Signs/Home/43. Lock/MVI_4424.pkl,data/processed/landmarks/include/LOCK/0ee2ee9b7978.npz,48,0.0,0.0,0.875,1.0,,
977344c7d135,LOCK,include,video,,include:clip:977344c7d135,data/external/include_pose/INCLUDE/Pose_Signs/Home/43. Lock/MVI_4425.pkl,data/processed/landmarks/include/LOCK/977344c7d135.npz,48,0.0,0.0,0.9583,1.0,,
c47620c38836,LOCK,include,video,,include:clip:c47620c38836,data/external/include_pose/INCLUDE/Pose_Signs/Home/43. Lock/MVI_4426.pkl,data/processed/landmarks/include/LOCK/c47620c38836.npz,49,0.0,0.0,0.898,1.0,,
9741801b2723,LOCK,include,video,,include:clip:9741801b2723,data/external/include_pose/INCLUDE/Pose_Signs/Home/43. Lock/MVI_9062.pkl,data/processed/landmarks/include/LOCK/9741801b2723.npz,65,0.0,0.0,0.9538,1.0,,
393e9648c92c,LOCK,include,video,,include:clip:393e9648c92c,data/external/include_pose/INCLUDE/Pose_Signs/Home/43. Lock/MVI_9060.pkl,data/processed/landmarks/include/LOCK/393e9648c92c.npz,61,0.0,0.0,0.9344,1.0,,
892c46153d1f,LOCK,include,video,,include:clip:892c46153d1f,data/external/include_pose/INCLUDE/Pose_Signs/Home/43. Lock/MVI_9061.pkl,data/processed/landmarks/include/LOCK/892c46153d1f.npz,63,0.0,0.0,0.9048,1.0,,
55964c42fcfc,DOOR,include,video,,include:clip:55964c42fcfc,data/external/include_pose/INCLUDE/Pose_Signs/Home/29. Door/MVI_4885.pkl,data/processed/landmarks/include/DOOR/55964c42fcfc.npz,49,0.0,0.0,1.0,1.0,,
ffc891241ac5,DOOR,include,video,,include:clip:ffc891241ac5,data/external/include_pose/INCLUDE/Pose_Signs/Home/29. Door/MVI_4884.pkl,data/processed/landmarks/include/DOOR/ffc891241ac5.npz,43,0.0,0.0,1.0,1.0,,
c0252799a1ec,DOOR,include,video,,include:clip:c0252799a1ec,data/external/include_pose/INCLUDE/Pose_Signs/Home/29. Door/MVI_8771.pkl,data/processed/landmarks/include/DOOR/c0252799a1ec.npz,89,0.0,0.0,0.7753,1.0,,
577c14186373,DOOR,include,video,,include:clip:577c14186373,data/external/include_pose/INCLUDE/Pose_Signs/Home/29. Door/MVI_8773.pkl,data/processed/landmarks/include/DOOR/577c14186373.npz,68,0.0,0.0,0.3971,1.0,low_hand_detection,
d789f9cdeee8,DOOR,include,video,,include:clip:d789f9cdeee8,data/external/include_pose/INCLUDE/Pose_Signs/Home/29. Door/MVI_8772.pkl,data/processed/landmarks/include/DOOR/d789f9cdeee8.npz,74,0.0,0.0,0.6892,1.0,,
f216e9e7c35f,DOOR,include,video,,include:clip:f216e9e7c35f,data/external/include_pose/INCLUDE/Pose_Signs/Home/29. Door/MVI_4366.pkl,data/processed/landmarks/include/DOOR/f216e9e7c35f.npz,57,0.0,0.0,1.0,1.0,,
fb130a0b2321,DOOR,include,video,,include:clip:fb130a0b2321,data/external/include_pose/INCLUDE/Pose_Signs/Home/29. Door/MVI_9018.pkl,data/processed/landmarks/include/DOOR/fb130a0b2321.npz,75,0.0,0.0,1.0,1.0,,
0babca7282fb,DOOR,include,video,,include:clip:0babca7282fb,data/external/include_pose/INCLUDE/Pose_Signs/Home/29. Door/MVI_4367.pkl,data/processed/landmarks/include/DOOR/0babca7282fb.npz,51,0.0,0.0,1.0,1.0,,
b67606b31991,DOOR,include,video,,include:clip:b67606b31991,data/external/include_pose/INCLUDE/Pose_Signs/Home/29. Door/MVI_9017.pkl,data/processed/landmarks/include/DOOR/b67606b31991.npz,69,0.0,0.0,1.0,1.0,,
3e4d449fe159,DOOR,include,video,,include:clip:3e4d449fe159,data/external/include_pose/INCLUDE/Pose_Signs/Home/29. Door/MVI_9016.pkl,data/processed/landmarks/include/DOOR/3e4d449fe159.npz,69,0.0,0.0,1.0,1.0,,
98b58280590f,DOOR,include,video,,include:clip:98b58280590f,data/external/include_pose/INCLUDE/Pose_Signs/Home/29. Door/MVI_4368.pkl,data/processed/landmarks/include/DOOR/98b58280590f.npz,50,0.0,0.0,1.0,1.0,,
c8959089a1eb,WINDOW,include,video,,include:clip:c8959089a1eb,data/external/include_pose/INCLUDE/Pose_Signs/Home/28. Window/MVI_4881.pkl,data/processed/landmarks/include/WINDOW/c8959089a1eb.npz,72,0.0,0.0,0.875,1.0,,
6c0ef2071481,WINDOW,include,video,,include:clip:6c0ef2071481,data/external/include_pose/INCLUDE/Pose_Signs/Home/28. Window/MVI_8767.pkl,data/processed/landmarks/include/WINDOW/6c0ef2071481.npz,99,0.0,0.0,0.5859,1.0,,
b63d7186aa10,WINDOW,include,video,,include:clip:b63d7186aa10,data/external/include_pose/INCLUDE/Pose_Signs/Home/28. Window/MVI_4882.pkl,data/processed/landmarks/include/WINDOW/b63d7186aa10.npz,67,0.0,0.0,0.8209,1.0,,
616a14943767,WINDOW,include,video,,include:clip:616a14943767,data/external/include_pose/INCLUDE/Pose_Signs/Home/28. Window/MVI_8766.pkl,data/processed/landmarks/include/WINDOW/616a14943767.npz,100,0.0,0.0,0.72,1.0,,
a39ffb9e75cc,WINDOW,include,video,,include:clip:a39ffb9e75cc,data/external/include_pose/INCLUDE/Pose_Signs/Home/28. Window/MVI_4365.pkl,data/processed/landmarks/include/WINDOW/a39ffb9e75cc.npz,81,0.0,0.0,0.9259,1.0,,
7859b09c7b6f,WINDOW,include,video,,include:clip:7859b09c7b6f,data/external/include_pose/INCLUDE/Pose_Signs/Home/28. Window/MVI_4363.pkl,data/processed/landmarks/include/WINDOW/7859b09c7b6f.npz,70,0.0,0.0,0.8857,1.0,,
030c86df598f,WINDOW,include,video,,include:clip:030c86df598f,data/external/include_pose/INCLUDE/Pose_Signs/Home/28. Window/MVI_9013.pkl,data/processed/landmarks/include/WINDOW/030c86df598f.npz,72,0.0,0.0,0.9306,1.0,,
578c38307f29,WINDOW,include,video,,include:clip:578c38307f29,data/external/include_pose/INCLUDE/Pose_Signs/Home/28. Window/MVI_9014.pkl,data/processed/landmarks/include/WINDOW/578c38307f29.npz,80,0.0,0.0,0.9,1.0,,
baa72ba887cc,WINDOW,include,video,,include:clip:baa72ba887cc,data/external/include_pose/INCLUDE/Pose_Signs/Home/28. Window/MVI_9015.pkl,data/processed/landmarks/include/WINDOW/baa72ba887cc.npz,85,0.0,0.0,0.9059,1.0,,
eadf1290803c,WINDOW,include,video,,include:clip:eadf1290803c,data/external/include_pose/INCLUDE/Pose_Signs/Home/28. Window/MVI_8768.pkl,data/processed/landmarks/include/WINDOW/eadf1290803c.npz,104,0.0,0.0,0.8173,1.0,,
49ce74a9cf43,WINDOW,include,video,,include:clip:49ce74a9cf43,data/external/include_pose/INCLUDE/Pose_Signs/Home/28. Window/MVI_8769.pkl,data/processed/landmarks/include/WINDOW/49ce74a9cf43.npz,101,0.0,0.0,0.7921,1.0,,
32e51e2f0b00,PAINT,include,video,,include:clip:32e51e2f0b00,data/external/include_pose/INCLUDE/Pose_Signs/Home/40. Paint/MVI_8819.pkl,data/processed/landmarks/include/PAINT/32e51e2f0b00.npz,70,0.0,0.0,0.5429,1.0,,
745c153206a5,PAINT,include,video,,include:clip:745c153206a5,data/external/include_pose/INCLUDE/Pose_Signs/Home/40. Paint/MVI_9051.pkl,data/processed/landmarks/include/PAINT/745c153206a5.npz,70,0.0,0.0,0.8857,1.0,,
ea2e5bae05aa,PAINT,include,video,,include:clip:ea2e5bae05aa,data/external/include_pose/INCLUDE/Pose_Signs/Home/40. Paint/MVI_8818.pkl,data/processed/landmarks/include/PAINT/ea2e5bae05aa.npz,69,0.0,0.0,0.6522,1.0,,
eb51362ef6a9,PAINT,include,video,,include:clip:eb51362ef6a9,data/external/include_pose/INCLUDE/Pose_Signs/Home/40. Paint/MVI_9053.pkl,data/processed/landmarks/include/PAINT/eb51362ef6a9.npz,72,0.0,0.0,0.8889,1.0,,
1d2b71743566,PAINT,include,video,,include:clip:1d2b71743566,data/external/include_pose/INCLUDE/Pose_Signs/Home/40. Paint/MVI_4927.pkl,data/processed/landmarks/include/PAINT/1d2b71743566.npz,65,0.0,0.0,0.8615,1.0,,
f95c03fb80ce,PAINT,include,video,,include:clip:f95c03fb80ce,data/external/include_pose/INCLUDE/Pose_Signs/Home/40. Paint/MVI_8820.pkl,data/processed/landmarks/include/PAINT/f95c03fb80ce.npz,66,0.0,0.0,0.6818,1.0,,
78c50e8510d1,PAINT,include,video,,include:clip:78c50e8510d1,data/external/include_pose/INCLUDE/Pose_Signs/Home/40. Paint/MVI_8821.pkl,data/processed/landmarks/include/PAINT/78c50e8510d1.npz,73,0.0,0.0,0.6027,1.0,,
0e87eef5d680,PAINT,include,video,,include:clip:0e87eef5d680,data/external/include_pose/INCLUDE/Pose_Signs/Home/40. Paint/MVI_4414.pkl,data/processed/landmarks/include/PAINT/0e87eef5d680.npz,54,0.0,0.0,0.8704,1.0,,
9cebab536667,PAINT,include,video,,include:clip:9cebab536667,data/external/include_pose/INCLUDE/Pose_Signs/Home/40. Paint/MVI_4415.pkl,data/processed/landmarks/include/PAINT/9cebab536667.npz,58,0.0,0.0,0.9483,1.0,,
66ffbac03ac2,PAINT,include,video,,include:clip:66ffbac03ac2,data/external/include_pose/INCLUDE/Pose_Signs/Home/40. Paint/MVI_4412.pkl,data/processed/landmarks/include/PAINT/66ffbac03ac2.npz,56,0.0,0.0,0.875,1.0,,
191a6e4ed80a,PAINT,include,video,,include:clip:191a6e4ed80a,data/external/include_pose/INCLUDE/Pose_Signs/Home/40. Paint/MVI_8817.pkl,data/processed/landmarks/include/PAINT/191a6e4ed80a.npz,76,0.0,0.0,0.6184,1.0,,
eb2dba49f588,PAINT,include,video,,include:clip:eb2dba49f588,data/external/include_pose/INCLUDE/Pose_Signs/Home/40. Paint/MVI_4928.pkl,data/processed/landmarks/include/PAINT/eb2dba49f588.npz,57,0.0,0.0,0.9123,1.0,,
e0143abf2758,RING,include,video,,include:clip:e0143abf2758,data/external/include_pose/INCLUDE/Pose_Signs/Home/49. Ring/MVI_9087.pkl,data/processed/landmarks/include/RING/e0143abf2758.npz,65,0.0,0.0,0.8923,1.0,,
1fa404075880,RING,include,video,,include:clip:1fa404075880,data/external/include_pose/INCLUDE/Pose_Signs/Home/49. Ring/MVI_9086.pkl,data/processed/landmarks/include/RING/1fa404075880.npz,67,0.0,0.0,0.8955,1.0,,
5c1cacc9daec,RING,include,video,,include:clip:5c1cacc9daec,data/external/include_pose/INCLUDE/Pose_Signs/Home/49. Ring/MVI_4449.pkl,data/processed/landmarks/include/RING/5c1cacc9daec.npz,50,0.0,0.0,0.92,1.0,,
4a2905afbad5,RING,include,video,,include:clip:4a2905afbad5,data/external/include_pose/INCLUDE/Pose_Signs/Home/49. Ring/MVI_9085.pkl,data/processed/landmarks/include/RING/4a2905afbad5.npz,70,0.0,0.0,0.8857,1.0,,
92125daede46,RING,include,video,,include:clip:92125daede46,data/external/include_pose/INCLUDE/Pose_Signs/Home/49. Ring/MVI_4953.pkl,data/processed/landmarks/include/RING/92125daede46.npz,56,0.0,0.0,0.9286,1.0,,
afdb1dd35943,RING,include,video,,include:clip:afdb1dd35943,data/external/include_pose/INCLUDE/Pose_Signs/Home/49. Ring/MVI_4954.pkl,data/processed/landmarks/include/RING/afdb1dd35943.npz,55,0.0,0.0,0.9273,1.0,,
57f9abec0cc9,RING,include,video,,include:clip:57f9abec0cc9,data/external/include_pose/INCLUDE/Pose_Signs/Home/49. Ring/MVI_4955.pkl,data/processed/landmarks/include/RING/57f9abec0cc9.npz,54,0.0,0.0,0.7593,1.0,,
6de184b560ab,RING,include,video,,include:clip:6de184b560ab,data/external/include_pose/INCLUDE/Pose_Signs/Home/49. Ring/MVI_8856.pkl,data/processed/landmarks/include/RING/6de184b560ab.npz,87,0.0,0.0,0.7241,1.0,,
116d73e6b5c8,RING,include,video,,include:clip:116d73e6b5c8,data/external/include_pose/INCLUDE/Pose_Signs/Home/49. Ring/MVI_8859.pkl,data/processed/landmarks/include/RING/116d73e6b5c8.npz,61,0.0,0.0,0.8197,1.0,,
40810fd7deed,RING,include,video,,include:clip:40810fd7deed,data/external/include_pose/INCLUDE/Pose_Signs/Home/49. Ring/MVI_4450.pkl,data/processed/landmarks/include/RING/40810fd7deed.npz,54,0.0,0.0,0.9259,1.0,,
49e4671cbdb4,RING,include,video,,include:clip:49e4671cbdb4,data/external/include_pose/INCLUDE/Pose_Signs/Home/49. Ring/MVI_4451.pkl,data/processed/landmarks/include/RING/49e4671cbdb4.npz,53,0.0,0.0,0.9245,1.0,,
4d710eb36a61,TOOL,include,video,,include:clip:4d710eb36a61,data/external/include_pose/INCLUDE/Pose_Signs/Home/50. Tool/MVI_9090.pkl,data/processed/landmarks/include/TOOL/4d710eb36a61.npz,72,0.0,0.0,0.9028,1.0,,
deb8c0a850b7,TOOL,include,video,,include:clip:deb8c0a850b7,data/external/include_pose/INCLUDE/Pose_Signs/Home/50. Tool/MVI_4957.pkl,data/processed/landmarks/include/TOOL/deb8c0a850b7.npz,68,0.0,0.0,0.7941,1.0,,
20d8a9f51086,TOOL,include,video,,include:clip:20d8a9f51086,data/external/include_pose/INCLUDE/Pose_Signs/Home/50. Tool/MVI_4956.pkl,data/processed/landmarks/include/TOOL/20d8a9f51086.npz,59,0.0,0.0,0.7458,1.0,,
796711df8230,TOOL,include,video,,include:clip:796711df8230,data/external/include_pose/INCLUDE/Pose_Signs/Home/50. Tool/MVI_4958.pkl,data/processed/landmarks/include/TOOL/796711df8230.npz,62,0.0,0.0,0.7903,1.0,,
a77926a7bef0,TOOL,include,video,,include:clip:a77926a7bef0,data/external/include_pose/INCLUDE/Pose_Signs/Home/50. Tool/MVI_8861.pkl,data/processed/landmarks/include/TOOL/a77926a7bef0.npz,82,0.0,0.0,0.7317,1.0,,
0f797bb92874,TOOL,include,video,,include:clip:0f797bb92874,data/external/include_pose/INCLUDE/Pose_Signs/Home/50. Tool/MVI_8860.pkl,data/processed/landmarks/include/TOOL/0f797bb92874.npz,95,0.0,0.0,0.8,1.0,,
5d833e0580da,TOOL,include,video,,include:clip:5d833e0580da,data/external/include_pose/INCLUDE/Pose_Signs/Home/50. Tool/MVI_8862.pkl,data/processed/landmarks/include/TOOL/5d833e0580da.npz,92,0.0,0.0,0.8261,1.0,,
5abb4af5df10,TOOL,include,video,,include:clip:5abb4af5df10,data/external/include_pose/INCLUDE/Pose_Signs/Home/50. Tool/MVI_4455.pkl,data/processed/landmarks/include/TOOL/5abb4af5df10.npz,71,0.0,0.0,0.9718,1.0,,
5487b3aa7978,TOOL,include,video,,include:clip:5487b3aa7978,data/external/include_pose/INCLUDE/Pose_Signs/Home/50. Tool/MVI_4454.pkl,data/processed/landmarks/include/TOOL/5487b3aa7978.npz,66,0.0,0.0,0.9697,1.0,,
763ab0699d79,TOOL,include,video,,include:clip:763ab0699d79,data/external/include_pose/INCLUDE/Pose_Signs/Home/50. Tool/MVI_4453.pkl,data/processed/landmarks/include/TOOL/763ab0699d79.npz,64,0.0,0.0,0.9219,1.0,,
0794ae42fcc5,TOOL,include,video,,include:clip:0794ae42fcc5,data/external/include_pose/INCLUDE/Pose_Signs/Home/50. Tool/MVI_9088.pkl,data/processed/landmarks/include/TOOL/0794ae42fcc5.npz,71,0.0,0.0,0.8873,1.0,,
8dff0b3f0cc0,PENCIL,include,video,,include:clip:8dff0b3f0cc0,data/external/include_pose/INCLUDE/Pose_Signs/Home/33. Pencil/MVI_8789.pkl,data/processed/landmarks/include/PENCIL/8dff0b3f0cc0.npz,63,0.0,0.0,0.381,1.0,low_hand_detection,
3eca01df3794,PENCIL,include,video,,include:clip:3eca01df3794,data/external/include_pose/INCLUDE/Pose_Signs/Home/33. Pencil/MVI_8788.pkl,data/processed/landmarks/include/PENCIL/3eca01df3794.npz,59,0.0,0.0,0.5254,1.0,,
64a1892cb5ed,PENCIL,include,video,,include:clip:64a1892cb5ed,data/external/include_pose/INCLUDE/Pose_Signs/Home/33. Pencil/MVI_9031.pkl,data/processed/landmarks/include/PENCIL/64a1892cb5ed.npz,65,0.0,0.0,1.0,1.0,,
a8e94564cd8e,PENCIL,include,video,,include:clip:a8e94564cd8e,data/external/include_pose/INCLUDE/Pose_Signs/Home/33. Pencil/MVI_4384.pkl,data/processed/landmarks/include/PENCIL/a8e94564cd8e.npz,54,0.0,0.0,1.0,1.0,,
82364189df81,PENCIL,include,video,,include:clip:82364189df81,data/external/include_pose/INCLUDE/Pose_Signs/Home/33. Pencil/MVI_4385.pkl,data/processed/landmarks/include/PENCIL/82364189df81.npz,52,0.0,0.0,1.0,1.0,,
05d75e65bed4,PENCIL,include,video,,include:clip:05d75e65bed4,data/external/include_pose/INCLUDE/Pose_Signs/Home/33. Pencil/MVI_9029.pkl,data/processed/landmarks/include/PENCIL/05d75e65bed4.npz,63,0.0,0.0,1.0,1.0,,
b40347c82d8e,PENCIL,include,video,,include:clip:b40347c82d8e,data/external/include_pose/INCLUDE/Pose_Signs/Home/33. Pencil/MVI_4383.pkl,data/processed/landmarks/include/PENCIL/b40347c82d8e.npz,65,0.0,0.0,1.0,1.0,,
29a85965918b,PENCIL,include,video,,include:clip:29a85965918b,data/external/include_pose/INCLUDE/Pose_Signs/Home/33. Pencil/MVI_4905.pkl,data/processed/landmarks/include/PENCIL/29a85965918b.npz,55,0.0,0.0,1.0,1.0,,
ee61fe81fb63,PENCIL,include,video,,include:clip:ee61fe81fb63,data/external/include_pose/INCLUDE/Pose_Signs/Home/33. Pencil/MVI_8786.pkl,data/processed/landmarks/include/PENCIL/ee61fe81fb63.npz,66,0.0,0.0,0.5,1.0,,
c725ba54692b,PENCIL,include,video,,include:clip:c725ba54692b,data/external/include_pose/INCLUDE/Pose_Signs/Home/33. Pencil/MVI_8787.pkl,data/processed/landmarks/include/PENCIL/c725ba54692b.npz,61,0.0,0.0,0.541,1.0,,
1c80ea772d96,PENCIL,include,video,,include:clip:1c80ea772d96,data/external/include_pose/INCLUDE/Pose_Signs/Home/33. Pencil/MVI_4903.pkl,data/processed/landmarks/include/PENCIL/1c80ea772d96.npz,52,0.0,0.0,1.0,1.0,,
1ff42bb64769,PHOTOGRAPH,include,video,,include:clip:1ff42bb64769,data/external/include_pose/INCLUDE/Pose_Signs/Home/35. Photograph/MVI_8798.pkl,data/processed/landmarks/include/PHOTOGRAPH/1ff42bb64769.npz,69,0.0,0.0,0.5507,1.0,,
6dfa2dab617f,PHOTOGRAPH,include,video,,include:clip:6dfa2dab617f,data/external/include_pose/INCLUDE/Pose_Signs/Home/35. Photograph/MVI_4909.pkl,data/processed/landmarks/include/PHOTOGRAPH/6dfa2dab617f.npz,59,0.0,0.0,0.8644,1.0,,
c009bc1c151d,PHOTOGRAPH,include,video,,include:clip:c009bc1c151d,data/external/include_pose/INCLUDE/Pose_Signs/Home/35. Photograph/MVI_9035.pkl,data/processed/landmarks/include/PHOTOGRAPH/c009bc1c151d.npz,65,0.0,0.0,0.9385,1.0,,
785714d03e79,PHOTOGRAPH,include,video,,include:clip:785714d03e79,data/external/include_pose/INCLUDE/Pose_Signs/Home/35. Photograph/MVI_9036.pkl,data/processed/landmarks/include/PHOTOGRAPH/785714d03e79.npz,72,0.0,0.0,0.9028,1.0,,
6820346cf7db,PHOTOGRAPH,include,video,,include:clip:6820346cf7db,data/external/include_pose/INCLUDE/Pose_Signs/Home/35. Photograph/MVI_9037.pkl,data/processed/landmarks/include/PHOTOGRAPH/6820346cf7db.npz,73,0.0,0.0,0.9041,1.0,,
6998de41405d,PHOTOGRAPH,include,video,,include:clip:6998de41405d,data/external/include_pose/INCLUDE/Pose_Signs/Home/35. Photograph/MVI_4393.pkl,data/processed/landmarks/include/PHOTOGRAPH/6998de41405d.npz,66,0.0,0.0,1.0,1.0,,
84cfc5e191ff,PHOTOGRAPH,include,video,,include:clip:84cfc5e191ff,data/external/include_pose/INCLUDE/Pose_Signs/Home/35. Photograph/MVI_4392.pkl,data/processed/landmarks/include/PHOTOGRAPH/84cfc5e191ff.npz,61,0.0,0.0,1.0,1.0,,
a6fd37c5e70c,PHOTOGRAPH,include,video,,include:clip:a6fd37c5e70c,data/external/include_pose/INCLUDE/Pose_Signs/Home/35. Photograph/MVI_4391.pkl,data/processed/landmarks/include/PHOTOGRAPH/a6fd37c5e70c.npz,62,0.0,0.0,0.9839,1.0,,
37aec30266c8,PHOTOGRAPH,include,video,,include:clip:37aec30266c8,data/external/include_pose/INCLUDE/Pose_Signs/Home/35. Photograph/MVI_4394.pkl,data/processed/landmarks/include/PHOTOGRAPH/37aec30266c8.npz,60,0.0,0.0,0.9667,1.0,,
ac495b59cb91,PHOTOGRAPH,include,video,,include:clip:ac495b59cb91,data/external/include_pose/INCLUDE/Pose_Signs/Home/35. Photograph/MVI_4911.pkl,data/processed/landmarks/include/PHOTOGRAPH/ac495b59cb91.npz,60,0.0,0.0,0.7,1.0,,
1f284a02a9f1,PHOTOGRAPH,include,video,,include:clip:1f284a02a9f1,data/external/include_pose/INCLUDE/Pose_Signs/Home/35. Photograph/MVI_8796.pkl,data/processed/landmarks/include/PHOTOGRAPH/1f284a02a9f1.npz,75,0.0,0.0,0.6,1.0,,
bef6d9e98572,CHAIR,include,video,,include:clip:bef6d9e98572,data/external/include_pose/INCLUDE/Pose_Signs/Home/25. Chair/MVI_4348.pkl,data/processed/landmarks/include/CHAIR/bef6d9e98572.npz,52,0.0,0.0,0.8846,1.0,,
d4a676c867a5,CHAIR,include,video,,include:clip:d4a676c867a5,data/external/include_pose/INCLUDE/Pose_Signs/Home/25. Chair/MVI_4349.pkl,data/processed/landmarks/include/CHAIR/d4a676c867a5.npz,42,0.0,0.0,0.9286,1.0,,
954c0fcf2a6f,CHAIR,include,video,,include:clip:954c0fcf2a6f,data/external/include_pose/INCLUDE/Pose_Signs/Home/25. Chair/MVI_4350.pkl,data/processed/landmarks/include/CHAIR/954c0fcf2a6f.npz,49,0.0,0.0,0.9388,1.0,,
fd94b68e5ab7,CHAIR,include,video,,include:clip:fd94b68e5ab7,data/external/include_pose/INCLUDE/Pose_Signs/Home/25. Chair/MVI_9004.pkl,data/processed/landmarks/include/CHAIR/fd94b68e5ab7.npz,54,0.0,0.0,0.8704,1.0,,
c87f0c1d94dd,CHAIR,include,video,,include:clip:c87f0c1d94dd,data/external/include_pose/INCLUDE/Pose_Signs/Home/25. Chair/MVI_8757.pkl,data/processed/landmarks/include/CHAIR/c87f0c1d94dd.npz,60,0.0,0.0,0.5167,1.0,,
fa228dc5e730,CHAIR,include,video,,include:clip:fa228dc5e730,data/external/include_pose/INCLUDE/Pose_Signs/Home/25. Chair/MVI_8756.pkl,data/processed/landmarks/include/CHAIR/fa228dc5e730.npz,50,0.0,0.0,0.42,1.0,low_hand_detection,
0c3af74af607,CHAIR,include,video,,include:clip:0c3af74af607,data/external/include_pose/INCLUDE/Pose_Signs/Home/25. Chair/MVI_8754.pkl,data/processed/landmarks/include/CHAIR/0c3af74af607.npz,59,0.0,0.0,0.3898,1.0,low_hand_detection,
81893227a6be,CHAIR,include,video,,include:clip:81893227a6be,data/external/include_pose/INCLUDE/Pose_Signs/Home/25. Chair/MVI_4873.pkl,data/processed/landmarks/include/CHAIR/81893227a6be.npz,55,0.0,0.0,0.8727,1.0,,
66865f12bd9e,CHAIR,include,video,,include:clip:66865f12bd9e,data/external/include_pose/INCLUDE/Pose_Signs/Home/25. Chair/MVI_4872.pkl,data/processed/landmarks/include/CHAIR/66865f12bd9e.npz,52,0.0,0.0,0.7692,1.0,,
7c02ddbc8713,CHAIR,include,video,,include:clip:7c02ddbc8713,data/external/include_pose/INCLUDE/Pose_Signs/Home/25. Chair/MVI_8755.pkl,data/processed/landmarks/include/CHAIR/7c02ddbc8713.npz,66,0.0,0.0,0.2424,1.0,low_hand_detection,
6236354d5306,CHAIR,include,video,,include:clip:6236354d5306,data/external/include_pose/INCLUDE/Pose_Signs/Home/25. Chair/MVI_4874.pkl,data/processed/landmarks/include/CHAIR/6236354d5306.npz,51,0.0,0.0,0.8431,1.0,,
87fbf540a0cc,KEY,include,video,,include:clip:87fbf540a0cc,data/external/include_pose/INCLUDE/Pose_Signs/Home/39. Key/MVI_9050.pkl,data/processed/landmarks/include/KEY/87fbf540a0cc.npz,69,0.0,0.0,1.0,1.0,,
e3e29fc0bde9,KEY,include,video,,include:clip:e3e29fc0bde9,data/external/include_pose/INCLUDE/Pose_Signs/Home/39. Key/MVI_4924.pkl,data/processed/landmarks/include/KEY/e3e29fc0bde9.npz,43,0.0,0.0,1.0,1.0,,
8d89d2f3e615,KEY,include,video,,include:clip:8d89d2f3e615,data/external/include_pose/INCLUDE/Pose_Signs/Home/39. Key/MVI_4923.pkl,data/processed/landmarks/include/KEY/8d89d2f3e615.npz,42,0.0,0.0,1.0,1.0,,
c1ed8c349970,KEY,include,video,,include:clip:c1ed8c349970,data/external/include_pose/INCLUDE/Pose_Signs/Home/39. Key/MVI_4411.pkl,data/processed/landmarks/include/KEY/c1ed8c349970.npz,53,0.0,0.0,1.0,1.0,,
d0207407f6ee,KEY,include,video,,include:clip:d0207407f6ee,data/external/include_pose/INCLUDE/Pose_Signs/Home/39. Key/MVI_4410.pkl,data/processed/landmarks/include/KEY/d0207407f6ee.npz,49,0.0,0.0,1.0,1.0,,
f046868c67cf,KEY,include,video,,include:clip:f046868c67cf,data/external/include_pose/INCLUDE/Pose_Signs/Home/39. Key/MVI_4408.pkl,data/processed/landmarks/include/KEY/f046868c67cf.npz,50,0.0,0.0,1.0,1.0,,
2f107bdac6ad,KEY,include,video,,include:clip:2f107bdac6ad,data/external/include_pose/INCLUDE/Pose_Signs/Home/39. Key/MVI_8813.pkl,data/processed/landmarks/include/KEY/2f107bdac6ad.npz,62,0.0,0.0,0.7097,1.0,,
0234eaa79f4b,KEY,include,video,,include:clip:0234eaa79f4b,data/external/include_pose/INCLUDE/Pose_Signs/Home/39. Key/MVI_8815.pkl,data/processed/landmarks/include/KEY/0234eaa79f4b.npz,60,0.0,0.0,0.3667,1.0,low_hand_detection,
c2ccd14aaabd,KEY,include,video,,include:clip:c2ccd14aaabd,data/external/include_pose/INCLUDE/Pose_Signs/Home/39. Key/MVI_9048.pkl,data/processed/landmarks/include/KEY/c2ccd14aaabd.npz,57,0.0,0.0,1.0,1.0,,
60142aff1874,KEY,include,video,,include:clip:60142aff1874,data/external/include_pose/INCLUDE/Pose_Signs/Home/39. Key/MVI_9049.pkl,data/processed/landmarks/include/KEY/60142aff1874.npz,69,0.0,0.0,1.0,1.0,,
8ff8fb65fbe9,KEY,include,video,,include:clip:8ff8fb65fbe9,data/external/include_pose/INCLUDE/Pose_Signs/Home/39. Key/MVI_8814.pkl,data/processed/landmarks/include/KEY/8ff8fb65fbe9.npz,62,0.0,0.0,0.2742,1.0,low_hand_detection,
d2c0cc3da2b8,PAPER,include,video,,include:clip:d2c0cc3da2b8,data/external/include_pose/INCLUDE/Pose_Signs/Home/42. Paper/MVI_4932.pkl,data/processed/landmarks/include/PAPER/d2c0cc3da2b8.npz,63,0.0,0.0,0.8889,1.0,,
db3d24df6e91,PAPER,include,video,,include:clip:db3d24df6e91,data/external/include_pose/INCLUDE/Pose_Signs/Home/42. Paper/MVI_8826.pkl,data/processed/landmarks/include/PAPER/db3d24df6e91.npz,75,0.0,0.0,0.56,1.0,,
dd5d30392214,PAPER,include,video,,include:clip:dd5d30392214,data/external/include_pose/INCLUDE/Pose_Signs/Home/42. Paper/MVI_8827.pkl,data/processed/landmarks/include/PAPER/dd5d30392214.npz,72,0.0,0.0,0.5,1.0,,
c9d9ff5138e5,PAPER,include,video,,include:clip:c9d9ff5138e5,data/external/include_pose/INCLUDE/Pose_Signs/Home/42. Paper/MVI_4933.pkl,data/processed/landmarks/include/PAPER/c9d9ff5138e5.npz,66,0.0,0.0,0.8939,1.0,,
3e4cf740b7cb,PAPER,include,video,,include:clip:3e4cf740b7cb,data/external/include_pose/INCLUDE/Pose_Signs/Home/42. Paper/MVI_9057.pkl,data/processed/landmarks/include/PAPER/3e4cf740b7cb.npz,75,0.0,0.0,0.96,1.0,,
ca61b55ef7ac,PAPER,include,video,,include:clip:ca61b55ef7ac,data/external/include_pose/INCLUDE/Pose_Signs/Home/42. Paper/MVI_4934.pkl,data/processed/landmarks/include/PAPER/ca61b55ef7ac.npz,50,0.0,0.0,0.84,1.0,,
4e02d0b4ef00,PAPER,include,video,,include:clip:4e02d0b4ef00,data/external/include_pose/INCLUDE/Pose_Signs/Home/42. Paper/MVI_4421.pkl,data/processed/landmarks/include/PAPER/4e02d0b4ef00.npz,57,0.0,0.0,0.9825,1.0,,
e7116b07f27f,PAPER,include,video,,include:clip:e7116b07f27f,data/external/include_pose/INCLUDE/Pose_Signs/Home/42. Paper/MVI_4420.pkl,data/processed/landmarks/include/PAPER/e7116b07f27f.npz,56,0.0,0.0,0.9643,1.0,,
f4e5aff504a9,PAPER,include,video,,include:clip:f4e5aff504a9,data/external/include_pose/INCLUDE/Pose_Signs/Home/42. Paper/MVI_9058.pkl,data/processed/landmarks/include/PAPER/f4e5aff504a9.npz,72,0.0,0.0,0.9722,1.0,,
121faca8c62b,PAPER,include,video,,include:clip:121faca8c62b,data/external/include_pose/INCLUDE/Pose_Signs/Home/42. Paper/MVI_8829.pkl,data/processed/landmarks/include/PAPER/121faca8c62b.npz,68,0.0,0.0,0.6471,1.0,,
70e887ebd83f,PAPER,include,video,,include:clip:70e887ebd83f,data/external/include_pose/INCLUDE/Pose_Signs/Home/42. Paper/MVI_8828.pkl,data/processed/landmarks/include/PAPER/70e887ebd83f.npz,62,0.0,0.0,0.4839,1.0,low_hand_detection,
227de8783d55,TELEPHONE,include,video,,include:clip:227de8783d55,data/external/include_pose/INCLUDE/Pose_Signs/Home/44. Telephone/MVI_8837.pkl,data/processed/landmarks/include/TELEPHONE/227de8783d55.npz,67,0.0,0.0,0.3731,1.0,low_hand_detection,
ce8b486c8a30,TELEPHONE,include,video,,include:clip:ce8b486c8a30,data/external/include_pose/INCLUDE/Pose_Signs/Home/44. Telephone/MVI_8836.pkl,data/processed/landmarks/include/TELEPHONE/ce8b486c8a30.npz,58,0.0,0.0,0.9138,1.0,,
691b785310bb,TELEPHONE,include,video,,include:clip:691b785310bb,data/external/include_pose/INCLUDE/Pose_Signs/Home/44. Telephone/MVI_8835.pkl,data/processed/landmarks/include/TELEPHONE/691b785310bb.npz,59,0.0,0.0,0.7627,1.0,,
650abf52c263,TELEPHONE,include,video,,include:clip:650abf52c263,data/external/include_pose/INCLUDE/Pose_Signs/Home/44. Telephone/MVI_4429.pkl,data/processed/landmarks/include/TELEPHONE/650abf52c263.npz,45,0.0,0.0,1.0,1.0,,
1f6009bddc7d,TELEPHONE,include,video,,include:clip:1f6009bddc7d,data/external/include_pose/INCLUDE/Pose_Signs/Home/44. Telephone/MVI_4940.pkl,data/processed/landmarks/include/TELEPHONE/1f6009bddc7d.npz,48,0.0,0.0,0.8542,1.0,,
6a38235d2770,TELEPHONE,include,video,,include:clip:6a38235d2770,data/external/include_pose/INCLUDE/Pose_Signs/Home/44. Telephone/MVI_4430.pkl,data/processed/landmarks/include/TELEPHONE/6a38235d2770.npz,44,0.0,0.0,1.0,1.0,,
87629014fbda,TELEPHONE,include,video,,include:clip:87629014fbda,data/external/include_pose/INCLUDE/Pose_Signs/Home/44. Telephone/MVI_4938.pkl,data/processed/landmarks/include/TELEPHONE/87629014fbda.npz,59,0.0,0.0,1.0,1.0,,
35c0b1acfe3a,TELEPHONE,include,video,,include:clip:35c0b1acfe3a,data/external/include_pose/INCLUDE/Pose_Signs/Home/44. Telephone/MVI_9071.pkl,data/processed/landmarks/include/TELEPHONE/35c0b1acfe3a.npz,71,0.0,0.0,1.0,1.0,,
14dfe48b6da3,TELEPHONE,include,video,,include:clip:14dfe48b6da3,data/external/include_pose/INCLUDE/Pose_Signs/Home/44. Telephone/MVI_9070.pkl,data/processed/landmarks/include/TELEPHONE/14dfe48b6da3.npz,84,0.0,0.0,1.0,1.0,,
24cb55faa5a2,TELEPHONE,include,video,,include:clip:24cb55faa5a2,data/external/include_pose/INCLUDE/Pose_Signs/Home/44. Telephone/MVI_4939.pkl,data/processed/landmarks/include/TELEPHONE/24cb55faa5a2.npz,53,0.0,0.0,1.0,1.0,,
dda102e58cb8,TELEPHONE,include,video,,include:clip:dda102e58cb8,data/external/include_pose/INCLUDE/Pose_Signs/Home/44. Telephone/MVI_9072.pkl,data/processed/landmarks/include/TELEPHONE/dda102e58cb8.npz,63,0.0,0.0,1.0,1.0,,
e811a853d44f,SOAP,include,video,,include:clip:e811a853d44f,data/external/include_pose/INCLUDE/Pose_Signs/Home/36. Soap/MVI_9040.pkl,data/processed/landmarks/include/SOAP/e811a853d44f.npz,73,0.0,0.0,0.9726,1.0,,
43d801e29ee2,SOAP,include,video,,include:clip:43d801e29ee2,data/external/include_pose/INCLUDE/Pose_Signs/Home/36. Soap/MVI_4398.pkl,data/processed/landmarks/include/SOAP/43d801e29ee2.npz,54,0.0,0.0,0.9815,1.0,,
9780917f963b,SOAP,include,video,,include:clip:9780917f963b,data/external/include_pose/INCLUDE/Pose_Signs/Home/36. Soap/MVI_9039.pkl,data/processed/landmarks/include/SOAP/9780917f963b.npz,72,0.0,0.0,0.9861,1.0,,
c47877ebc993,SOAP,include,video,,include:clip:c47877ebc993,data/external/include_pose/INCLUDE/Pose_Signs/Home/36. Soap/MVI_9038.pkl,data/processed/landmarks/include/SOAP/c47877ebc993.npz,70,0.0,0.0,0.9857,1.0,,
393dbc9a560c,SOAP,include,video,,include:clip:393dbc9a560c,data/external/include_pose/INCLUDE/Pose_Signs/Home/36. Soap/MVI_4395.pkl,data/processed/landmarks/include/SOAP/393dbc9a560c.npz,51,0.0,0.0,0.9216,1.0,,
dc695b3afe13,SOAP,include,video,,include:clip:dc695b3afe13,data/external/include_pose/INCLUDE/Pose_Signs/Home/36. Soap/MVI_4397.pkl,data/processed/landmarks/include/SOAP/dc695b3afe13.npz,54,0.0,0.0,0.963,1.0,,
ef959e6cd75d,SOAP,include,video,,include:clip:ef959e6cd75d,data/external/include_pose/INCLUDE/Pose_Signs/Home/36. Soap/MVI_4912.pkl,data/processed/landmarks/include/SOAP/ef959e6cd75d.npz,55,0.0,0.0,0.7091,1.0,,
ebbe3df8de38,SOAP,include,video,,include:clip:ebbe3df8de38,data/external/include_pose/INCLUDE/Pose_Signs/Home/36. Soap/MVI_8802.pkl,data/processed/landmarks/include/SOAP/ebbe3df8de38.npz,61,0.0,0.0,0.7705,1.0,,
aab5c52b250d,SOAP,include,video,,include:clip:aab5c52b250d,data/external/include_pose/INCLUDE/Pose_Signs/Home/36. Soap/MVI_8803.pkl,data/processed/landmarks/include/SOAP/aab5c52b250d.npz,72,0.0,0.0,0.7222,1.0,,
b837c958fe3a,SOAP,include,video,,include:clip:b837c958fe3a,data/external/include_pose/INCLUDE/Pose_Signs/Home/36. Soap/MVI_8801.pkl,data/processed/landmarks/include/SOAP/b837c958fe3a.npz,62,0.0,0.0,0.5645,1.0,,
5e3ad50742da,SOAP,include,video,,include:clip:5e3ad50742da,data/external/include_pose/INCLUDE/Pose_Signs/Home/36. Soap/MVI_4914.pkl,data/processed/landmarks/include/SOAP/5e3ad50742da.npz,46,0.0,0.0,0.7826,1.0,,
9875a6e2b182,BED,include,video,,include:clip:9875a6e2b182,data/external/include_pose/INCLUDE/Pose_Signs/Home/26. Bed/MVI_8761.pkl,data/processed/landmarks/include/BED/9875a6e2b182.npz,64,0.0,0.0,0.6719,1.0,,
1b66b5fbf1e0,BED,include,video,,include:clip:1b66b5fbf1e0,data/external/include_pose/INCLUDE/Pose_Signs/Home/26. Bed/MVI_8760.pkl,data/processed/landmarks/include/BED/1b66b5fbf1e0.npz,66,0.0,0.0,0.5455,1.0,,
f66cd9c3576a,BED,include,video,,include:clip:f66cd9c3576a,data/external/include_pose/INCLUDE/Pose_Signs/Home/26. Bed/MVI_8758.pkl,data/processed/landmarks/include/BED/f66cd9c3576a.npz,66,0.0,0.0,0.5152,1.0,,
11177c5645d5,BED,include,video,,include:clip:11177c5645d5,data/external/include_pose/INCLUDE/Pose_Signs/Home/26. Bed/MVI_8759.pkl,data/processed/landmarks/include/BED/11177c5645d5.npz,64,0.0,0.0,0.5938,1.0,,
eb2a88e5dca1,BED,include,video,,include:clip:eb2a88e5dca1,data/external/include_pose/INCLUDE/Pose_Signs/Home/26. Bed/MVI_9009.pkl,data/processed/landmarks/include/BED/eb2a88e5dca1.npz,72,0.0,0.0,0.9583,1.0,,
a2560b7835b1,BED,include,video,,include:clip:a2560b7835b1,data/external/include_pose/INCLUDE/Pose_Signs/Home/26. Bed/MVI_9008.pkl,data/processed/landmarks/include/BED/a2560b7835b1.npz,82,0.0,0.0,0.878,1.0,,
a17257d70584,BED,include,video,,include:clip:a17257d70584,data/external/include_pose/INCLUDE/Pose_Signs/Home/26. Bed/MVI_9007.pkl,data/processed/landmarks/include/BED/a17257d70584.npz,73,0.0,0.0,0.8493,1.0,,
098185be593a,BED,include,video,,include:clip:098185be593a,data/external/include_pose/INCLUDE/Pose_Signs/Home/26. Bed/MVI_4353.pkl,data/processed/landmarks/include/BED/098185be593a.npz,54,0.0,0.0,1.0,1.0,,
563e55142f89,BED,include,video,,include:clip:563e55142f89,data/external/include_pose/INCLUDE/Pose_Signs/Home/26. Bed/MVI_4352.pkl,data/processed/landmarks/include/BED/563e55142f89.npz,55,0.0,0.0,0.9818,1.0,,
f29b5b60f021,BED,include,video,,include:clip:f29b5b60f021,data/external/include_pose/INCLUDE/Pose_Signs/Home/26. Bed/MVI_4876.pkl,data/processed/landmarks/include/BED/f29b5b60f021.npz,68,0.0,0.0,1.0,1.0,,
7e85f28ce3eb,BED,include,video,,include:clip:7e85f28ce3eb,data/external/include_pose/INCLUDE/Pose_Signs/Home/26. Bed/MVI_4877.pkl,data/processed/landmarks/include/BED/7e85f28ce3eb.npz,70,0.0,0.0,1.0,1.0,,
8fb01695732f,PEN,include,video,,include:clip:8fb01695732f,data/external/include_pose/INCLUDE/Pose_Signs/Home/34. Pen/MVI_4908.pkl,data/processed/landmarks/include/PEN/8fb01695732f.npz,58,0.0,0.0,0.8621,1.0,,
4026de51841c,PEN,include,video,,include:clip:4026de51841c,data/external/include_pose/INCLUDE/Pose_Signs/Home/34. Pen/MVI_9032.pkl,data/processed/landmarks/include/PEN/4026de51841c.npz,63,0.0,0.0,1.0,1.0,,
18e6cf46c0a3,PEN,include,video,,include:clip:18e6cf46c0a3,data/external/include_pose/INCLUDE/Pose_Signs/Home/34. Pen/MVI_4388.pkl,data/processed/landmarks/include/PEN/18e6cf46c0a3.npz,53,0.0,0.0,1.0,1.0,,
a9ea159b915a,PEN,include,video,,include:clip:a9ea159b915a,data/external/include_pose/INCLUDE/Pose_Signs/Home/34. Pen/MVI_9034.pkl,data/processed/landmarks/include/PEN/a9ea159b915a.npz,59,0.0,0.0,1.0,1.0,,
ab45e1996b5f,PEN,include,video,,include:clip:ab45e1996b5f,data/external/include_pose/INCLUDE/Pose_Signs/Home/34. Pen/MVI_4389.pkl,data/processed/landmarks/include/PEN/ab45e1996b5f.npz,55,0.0,0.0,1.0,1.0,,
271ad028018b,PEN,include,video,,include:clip:271ad028018b,data/external/include_pose/INCLUDE/Pose_Signs/Home/34. Pen/MVI_4387.pkl,data/processed/landmarks/include/PEN/271ad028018b.npz,64,0.0,0.0,1.0,1.0,,
d818b73990d9,PEN,include,video,,include:clip:d818b73990d9,data/external/include_pose/INCLUDE/Pose_Signs/Home/34. Pen/MVI_4390.pkl,data/processed/landmarks/include/PEN/d818b73990d9.npz,57,0.0,0.0,1.0,1.0,,
6cc252ed1a90,PEN,include,video,,include:clip:6cc252ed1a90,data/external/include_pose/INCLUDE/Pose_Signs/Home/34. Pen/MVI_8794.pkl,data/processed/landmarks/include/PEN/6cc252ed1a90.npz,63,0.0,0.0,0.7302,1.0,,
7dd1e45dfaed,PEN,include,video,,include:clip:7dd1e45dfaed,data/external/include_pose/INCLUDE/Pose_Signs/Home/34. Pen/MVI_8795.pkl,data/processed/landmarks/include/PEN/7dd1e45dfaed.npz,62,0.0,0.0,0.4677,1.0,low_hand_detection,
ac5d6dc4e973,PEN,include,video,,include:clip:ac5d6dc4e973,data/external/include_pose/INCLUDE/Pose_Signs/Home/34. Pen/MVI_4906.pkl,data/processed/landmarks/include/PEN/ac5d6dc4e973.npz,52,0.0,0.0,1.0,1.0,,
aa4f2bb3eb92,PEN,include,video,,include:clip:aa4f2bb3eb92,data/external/include_pose/INCLUDE/Pose_Signs/Home/34. Pen/MVI_8791.pkl,data/processed/landmarks/include/PEN/aa4f2bb3eb92.npz,57,0.0,0.0,0.5088,1.0,,
7b89d80bb9cd,BAG,include,video,,include:clip:7b89d80bb9cd,data/external/include_pose/INCLUDE/Pose_Signs/Home/45. Bag/MVI_8840.pkl,data/processed/landmarks/include/BAG/7b89d80bb9cd.npz,75,0.0,0.0,0.7867,1.0,,
5110d410abff,BAG,include,video,,include:clip:5110d410abff,data/external/include_pose/INCLUDE/Pose_Signs/Home/45. Bag/MVI_4941.pkl,data/processed/landmarks/include/BAG/5110d410abff.npz,48,0.0,0.0,0.8958,1.0,,
95a131d98ac3,BAG,include,video,,include:clip:95a131d98ac3,data/external/include_pose/INCLUDE/Pose_Signs/Home/45. Bag/MVI_4942.pkl,data/processed/landmarks/include/BAG/95a131d98ac3.npz,55,0.0,0.0,0.8364,1.0,,
f4965f9f37fa,BAG,include,video,,include:clip:f4965f9f37fa,data/external/include_pose/INCLUDE/Pose_Signs/Home/45. Bag/MVI_4436.pkl,data/processed/landmarks/include/BAG/f4965f9f37fa.npz,49,0.0,0.0,1.0,1.0,,
2b8fa6d9763a,BAG,include,video,,include:clip:2b8fa6d9763a,data/external/include_pose/INCLUDE/Pose_Signs/Home/45. Bag/MVI_4433.pkl,data/processed/landmarks/include/BAG/2b8fa6d9763a.npz,44,0.0,0.0,0.9545,1.0,,
9f85d8a1c09c,BAG,include,video,,include:clip:9f85d8a1c09c,data/external/include_pose/INCLUDE/Pose_Signs/Home/45. Bag/MVI_4432.pkl,data/processed/landmarks/include/BAG/9f85d8a1c09c.npz,50,0.0,0.0,1.0,1.0,,
9ca6dfa25189,BAG,include,video,,include:clip:9ca6dfa25189,data/external/include_pose/INCLUDE/Pose_Signs/Home/45. Bag/MVI_8838.pkl,data/processed/landmarks/include/BAG/9ca6dfa25189.npz,67,0.0,0.0,0.7015,1.0,,
9c6d3c44eeae,BAG,include,video,,include:clip:9c6d3c44eeae,data/external/include_pose/INCLUDE/Pose_Signs/Home/45. Bag/MVI_8839.pkl,data/processed/landmarks/include/BAG/9c6d3c44eeae.npz,69,0.0,0.0,0.7826,1.0,,
984cbde44e8c,BAG,include,video,,include:clip:984cbde44e8c,data/external/include_pose/INCLUDE/Pose_Signs/Home/45. Bag/MVI_9073.pkl,data/processed/landmarks/include/BAG/984cbde44e8c.npz,61,0.0,0.0,0.9344,1.0,,
bc23940dc313,BAG,include,video,,include:clip:bc23940dc313,data/external/include_pose/INCLUDE/Pose_Signs/Home/45. Bag/MVI_9074.pkl,data/processed/landmarks/include/BAG/bc23940dc313.npz,63,0.0,0.0,0.9048,1.0,,
f9fc05c075ed,BAG,include,video,,include:clip:f9fc05c075ed,data/external/include_pose/INCLUDE/Pose_Signs/Home/45. Bag/MVI_9075.pkl,data/processed/landmarks/include/BAG/f9fc05c075ed.npz,65,0.0,0.0,0.9077,1.0,,
949db31c988c,BOX,include,video,,include:clip:949db31c988c,data/external/include_pose/INCLUDE/Pose_Signs/Home/46. Box/MVI_9078.pkl,data/processed/landmarks/include/BOX/949db31c988c.npz,97,0.0,0.0,0.8866,1.0,,
b153c13dd56e,BOX,include,video,,include:clip:b153c13dd56e,data/external/include_pose/INCLUDE/Pose_Signs/Home/46. Box/MVI_4946.pkl,data/processed/landmarks/include/BOX/b153c13dd56e.npz,50,0.0,0.0,0.72,1.0,,
6ba1185fc82b,BOX,include,video,,include:clip:6ba1185fc82b,data/external/include_pose/INCLUDE/Pose_Signs/Home/46. Box/MVI_4945.pkl,data/processed/landmarks/include/BOX/6ba1185fc82b.npz,69,0.0,0.0,0.8696,1.0,,
3e4f5712d543,BOX,include,video,,include:clip:3e4f5712d543,data/external/include_pose/INCLUDE/Pose_Signs/Home/46. Box/MVI_8845.pkl,data/processed/landmarks/include/BOX/3e4f5712d543.npz,110,0.0,0.0,0.8818,1.0,,
c0af60e37f5b,BOX,include,video,,include:clip:c0af60e37f5b,data/external/include_pose/INCLUDE/Pose_Signs/Home/46. Box/MVI_8844.pkl,data/processed/landmarks/include/BOX/c0af60e37f5b.npz,92,0.0,0.0,0.7935,1.0,,
1449534b776b,BOX,include,video,,include:clip:1449534b776b,data/external/include_pose/INCLUDE/Pose_Signs/Home/46. Box/MVI_4944.pkl,data/processed/landmarks/include/BOX/1449534b776b.npz,63,0.0,0.0,0.7778,1.0,,
c776f2dab250,BOX,include,video,,include:clip:c776f2dab250,data/external/include_pose/INCLUDE/Pose_Signs/Home/46. Box/MVI_4438.pkl,data/processed/landmarks/include/BOX/c776f2dab250.npz,75,0.0,0.0,0.9867,1.0,,
8b643d1b6fdc,BOX,include,video,,include:clip:8b643d1b6fdc,data/external/include_pose/INCLUDE/Pose_Signs/Home/46. Box/MVI_8843.pkl,data/processed/landmarks/include/BOX/8b643d1b6fdc.npz,87,0.0,0.0,0.8161,1.0,,
117abe379f4e,BOX,include,video,,include:clip:117abe379f4e,data/external/include_pose/INCLUDE/Pose_Signs/Home/46. Box/MVI_8842.pkl,data/processed/landmarks/include/BOX/117abe379f4e.npz,90,0.0,0.0,0.8111,1.0,,
c66d5ec353eb,BOX,include,video,,include:clip:c66d5ec353eb,data/external/include_pose/INCLUDE/Pose_Signs/Home/46. Box/MVI_4437.pkl,data/processed/landmarks/include/BOX/c66d5ec353eb.npz,56,0.0,0.0,0.9286,1.0,,
313ac7a29a5a,BOX,include,video,,include:clip:313ac7a29a5a,data/external/include_pose/INCLUDE/Pose_Signs/Home/46. Box/MVI_4440.pkl,data/processed/landmarks/include/BOX/313ac7a29a5a.npz,73,0.0,0.0,0.9589,1.0,,
1c547ccfae4c,BATHROOM,include,video,,include:clip:1c547ccfae4c,data/external/include_pose/INCLUDE/Pose_Signs/Home/32. Bathroom/MVI_9026.pkl,data/processed/landmarks/include/BATHROOM/1c547ccfae4c.npz,71,0.0,0.0,0.9859,1.0,,
f8e69835ef73,BATHROOM,include,video,,include:clip:f8e69835ef73,data/external/include_pose/INCLUDE/Pose_Signs/Home/32. Bathroom/MVI_9025.pkl,data/processed/landmarks/include/BATHROOM/f8e69835ef73.npz,67,0.0,0.0,0.9701,1.0,,
06b1cc760379,BATHROOM,include,video,,include:clip:06b1cc760379,data/external/include_pose/INCLUDE/Pose_Signs/Home/32. Bathroom/MVI_4379.pkl,data/processed/landmarks/include/BATHROOM/06b1cc760379.npz,64,0.0,0.0,0.9844,1.0,,
0df307a899b4,BATHROOM,include,video,,include:clip:0df307a899b4,data/external/include_pose/INCLUDE/Pose_Signs/Home/32. Bathroom/MVI_4381.pkl,data/processed/landmarks/include/BATHROOM/0df307a899b4.npz,67,0.0,0.0,0.9851,1.0,,
d845e1ca1b6e,BATHROOM,include,video,,include:clip:d845e1ca1b6e,data/external/include_pose/INCLUDE/Pose_Signs/Home/32. Bathroom/MVI_4380.pkl,data/processed/landmarks/include/BATHROOM/d845e1ca1b6e.npz,57,0.0,0.0,0.9825,1.0,,
58c9aab8f812,BATHROOM,include,video,,include:clip:58c9aab8f812,data/external/include_pose/INCLUDE/Pose_Signs/Home/32. Bathroom/MVI_8783.pkl,data/processed/landmarks/include/BATHROOM/58c9aab8f812.npz,76,0.0,0.0,0.7237,1.0,,
23de7b5582f7,BATHROOM,include,video,,include:clip:23de7b5582f7,data/external/include_pose/INCLUDE/Pose_Signs/Home/32. Bathroom/MVI_8782.pkl,data/processed/landmarks/include/BATHROOM/23de7b5582f7.npz,80,0.0,0.0,0.7875,1.0,,
0cbe35adae28,BATHROOM,include,video,,include:clip:0cbe35adae28,data/external/include_pose/INCLUDE/Pose_Signs/Home/32. Bathroom/MVI_4902.pkl,data/processed/landmarks/include/BATHROOM/0cbe35adae28.npz,52,0.0,0.0,1.0,1.0,,
6bcd8716ab2a,BATHROOM,include,video,,include:clip:6bcd8716ab2a,data/external/include_pose/INCLUDE/Pose_Signs/Home/32. Bathroom/MVI_8785.pkl,data/processed/landmarks/include/BATHROOM/6bcd8716ab2a.npz,82,0.0,0.0,0.6951,1.0,,
d27713178744,BATHROOM,include,video,,include:clip:d27713178744,data/external/include_pose/INCLUDE/Pose_Signs/Home/32. Bathroom/MVI_8784.pkl,data/processed/landmarks/include/BATHROOM/d27713178744.npz,75,0.0,0.0,0.7467,1.0,,
fa348c767080,BATHROOM,include,video,,include:clip:fa348c767080,data/external/include_pose/INCLUDE/Pose_Signs/Home/32. Bathroom/MVI_4900.pkl,data/processed/landmarks/include/BATHROOM/fa348c767080.npz,64,0.0,0.0,0.9531,1.0,,
79214b2f587f,BEDROOM,include,video,,include:clip:79214b2f587f,data/external/include_pose/INCLUDE/Pose_Signs/Home/30. Bedroom/MVI_8776.pkl,data/processed/landmarks/include/BEDROOM/79214b2f587f.npz,97,0.0,0.0,0.8041,1.0,,
d9eed4beb70b,BEDROOM,include,video,,include:clip:d9eed4beb70b,data/external/include_pose/INCLUDE/Pose_Signs/Home/30. Bedroom/MVI_4887.pkl,data/processed/landmarks/include/BEDROOM/d9eed4beb70b.npz,72,0.0,0.0,0.875,1.0,,
e8eaadc51017,BEDROOM,include,video,,include:clip:e8eaadc51017,data/external/include_pose/INCLUDE/Pose_Signs/Home/30. Bedroom/MVI_8775.pkl,data/processed/landmarks/include/BEDROOM/e8eaadc51017.npz,108,0.0,0.0,0.713,1.0,,
c795fbd6d8f0,BEDROOM,include,video,,include:clip:c795fbd6d8f0,data/external/include_pose/INCLUDE/Pose_Signs/Home/30. Bedroom/MVI_8774.pkl,data/processed/landmarks/include/BEDROOM/c795fbd6d8f0.npz,102,0.0,0.0,0.6471,1.0,,
cec58a9cfb0c,BEDROOM,include,video,,include:clip:cec58a9cfb0c,data/external/include_pose/INCLUDE/Pose_Signs/Home/30. Bedroom/MVI_4896.pkl,data/processed/landmarks/include/BEDROOM/cec58a9cfb0c.npz,64,0.0,0.0,0.9375,1.0,,
1214ca3ae0ca,BEDROOM,include,video,,include:clip:1214ca3ae0ca,data/external/include_pose/INCLUDE/Pose_Signs/Home/30. Bedroom/MVI_4371.pkl,data/processed/landmarks/include/BEDROOM/1214ca3ae0ca.npz,81,0.0,0.0,0.9753,1.0,,
38bbe9d8975e,BEDROOM,include,video,,include:clip:38bbe9d8975e,data/external/include_pose/INCLUDE/Pose_Signs/Home/30. Bedroom/MVI_4370.pkl,data/processed/landmarks/include/BEDROOM/38bbe9d8975e.npz,83,0.0,0.0,0.9759,1.0,,
9098e1f4b69a,BEDROOM,include,video,,include:clip:9098e1f4b69a,data/external/include_pose/INCLUDE/Pose_Signs/Home/30. Bedroom/MVI_9019.pkl,data/processed/landmarks/include/BEDROOM/9098e1f4b69a.npz,109,0.0,0.0,0.9541,1.0,,
7abb7027461a,BEDROOM,include,video,,include:clip:7abb7027461a,data/external/include_pose/INCLUDE/Pose_Signs/Home/30. Bedroom/MVI_4373.pkl,data/processed/landmarks/include/BEDROOM/7abb7027461a.npz,87,0.0,0.0,0.977,1.0,,
b26effb7caed,BEDROOM,include,video,,include:clip:b26effb7caed,data/external/include_pose/INCLUDE/Pose_Signs/Home/30. Bedroom/MVI_9020.pkl,data/processed/landmarks/include/BEDROOM/b26effb7caed.npz,108,0.0,0.0,0.9259,1.0,,
a313ef1714f1,BEDROOM,include,video,,include:clip:a313ef1714f1,data/external/include_pose/INCLUDE/Pose_Signs/Home/30. Bedroom/MVI_4888.pkl,data/processed/landmarks/include/BEDROOM/a313ef1714f1.npz,73,0.0,0.0,0.9452,1.0,,
7d5448e5acf9,DREAM,include,video,,include:clip:7d5448e5acf9,data/external/include_pose/INCLUDE/Pose_Signs/Home/27. Dream/MVI_8762.pkl,data/processed/landmarks/include/DREAM/7d5448e5acf9.npz,95,0.0,0.0,0.7053,1.0,,
c204e0c69fa7,DREAM,include,video,,include:clip:c204e0c69fa7,data/external/include_pose/INCLUDE/Pose_Signs/Home/27. Dream/MVI_4878.pkl,data/processed/landmarks/include/DREAM/c204e0c69fa7.npz,65,0.0,0.0,0.9692,1.0,,
80d3f7f391ab,DREAM,include,video,,include:clip:80d3f7f391ab,data/external/include_pose/INCLUDE/Pose_Signs/Home/27. Dream/MVI_8763.pkl,data/processed/landmarks/include/DREAM/80d3f7f391ab.npz,92,0.0,0.0,0.6957,1.0,,
a25d7dd955e8,DREAM,include,video,,include:clip:a25d7dd955e8,data/external/include_pose/INCLUDE/Pose_Signs/Home/27. Dream/MVI_8764.pkl,data/processed/landmarks/include/DREAM/a25d7dd955e8.npz,93,0.0,0.0,0.7957,1.0,,
e7078e49ae3a,DREAM,include,video,,include:clip:e7078e49ae3a,data/external/include_pose/INCLUDE/Pose_Signs/Home/27. Dream/MVI_4880.pkl,data/processed/landmarks/include/DREAM/e7078e49ae3a.npz,71,0.0,0.0,0.9296,1.0,,
d361b32ff589,DREAM,include,video,,include:clip:d361b32ff589,data/external/include_pose/INCLUDE/Pose_Signs/Home/27. Dream/MVI_8765.pkl,data/processed/landmarks/include/DREAM/d361b32ff589.npz,107,0.0,0.0,0.8224,1.0,,
6a4e4eb4632b,DREAM,include,video,,include:clip:6a4e4eb4632b,data/external/include_pose/INCLUDE/Pose_Signs/Home/27. Dream/MVI_4359.pkl,data/processed/landmarks/include/DREAM/6a4e4eb4632b.npz,78,0.0,0.0,0.8974,1.0,,
d797bcfa828c,DREAM,include,video,,include:clip:d797bcfa828c,data/external/include_pose/INCLUDE/Pose_Signs/Home/27. Dream/MVI_4360.pkl,data/processed/landmarks/include/DREAM/d797bcfa828c.npz,74,0.0,0.0,0.8378,1.0,,
b7ac93e3dc70,DREAM,include,video,,include:clip:b7ac93e3dc70,data/external/include_pose/INCLUDE/Pose_Signs/Home/27. Dream/MVI_4361.pkl,data/processed/landmarks/include/DREAM/b7ac93e3dc70.npz,81,0.0,0.0,0.9259,1.0,,
b59de5afe7ea,DREAM,include,video,,include:clip:b59de5afe7ea,data/external/include_pose/INCLUDE/Pose_Signs/Home/27. Dream/MVI_9011.pkl,data/processed/landmarks/include/DREAM/b59de5afe7ea.npz,81,0.0,0.0,0.9383,1.0,,
16f4f1d33a8c,DREAM,include,video,,include:clip:16f4f1d33a8c,data/external/include_pose/INCLUDE/Pose_Signs/Home/27. Dream/MVI_4357.pkl,data/processed/landmarks/include/DREAM/16f4f1d33a8c.npz,72,0.0,0.0,0.8472,1.0,,
c4358d654b1b,CARD,include,video,,include:clip:c4358d654b1b,data/external/include_pose/INCLUDE/Pose_Signs/Home/48. Card/MVI_9084.pkl,data/processed/landmarks/include/CARD/c4358d654b1b.npz,80,0.0,0.0,0.9125,1.0,,
62673ec9efad,CARD,include,video,,include:clip:62673ec9efad,data/external/include_pose/INCLUDE/Pose_Signs/Home/48. Card/MVI_9082.pkl,data/processed/landmarks/include/CARD/62673ec9efad.npz,73,0.0,0.0,0.9041,1.0,,
8599682ee402,CARD,include,video,,include:clip:8599682ee402,data/external/include_pose/INCLUDE/Pose_Signs/Home/48. Card/MVI_9083.pkl,data/processed/landmarks/include/CARD/8599682ee402.npz,79,0.0,0.0,0.9494,1.0,,
b5ac2822cb42,CARD,include,video,,include:clip:b5ac2822cb42,data/external/include_pose/INCLUDE/Pose_Signs/Home/48. Card/MVI_4952.pkl,data/processed/landmarks/include/CARD/b5ac2822cb42.npz,61,0.0,0.0,0.8689,1.0,,
91470604c0e4,CARD,include,video,,include:clip:91470604c0e4,data/external/include_pose/INCLUDE/Pose_Signs/Home/48. Card/MVI_8853.pkl,data/processed/landmarks/include/CARD/91470604c0e4.npz,81,0.0,0.0,0.9259,1.0,,
48a677864f58,CARD,include,video,,include:clip:48a677864f58,data/external/include_pose/INCLUDE/Pose_Signs/Home/48. Card/MVI_4951.pkl,data/processed/landmarks/include/CARD/48a677864f58.npz,70,0.0,0.0,0.9143,1.0,,
e0ab3aefaf36,CARD,include,video,,include:clip:e0ab3aefaf36,data/external/include_pose/INCLUDE/Pose_Signs/Home/48. Card/MVI_8851.pkl,data/processed/landmarks/include/CARD/e0ab3aefaf36.npz,83,0.0,0.0,0.8795,1.0,,
b97fd015f531,CARD,include,video,,include:clip:b97fd015f531,data/external/include_pose/INCLUDE/Pose_Signs/Home/48. Card/MVI_4950.pkl,data/processed/landmarks/include/CARD/b97fd015f531.npz,66,0.0,0.0,0.8939,1.0,,
949034eaa140,CARD,include,video,,include:clip:949034eaa140,data/external/include_pose/INCLUDE/Pose_Signs/Home/48. Card/MVI_8854.pkl,data/processed/landmarks/include/CARD/949034eaa140.npz,83,0.0,0.0,0.9277,1.0,,
0dae65be2d55,CARD,include,video,,include:clip:0dae65be2d55,data/external/include_pose/INCLUDE/Pose_Signs/Home/48. Card/MVI_4446.pkl,data/processed/landmarks/include/CARD/0dae65be2d55.npz,56,0.0,0.0,0.9821,1.0,,
084ae3270faa,CARD,include,video,,include:clip:084ae3270faa,data/external/include_pose/INCLUDE/Pose_Signs/Home/48. Card/MVI_4445.pkl,data/processed/landmarks/include/CARD/084ae3270faa.npz,54,0.0,0.0,0.963,1.0,,
a88ad0d78ff6,GIFT,include,video,,include:clip:a88ad0d78ff6,data/external/include_pose/INCLUDE/Pose_Signs/Home/47. Gift/MVI_9079.pkl,data/processed/landmarks/include/GIFT/a88ad0d78ff6.npz,61,0.0,0.0,0.9344,1.0,,
ed31973e091e,GIFT,include,video,,include:clip:ed31973e091e,data/external/include_pose/INCLUDE/Pose_Signs/Home/47. Gift/MVI_9081.pkl,data/processed/landmarks/include/GIFT/ed31973e091e.npz,74,0.0,0.0,0.9459,1.0,,
901683a942b7,GIFT,include,video,,include:clip:901683a942b7,data/external/include_pose/INCLUDE/Pose_Signs/Home/47. Gift/MVI_8847.pkl,data/processed/landmarks/include/GIFT/901683a942b7.npz,69,0.0,0.0,0.7826,1.0,,
daf01e05e279,GIFT,include,video,,include:clip:daf01e05e279,data/external/include_pose/INCLUDE/Pose_Signs/Home/47. Gift/MVI_4947.pkl,data/processed/landmarks/include/GIFT/daf01e05e279.npz,49,0.0,0.0,0.7755,1.0,,
af61dd6232ca,GIFT,include,video,,include:clip:af61dd6232ca,data/external/include_pose/INCLUDE/Pose_Signs/Home/47. Gift/MVI_4949.pkl,data/processed/landmarks/include/GIFT/af61dd6232ca.npz,63,0.0,0.0,0.9048,1.0,,
ee0e59d0e620,GIFT,include,video,,include:clip:ee0e59d0e620,data/external/include_pose/INCLUDE/Pose_Signs/Home/47. Gift/MVI_8849.pkl,data/processed/landmarks/include/GIFT/ee0e59d0e620.npz,68,0.0,0.0,0.8235,1.0,,
ea6ea8fa73cb,GIFT,include,video,,include:clip:ea6ea8fa73cb,data/external/include_pose/INCLUDE/Pose_Signs/Home/47. Gift/MVI_8848.pkl,data/processed/landmarks/include/GIFT/ea6ea8fa73cb.npz,66,0.0,0.0,0.7576,1.0,,
a775ffa41bde,GIFT,include,video,,include:clip:a775ffa41bde,data/external/include_pose/INCLUDE/Pose_Signs/Home/47. Gift/MVI_4948.pkl,data/processed/landmarks/include/GIFT/a775ffa41bde.npz,50,0.0,0.0,0.72,1.0,,
68238c2969e8,GIFT,include,video,,include:clip:68238c2969e8,data/external/include_pose/INCLUDE/Pose_Signs/Home/47. Gift/MVI_4441.pkl,data/processed/landmarks/include/GIFT/68238c2969e8.npz,46,0.0,0.0,0.9783,1.0,,
300286b86dd1,GIFT,include,video,,include:clip:300286b86dd1,data/external/include_pose/INCLUDE/Pose_Signs/Home/47. Gift/MVI_4443.pkl,data/processed/landmarks/include/GIFT/300286b86dd1.npz,47,0.0,0.0,0.9787,1.0,,
f8361dc62604,GIFT,include,video,,include:clip:f8361dc62604,data/external/include_pose/INCLUDE/Pose_Signs/Home/47. Gift/MVI_4444.pkl,data/processed/landmarks/include/GIFT/f8361dc62604.npz,63,0.0,0.0,0.9841,1.0,,
03a8e3b20828,LETTER,include,video,,include:clip:03a8e3b20828,data/external/include_pose/INCLUDE/Pose_Signs/Home/41. Letter/MVI_8825.pkl,data/processed/landmarks/include/LETTER/03a8e3b20828.npz,74,0.0,0.0,0.7162,1.0,,
0f30abff3bfd,LETTER,include,video,,include:clip:0f30abff3bfd,data/external/include_pose/INCLUDE/Pose_Signs/Home/41. Letter/MVI_8824.pkl,data/processed/landmarks/include/LETTER/0f30abff3bfd.npz,72,0.0,0.0,0.5833,1.0,,
46a7a95d0221,LETTER,include,video,,include:clip:46a7a95d0221,data/external/include_pose/INCLUDE/Pose_Signs/Home/41. Letter/MVI_4930.pkl,data/processed/landmarks/include/LETTER/46a7a95d0221.npz,52,0.0,0.0,0.9038,1.0,,
c95656862f84,LETTER,include,video,,include:clip:c95656862f84,data/external/include_pose/INCLUDE/Pose_Signs/Home/41. Letter/MVI_9056.pkl,data/processed/landmarks/include/LETTER/c95656862f84.npz,76,0.0,0.0,0.9737,1.0,,
96e1ff26d85b,LETTER,include,video,,include:clip:96e1ff26d85b,data/external/include_pose/INCLUDE/Pose_Signs/Home/41. Letter/MVI_8822.pkl,data/processed/landmarks/include/LETTER/96e1ff26d85b.npz,83,0.0,0.0,0.747,1.0,,
d8f15d6d2eda,LETTER,include,video,,include:clip:d8f15d6d2eda,data/external/include_pose/INCLUDE/Pose_Signs/Home/41. Letter/MVI_9055.pkl,data/processed/landmarks/include/LETTER/d8f15d6d2eda.npz,74,0.0,0.0,0.9595,1.0,,
a7d9a74932c9,LETTER,include,video,,include:clip:a7d9a74932c9,data/external/include_pose/INCLUDE/Pose_Signs/Home/41. Letter/MVI_9054.pkl,data/processed/landmarks/include/LETTER/a7d9a74932c9.npz,75,0.0,0.0,0.9467,1.0,,
6545919d84fd,LETTER,include,video,,include:clip:6545919d84fd,data/external/include_pose/INCLUDE/Pose_Signs/Home/41. Letter/MVI_4416.pkl,data/processed/landmarks/include/LETTER/6545919d84fd.npz,64,0.0,0.0,0.9688,1.0,,
05c18d49810f,LETTER,include,video,,include:clip:05c18d49810f,data/external/include_pose/INCLUDE/Pose_Signs/Home/41. Letter/MVI_4418.pkl,data/processed/landmarks/include/LETTER/05c18d49810f.npz,68,0.0,0.0,1.0,1.0,,
0b27653cccd5,LETTER,include,video,,include:clip:0b27653cccd5,data/external/include_pose/INCLUDE/Pose_Signs/Home/41. Letter/MVI_4419.pkl,data/processed/landmarks/include/LETTER/0b27653cccd5.npz,64,0.0,0.0,1.0,1.0,,
21089e808c64,LETTER,include,video,,include:clip:21089e808c64,data/external/include_pose/INCLUDE/Pose_Signs/Home/41. Letter/MVI_4929.pkl,data/processed/landmarks/include/LETTER/21089e808c64.npz,50,0.0,0.0,0.9,1.0,,
7f2b7b0ea0ad,HAT,include,video,,include:clip:7f2b7b0ea0ad,data/external/include_pose/INCLUDE/Pose_Signs/Clothes/37. Hat/MVI_8600.pkl,data/processed/landmarks/include/HAT/7f2b7b0ea0ad.npz,51,0.0,0.0,0.9216,1.0,,
96bcfa62979f,HAT,include,video,,include:clip:96bcfa62979f,data/external/include_pose/INCLUDE/Pose_Signs/Clothes/37. Hat/MVI_5155.pkl,data/processed/landmarks/include/HAT/96bcfa62979f.npz,61,0.0,0.0,1.0,1.0,,
43484460f32c,HAT,include,video,,include:clip:43484460f32c,data/external/include_pose/INCLUDE/Pose_Signs/Clothes/37. Hat/MVI_3691.pkl,data/processed/landmarks/include/HAT/43484460f32c.npz,116,0.0,0.0,1.0,1.0,,
02aab9fd0848,HAT,include,video,,include:clip:02aab9fd0848,data/external/include_pose/INCLUDE/Pose_Signs/Clothes/37. Hat/MVI_3690.pkl,data/processed/landmarks/include/HAT/02aab9fd0848.npz,59,0.0,0.0,1.0,1.0,,
c7c122b13d93,HAT,include,video,,include:clip:c7c122b13d93,data/external/include_pose/INCLUDE/Pose_Signs/Clothes/37. Hat/MVI_5008.pkl,data/processed/landmarks/include/HAT/c7c122b13d93.npz,50,0.0,0.0,1.0,1.0,,
5c048720c09c,HAT,include,video,,include:clip:5c048720c09c,data/external/include_pose/INCLUDE/Pose_Signs/Clothes/37. Hat/MVI_3985.pkl,data/processed/landmarks/include/HAT/5c048720c09c.npz,59,0.0,0.0,1.0,1.0,,
2dcda3b042e6,HAT,include,video,,include:clip:2dcda3b042e6,data/external/include_pose/INCLUDE/Pose_Signs/Clothes/37. Hat/MVI_3984.pkl,data/processed/landmarks/include/HAT/2dcda3b042e6.npz,57,0.0,0.0,1.0,1.0,,
630541bc2163,HAT,include,video,,include:clip:630541bc2163,data/external/include_pose/INCLUDE/Pose_Signs/Clothes/37. Hat/MVI_3986.pkl,data/processed/landmarks/include/HAT/630541bc2163.npz,101,0.0,0.0,1.0,1.0,,
90638b715fa8,HAT,include,video,,include:clip:90638b715fa8,data/external/include_pose/INCLUDE/Pose_Signs/Clothes/37. Hat/MVI_4197.pkl,data/processed/landmarks/include/HAT/90638b715fa8.npz,52,0.0,0.0,1.0,1.0,,
ca6ea0d88ed9,HAT,include,video,,include:clip:ca6ea0d88ed9,data/external/include_pose/INCLUDE/Pose_Signs/Clothes/37. Hat/MVI_3835.pkl,data/processed/landmarks/include/HAT/ca6ea0d88ed9.npz,70,0.0,0.0,1.0,1.0,,
b09b1c91497b,HAT,include,video,,include:clip:b09b1c91497b,data/external/include_pose/INCLUDE/Pose_Signs/Clothes/37. Hat/MVI_3837.pkl,data/processed/landmarks/include/HAT/b09b1c91497b.npz,40,0.0,0.0,1.0,1.0,,
2d422ef9dbda,HAT,include,video,,include:clip:2d422ef9dbda,data/external/include_pose/INCLUDE/Pose_Signs/Clothes/37. Hat/MVI_3836.pkl,data/processed/landmarks/include/HAT/2d422ef9dbda.npz,44,0.0,0.0,1.0,1.0,,
3b406e9d2ff4,HAT,include,video,,include:clip:3b406e9d2ff4,data/external/include_pose/INCLUDE/Pose_Signs/Clothes/37. Hat/MVI_3688.pkl,data/processed/landmarks/include/HAT/3b406e9d2ff4.npz,69,0.0,0.0,1.0,1.0,,
b1cd972173e9,HAT,include,video,,include:clip:b1cd972173e9,data/external/include_pose/INCLUDE/Pose_Signs/Clothes/37. Hat/MVI_5006.pkl,data/processed/landmarks/include/HAT/b1cd972173e9.npz,60,0.0,0.0,1.0,1.0,,
f8d4eb24e2a9,HAT,include,video,,include:clip:f8d4eb24e2a9,data/external/include_pose/INCLUDE/Pose_Signs/Clothes/37. Hat/MVI_4867.pkl,data/processed/landmarks/include/HAT/f8d4eb24e2a9.npz,67,0.0,0.0,1.0,1.0,,
9b6b6441c58d,HAT,include,video,,include:clip:9b6b6441c58d,data/external/include_pose/INCLUDE/Pose_Signs/Clothes/37. Hat/MVI_5007.pkl,data/processed/landmarks/include/HAT/9b6b6441c58d.npz,50,0.0,0.0,1.0,1.0,,
f937f17475c2,SHIRT,include,video,,include:clip:f937f17475c2,data/external/include_pose/INCLUDE/Pose_Signs/Clothes/41. Shirt/MVI_5018.pkl,data/processed/landmarks/include/SHIRT/f937f17475c2.npz,71,0.0,0.0,0.8592,1.0,,
41fe09db65bb,SHIRT,include,video,,include:clip:41fe09db65bb,data/external/include_pose/INCLUDE/Pose_Signs/Clothes/41. Shirt/MVI_4879.pkl,data/processed/landmarks/include/SHIRT/41fe09db65bb.npz,77,0.0,0.0,0.9481,1.0,,
5e7437d2ed90,SHIRT,include,video,,include:clip:5e7437d2ed90,data/external/include_pose/INCLUDE/Pose_Signs/Clothes/41. Shirt/MVI_5019.pkl,data/processed/landmarks/include/SHIRT/5e7437d2ed90.npz,64,0.0,0.0,0.8438,1.0,,
fd497b83038a,SHIRT,include,video,,include:clip:fd497b83038a,data/external/include_pose/INCLUDE/Pose_Signs/Clothes/41. Shirt/MVI_4880.pkl,data/processed/landmarks/include/SHIRT/fd497b83038a.npz,73,0.0,0.0,0.9178,1.0,,
7793e80acafd,SHIRT,include,video,,include:clip:7793e80acafd,data/external/include_pose/INCLUDE/Pose_Signs/Clothes/41. Shirt/MVI_8605.pkl,data/processed/landmarks/include/SHIRT/7793e80acafd.npz,86,0.0,0.0,0.9186,1.0,,
ebfe2c5658db,SHIRT,include,video,,include:clip:ebfe2c5658db,data/external/include_pose/INCLUDE/Pose_Signs/Clothes/41. Shirt/MVI_3849.pkl,data/processed/landmarks/include/SHIRT/ebfe2c5658db.npz,105,0.0,0.0,1.0,1.0,,
1cf2f11c1ef3,SHIRT,include,video,,include:clip:1cf2f11c1ef3,data/external/include_pose/INCLUDE/Pose_Signs/Clothes/41. Shirt/MVI_3848.pkl,data/processed/landmarks/include/SHIRT/1cf2f11c1ef3.npz,115,0.0,0.0,0.9826,1.0,,
a4e02409c9e9,SHIRT,include,video,,include:clip:a4e02409c9e9,data/external/include_pose/INCLUDE/Pose_Signs/Clothes/41. Shirt/MVI_5020.pkl,data/processed/landmarks/include/SHIRT/a4e02409c9e9.npz,70,0.0,0.0,0.8857,1.0,,
c6361ab8df87,SHIRT,include,video,,include:clip:c6361ab8df87,data/external/include_pose/INCLUDE/Pose_Signs/Clothes/41. Shirt/MVI_4001.pkl,data/processed/landmarks/include/SHIRT/c6361ab8df87.npz,71,0.0,0.0,0.8451,1.0,,
cf7b5c3590ad,SHIRT,include,video,,include:clip:cf7b5c3590ad,data/external/include_pose/INCLUDE/Pose_Signs/Clothes/41. Shirt/MVI_4000.pkl,data/processed/landmarks/include/SHIRT/cf7b5c3590ad.npz,65,0.0,0.0,0.9077,1.0,,
e7edf91447f1,SHIRT,include,video,,include:clip:e7edf91447f1,data/external/include_pose/INCLUDE/Pose_Signs/Clothes/41. Shirt/MVI_3703.pkl,data/processed/landmarks/include/SHIRT/e7edf91447f1.npz,72,0.0,0.0,0.9861,1.0,,
5687de129c1b,SHIRT,include,video,,include:clip:5687de129c1b,data/external/include_pose/INCLUDE/Pose_Signs/Clothes/41. Shirt/MVI_3701.pkl,data/processed/landmarks/include/SHIRT/5687de129c1b.npz,112,0.0,0.0,0.9911,1.0,,
dcee137dc5d6,SHIRT,include,video,,include:clip:dcee137dc5d6,data/external/include_pose/INCLUDE/Pose_Signs/Clothes/41. Shirt/MVI_5166.pkl,data/processed/landmarks/include/SHIRT/dcee137dc5d6.npz,71,0.0,0.0,0.9859,1.0,,
24826430b0ef,SHIRT,include,video,,include:clip:24826430b0ef,data/external/include_pose/INCLUDE/Pose_Signs/Clothes/41. Shirt/MVI_3847.pkl,data/processed/landmarks/include/SHIRT/24826430b0ef.npz,111,0.0,0.0,0.991,1.0,,
0ef46d9c04e6,SHIRT,include,video,,include:clip:0ef46d9c04e6,data/external/include_pose/INCLUDE/Pose_Signs/Clothes/41. Shirt/MVI_5167.pkl,data/processed/landmarks/include/SHIRT/0ef46d9c04e6.npz,70,0.0,0.0,0.9857,1.0,,
6b45bca57991,SHIRT,include,video,,include:clip:6b45bca57991,data/external/include_pose/INCLUDE/Pose_Signs/Clothes/41. Shirt/MVI_4877.pkl,data/processed/landmarks/include/SHIRT/6b45bca57991.npz,89,0.0,0.0,0.9775,1.0,,
5d774fde1eb2,POCKET,include,video,,include:clip:5d774fde1eb2,data/external/include_pose/INCLUDE/Pose_Signs/Clothes/45. Pocket/MVI_5178.pkl,data/processed/landmarks/include/POCKET/5d774fde1eb2.npz,53,0.0,0.0,1.0,1.0,,
edd5ec2d4286,POCKET,include,video,,include:clip:edd5ec2d4286,data/external/include_pose/INCLUDE/Pose_Signs/Clothes/45. Pocket/MVI_3859.pkl,data/processed/landmarks/include/POCKET/edd5ec2d4286.npz,87,0.0,0.0,1.0,1.0,,
4e7c4e4f0340,POCKET,include,video,,include:clip:4e7c4e4f0340,data/external/include_pose/INCLUDE/Pose_Signs/Clothes/45. Pocket/MVI_5031.pkl,data/processed/landmarks/include/POCKET/4e7c4e4f0340.npz,58,0.0,0.0,1.0,1.0,,
3cce77739bc8,POCKET,include,video,,include:clip:3cce77739bc8,data/external/include_pose/INCLUDE/Pose_Signs/Clothes/45. Pocket/MVI_5033.pkl,data/processed/landmarks/include/POCKET/3cce77739bc8.npz,54,0.0,0.0,0.9815,1.0,,
bfb6796c0dbd,POCKET,include,video,,include:clip:bfb6796c0dbd,data/external/include_pose/INCLUDE/Pose_Signs/Clothes/45. Pocket/MVI_4890.pkl,data/processed/landmarks/include/POCKET/bfb6796c0dbd.npz,61,0.0,0.0,1.0,1.0,,
dfeb1a41936d,POCKET,include,video,,include:clip:dfeb1a41936d,data/external/include_pose/INCLUDE/Pose_Signs/Clothes/45. Pocket/MVI_8610.pkl,data/processed/landmarks/include/POCKET/dfeb1a41936d.npz,70,0.0,0.0,0.8143,1.0,,
30e1a49be604,POCKET,include,video,,include:clip:30e1a49be604,data/external/include_pose/INCLUDE/Pose_Signs/Clothes/45. Pocket/MVI_3862.pkl,data/processed/landmarks/include/POCKET/30e1a49be604.npz,44,0.0,0.0,1.0,1.0,,
f2e9089656d4,POCKET,include,video,,include:clip:f2e9089656d4,data/external/include_pose/INCLUDE/Pose_Signs/Clothes/45. Pocket/MVI_5180.pkl,data/processed/landmarks/include/POCKET/f2e9089656d4.npz,53,0.0,0.0,1.0,1.0,,
09556aed5b69,POCKET,include,video,,include:clip:09556aed5b69,data/external/include_pose/INCLUDE/Pose_Signs/Clothes/45. Pocket/MVI_3861.pkl,data/processed/landmarks/include/POCKET/09556aed5b69.npz,62,0.0,0.0,1.0,1.0,,
94423a0aca55,POCKET,include,video,,include:clip:94423a0aca55,data/external/include_pose/INCLUDE/Pose_Signs/Clothes/45. Pocket/MVI_4013.pkl,data/processed/landmarks/include/POCKET/94423a0aca55.npz,60,0.0,0.0,1.0,1.0,,
6df6a002ce65,POCKET,include,video,,include:clip:6df6a002ce65,data/external/include_pose/INCLUDE/Pose_Signs/Clothes/45. Pocket/MVI_4205.pkl,data/processed/landmarks/include/POCKET/6df6a002ce65.npz,52,0.0,0.0,1.0,1.0,,
02c89fef829e,POCKET,include,video,,include:clip:02c89fef829e,data/external/include_pose/INCLUDE/Pose_Signs/Clothes/45. Pocket/MVI_4012.pkl,data/processed/landmarks/include/POCKET/02c89fef829e.npz,82,0.0,0.0,1.0,1.0,,
738dc9b815e8,POCKET,include,video,,include:clip:738dc9b815e8,data/external/include_pose/INCLUDE/Pose_Signs/Clothes/45. Pocket/MVI_4011.pkl,data/processed/landmarks/include/POCKET/738dc9b815e8.npz,66,0.0,0.0,1.0,1.0,,
4b35219159a0,POCKET,include,video,,include:clip:4b35219159a0,data/external/include_pose/INCLUDE/Pose_Signs/Clothes/45. Pocket/MVI_3715.pkl,data/processed/landmarks/include/POCKET/4b35219159a0.npz,60,0.0,0.0,1.0,1.0,,
f67d4e6f7f99,POCKET,include,video,,include:clip:f67d4e6f7f99,data/external/include_pose/INCLUDE/Pose_Signs/Clothes/45. Pocket/MVI_3714.pkl,data/processed/landmarks/include/POCKET/f67d4e6f7f99.npz,55,0.0,0.0,1.0,1.0,,
a9bb2a3a8529,POCKET,include,video,,include:clip:a9bb2a3a8529,data/external/include_pose/INCLUDE/Pose_Signs/Clothes/45. Pocket/MVI_3713.pkl,data/processed/landmarks/include/POCKET/a9bb2a3a8529.npz,67,0.0,0.0,1.0,1.0,,
5930627b8b03,SKIRT,include,video,,include:clip:5930627b8b03,data/external/include_pose/INCLUDE/Pose_Signs/Clothes/40. Skirt/MVI_8604.pkl,data/processed/landmarks/include/SKIRT/5930627b8b03.npz,70,0.0,0.0,0.6143,1.0,,
abbcc5e35a0d,SKIRT,include,video,,include:clip:abbcc5e35a0d,data/external/include_pose/INCLUDE/Pose_Signs/Clothes/40. Skirt/MVI_3998.pkl,data/processed/landmarks/include/SKIRT/abbcc5e35a0d.npz,64,0.0,0.0,0.9531,1.0,,
4868c8036e1c,SKIRT,include,video,,include:clip:4868c8036e1c,data/external/include_pose/INCLUDE/Pose_Signs/Clothes/40. Skirt/MVI_4200.pkl,data/processed/landmarks/include/SKIRT/4868c8036e1c.npz,45,0.0,0.0,0.9556,1.0,,
c81a6a83cca9,SKIRT,include,video,,include:clip:c81a6a83cca9,data/external/include_pose/INCLUDE/Pose_Signs/Clothes/40. Skirt/MVI_3996.pkl,data/processed/landmarks/include/SKIRT/c81a6a83cca9.npz,60,0.0,0.0,1.0,1.0,,
c41a3dce6780,SKIRT,include,video,,include:clip:c41a3dce6780,data/external/include_pose/INCLUDE/Pose_Signs/Clothes/40. Skirt/MVI_5165.pkl,data/processed/landmarks/include/SKIRT/c41a3dce6780.npz,51,0.0,0.0,0.9216,1.0,,
3e5122cd386a,SKIRT,include,video,,include:clip:3e5122cd386a,data/external/include_pose/INCLUDE/Pose_Signs/Clothes/40. Skirt/MVI_3845.pkl,data/processed/landmarks/include/SKIRT/3e5122cd386a.npz,57,0.0,0.0,1.0,1.0,,
7624f81cd6c8,SKIRT,include,video,,include:clip:7624f81cd6c8,data/external/include_pose/INCLUDE/Pose_Signs/Clothes/40. Skirt/MVI_3844.pkl,data/processed/landmarks/include/SKIRT/7624f81cd6c8.npz,60,0.0,0.0,0.9833,1.0,,
93a8ae96c2dd,SKIRT,include,video,,include:clip:93a8ae96c2dd,data/external/include_pose/INCLUDE/Pose_Signs/Clothes/40. Skirt/MVI_5164.pkl,data/processed/landmarks/include/SKIRT/93a8ae96c2dd.npz,47,0.0,0.0,0.9362,1.0,,
11b669c5c3ba,SKIRT,include,video,,include:clip:11b669c5c3ba,data/external/include_pose/INCLUDE/Pose_Signs/Clothes/40. Skirt/MVI_3846.pkl,data/processed/landmarks/include/SKIRT/11b669c5c3ba.npz,51,0.0,0.0,0.902,1.0,,
eada29f2028e,SKIRT,include,video,,include:clip:eada29f2028e,data/external/include_pose/INCLUDE/Pose_Signs/Clothes/40. Skirt/MVI_5163.pkl,data/processed/landmarks/include/SKIRT/eada29f2028e.npz,54,0.0,0.0,0.963,1.0,,
1b64847b78eb,SKIRT,include,video,,include:clip:1b64847b78eb,data/external/include_pose/INCLUDE/Pose_Signs/Clothes/40. Skirt/MVI_5017.pkl,data/processed/landmarks/include/SKIRT/1b64847b78eb.npz,48,0.0,0.0,0.9167,1.0,,
fae0a0889d6c,SKIRT,include,video,,include:clip:fae0a0889d6c,data/external/include_pose/INCLUDE/Pose_Signs/Clothes/40. Skirt/MVI_5016.pkl,data/processed/landmarks/include/SKIRT/fae0a0889d6c.npz,46,0.0,0.0,0.9565,1.0,,
454304fb5779,SKIRT,include,video,,include:clip:454304fb5779,data/external/include_pose/INCLUDE/Pose_Signs/Clothes/40. Skirt/MVI_4874.pkl,data/processed/landmarks/include/SKIRT/454304fb5779.npz,65,0.0,0.0,0.9385,1.0,,
3ab3781ce786,SKIRT,include,video,,include:clip:3ab3781ce786,data/external/include_pose/INCLUDE/Pose_Signs/Clothes/40. Skirt/MVI_3699.pkl,data/processed/landmarks/include/SKIRT/3ab3781ce786.npz,69,0.0,0.0,0.9275,1.0,,
492cde9e1f5c,SKIRT,include,video,,include:clip:492cde9e1f5c,data/external/include_pose/INCLUDE/Pose_Signs/Clothes/40. Skirt/MVI_5015.pkl,data/processed/landmarks/include/SKIRT/492cde9e1f5c.npz,66,0.0,0.0,0.9545,1.0,,
0e0232c3190e,CLOTHING,include,video,,include:clip:0e0232c3190e,data/external/include_pose/INCLUDE/Pose_Signs/Clothes/46. Clothing/MVI_3865.pkl,data/processed/landmarks/include/CLOTHING/0e0232c3190e.npz,74,0.0,0.0,1.0,1.0,,
46590fba9c6b,CLOTHING,include,video,,include:clip:46590fba9c6b,data/external/include_pose/INCLUDE/Pose_Signs/Clothes/46. Clothing/MVI_5036.pkl,data/processed/landmarks/include/CLOTHING/46590fba9c6b.npz,49,0.0,0.0,0.9592,1.0,,
ad020269bd8d,CLOTHING,include,video,,include:clip:ad020269bd8d,data/external/include_pose/INCLUDE/Pose_Signs/Clothes/46. Clothing/MVI_4894.pkl,data/processed/landmarks/include/CLOTHING/ad020269bd8d.npz,59,0.0,0.0,1.0,1.0,,
bf9693a6e98f,CLOTHING,include,video,,include:clip:bf9693a6e98f,data/external/include_pose/INCLUDE/Pose_Signs/Clothes/46. Clothing/MVI_3863.pkl,data/processed/landmarks/include/CLOTHING/bf9693a6e98f.npz,83,0.0,0.0,1.0,1.0,,
91b0bc7e97d5,CLOTHING,include,video,,include:clip:91b0bc7e97d5,data/external/include_pose/INCLUDE/Pose_Signs/Clothes/46. Clothing/MVI_4895.pkl,data/processed/landmarks/include/CLOTHING/91b0bc7e97d5.npz,58,0.0,0.0,1.0,1.0,,
7a8b16954a78,CLOTHING,include,video,,include:clip:7a8b16954a78,data/external/include_pose/INCLUDE/Pose_Signs/Clothes/46. Clothing/MVI_8611.pkl,data/processed/landmarks/include/CLOTHING/7a8b16954a78.npz,67,0.0,0.0,0.8358,1.0,,
a4b7dc018409,CLOTHING,include,video,,include:clip:a4b7dc018409,data/external/include_pose/INCLUDE/Pose_Signs/Clothes/46. Clothing/MVI_3718.pkl,data/processed/landmarks/include/CLOTHING/a4b7dc018409.npz,53,0.0,0.0,1.0,1.0,,
4189996356ca,CLOTHING,include,video,,include:clip:4189996356ca,data/external/include_pose/INCLUDE/Pose_Signs/Clothes/46. Clothing/MVI_5182.pkl,data/processed/landmarks/include/CLOTHING/4189996356ca.npz,57,0.0,0.0,1.0,1.0,,
722dabbf88df,CLOTHING,include,video,,include:clip:722dabbf88df,data/external/include_pose/INCLUDE/Pose_Signs/Clothes/46. Clothing/MVI_5035.pkl,data/processed/landmarks/include/CLOTHING/722dabbf88df.npz,44,0.0,0.0,1.0,1.0,,
2817b096f0e3,CLOTHING,include,video,,include:clip:2817b096f0e3,data/external/include_pose/INCLUDE/Pose_Signs/Clothes/46. Clothing/MVI_5034.pkl,data/processed/landmarks/include/CLOTHING/2817b096f0e3.npz,49,0.0,0.0,0.9796,1.0,,
fd99fb53c7f0,CLOTHING,include,video,,include:clip:fd99fb53c7f0,data/external/include_pose/INCLUDE/Pose_Signs/Clothes/46. Clothing/MVI_4206.pkl,data/processed/landmarks/include/CLOTHING/fd99fb53c7f0.npz,50,0.0,0.0,0.98,1.0,,
3a61db9a2969,CLOTHING,include,video,,include:clip:3a61db9a2969,data/external/include_pose/INCLUDE/Pose_Signs/Clothes/46. Clothing/MVI_4015.pkl,data/processed/landmarks/include/CLOTHING/3a61db9a2969.npz,62,0.0,0.0,1.0,1.0,,
1b6d3bc48a3b,CLOTHING,include,video,,include:clip:1b6d3bc48a3b,data/external/include_pose/INCLUDE/Pose_Signs/Clothes/46. Clothing/MVI_4014.pkl,data/processed/landmarks/include/CLOTHING/1b6d3bc48a3b.npz,61,0.0,0.0,1.0,1.0,,
d14b3b86d36a,CLOTHING,include,video,,include:clip:d14b3b86d36a,data/external/include_pose/INCLUDE/Pose_Signs/Clothes/46. Clothing/MVI_4016.pkl,data/processed/landmarks/include/CLOTHING/d14b3b86d36a.npz,61,0.0,0.0,1.0,1.0,,
860143c86f1d,CLOTHING,include,video,,include:clip:860143c86f1d,data/external/include_pose/INCLUDE/Pose_Signs/Clothes/46. Clothing/MVI_3716.pkl,data/processed/landmarks/include/CLOTHING/860143c86f1d.npz,61,0.0,0.0,1.0,1.0,,
bfab2ca45768,CLOTHING,include,video,,include:clip:bfab2ca45768,data/external/include_pose/INCLUDE/Pose_Signs/Clothes/46. Clothing/MVI_3717.pkl,data/processed/landmarks/include/CLOTHING/bfab2ca45768.npz,61,0.0,0.0,1.0,1.0,,
34d496376b7b,T_SHIRT,include,video,,include:clip:34d496376b7b,data/external/include_pose/INCLUDE/Pose_Signs/Clothes/42. T-Shirt/MVI_5022.pkl,data/processed/landmarks/include/T_SHIRT/34d496376b7b.npz,76,0.0,0.0,0.8947,1.0,,
3bc068233122,T_SHIRT,include,video,,include:clip:3bc068233122,data/external/include_pose/INCLUDE/Pose_Signs/Clothes/42. T-Shirt/MVI_4881.pkl,data/processed/landmarks/include/T_SHIRT/3bc068233122.npz,77,0.0,0.0,0.961,1.0,,
361774c09100,T_SHIRT,include,video,,include:clip:361774c09100,data/external/include_pose/INCLUDE/Pose_Signs/Clothes/42. T-Shirt/MVI_5021.pkl,data/processed/landmarks/include/T_SHIRT/361774c09100.npz,64,0.0,0.0,0.875,1.0,,
d0d09fc864dc,T_SHIRT,include,video,,include:clip:d0d09fc864dc,data/external/include_pose/INCLUDE/Pose_Signs/Clothes/42. T-Shirt/MVI_4883.pkl,data/processed/landmarks/include/T_SHIRT/d0d09fc864dc.npz,70,0.0,0.0,0.9857,1.0,,
f7cebb52855c,T_SHIRT,include,video,,include:clip:f7cebb52855c,data/external/include_pose/INCLUDE/Pose_Signs/Clothes/42. T-Shirt/MVI_8606.pkl,data/processed/landmarks/include/T_SHIRT/f7cebb52855c.npz,76,0.0,0.0,0.8684,1.0,,
ce06a9077f08,T_SHIRT,include,video,,include:clip:ce06a9077f08,data/external/include_pose/INCLUDE/Pose_Signs/Clothes/42. T-Shirt/MVI_4004.pkl,data/processed/landmarks/include/T_SHIRT/ce06a9077f08.npz,81,0.0,0.0,0.8765,1.0,,
9ac57fb4e204,T_SHIRT,include,video,,include:clip:9ac57fb4e204,data/external/include_pose/INCLUDE/Pose_Signs/Clothes/42. T-Shirt/MVI_4202.pkl,data/processed/landmarks/include/T_SHIRT/9ac57fb4e204.npz,61,0.0,0.0,0.9672,1.0,,
86dc647ef0ea,T_SHIRT,include,video,,include:clip:86dc647ef0ea,data/external/include_pose/INCLUDE/Pose_Signs/Clothes/42. T-Shirt/MVI_4002.pkl,data/processed/landmarks/include/T_SHIRT/86dc647ef0ea.npz,92,0.0,0.0,0.9565,1.0,,
6effa5be1895,T_SHIRT,include,video,,include:clip:6effa5be1895,data/external/include_pose/INCLUDE/Pose_Signs/Clothes/42. T-Shirt/MVI_4003.pkl,data/processed/landmarks/include/T_SHIRT/6effa5be1895.npz,85,0.0,0.0,0.8824,1.0,,
7df54dbe7848,T_SHIRT,include,video,,include:clip:7df54dbe7848,data/external/include_pose/INCLUDE/Pose_Signs/Clothes/42. T-Shirt/MVI_5171.pkl,data/processed/landmarks/include/T_SHIRT/7df54dbe7848.npz,65,0.0,0.0,0.9846,1.0,,
9c38f7502ca5,T_SHIRT,include,video,,include:clip:9c38f7502ca5,data/external/include_pose/INCLUDE/Pose_Signs/Clothes/42. T-Shirt/MVI_3850.pkl,data/processed/landmarks/include/T_SHIRT/9c38f7502ca5.npz,106,0.0,0.0,0.9717,1.0,,
8f30003a00fb,T_SHIRT,include,video,,include:clip:8f30003a00fb,data/external/include_pose/INCLUDE/Pose_Signs/Clothes/42. T-Shirt/MVI_5170.pkl,data/processed/landmarks/include/T_SHIRT/8f30003a00fb.npz,66,0.0,0.0,1.0,1.0,,
ff4e404ed6fd,T_SHIRT,include,video,,include:clip:ff4e404ed6fd,data/external/include_pose/INCLUDE/Pose_Signs/Clothes/42. T-Shirt/MVI_3852.pkl,data/processed/landmarks/include/T_SHIRT/ff4e404ed6fd.npz,92,0.0,0.0,0.9674,1.0,,
85cf3d4fe0eb,T_SHIRT,include,video,,include:clip:85cf3d4fe0eb,data/external/include_pose/INCLUDE/Pose_Signs/Clothes/42. T-Shirt/MVI_3704.pkl,data/processed/landmarks/include/T_SHIRT/85cf3d4fe0eb.npz,84,0.0,0.0,0.9643,1.0,,
9b70f9f0a21d,T_SHIRT,include,video,,include:clip:9b70f9f0a21d,data/external/include_pose/INCLUDE/Pose_Signs/Clothes/42. T-Shirt/MVI_3705.pkl,data/processed/landmarks/include/T_SHIRT/9b70f9f0a21d.npz,70,0.0,0.0,0.9429,1.0,,
e760a2495654,T_SHIRT,include,video,,include:clip:e760a2495654,data/external/include_pose/INCLUDE/Pose_Signs/Clothes/42. T-Shirt/MVI_3706.pkl,data/processed/landmarks/include/T_SHIRT/e760a2495654.npz,74,0.0,0.0,0.9595,1.0,,
b203cbc3c9ae,PANT,include,video,,include:clip:b203cbc3c9ae,data/external/include_pose/INCLUDE/Pose_Signs/Clothes/43. Pant/MVI_5024.pkl,data/processed/landmarks/include/PANT/b203cbc3c9ae.npz,47,0.0,0.0,0.9362,1.0,,
be194c1e42f2,PANT,include,video,,include:clip:be194c1e42f2,data/external/include_pose/INCLUDE/Pose_Signs/Clothes/43. Pant/MVI_4886.pkl,data/processed/landmarks/include/PANT/be194c1e42f2.npz,48,0.0,0.0,0.9792,1.0,,
719cc2e0a279,PANT,include,video,,include:clip:719cc2e0a279,data/external/include_pose/INCLUDE/Pose_Signs/Clothes/43. Pant/MVI_5025.pkl,data/processed/landmarks/include/PANT/719cc2e0a279.npz,53,0.0,0.0,1.0,1.0,,
e5661c793666,PANT,include,video,,include:clip:e5661c793666,data/external/include_pose/INCLUDE/Pose_Signs/Clothes/43. Pant/MVI_3708.pkl,data/processed/landmarks/include/PANT/e5661c793666.npz,63,0.0,0.0,0.9365,1.0,,
951ef0c44453,PANT,include,video,,include:clip:951ef0c44453,data/external/include_pose/INCLUDE/Pose_Signs/Clothes/43. Pant/MVI_4885.pkl,data/processed/landmarks/include/PANT/951ef0c44453.npz,65,0.0,0.0,0.9538,1.0,,
3257eba4757b,PANT,include,video,,include:clip:3257eba4757b,data/external/include_pose/INCLUDE/Pose_Signs/Clothes/43. Pant/MVI_4884.pkl,data/processed/landmarks/include/PANT/3257eba4757b.npz,52,0.0,0.0,0.9231,1.0,,
09cf47d63e0e,PANT,include,video,,include:clip:09cf47d63e0e,data/external/include_pose/INCLUDE/Pose_Signs/Clothes/43. Pant/MVI_5026.pkl,data/processed/landmarks/include/PANT/09cf47d63e0e.npz,51,0.0,0.0,0.9804,1.0,,
9c550783aefb,PANT,include,video,,include:clip:9c550783aefb,data/external/include_pose/INCLUDE/Pose_Signs/Clothes/43. Pant/MVI_3709.pkl,data/processed/landmarks/include/PANT/9c550783aefb.npz,59,0.0,0.0,0.9831,1.0,,
4304ba093f1c,PANT,include,video,,include:clip:4304ba093f1c,data/external/include_pose/INCLUDE/Pose_Signs/Clothes/43. Pant/MVI_8607.pkl,data/processed/landmarks/include/PANT/4304ba093f1c.npz,55,0.0,0.0,0.9273,1.0,,
10768e989c72,PANT,include,video,,include:clip:10768e989c72,data/external/include_pose/INCLUDE/Pose_Signs/Clothes/43. Pant/MVI_4007.pkl,data/processed/landmarks/include/PANT/10768e989c72.npz,65,0.0,0.0,1.0,1.0,,
0ecc271101db,PANT,include,video,,include:clip:0ecc271101db,data/external/include_pose/INCLUDE/Pose_Signs/Clothes/43. Pant/MVI_4005.pkl,data/processed/landmarks/include/PANT/0ecc271101db.npz,61,0.0,0.0,1.0,1.0,,
2ed4c7509bd4,PANT,include,video,,include:clip:2ed4c7509bd4,data/external/include_pose/INCLUDE/Pose_Signs/Clothes/43. Pant/MVI_5172.pkl,data/processed/landmarks/include/PANT/2ed4c7509bd4.npz,53,0.0,0.0,0.9811,1.0,,
d03152bb68f4,PANT,include,video,,include:clip:d03152bb68f4,data/external/include_pose/INCLUDE/Pose_Signs/Clothes/43. Pant/MVI_3853.pkl,data/processed/landmarks/include/PANT/d03152bb68f4.npz,74,0.0,0.0,0.9865,1.0,,
5c6600df2896,PANT,include,video,,include:clip:5c6600df2896,data/external/include_pose/INCLUDE/Pose_Signs/Clothes/43. Pant/MVI_3707.pkl,data/processed/landmarks/include/PANT/5c6600df2896.npz,77,0.0,0.0,0.987,1.0,,
dfebb9896aee,PANT,include,video,,include:clip:dfebb9896aee,data/external/include_pose/INCLUDE/Pose_Signs/Clothes/43. Pant/MVI_5174.pkl,data/processed/landmarks/include/PANT/dfebb9896aee.npz,39,0.0,0.0,0.9744,1.0,,
b41de8e4ed63,PANT,include,video,,include:clip:b41de8e4ed63,data/external/include_pose/INCLUDE/Pose_Signs/Clothes/43. Pant/MVI_3854.pkl,data/processed/landmarks/include/PANT/b41de8e4ed63.npz,80,0.0,0.0,1.0,1.0,,
3ef87006da83,SUIT,include,video,,include:clip:3ef87006da83,data/external/include_pose/INCLUDE/Pose_Signs/Clothes/39. Suit/MVI_3697.pkl,data/processed/landmarks/include/SUIT/3ef87006da83.npz,70,0.0,0.0,0.9286,1.0,,
16805b7316fb,SUIT,include,video,,include:clip:16805b7316fb,data/external/include_pose/INCLUDE/Pose_Signs/Clothes/39. Suit/MVI_4199.pkl,data/processed/landmarks/include/SUIT/16805b7316fb.npz,62,0.0,0.0,0.9355,1.0,,
7afd1ab7397d,SUIT,include,video,,include:clip:7afd1ab7397d,data/external/include_pose/INCLUDE/Pose_Signs/Clothes/39. Suit/MVI_3991.pkl,data/processed/landmarks/include/SUIT/7afd1ab7397d.npz,84,0.0,0.0,0.9762,1.0,,
b6bced621922,SUIT,include,video,,include:clip:b6bced621922,data/external/include_pose/INCLUDE/Pose_Signs/Clothes/39. Suit/MVI_3990.pkl,data/processed/landmarks/include/SUIT/b6bced621922.npz,81,0.0,0.0,0.9383,1.0,,
2d8105fc4a01,SUIT,include,video,,include:clip:2d8105fc4a01,data/external/include_pose/INCLUDE/Pose_Signs/Clothes/39. Suit/MVI_3992.pkl,data/processed/landmarks/include/SUIT/2d8105fc4a01.npz,73,0.0,0.0,0.9315,1.0,,
d902d35f954b,SUIT,include,video,,include:clip:d902d35f954b,data/external/include_pose/INCLUDE/Pose_Signs/Clothes/39. Suit/MVI_4871.pkl,data/processed/landmarks/include/SUIT/d902d35f954b.npz,72,0.0,0.0,0.8889,1.0,,
ef6194b43d18,SUIT,include,video,,include:clip:ef6194b43d18,data/external/include_pose/INCLUDE/Pose_Signs/Clothes/39. Suit/MVI_5012.pkl,data/processed/landmarks/include/SUIT/ef6194b43d18.npz,58,0.0,0.0,0.7931,1.0,,
bb80be8061c3,SUIT,include,video,,include:clip:bb80be8061c3,data/external/include_pose/INCLUDE/Pose_Signs/Clothes/39. Suit/MVI_4873.pkl,data/processed/landmarks/include/SUIT/bb80be8061c3.npz,81,0.0,0.0,0.9259,1.0,,
8c6580b24ca5,SUIT,include,video,,include:clip:8c6580b24ca5,data/external/include_pose/INCLUDE/Pose_Signs/Clothes/39. Suit/MVI_4872.pkl,data/processed/landmarks/include/SUIT/8c6580b24ca5.npz,82,0.0,0.0,0.9268,1.0,,
1091e6d00b39,SUIT,include,video,,include:clip:1091e6d00b39,data/external/include_pose/INCLUDE/Pose_Signs/Clothes/39. Suit/MVI_3842.pkl,data/processed/landmarks/include/SUIT/1091e6d00b39.npz,71,0.0,0.0,0.9296,1.0,,
2d991defbe33,SUIT,include,video,,include:clip:2d991defbe33,data/external/include_pose/INCLUDE/Pose_Signs/Clothes/39. Suit/MVI_5160.pkl,data/processed/landmarks/include/SUIT/2d991defbe33.npz,98,0.0,0.0,0.9898,1.0,,
eeefeb4c989f,SUIT,include,video,,include:clip:eeefeb4c989f,data/external/include_pose/INCLUDE/Pose_Signs/Clothes/39. Suit/MVI_5014.pkl,data/processed/landmarks/include/SUIT/eeefeb4c989f.npz,53,0.0,0.0,0.7925,1.0,,
949303db114b,SUIT,include,video,,include:clip:949303db114b,data/external/include_pose/INCLUDE/Pose_Signs/Clothes/39. Suit/MVI_3698.pkl,data/processed/landmarks/include/SUIT/949303db114b.npz,80,0.0,0.0,0.925,1.0,,
a5db4ea08511,SUIT,include,video,,include:clip:a5db4ea08511,data/external/include_pose/INCLUDE/Pose_Signs/Clothes/39. Suit/MVI_3841.pkl,data/processed/landmarks/include/SUIT/a5db4ea08511.npz,81,0.0,0.0,0.9506,1.0,,
ac2075b40c46,SUIT,include,video,,include:clip:ac2075b40c46,data/external/include_pose/INCLUDE/Pose_Signs/Clothes/39. Suit/MVI_5161.pkl,data/processed/landmarks/include/SUIT/ac2075b40c46.npz,61,0.0,0.0,0.9508,1.0,,
85ea7002d509,DRESS,include,video,,include:clip:85ea7002d509,data/external/include_pose/INCLUDE/Pose_Signs/Clothes/38. Dress/MVI_3694.pkl,data/processed/landmarks/include/DRESS/85ea7002d509.npz,64,0.0,0.0,1.0,1.0,,
99c505d89da2,DRESS,include,video,,include:clip:99c505d89da2,data/external/include_pose/INCLUDE/Pose_Signs/Clothes/38. Dress/MVI_8601.pkl,data/processed/landmarks/include/DRESS/99c505d89da2.npz,54,0.0,0.0,0.8889,1.0,,
3c88898d987b,DRESS,include,video,,include:clip:3c88898d987b,data/external/include_pose/INCLUDE/Pose_Signs/Clothes/38. Dress/MVI_3696.pkl,data/processed/landmarks/include/DRESS/3c88898d987b.npz,62,0.0,0.0,1.0,1.0,,
3e0b2bc9888a,DRESS,include,video,,include:clip:3e0b2bc9888a,data/external/include_pose/INCLUDE/Pose_Signs/Clothes/38. Dress/MVI_5157.pkl,data/processed/landmarks/include/DRESS/3e0b2bc9888a.npz,66,0.0,0.0,1.0,1.0,,
448ce381e42b,DRESS,include,video,,include:clip:448ce381e42b,data/external/include_pose/INCLUDE/Pose_Signs/Clothes/38. Dress/MVI_5009.pkl,data/processed/landmarks/include/DRESS/448ce381e42b.npz,49,0.0,0.0,0.8163,1.0,,
1be288dac2d2,DRESS,include,video,,include:clip:1be288dac2d2,data/external/include_pose/INCLUDE/Pose_Signs/Clothes/38. Dress/MVI_4868.pkl,data/processed/landmarks/include/DRESS/1be288dac2d2.npz,55,0.0,0.0,1.0,1.0,,
a5e4f0f63af9,DRESS,include,video,,include:clip:a5e4f0f63af9,data/external/include_pose/INCLUDE/Pose_Signs/Clothes/38. Dress/MVI_4869.pkl,data/processed/landmarks/include/DRESS/a5e4f0f63af9.npz,61,0.0,0.0,1.0,1.0,,
6b3e0f6fad1c,DRESS,include,video,,include:clip:6b3e0f6fad1c,data/external/include_pose/INCLUDE/Pose_Signs/Clothes/38. Dress/MVI_4198.pkl,data/processed/landmarks/include/DRESS/6b3e0f6fad1c.npz,50,0.0,0.0,1.0,1.0,,
13a858b5d09a,DRESS,include,video,,include:clip:13a858b5d09a,data/external/include_pose/INCLUDE/Pose_Signs/Clothes/38. Dress/MVI_3838.pkl,data/processed/landmarks/include/DRESS/13a858b5d09a.npz,48,0.0,0.0,1.0,1.0,,
9f50b4889878,DRESS,include,video,,include:clip:9f50b4889878,data/external/include_pose/INCLUDE/Pose_Signs/Clothes/38. Dress/MVI_3839.pkl,data/processed/landmarks/include/DRESS/9f50b4889878.npz,55,0.0,0.0,1.0,1.0,,
4ed531f641fe,DRESS,include,video,,include:clip:4ed531f641fe,data/external/include_pose/INCLUDE/Pose_Signs/Clothes/38. Dress/MVI_3989.pkl,data/processed/landmarks/include/DRESS/4ed531f641fe.npz,62,0.0,0.0,1.0,1.0,,
0bd6cc4dbbc0,DRESS,include,video,,include:clip:0bd6cc4dbbc0,data/external/include_pose/INCLUDE/Pose_Signs/Clothes/38. Dress/MVI_3988.pkl,data/processed/landmarks/include/DRESS/0bd6cc4dbbc0.npz,88,0.0,0.0,1.0,1.0,,
4c45624ba814,DRESS,include,video,,include:clip:4c45624ba814,data/external/include_pose/INCLUDE/Pose_Signs/Clothes/38. Dress/MVI_3987.pkl,data/processed/landmarks/include/DRESS/4c45624ba814.npz,68,0.0,0.0,1.0,1.0,,
91b726b97dfe,DRESS,include,video,,include:clip:91b726b97dfe,data/external/include_pose/INCLUDE/Pose_Signs/Clothes/38. Dress/MVI_5011.pkl,data/processed/landmarks/include/DRESS/91b726b97dfe.npz,51,0.0,0.0,0.8824,1.0,,
f48745749ad4,DRESS,include,video,,include:clip:f48745749ad4,data/external/include_pose/INCLUDE/Pose_Signs/Clothes/38. Dress/MVI_5158.pkl,data/processed/landmarks/include/DRESS/f48745749ad4.npz,56,0.0,0.0,1.0,1.0,,
75e6971614fd,DRESS,include,video,,include:clip:75e6971614fd,data/external/include_pose/INCLUDE/Pose_Signs/Clothes/38. Dress/MVI_3840.pkl,data/processed/landmarks/include/DRESS/75e6971614fd.npz,51,0.0,0.0,1.0,1.0,,
9302a30d5c6c,SHOES,include,video,,include:clip:9302a30d5c6c,data/external/include_pose/INCLUDE/Pose_Signs/Clothes/44. Shoes/MVI_5030.pkl,data/processed/landmarks/include/SHOES/9302a30d5c6c.npz,72,0.0,0.0,0.8889,1.0,,
d7dd8214d8ee,SHOES,include,video,,include:clip:d7dd8214d8ee,data/external/include_pose/INCLUDE/Pose_Signs/Clothes/44. Shoes/MVI_3858.pkl,data/processed/landmarks/include/SHOES/d7dd8214d8ee.npz,92,0.0,0.0,0.9783,1.0,,
a5f5398be699,SHOES,include,video,,include:clip:a5f5398be699,data/external/include_pose/INCLUDE/Pose_Signs/Clothes/44. Shoes/MVI_4204.pkl,data/processed/landmarks/include/SHOES/a5f5398be699.npz,57,0.0,0.0,0.9649,1.0,,
8bfa07e31cce,SHOES,include,video,,include:clip:8bfa07e31cce,data/external/include_pose/INCLUDE/Pose_Signs/Clothes/44. Shoes/MVI_4010.pkl,data/processed/landmarks/include/SHOES/8bfa07e31cce.npz,75,0.0,0.0,0.9467,1.0,,
9012543c6092,SHOES,include,video,,include:clip:9012543c6092,data/external/include_pose/INCLUDE/Pose_Signs/Clothes/44. Shoes/MVI_4008.pkl,data/processed/landmarks/include/SHOES/9012543c6092.npz,76,0.0,0.0,0.8816,1.0,,
2aa5076c4c2d,SHOES,include,video,,include:clip:2aa5076c4c2d,data/external/include_pose/INCLUDE/Pose_Signs/Clothes/44. Shoes/MVI_8608.pkl,data/processed/landmarks/include/SHOES/2aa5076c4c2d.npz,62,0.0,0.0,0.8387,1.0,,
8caf487a6f86,SHOES,include,video,,include:clip:8caf487a6f86,data/external/include_pose/INCLUDE/Pose_Signs/Clothes/44. Shoes/MVI_5177.pkl,data/processed/landmarks/include/SHOES/8caf487a6f86.npz,60,0.0,0.0,0.9667,1.0,,
c134e38cb310,SHOES,include,video,,include:clip:c134e38cb310,data/external/include_pose/INCLUDE/Pose_Signs/Clothes/44. Shoes/MVI_4889.pkl,data/processed/landmarks/include/SHOES/c134e38cb310.npz,74,0.0,0.0,1.0,1.0,,
63f2625c0246,SHOES,include,video,,include:clip:63f2625c0246,data/external/include_pose/INCLUDE/Pose_Signs/Clothes/44. Shoes/MVI_3856.pkl,data/processed/landmarks/include/SHOES/63f2625c0246.npz,83,0.0,0.0,0.9759,1.0,,
595d2c594902,SHOES,include,video,,include:clip:595d2c594902,data/external/include_pose/INCLUDE/Pose_Signs/Clothes/44. Shoes/MVI_4888.pkl,data/processed/landmarks/include/SHOES/595d2c594902.npz,80,0.0,0.0,0.9875,1.0,,
44125cfa8543,SHOES,include,video,,include:clip:44125cfa8543,data/external/include_pose/INCLUDE/Pose_Signs/Clothes/44. Shoes/MVI_5176.pkl,data/processed/landmarks/include/SHOES/44125cfa8543.npz,62,0.0,0.0,0.9677,1.0,,
f0c36603d662,SHOES,include,video,,include:clip:f0c36603d662,data/external/include_pose/INCLUDE/Pose_Signs/Clothes/44. Shoes/MVI_3711.pkl,data/processed/landmarks/include/SHOES/f0c36603d662.npz,69,0.0,0.0,0.8551,1.0,,
782e3cf32d81,SHOES,include,video,,include:clip:782e3cf32d81,data/external/include_pose/INCLUDE/Pose_Signs/Clothes/44. Shoes/MVI_5028.pkl,data/processed/landmarks/include/SHOES/782e3cf32d81.npz,64,0.0,0.0,0.875,1.0,,
9af98472a576,SHOES,include,video,,include:clip:9af98472a576,data/external/include_pose/INCLUDE/Pose_Signs/Clothes/44. Shoes/MVI_5029.pkl,data/processed/landmarks/include/SHOES/9af98472a576.npz,69,0.0,0.0,0.9275,1.0,,
713a4a9988fd,SHOES,include,video,,include:clip:713a4a9988fd,data/external/include_pose/INCLUDE/Pose_Signs/Clothes/44. Shoes/MVI_5175.pkl,data/processed/landmarks/include/SHOES/713a4a9988fd.npz,60,0.0,0.0,1.0,1.0,,
0d7ff6b30525,SHOES,include,video,,include:clip:0d7ff6b30525,data/external/include_pose/INCLUDE/Pose_Signs/Clothes/44. Shoes/MVI_3712.pkl,data/processed/landmarks/include/SHOES/0d7ff6b30525.npz,70,0.0,0.0,0.9286,1.0,,
589422eac5e1,RADIO,include,video,,include:clip:589422eac5e1,data/external/include_pose/INCLUDE/Pose_Signs/Electronics/60. Radio/MVI_9119.pkl,data/processed/landmarks/include/RADIO/589422eac5e1.npz,58,0.0,0.0,0.8793,1.0,,
055ae533045d,RADIO,include,video,,include:clip:055ae533045d,data/external/include_pose/INCLUDE/Pose_Signs/Electronics/60. Radio/MVI_5419.pkl,data/processed/landmarks/include/RADIO/055ae533045d.npz,52,0.0,0.0,0.9615,1.0,,
bd565794f59e,RADIO,include,video,,include:clip:bd565794f59e,data/external/include_pose/INCLUDE/Pose_Signs/Electronics/60. Radio/MVI_9121.pkl,data/processed/landmarks/include/RADIO/bd565794f59e.npz,56,0.0,0.0,0.8214,1.0,,
7e1f6272aac2,RADIO,include,video,,include:clip:7e1f6272aac2,data/external/include_pose/INCLUDE/Pose_Signs/Electronics/60. Radio/MVI_5418.pkl,data/processed/landmarks/include/RADIO/7e1f6272aac2.npz,52,0.0,0.0,0.9808,1.0,,
55e87986a5de,RADIO,include,video,,include:clip:55e87986a5de,data/external/include_pose/INCLUDE/Pose_Signs/Electronics/60. Radio/MVI_4562.pkl,data/processed/landmarks/include/RADIO/55e87986a5de.npz,52,0.0,0.0,0.8654,1.0,,
1365e4bc3770,RADIO,include,video,,include:clip:1365e4bc3770,data/external/include_pose/INCLUDE/Pose_Signs/Electronics/60. Radio/MVI_4561.pkl,data/processed/landmarks/include/RADIO/1365e4bc3770.npz,64,0.0,0.0,0.9062,1.0,,
264ef67f00f7,RADIO,include,video,,include:clip:264ef67f00f7,data/external/include_pose/INCLUDE/Pose_Signs/Electronics/60. Radio/MVI_4564.pkl,data/processed/landmarks/include/RADIO/264ef67f00f7.npz,59,0.0,0.0,0.8814,1.0,,
998fe3c481bb,RADIO,include,video,,include:clip:998fe3c481bb,data/external/include_pose/INCLUDE/Pose_Signs/Electronics/60. Radio/MVI_4989.pkl,data/processed/landmarks/include/RADIO/998fe3c481bb.npz,46,0.0,0.0,0.8696,1.0,,
79f77f930f8a,RADIO,include,video,,include:clip:79f77f930f8a,data/external/include_pose/INCLUDE/Pose_Signs/Electronics/60. Radio/MVI_4988.pkl,data/processed/landmarks/include/RADIO/79f77f930f8a.npz,46,0.0,0.0,0.8696,1.0,,
d7cca66ce066,RADIO,include,video,,include:clip:d7cca66ce066,data/external/include_pose/INCLUDE/Pose_Signs/Electronics/60. Radio/MVI_5416.pkl,data/processed/landmarks/include/RADIO/d7cca66ce066.npz,53,0.0,0.0,0.9811,1.0,,
e8b139cf6281,RADIO,include,video,,include:clip:e8b139cf6281,data/external/include_pose/INCLUDE/Pose_Signs/Electronics/60. Radio/MVI_5417.pkl,data/processed/landmarks/include/RADIO/e8b139cf6281.npz,56,0.0,0.0,0.9821,1.0,,
8352cfe2c31c,CLOCK,include,video,,include:clip:8352cfe2c31c,data/external/include_pose/INCLUDE/Pose_Signs/Electronics/51. Clock/MVI_9092.pkl,data/processed/landmarks/include/CLOCK/8352cfe2c31c.npz,82,0.0,0.0,0.9634,1.0,,
048529bb8160,CLOCK,include,video,,include:clip:048529bb8160,data/external/include_pose/INCLUDE/Pose_Signs/Electronics/51. Clock/MVI_5379.pkl,data/processed/landmarks/include/CLOCK/048529bb8160.npz,57,0.0,0.0,1.0,1.0,,
d41ce0403f02,CLOCK,include,video,,include:clip:d41ce0403f02,data/external/include_pose/INCLUDE/Pose_Signs/Electronics/51. Clock/MVI_9091.pkl,data/processed/landmarks/include/CLOCK/d41ce0403f02.npz,81,0.0,0.0,0.9753,1.0,,
2deab27b9352,CLOCK,include,video,,include:clip:2deab27b9352,data/external/include_pose/INCLUDE/Pose_Signs/Electronics/51. Clock/MVI_5381.pkl,data/processed/landmarks/include/CLOCK/2deab27b9352.npz,59,0.0,0.0,0.9831,1.0,,
5ce0fde29dab,CLOCK,include,video,,include:clip:5ce0fde29dab,data/external/include_pose/INCLUDE/Pose_Signs/Electronics/51. Clock/MVI_4959.pkl,data/processed/landmarks/include/CLOCK/5ce0fde29dab.npz,58,0.0,0.0,0.6724,1.0,,
592de164fc01,CLOCK,include,video,,include:clip:592de164fc01,data/external/include_pose/INCLUDE/Pose_Signs/Electronics/51. Clock/MVI_4960.pkl,data/processed/landmarks/include/CLOCK/592de164fc01.npz,57,0.0,0.0,0.6667,1.0,,
b5b3bae05f27,CLOCK,include,video,,include:clip:b5b3bae05f27,data/external/include_pose/INCLUDE/Pose_Signs/Electronics/51. Clock/MVI_4527.pkl,data/processed/landmarks/include/CLOCK/b5b3bae05f27.npz,90,0.0,0.0,0.9222,1.0,,
78c55a870274,CLOCK,include,video,,include:clip:78c55a870274,data/external/include_pose/INCLUDE/Pose_Signs/Electronics/51. Clock/MVI_4526.pkl,data/processed/landmarks/include/CLOCK/78c55a870274.npz,85,0.0,0.0,0.9412,1.0,,
405b82733609,CLOCK,include,video,,include:clip:405b82733609,data/external/include_pose/INCLUDE/Pose_Signs/Electronics/51. Clock/MVI_4524.pkl,data/processed/landmarks/include/CLOCK/405b82733609.npz,79,0.0,0.0,0.9241,1.0,,
314efeb80589,CLOCK,include,video,,include:clip:314efeb80589,data/external/include_pose/INCLUDE/Pose_Signs/Electronics/51. Clock/MVI_4525.pkl,data/processed/landmarks/include/CLOCK/314efeb80589.npz,102,0.0,0.0,0.9608,1.0,,
7584d81b6823,TELEVISION,include,video,,include:clip:7584d81b6823,data/external/include_pose/INCLUDE/Pose_Signs/Electronics/59. Television/MVI_9118.pkl,data/processed/landmarks/include/TELEVISION/7584d81b6823.npz,59,0.0,0.0,0.9322,1.0,,
ecf1d98f1c54,TELEVISION,include,video,,include:clip:ecf1d98f1c54,data/external/include_pose/INCLUDE/Pose_Signs/Electronics/59. Television/MVI_4560.pkl,data/processed/landmarks/include/TELEVISION/ecf1d98f1c54.npz,67,0.0,0.0,0.8806,1.0,,
f8f11e173ec8,TELEVISION,include,video,,include:clip:f8f11e173ec8,data/external/include_pose/INCLUDE/Pose_Signs/Electronics/59. Television/MVI_4559.pkl,data/processed/landmarks/include/TELEVISION/f8f11e173ec8.npz,47,0.0,0.0,0.7872,1.0,,
59481ab64f8a,TELEVISION,include,video,,include:clip:59481ab64f8a,data/external/include_pose/INCLUDE/Pose_Signs/Electronics/59. Television/MVI_4558.pkl,data/processed/landmarks/include/TELEVISION/59481ab64f8a.npz,58,0.0,0.0,0.9138,1.0,,
69e47f34b873,TELEVISION,include,video,,include:clip:69e47f34b873,data/external/include_pose/INCLUDE/Pose_Signs/Electronics/59. Television/MVI_4557.pkl,data/processed/landmarks/include/TELEVISION/69e47f34b873.npz,58,0.0,0.0,0.8793,1.0,,
536228325859,TELEVISION,include,video,,include:clip:536228325859,data/external/include_pose/INCLUDE/Pose_Signs/Electronics/59. Television/MVI_5415.pkl,data/processed/landmarks/include/TELEVISION/536228325859.npz,51,0.0,0.0,1.0,1.0,,
74fc1479d4e9,TELEVISION,include,video,,include:clip:74fc1479d4e9,data/external/include_pose/INCLUDE/Pose_Signs/Electronics/59. Television/MVI_5414.pkl,data/processed/landmarks/include/TELEVISION/74fc1479d4e9.npz,54,0.0,0.0,0.963,1.0,,
6d54d1f866c7,TELEVISION,include,video,,include:clip:6d54d1f866c7,data/external/include_pose/INCLUDE/Pose_Signs/Electronics/59. Television/MVI_5413.pkl,data/processed/landmarks/include/TELEVISION/6d54d1f866c7.npz,55,0.0,0.0,0.9273,1.0,,
db7c676e487c,TELEVISION,include,video,,include:clip:db7c676e487c,data/external/include_pose/INCLUDE/Pose_Signs/Electronics/59. Television/MVI_9117.pkl,data/processed/landmarks/include/TELEVISION/db7c676e487c.npz,60,0.0,0.0,0.95,1.0,,
ab0633ecd372,TELEVISION,include,video,,include:clip:ab0633ecd372,data/external/include_pose/INCLUDE/Pose_Signs/Electronics/59. Television/MVI_9116.pkl,data/processed/landmarks/include/TELEVISION/ab0633ecd372.npz,58,0.0,0.0,0.9655,1.0,,
d9b310b177cd,TELEVISION,include,video,,include:clip:d9b310b177cd,data/external/include_pose/INCLUDE/Pose_Signs/Electronics/59. Television/MVI_5412.pkl,data/processed/landmarks/include/TELEVISION/d9b310b177cd.npz,44,0.0,0.0,0.9545,1.0,,
5b26bd754518,CELL_PHONE,include,video,,include:clip:5b26bd754518,data/external/include_pose/INCLUDE/Pose_Signs/Electronics/54. Cell phone/MVI_5392.pkl,data/processed/landmarks/include/CELL_PHONE/5b26bd754518.npz,53,0.0,0.0,1.0,1.0,,
2ce930e99242,CELL_PHONE,include,video,,include:clip:2ce930e99242,data/external/include_pose/INCLUDE/Pose_Signs/Electronics/54. Cell phone/MVI_5393.pkl,data/processed/landmarks/include/CELL_PHONE/2ce930e99242.npz,53,0.0,0.0,1.0,1.0,,
81d10ab916d0,CELL_PHONE,include,video,,include:clip:81d10ab916d0,data/external/include_pose/INCLUDE/Pose_Signs/Electronics/54. Cell phone/MVI_5394.pkl,data/processed/landmarks/include/CELL_PHONE/81d10ab916d0.npz,60,0.0,0.0,1.0,1.0,,
47d0a7ebae5c,CELL_PHONE,include,video,,include:clip:47d0a7ebae5c,data/external/include_pose/INCLUDE/Pose_Signs/Electronics/54. Cell phone/MVI_4538.pkl,data/processed/landmarks/include/CELL_PHONE/47d0a7ebae5c.npz,47,0.0,0.0,1.0,1.0,,
00b994954e1b,CELL_PHONE,include,video,,include:clip:00b994954e1b,data/external/include_pose/INCLUDE/Pose_Signs/Electronics/54. Cell phone/MVI_4968.pkl,data/processed/landmarks/include/CELL_PHONE/00b994954e1b.npz,59,0.0,0.0,1.0,1.0,,
533c882b50c8,CELL_PHONE,include,video,,include:clip:533c882b50c8,data/external/include_pose/INCLUDE/Pose_Signs/Electronics/54. Cell phone/MVI_4969.pkl,data/processed/landmarks/include/CELL_PHONE/533c882b50c8.npz,68,0.0,0.0,1.0,1.0,,
e9bd4e3599a4,CELL_PHONE,include,video,,include:clip:e9bd4e3599a4,data/external/include_pose/INCLUDE/Pose_Signs/Electronics/54. Cell phone/MVI_4967.pkl,data/processed/landmarks/include/CELL_PHONE/e9bd4e3599a4.npz,55,0.0,0.0,1.0,1.0,,
8b836a1789f1,CELL_PHONE,include,video,,include:clip:8b836a1789f1,data/external/include_pose/INCLUDE/Pose_Signs/Electronics/54. Cell phone/MVI_4540.pkl,data/processed/landmarks/include/CELL_PHONE/8b836a1789f1.npz,45,0.0,0.0,0.9778,1.0,,
d220e5189fe7,CELL_PHONE,include,video,,include:clip:d220e5189fe7,data/external/include_pose/INCLUDE/Pose_Signs/Electronics/54. Cell phone/MVI_4537.pkl,data/processed/landmarks/include/CELL_PHONE/d220e5189fe7.npz,48,0.0,0.0,1.0,1.0,,
61b70e8ac99b,CELL_PHONE,include,video,,include:clip:61b70e8ac99b,data/external/include_pose/INCLUDE/Pose_Signs/Electronics/54. Cell phone/MVI_9102.pkl,data/processed/landmarks/include/CELL_PHONE/61b70e8ac99b.npz,62,0.0,0.0,1.0,1.0,,
ad59f264be2b,CELL_PHONE,include,video,,include:clip:ad59f264be2b,data/external/include_pose/INCLUDE/Pose_Signs/Electronics/54. Cell phone/MVI_9101.pkl,data/processed/landmarks/include/CELL_PHONE/ad59f264be2b.npz,69,0.0,0.0,1.0,1.0,,
41648537ee34,LAMP,include,video,,include:clip:41648537ee34,data/external/include_pose/INCLUDE/Pose_Signs/Electronics/52. Lamp/MVI_5385.pkl,data/processed/landmarks/include/LAMP/41648537ee34.npz,53,0.0,0.0,1.0,1.0,,
524c854dcd40,LAMP,include,video,,include:clip:524c854dcd40,data/external/include_pose/INCLUDE/Pose_Signs/Electronics/52. Lamp/MVI_4528.pkl,data/processed/landmarks/include/LAMP/524c854dcd40.npz,78,0.0,0.0,1.0,1.0,,
13069c2c94e7,LAMP,include,video,,include:clip:13069c2c94e7,data/external/include_pose/INCLUDE/Pose_Signs/Electronics/52. Lamp/MVI_5384.pkl,data/processed/landmarks/include/LAMP/13069c2c94e7.npz,54,0.0,0.0,1.0,1.0,,
2253973c2950,LAMP,include,video,,include:clip:2253973c2950,data/external/include_pose/INCLUDE/Pose_Signs/Electronics/52. Lamp/MVI_5386.pkl,data/processed/landmarks/include/LAMP/2253973c2950.npz,57,0.0,0.0,1.0,1.0,,
240d3cfe406f,LAMP,include,video,,include:clip:240d3cfe406f,data/external/include_pose/INCLUDE/Pose_Signs/Electronics/52. Lamp/MVI_5383.pkl,data/processed/landmarks/include/LAMP/240d3cfe406f.npz,52,0.0,0.0,1.0,1.0,,
e063c5861f64,LAMP,include,video,,include:clip:e063c5861f64,data/external/include_pose/INCLUDE/Pose_Signs/Electronics/52. Lamp/MVI_9095.pkl,data/processed/landmarks/include/LAMP/e063c5861f64.npz,76,0.0,0.0,1.0,1.0,,
37c345258608,LAMP,include,video,,include:clip:37c345258608,data/external/include_pose/INCLUDE/Pose_Signs/Electronics/52. Lamp/MVI_4961.pkl,data/processed/landmarks/include/LAMP/37c345258608.npz,59,0.0,0.0,1.0,1.0,,
55d903c66bb1,LAMP,include,video,,include:clip:55d903c66bb1,data/external/include_pose/INCLUDE/Pose_Signs/Electronics/52. Lamp/MVI_4962.pkl,data/processed/landmarks/include/LAMP/55d903c66bb1.npz,60,0.0,0.0,1.0,1.0,,
3f0ce787b984,LAMP,include,video,,include:clip:3f0ce787b984,data/external/include_pose/INCLUDE/Pose_Signs/Electronics/52. Lamp/MVI_4963.pkl,data/processed/landmarks/include/LAMP/3f0ce787b984.npz,54,0.0,0.0,1.0,1.0,,
56142c08adc6,LAMP,include,video,,include:clip:56142c08adc6,data/external/include_pose/INCLUDE/Pose_Signs/Electronics/52. Lamp/MVI_4530.pkl,data/processed/landmarks/include/LAMP/56142c08adc6.npz,55,0.0,0.0,0.9818,1.0,,
83c5bc6a00ed,LAMP,include,video,,include:clip:83c5bc6a00ed,data/external/include_pose/INCLUDE/Pose_Signs/Electronics/52. Lamp/MVI_4531.pkl,data/processed/landmarks/include/LAMP/83c5bc6a00ed.npz,93,0.0,0.0,1.0,1.0,,
6da61f7ed29d,COMPUTER,include,video,,include:clip:6da61f7ed29d,data/external/include_pose/INCLUDE/Pose_Signs/Electronics/55. Computer/MVI_5397.pkl,data/processed/landmarks/include/COMPUTER/6da61f7ed29d.npz,69,0.0,0.0,0.971,1.0,,
6453df2048f4,COMPUTER,include,video,,include:clip:6453df2048f4,data/external/include_pose/INCLUDE/Pose_Signs/Electronics/55. Computer/MVI_5396.pkl,data/processed/landmarks/include/COMPUTER/6453df2048f4.npz,67,0.0,0.0,0.9701,1.0,,
6b741d74ea0b,COMPUTER,include,video,,include:clip:6b741d74ea0b,data/external/include_pose/INCLUDE/Pose_Signs/Electronics/55. Computer/MVI_5395.pkl,data/processed/landmarks/include/COMPUTER/6b741d74ea0b.npz,65,0.0,0.0,1.0,1.0,,
2c2c335389f6,COMPUTER,include,video,,include:clip:2c2c335389f6,data/external/include_pose/INCLUDE/Pose_Signs/Electronics/55. Computer/MVI_4542.pkl,data/processed/landmarks/include/COMPUTER/2c2c335389f6.npz,79,0.0,0.0,0.8481,1.0,,
d753a4dde291,COMPUTER,include,video,,include:clip:d753a4dde291,data/external/include_pose/INCLUDE/Pose_Signs/Electronics/55. Computer/MVI_4972.pkl,data/processed/landmarks/include/COMPUTER/d753a4dde291.npz,68,0.0,0.0,0.8235,1.0,,
f1e4e3b09ea7,COMPUTER,include,video,,include:clip:f1e4e3b09ea7,data/external/include_pose/INCLUDE/Pose_Signs/Electronics/55. Computer/MVI_4970.pkl,data/processed/landmarks/include/COMPUTER/f1e4e3b09ea7.npz,63,0.0,0.0,0.8889,1.0,,
d6c6004d26e8,COMPUTER,include,video,,include:clip:d6c6004d26e8,data/external/include_pose/INCLUDE/Pose_Signs/Electronics/55. Computer/MVI_4541.pkl,data/processed/landmarks/include/COMPUTER/d6c6004d26e8.npz,80,0.0,0.0,0.875,1.0,,
edff6320acf7,COMPUTER,include,video,,include:clip:edff6320acf7,data/external/include_pose/INCLUDE/Pose_Signs/Electronics/55. Computer/MVI_4971.pkl,data/processed/landmarks/include/COMPUTER/edff6320acf7.npz,55,0.0,0.0,0.9455,1.0,,
8c6311353143,COMPUTER,include,video,,include:clip:8c6311353143,data/external/include_pose/INCLUDE/Pose_Signs/Electronics/55. Computer/MVI_9105.pkl,data/processed/landmarks/include/COMPUTER/8c6311353143.npz,97,0.0,0.0,0.9072,1.0,,
ad8a3a17a5fb,COMPUTER,include,video,,include:clip:ad8a3a17a5fb,data/external/include_pose/INCLUDE/Pose_Signs/Electronics/55. Computer/MVI_5398.pkl,data/processed/landmarks/include/COMPUTER/ad8a3a17a5fb.npz,67,0.0,0.0,0.9403,1.0,,
8b09929268af,COMPUTER,include,video,,include:clip:8b09929268af,data/external/include_pose/INCLUDE/Pose_Signs/Electronics/55. Computer/MVI_9103.pkl,data/processed/landmarks/include/COMPUTER/8b09929268af.npz,86,0.0,0.0,0.9186,1.0,,
71cc6eb3e01f,SCREEN,include,video,,include:clip:71cc6eb3e01f,data/external/include_pose/INCLUDE/Pose_Signs/Electronics/57. Screen/MVI_4549.pkl,data/processed/landmarks/include/SCREEN/71cc6eb3e01f.npz,67,0.0,0.0,0.8806,1.0,,
657127d9e68a,SCREEN,include,video,,include:clip:657127d9e68a,data/external/include_pose/INCLUDE/Pose_Signs/Electronics/57. Screen/MVI_4978.pkl,data/processed/landmarks/include/SCREEN/657127d9e68a.npz,57,0.0,0.0,0.9123,1.0,,
47f8d47f2490,SCREEN,include,video,,include:clip:47f8d47f2490,data/external/include_pose/INCLUDE/Pose_Signs/Electronics/57. Screen/MVI_4550.pkl,data/processed/landmarks/include/SCREEN/47f8d47f2490.npz,71,0.0,0.0,0.9155,1.0,,
e5b7889962ad,SCREEN,include,video,,include:clip:e5b7889962ad,data/external/include_pose/INCLUDE/Pose_Signs/Electronics/57. Screen/MVI_4551.pkl,data/processed/landmarks/include/SCREEN/e5b7889962ad.npz,66,0.0,0.0,0.9394,1.0,,
f464e46fcc7c,SCREEN,include,video,,include:clip:f464e46fcc7c,data/external/include_pose/INCLUDE/Pose_Signs/Electronics/57. Screen/MVI_4552.pkl,data/processed/landmarks/include/SCREEN/f464e46fcc7c.npz,67,0.0,0.0,0.9254,1.0,,
37c6640807db,SCREEN,include,video,,include:clip:37c6640807db,data/external/include_pose/INCLUDE/Pose_Signs/Electronics/57. Screen/MVI_4977.pkl,data/processed/landmarks/include/SCREEN/37c6640807db.npz,61,0.0,0.0,0.8689,1.0,,
6387f720a532,SCREEN,include,video,,include:clip:6387f720a532,data/external/include_pose/INCLUDE/Pose_Signs/Electronics/57. Screen/MVI_9111.pkl,data/processed/landmarks/include/SCREEN/6387f720a532.npz,72,0.0,0.0,0.9306,1.0,,
66df0f947456,SCREEN,include,video,,include:clip:66df0f947456,data/external/include_pose/INCLUDE/Pose_Signs/Electronics/57. Screen/MVI_9110.pkl,data/processed/landmarks/include/SCREEN/66df0f947456.npz,68,0.0,0.0,0.9412,1.0,,
d296d4add7f0,SCREEN,include,video,,include:clip:d296d4add7f0,data/external/include_pose/INCLUDE/Pose_Signs/Electronics/57. Screen/MVI_5403.pkl,data/processed/landmarks/include/SCREEN/d296d4add7f0.npz,63,0.0,0.0,0.9841,1.0,,
1086fad0f188,SCREEN,include,video,,include:clip:1086fad0f188,data/external/include_pose/INCLUDE/Pose_Signs/Electronics/57. Screen/MVI_5404.pkl,data/processed/landmarks/include/SCREEN/1086fad0f188.npz,65,0.0,0.0,0.9692,1.0,,
0d9eb91899ea,SCREEN,include,video,,include:clip:0d9eb91899ea,data/external/include_pose/INCLUDE/Pose_Signs/Electronics/57. Screen/MVI_5405.pkl,data/processed/landmarks/include/SCREEN/0d9eb91899ea.npz,62,0.0,0.0,1.0,1.0,,
818fe851998f,FAN,include,video,,include:clip:818fe851998f,data/external/include_pose/INCLUDE/Pose_Signs/Electronics/53. Fan/MVI_5390.pkl,data/processed/landmarks/include/FAN/818fe851998f.npz,57,0.0,0.0,1.0,1.0,,
cccdcd369853,FAN,include,video,,include:clip:cccdcd369853,data/external/include_pose/INCLUDE/Pose_Signs/Electronics/53. Fan/MVI_5387.pkl,data/processed/landmarks/include/FAN/cccdcd369853.npz,56,0.0,0.0,1.0,1.0,,
974e094dc8ea,FAN,include,video,,include:clip:974e094dc8ea,data/external/include_pose/INCLUDE/Pose_Signs/Electronics/53. Fan/MVI_4966.pkl,data/processed/landmarks/include/FAN/974e094dc8ea.npz,53,0.0,0.0,1.0,1.0,,
cbfc5286c1d9,FAN,include,video,,include:clip:cbfc5286c1d9,data/external/include_pose/INCLUDE/Pose_Signs/Electronics/53. Fan/MVI_4964.pkl,data/processed/landmarks/include/FAN/cbfc5286c1d9.npz,53,0.0,0.0,1.0,1.0,,
63c0ab3fd243,FAN,include,video,,include:clip:63c0ab3fd243,data/external/include_pose/INCLUDE/Pose_Signs/Electronics/53. Fan/MVI_4965.pkl,data/processed/landmarks/include/FAN/63c0ab3fd243.npz,56,0.0,0.0,1.0,1.0,,
5d1264c2e940,FAN,include,video,,include:clip:5d1264c2e940,data/external/include_pose/INCLUDE/Pose_Signs/Electronics/53. Fan/MVI_4535.pkl,data/processed/landmarks/include/FAN/5d1264c2e940.npz,58,0.0,0.0,0.9138,1.0,,
18d2298cb74e,FAN,include,video,,include:clip:18d2298cb74e,data/external/include_pose/INCLUDE/Pose_Signs/Electronics/53. Fan/MVI_4534.pkl,data/processed/landmarks/include/FAN/18d2298cb74e.npz,59,0.0,0.0,0.9492,1.0,,
629d3e18b839,FAN,include,video,,include:clip:629d3e18b839,data/external/include_pose/INCLUDE/Pose_Signs/Electronics/53. Fan/MVI_9098.pkl,data/processed/landmarks/include/FAN/629d3e18b839.npz,71,0.0,0.0,1.0,1.0,,
e5dec7b87b26,FAN,include,video,,include:clip:e5dec7b87b26,data/external/include_pose/INCLUDE/Pose_Signs/Electronics/53. Fan/MVI_4533.pkl,data/processed/landmarks/include/FAN/e5dec7b87b26.npz,65,0.0,0.0,0.9692,1.0,,
4d87c53d924b,FAN,include,video,,include:clip:4d87c53d924b,data/external/include_pose/INCLUDE/Pose_Signs/Electronics/53. Fan/MVI_4532.pkl,data/processed/landmarks/include/FAN/4d87c53d924b.npz,78,0.0,0.0,0.9872,1.0,,
0dd30c66fa8f,FAN,include,video,,include:clip:0dd30c66fa8f,data/external/include_pose/INCLUDE/Pose_Signs/Electronics/53. Fan/MVI_5389.pkl,data/processed/landmarks/include/FAN/0dd30c66fa8f.npz,55,0.0,0.0,1.0,1.0,,
d1c46f7e88f1,FAN,include,video,,include:clip:d1c46f7e88f1,data/external/include_pose/INCLUDE/Pose_Signs/Electronics/53. Fan/MVI_5388.pkl,data/processed/landmarks/include/FAN/d1c46f7e88f1.npz,53,0.0,0.0,1.0,1.0,,
7e501288f253,CAMERA,include,video,,include:clip:7e501288f253,data/external/include_pose/INCLUDE/Pose_Signs/Electronics/58. Camera/MVI_5408.pkl,data/processed/landmarks/include/CAMERA/7e501288f253.npz,52,0.0,0.0,0.9615,1.0,,
9684e8cd33ac,CAMERA,include,video,,include:clip:9684e8cd33ac,data/external/include_pose/INCLUDE/Pose_Signs/Electronics/58. Camera/MVI_4980.pkl,data/processed/landmarks/include/CAMERA/9684e8cd33ac.npz,47,0.0,0.0,0.8936,1.0,,
a8a257d6da11,CAMERA,include,video,,include:clip:a8a257d6da11,data/external/include_pose/INCLUDE/Pose_Signs/Electronics/58. Camera/MVI_4981.pkl,data/processed/landmarks/include/CAMERA/a8a257d6da11.npz,53,0.0,0.0,0.9057,1.0,,
4befd31fb7e2,CAMERA,include,video,,include:clip:4befd31fb7e2,data/external/include_pose/INCLUDE/Pose_Signs/Electronics/58. Camera/MVI_4556.pkl,data/processed/landmarks/include/CAMERA/4befd31fb7e2.npz,47,0.0,0.0,0.8723,1.0,,
48c561c33292,CAMERA,include,video,,include:clip:48c561c33292,data/external/include_pose/INCLUDE/Pose_Signs/Electronics/58. Camera/MVI_4555.pkl,data/processed/landmarks/include/CAMERA/48c561c33292.npz,52,0.0,0.0,0.8462,1.0,,
7874c9cab804,CAMERA,include,video,,include:clip:7874c9cab804,data/external/include_pose/INCLUDE/Pose_Signs/Electronics/58. Camera/MVI_4554.pkl,data/processed/landmarks/include/CAMERA/7874c9cab804.npz,49,0.0,0.0,0.8571,1.0,,
d8716cb0e29a,CAMERA,include,video,,include:clip:d8716cb0e29a,data/external/include_pose/INCLUDE/Pose_Signs/Electronics/58. Camera/MVI_4553.pkl,data/processed/landmarks/include/CAMERA/d8716cb0e29a.npz,49,0.0,0.0,0.8163,1.0,,
364585fe676a,CAMERA,include,video,,include:clip:364585fe676a,data/external/include_pose/INCLUDE/Pose_Signs/Electronics/58. Camera/MVI_9113.pkl,data/processed/landmarks/include/CAMERA/364585fe676a.npz,67,0.0,0.0,0.8657,1.0,,
619af31c4057,CAMERA,include,video,,include:clip:619af31c4057,data/external/include_pose/INCLUDE/Pose_Signs/Electronics/58. Camera/MVI_5407.pkl,data/processed/landmarks/include/CAMERA/619af31c4057.npz,51,0.0,0.0,0.902,1.0,,
4318aaa28c45,CAMERA,include,video,,include:clip:4318aaa28c45,data/external/include_pose/INCLUDE/Pose_Signs/Electronics/58. Camera/MVI_5410.pkl,data/processed/landmarks/include/CAMERA/4318aaa28c45.npz,65,0.0,0.0,0.9846,1.0,,
e0dd2f1b478c,CAMERA,include,video,,include:clip:e0dd2f1b478c,data/external/include_pose/INCLUDE/Pose_Signs/Electronics/58. Camera/MVI_9115.pkl,data/processed/landmarks/include/CAMERA/e0dd2f1b478c.npz,57,0.0,0.0,0.8772,1.0,,
0d0f8d7328e7,LAPTOP,include,video,,include:clip:0d0f8d7328e7,data/external/include_pose/INCLUDE/Pose_Signs/Electronics/56. Laptop/MVI_9108.pkl,data/processed/landmarks/include/LAPTOP/0d0f8d7328e7.npz,84,0.0,0.0,0.9405,1.0,,
14c14fdaed7e,LAPTOP,include,video,,include:clip:14c14fdaed7e,data/external/include_pose/INCLUDE/Pose_Signs/Electronics/56. Laptop/MVI_4548.pkl,data/processed/landmarks/include/LAPTOP/14c14fdaed7e.npz,73,0.0,0.0,0.8493,1.0,,
fa025c0d982a,LAPTOP,include,video,,include:clip:fa025c0d982a,data/external/include_pose/INCLUDE/Pose_Signs/Electronics/56. Laptop/MVI_4973.pkl,data/processed/landmarks/include/LAPTOP/fa025c0d982a.npz,62,0.0,0.0,0.7903,1.0,,
55d9b693b2f6,LAPTOP,include,video,,include:clip:55d9b693b2f6,data/external/include_pose/INCLUDE/Pose_Signs/Electronics/56. Laptop/MVI_4975.pkl,data/processed/landmarks/include/LAPTOP/55d9b693b2f6.npz,52,0.0,0.0,0.7115,1.0,,
73334c0f513e,LAPTOP,include,video,,include:clip:73334c0f513e,data/external/include_pose/INCLUDE/Pose_Signs/Electronics/56. Laptop/MVI_4545.pkl,data/processed/landmarks/include/LAPTOP/73334c0f513e.npz,64,0.0,0.0,0.9062,1.0,,
71461189d758,LAPTOP,include,video,,include:clip:71461189d758,data/external/include_pose/INCLUDE/Pose_Signs/Electronics/56. Laptop/MVI_4974.pkl,data/processed/landmarks/include/LAPTOP/71461189d758.npz,56,0.0,0.0,0.7321,1.0,,
9aba8c872fe3,LAPTOP,include,video,,include:clip:9aba8c872fe3,data/external/include_pose/INCLUDE/Pose_Signs/Electronics/56. Laptop/MVI_4546.pkl,data/processed/landmarks/include/LAPTOP/9aba8c872fe3.npz,74,0.0,0.0,0.8649,1.0,,
b5aae4c32267,LAPTOP,include,video,,include:clip:b5aae4c32267,data/external/include_pose/INCLUDE/Pose_Signs/Electronics/56. Laptop/MVI_5401.pkl,data/processed/landmarks/include/LAPTOP/b5aae4c32267.npz,61,0.0,0.0,0.9672,1.0,,
eafffe3be6e5,LAPTOP,include,video,,include:clip:eafffe3be6e5,data/external/include_pose/INCLUDE/Pose_Signs/Electronics/56. Laptop/MVI_5399.pkl,data/processed/landmarks/include/LAPTOP/eafffe3be6e5.npz,60,0.0,0.0,0.9833,1.0,,
da53431814d1,LAPTOP,include,video,,include:clip:da53431814d1,data/external/include_pose/INCLUDE/Pose_Signs/Electronics/56. Laptop/MVI_9106.pkl,data/processed/landmarks/include/LAPTOP/da53431814d1.npz,91,0.0,0.0,1.0,1.0,,
ddaf9d434d13,LAPTOP,include,video,,include:clip:ddaf9d434d13,data/external/include_pose/INCLUDE/Pose_Signs/Electronics/56. Laptop/MVI_9107.pkl,data/processed/landmarks/include/LAPTOP/ddaf9d434d13.npz,80,0.0,0.0,0.95,1.0,,
c48b03a7463f,OFFICE,include,video,,include:clip:c48b03a7463f,data/external/include_pose/INCLUDE/Pose_Signs/Places/25. Office/MVI_3678.pkl,data/processed/landmarks/include/OFFICE/c48b03a7463f.npz,62,0.0,0.0,1.0,1.0,,
39d084a16f78,OFFICE,include,video,,include:clip:39d084a16f78,data/external/include_pose/INCLUDE/Pose_Signs/Places/25. Office/MVI_3297.pkl,data/processed/landmarks/include/OFFICE/39d084a16f78.npz,60,0.0,0.0,0.95,1.0,,
8c2b59a098a0,OFFICE,include,video,,include:clip:8c2b59a098a0,data/external/include_pose/INCLUDE/Pose_Signs/Places/25. Office/MVI_3295.pkl,data/processed/landmarks/include/OFFICE/8c2b59a098a0.npz,68,0.0,0.0,1.0,1.0,,
6208fdcc688e,OFFICE,include,video,,include:clip:6208fdcc688e,data/external/include_pose/INCLUDE/Pose_Signs/Places/25. Office/MVI_3294.pkl,data/processed/landmarks/include/OFFICE/6208fdcc688e.npz,80,0.0,0.0,1.0,1.0,,
7bbef87a1dbf,OFFICE,include,video,,include:clip:7bbef87a1dbf,data/external/include_pose/INCLUDE/Pose_Signs/Places/25. Office/MVI_3542.pkl,data/processed/landmarks/include/OFFICE/7bbef87a1dbf.npz,45,0.0,0.0,0.9778,1.0,,
2aef21365c51,OFFICE,include,video,,include:clip:2aef21365c51,data/external/include_pose/INCLUDE/Pose_Signs/Places/25. Office/MVI_3621.pkl,data/processed/landmarks/include/OFFICE/2aef21365c51.npz,54,0.0,0.0,1.0,1.0,,
fc7ecbe880a9,OFFICE,include,video,,include:clip:fc7ecbe880a9,data/external/include_pose/INCLUDE/Pose_Signs/Places/25. Office/MVI_3540.pkl,data/processed/landmarks/include/OFFICE/fc7ecbe880a9.npz,46,0.0,0.0,1.0,1.0,,
fe6d5f563d27,OFFICE,include,video,,include:clip:fe6d5f563d27,data/external/include_pose/INCLUDE/Pose_Signs/Places/25. Office/MVI_3619.pkl,data/processed/landmarks/include/OFFICE/fe6d5f563d27.npz,50,0.0,0.0,1.0,1.0,,
bb846f53b797,OFFICE,include,video,,include:clip:bb846f53b797,data/external/include_pose/INCLUDE/Pose_Signs/Places/25. Office/MVI_3618.pkl,data/processed/landmarks/include/OFFICE/bb846f53b797.npz,52,0.0,0.0,1.0,1.0,,
e8a744630426,OFFICE,include,video,,include:clip:e8a744630426,data/external/include_pose/INCLUDE/Pose_Signs/Places/25. Office/MVI_3460.pkl,data/processed/landmarks/include/OFFICE/e8a744630426.npz,47,0.0,0.0,1.0,1.0,,
bd5d34bfa79e,OFFICE,include,video,,include:clip:bd5d34bfa79e,data/external/include_pose/INCLUDE/Pose_Signs/Places/25. Office/MVI_3677.pkl,data/processed/landmarks/include/OFFICE/bd5d34bfa79e.npz,59,0.0,0.0,1.0,1.0,,
5d17afb1578f,OFFICE,include,video,,include:clip:5d17afb1578f,data/external/include_pose/INCLUDE/Pose_Signs/Places/25. Office/MVI_3461.pkl,data/processed/landmarks/include/OFFICE/5d17afb1578f.npz,56,0.0,0.0,1.0,1.0,,
c077ebd010cb,OFFICE,include,video,,include:clip:c077ebd010cb,data/external/include_pose/INCLUDE/Pose_Signs/Places/25. Office/MVI_3463.pkl,data/processed/landmarks/include/OFFICE/c077ebd010cb.npz,49,0.0,0.0,1.0,1.0,,
c31d33ffaf22,OFFICE,include,video,,include:clip:c31d33ffaf22,data/external/include_pose/INCLUDE/Pose_Signs/Places/25. Office/MVI_3675.pkl,data/processed/landmarks/include/OFFICE/c31d33ffaf22.npz,66,0.0,0.0,1.0,1.0,,
7e4d5a08b421,OFFICE,include,video,,include:clip:7e4d5a08b421,data/external/include_pose/INCLUDE/Pose_Signs/Places/25. Office/MVI_3462.pkl,data/processed/landmarks/include/OFFICE/7e4d5a08b421.npz,59,0.0,0.0,1.0,1.0,,
ccda33138416,OFFICE,include,video,,include:clip:ccda33138416,data/external/include_pose/INCLUDE/Pose_Signs/Places/25. Office/MVI_3539.pkl,data/processed/landmarks/include/OFFICE/ccda33138416.npz,49,0.0,0.0,1.0,1.0,,
1ad52af53397,TEMPLE,include,video,,include:clip:1ad52af53397,data/external/include_pose/INCLUDE/Pose_Signs/Places/31. Temple/MVI_3643.pkl,data/processed/landmarks/include/TEMPLE/1ad52af53397.npz,63,0.0,0.0,0.8095,1.0,,
f189e31d66db,TEMPLE,include,video,,include:clip:f189e31d66db,data/external/include_pose/INCLUDE/Pose_Signs/Places/31. Temple/MVI_3642.pkl,data/processed/landmarks/include/TEMPLE/f189e31d66db.npz,77,0.0,0.0,0.8961,1.0,,
c28b3d8b4536,TEMPLE,include,video,,include:clip:c28b3d8b4536,data/external/include_pose/INCLUDE/Pose_Signs/Places/31. Temple/MVI_3319.pkl,data/processed/landmarks/include/TEMPLE/c28b3d8b4536.npz,78,0.0,0.0,0.9103,1.0,,
8f669a776f24,TEMPLE,include,video,,include:clip:8f669a776f24,data/external/include_pose/INCLUDE/Pose_Signs/Places/31. Temple/MVI_3484.pkl,data/processed/landmarks/include/TEMPLE/8f669a776f24.npz,82,0.0,0.0,0.8537,1.0,,
dd75d0b90858,TEMPLE,include,video,,include:clip:dd75d0b90858,data/external/include_pose/INCLUDE/Pose_Signs/Places/31. Temple/MVI_3645.pkl,data/processed/landmarks/include/TEMPLE/dd75d0b90858.npz,75,0.0,0.0,0.8667,1.0,,
e2e79faeb7f3,TEMPLE,include,video,,include:clip:e2e79faeb7f3,data/external/include_pose/INCLUDE/Pose_Signs/Places/31. Temple/MVI_3644.pkl,data/processed/landmarks/include/TEMPLE/e2e79faeb7f3.npz,63,0.0,0.0,0.873,1.0,,
a9144c3f08d2,TEMPLE,include,video,,include:clip:a9144c3f08d2,data/external/include_pose/INCLUDE/Pose_Signs/Places/31. Temple/MVI_3485.pkl,data/processed/landmarks/include/TEMPLE/a9144c3f08d2.npz,82,0.0,0.0,0.9024,1.0,,
eda70b18ce5f,TEMPLE,include,video,,include:clip:eda70b18ce5f,data/external/include_pose/INCLUDE/Pose_Signs/Places/31. Temple/MVI_3320.pkl,data/processed/landmarks/include/TEMPLE/eda70b18ce5f.npz,94,0.0,0.0,0.8936,1.0,,
1c563bb57f00,TEMPLE,include,video,,include:clip:1c563bb57f00,data/external/include_pose/INCLUDE/Pose_Signs/Places/31. Temple/MVI_3322.pkl,data/processed/landmarks/include/TEMPLE/1c563bb57f00.npz,83,0.0,0.0,0.9277,1.0,,
47db20a3fd8c,TEMPLE,include,video,,include:clip:47db20a3fd8c,data/external/include_pose/INCLUDE/Pose_Signs/Places/31. Temple/MVI_3487.pkl,data/processed/landmarks/include/TEMPLE/47db20a3fd8c.npz,83,0.0,0.0,0.9277,1.0,,
3e447793baad,TEMPLE,include,video,,include:clip:3e447793baad,data/external/include_pose/INCLUDE/Pose_Signs/Places/31. Temple/MVI_3403.pkl,data/processed/landmarks/include/TEMPLE/3e447793baad.npz,62,0.0,0.0,0.9355,1.0,,
440e36a0931f,TEMPLE,include,video,,include:clip:440e36a0931f,data/external/include_pose/INCLUDE/Pose_Signs/Places/31. Temple/MVI_3402.pkl,data/processed/landmarks/include/TEMPLE/440e36a0931f.npz,66,0.0,0.0,0.9394,1.0,,
96c4740cf6c6,TEMPLE,include,video,,include:clip:96c4740cf6c6,data/external/include_pose/INCLUDE/Pose_Signs/Places/31. Temple/Extra/MVI_3646.pkl,data/processed/landmarks/include/TEMPLE/96c4740cf6c6.npz,71,0.0,0.0,0.8873,1.0,,
906ff3e9f12c,TEMPLE,include,video,,include:clip:906ff3e9f12c,data/external/include_pose/INCLUDE/Pose_Signs/Places/31. Temple/MVI_3565.pkl,data/processed/landmarks/include/TEMPLE/906ff3e9f12c.npz,75,0.0,0.0,0.6933,1.0,,
0dc7aa032a52,TEMPLE,include,video,,include:clip:0dc7aa032a52,data/external/include_pose/INCLUDE/Pose_Signs/Places/31. Temple/MVI_3404.pkl,data/processed/landmarks/include/TEMPLE/0dc7aa032a52.npz,73,0.0,0.0,0.9315,1.0,,
1b1fdb661996,TEMPLE,include,video,,include:clip:1b1fdb661996,data/external/include_pose/INCLUDE/Pose_Signs/Places/31. Temple/MVI_3564.pkl,data/processed/landmarks/include/TEMPLE/1b1fdb661996.npz,70,0.0,0.0,0.7143,1.0,,
0d707b131193,TEMPLE,include,video,,include:clip:0d707b131193,data/external/include_pose/INCLUDE/Pose_Signs/Places/31. Temple/MVI_3566.pkl,data/processed/landmarks/include/TEMPLE/0d707b131193.npz,76,0.0,0.0,0.7237,1.0,,
bfa02ada9583,LOCATION,include,video,,include:clip:bfa02ada9583,data/external/include_pose/INCLUDE/Pose_Signs/Places/36. Location/MVI_3669.pkl,data/processed/landmarks/include/LOCATION/bfa02ada9583.npz,71,0.0,0.0,0.9296,1.0,,
4045f933b11f,LOCATION,include,video,,include:clip:4045f933b11f,data/external/include_pose/INCLUDE/Pose_Signs/Places/36. Location/MVI_3344.pkl,data/processed/landmarks/include/LOCATION/4045f933b11f.npz,63,0.0,0.0,0.9048,1.0,,
39444a21ebd7,LOCATION,include,video,,include:clip:39444a21ebd7,data/external/include_pose/INCLUDE/Pose_Signs/Places/36. Location/MVI_3587.pkl,data/processed/landmarks/include/LOCATION/39444a21ebd7.npz,56,0.0,0.0,0.6607,1.0,,
a5734012c97b,LOCATION,include,video,,include:clip:a5734012c97b,data/external/include_pose/INCLUDE/Pose_Signs/Places/36. Location/MVI_3343.pkl,data/processed/landmarks/include/LOCATION/a5734012c97b.npz,56,0.0,0.0,0.8929,1.0,,
c5e12ceca1ad,LOCATION,include,video,,include:clip:c5e12ceca1ad,data/external/include_pose/INCLUDE/Pose_Signs/Places/36. Location/MVI_3425.pkl,data/processed/landmarks/include/LOCATION/c5e12ceca1ad.npz,60,0.0,0.0,0.9667,1.0,,
990e72b1d894,LOCATION,include,video,,include:clip:990e72b1d894,data/external/include_pose/INCLUDE/Pose_Signs/Places/36. Location/MVI_3586.pkl,data/processed/landmarks/include/LOCATION/990e72b1d894.npz,41,0.0,0.0,0.561,1.0,,
d2692dc69170,LOCATION,include,video,,include:clip:d2692dc69170,data/external/include_pose/INCLUDE/Pose_Signs/Places/36. Location/MVI_3427.pkl,data/processed/landmarks/include/LOCATION/d2692dc69170.npz,61,0.0,0.0,0.9508,1.0,,
d7c9aaa02934,LOCATION,include,video,,include:clip:d7c9aaa02934,data/external/include_pose/INCLUDE/Pose_Signs/Places/36. Location/MVI_3426.pkl,data/processed/landmarks/include/LOCATION/d7c9aaa02934.npz,61,0.0,0.0,0.9016,1.0,,
504cb044ac91,LOCATION,include,video,,include:clip:504cb044ac91,data/external/include_pose/INCLUDE/Pose_Signs/Places/36. Location/MVI_3585.pkl,data/processed/landmarks/include/LOCATION/504cb044ac91.npz,52,0.0,0.0,0.6923,1.0,,
4a2f17193454,LOCATION,include,video,,include:clip:4a2f17193454,data/external/include_pose/INCLUDE/Pose_Signs/Places/36. Location/MVI_3428.pkl,data/processed/landmarks/include/LOCATION/4a2f17193454.npz,57,0.0,0.0,0.9825,1.0,,
0840a96ffe95,LOCATION,include,video,,include:clip:0840a96ffe95,data/external/include_pose/INCLUDE/Pose_Signs/Places/36. Location/Extra/MVI_3429.pkl,data/processed/landmarks/include/LOCATION/0840a96ffe95.npz,63,0.0,0.0,0.9524,1.0,,
7e198e6aa8cd,LOCATION,include,video,,include:clip:7e198e6aa8cd,data/external/include_pose/INCLUDE/Pose_Signs/Places/36. Location/Extra/MVI_3674.pkl,data/processed/landmarks/include/LOCATION/7e198e6aa8cd.npz,63,0.0,0.0,0.9683,1.0,,
6a47f84f3f3e,LOCATION,include,video,,include:clip:6a47f84f3f3e,data/external/include_pose/INCLUDE/Pose_Signs/Places/36. Location/MVI_3506.pkl,data/processed/landmarks/include/LOCATION/6a47f84f3f3e.npz,49,0.0,0.0,0.9796,1.0,,
3131a40f0bec,LOCATION,include,video,,include:clip:3131a40f0bec,data/external/include_pose/INCLUDE/Pose_Signs/Places/36. Location/MVI_3671.pkl,data/processed/landmarks/include/LOCATION/3131a40f0bec.npz,64,0.0,0.0,0.9219,1.0,,
9b95d0f5ddf8,LOCATION,include,video,,include:clip:9b95d0f5ddf8,data/external/include_pose/INCLUDE/Pose_Signs/Places/36. Location/MVI_3507.pkl,data/processed/landmarks/include/LOCATION/9b95d0f5ddf8.npz,51,0.0,0.0,0.9804,1.0,,
0cc00cfa676c,LOCATION,include,video,,include:clip:0cc00cfa676c,data/external/include_pose/INCLUDE/Pose_Signs/Places/36. Location/MVI_3505.pkl,data/processed/landmarks/include/LOCATION/0cc00cfa676c.npz,42,0.0,0.0,0.9762,1.0,,
8e39dae48959,LOCATION,include,video,,include:clip:8e39dae48959,data/external/include_pose/INCLUDE/Pose_Signs/Places/36. Location/MVI_3673.pkl,data/processed/landmarks/include/LOCATION/8e39dae48959.npz,71,0.0,0.0,0.9577,1.0,,
0b2549952eba,LOCATION,include,video,,include:clip:0b2549952eba,data/external/include_pose/INCLUDE/Pose_Signs/Places/36. Location/MVI_3504.pkl,data/processed/landmarks/include/LOCATION/0b2549952eba.npz,44,0.0,0.0,0.9318,1.0,,
539f40d37725,UNIVERSITY,include,video,,include:clip:539f40d37725,data/external/include_pose/INCLUDE/Pose_Signs/Places/26. University/MVI_3378.pkl,data/processed/landmarks/include/UNIVERSITY/539f40d37725.npz,61,0.0,0.0,1.0,1.0,,
0f0489125e7b,UNIVERSITY,include,video,,include:clip:0f0489125e7b,data/external/include_pose/INCLUDE/Pose_Signs/Places/26. University/MVI_3543.pkl,data/processed/landmarks/include/UNIVERSITY/0f0489125e7b.npz,44,0.0,0.0,1.0,1.0,,
2a71d238f656,UNIVERSITY,include,video,,include:clip:2a71d238f656,data/external/include_pose/INCLUDE/Pose_Signs/Places/26. University/MVI_3623.pkl,data/processed/landmarks/include/UNIVERSITY/2a71d238f656.npz,46,0.0,0.0,1.0,1.0,,
26a60058fc59,UNIVERSITY,include,video,,include:clip:26a60058fc59,data/external/include_pose/INCLUDE/Pose_Signs/Places/26. University/MVI_3622.pkl,data/processed/landmarks/include/UNIVERSITY/26a60058fc59.npz,49,0.0,0.0,1.0,1.0,,
25241807f871,UNIVERSITY,include,video,,include:clip:25241807f871,data/external/include_pose/INCLUDE/Pose_Signs/Places/26. University/MVI_3545.pkl,data/processed/landmarks/include/UNIVERSITY/25241807f871.npz,46,0.0,0.0,1.0,1.0,,
014299e80544,UNIVERSITY,include,video,,include:clip:014299e80544,data/external/include_pose/INCLUDE/Pose_Signs/Places/26. University/MVI_3625.pkl,data/processed/landmarks/include/UNIVERSITY/014299e80544.npz,44,0.0,0.0,1.0,1.0,,
e9e8d531d01a,UNIVERSITY,include,video,,include:clip:e9e8d531d01a,data/external/include_pose/INCLUDE/Pose_Signs/Places/26. University/MVI_3624.pkl,data/processed/landmarks/include/UNIVERSITY/e9e8d531d01a.npz,43,0.0,0.0,1.0,1.0,,
1846d6ae1110,UNIVERSITY,include,video,,include:clip:1846d6ae1110,data/external/include_pose/INCLUDE/Pose_Signs/Places/26. University/MVI_3546.pkl,data/processed/landmarks/include/UNIVERSITY/1846d6ae1110.npz,49,0.0,0.0,1.0,1.0,,
c0ceb914b2ec,UNIVERSITY,include,video,,include:clip:c0ceb914b2ec,data/external/include_pose/INCLUDE/Pose_Signs/Places/26. University/Extra/MVI_3626.pkl,data/processed/landmarks/include/UNIVERSITY/c0ceb914b2ec.npz,41,0.0,0.0,1.0,1.0,,
259592b6fe3b,UNIVERSITY,include,video,,include:clip:259592b6fe3b,data/external/include_pose/INCLUDE/Pose_Signs/Places/26. University/MVI_3377.pkl,data/processed/landmarks/include/UNIVERSITY/259592b6fe3b.npz,57,0.0,0.0,1.0,1.0,,
aa4ccb5b1f57,UNIVERSITY,include,video,,include:clip:aa4ccb5b1f57,data/external/include_pose/INCLUDE/Pose_Signs/Places/26. University/MVI_3376.pkl,data/processed/landmarks/include/UNIVERSITY/aa4ccb5b1f57.npz,53,0.0,0.0,1.0,1.0,,
b33c4b17794f,UNIVERSITY,include,video,,include:clip:b33c4b17794f,data/external/include_pose/INCLUDE/Pose_Signs/Places/26. University/MVI_3375.pkl,data/processed/landmarks/include/UNIVERSITY/b33c4b17794f.npz,66,0.0,0.0,1.0,1.0,,
eaa050a3bcaa,UNIVERSITY,include,video,,include:clip:eaa050a3bcaa,data/external/include_pose/INCLUDE/Pose_Signs/Places/26. University/MVI_3298.pkl,data/processed/landmarks/include/UNIVERSITY/eaa050a3bcaa.npz,68,0.0,0.0,0.9853,1.0,,
b3ccb371ee1b,UNIVERSITY,include,video,,include:clip:b3ccb371ee1b,data/external/include_pose/INCLUDE/Pose_Signs/Places/26. University/MVI_3466.pkl,data/processed/landmarks/include/UNIVERSITY/b3ccb371ee1b.npz,43,0.0,0.0,1.0,1.0,,
3f3aa9f8781d,UNIVERSITY,include,video,,include:clip:3f3aa9f8781d,data/external/include_pose/INCLUDE/Pose_Signs/Places/26. University/MVI_3300.pkl,data/processed/landmarks/include/UNIVERSITY/3f3aa9f8781d.npz,58,0.0,0.0,0.9828,1.0,,
b38a1fa93f1e,UNIVERSITY,include,video,,include:clip:b38a1fa93f1e,data/external/include_pose/INCLUDE/Pose_Signs/Places/26. University/MVI_3301.pkl,data/processed/landmarks/include/UNIVERSITY/b38a1fa93f1e.npz,56,0.0,0.0,0.9464,1.0,,
ae2ea5c68014,UNIVERSITY,include,video,,include:clip:ae2ea5c68014,data/external/include_pose/INCLUDE/Pose_Signs/Places/26. University/MVI_3464.pkl,data/processed/landmarks/include/UNIVERSITY/ae2ea5c68014.npz,48,0.0,0.0,1.0,1.0,,
03ef792cac0a,CITY,include,video,,include:clip:03ef792cac0a,data/external/include_pose/INCLUDE/Pose_Signs/Places/18. City/MVI_3508.pkl,data/processed/landmarks/include/CITY/03ef792cac0a.npz,68,0.0,0.0,0.8971,1.0,,
4f067438a579,CITY,include,video,,include:clip:4f067438a579,data/external/include_pose/INCLUDE/Pose_Signs/Places/18. City/MVI_3345.pkl,data/processed/landmarks/include/CITY/4f067438a579.npz,92,0.0,0.0,0.9783,1.0,,
e171e6fa1f95,CITY,include,video,,include:clip:e171e6fa1f95,data/external/include_pose/INCLUDE/Pose_Signs/Places/18. City/MVI_3347.pkl,data/processed/landmarks/include/CITY/e171e6fa1f95.npz,63,0.0,0.0,0.9683,1.0,,
e4671e0c7329,CITY,include,video,,include:clip:e4671e0c7329,data/external/include_pose/INCLUDE/Pose_Signs/Places/18. City/MVI_3434.pkl,data/processed/landmarks/include/CITY/e4671e0c7329.npz,70,0.0,0.0,1.0,1.0,,
4c3fcb6511ef,CITY,include,video,,include:clip:4c3fcb6511ef,data/external/include_pose/INCLUDE/Pose_Signs/Places/18. City/MVI_3346.pkl,data/processed/landmarks/include/CITY/4c3fcb6511ef.npz,64,0.0,0.0,0.9688,1.0,,
57a352a2505c,CITY,include,video,,include:clip:57a352a2505c,data/external/include_pose/INCLUDE/Pose_Signs/Places/18. City/MVI_3430.pkl,data/processed/landmarks/include/CITY/57a352a2505c.npz,72,0.0,0.0,0.9861,1.0,,
ce2392d0c968,CITY,include,video,,include:clip:ce2392d0c968,data/external/include_pose/INCLUDE/Pose_Signs/Places/18. City/MVI_3431.pkl,data/processed/landmarks/include/CITY/ce2392d0c968.npz,68,0.0,0.0,1.0,1.0,,
41dd26715786,CITY,include,video,,include:clip:41dd26715786,data/external/include_pose/INCLUDE/Pose_Signs/Places/18. City/MVI_3590.pkl,data/processed/landmarks/include/CITY/41dd26715786.npz,63,0.0,0.0,1.0,1.0,,
8778531abc48,CITY,include,video,,include:clip:8778531abc48,data/external/include_pose/INCLUDE/Pose_Signs/Places/18. City/MVI_3432.pkl,data/processed/landmarks/include/CITY/8778531abc48.npz,64,0.0,0.0,0.9844,1.0,,
0e011ee95419,CITY,include,video,,include:clip:0e011ee95419,data/external/include_pose/INCLUDE/Pose_Signs/Places/18. City/MVI_3591.pkl,data/processed/landmarks/include/CITY/0e011ee95419.npz,60,0.0,0.0,0.9667,1.0,,
b337ebaa60e5,CITY,include,video,,include:clip:b337ebaa60e5,data/external/include_pose/INCLUDE/Pose_Signs/Places/18. City/MVI_3348.pkl,data/processed/landmarks/include/CITY/b337ebaa60e5.npz,57,0.0,0.0,0.9123,1.0,,
a81f6b222a76,CITY,include,video,,include:clip:a81f6b222a76,data/external/include_pose/INCLUDE/Pose_Signs/Places/18. City/MVI_3266.pkl,data/processed/landmarks/include/CITY/a81f6b222a76.npz,81,0.0,0.0,0.9383,1.0,,
8f4dd784ec67,CITY,include,video,,include:clip:8f4dd784ec67,data/external/include_pose/INCLUDE/Pose_Signs/Places/18. City/MVI_3264.pkl,data/processed/landmarks/include/CITY/8f4dd784ec67.npz,65,0.0,0.0,0.9077,1.0,,
764f19ad9239,CITY,include,video,,include:clip:764f19ad9239,data/external/include_pose/INCLUDE/Pose_Signs/Places/18. City/MVI_3512.pkl,data/processed/landmarks/include/CITY/764f19ad9239.npz,60,0.0,0.0,0.85,1.0,,
887427beb7b7,CITY,include,video,,include:clip:887427beb7b7,data/external/include_pose/INCLUDE/Pose_Signs/Places/18. City/MVI_3263.pkl,data/processed/landmarks/include/CITY/887427beb7b7.npz,90,0.0,0.0,0.9556,1.0,,
90ba5eb841c9,CITY,include,video,,include:clip:90ba5eb841c9,data/external/include_pose/INCLUDE/Pose_Signs/Places/18. City/MVI_3510.pkl,data/processed/landmarks/include/CITY/90ba5eb841c9.npz,70,0.0,0.0,0.9143,1.0,,
7feeba2d924a,LIBRARY,include,video,,include:clip:7feeba2d924a,data/external/include_pose/INCLUDE/Pose_Signs/Places/29. Library/MVI_3478.pkl,data/processed/landmarks/include/LIBRARY/7feeba2d924a.npz,64,0.0,0.0,0.9844,1.0,,
17b7142e05c6,LIBRARY,include,video,,include:clip:17b7142e05c6,data/external/include_pose/INCLUDE/Pose_Signs/Places/29. Library/MVI_3479.pkl,data/processed/landmarks/include/LIBRARY/17b7142e05c6.npz,56,0.0,0.0,1.0,1.0,,
94d649d96ef1,LIBRARY,include,video,,include:clip:94d649d96ef1,data/external/include_pose/INCLUDE/Pose_Signs/Places/29. Library/MVI_3556.pkl,data/processed/landmarks/include/LIBRARY/94d649d96ef1.npz,63,0.0,0.0,0.8095,1.0,,
40e1faa72e55,LIBRARY,include,video,,include:clip:40e1faa72e55,data/external/include_pose/INCLUDE/Pose_Signs/Places/29. Library/MVI_3392.pkl,data/processed/landmarks/include/LIBRARY/40e1faa72e55.npz,70,0.0,0.0,0.8571,1.0,,
1aa2a34bd494,LIBRARY,include,video,,include:clip:1aa2a34bd494,data/external/include_pose/INCLUDE/Pose_Signs/Places/29. Library/MVI_3557.pkl,data/processed/landmarks/include/LIBRARY/1aa2a34bd494.npz,60,0.0,0.0,0.8833,1.0,,
afad93721e59,LIBRARY,include,video,,include:clip:afad93721e59,data/external/include_pose/INCLUDE/Pose_Signs/Places/29. Library/MVI_3390.pkl,data/processed/landmarks/include/LIBRARY/afad93721e59.npz,75,0.0,0.0,0.9333,1.0,,
4b5b89204d5e,LIBRARY,include,video,,include:clip:4b5b89204d5e,data/external/include_pose/INCLUDE/Pose_Signs/Places/29. Library/MVI_3391.pkl,data/processed/landmarks/include/LIBRARY/4b5b89204d5e.npz,70,0.0,0.0,0.8857,1.0,,
aed0ab161027,LIBRARY,include,video,,include:clip:aed0ab161027,data/external/include_pose/INCLUDE/Pose_Signs/Places/29. Library/MVI_3389.pkl,data/processed/landmarks/include/LIBRARY/aed0ab161027.npz,83,0.0,0.0,0.9157,1.0,,
75c1d511e792,LIBRARY,include,video,,include:clip:75c1d511e792,data/external/include_pose/INCLUDE/Pose_Signs/Places/29. Library/MVI_3558.pkl,data/processed/landmarks/include/LIBRARY/75c1d511e792.npz,58,0.0,0.0,0.7759,1.0,,
75373a4ff8c5,LIBRARY,include,video,,include:clip:75373a4ff8c5,data/external/include_pose/INCLUDE/Pose_Signs/Places/29. Library/MVI_3312.pkl,data/processed/landmarks/include/LIBRARY/75373a4ff8c5.npz,75,0.0,0.0,0.9467,1.0,,
08a28dcc3076,LIBRARY,include,video,,include:clip:08a28dcc3076,data/external/include_pose/INCLUDE/Pose_Signs/Places/29. Library/MVI_3313.pkl,data/processed/landmarks/include/LIBRARY/08a28dcc3076.npz,72,0.0,0.0,0.8611,1.0,,
e91414c60ccf,LIBRARY,include,video,,include:clip:e91414c60ccf,data/external/include_pose/INCLUDE/Pose_Signs/Places/29. Library/MVI_3477.pkl,data/processed/landmarks/include/LIBRARY/e91414c60ccf.npz,67,0.0,0.0,1.0,1.0,,
f8e5fe05b077,LIBRARY,include,video,,include:clip:f8e5fe05b077,data/external/include_pose/INCLUDE/Pose_Signs/Places/29. Library/MVI_3311.pkl,data/processed/landmarks/include/LIBRARY/f8e5fe05b077.npz,75,0.0,0.0,0.9467,1.0,,
bd62439f3b31,LIBRARY,include,video,,include:clip:bd62439f3b31,data/external/include_pose/INCLUDE/Pose_Signs/Places/29. Library/MVI_3476.pkl,data/processed/landmarks/include/LIBRARY/bd62439f3b31.npz,63,0.0,0.0,0.9841,1.0,,
c35a41e21900,LIBRARY,include,video,,include:clip:c35a41e21900,data/external/include_pose/INCLUDE/Pose_Signs/Places/29. Library/MVI_3667.pkl,data/processed/landmarks/include/LIBRARY/c35a41e21900.npz,67,0.0,0.0,0.9851,1.0,,
eab420afe886,LIBRARY,include,video,,include:clip:eab420afe886,data/external/include_pose/INCLUDE/Pose_Signs/Places/29. Library/MVI_3666.pkl,data/processed/landmarks/include/LIBRARY/eab420afe886.npz,62,0.0,0.0,1.0,1.0,,
720cff136429,GROUND,include,video,,include:clip:720cff136429,data/external/include_pose/INCLUDE/Pose_Signs/Places/34. Ground/MVI_3333.pkl,data/processed/landmarks/include/GROUND/720cff136429.npz,64,0.0,0.0,0.875,1.0,,
7832670ec2b5,GROUND,include,video,,include:clip:7832670ec2b5,data/external/include_pose/INCLUDE/Pose_Signs/Places/34. Ground/MVI_3496.pkl,data/processed/landmarks/include/GROUND/7832670ec2b5.npz,51,0.0,0.0,0.9216,1.0,,
033ee89cc326,GROUND,include,video,,include:clip:033ee89cc326,data/external/include_pose/INCLUDE/Pose_Signs/Places/34. Ground/MVI_3657.pkl,data/processed/landmarks/include/GROUND/033ee89cc326.npz,58,0.0,0.0,0.9483,1.0,,
a6ba3bc6a487,GROUND,include,video,,include:clip:a6ba3bc6a487,data/external/include_pose/INCLUDE/Pose_Signs/Places/34. Ground/MVI_3656.pkl,data/processed/landmarks/include/GROUND/a6ba3bc6a487.npz,57,0.0,0.0,0.9123,1.0,,
0bc995b21537,GROUND,include,video,,include:clip:0bc995b21537,data/external/include_pose/INCLUDE/Pose_Signs/Places/34. Ground/MVI_3497.pkl,data/processed/landmarks/include/GROUND/0bc995b21537.npz,48,0.0,0.0,0.9167,1.0,,
83624e40c880,GROUND,include,video,,include:clip:83624e40c880,data/external/include_pose/INCLUDE/Pose_Signs/Places/34. Ground/MVI_3332.pkl,data/processed/landmarks/include/GROUND/83624e40c880.npz,65,0.0,0.0,0.9231,1.0,,
37a4cf847f8f,GROUND,include,video,,include:clip:37a4cf847f8f,data/external/include_pose/INCLUDE/Pose_Signs/Places/34. Ground/MVI_3331.pkl,data/processed/landmarks/include/GROUND/37a4cf847f8f.npz,73,0.0,0.0,0.8904,1.0,,
968f3c0f6743,GROUND,include,video,,include:clip:968f3c0f6743,data/external/include_pose/INCLUDE/Pose_Signs/Places/34. Ground/MVI_3334.pkl,data/processed/landmarks/include/GROUND/968f3c0f6743.npz,65,0.0,0.0,0.9231,1.0,,
863227ff207d,GROUND,include,video,,include:clip:863227ff207d,data/external/include_pose/INCLUDE/Pose_Signs/Places/34. Ground/MVI_3580.pkl,data/processed/landmarks/include/GROUND/863227ff207d.npz,49,0.0,0.0,0.8776,1.0,,
2ec92f3b717d,GROUND,include,video,,include:clip:2ec92f3b717d,data/external/include_pose/INCLUDE/Pose_Signs/Places/34. Ground/MVI_3579.pkl,data/processed/landmarks/include/GROUND/2ec92f3b717d.npz,51,0.0,0.0,0.902,1.0,,
ad8968d3cdb5,GROUND,include,video,,include:clip:ad8968d3cdb5,data/external/include_pose/INCLUDE/Pose_Signs/Places/34. Ground/MVI_3414.pkl,data/processed/landmarks/include/GROUND/ad8968d3cdb5.npz,69,0.0,0.0,0.9565,1.0,,
50915ce11838,GROUND,include,video,,include:clip:50915ce11838,data/external/include_pose/INCLUDE/Pose_Signs/Places/34. Ground/MVI_3415.pkl,data/processed/landmarks/include/GROUND/50915ce11838.npz,73,0.0,0.0,0.9452,1.0,,
33191b789453,GROUND,include,video,,include:clip:33191b789453,data/external/include_pose/INCLUDE/Pose_Signs/Places/34. Ground/Extra/MVI_3660.pkl,data/processed/landmarks/include/GROUND/33191b789453.npz,49,0.0,0.0,0.9184,1.0,,
e7edcf1c16c2,GROUND,include,video,,include:clip:e7edcf1c16c2,data/external/include_pose/INCLUDE/Pose_Signs/Places/34. Ground/MVI_3499.pkl,data/processed/landmarks/include/GROUND/e7edcf1c16c2.npz,44,0.0,0.0,0.9318,1.0,,
77c97c04a3fe,GROUND,include,video,,include:clip:77c97c04a3fe,data/external/include_pose/INCLUDE/Pose_Signs/Places/34. Ground/MVI_3658.pkl,data/processed/landmarks/include/GROUND/77c97c04a3fe.npz,56,0.0,0.0,0.9107,1.0,,
4073c5e098ff,GROUND,include,video,,include:clip:4073c5e098ff,data/external/include_pose/INCLUDE/Pose_Signs/Places/34. Ground/MVI_3659.pkl,data/processed/landmarks/include/GROUND/4073c5e098ff.npz,56,0.0,0.0,0.8929,1.0,,
241980835cdc,GROUND,include,video,,include:clip:241980835cdc,data/external/include_pose/INCLUDE/Pose_Signs/Places/34. Ground/MVI_3498.pkl,data/processed/landmarks/include/GROUND/241980835cdc.npz,55,0.0,0.0,0.9455,1.0,,
ee9176d372fd,COURT,include,video,,include:clip:ee9176d372fd,data/external/include_pose/INCLUDE/Pose_Signs/Places/23. Court/MVI_3284.pkl,data/processed/landmarks/include/COURT/ee9176d372fd.npz,74,0.0,0.0,0.9054,1.0,,
61e73fe225bb,COURT,include,video,,include:clip:61e73fe225bb,data/external/include_pose/INCLUDE/Pose_Signs/Places/23. Court/MVI_3454.pkl,data/processed/landmarks/include/COURT/61e73fe225bb.npz,59,0.0,0.0,0.9661,1.0,,
7d783418ebbb,COURT,include,video,,include:clip:7d783418ebbb,data/external/include_pose/INCLUDE/Pose_Signs/Places/23. Court/MVI_3285.pkl,data/processed/landmarks/include/COURT/7d783418ebbb.npz,68,0.0,0.0,0.9118,1.0,,
34cf9e8370b2,COURT,include,video,,include:clip:34cf9e8370b2,data/external/include_pose/INCLUDE/Pose_Signs/Places/23. Court/MVI_3534.pkl,data/processed/landmarks/include/COURT/34cf9e8370b2.npz,60,0.0,0.0,0.9,1.0,,
b15ed553e906,COURT,include,video,,include:clip:b15ed553e906,data/external/include_pose/INCLUDE/Pose_Signs/Places/23. Court/MVI_3287.pkl,data/processed/landmarks/include/COURT/b15ed553e906.npz,84,0.0,0.0,0.9286,1.0,,
891e08df399d,COURT,include,video,,include:clip:891e08df399d,data/external/include_pose/INCLUDE/Pose_Signs/Places/23. Court/MVI_3286.pkl,data/processed/landmarks/include/COURT/891e08df399d.npz,68,0.0,0.0,0.9265,1.0,,
036fcf4ca322,COURT,include,video,,include:clip:036fcf4ca322,data/external/include_pose/INCLUDE/Pose_Signs/Places/23. Court/MVI_3533.pkl,data/processed/landmarks/include/COURT/036fcf4ca322.npz,54,0.0,0.0,0.8704,1.0,,
4a403409bb89,COURT,include,video,,include:clip:4a403409bb89,data/external/include_pose/INCLUDE/Pose_Signs/Places/23. Court/MVI_3453.pkl,data/processed/landmarks/include/COURT/4a403409bb89.npz,58,0.0,0.0,0.9828,1.0,,
2fd198a73327,COURT,include,video,,include:clip:2fd198a73327,data/external/include_pose/INCLUDE/Pose_Signs/Places/23. Court/MVI_3452.pkl,data/processed/landmarks/include/COURT/2fd198a73327.npz,68,0.0,0.0,0.9412,1.0,,
83b68b672bcf,COURT,include,video,,include:clip:83b68b672bcf,data/external/include_pose/INCLUDE/Pose_Signs/Places/23. Court/MVI_3532.pkl,data/processed/landmarks/include/COURT/83b68b672bcf.npz,56,0.0,0.0,0.9286,1.0,,
7922f42c8851,COURT,include,video,,include:clip:7922f42c8851,data/external/include_pose/INCLUDE/Pose_Signs/Places/23. Court/MVI_3531.pkl,data/processed/landmarks/include/COURT/7922f42c8851.npz,70,0.0,0.0,0.9714,1.0,,
8cc56db958d0,COURT,include,video,,include:clip:8cc56db958d0,data/external/include_pose/INCLUDE/Pose_Signs/Places/23. Court/MVI_3609.pkl,data/processed/landmarks/include/COURT/8cc56db958d0.npz,62,0.0,0.0,0.9355,1.0,,
005e071bd364,COURT,include,video,,include:clip:005e071bd364,data/external/include_pose/INCLUDE/Pose_Signs/Places/23. Court/MVI_3366.pkl,data/processed/landmarks/include/COURT/005e071bd364.npz,61,0.0,0.0,0.918,1.0,,
d418819cdc47,COURT,include,video,,include:clip:d418819cdc47,data/external/include_pose/INCLUDE/Pose_Signs/Places/23. Court/MVI_3367.pkl,data/processed/landmarks/include/COURT/d418819cdc47.npz,69,0.0,0.0,0.971,1.0,,
9c3d0763fb51,COURT,include,video,,include:clip:9c3d0763fb51,data/external/include_pose/INCLUDE/Pose_Signs/Places/23. Court/Extra/MVI_3368.pkl,data/processed/landmarks/include/COURT/9c3d0763fb51.npz,66,0.0,0.0,0.9091,1.0,,
88c2f838752a,COURT,include,video,,include:clip:88c2f838752a,data/external/include_pose/INCLUDE/Pose_Signs/Places/23. Court/Extra/MVI_3613.pkl,data/processed/landmarks/include/COURT/88c2f838752a.npz,66,0.0,0.0,0.9697,1.0,,
4e806e2a846e,COURT,include,video,,include:clip:4e806e2a846e,data/external/include_pose/INCLUDE/Pose_Signs/Places/23. Court/Extra/MVI_3288.pkl,data/processed/landmarks/include/COURT/4e806e2a846e.npz,76,0.0,0.0,0.9342,1.0,,
38e051df4d19,COURT,include,video,,include:clip:38e051df4d19,data/external/include_pose/INCLUDE/Pose_Signs/Places/23. Court/MVI_3610.pkl,data/processed/landmarks/include/COURT/38e051df4d19.npz,56,0.0,0.0,0.9821,1.0,,
6abbe2a85fe5,COURT,include,video,,include:clip:6abbe2a85fe5,data/external/include_pose/INCLUDE/Pose_Signs/Places/23. Court/MVI_3611.pkl,data/processed/landmarks/include/COURT/6abbe2a85fe5.npz,58,0.0,0.0,0.9655,1.0,,
22f3dc2a4eb2,TRAIN_STATION,include,video,,include:clip:22f3dc2a4eb2,data/external/include_pose/INCLUDE/Pose_Signs/Places/21. Train Station/MVI_3521.pkl,data/processed/landmarks/include/TRAIN_STATION/22f3dc2a4eb2.npz,56,0.0,0.0,0.9464,1.0,,
a669379681e5,TRAIN_STATION,include,video,,include:clip:a669379681e5,data/external/include_pose/INCLUDE/Pose_Signs/Places/21. Train Station/MVI_3522.pkl,data/processed/landmarks/include/TRAIN_STATION/a669379681e5.npz,51,0.0,0.0,0.9216,1.0,,
d3762e788354,TRAIN_STATION,include,video,,include:clip:d3762e788354,data/external/include_pose/INCLUDE/Pose_Signs/Places/21. Train Station/MVI_3278.pkl,data/processed/landmarks/include/TRAIN_STATION/d3762e788354.npz,77,0.0,0.0,0.961,1.0,,
04ea8560bde3,TRAIN_STATION,include,video,,include:clip:04ea8560bde3,data/external/include_pose/INCLUDE/Pose_Signs/Places/21. Train Station/MVI_3447.pkl,data/processed/landmarks/include/TRAIN_STATION/04ea8560bde3.npz,69,0.0,0.0,0.9855,1.0,,
798428568dc6,TRAIN_STATION,include,video,,include:clip:798428568dc6,data/external/include_pose/INCLUDE/Pose_Signs/Places/21. Train Station/MVI_3446.pkl,data/processed/landmarks/include/TRAIN_STATION/798428568dc6.npz,54,0.0,0.0,1.0,1.0,,
fc22951a8e47,TRAIN_STATION,include,video,,include:clip:fc22951a8e47,data/external/include_pose/INCLUDE/Pose_Signs/Places/21. Train Station/MVI_3524.pkl,data/processed/landmarks/include/TRAIN_STATION/fc22951a8e47.npz,55,0.0,0.0,0.8545,1.0,,
d8f5ce55db12,TRAIN_STATION,include,video,,include:clip:d8f5ce55db12,data/external/include_pose/INCLUDE/Pose_Signs/Places/21. Train Station/MVI_3444.pkl,data/processed/landmarks/include/TRAIN_STATION/d8f5ce55db12.npz,65,0.0,0.0,1.0,1.0,,
25329b82460e,TRAIN_STATION,include,video,,include:clip:25329b82460e,data/external/include_pose/INCLUDE/Pose_Signs/Places/21. Train Station/MVI_3445.pkl,data/processed/landmarks/include/TRAIN_STATION/25329b82460e.npz,56,0.0,0.0,1.0,1.0,,
5a6c0f80114b,TRAIN_STATION,include,video,,include:clip:5a6c0f80114b,data/external/include_pose/INCLUDE/Pose_Signs/Places/21. Train Station/MVI_3525.pkl,data/processed/landmarks/include/TRAIN_STATION/5a6c0f80114b.npz,55,0.0,0.0,0.8727,1.0,,
9384ba409cf1,TRAIN_STATION,include,video,,include:clip:9384ba409cf1,data/external/include_pose/INCLUDE/Pose_Signs/Places/21. Train Station/MVI_3601.pkl,data/processed/landmarks/include/TRAIN_STATION/9384ba409cf1.npz,64,0.0,0.0,0.8906,1.0,,
63d8775a77cc,TRAIN_STATION,include,video,,include:clip:63d8775a77cc,data/external/include_pose/INCLUDE/Pose_Signs/Places/21. Train Station/MVI_3358.pkl,data/processed/landmarks/include/TRAIN_STATION/63d8775a77cc.npz,60,0.0,0.0,0.9167,1.0,,
f94334f80189,TRAIN_STATION,include,video,,include:clip:f94334f80189,data/external/include_pose/INCLUDE/Pose_Signs/Places/21. Train Station/MVI_3602.pkl,data/processed/landmarks/include/TRAIN_STATION/f94334f80189.npz,60,0.0,0.0,0.95,1.0,,
8e1671df4203,TRAIN_STATION,include,video,,include:clip:8e1671df4203,data/external/include_pose/INCLUDE/Pose_Signs/Places/21. Train Station/MVI_3603.pkl,data/processed/landmarks/include/TRAIN_STATION/8e1671df4203.npz,49,0.0,0.0,0.9592,1.0,,
50b9b2a6ab3d,TRAIN_STATION,include,video,,include:clip:50b9b2a6ab3d,data/external/include_pose/INCLUDE/Pose_Signs/Places/21. Train Station/Extra/MVI_3279.pkl,data/processed/landmarks/include/TRAIN_STATION/50b9b2a6ab3d.npz,84,0.0,0.0,0.9881,1.0,,
eba2761fdbdb,TRAIN_STATION,include,video,,include:clip:eba2761fdbdb,data/external/include_pose/INCLUDE/Pose_Signs/Places/21. Train Station/Extra/MVI_3526.pkl,data/processed/landmarks/include/TRAIN_STATION/eba2761fdbdb.npz,63,0.0,0.0,0.9048,1.0,,
015d7bf8ef04,TRAIN_STATION,include,video,,include:clip:015d7bf8ef04,data/external/include_pose/INCLUDE/Pose_Signs/Places/21. Train Station/MVI_3604.pkl,data/processed/landmarks/include/TRAIN_STATION/015d7bf8ef04.npz,61,0.0,0.0,0.9344,1.0,,
01a1bb3116e7,TRAIN_STATION,include,video,,include:clip:01a1bb3116e7,data/external/include_pose/INCLUDE/Pose_Signs/Places/21. Train Station/MVI_3275.pkl,data/processed/landmarks/include/TRAIN_STATION/01a1bb3116e7.npz,78,0.0,0.0,0.8846,1.0,,
749e7c6e040c,TRAIN_STATION,include,video,,include:clip:749e7c6e040c,data/external/include_pose/INCLUDE/Pose_Signs/Places/21. Train Station/MVI_3277.pkl,data/processed/landmarks/include/TRAIN_STATION/749e7c6e040c.npz,80,0.0,0.0,0.975,1.0,,
753102c771fb,MARKET,include,video,,include:clip:753102c771fb,data/external/include_pose/INCLUDE/Pose_Signs/Places/32. Market/MVI_3326.pkl,data/processed/landmarks/include/MARKET/753102c771fb.npz,66,0.0,0.0,0.8788,1.0,,
250eda3c8f78,MARKET,include,video,,include:clip:250eda3c8f78,data/external/include_pose/INCLUDE/Pose_Signs/Places/32. Market/MVI_3324.pkl,data/processed/landmarks/include/MARKET/250eda3c8f78.npz,69,0.0,0.0,0.942,1.0,,
06885224bf7c,MARKET,include,video,,include:clip:06885224bf7c,data/external/include_pose/INCLUDE/Pose_Signs/Places/32. Market/MVI_3325.pkl,data/processed/landmarks/include/MARKET/06885224bf7c.npz,62,0.0,0.0,0.8548,1.0,,
096347ba7aab,MARKET,include,video,,include:clip:096347ba7aab,data/external/include_pose/INCLUDE/Pose_Signs/Places/32. Market/MVI_3490.pkl,data/processed/landmarks/include/MARKET/096347ba7aab.npz,56,0.0,0.0,1.0,1.0,,
4285b340ccfc,MARKET,include,video,,include:clip:4285b340ccfc,data/external/include_pose/INCLUDE/Pose_Signs/Places/32. Market/MVI_3647.pkl,data/processed/landmarks/include/MARKET/4285b340ccfc.npz,53,0.0,0.0,0.8868,1.0,,
960fa3c61a5b,MARKET,include,video,,include:clip:960fa3c61a5b,data/external/include_pose/INCLUDE/Pose_Signs/Places/32. Market/MVI_3323.pkl,data/processed/landmarks/include/MARKET/960fa3c61a5b.npz,69,0.0,0.0,0.8696,1.0,,
1137ee07e21d,MARKET,include,video,,include:clip:1137ee07e21d,data/external/include_pose/INCLUDE/Pose_Signs/Places/32. Market/MVI_3569.pkl,data/processed/landmarks/include/MARKET/1137ee07e21d.npz,59,0.0,0.0,0.8475,1.0,,
dce1e4bdc2bd,MARKET,include,video,,include:clip:dce1e4bdc2bd,data/external/include_pose/INCLUDE/Pose_Signs/Places/32. Market/MVI_3408.pkl,data/processed/landmarks/include/MARKET/dce1e4bdc2bd.npz,57,0.0,0.0,0.7018,1.0,,
528e19dcb832,MARKET,include,video,,include:clip:528e19dcb832,data/external/include_pose/INCLUDE/Pose_Signs/Places/32. Market/Extra/MVI_3409.pkl,data/processed/landmarks/include/MARKET/528e19dcb832.npz,59,0.0,0.0,0.7966,1.0,,
11d0f76383d0,MARKET,include,video,,include:clip:11d0f76383d0,data/external/include_pose/INCLUDE/Pose_Signs/Places/32. Market/MVI_3405.pkl,data/processed/landmarks/include/MARKET/11d0f76383d0.npz,89,0.0,0.0,0.8427,1.0,,
00f178fba246,MARKET,include,video,,include:clip:00f178fba246,data/external/include_pose/INCLUDE/Pose_Signs/Places/32. Market/MVI_3570.pkl,data/processed/landmarks/include/MARKET/00f178fba246.npz,50,0.0,0.0,0.86,1.0,,
443baca8aa08,MARKET,include,video,,include:clip:443baca8aa08,data/external/include_pose/INCLUDE/Pose_Signs/Places/32. Market/MVI_3572.pkl,data/processed/landmarks/include/MARKET/443baca8aa08.npz,51,0.0,0.0,0.7843,1.0,,
c3ab52de61b2,MARKET,include,video,,include:clip:c3ab52de61b2,data/external/include_pose/INCLUDE/Pose_Signs/Places/32. Market/MVI_3406.pkl,data/processed/landmarks/include/MARKET/c3ab52de61b2.npz,57,0.0,0.0,0.7018,1.0,,
d9e47c8375a8,MARKET,include,video,,include:clip:d9e47c8375a8,data/external/include_pose/INCLUDE/Pose_Signs/Places/32. Market/MVI_3407.pkl,data/processed/landmarks/include/MARKET/d9e47c8375a8.npz,61,0.0,0.0,0.7705,1.0,,
d99cc79322ea,MARKET,include,video,,include:clip:d99cc79322ea,data/external/include_pose/INCLUDE/Pose_Signs/Places/32. Market/MVI_3488.pkl,data/processed/landmarks/include/MARKET/d99cc79322ea.npz,50,0.0,0.0,1.0,1.0,,
f8d1624fdd30,MARKET,include,video,,include:clip:f8d1624fdd30,data/external/include_pose/INCLUDE/Pose_Signs/Places/32. Market/MVI_3649.pkl,data/processed/landmarks/include/MARKET/f8d1624fdd30.npz,48,0.0,0.0,0.75,1.0,,
415c2a53574f,MARKET,include,video,,include:clip:415c2a53574f,data/external/include_pose/INCLUDE/Pose_Signs/Places/32. Market/MVI_3648.pkl,data/processed/landmarks/include/MARKET/415c2a53574f.npz,50,0.0,0.0,0.76,1.0,,
fced341bdcdd,MARKET,include,video,,include:clip:fced341bdcdd,data/external/include_pose/INCLUDE/Pose_Signs/Places/32. Market/MVI_3489.pkl,data/processed/landmarks/include/MARKET/fced341bdcdd.npz,44,0.0,0.0,0.9773,1.0,,
181fa8b81baa,PARK,include,video,,include:clip:181fa8b81baa,data/external/include_pose/INCLUDE/Pose_Signs/Places/27. Park/MVI_3469.pkl,data/processed/landmarks/include/PARK/181fa8b81baa.npz,60,0.0,0.0,0.95,1.0,,
88033c684876,PARK,include,video,,include:clip:88033c684876,data/external/include_pose/INCLUDE/Pose_Signs/Places/27. Park/MVI_3468.pkl,data/processed/landmarks/include/PARK/88033c684876.npz,55,0.0,0.0,0.9455,1.0,,
91dcea28a57a,PARK,include,video,,include:clip:91dcea28a57a,data/external/include_pose/INCLUDE/Pose_Signs/Places/27. Park/MVI_3550.pkl,data/processed/landmarks/include/PARK/91dcea28a57a.npz,62,0.0,0.0,0.9032,1.0,,
b884131519e7,PARK,include,video,,include:clip:b884131519e7,data/external/include_pose/INCLUDE/Pose_Signs/Places/27. Park/MVI_3627.pkl,data/processed/landmarks/include/PARK/b884131519e7.npz,47,0.0,0.0,0.9362,1.0,,
7a23378356c2,PARK,include,video,,include:clip:7a23378356c2,data/external/include_pose/INCLUDE/Pose_Signs/Places/27. Park/MVI_3551.pkl,data/processed/landmarks/include/PARK/7a23378356c2.npz,76,0.0,0.0,0.8421,1.0,,
3a5bc02938a8,PARK,include,video,,include:clip:3a5bc02938a8,data/external/include_pose/INCLUDE/Pose_Signs/Places/27. Park/MVI_3382.pkl,data/processed/landmarks/include/PARK/3a5bc02938a8.npz,66,0.0,0.0,0.9091,1.0,,
20759a93ca33,PARK,include,video,,include:clip:20759a93ca33,data/external/include_pose/INCLUDE/Pose_Signs/Places/27. Park/MVI_3630.pkl,data/processed/landmarks/include/PARK/20759a93ca33.npz,45,0.0,0.0,0.9556,1.0,,
cd532ffafdb9,PARK,include,video,,include:clip:cd532ffafdb9,data/external/include_pose/INCLUDE/Pose_Signs/Places/27. Park/MVI_3383.pkl,data/processed/landmarks/include/PARK/cd532ffafdb9.npz,66,0.0,0.0,0.8939,1.0,,
7fa7991c1a9d,PARK,include,video,,include:clip:7fa7991c1a9d,data/external/include_pose/INCLUDE/Pose_Signs/Places/27. Park/MVI_3629.pkl,data/processed/landmarks/include/PARK/7fa7991c1a9d.npz,47,0.0,0.0,0.9149,1.0,,
dd80a8d142e4,PARK,include,video,,include:clip:dd80a8d142e4,data/external/include_pose/INCLUDE/Pose_Signs/Places/27. Park/MVI_3548.pkl,data/processed/landmarks/include/PARK/dd80a8d142e4.npz,54,0.0,0.0,0.8333,1.0,,
5ba9eb624a6e,PARK,include,video,,include:clip:5ba9eb624a6e,data/external/include_pose/INCLUDE/Pose_Signs/Places/27. Park/MVI_3549.pkl,data/processed/landmarks/include/PARK/5ba9eb624a6e.npz,59,0.0,0.0,0.8136,1.0,,
a25e4c89a15f,PARK,include,video,,include:clip:a25e4c89a15f,data/external/include_pose/INCLUDE/Pose_Signs/Places/27. Park/Extra/MVI_3631.pkl,data/processed/landmarks/include/PARK/a25e4c89a15f.npz,44,0.0,0.0,0.8636,1.0,,
4a5918093343,PARK,include,video,,include:clip:4a5918093343,data/external/include_pose/INCLUDE/Pose_Signs/Places/27. Park/Extra/MVI_3306.pkl,data/processed/landmarks/include/PARK/4a5918093343.npz,66,0.0,0.0,0.8636,1.0,,
b75957199047,PARK,include,video,,include:clip:b75957199047,data/external/include_pose/INCLUDE/Pose_Signs/Places/27. Park/MVI_3305.pkl,data/processed/landmarks/include/PARK/b75957199047.npz,67,0.0,0.0,0.8806,1.0,,
83f377be900b,PARK,include,video,,include:clip:83f377be900b,data/external/include_pose/INCLUDE/Pose_Signs/Places/27. Park/MVI_3304.pkl,data/processed/landmarks/include/PARK/83f377be900b.npz,65,0.0,0.0,0.8462,1.0,,
bfba606543fd,PARK,include,video,,include:clip:bfba606543fd,data/external/include_pose/INCLUDE/Pose_Signs/Places/27. Park/MVI_3471.pkl,data/processed/landmarks/include/PARK/bfba606543fd.npz,53,0.0,0.0,0.9623,1.0,,
c6a9280c2200,PARK,include,video,,include:clip:c6a9280c2200,data/external/include_pose/INCLUDE/Pose_Signs/Places/27. Park/MVI_3303.pkl,data/processed/landmarks/include/PARK/c6a9280c2200.npz,64,0.0,0.0,0.8438,1.0,,
dec6a3cbd4af,PARK,include,video,,include:clip:dec6a3cbd4af,data/external/include_pose/INCLUDE/Pose_Signs/Places/27. Park/MVI_3302.pkl,data/processed/landmarks/include/PARK/dec6a3cbd4af.npz,69,0.0,0.0,0.8406,1.0,,
633644662c70,STORE_OR_SHOP,include,video,,include:clip:633644662c70,data/external/include_pose/INCLUDE/Pose_Signs/Places/28. Store or Shop/MVI_3309.pkl,data/processed/landmarks/include/STORE_OR_SHOP/633644662c70.npz,63,0.0,0.0,0.7937,1.0,,
4439607f0a32,STORE_OR_SHOP,include,video,,include:clip:4439607f0a32,data/external/include_pose/INCLUDE/Pose_Signs/Places/28. Store or Shop/MVI_3387.pkl,data/processed/landmarks/include/STORE_OR_SHOP/4439607f0a32.npz,52,0.0,0.0,0.5385,1.0,,
4974914d0652,STORE_OR_SHOP,include,video,,include:clip:4974914d0652,data/external/include_pose/INCLUDE/Pose_Signs/Places/28. Store or Shop/MVI_3634.pkl,data/processed/landmarks/include/STORE_OR_SHOP/4974914d0652.npz,50,0.0,0.0,0.96,1.0,,
1c59a98989bc,STORE_OR_SHOP,include,video,,include:clip:1c59a98989bc,data/external/include_pose/INCLUDE/Pose_Signs/Places/28. Store or Shop/MVI_3635.pkl,data/processed/landmarks/include/STORE_OR_SHOP/1c59a98989bc.npz,52,0.0,0.0,0.9423,1.0,,
93e1445d9c66,STORE_OR_SHOP,include,video,,include:clip:93e1445d9c66,data/external/include_pose/INCLUDE/Pose_Signs/Places/28. Store or Shop/MVI_3386.pkl,data/processed/landmarks/include/STORE_OR_SHOP/93e1445d9c66.npz,59,0.0,0.0,0.6441,1.0,,
83c79914fb0c,STORE_OR_SHOP,include,video,,include:clip:83c79914fb0c,data/external/include_pose/INCLUDE/Pose_Signs/Places/28. Store or Shop/MVI_3555.pkl,data/processed/landmarks/include/STORE_OR_SHOP/83c79914fb0c.npz,52,0.0,0.0,0.8846,1.0,,
0bcd43692e5b,STORE_OR_SHOP,include,video,,include:clip:0bcd43692e5b,data/external/include_pose/INCLUDE/Pose_Signs/Places/28. Store or Shop/MVI_3384.pkl,data/processed/landmarks/include/STORE_OR_SHOP/0bcd43692e5b.npz,62,0.0,0.0,0.6774,1.0,,
bfb54d97fb84,STORE_OR_SHOP,include,video,,include:clip:bfb54d97fb84,data/external/include_pose/INCLUDE/Pose_Signs/Places/28. Store or Shop/MVI_3385.pkl,data/processed/landmarks/include/STORE_OR_SHOP/bfb54d97fb84.npz,64,0.0,0.0,0.6562,1.0,,
a93af218a29c,STORE_OR_SHOP,include,video,,include:clip:a93af218a29c,data/external/include_pose/INCLUDE/Pose_Signs/Places/28. Store or Shop/MVI_3554.pkl,data/processed/landmarks/include/STORE_OR_SHOP/a93af218a29c.npz,56,0.0,0.0,0.8571,1.0,,
495420c59dd5,STORE_OR_SHOP,include,video,,include:clip:495420c59dd5,data/external/include_pose/INCLUDE/Pose_Signs/Places/28. Store or Shop/MVI_3632.pkl,data/processed/landmarks/include/STORE_OR_SHOP/495420c59dd5.npz,54,0.0,0.0,0.9815,1.0,,
d528f38a714c,STORE_OR_SHOP,include,video,,include:clip:d528f38a714c,data/external/include_pose/INCLUDE/Pose_Signs/Places/28. Store or Shop/MVI_3633.pkl,data/processed/landmarks/include/STORE_OR_SHOP/d528f38a714c.npz,49,0.0,0.0,0.9796,1.0,,
be4b81643b7a,STORE_OR_SHOP,include,video,,include:clip:be4b81643b7a,data/external/include_pose/INCLUDE/Pose_Signs/Places/28. Store or Shop/MVI_3553.pkl,data/processed/landmarks/include/STORE_OR_SHOP/be4b81643b7a.npz,49,0.0,0.0,0.898,1.0,,
7883a91a6ff2,STORE_OR_SHOP,include,video,,include:clip:7883a91a6ff2,data/external/include_pose/INCLUDE/Pose_Signs/Places/28. Store or Shop/Extra/MVI_3637.pkl,data/processed/landmarks/include/STORE_OR_SHOP/7883a91a6ff2.npz,48,0.0,0.0,0.9792,1.0,,
63bdad938618,STORE_OR_SHOP,include,video,,include:clip:63bdad938618,data/external/include_pose/INCLUDE/Pose_Signs/Places/28. Store or Shop/Extra/MVI_3636.pkl,data/processed/landmarks/include/STORE_OR_SHOP/63bdad938618.npz,46,0.0,0.0,0.9565,1.0,,
72a510e44974,STORE_OR_SHOP,include,video,,include:clip:72a510e44974,data/external/include_pose/INCLUDE/Pose_Signs/Places/28. Store or Shop/MVI_3474.pkl,data/processed/landmarks/include/STORE_OR_SHOP/72a510e44974.npz,45,0.0,0.0,0.9556,1.0,,
91e882905a84,STORE_OR_SHOP,include,video,,include:clip:91e882905a84,data/external/include_pose/INCLUDE/Pose_Signs/Places/28. Store or Shop/MVI_3475.pkl,data/processed/landmarks/include/STORE_OR_SHOP/91e882905a84.npz,46,0.0,0.0,0.9565,1.0,,
04a40778ca57,STORE_OR_SHOP,include,video,,include:clip:04a40778ca57,data/external/include_pose/INCLUDE/Pose_Signs/Places/28. Store or Shop/MVI_3310.pkl,data/processed/landmarks/include/STORE_OR_SHOP/04a40778ca57.npz,56,0.0,0.0,0.7857,1.0,,
0c1ae851aec4,STORE_OR_SHOP,include,video,,include:clip:0c1ae851aec4,data/external/include_pose/INCLUDE/Pose_Signs/Places/28. Store or Shop/MVI_3472.pkl,data/processed/landmarks/include/STORE_OR_SHOP/0c1ae851aec4.npz,50,0.0,0.0,0.96,1.0,,
2285547f4169,STORE_OR_SHOP,include,video,,include:clip:2285547f4169,data/external/include_pose/INCLUDE/Pose_Signs/Places/28. Store or Shop/MVI_3473.pkl,data/processed/landmarks/include/STORE_OR_SHOP/2285547f4169.npz,43,0.0,0.0,0.9767,1.0,,
4229137317a6,INDIA,include,video,,include:clip:4229137317a6,data/external/include_pose/INCLUDE/Pose_Signs/Places/33. India/MVI_3327.pkl,data/processed/landmarks/include/INDIA/4229137317a6.npz,70,0.0,0.0,1.0,1.0,,
ee43235743e6,INDIA,include,video,,include:clip:ee43235743e6,data/external/include_pose/INCLUDE/Pose_Signs/Places/33. India/MVI_3330.pkl,data/processed/landmarks/include/INDIA/ee43235743e6.npz,62,0.0,0.0,1.0,1.0,,
bc627cf86a6f,INDIA,include,video,,include:clip:bc627cf86a6f,data/external/include_pose/INCLUDE/Pose_Signs/Places/33. India/MVI_3654.pkl,data/processed/landmarks/include/INDIA/bc627cf86a6f.npz,55,0.0,0.0,1.0,1.0,,
8c42259c861c,INDIA,include,video,,include:clip:8c42259c861c,data/external/include_pose/INCLUDE/Pose_Signs/Places/33. India/MVI_3494.pkl,data/processed/landmarks/include/INDIA/8c42259c861c.npz,44,0.0,0.0,1.0,1.0,,
eacf93d30f4d,INDIA,include,video,,include:clip:eacf93d30f4d,data/external/include_pose/INCLUDE/Pose_Signs/Places/33. India/MVI_3651.pkl,data/processed/landmarks/include/INDIA/eacf93d30f4d.npz,50,0.0,0.0,1.0,1.0,,
11ea48505384,INDIA,include,video,,include:clip:11ea48505384,data/external/include_pose/INCLUDE/Pose_Signs/Places/33. India/MVI_3493.pkl,data/processed/landmarks/include/INDIA/11ea48505384.npz,51,0.0,0.0,1.0,1.0,,
e84e1ece6e9d,INDIA,include,video,,include:clip:e84e1ece6e9d,data/external/include_pose/INCLUDE/Pose_Signs/Places/33. India/MVI_3652.pkl,data/processed/landmarks/include/INDIA/e84e1ece6e9d.npz,49,0.0,0.0,1.0,1.0,,
569b3c94ea55,INDIA,include,video,,include:clip:569b3c94ea55,data/external/include_pose/INCLUDE/Pose_Signs/Places/33. India/MVI_3653.pkl,data/processed/landmarks/include/INDIA/569b3c94ea55.npz,43,0.0,0.0,1.0,1.0,,
883b83970405,INDIA,include,video,,include:clip:883b83970405,data/external/include_pose/INCLUDE/Pose_Signs/Places/33. India/MVI_3492.pkl,data/processed/landmarks/include/INDIA/883b83970405.npz,48,0.0,0.0,1.0,1.0,,
fdb279636a75,INDIA,include,video,,include:clip:fdb279636a75,data/external/include_pose/INCLUDE/Pose_Signs/Places/33. India/MVI_3576.pkl,data/processed/landmarks/include/INDIA/fdb279636a75.npz,48,0.0,0.0,1.0,1.0,,
dd98bf1b8430,INDIA,include,video,,include:clip:dd98bf1b8430,data/external/include_pose/INCLUDE/Pose_Signs/Places/33. India/MVI_3575.pkl,data/processed/landmarks/include/INDIA/dd98bf1b8430.npz,49,0.0,0.0,1.0,1.0,,
14b2b4869a4f,INDIA,include,video,,include:clip:14b2b4869a4f,data/external/include_pose/INCLUDE/Pose_Signs/Places/33. India/Extra/MVI_3655.pkl,data/processed/landmarks/include/INDIA/14b2b4869a4f.npz,54,0.0,0.0,1.0,1.0,,
437242aff2f7,INDIA,include,video,,include:clip:437242aff2f7,data/external/include_pose/INCLUDE/Pose_Signs/Places/33. India/MVI_3411.pkl,data/processed/landmarks/include/INDIA/437242aff2f7.npz,68,0.0,0.0,1.0,1.0,,
150449b4ad57,INDIA,include,video,,include:clip:150449b4ad57,data/external/include_pose/INCLUDE/Pose_Signs/Places/33. India/MVI_3412.pkl,data/processed/landmarks/include/INDIA/150449b4ad57.npz,53,0.0,0.0,1.0,1.0,,
e02e00c25648,INDIA,include,video,,include:clip:e02e00c25648,data/external/include_pose/INCLUDE/Pose_Signs/Places/33. India/MVI_3573.pkl,data/processed/landmarks/include/INDIA/e02e00c25648.npz,54,0.0,0.0,1.0,1.0,,
f82e03bc1761,INDIA,include,video,,include:clip:f82e03bc1761,data/external/include_pose/INCLUDE/Pose_Signs/Places/33. India/MVI_3328.pkl,data/processed/landmarks/include/INDIA/f82e03bc1761.npz,60,0.0,0.0,1.0,1.0,,
e2a326d4460f,INDIA,include,video,,include:clip:e2a326d4460f,data/external/include_pose/INCLUDE/Pose_Signs/Places/33. India/MVI_3329.pkl,data/processed/landmarks/include/INDIA/e2a326d4460f.npz,63,0.0,0.0,1.0,1.0,,
372d9d89fcee,STREET_OR_ROAD,include,video,,include:clip:372d9d89fcee,data/external/include_pose/INCLUDE/Pose_Signs/Places/20. Street or Road/MVI_3441.pkl,data/processed/landmarks/include/STREET_OR_ROAD/372d9d89fcee.npz,51,0.0,0.0,0.9804,1.0,,
3617929ba248,STREET_OR_ROAD,include,video,,include:clip:3617929ba248,data/external/include_pose/INCLUDE/Pose_Signs/Places/20. Street or Road/MVI_3440.pkl,data/processed/landmarks/include/STREET_OR_ROAD/3617929ba248.npz,59,0.0,0.0,0.9831,1.0,,
73c506c74e8a,STREET_OR_ROAD,include,video,,include:clip:73c506c74e8a,data/external/include_pose/INCLUDE/Pose_Signs/Places/20. Street or Road/MVI_3520.pkl,data/processed/landmarks/include/STREET_OR_ROAD/73c506c74e8a.npz,58,0.0,0.0,0.9138,1.0,,
5dd0cd54220d,STREET_OR_ROAD,include,video,,include:clip:5dd0cd54220d,data/external/include_pose/INCLUDE/Pose_Signs/Places/20. Street or Road/MVI_3518.pkl,data/processed/landmarks/include/STREET_OR_ROAD/5dd0cd54220d.npz,61,0.0,0.0,0.9016,1.0,,
58da2e06c981,STREET_OR_ROAD,include,video,,include:clip:58da2e06c981,data/external/include_pose/INCLUDE/Pose_Signs/Places/20. Street or Road/MVI_3519.pkl,data/processed/landmarks/include/STREET_OR_ROAD/58da2e06c981.npz,55,0.0,0.0,0.8545,1.0,,
e7e3baef4310,STREET_OR_ROAD,include,video,,include:clip:e7e3baef4310,data/external/include_pose/INCLUDE/Pose_Signs/Places/20. Street or Road/MVI_3353.pkl,data/processed/landmarks/include/STREET_OR_ROAD/e7e3baef4310.npz,63,0.0,0.0,0.9048,1.0,,
16302978a791,STREET_OR_ROAD,include,video,,include:clip:16302978a791,data/external/include_pose/INCLUDE/Pose_Signs/Places/20. Street or Road/MVI_3356.pkl,data/processed/landmarks/include/STREET_OR_ROAD/16302978a791.npz,55,0.0,0.0,0.7455,1.0,,
3aeb96bac94e,STREET_OR_ROAD,include,video,,include:clip:3aeb96bac94e,data/external/include_pose/INCLUDE/Pose_Signs/Places/20. Street or Road/MVI_3355.pkl,data/processed/landmarks/include/STREET_OR_ROAD/3aeb96bac94e.npz,58,0.0,0.0,0.7069,1.0,,
30659318dc95,STREET_OR_ROAD,include,video,,include:clip:30659318dc95,data/external/include_pose/INCLUDE/Pose_Signs/Places/20. Street or Road/MVI_3354.pkl,data/processed/landmarks/include/STREET_OR_ROAD/30659318dc95.npz,63,0.0,0.0,0.873,1.0,,
9709201c72e9,STREET_OR_ROAD,include,video,,include:clip:9709201c72e9,data/external/include_pose/INCLUDE/Pose_Signs/Places/20. Street or Road/MVI_3600.pkl,data/processed/landmarks/include/STREET_OR_ROAD/9709201c72e9.npz,50,0.0,0.0,0.94,1.0,,
2741ad25df7f,STREET_OR_ROAD,include,video,,include:clip:2741ad25df7f,data/external/include_pose/INCLUDE/Pose_Signs/Places/20. Street or Road/MVI_3599.pkl,data/processed/landmarks/include/STREET_OR_ROAD/2741ad25df7f.npz,47,0.0,0.0,1.0,1.0,,
d0c9569ee13f,STREET_OR_ROAD,include,video,,include:clip:d0c9569ee13f,data/external/include_pose/INCLUDE/Pose_Signs/Places/20. Street or Road/MVI_3598.pkl,data/processed/landmarks/include/STREET_OR_ROAD/d0c9569ee13f.npz,49,0.0,0.0,0.9592,1.0,,
a502ee8f8a99,STREET_OR_ROAD,include,video,,include:clip:a502ee8f8a99,data/external/include_pose/INCLUDE/Pose_Signs/Places/20. Street or Road/MVI_3272.pkl,data/processed/landmarks/include/STREET_OR_ROAD/a502ee8f8a99.npz,75,0.0,0.0,0.8933,1.0,,
bac3017ddd35,STREET_OR_ROAD,include,video,,include:clip:bac3017ddd35,data/external/include_pose/INCLUDE/Pose_Signs/Places/20. Street or Road/MVI_3273.pkl,data/processed/landmarks/include/STREET_OR_ROAD/bac3017ddd35.npz,62,0.0,0.0,1.0,1.0,,
617eabaf92fe,STREET_OR_ROAD,include,video,,include:clip:617eabaf92fe,data/external/include_pose/INCLUDE/Pose_Signs/Places/20. Street or Road/MVI_3271.pkl,data/processed/landmarks/include/STREET_OR_ROAD/617eabaf92fe.npz,60,0.0,0.0,0.9167,1.0,,
ec37f7eeb48c,STREET_OR_ROAD,include,video,,include:clip:ec37f7eeb48c,data/external/include_pose/INCLUDE/Pose_Signs/Places/20. Street or Road/MVI_3274.pkl,data/processed/landmarks/include/STREET_OR_ROAD/ec37f7eeb48c.npz,73,0.0,0.0,0.8767,1.0,,
facd6289dc63,HOSPITAL,include,video,,include:clip:facd6289dc63,data/external/include_pose/INCLUDE/Pose_Signs/Places/30. Hospital/MVI_3482.pkl,data/processed/landmarks/include/HOSPITAL/facd6289dc63.npz,63,0.0,0.0,0.9841,1.0,,
705bac6af257,HOSPITAL,include,video,,include:clip:705bac6af257,data/external/include_pose/INCLUDE/Pose_Signs/Places/30. Hospital/MVI_3318.pkl,data/processed/landmarks/include/HOSPITAL/705bac6af257.npz,72,0.0,0.0,0.9444,1.0,,
f03299735280,HOSPITAL,include,video,,include:clip:f03299735280,data/external/include_pose/INCLUDE/Pose_Signs/Places/30. Hospital/MVI_3641.pkl,data/processed/landmarks/include/HOSPITAL/f03299735280.npz,58,0.0,0.0,0.8966,1.0,,
163a4f812f5f,HOSPITAL,include,video,,include:clip:163a4f812f5f,data/external/include_pose/INCLUDE/Pose_Signs/Places/30. Hospital/MVI_3480.pkl,data/processed/landmarks/include/HOSPITAL/163a4f812f5f.npz,66,0.0,0.0,0.9697,1.0,,
6193837537ad,HOSPITAL,include,video,,include:clip:6193837537ad,data/external/include_pose/INCLUDE/Pose_Signs/Places/30. Hospital/MVI_3397.pkl,data/processed/landmarks/include/HOSPITAL/6193837537ad.npz,78,0.0,0.0,0.9744,1.0,,
80f94b679279,HOSPITAL,include,video,,include:clip:80f94b679279,data/external/include_pose/INCLUDE/Pose_Signs/Places/30. Hospital/MVI_3563.pkl,data/processed/landmarks/include/HOSPITAL/80f94b679279.npz,65,0.0,0.0,0.8615,1.0,,
6345907e37d3,HOSPITAL,include,video,,include:clip:6345907e37d3,data/external/include_pose/INCLUDE/Pose_Signs/Places/30. Hospital/MVI_3562.pkl,data/processed/landmarks/include/HOSPITAL/6345907e37d3.npz,59,0.0,0.0,0.8305,1.0,,
28d570b9014b,HOSPITAL,include,video,,include:clip:28d570b9014b,data/external/include_pose/INCLUDE/Pose_Signs/Places/30. Hospital/MVI_3560.pkl,data/processed/landmarks/include/HOSPITAL/28d570b9014b.npz,59,0.0,0.0,0.8475,1.0,,
b27481690a71,HOSPITAL,include,video,,include:clip:b27481690a71,data/external/include_pose/INCLUDE/Pose_Signs/Places/30. Hospital/MVI_3400.pkl,data/processed/landmarks/include/HOSPITAL/b27481690a71.npz,71,0.0,0.0,0.9437,1.0,,
d7fb4188cc7b,HOSPITAL,include,video,,include:clip:d7fb4188cc7b,data/external/include_pose/INCLUDE/Pose_Signs/Places/30. Hospital/MVI_3399.pkl,data/processed/landmarks/include/HOSPITAL/d7fb4188cc7b.npz,65,0.0,0.0,0.9385,1.0,,
18600c80ef28,HOSPITAL,include,video,,include:clip:18600c80ef28,data/external/include_pose/INCLUDE/Pose_Signs/Places/30. Hospital/MVI_3398.pkl,data/processed/landmarks/include/HOSPITAL/18600c80ef28.npz,70,0.0,0.0,0.9286,1.0,,
ff33f5b3d09b,HOSPITAL,include,video,,include:clip:ff33f5b3d09b,data/external/include_pose/INCLUDE/Pose_Signs/Places/30. Hospital/MVI_3561.pkl,data/processed/landmarks/include/HOSPITAL/ff33f5b3d09b.npz,56,0.0,0.0,0.8214,1.0,,
552cce5061e5,HOSPITAL,include,video,,include:clip:552cce5061e5,data/external/include_pose/INCLUDE/Pose_Signs/Places/30. Hospital/MVI_3638.pkl,data/processed/landmarks/include/HOSPITAL/552cce5061e5.npz,65,0.0,0.0,0.9385,1.0,,
9e132b0db032,HOSPITAL,include,video,,include:clip:9e132b0db032,data/external/include_pose/INCLUDE/Pose_Signs/Places/30. Hospital/MVI_3315.pkl,data/processed/landmarks/include/HOSPITAL/9e132b0db032.npz,81,0.0,0.0,0.9259,1.0,,
4898cf9aea99,HOSPITAL,include,video,,include:clip:4898cf9aea99,data/external/include_pose/INCLUDE/Pose_Signs/Places/30. Hospital/MVI_3317.pkl,data/processed/landmarks/include/HOSPITAL/4898cf9aea99.npz,71,0.0,0.0,0.9437,1.0,,
e65ae51d3191,HOSPITAL,include,video,,include:clip:e65ae51d3191,data/external/include_pose/INCLUDE/Pose_Signs/Places/30. Hospital/MVI_3316.pkl,data/processed/landmarks/include/HOSPITAL/e65ae51d3191.npz,75,0.0,0.0,0.9067,1.0,,
84b17f94e348,BANK,include,video,,include:clip:84b17f94e348,data/external/include_pose/INCLUDE/Pose_Signs/Places/35. Bank/MVI_3335.pkl,data/processed/landmarks/include/BANK/84b17f94e348.npz,74,0.0,0.0,0.8919,1.0,,
739b495f373a,BANK,include,video,,include:clip:739b495f373a,data/external/include_pose/INCLUDE/Pose_Signs/Places/35. Bank/MVI_3336.pkl,data/processed/landmarks/include/BANK/739b495f373a.npz,63,0.0,0.0,0.873,1.0,,
44ebaab31c6b,BANK,include,video,,include:clip:44ebaab31c6b,data/external/include_pose/INCLUDE/Pose_Signs/Places/35. Bank/MVI_3337.pkl,data/processed/landmarks/include/BANK/44ebaab31c6b.npz,62,0.0,0.0,0.9032,1.0,,
bcd05bfef6f8,BANK,include,video,,include:clip:bcd05bfef6f8,data/external/include_pose/INCLUDE/Pose_Signs/Places/35. Bank/MVI_3581.pkl,data/processed/landmarks/include/BANK/bcd05bfef6f8.npz,50,0.0,0.0,0.92,1.0,,
146723e805df,BANK,include,video,,include:clip:146723e805df,data/external/include_pose/INCLUDE/Pose_Signs/Places/35. Bank/MVI_3423.pkl,data/processed/landmarks/include/BANK/146723e805df.npz,70,0.0,0.0,0.9429,1.0,,
aa0d3dfb766c,BANK,include,video,,include:clip:aa0d3dfb766c,data/external/include_pose/INCLUDE/Pose_Signs/Places/35. Bank/MVI_3582.pkl,data/processed/landmarks/include/BANK/aa0d3dfb766c.npz,51,0.0,0.0,0.8824,1.0,,
c6b8fe8f19a3,BANK,include,video,,include:clip:c6b8fe8f19a3,data/external/include_pose/INCLUDE/Pose_Signs/Places/35. Bank/MVI_3583.pkl,data/processed/landmarks/include/BANK/c6b8fe8f19a3.npz,45,0.0,0.0,0.8667,1.0,,
418f569b4ed5,BANK,include,video,,include:clip:418f569b4ed5,data/external/include_pose/INCLUDE/Pose_Signs/Places/35. Bank/MVI_3419.pkl,data/processed/landmarks/include/BANK/418f569b4ed5.npz,82,0.0,0.0,0.9146,1.0,,
f9a07a61347e,BANK,include,video,,include:clip:f9a07a61347e,data/external/include_pose/INCLUDE/Pose_Signs/Places/35. Bank/MVI_3584.pkl,data/processed/landmarks/include/BANK/f9a07a61347e.npz,50,0.0,0.0,0.78,1.0,,
70b817a8a5d3,BANK,include,video,,include:clip:70b817a8a5d3,data/external/include_pose/INCLUDE/Pose_Signs/Places/35. Bank/Extra/MVI_3420.pkl,data/processed/landmarks/include/BANK/70b817a8a5d3.npz,66,0.0,0.0,0.8788,1.0,,
63b28704dde1,BANK,include,video,,include:clip:63b28704dde1,data/external/include_pose/INCLUDE/Pose_Signs/Places/35. Bank/Extra/MVI_3339.pkl,data/processed/landmarks/include/BANK/63b28704dde1.npz,63,0.0,0.0,0.9206,1.0,,
380d702c4c0f,BANK,include,video,,include:clip:380d702c4c0f,data/external/include_pose/INCLUDE/Pose_Signs/Places/35. Bank/MVI_3662.pkl,data/processed/landmarks/include/BANK/380d702c4c0f.npz,43,0.0,0.0,0.907,1.0,,
4895d3b8037a,BANK,include,video,,include:clip:4895d3b8037a,data/external/include_pose/INCLUDE/Pose_Signs/Places/35. Bank/MVI_3501.pkl,data/processed/landmarks/include/BANK/4895d3b8037a.npz,41,0.0,0.0,0.9512,1.0,,
9cc05cf1f7a6,BANK,include,video,,include:clip:9cc05cf1f7a6,data/external/include_pose/INCLUDE/Pose_Signs/Places/35. Bank/MVI_3503.pkl,data/processed/landmarks/include/BANK/9cc05cf1f7a6.npz,45,0.0,0.0,1.0,1.0,,
1fd0aa9c5433,BANK,include,video,,include:clip:1fd0aa9c5433,data/external/include_pose/INCLUDE/Pose_Signs/Places/35. Bank/MVI_3661.pkl,data/processed/landmarks/include/BANK/1fd0aa9c5433.npz,44,0.0,0.0,0.9091,1.0,,
2ac5568b3750,BANK,include,video,,include:clip:2ac5568b3750,data/external/include_pose/INCLUDE/Pose_Signs/Places/35. Bank/MVI_3338.pkl,data/processed/landmarks/include/BANK/2ac5568b3750.npz,63,0.0,0.0,0.9524,1.0,,
9c05c5a94909,BANK,include,video,,include:clip:9c05c5a94909,data/external/include_pose/INCLUDE/Pose_Signs/Places/35. Bank/MVI_3502.pkl,data/processed/landmarks/include/BANK/9c05c5a94909.npz,48,0.0,0.0,1.0,1.0,,
4af16d1a91eb,BANK,include,video,,include:clip:4af16d1a91eb,data/external/include_pose/INCLUDE/Pose_Signs/Places/35. Bank/MVI_3664.pkl,data/processed/landmarks/include/BANK/4af16d1a91eb.npz,47,0.0,0.0,0.9362,1.0,,
48ac6c0b50a8,SCHOOL,include,video,,include:clip:48ac6c0b50a8,data/external/include_pose/INCLUDE/Pose_Signs/Places/24. School/MVI_3535.pkl,data/processed/landmarks/include/SCHOOL/48ac6c0b50a8.npz,55,0.0,0.0,0.9455,1.0,,
b6171e5e3e4f,SCHOOL,include,video,,include:clip:b6171e5e3e4f,data/external/include_pose/INCLUDE/Pose_Signs/Places/24. School/MVI_3290.pkl,data/processed/landmarks/include/SCHOOL/b6171e5e3e4f.npz,72,0.0,0.0,0.9444,1.0,,
93b340258efb,SCHOOL,include,video,,include:clip:93b340258efb,data/external/include_pose/INCLUDE/Pose_Signs/Places/24. School/MVI_3291.pkl,data/processed/landmarks/include/SCHOOL/93b340258efb.npz,69,0.0,0.0,0.8841,1.0,,
81d1a5e8a3b0,SCHOOL,include,video,,include:clip:81d1a5e8a3b0,data/external/include_pose/INCLUDE/Pose_Signs/Places/24. School/MVI_3293.pkl,data/processed/landmarks/include/SCHOOL/81d1a5e8a3b0.npz,72,0.0,0.0,0.9444,1.0,,
6b8ff69b2971,SCHOOL,include,video,,include:clip:6b8ff69b2971,data/external/include_pose/INCLUDE/Pose_Signs/Places/24. School/MVI_3456.pkl,data/processed/landmarks/include/SCHOOL/6b8ff69b2971.npz,47,0.0,0.0,0.8723,1.0,,
82296783e5af,SCHOOL,include,video,,include:clip:82296783e5af,data/external/include_pose/INCLUDE/Pose_Signs/Places/24. School/MVI_3457.pkl,data/processed/landmarks/include/SCHOOL/82296783e5af.npz,51,0.0,0.0,0.9216,1.0,,
55d3b6957f2b,SCHOOL,include,video,,include:clip:55d3b6957f2b,data/external/include_pose/INCLUDE/Pose_Signs/Places/24. School/MVI_3371.pkl,data/processed/landmarks/include/SCHOOL/55d3b6957f2b.npz,75,0.0,0.0,0.96,1.0,,
1bf9ef9d573e,SCHOOL,include,video,,include:clip:1bf9ef9d573e,data/external/include_pose/INCLUDE/Pose_Signs/Places/24. School/MVI_3614.pkl,data/processed/landmarks/include/SCHOOL/1bf9ef9d573e.npz,56,0.0,0.0,0.8929,1.0,,
1ccb59b00a25,SCHOOL,include,video,,include:clip:1ccb59b00a25,data/external/include_pose/INCLUDE/Pose_Signs/Places/24. School/MVI_3372.pkl,data/processed/landmarks/include/SCHOOL/1ccb59b00a25.npz,61,0.0,0.0,0.918,1.0,,
5a8a97879caf,SCHOOL,include,video,,include:clip:5a8a97879caf,data/external/include_pose/INCLUDE/Pose_Signs/Places/24. School/MVI_3616.pkl,data/processed/landmarks/include/SCHOOL/5a8a97879caf.npz,46,0.0,0.0,0.8696,1.0,,
0296b380b3ed,SCHOOL,include,video,,include:clip:0296b380b3ed,data/external/include_pose/INCLUDE/Pose_Signs/Places/24. School/MVI_3617.pkl,data/processed/landmarks/include/SCHOOL/0296b380b3ed.npz,49,0.0,0.0,0.8776,1.0,,
9327d2587756,SCHOOL,include,video,,include:clip:9327d2587756,data/external/include_pose/INCLUDE/Pose_Signs/Places/24. School/MVI_3373.pkl,data/processed/landmarks/include/SCHOOL/9327d2587756.npz,66,0.0,0.0,0.9697,1.0,,
ae2faf44acc3,SCHOOL,include,video,,include:clip:ae2faf44acc3,data/external/include_pose/INCLUDE/Pose_Signs/Places/24. School/MVI_3374.pkl,data/processed/landmarks/include/SCHOOL/ae2faf44acc3.npz,66,0.0,0.0,0.9242,1.0,,
df425b6c177e,SCHOOL,include,video,,include:clip:df425b6c177e,data/external/include_pose/INCLUDE/Pose_Signs/Places/24. School/MVI_3459.pkl,data/processed/landmarks/include/SCHOOL/df425b6c177e.npz,56,0.0,0.0,0.875,1.0,,
e90c52b8bd24,SCHOOL,include,video,,include:clip:e90c52b8bd24,data/external/include_pose/INCLUDE/Pose_Signs/Places/24. School/MVI_3458.pkl,data/processed/landmarks/include/SCHOOL/e90c52b8bd24.npz,55,0.0,0.0,0.9091,1.0,,
6324af1fdc29,SCHOOL,include,video,,include:clip:6324af1fdc29,data/external/include_pose/INCLUDE/Pose_Signs/Places/24. School/MVI_3538.pkl,data/processed/landmarks/include/SCHOOL/6324af1fdc29.npz,56,0.0,0.0,0.875,1.0,,
383af869ac22,HOUSE,include,video,,include:clip:383af869ac22,data/external/include_pose/INCLUDE/Pose_Signs/Places/19. House/MVI_3269.pkl,data/processed/landmarks/include/HOUSE/383af869ac22.npz,61,0.0,0.0,0.8689,1.0,,
0e660df172ea,HOUSE,include,video,,include:clip:0e660df172ea,data/external/include_pose/INCLUDE/Pose_Signs/Places/19. House/MVI_3268.pkl,data/processed/landmarks/include/HOUSE/0e660df172ea.npz,75,0.0,0.0,0.9067,1.0,,
21aaf8fb29a8,HOUSE,include,video,,include:clip:21aaf8fb29a8,data/external/include_pose/INCLUDE/Pose_Signs/Places/19. House/MVI_3595.pkl,data/processed/landmarks/include/HOUSE/21aaf8fb29a8.npz,58,0.0,0.0,0.9483,1.0,,
6f553e14088c,HOUSE,include,video,,include:clip:6f553e14088c,data/external/include_pose/INCLUDE/Pose_Signs/Places/19. House/MVI_3436.pkl,data/processed/landmarks/include/HOUSE/6f553e14088c.npz,64,0.0,0.0,0.9375,1.0,,
af492a151e59,HOUSE,include,video,,include:clip:af492a151e59,data/external/include_pose/INCLUDE/Pose_Signs/Places/19. House/MVI_3350.pkl,data/processed/landmarks/include/HOUSE/af492a151e59.npz,54,0.0,0.0,0.8889,1.0,,
4b4369bea5a4,HOUSE,include,video,,include:clip:4b4369bea5a4,data/external/include_pose/INCLUDE/Pose_Signs/Places/19. House/MVI_3351.pkl,data/processed/landmarks/include/HOUSE/4b4369bea5a4.npz,58,0.0,0.0,0.9655,1.0,,
b94cdd1c7a28,HOUSE,include,video,,include:clip:b94cdd1c7a28,data/external/include_pose/INCLUDE/Pose_Signs/Places/19. House/MVI_3594.pkl,data/processed/landmarks/include/HOUSE/b94cdd1c7a28.npz,57,0.0,0.0,0.9474,1.0,,
2439eec51b9a,HOUSE,include,video,,include:clip:2439eec51b9a,data/external/include_pose/INCLUDE/Pose_Signs/Places/19. House/MVI_3596.pkl,data/processed/landmarks/include/HOUSE/2439eec51b9a.npz,54,0.0,0.0,0.9074,1.0,,
0eb62ba27fd0,HOUSE,include,video,,include:clip:0eb62ba27fd0,data/external/include_pose/INCLUDE/Pose_Signs/Places/19. House/MVI_3352.pkl,data/processed/landmarks/include/HOUSE/0eb62ba27fd0.npz,56,0.0,0.0,0.9107,1.0,,
dd75af873f7c,HOUSE,include,video,,include:clip:dd75af873f7c,data/external/include_pose/INCLUDE/Pose_Signs/Places/19. House/MVI_3593.pkl,data/processed/landmarks/include/HOUSE/dd75af873f7c.npz,63,0.0,0.0,0.9365,1.0,,
0fb9706bf84b,HOUSE,include,video,,include:clip:0fb9706bf84b,data/external/include_pose/INCLUDE/Pose_Signs/Places/19. House/Extra/MVI_3439.pkl,data/processed/landmarks/include/HOUSE/0fb9706bf84b.npz,57,0.0,0.0,0.8947,1.0,,
2b1662e806d5,HOUSE,include,video,,include:clip:2b1662e806d5,data/external/include_pose/INCLUDE/Pose_Signs/Places/19. House/MVI_3438.pkl,data/processed/landmarks/include/HOUSE/2b1662e806d5.npz,58,0.0,0.0,0.8966,1.0,,
0909a83f9cf3,HOUSE,include,video,,include:clip:0909a83f9cf3,data/external/include_pose/INCLUDE/Pose_Signs/Places/19. House/MVI_3349.pkl,data/processed/landmarks/include/HOUSE/0909a83f9cf3.npz,66,0.0,0.0,0.9545,1.0,,
96fa7147bdf0,HOUSE,include,video,,include:clip:96fa7147bdf0,data/external/include_pose/INCLUDE/Pose_Signs/Places/19. House/MVI_3515.pkl,data/processed/landmarks/include/HOUSE/96fa7147bdf0.npz,45,0.0,0.0,0.8,1.0,,
11e62a17db10,HOUSE,include,video,,include:clip:11e62a17db10,data/external/include_pose/INCLUDE/Pose_Signs/Places/19. House/MVI_3267.pkl,data/processed/landmarks/include/HOUSE/11e62a17db10.npz,78,0.0,0.0,0.8974,1.0,,
3d376ca6f97c,HOUSE,include,video,,include:clip:3d376ca6f97c,data/external/include_pose/INCLUDE/Pose_Signs/Places/19. House/MVI_3516.pkl,data/processed/landmarks/include/HOUSE/3d376ca6f97c.npz,48,0.0,0.0,0.7083,1.0,,
384bb61f90b0,HOUSE,include,video,,include:clip:384bb61f90b0,data/external/include_pose/INCLUDE/Pose_Signs/Places/19. House/MVI_3513.pkl,data/processed/landmarks/include/HOUSE/384bb61f90b0.npz,53,0.0,0.0,0.8679,1.0,,
8ad85376230b,RESTAURANT,include,video,,include:clip:8ad85376230b,data/external/include_pose/INCLUDE/Pose_Signs/Places/22. Restaurant/MVI_3527.pkl,data/processed/landmarks/include/RESTAURANT/8ad85376230b.npz,61,0.0,0.0,1.0,1.0,,
e4153021388a,RESTAURANT,include,video,,include:clip:e4153021388a,data/external/include_pose/INCLUDE/Pose_Signs/Places/22. Restaurant/MVI_3282.pkl,data/processed/landmarks/include/RESTAURANT/e4153021388a.npz,65,0.0,0.0,1.0,1.0,,
a72c4274c080,RESTAURANT,include,video,,include:clip:a72c4274c080,data/external/include_pose/INCLUDE/Pose_Signs/Places/22. Restaurant/MVI_3283.pkl,data/processed/landmarks/include/RESTAURANT/a72c4274c080.npz,65,0.0,0.0,1.0,1.0,,
85a103aab8de,RESTAURANT,include,video,,include:clip:85a103aab8de,data/external/include_pose/INCLUDE/Pose_Signs/Places/22. Restaurant/MVI_3281.pkl,data/processed/landmarks/include/RESTAURANT/85a103aab8de.npz,71,0.0,0.0,1.0,1.0,,
810eee24fae8,RESTAURANT,include,video,,include:clip:810eee24fae8,data/external/include_pose/INCLUDE/Pose_Signs/Places/22. Restaurant/MVI_3450.pkl,data/processed/landmarks/include/RESTAURANT/810eee24fae8.npz,52,0.0,0.0,1.0,1.0,,
626e95a01a0f,RESTAURANT,include,video,,include:clip:626e95a01a0f,data/external/include_pose/INCLUDE/Pose_Signs/Places/22. Restaurant/MVI_3451.pkl,data/processed/landmarks/include/RESTAURANT/626e95a01a0f.npz,49,0.0,0.0,1.0,1.0,,
a377d11952d8,RESTAURANT,include,video,,include:clip:a377d11952d8,data/external/include_pose/INCLUDE/Pose_Signs/Places/22. Restaurant/MVI_3280.pkl,data/processed/landmarks/include/RESTAURANT/a377d11952d8.npz,70,0.0,0.0,1.0,1.0,,
d0dce185f256,RESTAURANT,include,video,,include:clip:d0dce185f256,data/external/include_pose/INCLUDE/Pose_Signs/Places/22. Restaurant/MVI_3607.pkl,data/processed/landmarks/include/RESTAURANT/d0dce185f256.npz,45,0.0,0.0,1.0,1.0,,
9850b163732e,RESTAURANT,include,video,,include:clip:9850b163732e,data/external/include_pose/INCLUDE/Pose_Signs/Places/22. Restaurant/MVI_3606.pkl,data/processed/landmarks/include/RESTAURANT/9850b163732e.npz,51,0.0,0.0,1.0,1.0,,
8107ece7e430,RESTAURANT,include,video,,include:clip:8107ece7e430,data/external/include_pose/INCLUDE/Pose_Signs/Places/22. Restaurant/MVI_3362.pkl,data/processed/landmarks/include/RESTAURANT/8107ece7e430.npz,64,0.0,0.0,1.0,1.0,,
6ab9e29c2a9a,RESTAURANT,include,video,,include:clip:6ab9e29c2a9a,data/external/include_pose/INCLUDE/Pose_Signs/Places/22. Restaurant/MVI_3605.pkl,data/processed/landmarks/include/RESTAURANT/6ab9e29c2a9a.npz,59,0.0,0.0,1.0,1.0,,
7972b3bee061,RESTAURANT,include,video,,include:clip:7972b3bee061,data/external/include_pose/INCLUDE/Pose_Signs/Places/22. Restaurant/MVI_3361.pkl,data/processed/landmarks/include/RESTAURANT/7972b3bee061.npz,68,0.0,0.0,1.0,1.0,,
8651a2b548e5,RESTAURANT,include,video,,include:clip:8651a2b548e5,data/external/include_pose/INCLUDE/Pose_Signs/Places/22. Restaurant/MVI_3528.pkl,data/processed/landmarks/include/RESTAURANT/8651a2b548e5.npz,59,0.0,0.0,0.9661,1.0,,
95ff226f076f,RESTAURANT,include,video,,include:clip:95ff226f076f,data/external/include_pose/INCLUDE/Pose_Signs/Places/22. Restaurant/MVI_3448.pkl,data/processed/landmarks/include/RESTAURANT/95ff226f076f.npz,61,0.0,0.0,1.0,1.0,,
3eff90a192ed,RESTAURANT,include,video,,include:clip:3eff90a192ed,data/external/include_pose/INCLUDE/Pose_Signs/Places/22. Restaurant/MVI_3449.pkl,data/processed/landmarks/include/RESTAURANT/3eff90a192ed.npz,54,0.0,0.0,1.0,1.0,,
3b4a6a66bbb0,RESTAURANT,include,video,,include:clip:3b4a6a66bbb0,data/external/include_pose/INCLUDE/Pose_Signs/Places/22. Restaurant/MVI_3529.pkl,data/processed/landmarks/include/RESTAURANT/3b4a6a66bbb0.npz,58,0.0,0.0,0.9655,1.0,,
19280975d32c,GOOD_MORNING,include,video,,include:clip:19280975d32c,data/external/include_pose/INCLUDE/Pose_Signs/Greetings/51. Good Morning/MVI_9971.pkl,data/processed/landmarks/include/GOOD_MORNING/19280975d32c.npz,75,0.0,0.0,1.0,1.0,,
5847ec4f96d7,GOOD_MORNING,include,video,,include:clip:5847ec4f96d7,data/external/include_pose/INCLUDE/Pose_Signs/Greetings/51. Good Morning/MVI_9970.pkl,data/processed/landmarks/include/GOOD_MORNING/5847ec4f96d7.npz,82,0.0,0.0,1.0,1.0,,
be4d153e342c,GOOD_MORNING,include,video,,include:clip:be4d153e342c,data/external/include_pose/INCLUDE/Pose_Signs/Greetings/51. Good Morning/MVI_0048.pkl,data/processed/landmarks/include/GOOD_MORNING/be4d153e342c.npz,41,0.0,0.0,1.0,1.0,,
ef5f84d8e585,GOOD_MORNING,include,video,,include:clip:ef5f84d8e585,data/external/include_pose/INCLUDE/Pose_Signs/Greetings/51. Good Morning/MVI_0100.pkl,data/processed/landmarks/include/GOOD_MORNING/ef5f84d8e585.npz,63,0.0,0.0,1.0,1.0,,
c106e3b24e50,GOOD_MORNING,include,video,,include:clip:c106e3b24e50,data/external/include_pose/INCLUDE/Pose_Signs/Greetings/51. Good Morning/MVI_0098.pkl,data/processed/landmarks/include/GOOD_MORNING/c106e3b24e50.npz,66,0.0,0.0,1.0,1.0,,
c2ecf1f8f953,GOOD_MORNING,include,video,,include:clip:c2ecf1f8f953,data/external/include_pose/INCLUDE/Pose_Signs/Greetings/51. Good Morning/MVI_0042.pkl,data/processed/landmarks/include/GOOD_MORNING/c2ecf1f8f953.npz,85,0.0,0.0,1.0,1.0,,
697d44e9d39a,GOOD_MORNING,include,video,,include:clip:697d44e9d39a,data/external/include_pose/INCLUDE/Pose_Signs/Greetings/51. Good Morning/MVI_9933.pkl,data/processed/landmarks/include/GOOD_MORNING/697d44e9d39a.npz,53,0.0,0.0,1.0,1.0,,
58e8741332f2,GOOD_MORNING,include,video,,include:clip:58e8741332f2,data/external/include_pose/INCLUDE/Pose_Signs/Greetings/51. Good Morning/MVI_9932.pkl,data/processed/landmarks/include/GOOD_MORNING/58e8741332f2.npz,56,0.0,0.0,1.0,1.0,,
694a4c9e2581,GOOD_MORNING,include,video,,include:clip:694a4c9e2581,data/external/include_pose/INCLUDE/Pose_Signs/Greetings/51. Good Morning/MVI_0044.pkl,data/processed/landmarks/include/GOOD_MORNING/694a4c9e2581.npz,85,0.0,0.0,1.0,1.0,,
0b3bb387ac45,GOOD_MORNING,include,video,,include:clip:0b3bb387ac45,data/external/include_pose/INCLUDE/Pose_Signs/Greetings/51. Good Morning/MVI_9935.pkl,data/processed/landmarks/include/GOOD_MORNING/0b3bb387ac45.npz,48,0.0,0.0,1.0,1.0,,
6a66d3753341,GOOD_MORNING,include,video,,include:clip:6a66d3753341,data/external/include_pose/INCLUDE/Pose_Signs/Greetings/51. Good Morning/MVI_0045.pkl,data/processed/landmarks/include/GOOD_MORNING/6a66d3753341.npz,90,0.0,0.0,1.0,1.0,,
72d5fdc6e763,GOOD_MORNING,include,video,,include:clip:72d5fdc6e763,data/external/include_pose/INCLUDE/Pose_Signs/Greetings/51. Good Morning/MVI_0047.pkl,data/processed/landmarks/include/GOOD_MORNING/72d5fdc6e763.npz,59,0.0,0.0,1.0,1.0,,
3cf4f0a88170,GOOD_MORNING,include,video,,include:clip:3cf4f0a88170,data/external/include_pose/INCLUDE/Pose_Signs/Greetings/51. Good Morning/MVI_0046.pkl,data/processed/landmarks/include/GOOD_MORNING/3cf4f0a88170.npz,62,0.0,0.0,1.0,1.0,,
275aba9b7fdc,GOOD_MORNING,include,video,,include:clip:275aba9b7fdc,data/external/include_pose/INCLUDE/Pose_Signs/Greetings/51. Good Morning/MVI_9993.pkl,data/processed/landmarks/include/GOOD_MORNING/275aba9b7fdc.npz,64,0.0,0.0,1.0,1.0,,
2e85275498dd,GOOD_MORNING,include,video,,include:clip:2e85275498dd,data/external/include_pose/INCLUDE/Pose_Signs/Greetings/51. Good Morning/MVI_9991.pkl,data/processed/landmarks/include/GOOD_MORNING/2e85275498dd.npz,58,0.0,0.0,1.0,1.0,,
ea0885537339,GOOD_MORNING,include,video,,include:clip:ea0885537339,data/external/include_pose/INCLUDE/Pose_Signs/Greetings/51. Good Morning/MVI_9969.pkl,data/processed/landmarks/include/GOOD_MORNING/ea0885537339.npz,80,0.0,0.0,1.0,1.0,,
a6b30884be46,GOOD_MORNING,include,video,,include:clip:a6b30884be46,data/external/include_pose/INCLUDE/Pose_Signs/Greetings/51. Good Morning/MVI_9968.pkl,data/processed/landmarks/include/GOOD_MORNING/a6b30884be46.npz,70,0.0,0.0,1.0,1.0,,
4b9be67c4123,GOOD_EVENING,include,video,,include:clip:4b9be67c4123,data/external/include_pose/INCLUDE/Pose_Signs/Greetings/53. Good evening/MVI_0001.pkl,data/processed/landmarks/include/GOOD_EVENING/4b9be67c4123.npz,55,0.0,0.0,1.0,1.0,,
ad3acd1996ea,GOOD_EVENING,include,video,,include:clip:ad3acd1996ea,data/external/include_pose/INCLUDE/Pose_Signs/Greetings/53. Good evening/MVI_9999.pkl,data/processed/landmarks/include/GOOD_EVENING/ad3acd1996ea.npz,56,0.0,0.0,1.0,1.0,,
74f6c1d697a1,GOOD_EVENING,include,video,,include:clip:74f6c1d697a1,data/external/include_pose/INCLUDE/Pose_Signs/Greetings/53. Good evening/MVI_9998.pkl,data/processed/landmarks/include/GOOD_EVENING/74f6c1d697a1.npz,54,0.0,0.0,1.0,1.0,,
d29f493839f4,GOOD_EVENING,include,video,,include:clip:d29f493839f4,data/external/include_pose/INCLUDE/Pose_Signs/Greetings/53. Good evening/MVI_9977.pkl,data/processed/landmarks/include/GOOD_EVENING/d29f493839f4.npz,82,0.0,0.0,1.0,1.0,,
657d263dfb9f,GOOD_EVENING,include,video,,include:clip:657d263dfb9f,data/external/include_pose/INCLUDE/Pose_Signs/Greetings/53. Good evening/MVI_0106.pkl,data/processed/landmarks/include/GOOD_EVENING/657d263dfb9f.npz,75,0.0,0.0,1.0,1.0,,
22a827d1e8fe,GOOD_EVENING,include,video,,include:clip:22a827d1e8fe,data/external/include_pose/INCLUDE/Pose_Signs/Greetings/53. Good evening/MVI_0107.pkl,data/processed/landmarks/include/GOOD_EVENING/22a827d1e8fe.npz,74,0.0,0.0,1.0,1.0,,
ed0e302c522b,GOOD_EVENING,include,video,,include:clip:ed0e302c522b,data/external/include_pose/INCLUDE/Pose_Signs/Greetings/53. Good evening/MVI_0055.pkl,data/processed/landmarks/include/GOOD_EVENING/ed0e302c522b.npz,85,0.0,0.0,1.0,1.0,,
b070a0b8feb7,GOOD_EVENING,include,video,,include:clip:b070a0b8feb7,data/external/include_pose/INCLUDE/Pose_Signs/Greetings/53. Good evening/MVI_0054.pkl,data/processed/landmarks/include/GOOD_EVENING/b070a0b8feb7.npz,63,0.0,0.0,1.0,1.0,,
b6ea2807154a,GOOD_EVENING,include,video,,include:clip:b6ea2807154a,data/external/include_pose/INCLUDE/Pose_Signs/Greetings/53. Good evening/MVI_0053.pkl,data/processed/landmarks/include/GOOD_EVENING/b6ea2807154a.npz,64,0.0,0.0,1.0,1.0,,
74658067bb23,GOOD_EVENING,include,video,,include:clip:74658067bb23,data/external/include_pose/INCLUDE/Pose_Signs/Greetings/53. Good evening/MVI_9978.pkl,data/processed/landmarks/include/GOOD_EVENING/74658067bb23.npz,79,0.0,0.0,1.0,1.0,,
ca36cd06cdcf,GOOD_EVENING,include,video,,include:clip:ca36cd06cdcf,data/external/include_pose/INCLUDE/Pose_Signs/Greetings/53. Good evening/MVI_9979.pkl,data/processed/landmarks/include/GOOD_EVENING/ca36cd06cdcf.npz,74,0.0,0.0,1.0,1.0,,
4958a0cd24c0,GOOD_EVENING,include,video,,include:clip:4958a0cd24c0,data/external/include_pose/INCLUDE/Pose_Signs/Greetings/53. Good evening/MVI_9942.pkl,data/processed/landmarks/include/GOOD_EVENING/4958a0cd24c0.npz,58,0.0,0.0,1.0,1.0,,
ea55eab0583d,GOOD_EVENING,include,video,,include:clip:ea55eab0583d,data/external/include_pose/INCLUDE/Pose_Signs/Greetings/53. Good evening/MVI_9943.pkl,data/processed/landmarks/include/GOOD_EVENING/ea55eab0583d.npz,67,0.0,0.0,1.0,1.0,,
5df9b951e5fd,GOOD_EVENING,include,video,,include:clip:5df9b951e5fd,data/external/include_pose/INCLUDE/Pose_Signs/Greetings/53. Good evening/MVI_9940.pkl,data/processed/landmarks/include/GOOD_EVENING/5df9b951e5fd.npz,57,0.0,0.0,1.0,1.0,,
19aec9162270,GOOD_AFTERNOON,include,video,,include:clip:19aec9162270,data/external/include_pose/INCLUDE/Pose_Signs/Greetings/52. Good afternoon/MVI_9973.pkl,data/processed/landmarks/include/GOOD_AFTERNOON/19aec9162270.npz,63,0.0,0.0,1.0,1.0,,
fc01fa3cebe8,GOOD_AFTERNOON,include,video,,include:clip:fc01fa3cebe8,data/external/include_pose/INCLUDE/Pose_Signs/Greetings/52. Good afternoon/MVI_9974.pkl,data/processed/landmarks/include/GOOD_AFTERNOON/fc01fa3cebe8.npz,75,0.0,0.0,1.0,1.0,,
8a7fe6603716,GOOD_AFTERNOON,include,video,,include:clip:8a7fe6603716,data/external/include_pose/INCLUDE/Pose_Signs/Greetings/52. Good afternoon/MVI_9975.pkl,data/processed/landmarks/include/GOOD_AFTERNOON/8a7fe6603716.npz,60,0.0,0.0,1.0,1.0,,
df90f38251cc,GOOD_AFTERNOON,include,video,,include:clip:df90f38251cc,data/external/include_pose/INCLUDE/Pose_Signs/Greetings/52. Good afternoon/MVI_0103.pkl,data/processed/landmarks/include/GOOD_AFTERNOON/df90f38251cc.npz,73,0.0,0.0,1.0,1.0,,
a4590854e817,GOOD_AFTERNOON,include,video,,include:clip:a4590854e817,data/external/include_pose/INCLUDE/Pose_Signs/Greetings/52. Good afternoon/MVI_0102.pkl,data/processed/landmarks/include/GOOD_AFTERNOON/a4590854e817.npz,74,0.0,0.0,1.0,1.0,,
827be607bef9,GOOD_AFTERNOON,include,video,,include:clip:827be607bef9,data/external/include_pose/INCLUDE/Pose_Signs/Greetings/52. Good afternoon/MVI_0048.pkl,data/processed/landmarks/include/GOOD_AFTERNOON/827be607bef9.npz,87,0.0,0.0,1.0,1.0,,
4b85257412a5,GOOD_AFTERNOON,include,video,,include:clip:4b85257412a5,data/external/include_pose/INCLUDE/Pose_Signs/Greetings/52. Good afternoon/MVI_9939.pkl,data/processed/landmarks/include/GOOD_AFTERNOON/4b85257412a5.npz,47,0.0,0.0,1.0,1.0,,
2fc245d58227,GOOD_AFTERNOON,include,video,,include:clip:2fc245d58227,data/external/include_pose/INCLUDE/Pose_Signs/Greetings/52. Good afternoon/MVI_0101.pkl,data/processed/landmarks/include/GOOD_AFTERNOON/2fc245d58227.npz,69,0.0,0.0,1.0,1.0,,
105e4679783f,GOOD_AFTERNOON,include,video,,include:clip:105e4679783f,data/external/include_pose/INCLUDE/Pose_Signs/Greetings/52. Good afternoon/MVI_0049.pkl,data/processed/landmarks/include/GOOD_AFTERNOON/105e4679783f.npz,55,0.0,0.0,1.0,1.0,,
c39b1c309263,GOOD_AFTERNOON,include,video,,include:clip:c39b1c309263,data/external/include_pose/INCLUDE/Pose_Signs/Greetings/52. Good afternoon/MVI_0050.pkl,data/processed/landmarks/include/GOOD_AFTERNOON/c39b1c309263.npz,57,0.0,0.0,1.0,1.0,,
3616dd956c5d,GOOD_AFTERNOON,include,video,,include:clip:3616dd956c5d,data/external/include_pose/INCLUDE/Pose_Signs/Greetings/52. Good afternoon/MVI_0047.pkl,data/processed/landmarks/include/GOOD_AFTERNOON/3616dd956c5d.npz,87,0.0,0.0,1.0,1.0,,
be920b951b75,GOOD_AFTERNOON,include,video,,include:clip:be920b951b75,data/external/include_pose/INCLUDE/Pose_Signs/Greetings/52. Good afternoon/MVI_9936.pkl,data/processed/landmarks/include/GOOD_AFTERNOON/be920b951b75.npz,67,0.0,0.0,1.0,1.0,,
cb5fb5dfc3a8,GOOD_AFTERNOON,include,video,,include:clip:cb5fb5dfc3a8,data/external/include_pose/INCLUDE/Pose_Signs/Greetings/52. Good afternoon/MVI_9937.pkl,data/processed/landmarks/include/GOOD_AFTERNOON/cb5fb5dfc3a8.npz,55,0.0,0.0,1.0,1.0,,
dff8e5572bba,GOOD_AFTERNOON,include,video,,include:clip:dff8e5572bba,data/external/include_pose/INCLUDE/Pose_Signs/Greetings/52. Good afternoon/MVI_0046.pkl,data/processed/landmarks/include/GOOD_AFTERNOON/dff8e5572bba.npz,91,0.0,0.0,1.0,1.0,,
f198fc9e7c8d,GOOD_AFTERNOON,include,video,,include:clip:f198fc9e7c8d,data/external/include_pose/INCLUDE/Pose_Signs/Greetings/52. Good afternoon/MVI_9995.pkl,data/processed/landmarks/include/GOOD_AFTERNOON/f198fc9e7c8d.npz,63,0.0,0.0,1.0,1.0,,
701efe8f3e4e,GOOD_AFTERNOON,include,video,,include:clip:701efe8f3e4e,data/external/include_pose/INCLUDE/Pose_Signs/Greetings/52. Good afternoon/MVI_9996.pkl,data/processed/landmarks/include/GOOD_AFTERNOON/701efe8f3e4e.npz,60,0.0,0.0,0.9167,1.0,,
83588c340bd5,ALRIGHT,include,video,,include:clip:83588c340bd5,data/external/include_pose/INCLUDE/Pose_Signs/Greetings/50. Alright/MVI_9965.pkl,data/processed/landmarks/include/ALRIGHT/83588c340bd5.npz,78,0.0,0.0,0.9231,1.0,,
f2c3c478385b,ALRIGHT,include,video,,include:clip:f2c3c478385b,data/external/include_pose/INCLUDE/Pose_Signs/Greetings/50. Alright/MVI_9964.pkl,data/processed/landmarks/include/ALRIGHT/f2c3c478385b.npz,86,0.0,0.0,0.8953,1.0,,
3ce4e0719bb9,ALRIGHT,include,video,,include:clip:3ce4e0719bb9,data/external/include_pose/INCLUDE/Pose_Signs/Greetings/50. Alright/MVI_9966.pkl,data/processed/landmarks/include/ALRIGHT/3ce4e0719bb9.npz,72,0.0,0.0,0.9028,1.0,,
719cf2d7c734,ALRIGHT,include,video,,include:clip:719cf2d7c734,data/external/include_pose/INCLUDE/Pose_Signs/Greetings/50. Alright/MVI_9988.pkl,data/processed/landmarks/include/ALRIGHT/719cf2d7c734.npz,53,0.0,0.0,1.0,1.0,,
61e66f980151,ALRIGHT,include,video,,include:clip:61e66f980151,data/external/include_pose/INCLUDE/Pose_Signs/Greetings/50. Alright/MVI_9963.pkl,data/processed/landmarks/include/ALRIGHT/61e66f980151.npz,76,0.0,0.0,0.9342,1.0,,
58f8aa0f4180,ALRIGHT,include,video,,include:clip:58f8aa0f4180,data/external/include_pose/INCLUDE/Pose_Signs/Greetings/50. Alright/MVI_0039.pkl,data/processed/landmarks/include/ALRIGHT/58f8aa0f4180.npz,79,0.0,0.0,0.9367,1.0,,
aae0ce9772ff,ALRIGHT,include,video,,include:clip:aae0ce9772ff,data/external/include_pose/INCLUDE/Pose_Signs/Greetings/50. Alright/MVI_0038.pkl,data/processed/landmarks/include/ALRIGHT/aae0ce9772ff.npz,84,0.0,0.0,0.9405,1.0,,
44f5366a171a,ALRIGHT,include,video,,include:clip:44f5366a171a,data/external/include_pose/INCLUDE/Pose_Signs/Greetings/50. Alright/MVI_0095.pkl,data/processed/landmarks/include/ALRIGHT/44f5366a171a.npz,63,0.0,0.0,0.7302,1.0,,
a5f7f3faa156,ALRIGHT,include,video,,include:clip:a5f7f3faa156,data/external/include_pose/INCLUDE/Pose_Signs/Greetings/50. Alright/MVI_9926.pkl,data/processed/landmarks/include/ALRIGHT/a5f7f3faa156.npz,51,0.0,0.0,0.9804,1.0,,
9034b3238ef2,ALRIGHT,include,video,,include:clip:9034b3238ef2,data/external/include_pose/INCLUDE/Pose_Signs/Greetings/50. Alright/MVI_0043.pkl,data/processed/landmarks/include/ALRIGHT/9034b3238ef2.npz,56,0.0,0.0,0.9643,1.0,,
10cae9d7ecf1,ALRIGHT,include,video,,include:clip:10cae9d7ecf1,data/external/include_pose/INCLUDE/Pose_Signs/Greetings/50. Alright/MVI_0096.pkl,data/processed/landmarks/include/ALRIGHT/10cae9d7ecf1.npz,82,0.0,0.0,0.8659,1.0,,
9840f7cc4643,ALRIGHT,include,video,,include:clip:9840f7cc4643,data/external/include_pose/INCLUDE/Pose_Signs/Greetings/50. Alright/MVI_0097.pkl,data/processed/landmarks/include/ALRIGHT/9840f7cc4643.npz,87,0.0,0.0,0.8046,1.0,,
8642ccbdae92,ALRIGHT,include,video,,include:clip:8642ccbdae92,data/external/include_pose/INCLUDE/Pose_Signs/Greetings/50. Alright/MVI_9925.pkl,data/processed/landmarks/include/ALRIGHT/8642ccbdae92.npz,53,0.0,0.0,1.0,1.0,,
e48afe19d93c,ALRIGHT,include,video,,include:clip:e48afe19d93c,data/external/include_pose/INCLUDE/Pose_Signs/Greetings/50. Alright/MVI_0040.pkl,data/processed/landmarks/include/ALRIGHT/e48afe19d93c.npz,80,0.0,0.0,0.925,1.0,,
98e62ceab353,ALRIGHT,include,video,,include:clip:98e62ceab353,data/external/include_pose/INCLUDE/Pose_Signs/Greetings/50. Alright/MVI_9923.pkl,data/processed/landmarks/include/ALRIGHT/98e62ceab353.npz,54,0.0,0.0,0.9259,1.0,,
ea45bdfa104c,ALRIGHT,include,video,,include:clip:ea45bdfa104c,data/external/include_pose/INCLUDE/Pose_Signs/Greetings/50. Alright/MVI_9990.pkl,data/processed/landmarks/include/ALRIGHT/ea45bdfa104c.npz,54,0.0,0.0,0.9259,1.0,,
78f61de99277,ALRIGHT,include,video,,include:clip:78f61de99277,data/external/include_pose/INCLUDE/Pose_Signs/Greetings/50. Alright/MVI_0037.pkl,data/processed/landmarks/include/ALRIGHT/78f61de99277.npz,73,0.0,0.0,0.9315,1.0,,
7a2cd626fee1,THANK_YOU,include,video,,include:clip:7a2cd626fee1,data/external/include_pose/INCLUDE/Pose_Signs/Greetings/55. Thank you/MVI_0006.pkl,data/processed/landmarks/include/THANK_YOU/7a2cd626fee1.npz,53,0.0,0.0,0.9245,1.0,,
1f55f945f2c5,THANK_YOU,include,video,,include:clip:1f55f945f2c5,data/external/include_pose/INCLUDE/Pose_Signs/Greetings/55. Thank you/MVI_0007.pkl,data/processed/landmarks/include/THANK_YOU/1f55f945f2c5.npz,56,0.0,0.0,0.9643,1.0,,
8f6037f1b768,THANK_YOU,include,video,,include:clip:8f6037f1b768,data/external/include_pose/INCLUDE/Pose_Signs/Greetings/55. Thank you/MVI_9949.pkl,data/processed/landmarks/include/THANK_YOU/8f6037f1b768.npz,57,0.0,0.0,0.8947,1.0,,
a10c1071ff67,THANK_YOU,include,video,,include:clip:a10c1071ff67,data/external/include_pose/INCLUDE/Pose_Signs/Greetings/55. Thank you/MVI_0063.pkl,data/processed/landmarks/include/THANK_YOU/a10c1071ff67.npz,86,0.0,0.0,0.9535,1.0,,
fc334b72056a,THANK_YOU,include,video,,include:clip:fc334b72056a,data/external/include_pose/INCLUDE/Pose_Signs/Greetings/55. Thank you/MVI_0062.pkl,data/processed/landmarks/include/THANK_YOU/fc334b72056a.npz,79,0.0,0.0,0.8734,1.0,,
9676576f185c,THANK_YOU,include,video,,include:clip:9676576f185c,data/external/include_pose/INCLUDE/Pose_Signs/Greetings/55. Thank you/MVI_0061.pkl,data/processed/landmarks/include/THANK_YOU/9676576f185c.npz,82,0.0,0.0,0.9634,1.0,,
efd95f572ded,THANK_YOU,include,video,,include:clip:efd95f572ded,data/external/include_pose/INCLUDE/Pose_Signs/Greetings/55. Thank you/MVI_0058.pkl,data/processed/landmarks/include/THANK_YOU/efd95f572ded.npz,60,0.0,0.0,0.9,1.0,,
9cc661ab7eb1,THANK_YOU,include,video,,include:clip:9cc661ab7eb1,data/external/include_pose/INCLUDE/Pose_Signs/Greetings/55. Thank you/MVI_0112.pkl,data/processed/landmarks/include/THANK_YOU/9cc661ab7eb1.npz,75,0.0,0.0,0.9067,1.0,,
7c04c0104c2e,THANK_YOU,include,video,,include:clip:7c04c0104c2e,data/external/include_pose/INCLUDE/Pose_Signs/Greetings/55. Thank you/MVI_0113.pkl,data/processed/landmarks/include/THANK_YOU/7c04c0104c2e.npz,79,0.0,0.0,0.9114,1.0,,
87337bdb4885,THANK_YOU,include,video,,include:clip:87337bdb4885,data/external/include_pose/INCLUDE/Pose_Signs/Greetings/55. Thank you/MVI_9987.pkl,data/processed/landmarks/include/THANK_YOU/87337bdb4885.npz,63,0.0,0.0,0.9365,1.0,,
e7638922221b,THANK_YOU,include,video,,include:clip:e7638922221b,data/external/include_pose/INCLUDE/Pose_Signs/Greetings/55. Thank you/MVI_9950.pkl,data/processed/landmarks/include/THANK_YOU/e7638922221b.npz,52,0.0,0.0,0.9038,1.0,,
cbc9ce672304,THANK_YOU,include,video,,include:clip:cbc9ce672304,data/external/include_pose/INCLUDE/Pose_Signs/Greetings/55. Thank you/MVI_9951.pkl,data/processed/landmarks/include/THANK_YOU/cbc9ce672304.npz,54,0.0,0.0,0.8704,1.0,,
b5a2437b7e37,THANK_YOU,include,video,,include:clip:b5a2437b7e37,data/external/include_pose/INCLUDE/Pose_Signs/Greetings/55. Thank you/MVI_9986.pkl,data/processed/landmarks/include/THANK_YOU/b5a2437b7e37.npz,56,0.0,0.0,0.9286,1.0,,
45528c5a7dd6,THANK_YOU,include,video,,include:clip:45528c5a7dd6,data/external/include_pose/INCLUDE/Pose_Signs/Greetings/55. Thank you/MVI_0008.pkl,data/processed/landmarks/include/THANK_YOU/45528c5a7dd6.npz,57,0.0,0.0,0.9474,1.0,,
2d32e87a83c4,THANK_YOU,include,video,,include:clip:2d32e87a83c4,data/external/include_pose/INCLUDE/Pose_Signs/Greetings/55. Thank you/MVI_9984.pkl,data/processed/landmarks/include/THANK_YOU/2d32e87a83c4.npz,61,0.0,0.0,0.918,1.0,,
f7db206f8ae0,THANK_YOU,include,video,,include:clip:f7db206f8ae0,data/external/include_pose/INCLUDE/Pose_Signs/Greetings/55. Thank you/MVI_0060_.pkl,data/processed/landmarks/include/THANK_YOU/f7db206f8ae0.npz,81,0.0,0.0,0.9506,1.0,,
647823341a81,THANK_YOU,include,video,,include:clip:647823341a81,data/external/include_pose/INCLUDE/Pose_Signs/Greetings/55. Thank you/MVI_9985.pkl,data/processed/landmarks/include/THANK_YOU/647823341a81.npz,67,0.0,0.0,0.9254,1.0,,
c0f7183a92b2,HOW_ARE_YOU,include,video,,include:clip:c0f7183a92b2,data/external/include_pose/INCLUDE/Pose_Signs/Greetings/49. How are you/MVI_9962.pkl,data/processed/landmarks/include/HOW_ARE_YOU/c0f7183a92b2.npz,94,0.0,0.0,0.9681,1.0,,
49604ca8d4ee,HOW_ARE_YOU,include,video,,include:clip:49604ca8d4ee,data/external/include_pose/INCLUDE/Pose_Signs/Greetings/49. How are you/MVI_9960.pkl,data/processed/landmarks/include/HOW_ARE_YOU/49604ca8d4ee.npz,86,0.0,0.0,0.9651,1.0,,
77b5e78d67fb,HOW_ARE_YOU,include,video,,include:clip:77b5e78d67fb,data/external/include_pose/INCLUDE/Pose_Signs/Greetings/49. How are you/MVI_9961.pkl,data/processed/landmarks/include/HOW_ARE_YOU/77b5e78d67fb.npz,92,0.0,0.0,0.9891,1.0,,
3def8c915401,HOW_ARE_YOU,include,video,,include:clip:3def8c915401,data/external/include_pose/INCLUDE/Pose_Signs/Greetings/49. How are you/MVI_0042.pkl,data/processed/landmarks/include/HOW_ARE_YOU/3def8c915401.npz,66,0.0,0.0,0.9848,1.0,,
57e0b85e3fac,HOW_ARE_YOU,include,video,,include:clip:57e0b85e3fac,data/external/include_pose/INCLUDE/Pose_Signs/Greetings/49. How are you/MVI_0094.pkl,data/processed/landmarks/include/HOW_ARE_YOU/57e0b85e3fac.npz,95,0.0,0.0,0.9474,1.0,,
a061df8e2452,HOW_ARE_YOU,include,video,,include:clip:a061df8e2452,data/external/include_pose/INCLUDE/Pose_Signs/Greetings/49. How are you/MVI_9918.pkl,data/processed/landmarks/include/HOW_ARE_YOU/a061df8e2452.npz,68,0.0,0.0,1.0,1.0,,
7702536fe643,HOW_ARE_YOU,include,video,,include:clip:7702536fe643,data/external/include_pose/INCLUDE/Pose_Signs/Greetings/49. How are you/MVI_9919.pkl,data/processed/landmarks/include/HOW_ARE_YOU/7702536fe643.npz,71,0.0,0.0,0.9859,1.0,,
fc599482292a,HOW_ARE_YOU,include,video,,include:clip:fc599482292a,data/external/include_pose/INCLUDE/Pose_Signs/Greetings/49. How are you/MVI_0040.pkl,data/processed/landmarks/include/HOW_ARE_YOU/fc599482292a.npz,60,0.0,0.0,0.9167,1.0,,
7f71055e5436,HOW_ARE_YOU,include,video,,include:clip:7f71055e5436,data/external/include_pose/INCLUDE/Pose_Signs/Greetings/49. How are you/MVI_0093.pkl,data/processed/landmarks/include/HOW_ARE_YOU/7f71055e5436.npz,100,0.0,0.0,0.92,1.0,,
bcc9a2710fd1,HOW_ARE_YOU,include,video,,include:clip:bcc9a2710fd1,data/external/include_pose/INCLUDE/Pose_Signs/Greetings/49. How are you/MVI_9921.pkl,data/processed/landmarks/include/HOW_ARE_YOU/bcc9a2710fd1.npz,65,0.0,0.0,0.9846,1.0,,
ac727dfb70be,HOW_ARE_YOU,include,video,,include:clip:ac727dfb70be,data/external/include_pose/INCLUDE/Pose_Signs/Greetings/49. How are you/MVI_0092.pkl,data/processed/landmarks/include/HOW_ARE_YOU/ac727dfb70be.npz,83,0.0,0.0,0.9157,1.0,,
27f3dae4667e,HOW_ARE_YOU,include,video,,include:clip:27f3dae4667e,data/external/include_pose/INCLUDE/Pose_Signs/Greetings/49. How are you/MVI_9987.pkl,data/processed/landmarks/include/HOW_ARE_YOU/27f3dae4667e.npz,68,0.0,0.0,1.0,1.0,,
a7c259100aef,HOW_ARE_YOU,include,video,,include:clip:a7c259100aef,data/external/include_pose/INCLUDE/Pose_Signs/Greetings/49. How are you/MVI_0035.pkl,data/processed/landmarks/include/HOW_ARE_YOU/a7c259100aef.npz,96,0.0,0.0,0.9688,1.0,,
030df5cdb133,HOW_ARE_YOU,include,video,,include:clip:030df5cdb133,data/external/include_pose/INCLUDE/Pose_Signs/Greetings/49. How are you/MVI_0034.pkl,data/processed/landmarks/include/HOW_ARE_YOU/030df5cdb133.npz,92,0.0,0.0,0.9783,1.0,,
007fb5568dcd,HOW_ARE_YOU,include,video,,include:clip:007fb5568dcd,data/external/include_pose/INCLUDE/Pose_Signs/Greetings/49. How are you/MVI_9986.pkl,data/processed/landmarks/include/HOW_ARE_YOU/007fb5568dcd.npz,67,0.0,0.0,0.9701,1.0,,
03d7d9e858ef,HOW_ARE_YOU,include,video,,include:clip:03d7d9e858ef,data/external/include_pose/INCLUDE/Pose_Signs/Greetings/49. How are you/MVI_0036.pkl,data/processed/landmarks/include/HOW_ARE_YOU/03d7d9e858ef.npz,95,0.0,0.0,0.9368,1.0,,
78682353bdfd,HOW_ARE_YOU,include,video,,include:clip:78682353bdfd,data/external/include_pose/INCLUDE/Pose_Signs/Greetings/49. How are you/MVI_9985.pkl,data/processed/landmarks/include/HOW_ARE_YOU/78682353bdfd.npz,67,0.0,0.0,0.9851,1.0,,
1e3da51eed60,GOOD_NIGHT,include,video,,include:clip:1e3da51eed60,data/external/include_pose/INCLUDE/Pose_Signs/Greetings/54. Good night/MVI_0003.pkl,data/processed/landmarks/include/GOOD_NIGHT/1e3da51eed60.npz,60,0.0,0.0,0.9833,1.0,,
b1410dc92d03,GOOD_NIGHT,include,video,,include:clip:b1410dc92d03,data/external/include_pose/INCLUDE/Pose_Signs/Greetings/54. Good night/MVI_0002.pkl,data/processed/landmarks/include/GOOD_NIGHT/b1410dc92d03.npz,56,0.0,0.0,0.9821,1.0,,
8b62cd45eab1,GOOD_NIGHT,include,video,,include:clip:8b62cd45eab1,data/external/include_pose/INCLUDE/Pose_Signs/Greetings/54. Good night/MVI_0004.pkl,data/processed/landmarks/include/GOOD_NIGHT/8b62cd45eab1.npz,60,0.0,0.0,0.95,1.0,,
7384502ce3a3,GOOD_NIGHT,include,video,,include:clip:7384502ce3a3,data/external/include_pose/INCLUDE/Pose_Signs/Greetings/54. Good night/MVI_0059.pkl,data/processed/landmarks/include/GOOD_NIGHT/7384502ce3a3.npz,93,0.0,0.0,1.0,1.0,,
ba7d80593ac9,GOOD_NIGHT,include,video,,include:clip:ba7d80593ac9,data/external/include_pose/INCLUDE/Pose_Signs/Greetings/54. Good night/MVI_0110.pkl,data/processed/landmarks/include/GOOD_NIGHT/ba7d80593ac9.npz,77,0.0,0.0,1.0,1.0,,
f03995bb4050,GOOD_NIGHT,include,video,,include:clip:f03995bb4050,data/external/include_pose/INCLUDE/Pose_Signs/Greetings/54. Good night/MVI_0058.pkl,data/processed/landmarks/include/GOOD_NIGHT/f03995bb4050.npz,91,0.0,0.0,1.0,1.0,,
56446c1a1aaf,GOOD_NIGHT,include,video,,include:clip:56446c1a1aaf,data/external/include_pose/INCLUDE/Pose_Signs/Greetings/54. Good night/MVI_0056.pkl,data/processed/landmarks/include/GOOD_NIGHT/56446c1a1aaf.npz,62,0.0,0.0,1.0,1.0,,
9a46f609b66d,GOOD_NIGHT,include,video,,include:clip:9a46f609b66d,data/external/include_pose/INCLUDE/Pose_Signs/Greetings/54. Good night/MVI_0057.pkl,data/processed/landmarks/include/GOOD_NIGHT/9a46f609b66d.npz,60,0.0,0.0,1.0,1.0,,
29c7378f5668,GOOD_NIGHT,include,video,,include:clip:29c7378f5668,data/external/include_pose/INCLUDE/Pose_Signs/Greetings/54. Good night/MVI_0055.pkl,data/processed/landmarks/include/GOOD_NIGHT/29c7378f5668.npz,56,0.0,0.0,1.0,1.0,,
7641bb144897,GOOD_NIGHT,include,video,,include:clip:7641bb144897,data/external/include_pose/INCLUDE/Pose_Signs/Greetings/54. Good night/MVI_0109.pkl,data/processed/landmarks/include/GOOD_NIGHT/7641bb144897.npz,80,0.0,0.0,1.0,1.0,,
b6a3e462de09,GOOD_NIGHT,include,video,,include:clip:b6a3e462de09,data/external/include_pose/INCLUDE/Pose_Signs/Greetings/54. Good night/MVI_9944.pkl,data/processed/landmarks/include/GOOD_NIGHT/b6a3e462de09.npz,55,0.0,0.0,1.0,1.0,,
c4e856cb1247,GOOD_NIGHT,include,video,,include:clip:c4e856cb1247,data/external/include_pose/INCLUDE/Pose_Signs/Greetings/54. Good night/MVI_9945.pkl,data/processed/landmarks/include/GOOD_NIGHT/c4e856cb1247.npz,58,0.0,0.0,1.0,1.0,,
dfdf6be80e4c,GOOD_NIGHT,include,video,,include:clip:dfdf6be80e4c,data/external/include_pose/INCLUDE/Pose_Signs/Greetings/54. Good night/MVI_005_6.pkl,data/processed/landmarks/include/GOOD_NIGHT/dfdf6be80e4c.npz,82,0.0,0.0,1.0,1.0,,
6f4a1a2f53cd,GOOD_NIGHT,include,video,,include:clip:6f4a1a2f53cd,data/external/include_pose/INCLUDE/Pose_Signs/Greetings/54. Good night/MVI_9980.pkl,data/processed/landmarks/include/GOOD_NIGHT/6f4a1a2f53cd.npz,84,0.0,0.0,1.0,1.0,,
8f6529263e0a,GOOD_NIGHT,include,video,,include:clip:8f6529263e0a,data/external/include_pose/INCLUDE/Pose_Signs/Greetings/54. Good night/MVI_9982.pkl,data/processed/landmarks/include/GOOD_NIGHT/8f6529263e0a.npz,84,0.0,0.0,1.0,1.0,,
bbcbe39f3d93,GOOD_NIGHT,include,video,,include:clip:bbcbe39f3d93,data/external/include_pose/INCLUDE/Pose_Signs/Greetings/54. Good night/MVI_0057_.pkl,data/processed/landmarks/include/GOOD_NIGHT/bbcbe39f3d93.npz,91,0.0,0.0,1.0,1.0,,
ce27866be436,GOOD_NIGHT,include,video,,include:clip:ce27866be436,data/external/include_pose/INCLUDE/Pose_Signs/Greetings/54. Good night/MVI_9983.pkl,data/processed/landmarks/include/GOOD_NIGHT/ce27866be436.npz,67,0.0,0.0,1.0,1.0,,
0ec2591fb59f,PLEASED,include,video,,include:clip:0ec2591fb59f,data/external/include_pose/INCLUDE/Pose_Signs/Greetings/56. Pleased/MVI_9988.pkl,data/processed/landmarks/include/PLEASED/0ec2591fb59f.npz,64,0.0,0.0,1.0,1.0,,
2e1d871c1a6a,PLEASED,include,video,,include:clip:2e1d871c1a6a,data/external/include_pose/INCLUDE/Pose_Signs/Greetings/56. Pleased/MVI_9989.pkl,data/processed/landmarks/include/PLEASED/2e1d871c1a6a.npz,78,0.0,0.0,1.0,1.0,,
3c883549646a,PLEASED,include,video,,include:clip:3c883549646a,data/external/include_pose/INCLUDE/Pose_Signs/Greetings/56. Pleased/MVI_0011.pkl,data/processed/landmarks/include/PLEASED/3c883549646a.npz,53,0.0,0.0,1.0,1.0,,
a2348a555b04,PLEASED,include,video,,include:clip:a2348a555b04,data/external/include_pose/INCLUDE/Pose_Signs/Greetings/56. Pleased/MVI_0010.pkl,data/processed/landmarks/include/PLEASED/a2348a555b04.npz,54,0.0,0.0,1.0,1.0,,
7acb292d366c,PLEASED,include,video,,include:clip:7acb292d366c,data/external/include_pose/INCLUDE/Pose_Signs/Greetings/56. Pleased/MVI_0063.pkl,data/processed/landmarks/include/PLEASED/7acb292d366c.npz,56,0.0,0.0,1.0,1.0,,
0d23969bf405,PLEASED,include,video,,include:clip:0d23969bf405,data/external/include_pose/INCLUDE/Pose_Signs/Greetings/56. Pleased/MVI_0116.pkl,data/processed/landmarks/include/PLEASED/0d23969bf405.npz,65,0.0,0.0,1.0,1.0,,
7c0d24d55b9f,PLEASED,include,video,,include:clip:7c0d24d55b9f,data/external/include_pose/INCLUDE/Pose_Signs/Greetings/56. Pleased/MVI_0062.pkl,data/processed/landmarks/include/PLEASED/7c0d24d55b9f.npz,51,0.0,0.0,1.0,1.0,,
efeb7b7a4fbe,PLEASED,include,video,,include:clip:efeb7b7a4fbe,data/external/include_pose/INCLUDE/Pose_Signs/Greetings/56. Pleased/MVI_0114.pkl,data/processed/landmarks/include/PLEASED/efeb7b7a4fbe.npz,62,0.0,0.0,1.0,1.0,,
4e41d2529011,PLEASED,include,video,,include:clip:4e41d2529011,data/external/include_pose/INCLUDE/Pose_Signs/Greetings/56. Pleased/MVI_0115.pkl,data/processed/landmarks/include/PLEASED/4e41d2529011.npz,73,0.0,0.0,1.0,1.0,,
c8b2e8ba3f67,PLEASED,include,video,,include:clip:c8b2e8ba3f67,data/external/include_pose/INCLUDE/Pose_Signs/Greetings/56. Pleased/MVI_0065.pkl,data/processed/landmarks/include/PLEASED/c8b2e8ba3f67.npz,81,0.0,0.0,1.0,1.0,,
7618208a190e,PLEASED,include,video,,include:clip:7618208a190e,data/external/include_pose/INCLUDE/Pose_Signs/Greetings/56. Pleased/MVI_0066.pkl,data/processed/landmarks/include/PLEASED/7618208a190e.npz,79,0.0,0.0,1.0,1.0,,
d5f476701bf2,PLEASED,include,video,,include:clip:d5f476701bf2,data/external/include_pose/INCLUDE/Pose_Signs/Greetings/56. Pleased/MVI_0067.pkl,data/processed/landmarks/include/PLEASED/d5f476701bf2.npz,76,0.0,0.0,1.0,1.0,,
549164f97331,PLEASED,include,video,,include:clip:549164f97331,data/external/include_pose/INCLUDE/Pose_Signs/Greetings/56. Pleased/MVI_0068.pkl,data/processed/landmarks/include/PLEASED/549164f97331.npz,87,0.0,0.0,1.0,1.0,,
dae45b55775e,PLEASED,include,video,,include:clip:dae45b55775e,data/external/include_pose/INCLUDE/Pose_Signs/Greetings/56. Pleased/MVI_9990.pkl,data/processed/landmarks/include/PLEASED/dae45b55775e.npz,70,0.0,0.0,1.0,1.0,,
4197f1f5e017,PLEASED,include,video,,include:clip:4197f1f5e017,data/external/include_pose/INCLUDE/Pose_Signs/Greetings/56. Pleased/MVI_9953.pkl,data/processed/landmarks/include/PLEASED/4197f1f5e017.npz,48,0.0,0.0,1.0,1.0,,
40fd3cd00133,PLEASED,include,video,,include:clip:40fd3cd00133,data/external/include_pose/INCLUDE/Pose_Signs/Greetings/56. Pleased/MVI_9952.pkl,data/processed/landmarks/include/PLEASED/40fd3cd00133.npz,52,0.0,0.0,1.0,1.0,,
36e18879a649,PLEASED,include,video,,include:clip:36e18879a649,data/external/include_pose/INCLUDE/Pose_Signs/Greetings/56. Pleased/MVI_9955.pkl,data/processed/landmarks/include/PLEASED/36e18879a649.npz,44,0.0,0.0,1.0,1.0,,
00186e65b71c,HELLO,include,video,,include:clip:00186e65b71c,data/external/include_pose/INCLUDE/Pose_Signs/Greetings/48. Hello/MVI_0039.pkl,data/processed/landmarks/include/HELLO/00186e65b71c.npz,52,0.0,0.0,1.0,1.0,,
76351c8f3553,HELLO,include,video,,include:clip:76351c8f3553,data/external/include_pose/INCLUDE/Pose_Signs/Greetings/48. Hello/MVI_0038.pkl,data/processed/landmarks/include/HELLO/76351c8f3553.npz,56,0.0,0.0,1.0,1.0,,
b9d67fdb472d,HELLO,include,video,,include:clip:b9d67fdb472d,data/external/include_pose/INCLUDE/Pose_Signs/Greetings/48. Hello/MVI_0089.pkl,data/processed/landmarks/include/HELLO/b9d67fdb472d.npz,68,0.0,0.0,1.0,1.0,,
418cc0265319,HELLO,include,video,,include:clip:418cc0265319,data/external/include_pose/INCLUDE/Pose_Signs/Greetings/48. Hello/MVI_9915.pkl,data/processed/landmarks/include/HELLO/418cc0265319.npz,52,0.0,0.0,1.0,1.0,,
2a72c56e7759,HELLO,include,video,,include:clip:2a72c56e7759,data/external/include_pose/INCLUDE/Pose_Signs/Greetings/48. Hello/MVI_9917.pkl,data/processed/landmarks/include/HELLO/2a72c56e7759.npz,49,0.0,0.0,1.0,1.0,,
08048e068302,HELLO,include,video,,include:clip:08048e068302,data/external/include_pose/INCLUDE/Pose_Signs/Greetings/48. Hello/MVI_9916.pkl,data/processed/landmarks/include/HELLO/08048e068302.npz,50,0.0,0.0,1.0,1.0,,
9a298b220cb1,HELLO,include,video,,include:clip:9a298b220cb1,data/external/include_pose/INCLUDE/Pose_Signs/Greetings/48. Hello/MVI_0090.pkl,data/processed/landmarks/include/HELLO/9a298b220cb1.npz,69,0.0,0.0,1.0,1.0,,
a83106c7f920,HELLO,include,video,,include:clip:a83106c7f920,data/external/include_pose/INCLUDE/Pose_Signs/Greetings/48. Hello/MVI_0091.pkl,data/processed/landmarks/include/HELLO/a83106c7f920.npz,80,0.0,0.0,1.0,1.0,,
8516b3aae845,HELLO,include,video,,include:clip:8516b3aae845,data/external/include_pose/INCLUDE/Pose_Signs/Greetings/48. Hello/MVI_9984.pkl,data/processed/landmarks/include/HELLO/8516b3aae845.npz,47,0.0,0.0,1.0,1.0,,
308976e87c22,HELLO,include,video,,include:clip:308976e87c22,data/external/include_pose/INCLUDE/Pose_Signs/Greetings/48. Hello/MVI_0037.pkl,data/processed/landmarks/include/HELLO/308976e87c22.npz,49,0.0,0.0,1.0,1.0,,
e5edfe55cdef,HELLO,include,video,,include:clip:e5edfe55cdef,data/external/include_pose/INCLUDE/Pose_Signs/Greetings/48. Hello/MVI_9957.pkl,data/processed/landmarks/include/HELLO/e5edfe55cdef.npz,79,0.0,0.0,1.0,1.0,,
d73b20f7e5e2,HELLO,include,video,,include:clip:d73b20f7e5e2,data/external/include_pose/INCLUDE/Pose_Signs/Greetings/48. Hello/MVI_0032.pkl,data/processed/landmarks/include/HELLO/d73b20f7e5e2.npz,61,0.0,0.0,1.0,1.0,,
25fb785e114c,HELLO,include,video,,include:clip:25fb785e114c,data/external/include_pose/INCLUDE/Pose_Signs/Greetings/48. Hello/MVI_0030.pkl,data/processed/landmarks/include/HELLO/25fb785e114c.npz,74,0.0,0.0,1.0,1.0,,
c9279ad5db99,HELLO,include,video,,include:clip:c9279ad5db99,data/external/include_pose/INCLUDE/Pose_Signs/Greetings/48. Hello/MVI_9982.pkl,data/processed/landmarks/include/HELLO/c9279ad5db99.npz,51,0.0,0.0,1.0,1.0,,
95f610793afa,HELLO,include,video,,include:clip:95f610793afa,data/external/include_pose/INCLUDE/Pose_Signs/Greetings/48. Hello/MVI_9955.pkl,data/processed/landmarks/include/HELLO/95f610793afa.npz,84,0.0,0.0,1.0,1.0,,
bba82de4a8d5,HELLO,include,video,,include:clip:bba82de4a8d5,data/external/include_pose/INCLUDE/Pose_Signs/Greetings/48. Hello/MVI_9954.pkl,data/processed/landmarks/include/HELLO/bba82de4a8d5.npz,69,0.0,0.0,1.0,1.0,,
9f5ecb34151c,HELLO,include,video,,include:clip:9f5ecb34151c,data/external/include_pose/INCLUDE/Pose_Signs/Greetings/48. Hello/MVI_0031.pkl,data/processed/landmarks/include/HELLO/9f5ecb34151c.npz,65,0.0,0.0,1.0,1.0,,
15346ef91cc9,SPORT,include,video,,include:clip:15346ef91cc9,data/external/include_pose/INCLUDE/Pose_Signs/Society/17. Sport/MVI_8978.pkl,data/processed/landmarks/include/SPORT/15346ef91cc9.npz,71,0.0,0.0,0.9296,1.0,,
d8dbd20f034a,SPORT,include,video,,include:clip:d8dbd20f034a,data/external/include_pose/INCLUDE/Pose_Signs/Society/17. Sport/MVI_4317.pkl,data/processed/landmarks/include/SPORT/d8dbd20f034a.npz,66,0.0,0.0,0.8788,1.0,,
43d35bef57d8,SPORT,include,video,,include:clip:43d35bef57d8,data/external/include_pose/INCLUDE/Pose_Signs/Society/17. Sport/MVI_4316.pkl,data/processed/landmarks/include/SPORT/43d35bef57d8.npz,56,0.0,0.0,0.9286,1.0,,
516c61fb8285,SPORT,include,video,,include:clip:516c61fb8285,data/external/include_pose/INCLUDE/Pose_Signs/Society/17. Sport/MVI_8723.pkl,data/processed/landmarks/include/SPORT/516c61fb8285.npz,94,0.0,0.0,0.617,1.0,,
d1ec4416a30e,SPORT,include,video,,include:clip:d1ec4416a30e,data/external/include_pose/INCLUDE/Pose_Signs/Society/17. Sport/MVI_8725.pkl,data/processed/landmarks/include/SPORT/d1ec4416a30e.npz,71,0.0,0.0,0.7042,1.0,,
6962591a1e35,SPORT,include,video,,include:clip:6962591a1e35,data/external/include_pose/INCLUDE/Pose_Signs/Society/17. Sport/MVI_8724.pkl,data/processed/landmarks/include/SPORT/6962591a1e35.npz,77,0.0,0.0,0.5714,1.0,,
360e4721c7ca,SPORT,include,video,,include:clip:360e4721c7ca,data/external/include_pose/INCLUDE/Pose_Signs/Society/17. Sport/MVI_4318.pkl,data/processed/landmarks/include/SPORT/360e4721c7ca.npz,67,0.0,0.0,0.8657,1.0,,
ad76a84296ca,SPORT,include,video,,include:clip:ad76a84296ca,data/external/include_pose/INCLUDE/Pose_Signs/Society/17. Sport/MVI_8976.pkl,data/processed/landmarks/include/SPORT/ad76a84296ca.npz,68,0.0,0.0,0.9265,1.0,,
19ce45ca1f9f,SPORT,include,video,,include:clip:19ce45ca1f9f,data/external/include_pose/INCLUDE/Pose_Signs/Society/17. Sport/MVI_8977.pkl,data/processed/landmarks/include/SPORT/19ce45ca1f9f.npz,72,0.0,0.0,0.9583,1.0,,
f30224c1b379,SPORT,include,video,,include:clip:f30224c1b379,data/external/include_pose/INCLUDE/Pose_Signs/Society/17. Sport/MVI_4849.pkl,data/processed/landmarks/include/SPORT/f30224c1b379.npz,59,0.0,0.0,0.7966,1.0,,
e012c75c2255,SPORT,include,video,,include:clip:e012c75c2255,data/external/include_pose/INCLUDE/Pose_Signs/Society/17. Sport/MVI_4848.pkl,data/processed/landmarks/include/SPORT/e012c75c2255.npz,65,0.0,0.0,0.8462,1.0,,
442c29d4664d,RACE_ETHNICITY,include,video,,include:clip:442c29d4664d,data/external/include_pose/INCLUDE/Pose_Signs/Society/8. Race (ethnicity)/MVI_8950.pkl,data/processed/landmarks/include/RACE_ETHNICITY/442c29d4664d.npz,71,0.0,0.0,0.9296,1.0,,
04ef16764999,RACE_ETHNICITY,include,video,,include:clip:04ef16764999,data/external/include_pose/INCLUDE/Pose_Signs/Society/8. Race (ethnicity)/MVI_8688.pkl,data/processed/landmarks/include/RACE_ETHNICITY/04ef16764999.npz,76,0.0,0.0,0.3289,1.0,low_hand_detection,
8d09ae4d8097,RACE_ETHNICITY,include,video,,include:clip:8d09ae4d8097,data/external/include_pose/INCLUDE/Pose_Signs/Society/8. Race (ethnicity)/MVI_4821.pkl,data/processed/landmarks/include/RACE_ETHNICITY/8d09ae4d8097.npz,60,0.0,0.0,0.8833,1.0,,
e33293f8a2fa,RACE_ETHNICITY,include,video,,include:clip:e33293f8a2fa,data/external/include_pose/INCLUDE/Pose_Signs/Society/8. Race (ethnicity)/MVI_8685.pkl,data/processed/landmarks/include/RACE_ETHNICITY/e33293f8a2fa.npz,75,0.0,0.0,0.6533,1.0,,
2bc4523d375d,RACE_ETHNICITY,include,video,,include:clip:2bc4523d375d,data/external/include_pose/INCLUDE/Pose_Signs/Society/8. Race (ethnicity)/MVI_8686.pkl,data/processed/landmarks/include/RACE_ETHNICITY/2bc4523d375d.npz,73,0.0,0.0,0.589,1.0,,
cf026a124c2c,RACE_ETHNICITY,include,video,,include:clip:cf026a124c2c,data/external/include_pose/INCLUDE/Pose_Signs/Society/8. Race (ethnicity)/MVI_8687.pkl,data/processed/landmarks/include/RACE_ETHNICITY/cf026a124c2c.npz,68,0.0,0.0,0.5735,1.0,,
22f996eec891,RACE_ETHNICITY,include,video,,include:clip:22f996eec891,data/external/include_pose/INCLUDE/Pose_Signs/Society/8. Race (ethnicity)/MVI_4279.pkl,data/processed/landmarks/include/RACE_ETHNICITY/22f996eec891.npz,62,0.0,0.0,0.9839,1.0,,
7e0bb7dbf5c5,RACE_ETHNICITY,include,video,,include:clip:7e0bb7dbf5c5,data/external/include_pose/INCLUDE/Pose_Signs/Society/8. Race (ethnicity)/MVI_8949.pkl,data/processed/landmarks/include/RACE_ETHNICITY/7e0bb7dbf5c5.npz,74,0.0,0.0,0.9595,1.0,,
0780ccc3bacd,RACE_ETHNICITY,include,video,,include:clip:0780ccc3bacd,data/external/include_pose/INCLUDE/Pose_Signs/Society/8. Race (ethnicity)/MVI_4281.pkl,data/processed/landmarks/include/RACE_ETHNICITY/0780ccc3bacd.npz,61,0.0,0.0,0.9672,1.0,,
ee4a16cddade,RACE_ETHNICITY,include,video,,include:clip:ee4a16cddade,data/external/include_pose/INCLUDE/Pose_Signs/Society/8. Race (ethnicity)/MVI_4280.pkl,data/processed/landmarks/include/RACE_ETHNICITY/ee4a16cddade.npz,58,0.0,0.0,0.931,1.0,,
4562cbff891e,RACE_ETHNICITY,include,video,,include:clip:4562cbff891e,data/external/include_pose/INCLUDE/Pose_Signs/Society/8. Race (ethnicity)/MVI_8948.pkl,data/processed/landmarks/include/RACE_ETHNICITY/4562cbff891e.npz,74,0.0,0.0,0.8784,1.0,,
2a161a6f196b,ELECTION,include,video,,include:clip:2a161a6f196b,data/external/include_pose/INCLUDE/Pose_Signs/Society/14. Election/MVI_4306.pkl,data/processed/landmarks/include/ELECTION/2a161a6f196b.npz,76,0.0,0.0,0.9737,1.0,,
d5706c030a6e,ELECTION,include,video,,include:clip:d5706c030a6e,data/external/include_pose/INCLUDE/Pose_Signs/Society/14. Election/MVI_4307.pkl,data/processed/landmarks/include/ELECTION/d5706c030a6e.npz,73,0.0,0.0,0.9863,1.0,,
e8a5c0403efd,ELECTION,include,video,,include:clip:e8a5c0403efd,data/external/include_pose/INCLUDE/Pose_Signs/Society/14. Election/MVI_4304.pkl,data/processed/landmarks/include/ELECTION/e8a5c0403efd.npz,72,0.0,0.0,1.0,1.0,,
513016f98564,ELECTION,include,video,,include:clip:513016f98564,data/external/include_pose/INCLUDE/Pose_Signs/Society/14. Election/MVI_8968.pkl,data/processed/landmarks/include/ELECTION/513016f98564.npz,75,0.0,0.0,0.9333,1.0,,
67ee4c5b4b7f,ELECTION,include,video,,include:clip:67ee4c5b4b7f,data/external/include_pose/INCLUDE/Pose_Signs/Society/14. Election/MVI_4840.pkl,data/processed/landmarks/include/ELECTION/67ee4c5b4b7f.npz,65,0.0,0.0,0.8462,1.0,,
9d2089d82a35,ELECTION,include,video,,include:clip:9d2089d82a35,data/external/include_pose/INCLUDE/Pose_Signs/Society/14. Election/MVI_4841.pkl,data/processed/landmarks/include/ELECTION/9d2089d82a35.npz,62,0.0,0.0,0.871,1.0,,
fad1716be6cd,ELECTION,include,video,,include:clip:fad1716be6cd,data/external/include_pose/INCLUDE/Pose_Signs/Society/14. Election/MVI_8969.pkl,data/processed/landmarks/include/ELECTION/fad1716be6cd.npz,71,0.0,0.0,0.9577,1.0,,
bff8cd002365,ELECTION,include,video,,include:clip:bff8cd002365,data/external/include_pose/INCLUDE/Pose_Signs/Society/14. Election/MVI_8713.pkl,data/processed/landmarks/include/ELECTION/bff8cd002365.npz,68,0.0,0.0,0.8529,1.0,,
2ae47e2cabdf,ELECTION,include,video,,include:clip:2ae47e2cabdf,data/external/include_pose/INCLUDE/Pose_Signs/Society/14. Election/MVI_8710.pkl,data/processed/landmarks/include/ELECTION/2ae47e2cabdf.npz,76,0.0,0.0,0.7237,1.0,,
afc9d84f2692,ELECTION,include,video,,include:clip:afc9d84f2692,data/external/include_pose/INCLUDE/Pose_Signs/Society/14. Election/MVI_8711.pkl,data/processed/landmarks/include/ELECTION/afc9d84f2692.npz,78,0.0,0.0,0.6154,1.0,,
3df2c48d2982,ELECTION,include,video,,include:clip:3df2c48d2982,data/external/include_pose/INCLUDE/Pose_Signs/Society/14. Election/MVI_4839.pkl,data/processed/landmarks/include/ELECTION/3df2c48d2982.npz,73,0.0,0.0,0.8767,1.0,,
29466b893bd7,ENERGY,include,video,,include:clip:29466b893bd7,data/external/include_pose/INCLUDE/Pose_Signs/Society/10. Energy/MVI_8956.pkl,data/processed/landmarks/include/ENERGY/29466b893bd7.npz,74,0.0,0.0,0.9189,1.0,,
c57a20d9e863,ENERGY,include,video,,include:clip:c57a20d9e863,data/external/include_pose/INCLUDE/Pose_Signs/Society/10. Energy/MVI_8954.pkl,data/processed/landmarks/include/ENERGY/c57a20d9e863.npz,68,0.0,0.0,0.9559,1.0,,
efabe228bf54,ENERGY,include,video,,include:clip:efabe228bf54,data/external/include_pose/INCLUDE/Pose_Signs/Society/10. Energy/MVI_4288.pkl,data/processed/landmarks/include/ENERGY/efabe228bf54.npz,49,0.0,0.0,0.9796,1.0,,
9f41763c9b21,ENERGY,include,video,,include:clip:9f41763c9b21,data/external/include_pose/INCLUDE/Pose_Signs/Society/10. Energy/MVI_4289.pkl,data/processed/landmarks/include/ENERGY/9f41763c9b21.npz,48,0.0,0.0,0.9167,1.0,,
18834c62456c,ENERGY,include,video,,include:clip:18834c62456c,data/external/include_pose/INCLUDE/Pose_Signs/Society/10. Energy/MVI_8696.pkl,data/processed/landmarks/include/ENERGY/18834c62456c.npz,62,0.0,0.0,0.4194,1.0,low_hand_detection,
b49e628a8453,ENERGY,include,video,,include:clip:b49e628a8453,data/external/include_pose/INCLUDE/Pose_Signs/Society/10. Energy/MVI_8694.pkl,data/processed/landmarks/include/ENERGY/b49e628a8453.npz,64,0.0,0.0,0.5,1.0,,
5eaf04d4da79,ENERGY,include,video,,include:clip:5eaf04d4da79,data/external/include_pose/INCLUDE/Pose_Signs/Society/10. Energy/MVI_8695.pkl,data/processed/landmarks/include/ENERGY/5eaf04d4da79.npz,68,0.0,0.0,0.4853,1.0,low_hand_detection,
7db92a37b874,ENERGY,include,video,,include:clip:7db92a37b874,data/external/include_pose/INCLUDE/Pose_Signs/Society/10. Energy/MVI_4829.pkl,data/processed/landmarks/include/ENERGY/7db92a37b874.npz,60,0.0,0.0,0.8833,1.0,,
d60578315a23,ENERGY,include,video,,include:clip:d60578315a23,data/external/include_pose/INCLUDE/Pose_Signs/Society/10. Energy/MVI_4828.pkl,data/processed/landmarks/include/ENERGY/d60578315a23.npz,52,0.0,0.0,0.8654,1.0,,
2d80b593e8d5,ENERGY,include,video,,include:clip:2d80b593e8d5,data/external/include_pose/INCLUDE/Pose_Signs/Society/10. Energy/MVI_8693.pkl,data/processed/landmarks/include/ENERGY/2d80b593e8d5.npz,66,0.0,0.0,0.6061,1.0,,
8a046fb872f5,ENERGY,include,video,,include:clip:8a046fb872f5,data/external/include_pose/INCLUDE/Pose_Signs/Society/10. Energy/MVI_4290.pkl,data/processed/landmarks/include/ENERGY/8a046fb872f5.npz,42,0.0,0.0,0.9762,1.0,,
0e7164694c37,WAR,include,video,,include:clip:0e7164694c37,data/external/include_pose/INCLUDE/Pose_Signs/Society/11. War/MVI_4832.pkl,data/processed/landmarks/include/WAR/0e7164694c37.npz,58,0.0,0.0,0.8793,1.0,,
71e769069d18,WAR,include,video,,include:clip:71e769069d18,data/external/include_pose/INCLUDE/Pose_Signs/Society/11. War/MVI_8700.pkl,data/processed/landmarks/include/WAR/71e769069d18.npz,70,0.0,0.0,0.3286,1.0,low_hand_detection,
bc92aad1894f,WAR,include,video,,include:clip:bc92aad1894f,data/external/include_pose/INCLUDE/Pose_Signs/Society/11. War/MVI_4831.pkl,data/processed/landmarks/include/WAR/bc92aad1894f.npz,56,0.0,0.0,0.8929,1.0,,
f6b717a543b3,WAR,include,video,,include:clip:f6b717a543b3,data/external/include_pose/INCLUDE/Pose_Signs/Society/11. War/MVI_8698.pkl,data/processed/landmarks/include/WAR/f6b717a543b3.npz,65,0.0,0.0,0.5077,1.0,,
70e38c1df3a9,WAR,include,video,,include:clip:70e38c1df3a9,data/external/include_pose/INCLUDE/Pose_Signs/Society/11. War/MVI_8699.pkl,data/processed/landmarks/include/WAR/70e38c1df3a9.npz,65,0.0,0.0,0.4,1.0,low_hand_detection,
07aa2971321a,WAR,include,video,,include:clip:07aa2971321a,data/external/include_pose/INCLUDE/Pose_Signs/Society/11. War/MVI_8697.pkl,data/processed/landmarks/include/WAR/07aa2971321a.npz,75,0.0,0.0,0.4267,1.0,low_hand_detection,
8e0b2831aa7b,WAR,include,video,,include:clip:8e0b2831aa7b,data/external/include_pose/INCLUDE/Pose_Signs/Society/11. War/MVI_8958.pkl,data/processed/landmarks/include/WAR/8e0b2831aa7b.npz,67,0.0,0.0,0.8657,1.0,,
c063195fba4a,WAR,include,video,,include:clip:c063195fba4a,data/external/include_pose/INCLUDE/Pose_Signs/Society/11. War/MVI_4291.pkl,data/processed/landmarks/include/WAR/c063195fba4a.npz,55,0.0,0.0,0.9091,1.0,,
0c3deb026877,WAR,include,video,,include:clip:0c3deb026877,data/external/include_pose/INCLUDE/Pose_Signs/Society/11. War/MVI_8959.pkl,data/processed/landmarks/include/WAR/0c3deb026877.npz,66,0.0,0.0,0.8636,1.0,,
a348553b57b6,WAR,include,video,,include:clip:a348553b57b6,data/external/include_pose/INCLUDE/Pose_Signs/Society/11. War/MVI_4293.pkl,data/processed/landmarks/include/WAR/a348553b57b6.npz,48,0.0,0.0,0.9375,1.0,,
49b992b33c0a,WAR,include,video,,include:clip:49b992b33c0a,data/external/include_pose/INCLUDE/Pose_Signs/Society/11. War/MVI_4292.pkl,data/processed/landmarks/include/WAR/49b992b33c0a.npz,55,0.0,0.0,0.9455,1.0,,
9228ae739524,ATTACK,include,video,,include:clip:9228ae739524,data/external/include_pose/INCLUDE/Pose_Signs/Society/13. Attack/MVI_4299.pkl,data/processed/landmarks/include/ATTACK/9228ae739524.npz,73,0.0,0.0,1.0,1.0,,
7cf84f4e6cbe,ATTACK,include,video,,include:clip:7cf84f4e6cbe,data/external/include_pose/INCLUDE/Pose_Signs/Society/13. Attack/MVI_4300.pkl,data/processed/landmarks/include/ATTACK/7cf84f4e6cbe.npz,79,0.0,0.0,1.0,1.0,,
8f78d3c90fe6,ATTACK,include,video,,include:clip:8f78d3c90fe6,data/external/include_pose/INCLUDE/Pose_Signs/Society/13. Attack/MVI_4301.pkl,data/processed/landmarks/include/ATTACK/8f78d3c90fe6.npz,76,0.0,0.0,1.0,1.0,,
9532fcd624a6,ATTACK,include,video,,include:clip:9532fcd624a6,data/external/include_pose/INCLUDE/Pose_Signs/Society/13. Attack/MVI_4303.pkl,data/processed/landmarks/include/ATTACK/9532fcd624a6.npz,70,0.0,0.0,1.0,1.0,,
27f390cca7ed,ATTACK,include,video,,include:clip:27f390cca7ed,data/external/include_pose/INCLUDE/Pose_Signs/Society/13. Attack/MVI_4302.pkl,data/processed/landmarks/include/ATTACK/27f390cca7ed.npz,83,0.0,0.0,1.0,1.0,,
88e7ae28241a,ATTACK,include,video,,include:clip:88e7ae28241a,data/external/include_pose/INCLUDE/Pose_Signs/Society/13. Attack/MVI_8707.pkl,data/processed/landmarks/include/ATTACK/88e7ae28241a.npz,80,0.0,0.0,0.5875,1.0,,
35e7fdda2fb6,ATTACK,include,video,,include:clip:35e7fdda2fb6,data/external/include_pose/INCLUDE/Pose_Signs/Society/13. Attack/MVI_4837.pkl,data/processed/landmarks/include/ATTACK/35e7fdda2fb6.npz,66,0.0,0.0,1.0,1.0,,
80acac868cbc,ATTACK,include,video,,include:clip:80acac868cbc,data/external/include_pose/INCLUDE/Pose_Signs/Society/13. Attack/MVI_4836.pkl,data/processed/landmarks/include/ATTACK/80acac868cbc.npz,73,0.0,0.0,1.0,1.0,,
6ef633e6c55a,ATTACK,include,video,,include:clip:6ef633e6c55a,data/external/include_pose/INCLUDE/Pose_Signs/Society/13. Attack/MVI_8708.pkl,data/processed/landmarks/include/ATTACK/6ef633e6c55a.npz,94,0.0,0.0,0.5745,1.0,,
25bcdf35bc96,ATTACK,include,video,,include:clip:25bcdf35bc96,data/external/include_pose/INCLUDE/Pose_Signs/Society/13. Attack/MVI_8709.pkl,data/processed/landmarks/include/ATTACK/25bcdf35bc96.npz,90,0.0,0.0,0.7556,1.0,,
ae6ad5f12483,ATTACK,include,video,,include:clip:ae6ad5f12483,data/external/include_pose/INCLUDE/Pose_Signs/Society/13. Attack/MVI_4838.pkl,data/processed/landmarks/include/ATTACK/ae6ad5f12483.npz,62,0.0,0.0,1.0,1.0,,
d5aa9cffe78a,ATTACK,include,video,,include:clip:d5aa9cffe78a,data/external/include_pose/INCLUDE/Pose_Signs/Society/13. Attack/MVI_8965.pkl,data/processed/landmarks/include/ATTACK/d5aa9cffe78a.npz,76,0.0,0.0,1.0,1.0,,
8cdc390247a3,DEATH,include,video,,include:clip:8cdc390247a3,data/external/include_pose/INCLUDE/Pose_Signs/Society/2. Death/MVI_4258.pkl,data/processed/landmarks/include/DEATH/8cdc390247a3.npz,59,0.0,0.0,0.9661,1.0,,
d35209849459,DEATH,include,video,,include:clip:d35209849459,data/external/include_pose/INCLUDE/Pose_Signs/Society/2. Death/MVI_8932.pkl,data/processed/landmarks/include/DEATH/d35209849459.npz,71,0.0,0.0,0.9296,1.0,,
61d01e20bb7f,DEATH,include,video,,include:clip:61d01e20bb7f,data/external/include_pose/INCLUDE/Pose_Signs/Society/2. Death/MVI_8661.pkl,data/processed/landmarks/include/DEATH/61d01e20bb7f.npz,92,0.0,0.0,0.8696,1.0,,
8110f66c08e8,DEATH,include,video,,include:clip:8110f66c08e8,data/external/include_pose/INCLUDE/Pose_Signs/Society/2. Death/MVI_8662.pkl,data/processed/landmarks/include/DEATH/8110f66c08e8.npz,82,0.0,0.0,0.7805,1.0,,
2a5711097504,DEATH,include,video,,include:clip:2a5711097504,data/external/include_pose/INCLUDE/Pose_Signs/Society/2. Death/MVI_8663.pkl,data/processed/landmarks/include/DEATH/2a5711097504.npz,86,0.0,0.0,0.7907,1.0,,
b62979926220,DEATH,include,video,,include:clip:b62979926220,data/external/include_pose/INCLUDE/Pose_Signs/Society/2. Death/MVI_8930.pkl,data/processed/landmarks/include/DEATH/b62979926220.npz,67,0.0,0.0,0.9552,1.0,,
c56e66052b14,DEATH,include,video,,include:clip:c56e66052b14,data/external/include_pose/INCLUDE/Pose_Signs/Society/2. Death/MVI_4801.pkl,data/processed/landmarks/include/DEATH/c56e66052b14.npz,71,0.0,0.0,0.9577,1.0,,
683c0bd0d882,DEATH,include,video,,include:clip:683c0bd0d882,data/external/include_pose/INCLUDE/Pose_Signs/Society/2. Death/MVI_4800.pkl,data/processed/landmarks/include/DEATH/683c0bd0d882.npz,62,0.0,0.0,0.9677,1.0,,
eddb1bf505e8,DEATH,include,video,,include:clip:eddb1bf505e8,data/external/include_pose/INCLUDE/Pose_Signs/Society/2. Death/MVI_4255.pkl,data/processed/landmarks/include/DEATH/eddb1bf505e8.npz,63,0.0,0.0,1.0,1.0,,
8ed2ac2722d6,DEATH,include,video,,include:clip:8ed2ac2722d6,data/external/include_pose/INCLUDE/Pose_Signs/Society/2. Death/MVI_4256.pkl,data/processed/landmarks/include/DEATH/8ed2ac2722d6.npz,58,0.0,0.0,0.9828,1.0,,
df8c3fd26fd6,DEATH,include,video,,include:clip:df8c3fd26fd6,data/external/include_pose/INCLUDE/Pose_Signs/Society/2. Death/MVI_4257.pkl,data/processed/landmarks/include/DEATH/df8c3fd26fd6.npz,116,0.0,0.0,0.9655,1.0,,
bae5a062e31e,TECHNOLOGY,include,video,,include:clip:bae5a062e31e,data/external/include_pose/INCLUDE/Pose_Signs/Society/9. Technology/MVI_8951.pkl,data/processed/landmarks/include/TECHNOLOGY/bae5a062e31e.npz,69,0.0,0.0,0.9275,1.0,,
8e8709151c10,TECHNOLOGY,include,video,,include:clip:8e8709151c10,data/external/include_pose/INCLUDE/Pose_Signs/Society/9. Technology/MVI_8952.pkl,data/processed/landmarks/include/TECHNOLOGY/8e8709151c10.npz,74,0.0,0.0,0.9054,1.0,,
8544d8a387d1,TECHNOLOGY,include,video,,include:clip:8544d8a387d1,data/external/include_pose/INCLUDE/Pose_Signs/Society/9. Technology/MVI_8953.pkl,data/processed/landmarks/include/TECHNOLOGY/8544d8a387d1.npz,73,0.0,0.0,0.9589,1.0,,
5a96c49386c9,TECHNOLOGY,include,video,,include:clip:5a96c49386c9,data/external/include_pose/INCLUDE/Pose_Signs/Society/9. Technology/MVI_4826.pkl,data/processed/landmarks/include/TECHNOLOGY/5a96c49386c9.npz,62,0.0,0.0,0.9032,1.0,,
845b3f0ded26,TECHNOLOGY,include,video,,include:clip:845b3f0ded26,data/external/include_pose/INCLUDE/Pose_Signs/Society/9. Technology/MVI_8689.pkl,data/processed/landmarks/include/TECHNOLOGY/845b3f0ded26.npz,72,0.0,0.0,0.75,1.0,,
60e6a17f4ee6,TECHNOLOGY,include,video,,include:clip:60e6a17f4ee6,data/external/include_pose/INCLUDE/Pose_Signs/Society/9. Technology/MVI_4825.pkl,data/processed/landmarks/include/TECHNOLOGY/60e6a17f4ee6.npz,61,0.0,0.0,0.9016,1.0,,
dd1ba8ce10ba,TECHNOLOGY,include,video,,include:clip:dd1ba8ce10ba,data/external/include_pose/INCLUDE/Pose_Signs/Society/9. Technology/MVI_4824.pkl,data/processed/landmarks/include/TECHNOLOGY/dd1ba8ce10ba.npz,54,0.0,0.0,0.9259,1.0,,
224aa1ac8ee7,TECHNOLOGY,include,video,,include:clip:224aa1ac8ee7,data/external/include_pose/INCLUDE/Pose_Signs/Society/9. Technology/MVI_8691.pkl,data/processed/landmarks/include/TECHNOLOGY/224aa1ac8ee7.npz,62,0.0,0.0,0.4677,1.0,low_hand_detection,
02208361f22f,TECHNOLOGY,include,video,,include:clip:02208361f22f,data/external/include_pose/INCLUDE/Pose_Signs/Society/9. Technology/MVI_8690.pkl,data/processed/landmarks/include/TECHNOLOGY/02208361f22f.npz,69,0.0,0.0,0.3623,1.0,low_hand_detection,
d7530a964f15,TECHNOLOGY,include,video,,include:clip:d7530a964f15,data/external/include_pose/INCLUDE/Pose_Signs/Society/9. Technology/MVI_4285.pkl,data/processed/landmarks/include/TECHNOLOGY/d7530a964f15.npz,51,0.0,0.0,0.9412,1.0,,
bcecac74f577,TECHNOLOGY,include,video,,include:clip:bcecac74f577,data/external/include_pose/INCLUDE/Pose_Signs/Society/9. Technology/MVI_4286.pkl,data/processed/landmarks/include/TECHNOLOGY/bcecac74f577.npz,49,0.0,0.0,0.8776,1.0,,
726557815128,EXERCISE,include,video,,include:clip:726557815128,data/external/include_pose/INCLUDE/Pose_Signs/Society/18. Exercise/MVI_8979.pkl,data/processed/landmarks/include/EXERCISE/726557815128.npz,58,0.0,0.0,0.8966,1.0,,
944ae239d59d,EXERCISE,include,video,,include:clip:944ae239d59d,data/external/include_pose/INCLUDE/Pose_Signs/Society/18. Exercise/MVI_4851.pkl,data/processed/landmarks/include/EXERCISE/944ae239d59d.npz,59,0.0,0.0,0.8814,1.0,,
a041b5ab9972,EXERCISE,include,video,,include:clip:a041b5ab9972,data/external/include_pose/INCLUDE/Pose_Signs/Society/18. Exercise/MVI_4852.pkl,data/processed/landmarks/include/EXERCISE/a041b5ab9972.npz,57,0.0,0.0,0.8947,1.0,,
b6b7f534e6a6,EXERCISE,include,video,,include:clip:b6b7f534e6a6,data/external/include_pose/INCLUDE/Pose_Signs/Society/18. Exercise/MVI_4853.pkl,data/processed/landmarks/include/EXERCISE/b6b7f534e6a6.npz,54,0.0,0.0,0.8889,1.0,,
3cef19da6b0b,EXERCISE,include,video,,include:clip:3cef19da6b0b,data/external/include_pose/INCLUDE/Pose_Signs/Society/18. Exercise/MVI_8980.pkl,data/processed/landmarks/include/EXERCISE/3cef19da6b0b.npz,68,0.0,0.0,0.9559,1.0,,
59bf94e3772f,EXERCISE,include,video,,include:clip:59bf94e3772f,data/external/include_pose/INCLUDE/Pose_Signs/Society/18. Exercise/MVI_8981.pkl,data/processed/landmarks/include/EXERCISE/59bf94e3772f.npz,62,0.0,0.0,0.9516,1.0,,
79f0a71a6776,EXERCISE,include,video,,include:clip:79f0a71a6776,data/external/include_pose/INCLUDE/Pose_Signs/Society/18. Exercise/MVI_8729.pkl,data/processed/landmarks/include/EXERCISE/79f0a71a6776.npz,67,0.0,0.0,0.791,1.0,,
b8d46f807e30,EXERCISE,include,video,,include:clip:b8d46f807e30,data/external/include_pose/INCLUDE/Pose_Signs/Society/18. Exercise/MVI_8726.pkl,data/processed/landmarks/include/EXERCISE/b8d46f807e30.npz,68,0.0,0.0,0.6912,1.0,,
0bfef14a2f11,EXERCISE,include,video,,include:clip:0bfef14a2f11,data/external/include_pose/INCLUDE/Pose_Signs/Society/18. Exercise/MVI_8727.pkl,data/processed/landmarks/include/EXERCISE/0bfef14a2f11.npz,64,0.0,0.0,0.6875,1.0,,
e537f838b853,EXERCISE,include,video,,include:clip:e537f838b853,data/external/include_pose/INCLUDE/Pose_Signs/Society/18. Exercise/MVI_4320.pkl,data/processed/landmarks/include/EXERCISE/e537f838b853.npz,54,0.0,0.0,0.8889,1.0,,
2416479c464c,EXERCISE,include,video,,include:clip:2416479c464c,data/external/include_pose/INCLUDE/Pose_Signs/Society/18. Exercise/MVI_4322.pkl,data/processed/landmarks/include/EXERCISE/2416479c464c.npz,66,0.0,0.0,0.8939,1.0,,
5257554fcb99,GUN,include,video,,include:clip:5257554fcb99,data/external/include_pose/INCLUDE/Pose_Signs/Society/16. Gun/MVI_4845.pkl,data/processed/landmarks/include/GUN/5257554fcb99.npz,59,0.0,0.0,1.0,1.0,,
21b23fe502ce,GUN,include,video,,include:clip:21b23fe502ce,data/external/include_pose/INCLUDE/Pose_Signs/Society/16. Gun/MVI_4313.pkl,data/processed/landmarks/include/GUN/21b23fe502ce.npz,56,0.0,0.0,1.0,1.0,,
f1c132640368,GUN,include,video,,include:clip:f1c132640368,data/external/include_pose/INCLUDE/Pose_Signs/Society/16. Gun/MVI_4846.pkl,data/processed/landmarks/include/GUN/f1c132640368.npz,54,0.0,0.0,1.0,1.0,,
0610593ef063,GUN,include,video,,include:clip:0610593ef063,data/external/include_pose/INCLUDE/Pose_Signs/Society/16. Gun/MVI_4847.pkl,data/processed/landmarks/include/GUN/0610593ef063.npz,56,0.0,0.0,1.0,1.0,,
437a2eb6a234,GUN,include,video,,include:clip:437a2eb6a234,data/external/include_pose/INCLUDE/Pose_Signs/Society/16. Gun/MVI_4314.pkl,data/processed/landmarks/include/GUN/437a2eb6a234.npz,46,0.0,0.0,1.0,1.0,,
0b8d517500b9,GUN,include,video,,include:clip:0b8d517500b9,data/external/include_pose/INCLUDE/Pose_Signs/Society/16. Gun/MVI_4315.pkl,data/processed/landmarks/include/GUN/0b8d517500b9.npz,50,0.0,0.0,1.0,1.0,,
a5abab181452,GUN,include,video,,include:clip:a5abab181452,data/external/include_pose/INCLUDE/Pose_Signs/Society/16. Gun/MVI_8721.pkl,data/processed/landmarks/include/GUN/a5abab181452.npz,67,0.0,0.0,0.4627,1.0,low_hand_detection,
024e0f92d7f9,GUN,include,video,,include:clip:024e0f92d7f9,data/external/include_pose/INCLUDE/Pose_Signs/Society/16. Gun/MVI_8719.pkl,data/processed/landmarks/include/GUN/024e0f92d7f9.npz,66,0.0,0.0,0.3939,1.0,low_hand_detection,
4feea9636229,GUN,include,video,,include:clip:4feea9636229,data/external/include_pose/INCLUDE/Pose_Signs/Society/16. Gun/MVI_8718.pkl,data/processed/landmarks/include/GUN/4feea9636229.npz,55,0.0,0.0,0.5455,1.0,,
798ae557dfe3,GUN,include,video,,include:clip:798ae557dfe3,data/external/include_pose/INCLUDE/Pose_Signs/Society/16. Gun/MVI_8973.pkl,data/processed/landmarks/include/GUN/798ae557dfe3.npz,58,0.0,0.0,1.0,1.0,,
85d872812d74,GUN,include,video,,include:clip:85d872812d74,data/external/include_pose/INCLUDE/Pose_Signs/Society/16. Gun/MVI_8975.pkl,data/processed/landmarks/include/GUN/85d872812d74.npz,65,0.0,0.0,1.0,1.0,,
7d39bf6be999,BILL,include,video,,include:clip:7d39bf6be999,data/external/include_pose/INCLUDE/Pose_Signs/Society/5. Bill/MVI_4267.pkl,data/processed/landmarks/include/BILL/7d39bf6be999.npz,54,0.0,0.0,0.963,1.0,,
4c43fa834602,BILL,include,video,,include:clip:4c43fa834602,data/external/include_pose/INCLUDE/Pose_Signs/Society/5. Bill/MVI_4270.pkl,data/processed/landmarks/include/BILL/4c43fa834602.npz,46,0.0,0.0,0.9348,1.0,,
a514badbc5f8,BILL,include,video,,include:clip:a514badbc5f8,data/external/include_pose/INCLUDE/Pose_Signs/Society/5. Bill/MVI_8940.pkl,data/processed/landmarks/include/BILL/a514badbc5f8.npz,66,0.0,0.0,0.9242,1.0,,
42fa979fb459,BILL,include,video,,include:clip:42fa979fb459,data/external/include_pose/INCLUDE/Pose_Signs/Society/5. Bill/MVI_8941.pkl,data/processed/landmarks/include/BILL/42fa979fb459.npz,57,0.0,0.0,0.8772,1.0,,
f1d1cb62c98c,BILL,include,video,,include:clip:f1d1cb62c98c,data/external/include_pose/INCLUDE/Pose_Signs/Society/5. Bill/MVI_8675.pkl,data/processed/landmarks/include/BILL/f1d1cb62c98c.npz,71,0.0,0.0,0.831,1.0,,
61b26e4b63ec,BILL,include,video,,include:clip:61b26e4b63ec,data/external/include_pose/INCLUDE/Pose_Signs/Society/5. Bill/MVI_8674.pkl,data/processed/landmarks/include/BILL/61b26e4b63ec.npz,71,0.0,0.0,0.8028,1.0,,
f58f277045ea,BILL,include,video,,include:clip:f58f277045ea,data/external/include_pose/INCLUDE/Pose_Signs/Society/5. Bill/MVI_8676.pkl,data/processed/landmarks/include/BILL/f58f277045ea.npz,67,0.0,0.0,0.6567,1.0,,
71323c3eabf6,BILL,include,video,,include:clip:71323c3eabf6,data/external/include_pose/INCLUDE/Pose_Signs/Society/5. Bill/MVI_8673.pkl,data/processed/landmarks/include/BILL/71323c3eabf6.npz,62,0.0,0.0,0.629,1.0,,
f6e9a7178300,BILL,include,video,,include:clip:f6e9a7178300,data/external/include_pose/INCLUDE/Pose_Signs/Society/5. Bill/MVI_8939.pkl,data/processed/landmarks/include/BILL/f6e9a7178300.npz,65,0.0,0.0,0.9538,1.0,,
ea67fcd68d80,BILL,include,video,,include:clip:ea67fcd68d80,data/external/include_pose/INCLUDE/Pose_Signs/Society/5. Bill/MVI_4269.pkl,data/processed/landmarks/include/BILL/ea67fcd68d80.npz,43,0.0,0.0,0.9302,1.0,,
b5ae0b1933fc,BILL,include,video,,include:clip:b5ae0b1933fc,data/external/include_pose/INCLUDE/Pose_Signs/Society/5. Bill/MVI_4268.pkl,data/processed/landmarks/include/BILL/b5ae0b1933fc.npz,55,0.0,0.0,0.9455,1.0,,
ecfa2a2119ac,SCIENCE,include,video,,include:clip:ecfa2a2119ac,data/external/include_pose/INCLUDE/Pose_Signs/Society/22. Science/MVI_8992.pkl,data/processed/landmarks/include/SCIENCE/ecfa2a2119ac.npz,69,0.0,0.0,0.9275,1.0,,
d4cd3ddca143,SCIENCE,include,video,,include:clip:d4cd3ddca143,data/external/include_pose/INCLUDE/Pose_Signs/Society/22. Science/MVI_8993.pkl,data/processed/landmarks/include/SCIENCE/d4cd3ddca143.npz,69,0.0,0.0,0.942,1.0,,
d9de8aebc0de,SCIENCE,include,video,,include:clip:d9de8aebc0de,data/external/include_pose/INCLUDE/Pose_Signs/Society/22. Science/MVI_4339.pkl,data/processed/landmarks/include/SCIENCE/d9de8aebc0de.npz,54,0.0,0.0,1.0,1.0,,
8c120a7edcea,SCIENCE,include,video,,include:clip:8c120a7edcea,data/external/include_pose/INCLUDE/Pose_Signs/Society/22. Science/MVI_8994.pkl,data/processed/landmarks/include/SCIENCE/8c120a7edcea.npz,70,0.0,0.0,0.9429,1.0,,
229c65b7a0c6,SCIENCE,include,video,,include:clip:229c65b7a0c6,data/external/include_pose/INCLUDE/Pose_Signs/Society/22. Science/MVI_8743.pkl,data/processed/landmarks/include/SCIENCE/229c65b7a0c6.npz,63,0.0,0.0,0.8413,1.0,,
f6035de1839e,SCIENCE,include,video,,include:clip:f6035de1839e,data/external/include_pose/INCLUDE/Pose_Signs/Society/22. Science/MVI_4864.pkl,data/processed/landmarks/include/SCIENCE/f6035de1839e.npz,65,0.0,0.0,0.9385,1.0,,
db5f57b7ad63,SCIENCE,include,video,,include:clip:db5f57b7ad63,data/external/include_pose/INCLUDE/Pose_Signs/Society/22. Science/MVI_8742.pkl,data/processed/landmarks/include/SCIENCE/db5f57b7ad63.npz,67,0.0,0.0,0.7612,1.0,,
33510880ea38,SCIENCE,include,video,,include:clip:33510880ea38,data/external/include_pose/INCLUDE/Pose_Signs/Society/22. Science/MVI_8745.pkl,data/processed/landmarks/include/SCIENCE/33510880ea38.npz,68,0.0,0.0,0.7059,1.0,,
62ccd2f7d477,SCIENCE,include,video,,include:clip:62ccd2f7d477,data/external/include_pose/INCLUDE/Pose_Signs/Society/22. Science/MVI_4863.pkl,data/processed/landmarks/include/SCIENCE/62ccd2f7d477.npz,62,0.0,0.0,1.0,1.0,,
83ddbba91125,SCIENCE,include,video,,include:clip:83ddbba91125,data/external/include_pose/INCLUDE/Pose_Signs/Society/22. Science/MVI_8744.pkl,data/processed/landmarks/include/SCIENCE/83ddbba91125.npz,71,0.0,0.0,0.8028,1.0,,
3138489ca95c,SCIENCE,include,video,,include:clip:3138489ca95c,data/external/include_pose/INCLUDE/Pose_Signs/Society/22. Science/MVI_4337.pkl,data/processed/landmarks/include/SCIENCE/3138489ca95c.npz,56,0.0,0.0,0.9821,1.0,,
acc81d52bd3d,PRICE,include,video,,include:clip:acc81d52bd3d,data/external/include_pose/INCLUDE/Pose_Signs/Society/20. Price/MVI_8986.pkl,data/processed/landmarks/include/PRICE/acc81d52bd3d.npz,64,0.0,0.0,0.9688,1.0,,
2e0a1c12e680,PRICE,include,video,,include:clip:2e0a1c12e680,data/external/include_pose/INCLUDE/Pose_Signs/Society/20. Price/MVI_8987.pkl,data/processed/landmarks/include/PRICE/2e0a1c12e680.npz,58,0.0,0.0,0.9483,1.0,,
72c19c61e83a,PRICE,include,video,,include:clip:72c19c61e83a,data/external/include_pose/INCLUDE/Pose_Signs/Society/20. Price/MVI_4328.pkl,data/processed/landmarks/include/PRICE/72c19c61e83a.npz,56,0.0,0.0,0.9643,1.0,,
fce38ad9f55e,PRICE,include,video,,include:clip:fce38ad9f55e,data/external/include_pose/INCLUDE/Pose_Signs/Society/20. Price/MVI_4857.pkl,data/processed/landmarks/include/PRICE/fce38ad9f55e.npz,49,0.0,0.0,0.8776,1.0,,
6362f2d1d266,PRICE,include,video,,include:clip:6362f2d1d266,data/external/include_pose/INCLUDE/Pose_Signs/Society/20. Price/MVI_4329.pkl,data/processed/landmarks/include/PRICE/6362f2d1d266.npz,64,0.0,0.0,0.9531,1.0,,
21a8145dec8a,PRICE,include,video,,include:clip:21a8145dec8a,data/external/include_pose/INCLUDE/Pose_Signs/Society/20. Price/MVI_8737.pkl,data/processed/landmarks/include/PRICE/21a8145dec8a.npz,78,0.0,0.0,0.8718,1.0,,
b831f1e6b0a4,PRICE,include,video,,include:clip:b831f1e6b0a4,data/external/include_pose/INCLUDE/Pose_Signs/Society/20. Price/MVI_8736.pkl,data/processed/landmarks/include/PRICE/b831f1e6b0a4.npz,81,0.0,0.0,0.8025,1.0,,
f757aea018a2,PRICE,include,video,,include:clip:f757aea018a2,data/external/include_pose/INCLUDE/Pose_Signs/Society/20. Price/MVI_4858.pkl,data/processed/landmarks/include/PRICE/f757aea018a2.npz,53,0.0,0.0,0.9623,1.0,,
c286953ca1ee,PRICE,include,video,,include:clip:c286953ca1ee,data/external/include_pose/INCLUDE/Pose_Signs/Society/20. Price/MVI_4330.pkl,data/processed/landmarks/include/PRICE/c286953ca1ee.npz,60,0.0,0.0,1.0,1.0,,
194fedc5cc08,PRICE,include,video,,include:clip:194fedc5cc08,data/external/include_pose/INCLUDE/Pose_Signs/Society/20. Price/MVI_4331.pkl,data/processed/landmarks/include/PRICE/194fedc5cc08.npz,58,0.0,0.0,1.0,1.0,,
08ca0f01dabe,PRICE,include,video,,include:clip:08ca0f01dabe,data/external/include_pose/INCLUDE/Pose_Signs/Society/20. Price/MVI_8988.pkl,data/processed/landmarks/include/PRICE/08ca0f01dabe.npz,66,0.0,0.0,0.9848,1.0,,
7cd8cb09c8c0,RELIGION,include,video,,include:clip:7cd8cb09c8c0,data/external/include_pose/INCLUDE/Pose_Signs/Society/1. Religion/MVI_8660.pkl,data/processed/landmarks/include/RELIGION/7cd8cb09c8c0.npz,124,0.0,0.0,0.7823,1.0,,
4e8b01a2001d,RELIGION,include,video,,include:clip:4e8b01a2001d,data/external/include_pose/INCLUDE/Pose_Signs/Society/1. Religion/MVI_8927.pkl,data/processed/landmarks/include/RELIGION/4e8b01a2001d.npz,113,0.0,0.0,0.9735,1.0,,
576ee73f38c9,RELIGION,include,video,,include:clip:576ee73f38c9,data/external/include_pose/INCLUDE/Pose_Signs/Society/1. Religion/MVI_4798.pkl,data/processed/landmarks/include/RELIGION/576ee73f38c9.npz,125,0.0,0.0,0.952,1.0,,
eb28a2beb53a,RELIGION,include,video,,include:clip:eb28a2beb53a,data/external/include_pose/INCLUDE/Pose_Signs/Society/1. Religion/MVI_4799.pkl,data/processed/landmarks/include/RELIGION/eb28a2beb53a.npz,119,0.0,0.0,0.9076,1.0,,
3d6a71be06ce,RELIGION,include,video,,include:clip:3d6a71be06ce,data/external/include_pose/INCLUDE/Pose_Signs/Society/1. Religion/MVI_8658.pkl,data/processed/landmarks/include/RELIGION/3d6a71be06ce.npz,148,0.0,0.0,0.723,1.0,,
eafe7afdeb97,RELIGION,include,video,,include:clip:eafe7afdeb97,data/external/include_pose/INCLUDE/Pose_Signs/Society/1. Religion/MVI_4797.pkl,data/processed/landmarks/include/RELIGION/eafe7afdeb97.npz,111,0.0,0.0,0.9279,1.0,,
ac0a03695fb7,RELIGION,include,video,,include:clip:ac0a03695fb7,data/external/include_pose/INCLUDE/Pose_Signs/Society/1. Religion/MVI_8657.pkl,data/processed/landmarks/include/RELIGION/ac0a03695fb7.npz,118,0.0,0.0,0.6525,1.0,,
861a8e61de31,RELIGION,include,video,,include:clip:861a8e61de31,data/external/include_pose/INCLUDE/Pose_Signs/Society/1. Religion/MVI_8928.pkl,data/processed/landmarks/include/RELIGION/861a8e61de31.npz,105,0.0,0.0,0.9619,1.0,,
e90eeb27b718,RELIGION,include,video,,include:clip:e90eeb27b718,data/external/include_pose/INCLUDE/Pose_Signs/Society/1. Religion/MVI_4253.pkl,data/processed/landmarks/include/RELIGION/e90eeb27b718.npz,113,0.0,0.0,0.9735,1.0,,
ac6bffc537b5,RELIGION,include,video,,include:clip:ac6bffc537b5,data/external/include_pose/INCLUDE/Pose_Signs/Society/1. Religion/MVI_4252.pkl,data/processed/landmarks/include/RELIGION/ac6bffc537b5.npz,109,0.0,0.0,0.9817,1.0,,
799256e497a0,RELIGION,include,video,,include:clip:799256e497a0,data/external/include_pose/INCLUDE/Pose_Signs/Society/1. Religion/MVI_4254.pkl,data/processed/landmarks/include/RELIGION/799256e497a0.npz,124,0.0,0.0,0.9677,1.0,,
34c0df9b0714,MONEY,include,video,,include:clip:34c0df9b0714,data/external/include_pose/INCLUDE/Pose_Signs/Society/4. Money/MVI_4266.pkl,data/processed/landmarks/include/MONEY/34c0df9b0714.npz,41,0.0,0.0,1.0,1.0,,
da69064dbf8b,MONEY,include,video,,include:clip:da69064dbf8b,data/external/include_pose/INCLUDE/Pose_Signs/Society/4. Money/MVI_4264.pkl,data/processed/landmarks/include/MONEY/da69064dbf8b.npz,44,0.0,0.0,1.0,1.0,,
5da6ec704ffa,MONEY,include,video,,include:clip:5da6ec704ffa,data/external/include_pose/INCLUDE/Pose_Signs/Society/4. Money/MVI_4263.pkl,data/processed/landmarks/include/MONEY/5da6ec704ffa.npz,47,0.0,0.0,1.0,1.0,,
48836593a365,MONEY,include,video,,include:clip:48836593a365,data/external/include_pose/INCLUDE/Pose_Signs/Society/4. Money/MVI_4808.pkl,data/processed/landmarks/include/MONEY/48836593a365.npz,52,0.0,0.0,1.0,1.0,,
aff61f2e9c83,MONEY,include,video,,include:clip:aff61f2e9c83,data/external/include_pose/INCLUDE/Pose_Signs/Society/4. Money/MVI_8672.pkl,data/processed/landmarks/include/MONEY/aff61f2e9c83.npz,67,0.0,0.0,0.9701,1.0,,
5be738763f47,MONEY,include,video,,include:clip:5be738763f47,data/external/include_pose/INCLUDE/Pose_Signs/Society/4. Money/MVI_8937.pkl,data/processed/landmarks/include/MONEY/5be738763f47.npz,56,0.0,0.0,1.0,1.0,,
3b1748606736,MONEY,include,video,,include:clip:3b1748606736,data/external/include_pose/INCLUDE/Pose_Signs/Society/4. Money/MVI_8670.pkl,data/processed/landmarks/include/MONEY/3b1748606736.npz,59,0.0,0.0,0.322,1.0,low_hand_detection,
c72e8ebb4062,MONEY,include,video,,include:clip:c72e8ebb4062,data/external/include_pose/INCLUDE/Pose_Signs/Society/4. Money/MVI_8671.pkl,data/processed/landmarks/include/MONEY/c72e8ebb4062.npz,64,0.0,0.0,0.875,1.0,,
d2ea66583882,MONEY,include,video,,include:clip:d2ea66583882,data/external/include_pose/INCLUDE/Pose_Signs/Society/4. Money/MVI_8936.pkl,data/processed/landmarks/include/MONEY/d2ea66583882.npz,58,0.0,0.0,1.0,1.0,,
5144014c120b,MONEY,include,video,,include:clip:5144014c120b,data/external/include_pose/INCLUDE/Pose_Signs/Society/4. Money/MVI_4807.pkl,data/processed/landmarks/include/MONEY/5144014c120b.npz,62,0.0,0.0,1.0,1.0,,
becd2551435b,MONEY,include,video,,include:clip:becd2551435b,data/external/include_pose/INCLUDE/Pose_Signs/Society/4. Money/MVI_8938.pkl,data/processed/landmarks/include/MONEY/becd2551435b.npz,55,0.0,0.0,1.0,1.0,,
f25b6e6bd99a,BALL,include,video,,include:clip:f25b6e6bd99a,data/external/include_pose/INCLUDE/Pose_Signs/Society/19. Ball/MVI_8985.pkl,data/processed/landmarks/include/BALL/f25b6e6bd99a.npz,62,0.0,0.0,1.0,1.0,,
674e72386e55,BALL,include,video,,include:clip:674e72386e55,data/external/include_pose/INCLUDE/Pose_Signs/Society/19. Ball/MVI_8984.pkl,data/processed/landmarks/include/BALL/674e72386e55.npz,65,0.0,0.0,1.0,1.0,,
2da32a380e2d,BALL,include,video,,include:clip:2da32a380e2d,data/external/include_pose/INCLUDE/Pose_Signs/Society/19. Ball/MVI_8983.pkl,data/processed/landmarks/include/BALL/2da32a380e2d.npz,64,0.0,0.0,1.0,1.0,,
b20a7c25af18,BALL,include,video,,include:clip:b20a7c25af18,data/external/include_pose/INCLUDE/Pose_Signs/Society/19. Ball/MVI_4855.pkl,data/processed/landmarks/include/BALL/b20a7c25af18.npz,47,0.0,0.0,1.0,1.0,,
9a6f2e3acbeb,BALL,include,video,,include:clip:9a6f2e3acbeb,data/external/include_pose/INCLUDE/Pose_Signs/Society/19. Ball/MVI_8732.pkl,data/processed/landmarks/include/BALL/9a6f2e3acbeb.npz,63,0.0,0.0,0.6984,1.0,,
7ec22a5320bf,BALL,include,video,,include:clip:7ec22a5320bf,data/external/include_pose/INCLUDE/Pose_Signs/Society/19. Ball/MVI_8733.pkl,data/processed/landmarks/include/BALL/7ec22a5320bf.npz,69,0.0,0.0,0.5217,1.0,,
c4abf9a27d85,BALL,include,video,,include:clip:c4abf9a27d85,data/external/include_pose/INCLUDE/Pose_Signs/Society/19. Ball/MVI_8731.pkl,data/processed/landmarks/include/BALL/c4abf9a27d85.npz,70,0.0,0.0,0.5857,1.0,,
ccbf8dc7221f,BALL,include,video,,include:clip:ccbf8dc7221f,data/external/include_pose/INCLUDE/Pose_Signs/Society/19. Ball/MVI_8730.pkl,data/processed/landmarks/include/BALL/ccbf8dc7221f.npz,54,0.0,0.0,0.5,1.0,,
afbf96fb8b6b,BALL,include,video,,include:clip:afbf96fb8b6b,data/external/include_pose/INCLUDE/Pose_Signs/Society/19. Ball/MVI_4327.pkl,data/processed/landmarks/include/BALL/afbf96fb8b6b.npz,50,0.0,0.0,1.0,1.0,,
6faf44fd8da3,BALL,include,video,,include:clip:6faf44fd8da3,data/external/include_pose/INCLUDE/Pose_Signs/Society/19. Ball/MVI_4326.pkl,data/processed/landmarks/include/BALL/6faf44fd8da3.npz,50,0.0,0.0,1.0,1.0,,
2c9a9171f7ac,BALL,include,video,,include:clip:2c9a9171f7ac,data/external/include_pose/INCLUDE/Pose_Signs/Society/19. Ball/MVI_4324.pkl,data/processed/landmarks/include/BALL/2c9a9171f7ac.npz,50,0.0,0.0,1.0,1.0,,
c8d3b4876599,BALL,include,video,,include:clip:c8d3b4876599,data/external/include_pose/INCLUDE/Pose_Signs/Society/19. Ball/MVI_4325.pkl,data/processed/landmarks/include/BALL/c8d3b4876599.npz,47,0.0,0.0,1.0,1.0,,
14cbcbb11417,MEDICINE,include,video,,include:clip:14cbcbb11417,data/external/include_pose/INCLUDE/Pose_Signs/Society/3. Medicine/MVI_4259.pkl,data/processed/landmarks/include/MEDICINE/14cbcbb11417.npz,68,0.0,0.0,0.9412,1.0,,
fc690c0d1437,MEDICINE,include,video,,include:clip:fc690c0d1437,data/external/include_pose/INCLUDE/Pose_Signs/Society/3. Medicine/MVI_4260.pkl,data/processed/landmarks/include/MEDICINE/fc690c0d1437.npz,64,0.0,0.0,0.9688,1.0,,
a28fca8622b9,MEDICINE,include,video,,include:clip:a28fca8622b9,data/external/include_pose/INCLUDE/Pose_Signs/Society/3. Medicine/MVI_4262.pkl,data/processed/landmarks/include/MEDICINE/a28fca8622b9.npz,64,0.0,0.0,0.9688,1.0,,
1d0900eca626,MEDICINE,include,video,,include:clip:1d0900eca626,data/external/include_pose/INCLUDE/Pose_Signs/Society/3. Medicine/MVI_8933.pkl,data/processed/landmarks/include/MEDICINE/1d0900eca626.npz,66,0.0,0.0,0.9848,1.0,,
8d71c63ccd79,MEDICINE,include,video,,include:clip:8d71c63ccd79,data/external/include_pose/INCLUDE/Pose_Signs/Society/3. Medicine/MVI_8667.pkl,data/processed/landmarks/include/MEDICINE/8d71c63ccd79.npz,72,0.0,0.0,0.6944,1.0,,
9b1b02476853,MEDICINE,include,video,,include:clip:9b1b02476853,data/external/include_pose/INCLUDE/Pose_Signs/Society/3. Medicine/MVI_8666.pkl,data/processed/landmarks/include/MEDICINE/9b1b02476853.npz,74,0.0,0.0,0.6757,1.0,,
5731a394342a,MEDICINE,include,video,,include:clip:5731a394342a,data/external/include_pose/INCLUDE/Pose_Signs/Society/3. Medicine/MVI_8935.pkl,data/processed/landmarks/include/MEDICINE/5731a394342a.npz,63,0.0,0.0,0.9841,1.0,,
13a8cde31c30,MEDICINE,include,video,,include:clip:13a8cde31c30,data/external/include_pose/INCLUDE/Pose_Signs/Society/3. Medicine/MVI_8665.pkl,data/processed/landmarks/include/MEDICINE/13a8cde31c30.npz,70,0.0,0.0,0.4714,1.0,low_hand_detection,
398b9af785ff,MEDICINE,include,video,,include:clip:398b9af785ff,data/external/include_pose/INCLUDE/Pose_Signs/Society/3. Medicine/MVI_8668.pkl,data/processed/landmarks/include/MEDICINE/398b9af785ff.npz,79,0.0,0.0,0.4684,1.0,low_hand_detection,
879493626695,MEDICINE,include,video,,include:clip:879493626695,data/external/include_pose/INCLUDE/Pose_Signs/Society/3. Medicine/MVI_4804.pkl,data/processed/landmarks/include/MEDICINE/879493626695.npz,64,0.0,0.0,0.8906,1.0,,
7d609c7faf57,MEDICINE,include,video,,include:clip:7d609c7faf57,data/external/include_pose/INCLUDE/Pose_Signs/Society/3. Medicine/MVI_4803.pkl,data/processed/landmarks/include/MEDICINE/7d609c7faf57.npz,66,0.0,0.0,0.8939,1.0,,
9d9a923b7079,MARRIAGE,include,video,,include:clip:9d9a923b7079,data/external/include_pose/INCLUDE/Pose_Signs/Society/6. Marriage/MVI_4273.pkl,data/processed/landmarks/include/MARRIAGE/9d9a923b7079.npz,54,0.0,0.0,0.9815,1.0,,
5b46ade86085,MARRIAGE,include,video,,include:clip:5b46ade86085,data/external/include_pose/INCLUDE/Pose_Signs/Society/6. Marriage/MVI_8944.pkl,data/processed/landmarks/include/MARRIAGE/5b46ade86085.npz,60,0.0,0.0,0.9833,1.0,,
5cc8c906f49b,MARRIAGE,include,video,,include:clip:5cc8c906f49b,data/external/include_pose/INCLUDE/Pose_Signs/Society/6. Marriage/MVI_4271.pkl,data/processed/landmarks/include/MARRIAGE/5cc8c906f49b.npz,55,0.0,0.0,0.9455,1.0,,
79437bead81f,MARRIAGE,include,video,,include:clip:79437bead81f,data/external/include_pose/INCLUDE/Pose_Signs/Society/6. Marriage/MVI_4274.pkl,data/processed/landmarks/include/MARRIAGE/79437bead81f.npz,46,0.0,0.0,0.8478,1.0,,
39987cbfbc4e,MARRIAGE,include,video,,include:clip:39987cbfbc4e,data/external/include_pose/INCLUDE/Pose_Signs/Society/6. Marriage/MVI_8943.pkl,data/processed/landmarks/include/MARRIAGE/39987cbfbc4e.npz,63,0.0,0.0,0.9841,1.0,,
4aa1d58e7f07,MARRIAGE,include,video,,include:clip:4aa1d58e7f07,data/external/include_pose/INCLUDE/Pose_Signs/Society/6. Marriage/MVI_8677.pkl,data/processed/landmarks/include/MARRIAGE/4aa1d58e7f07.npz,63,0.0,0.0,0.6825,1.0,,
a62d6d1cc551,MARRIAGE,include,video,,include:clip:a62d6d1cc551,data/external/include_pose/INCLUDE/Pose_Signs/Society/6. Marriage/MVI_8680.pkl,data/processed/landmarks/include/MARRIAGE/a62d6d1cc551.npz,69,0.0,0.0,0.3768,1.0,low_hand_detection,
d4522e23fcb1,MARRIAGE,include,video,,include:clip:d4522e23fcb1,data/external/include_pose/INCLUDE/Pose_Signs/Society/6. Marriage/MVI_4815.pkl,data/processed/landmarks/include/MARRIAGE/d4522e23fcb1.npz,62,0.0,0.0,0.7258,1.0,,
bb5aafaf593c,MARRIAGE,include,video,,include:clip:bb5aafaf593c,data/external/include_pose/INCLUDE/Pose_Signs/Society/6. Marriage/MVI_8679.pkl,data/processed/landmarks/include/MARRIAGE/bb5aafaf593c.npz,59,0.0,0.0,0.5254,1.0,,
a5f32c3ec231,MARRIAGE,include,video,,include:clip:a5f32c3ec231,data/external/include_pose/INCLUDE/Pose_Signs/Society/6. Marriage/MVI_4816.pkl,data/processed/landmarks/include/MARRIAGE/a5f32c3ec231.npz,58,0.0,0.0,0.7414,1.0,,
ee4de7d30e1b,MARRIAGE,include,video,,include:clip:ee4de7d30e1b,data/external/include_pose/INCLUDE/Pose_Signs/Society/6. Marriage/MVI_4817.pkl,data/processed/landmarks/include/MARRIAGE/ee4de7d30e1b.npz,62,0.0,0.0,0.8871,1.0,,
333858863627,SIGN,include,video,,include:clip:333858863627,data/external/include_pose/INCLUDE/Pose_Signs/Society/21. Sign/MVI_8990.pkl,data/processed/landmarks/include/SIGN/333858863627.npz,65,0.0,0.0,1.0,1.0,,
2564785eb88c,SIGN,include,video,,include:clip:2564785eb88c,data/external/include_pose/INCLUDE/Pose_Signs/Society/21. Sign/MVI_8738.pkl,data/processed/landmarks/include/SIGN/2564785eb88c.npz,64,0.0,0.0,0.5312,1.0,,
cf56a0c45e2a,SIGN,include,video,,include:clip:cf56a0c45e2a,data/external/include_pose/INCLUDE/Pose_Signs/Society/21. Sign/MVI_8739.pkl,data/processed/landmarks/include/SIGN/cf56a0c45e2a.npz,65,0.0,0.0,0.6154,1.0,,
7da63de7e11b,SIGN,include,video,,include:clip:7da63de7e11b,data/external/include_pose/INCLUDE/Pose_Signs/Society/21. Sign/MVI_4332.pkl,data/processed/landmarks/include/SIGN/7da63de7e11b.npz,50,0.0,0.0,1.0,1.0,,
dc7c42315535,SIGN,include,video,,include:clip:dc7c42315535,data/external/include_pose/INCLUDE/Pose_Signs/Society/21. Sign/MVI_8740.pkl,data/processed/landmarks/include/SIGN/dc7c42315535.npz,67,0.0,0.0,0.8209,1.0,,
cdc1f1f7e5b0,SIGN,include,video,,include:clip:cdc1f1f7e5b0,data/external/include_pose/INCLUDE/Pose_Signs/Society/21. Sign/MVI_8741.pkl,data/processed/landmarks/include/SIGN/cdc1f1f7e5b0.npz,61,0.0,0.0,0.8033,1.0,,
74fb9f1a790d,SIGN,include,video,,include:clip:74fb9f1a790d,data/external/include_pose/INCLUDE/Pose_Signs/Society/21. Sign/MVI_8989.pkl,data/processed/landmarks/include/SIGN/74fb9f1a790d.npz,64,0.0,0.0,1.0,1.0,,
65ff5310d199,SIGN,include,video,,include:clip:65ff5310d199,data/external/include_pose/INCLUDE/Pose_Signs/Society/21. Sign/MVI_4862.pkl,data/processed/landmarks/include/SIGN/65ff5310d199.npz,52,0.0,0.0,1.0,1.0,,
07742d8563a0,SIGN,include,video,,include:clip:07742d8563a0,data/external/include_pose/INCLUDE/Pose_Signs/Society/21. Sign/MVI_4334.pkl,data/processed/landmarks/include/SIGN/07742d8563a0.npz,52,0.0,0.0,1.0,1.0,,
7d8e6cec7d30,SIGN,include,video,,include:clip:7d8e6cec7d30,data/external/include_pose/INCLUDE/Pose_Signs/Society/21. Sign/MVI_4861.pkl,data/processed/landmarks/include/SIGN/7d8e6cec7d30.npz,49,0.0,0.0,1.0,1.0,,
2e96e0aea781,SIGN,include,video,,include:clip:2e96e0aea781,data/external/include_pose/INCLUDE/Pose_Signs/Society/21. Sign/MVI_4860.pkl,data/processed/landmarks/include/SIGN/2e96e0aea781.npz,45,0.0,0.0,1.0,1.0,,
3e2976835b2a,NEWSPAPER,include,video,,include:clip:3e2976835b2a,data/external/include_pose/INCLUDE/Pose_Signs/Society/15. Newspaper/MVI_4844.pkl,data/processed/landmarks/include/NEWSPAPER/3e2976835b2a.npz,56,0.0,0.0,0.9286,1.0,,
72d078696229,NEWSPAPER,include,video,,include:clip:72d078696229,data/external/include_pose/INCLUDE/Pose_Signs/Society/15. Newspaper/MVI_4843.pkl,data/processed/landmarks/include/NEWSPAPER/72d078696229.npz,61,0.0,0.0,0.918,1.0,,
314e1191fcab,NEWSPAPER,include,video,,include:clip:314e1191fcab,data/external/include_pose/INCLUDE/Pose_Signs/Society/15. Newspaper/MVI_4842.pkl,data/processed/landmarks/include/NEWSPAPER/314e1191fcab.npz,70,0.0,0.0,0.9286,1.0,,
d0bfcf69ced0,NEWSPAPER,include,video,,include:clip:d0bfcf69ced0,data/external/include_pose/INCLUDE/Pose_Signs/Society/15. Newspaper/MVI_8715.pkl,data/processed/landmarks/include/NEWSPAPER/d0bfcf69ced0.npz,72,0.0,0.0,0.8333,1.0,,
a222566069db,NEWSPAPER,include,video,,include:clip:a222566069db,data/external/include_pose/INCLUDE/Pose_Signs/Society/15. Newspaper/MVI_8714.pkl,data/processed/landmarks/include/NEWSPAPER/a222566069db.npz,80,0.0,0.0,0.8,1.0,,
737e5076df26,NEWSPAPER,include,video,,include:clip:737e5076df26,data/external/include_pose/INCLUDE/Pose_Signs/Society/15. Newspaper/MVI_8716.pkl,data/processed/landmarks/include/NEWSPAPER/737e5076df26.npz,75,0.0,0.0,0.5467,1.0,,
c1b794b377da,NEWSPAPER,include,video,,include:clip:c1b794b377da,data/external/include_pose/INCLUDE/Pose_Signs/Society/15. Newspaper/MVI_8717.pkl,data/processed/landmarks/include/NEWSPAPER/c1b794b377da.npz,77,0.0,0.0,0.5325,1.0,,
f8d4dd4def86,NEWSPAPER,include,video,,include:clip:f8d4dd4def86,data/external/include_pose/INCLUDE/Pose_Signs/Society/15. Newspaper/MVI_8970.pkl,data/processed/landmarks/include/NEWSPAPER/f8d4dd4def86.npz,79,0.0,0.0,0.9747,1.0,,
681f4012ad81,NEWSPAPER,include,video,,include:clip:681f4012ad81,data/external/include_pose/INCLUDE/Pose_Signs/Society/15. Newspaper/MVI_8971.pkl,data/processed/landmarks/include/NEWSPAPER/681f4012ad81.npz,73,0.0,0.0,0.9315,1.0,,
a1845f6458a5,NEWSPAPER,include,video,,include:clip:a1845f6458a5,data/external/include_pose/INCLUDE/Pose_Signs/Society/15. Newspaper/MVI_4309.pkl,data/processed/landmarks/include/NEWSPAPER/a1845f6458a5.npz,71,0.0,0.0,0.9859,1.0,,
67f5eeb47c7f,NEWSPAPER,include,video,,include:clip:67f5eeb47c7f,data/external/include_pose/INCLUDE/Pose_Signs/Society/15. Newspaper/MVI_4308.pkl,data/processed/landmarks/include/NEWSPAPER/67f5eeb47c7f.npz,65,0.0,0.0,0.9692,1.0,,
e4a76509256f,GOD,include,video,,include:clip:e4a76509256f,data/external/include_pose/INCLUDE/Pose_Signs/Society/23. God/MVI_8749.pkl,data/processed/landmarks/include/GOD/e4a76509256f.npz,72,0.0,0.0,0.7222,1.0,,
f5d2cc4a79d0,GOD,include,video,,include:clip:f5d2cc4a79d0,data/external/include_pose/INCLUDE/Pose_Signs/Society/23. God/MVI_8748.pkl,data/processed/landmarks/include/GOD/f5d2cc4a79d0.npz,67,0.0,0.0,0.6269,1.0,,
89e7ce238c9b,GOD,include,video,,include:clip:89e7ce238c9b,data/external/include_pose/INCLUDE/Pose_Signs/Society/23. God/MVI_8997.pkl,data/processed/landmarks/include/GOD/89e7ce238c9b.npz,60,0.0,0.0,1.0,1.0,,
0a953cc6884a,GOD,include,video,,include:clip:0a953cc6884a,data/external/include_pose/INCLUDE/Pose_Signs/Society/23. God/MVI_4868.pkl,data/processed/landmarks/include/GOD/0a953cc6884a.npz,50,0.0,0.0,1.0,1.0,,
d2caa758c7ac,GOD,include,video,,include:clip:d2caa758c7ac,data/external/include_pose/INCLUDE/Pose_Signs/Society/23. God/MVI_8996.pkl,data/processed/landmarks/include/GOD/d2caa758c7ac.npz,62,0.0,0.0,1.0,1.0,,
0f5b0efcace5,GOD,include,video,,include:clip:0f5b0efcace5,data/external/include_pose/INCLUDE/Pose_Signs/Society/23. God/MVI_4342.pkl,data/processed/landmarks/include/GOD/0f5b0efcace5.npz,65,0.0,0.0,0.9385,1.0,,
0f3b0fb347aa,GOD,include,video,,include:clip:0f3b0fb347aa,data/external/include_pose/INCLUDE/Pose_Signs/Society/23. God/MVI_4341.pkl,data/processed/landmarks/include/GOD/0f3b0fb347aa.npz,66,0.0,0.0,0.9394,1.0,,
ba651e9387a7,GOD,include,video,,include:clip:ba651e9387a7,data/external/include_pose/INCLUDE/Pose_Signs/Society/23. God/MVI_4340.pkl,data/processed/landmarks/include/GOD/ba651e9387a7.npz,66,0.0,0.0,0.9394,1.0,,
45e2e5fa4d0f,GOD,include,video,,include:clip:45e2e5fa4d0f,data/external/include_pose/INCLUDE/Pose_Signs/Society/23. God/MVI_4866.pkl,data/processed/landmarks/include/GOD/45e2e5fa4d0f.npz,53,0.0,0.0,1.0,1.0,,
ce36deab86eb,GOD,include,video,,include:clip:ce36deab86eb,data/external/include_pose/INCLUDE/Pose_Signs/Society/23. God/MVI_8746.pkl,data/processed/landmarks/include/GOD/ce36deab86eb.npz,72,0.0,0.0,0.6389,1.0,,
8549e6dec99e,GOD,include,video,,include:clip:8549e6dec99e,data/external/include_pose/INCLUDE/Pose_Signs/Society/23. God/MVI_8747.pkl,data/processed/landmarks/include/GOD/8549e6dec99e.npz,73,0.0,0.0,0.7123,1.0,,
93d3339df2c9,TEAM,include,video,,include:clip:93d3339df2c9,data/external/include_pose/INCLUDE/Pose_Signs/Society/7. Team/MVI_8945.pkl,data/processed/landmarks/include/TEAM/93d3339df2c9.npz,70,0.0,0.0,0.9571,1.0,,
f0b91a51f8c7,TEAM,include,video,,include:clip:f0b91a51f8c7,data/external/include_pose/INCLUDE/Pose_Signs/Society/7. Team/MVI_8947.pkl,data/processed/landmarks/include/TEAM/f0b91a51f8c7.npz,62,0.0,0.0,0.9194,1.0,,
91b45cad095e,TEAM,include,video,,include:clip:91b45cad095e,data/external/include_pose/INCLUDE/Pose_Signs/Society/7. Team/MVI_4275.pkl,data/processed/landmarks/include/TEAM/91b45cad095e.npz,57,0.0,0.0,0.9298,1.0,,
66569656cac7,TEAM,include,video,,include:clip:66569656cac7,data/external/include_pose/INCLUDE/Pose_Signs/Society/7. Team/MVI_4277.pkl,data/processed/landmarks/include/TEAM/66569656cac7.npz,57,0.0,0.0,0.9298,1.0,,
ed87b03f4f79,TEAM,include,video,,include:clip:ed87b03f4f79,data/external/include_pose/INCLUDE/Pose_Signs/Society/7. Team/MVI_4276.pkl,data/processed/landmarks/include/TEAM/ed87b03f4f79.npz,50,0.0,0.0,0.8,1.0,,
6734b8f5ab79,TEAM,include,video,,include:clip:6734b8f5ab79,data/external/include_pose/INCLUDE/Pose_Signs/Society/7. Team/MVI_4818.pkl,data/processed/landmarks/include/TEAM/6734b8f5ab79.npz,57,0.0,0.0,0.8772,1.0,,
09f7b43717a5,TEAM,include,video,,include:clip:09f7b43717a5,data/external/include_pose/INCLUDE/Pose_Signs/Society/7. Team/MVI_8683.pkl,data/processed/landmarks/include/TEAM/09f7b43717a5.npz,73,0.0,0.0,0.7945,1.0,,
ec8ccbedad52,TEAM,include,video,,include:clip:ec8ccbedad52,data/external/include_pose/INCLUDE/Pose_Signs/Society/7. Team/MVI_8682.pkl,data/processed/landmarks/include/TEAM/ec8ccbedad52.npz,68,0.0,0.0,0.6912,1.0,,
a412002d0cff,TEAM,include,video,,include:clip:a412002d0cff,data/external/include_pose/INCLUDE/Pose_Signs/Society/7. Team/MVI_8681.pkl,data/processed/landmarks/include/TEAM/a412002d0cff.npz,67,0.0,0.0,0.7463,1.0,,
e3abbf1bc4bb,TEAM,include,video,,include:clip:e3abbf1bc4bb,data/external/include_pose/INCLUDE/Pose_Signs/Society/7. Team/MVI_8684.pkl,data/processed/landmarks/include/TEAM/e3abbf1bc4bb.npz,83,0.0,0.0,0.8554,1.0,,
60aebdb4d0a1,TEAM,include,video,,include:clip:60aebdb4d0a1,data/external/include_pose/INCLUDE/Pose_Signs/Society/7. Team/MVI_4278.pkl,data/processed/landmarks/include/TEAM/60aebdb4d0a1.npz,45,0.0,0.0,0.9333,1.0,,
0f39e64647fa,PEACE,include,video,,include:clip:0f39e64647fa,data/external/include_pose/INCLUDE/Pose_Signs/Society/12. Peace/MVI_4298.pkl,data/processed/landmarks/include/PEACE/0f39e64647fa.npz,63,0.0,0.0,0.9841,1.0,,
c38a5307b82f,PEACE,include,video,,include:clip:c38a5307b82f,data/external/include_pose/INCLUDE/Pose_Signs/Society/12. Peace/MVI_8702.pkl,data/processed/landmarks/include/PEACE/c38a5307b82f.npz,97,0.0,0.0,0.6392,1.0,,
406b57d0094f,PEACE,include,video,,include:clip:406b57d0094f,data/external/include_pose/INCLUDE/Pose_Signs/Society/12. Peace/MVI_4834.pkl,data/processed/landmarks/include/PEACE/406b57d0094f.npz,70,0.0,0.0,0.9714,1.0,,
595aea554af9,PEACE,include,video,,include:clip:595aea554af9,data/external/include_pose/INCLUDE/Pose_Signs/Society/12. Peace/MVI_8704.pkl,data/processed/landmarks/include/PEACE/595aea554af9.npz,86,0.0,0.0,0.6047,1.0,,
2694175fd34d,PEACE,include,video,,include:clip:2694175fd34d,data/external/include_pose/INCLUDE/Pose_Signs/Society/12. Peace/MVI_8705.pkl,data/processed/landmarks/include/PEACE/2694175fd34d.npz,70,0.0,0.0,0.8429,1.0,,
6ea3b161761a,PEACE,include,video,,include:clip:6ea3b161761a,data/external/include_pose/INCLUDE/Pose_Signs/Society/12. Peace/MVI_8962.pkl,data/processed/landmarks/include/PEACE/6ea3b161761a.npz,68,0.0,0.0,0.9412,1.0,,
6e0eeaff024a,PEACE,include,video,,include:clip:6e0eeaff024a,data/external/include_pose/INCLUDE/Pose_Signs/Society/12. Peace/MVI_4296.pkl,data/processed/landmarks/include/PEACE/6e0eeaff024a.npz,65,0.0,0.0,0.9538,1.0,,
242794974f0b,PEACE,include,video,,include:clip:242794974f0b,data/external/include_pose/INCLUDE/Pose_Signs/Society/12. Peace/MVI_4297.pkl,data/processed/landmarks/include/PEACE/242794974f0b.npz,65,0.0,0.0,0.9385,1.0,,
3c639ed9696d,PEACE,include,video,,include:clip:3c639ed9696d,data/external/include_pose/INCLUDE/Pose_Signs/Society/12. Peace/MVI_8961.pkl,data/processed/landmarks/include/PEACE/3c639ed9696d.npz,67,0.0,0.0,0.9104,1.0,,
79b5f74f6fe3,PEACE,include,video,,include:clip:79b5f74f6fe3,data/external/include_pose/INCLUDE/Pose_Signs/Society/12. Peace/MVI_4295.pkl,data/processed/landmarks/include/PEACE/79b5f74f6fe3.npz,62,0.0,0.0,0.9516,1.0,,
fba4d40ffcf0,PEACE,include,video,,include:clip:fba4d40ffcf0,data/external/include_pose/INCLUDE/Pose_Signs/Society/12. Peace/MVI_8960.pkl,data/processed/landmarks/include/PEACE/fba4d40ffcf0.npz,70,0.0,0.0,0.8857,1.0,,
afe7dbcb02b8,ORANGE,include,video,,include:clip:afe7dbcb02b8,data/external/include_pose/INCLUDE/Pose_Signs/Colours/53. Orange/MVI_3737.pkl,data/processed/landmarks/include/ORANGE/afe7dbcb02b8.npz,43,0.0,0.0,1.0,1.0,,
3ea021f2eda4,ORANGE,include,video,,include:clip:3ea021f2eda4,data/external/include_pose/INCLUDE/Pose_Signs/Colours/53. Orange/MVI_4038.pkl,data/processed/landmarks/include/ORANGE/3ea021f2eda4.npz,51,0.0,0.0,1.0,1.0,,
0688c18c67f2,ORANGE,include,video,,include:clip:0688c18c67f2,data/external/include_pose/INCLUDE/Pose_Signs/Colours/53. Orange/MVI_4214.pkl,data/processed/landmarks/include/ORANGE/0688c18c67f2.npz,52,0.0,0.0,1.0,1.0,,
13f319c6cce8,ORANGE,include,video,,include:clip:13f319c6cce8,data/external/include_pose/INCLUDE/Pose_Signs/Colours/53. Orange/MVI_5057.pkl,data/processed/landmarks/include/ORANGE/13f319c6cce8.npz,52,0.0,0.0,1.0,1.0,,
d7877a6225cf,ORANGE,include,video,,include:clip:d7877a6225cf,data/external/include_pose/INCLUDE/Pose_Signs/Colours/53. Orange/MVI_4037.pkl,data/processed/landmarks/include/ORANGE/d7877a6225cf.npz,58,0.0,0.0,1.0,1.0,,
d4aded3080cb,ORANGE,include,video,,include:clip:d4aded3080cb,data/external/include_pose/INCLUDE/Pose_Signs/Colours/53. Orange/MVI_4036.pkl,data/processed/landmarks/include/ORANGE/d4aded3080cb.npz,57,0.0,0.0,1.0,1.0,,
2ba29b3d2556,ORANGE,include,video,,include:clip:2ba29b3d2556,data/external/include_pose/INCLUDE/Pose_Signs/Colours/53. Orange/MVI_3886.pkl,data/processed/landmarks/include/ORANGE/2ba29b3d2556.npz,87,0.0,0.0,1.0,1.0,,
33fddbdadcde,ORANGE,include,video,,include:clip:33fddbdadcde,data/external/include_pose/INCLUDE/Pose_Signs/Colours/53. Orange/MVI_5204.pkl,data/processed/landmarks/include/ORANGE/33fddbdadcde.npz,55,0.0,0.0,1.0,1.0,,
3181cc63a7d2,ORANGE,include,video,,include:clip:3181cc63a7d2,data/external/include_pose/INCLUDE/Pose_Signs/Colours/53. Orange/MVI_3884.pkl,data/processed/landmarks/include/ORANGE/3181cc63a7d2.npz,92,0.0,0.0,1.0,1.0,,
fea9ab029f19,ORANGE,include,video,,include:clip:fea9ab029f19,data/external/include_pose/INCLUDE/Pose_Signs/Colours/53. Orange/MVI_3738.pkl,data/processed/landmarks/include/ORANGE/fea9ab029f19.npz,41,0.0,0.0,1.0,1.0,,
cb456c887eb0,ORANGE,include,video,,include:clip:cb456c887eb0,data/external/include_pose/INCLUDE/Pose_Signs/Colours/53. Orange/MVI_4916.pkl,data/processed/landmarks/include/ORANGE/cb456c887eb0.npz,57,0.0,0.0,1.0,1.0,,
cca031d0998f,ORANGE,include,video,,include:clip:cca031d0998f,data/external/include_pose/INCLUDE/Pose_Signs/Colours/53. Orange/MVI_8618.pkl,data/processed/landmarks/include/ORANGE/cca031d0998f.npz,73,0.0,0.0,0.9041,1.0,,
129b39cc0567,ORANGE,include,video,,include:clip:129b39cc0567,data/external/include_pose/INCLUDE/Pose_Signs/Colours/53. Orange/MVI_4917.pkl,data/processed/landmarks/include/ORANGE/129b39cc0567.npz,40,0.0,0.0,1.0,1.0,,
870768e5cd10,ORANGE,include,video,,include:clip:870768e5cd10,data/external/include_pose/INCLUDE/Pose_Signs/Colours/53. Orange/MVI_3739.pkl,data/processed/landmarks/include/ORANGE/870768e5cd10.npz,42,0.0,0.0,1.0,1.0,,
be8f08bf34e8,ORANGE,include,video,,include:clip:be8f08bf34e8,data/external/include_pose/INCLUDE/Pose_Signs/Colours/53. Orange/MVI_4915.pkl,data/processed/landmarks/include/ORANGE/be8f08bf34e8.npz,47,0.0,0.0,1.0,1.0,,
ffd3a0eb7535,ORANGE,include,video,,include:clip:ffd3a0eb7535,data/external/include_pose/INCLUDE/Pose_Signs/Colours/53. Orange/MVI_5203.pkl,data/processed/landmarks/include/ORANGE/ffd3a0eb7535.npz,54,0.0,0.0,1.0,1.0,,
42a3dc435999,PINK,include,video,,include:clip:42a3dc435999,data/external/include_pose/INCLUDE/Pose_Signs/Colours/52. Pink/MVI_3736.pkl,data/processed/landmarks/include/PINK/42a3dc435999.npz,59,0.0,0.0,1.0,1.0,,
fb9c36a9fdea,PINK,include,video,,include:clip:fb9c36a9fdea,data/external/include_pose/INCLUDE/Pose_Signs/Colours/52. Pink/MVI_3734.pkl,data/processed/landmarks/include/PINK/fb9c36a9fdea.npz,53,0.0,0.0,1.0,1.0,,
323b8d882013,PINK,include,video,,include:clip:323b8d882013,data/external/include_pose/INCLUDE/Pose_Signs/Colours/52. Pink/MVI_3735.pkl,data/processed/landmarks/include/PINK/323b8d882013.npz,50,0.0,0.0,1.0,1.0,,
8ed3a5609ee4,PINK,include,video,,include:clip:8ed3a5609ee4,data/external/include_pose/INCLUDE/Pose_Signs/Colours/52. Pink/MVI_5052.pkl,data/processed/landmarks/include/PINK/8ed3a5609ee4.npz,63,0.0,0.0,0.9365,1.0,,
8f6c567bf05d,PINK,include,video,,include:clip:8f6c567bf05d,data/external/include_pose/INCLUDE/Pose_Signs/Colours/52. Pink/MVI_4213.pkl,data/processed/landmarks/include/PINK/8f6c567bf05d.npz,55,0.0,0.0,1.0,1.0,,
b9da93a364da,PINK,include,video,,include:clip:b9da93a364da,data/external/include_pose/INCLUDE/Pose_Signs/Colours/52. Pink/MVI_5054.pkl,data/processed/landmarks/include/PINK/b9da93a364da.npz,54,0.0,0.0,0.9815,1.0,,
739e8a6d854e,PINK,include,video,,include:clip:739e8a6d854e,data/external/include_pose/INCLUDE/Pose_Signs/Colours/52. Pink/MVI_4033.pkl,data/processed/landmarks/include/PINK/739e8a6d854e.npz,53,0.0,0.0,1.0,1.0,,
b45cd729ad08,PINK,include,video,,include:clip:b45cd729ad08,data/external/include_pose/INCLUDE/Pose_Signs/Colours/52. Pink/MVI_4034.pkl,data/processed/landmarks/include/PINK/b45cd729ad08.npz,52,0.0,0.0,1.0,1.0,,
d4d827e479d5,PINK,include,video,,include:clip:d4d827e479d5,data/external/include_pose/INCLUDE/Pose_Signs/Colours/52. Pink/MVI_4035.pkl,data/processed/landmarks/include/PINK/d4d827e479d5.npz,54,0.0,0.0,1.0,1.0,,
9d2a886717c7,PINK,include,video,,include:clip:9d2a886717c7,data/external/include_pose/INCLUDE/Pose_Signs/Colours/52. Pink/MVI_4913.pkl,data/processed/landmarks/include/PINK/9d2a886717c7.npz,51,0.0,0.0,1.0,1.0,,
21115acbbaef,PINK,include,video,,include:clip:21115acbbaef,data/external/include_pose/INCLUDE/Pose_Signs/Colours/52. Pink/MVI_4912.pkl,data/processed/landmarks/include/PINK/21115acbbaef.npz,54,0.0,0.0,1.0,1.0,,
d5222db0659e,PINK,include,video,,include:clip:d5222db0659e,data/external/include_pose/INCLUDE/Pose_Signs/Colours/52. Pink/MVI_5201.pkl,data/processed/landmarks/include/PINK/d5222db0659e.npz,59,0.0,0.0,1.0,1.0,,
4b49a2293aee,PINK,include,video,,include:clip:4b49a2293aee,data/external/include_pose/INCLUDE/Pose_Signs/Colours/52. Pink/MVI_5200.pkl,data/processed/landmarks/include/PINK/4b49a2293aee.npz,68,0.0,0.0,1.0,1.0,,
4390bb42ceab,PINK,include,video,,include:clip:4390bb42ceab,data/external/include_pose/INCLUDE/Pose_Signs/Colours/52. Pink/MVI_3881.pkl,data/processed/landmarks/include/PINK/4390bb42ceab.npz,70,0.0,0.0,1.0,1.0,,
5e3343aa8dfe,PINK,include,video,,include:clip:5e3343aa8dfe,data/external/include_pose/INCLUDE/Pose_Signs/Colours/52. Pink/MVI_3883.pkl,data/processed/landmarks/include/PINK/5e3343aa8dfe.npz,67,0.0,0.0,1.0,1.0,,
79a5b2bd38b0,PINK,include,video,,include:clip:79a5b2bd38b0,data/external/include_pose/INCLUDE/Pose_Signs/Colours/52. Pink/MVI_4914.pkl,data/processed/landmarks/include/PINK/79a5b2bd38b0.npz,57,0.0,0.0,1.0,1.0,,
3d10ff8f194c,RED,include,video,,include:clip:3d10ff8f194c,data/external/include_pose/INCLUDE/Pose_Signs/Colours/47. Red/MVI_5186.pkl,data/processed/landmarks/include/RED/3d10ff8f194c.npz,49,0.0,0.0,1.0,1.0,,
d97812f898a2,RED,include,video,,include:clip:d97812f898a2,data/external/include_pose/INCLUDE/Pose_Signs/Colours/47. Red/MVI_5184.pkl,data/processed/landmarks/include/RED/d97812f898a2.npz,50,0.0,0.0,1.0,1.0,,
5d3b0233f318,RED,include,video,,include:clip:5d3b0233f318,data/external/include_pose/INCLUDE/Pose_Signs/Colours/47. Red/MVI_3867.pkl,data/processed/landmarks/include/RED/5d3b0233f318.npz,66,0.0,0.0,1.0,1.0,,
467289be4ecf,RED,include,video,,include:clip:467289be4ecf,data/external/include_pose/INCLUDE/Pose_Signs/Colours/47. Red/MVI_3866.pkl,data/processed/landmarks/include/RED/467289be4ecf.npz,75,0.0,0.0,1.0,1.0,,
93fce47eff39,RED,include,video,,include:clip:93fce47eff39,data/external/include_pose/INCLUDE/Pose_Signs/Colours/47. Red/MVI_5185.pkl,data/processed/landmarks/include/RED/93fce47eff39.npz,49,0.0,0.0,1.0,1.0,,
4743e8c21f07,RED,include,video,,include:clip:4743e8c21f07,data/external/include_pose/INCLUDE/Pose_Signs/Colours/47. Red/MVI_3721.pkl,data/processed/landmarks/include/RED/4743e8c21f07.npz,54,0.0,0.0,1.0,1.0,,
b0ab529aadff,RED,include,video,,include:clip:b0ab529aadff,data/external/include_pose/INCLUDE/Pose_Signs/Colours/47. Red/MVI_3719.pkl,data/processed/landmarks/include/RED/b0ab529aadff.npz,58,0.0,0.0,1.0,1.0,,
3395054716a8,RED,include,video,,include:clip:3395054716a8,data/external/include_pose/INCLUDE/Pose_Signs/Colours/47. Red/MVI_5037.pkl,data/processed/landmarks/include/RED/3395054716a8.npz,52,0.0,0.0,0.9231,1.0,,
4d997fb402cd,RED,include,video,,include:clip:4d997fb402cd,data/external/include_pose/INCLUDE/Pose_Signs/Colours/47. Red/MVI_4897.pkl,data/processed/landmarks/include/RED/4d997fb402cd.npz,55,0.0,0.0,1.0,1.0,,
74a7d5dc75e9,RED,include,video,,include:clip:74a7d5dc75e9,data/external/include_pose/INCLUDE/Pose_Signs/Colours/47. Red/MVI_8612.pkl,data/processed/landmarks/include/RED/74a7d5dc75e9.npz,73,0.0,0.0,0.8356,1.0,,
d5708c24eae7,RED,include,video,,include:clip:d5708c24eae7,data/external/include_pose/INCLUDE/Pose_Signs/Colours/47. Red/MVI_4207.pkl,data/processed/landmarks/include/RED/d5708c24eae7.npz,44,0.0,0.0,1.0,1.0,,
7f0c7df375bc,RED,include,video,,include:clip:7f0c7df375bc,data/external/include_pose/INCLUDE/Pose_Signs/Colours/47. Red/MVI_4017.pkl,data/processed/landmarks/include/RED/7f0c7df375bc.npz,61,0.0,0.0,1.0,1.0,,
ff5199f31492,RED,include,video,,include:clip:ff5199f31492,data/external/include_pose/INCLUDE/Pose_Signs/Colours/47. Red/MVI_5039.pkl,data/processed/landmarks/include/RED/ff5199f31492.npz,59,0.0,0.0,0.9661,1.0,,
381647c9dc10,RED,include,video,,include:clip:381647c9dc10,data/external/include_pose/INCLUDE/Pose_Signs/Colours/47. Red/MVI_5038.pkl,data/processed/landmarks/include/RED/381647c9dc10.npz,59,0.0,0.0,0.9661,1.0,,
a7fdbf7eb7bf,RED,include,video,,include:clip:a7fdbf7eb7bf,data/external/include_pose/INCLUDE/Pose_Signs/Colours/47. Red/MVI_4899.pkl,data/processed/landmarks/include/RED/a7fdbf7eb7bf.npz,58,0.0,0.0,1.0,1.0,,
815e5587851e,RED,include,video,,include:clip:815e5587851e,data/external/include_pose/INCLUDE/Pose_Signs/Colours/47. Red/MVI_3868.pkl,data/processed/landmarks/include/RED/815e5587851e.npz,70,0.0,0.0,1.0,1.0,,
b8cf6b130a47,GREEN,include,video,,include:clip:b8cf6b130a47,data/external/include_pose/INCLUDE/Pose_Signs/Colours/48. Green/MVI_3723.pkl,data/processed/landmarks/include/GREEN/b8cf6b130a47.npz,59,0.0,0.0,1.0,1.0,,
baa5aad21a82,GREEN,include,video,,include:clip:baa5aad21a82,data/external/include_pose/INCLUDE/Pose_Signs/Colours/48. Green/MVI_5187.pkl,data/processed/landmarks/include/GREEN/baa5aad21a82.npz,61,0.0,0.0,1.0,1.0,,
6acd704812d4,GREEN,include,video,,include:clip:6acd704812d4,data/external/include_pose/INCLUDE/Pose_Signs/Colours/48. Green/MVI_3871.pkl,data/processed/landmarks/include/GREEN/6acd704812d4.npz,91,0.0,0.0,1.0,1.0,,
e4bda2afd6ae,GREEN,include,video,,include:clip:e4bda2afd6ae,data/external/include_pose/INCLUDE/Pose_Signs/Colours/48. Green/MVI_3724.pkl,data/processed/landmarks/include/GREEN/e4bda2afd6ae.npz,47,0.0,0.0,1.0,1.0,,
1e56aeb145f6,GREEN,include,video,,include:clip:1e56aeb145f6,data/external/include_pose/INCLUDE/Pose_Signs/Colours/48. Green/MVI_8613.pkl,data/processed/landmarks/include/GREEN/1e56aeb145f6.npz,67,0.0,0.0,0.9403,1.0,,
83f8842cd90c,GREEN,include,video,,include:clip:83f8842cd90c,data/external/include_pose/INCLUDE/Pose_Signs/Colours/48. Green/MVI_5041.pkl,data/processed/landmarks/include/GREEN/83f8842cd90c.npz,45,0.0,0.0,1.0,1.0,,
ca3728d44598,GREEN,include,video,,include:clip:ca3728d44598,data/external/include_pose/INCLUDE/Pose_Signs/Colours/48. Green/MVI_5040.pkl,data/processed/landmarks/include/GREEN/ca3728d44598.npz,47,0.0,0.0,0.9787,1.0,,
3bde4e8de50b,GREEN,include,video,,include:clip:3bde4e8de50b,data/external/include_pose/INCLUDE/Pose_Signs/Colours/48. Green/MVI_5042.pkl,data/processed/landmarks/include/GREEN/3bde4e8de50b.npz,50,0.0,0.0,0.98,1.0,,
17a1c71d1cdb,GREEN,include,video,,include:clip:17a1c71d1cdb,data/external/include_pose/INCLUDE/Pose_Signs/Colours/48. Green/MVI_4020.pkl,data/processed/landmarks/include/GREEN/17a1c71d1cdb.npz,90,0.0,0.0,1.0,1.0,,
110dea99c1d1,GREEN,include,video,,include:clip:110dea99c1d1,data/external/include_pose/INCLUDE/Pose_Signs/Colours/48. Green/MVI_4021.pkl,data/processed/landmarks/include/GREEN/110dea99c1d1.npz,65,0.0,0.0,1.0,1.0,,
5524dfcf6f92,GREEN,include,video,,include:clip:5524dfcf6f92,data/external/include_pose/INCLUDE/Pose_Signs/Colours/48. Green/MVI_4208.pkl,data/processed/landmarks/include/GREEN/5524dfcf6f92.npz,49,0.0,0.0,1.0,1.0,,
03359af711ae,GREEN,include,video,,include:clip:03359af711ae,data/external/include_pose/INCLUDE/Pose_Signs/Colours/48. Green/MVI_4022.pkl,data/processed/landmarks/include/GREEN/03359af711ae.npz,56,0.0,0.0,1.0,1.0,,
e4b3fbb182d3,GREEN,include,video,,include:clip:e4b3fbb182d3,data/external/include_pose/INCLUDE/Pose_Signs/Colours/48. Green/MVI_4902.pkl,data/processed/landmarks/include/GREEN/e4b3fbb182d3.npz,50,0.0,0.0,1.0,1.0,,
8c01da15caf7,GREEN,include,video,,include:clip:8c01da15caf7,data/external/include_pose/INCLUDE/Pose_Signs/Colours/48. Green/MVI_5188.pkl,data/processed/landmarks/include/GREEN/8c01da15caf7.npz,62,0.0,0.0,1.0,1.0,,
a6e647de0325,GREEN,include,video,,include:clip:a6e647de0325,data/external/include_pose/INCLUDE/Pose_Signs/Colours/48. Green/MVI_3869.pkl,data/processed/landmarks/include/GREEN/a6e647de0325.npz,90,0.0,0.0,1.0,1.0,,
d7eb317cf4ed,GREEN,include,video,,include:clip:d7eb317cf4ed,data/external/include_pose/INCLUDE/Pose_Signs/Colours/48. Green/MVI_4900.pkl,data/processed/landmarks/include/GREEN/d7eb317cf4ed.npz,55,0.0,0.0,1.0,1.0,,
b9095514c870,WHITE,include,video,,include:clip:b9095514c870,data/external/include_pose/INCLUDE/Pose_Signs/Colours/55. White/MVI_4923.pkl,data/processed/landmarks/include/WHITE/b9095514c870.npz,43,0.0,0.0,1.0,1.0,,
a54ec061842b,WHITE,include,video,,include:clip:a54ec061842b,data/external/include_pose/INCLUDE/Pose_Signs/Colours/55. White/MVI_5209.pkl,data/processed/landmarks/include/WHITE/a54ec061842b.npz,48,0.0,0.0,1.0,1.0,,
f64a52ad3679,WHITE,include,video,,include:clip:f64a52ad3679,data/external/include_pose/INCLUDE/Pose_Signs/Colours/55. White/MVI_4922.pkl,data/processed/landmarks/include/WHITE/f64a52ad3679.npz,52,0.0,0.0,1.0,1.0,,
0b808c0f8362,WHITE,include,video,,include:clip:0b808c0f8362,data/external/include_pose/INCLUDE/Pose_Signs/Colours/55. White/MVI_4921.pkl,data/processed/landmarks/include/WHITE/0b808c0f8362.npz,49,0.0,0.0,1.0,1.0,,
e1296ec9d6a4,WHITE,include,video,,include:clip:e1296ec9d6a4,data/external/include_pose/INCLUDE/Pose_Signs/Colours/55. White/MVI_3743.pkl,data/processed/landmarks/include/WHITE/e1296ec9d6a4.npz,51,0.0,0.0,1.0,1.0,,
36fc04fdd5dd,WHITE,include,video,,include:clip:36fc04fdd5dd,data/external/include_pose/INCLUDE/Pose_Signs/Colours/55. White/MVI_4216.pkl,data/processed/landmarks/include/WHITE/36fc04fdd5dd.npz,43,0.0,0.0,1.0,1.0,,
862995d9a90a,WHITE,include,video,,include:clip:862995d9a90a,data/external/include_pose/INCLUDE/Pose_Signs/Colours/55. White/MVI_3745.pkl,data/processed/landmarks/include/WHITE/862995d9a90a.npz,45,0.0,0.0,1.0,1.0,,
6fce232366e2,WHITE,include,video,,include:clip:6fce232366e2,data/external/include_pose/INCLUDE/Pose_Signs/Colours/55. White/MVI_5061.pkl,data/processed/landmarks/include/WHITE/6fce232366e2.npz,44,0.0,0.0,0.9545,1.0,,
881e63061ad2,WHITE,include,video,,include:clip:881e63061ad2,data/external/include_pose/INCLUDE/Pose_Signs/Colours/55. White/MVI_5063.pkl,data/processed/landmarks/include/WHITE/881e63061ad2.npz,51,0.0,0.0,1.0,1.0,,
1e1242419b5c,WHITE,include,video,,include:clip:1e1242419b5c,data/external/include_pose/INCLUDE/Pose_Signs/Colours/55. White/MVI_4044.pkl,data/processed/landmarks/include/WHITE/1e1242419b5c.npz,55,0.0,0.0,1.0,1.0,,
f8b5a3bdcce0,WHITE,include,video,,include:clip:f8b5a3bdcce0,data/external/include_pose/INCLUDE/Pose_Signs/Colours/55. White/MVI_8620.pkl,data/processed/landmarks/include/WHITE/f8b5a3bdcce0.npz,61,0.0,0.0,0.9672,1.0,,
c59cb4d63dc0,WHITE,include,video,,include:clip:c59cb4d63dc0,data/external/include_pose/INCLUDE/Pose_Signs/Colours/55. White/MVI_5210.pkl,data/processed/landmarks/include/WHITE/c59cb4d63dc0.npz,61,0.0,0.0,1.0,1.0,,
aa83713c5c68,WHITE,include,video,,include:clip:aa83713c5c68,data/external/include_pose/INCLUDE/Pose_Signs/Colours/55. White/MVI_3891.pkl,data/processed/landmarks/include/WHITE/aa83713c5c68.npz,85,0.0,0.0,1.0,1.0,,
ca5cd54f9a58,WHITE,include,video,,include:clip:ca5cd54f9a58,data/external/include_pose/INCLUDE/Pose_Signs/Colours/55. White/MVI_3890.pkl,data/processed/landmarks/include/WHITE/ca5cd54f9a58.npz,80,0.0,0.0,1.0,1.0,,
79eeabf33b03,WHITE,include,video,,include:clip:79eeabf33b03,data/external/include_pose/INCLUDE/Pose_Signs/Colours/55. White/MVI_4043.pkl,data/processed/landmarks/include/WHITE/79eeabf33b03.npz,57,0.0,0.0,1.0,1.0,,
afdc95c93789,WHITE,include,video,,include:clip:afdc95c93789,data/external/include_pose/INCLUDE/Pose_Signs/Colours/55. White/MVI_4042.pkl,data/processed/landmarks/include/WHITE/afdc95c93789.npz,57,0.0,0.0,1.0,1.0,,
b5b82b90a853,YELLOW,include,video,,include:clip:b5b82b90a853,data/external/include_pose/INCLUDE/Pose_Signs/Colours/50. Yellow/MVI_5193.pkl,data/processed/landmarks/include/YELLOW/b5b82b90a853.npz,51,0.0,0.0,1.0,1.0,,
76ea14389e2c,YELLOW,include,video,,include:clip:76ea14389e2c,data/external/include_pose/INCLUDE/Pose_Signs/Colours/50. Yellow/MVI_8615.pkl,data/processed/landmarks/include/YELLOW/76ea14389e2c.npz,64,0.0,0.0,0.875,1.0,,
f39d56e7ef44,YELLOW,include,video,,include:clip:f39d56e7ef44,data/external/include_pose/INCLUDE/Pose_Signs/Colours/50. Yellow/MVI_5195.pkl,data/processed/landmarks/include/YELLOW/f39d56e7ef44.npz,43,0.0,0.0,1.0,1.0,,
05b1a4251d83,YELLOW,include,video,,include:clip:05b1a4251d83,data/external/include_pose/INCLUDE/Pose_Signs/Colours/50. Yellow/MVI_3876.pkl,data/processed/landmarks/include/YELLOW/05b1a4251d83.npz,82,0.0,0.0,1.0,1.0,,
a21bfc236bf1,YELLOW,include,video,,include:clip:a21bfc236bf1,data/external/include_pose/INCLUDE/Pose_Signs/Colours/50. Yellow/MVI_3877.pkl,data/processed/landmarks/include/YELLOW/a21bfc236bf1.npz,83,0.0,0.0,1.0,1.0,,
7403f8a03577,YELLOW,include,video,,include:clip:7403f8a03577,data/external/include_pose/INCLUDE/Pose_Signs/Colours/50. Yellow/MVI_5194.pkl,data/processed/landmarks/include/YELLOW/7403f8a03577.npz,45,0.0,0.0,1.0,1.0,,
37a28112be90,YELLOW,include,video,,include:clip:37a28112be90,data/external/include_pose/INCLUDE/Pose_Signs/Colours/50. Yellow/MVI_3875.pkl,data/processed/landmarks/include/YELLOW/37a28112be90.npz,79,0.0,0.0,1.0,1.0,,
dec1c80488fb,YELLOW,include,video,,include:clip:dec1c80488fb,data/external/include_pose/INCLUDE/Pose_Signs/Colours/50. Yellow/MVI_4211.pkl,data/processed/landmarks/include/YELLOW/dec1c80488fb.npz,65,0.0,0.0,1.0,1.0,,
3cdffa1f7f18,YELLOW,include,video,,include:clip:3cdffa1f7f18,data/external/include_pose/INCLUDE/Pose_Signs/Colours/50. Yellow/MVI_5047.pkl,data/processed/landmarks/include/YELLOW/3cdffa1f7f18.npz,53,0.0,0.0,0.9623,1.0,,
53b78d64995e,YELLOW,include,video,,include:clip:53b78d64995e,data/external/include_pose/INCLUDE/Pose_Signs/Colours/50. Yellow/MVI_5046.pkl,data/processed/landmarks/include/YELLOW/53b78d64995e.npz,52,0.0,0.0,0.8846,1.0,,
ffe111c56674,YELLOW,include,video,,include:clip:ffe111c56674,data/external/include_pose/INCLUDE/Pose_Signs/Colours/50. Yellow/MVI_4029.pkl,data/processed/landmarks/include/YELLOW/ffe111c56674.npz,67,0.0,0.0,1.0,1.0,,
6dedf0d42411,YELLOW,include,video,,include:clip:6dedf0d42411,data/external/include_pose/INCLUDE/Pose_Signs/Colours/50. Yellow/MVI_4028.pkl,data/processed/landmarks/include/YELLOW/6dedf0d42411.npz,62,0.0,0.0,1.0,1.0,,
9fcf006895d5,YELLOW,include,video,,include:clip:9fcf006895d5,data/external/include_pose/INCLUDE/Pose_Signs/Colours/50. Yellow/MVI_4027.pkl,data/processed/landmarks/include/YELLOW/9fcf006895d5.npz,59,0.0,0.0,1.0,1.0,,
dbbf42cad22b,YELLOW,include,video,,include:clip:dbbf42cad22b,data/external/include_pose/INCLUDE/Pose_Signs/Colours/50. Yellow/MVI_4907.pkl,data/processed/landmarks/include/YELLOW/dbbf42cad22b.npz,65,0.0,0.0,1.0,1.0,,
8fa9dd4b076a,YELLOW,include,video,,include:clip:8fa9dd4b076a,data/external/include_pose/INCLUDE/Pose_Signs/Colours/50. Yellow/MVI_4906.pkl,data/processed/landmarks/include/YELLOW/8fa9dd4b076a.npz,45,0.0,0.0,1.0,1.0,,
28f9ba16d696,YELLOW,include,video,,include:clip:28f9ba16d696,data/external/include_pose/INCLUDE/Pose_Signs/Colours/50. Yellow/MVI_3728.pkl,data/processed/landmarks/include/YELLOW/28f9ba16d696.npz,54,0.0,0.0,1.0,1.0,,
2015b4a01f98,BLUE,include,video,,include:clip:2015b4a01f98,data/external/include_pose/INCLUDE/Pose_Signs/Colours/49. Blue/MVI_5192.pkl,data/processed/landmarks/include/BLUE/2015b4a01f98.npz,51,0.0,0.0,1.0,1.0,,
1f6313320b0e,BLUE,include,video,,include:clip:1f6313320b0e,data/external/include_pose/INCLUDE/Pose_Signs/Colours/49. Blue/MVI_5190.pkl,data/processed/landmarks/include/BLUE/1f6313320b0e.npz,62,0.0,0.0,1.0,1.0,,
872aea94e0f3,BLUE,include,video,,include:clip:872aea94e0f3,data/external/include_pose/INCLUDE/Pose_Signs/Colours/49. Blue/MVI_3873.pkl,data/processed/landmarks/include/BLUE/872aea94e0f3.npz,101,0.0,0.0,1.0,1.0,,
e0b12c3b055a,BLUE,include,video,,include:clip:e0b12c3b055a,data/external/include_pose/INCLUDE/Pose_Signs/Colours/49. Blue/MVI_8614.pkl,data/processed/landmarks/include/BLUE/e0b12c3b055a.npz,66,0.0,0.0,0.9091,1.0,,
f6ddfef0952b,BLUE,include,video,,include:clip:f6ddfef0952b,data/external/include_pose/INCLUDE/Pose_Signs/Colours/49. Blue/MVI_5191.pkl,data/processed/landmarks/include/BLUE/f6ddfef0952b.npz,63,0.0,0.0,1.0,1.0,,
f86590c8cb53,BLUE,include,video,,include:clip:f86590c8cb53,data/external/include_pose/INCLUDE/Pose_Signs/Colours/49. Blue/MVI_3725.pkl,data/processed/landmarks/include/BLUE/f86590c8cb53.npz,58,0.0,0.0,1.0,1.0,,
17f870864579,BLUE,include,video,,include:clip:17f870864579,data/external/include_pose/INCLUDE/Pose_Signs/Colours/49. Blue/MVI_3726.pkl,data/processed/landmarks/include/BLUE/17f870864579.npz,57,0.0,0.0,1.0,1.0,,
b53cd5843583,BLUE,include,video,,include:clip:b53cd5843583,data/external/include_pose/INCLUDE/Pose_Signs/Colours/49. Blue/MVI_3727.pkl,data/processed/landmarks/include/BLUE/b53cd5843583.npz,57,0.0,0.0,1.0,1.0,,
237d53c91be9,BLUE,include,video,,include:clip:237d53c91be9,data/external/include_pose/INCLUDE/Pose_Signs/Colours/49. Blue/MVI_5044.pkl,data/processed/landmarks/include/BLUE/237d53c91be9.npz,37,0.0,0.0,1.0,1.0,,
5be6deeab3eb,BLUE,include,video,,include:clip:5be6deeab3eb,data/external/include_pose/INCLUDE/Pose_Signs/Colours/49. Blue/MVI_5045.pkl,data/processed/landmarks/include/BLUE/5be6deeab3eb.npz,36,0.0,0.0,1.0,1.0,,
88ac2a88bd24,BLUE,include,video,,include:clip:88ac2a88bd24,data/external/include_pose/INCLUDE/Pose_Signs/Colours/49. Blue/MVI_5043.pkl,data/processed/landmarks/include/BLUE/88ac2a88bd24.npz,48,0.0,0.0,1.0,1.0,,
008721d5f0c7,BLUE,include,video,,include:clip:008721d5f0c7,data/external/include_pose/INCLUDE/Pose_Signs/Colours/49. Blue/MVI_4025.pkl,data/processed/landmarks/include/BLUE/008721d5f0c7.npz,52,0.0,0.0,1.0,1.0,,
e45587892e14,BLUE,include,video,,include:clip:e45587892e14,data/external/include_pose/INCLUDE/Pose_Signs/Colours/49. Blue/MVI_4024.pkl,data/processed/landmarks/include/BLUE/e45587892e14.npz,56,0.0,0.0,1.0,1.0,,
83982e670289,BLUE,include,video,,include:clip:83982e670289,data/external/include_pose/INCLUDE/Pose_Signs/Colours/49. Blue/MVI_4904.pkl,data/processed/landmarks/include/BLUE/83982e670289.npz,53,0.0,0.0,1.0,1.0,,
52da81a86198,BLUE,include,video,,include:clip:52da81a86198,data/external/include_pose/INCLUDE/Pose_Signs/Colours/49. Blue/MVI_4905.pkl,data/processed/landmarks/include/BLUE/52da81a86198.npz,51,0.0,0.0,1.0,1.0,,
ba6e33c30768,BLUE,include,video,,include:clip:ba6e33c30768,data/external/include_pose/INCLUDE/Pose_Signs/Colours/49. Blue/MVI_4903.pkl,data/processed/landmarks/include/BLUE/ba6e33c30768.npz,48,0.0,0.0,1.0,1.0,,
e146fe7d626d,GREY,include,video,,include:clip:e146fe7d626d,data/external/include_pose/INCLUDE/Pose_Signs/Colours/56. Grey/MVI_4924.pkl,data/processed/landmarks/include/GREY/e146fe7d626d.npz,53,0.0,0.0,1.0,1.0,,
83ee69c28b02,GREY,include,video,,include:clip:83ee69c28b02,data/external/include_pose/INCLUDE/Pose_Signs/Colours/56. Grey/MVI_4926.pkl,data/processed/landmarks/include/GREY/83ee69c28b02.npz,63,0.0,0.0,1.0,1.0,,
a61e9327ac59,GREY,include,video,,include:clip:a61e9327ac59,data/external/include_pose/INCLUDE/Pose_Signs/Colours/56. Grey/MVI_4927.pkl,data/processed/landmarks/include/GREY/a61e9327ac59.npz,65,0.0,0.0,1.0,1.0,,
f43aeb08bc64,GREY,include,video,,include:clip:f43aeb08bc64,data/external/include_pose/INCLUDE/Pose_Signs/Colours/56. Grey/MVI_3746.pkl,data/processed/landmarks/include/GREY/f43aeb08bc64.npz,62,0.0,0.0,1.0,1.0,,
0634c192b292,GREY,include,video,,include:clip:0634c192b292,data/external/include_pose/INCLUDE/Pose_Signs/Colours/56. Grey/MVI_4217.pkl,data/processed/landmarks/include/GREY/0634c192b292.npz,63,0.0,0.0,1.0,1.0,,
c4ffc5f1efc3,GREY,include,video,,include:clip:c4ffc5f1efc3,data/external/include_pose/INCLUDE/Pose_Signs/Colours/56. Grey/MVI_3747.pkl,data/processed/landmarks/include/GREY/c4ffc5f1efc3.npz,60,0.0,0.0,1.0,1.0,,
77743f5d398b,GREY,include,video,,include:clip:77743f5d398b,data/external/include_pose/INCLUDE/Pose_Signs/Colours/56. Grey/MVI_3749.pkl,data/processed/landmarks/include/GREY/77743f5d398b.npz,64,0.0,0.0,1.0,1.0,,
9c992264492d,GREY,include,video,,include:clip:9c992264492d,data/external/include_pose/INCLUDE/Pose_Signs/Colours/56. Grey/MVI_5066.pkl,data/processed/landmarks/include/GREY/9c992264492d.npz,59,0.0,0.0,0.9322,1.0,,
8e9a2aa1ca49,GREY,include,video,,include:clip:8e9a2aa1ca49,data/external/include_pose/INCLUDE/Pose_Signs/Colours/56. Grey/MVI_3748.pkl,data/processed/landmarks/include/GREY/8e9a2aa1ca49.npz,59,0.0,0.0,1.0,1.0,,
74ebd1d3804f,GREY,include,video,,include:clip:74ebd1d3804f,data/external/include_pose/INCLUDE/Pose_Signs/Colours/56. Grey/MVI_5065.pkl,data/processed/landmarks/include/GREY/74ebd1d3804f.npz,59,0.0,0.0,0.9492,1.0,,
d11f5a135502,GREY,include,video,,include:clip:d11f5a135502,data/external/include_pose/INCLUDE/Pose_Signs/Colours/56. Grey/MVI_5064.pkl,data/processed/landmarks/include/GREY/d11f5a135502.npz,59,0.0,0.0,1.0,1.0,,
ba70a77dbcd5,GREY,include,video,,include:clip:ba70a77dbcd5,data/external/include_pose/INCLUDE/Pose_Signs/Colours/56. Grey/MVI_5212.pkl,data/processed/landmarks/include/GREY/ba70a77dbcd5.npz,59,0.0,0.0,1.0,1.0,,
85de8038c14f,GREY,include,video,,include:clip:85de8038c14f,data/external/include_pose/INCLUDE/Pose_Signs/Colours/56. Grey/MVI_4046.pkl,data/processed/landmarks/include/GREY/85de8038c14f.npz,61,0.0,0.0,1.0,1.0,,
938a4e5c0ef7,GREY,include,video,,include:clip:938a4e5c0ef7,data/external/include_pose/INCLUDE/Pose_Signs/Colours/56. Grey/MVI_4047.pkl,data/processed/landmarks/include/GREY/938a4e5c0ef7.npz,60,0.0,0.0,1.0,1.0,,
1eeff93446c1,GREY,include,video,,include:clip:1eeff93446c1,data/external/include_pose/INCLUDE/Pose_Signs/Colours/56. Grey/MVI_3894.pkl,data/processed/landmarks/include/GREY/1eeff93446c1.npz,82,0.0,0.0,1.0,1.0,,
0431f8e9c6d6,GREY,include,video,,include:clip:0431f8e9c6d6,data/external/include_pose/INCLUDE/Pose_Signs/Colours/56. Grey/MVI_3895.pkl,data/processed/landmarks/include/GREY/0431f8e9c6d6.npz,74,0.0,0.0,1.0,1.0,,
a341c8b814ef,GREY,include,video,,include:clip:a341c8b814ef,data/external/include_pose/INCLUDE/Pose_Signs/Colours/56. Grey/MVI_3896.pkl,data/processed/landmarks/include/GREY/a341c8b814ef.npz,73,0.0,0.0,1.0,1.0,,
40177380c5cb,COLOUR,include,video,,include:clip:40177380c5cb,data/external/include_pose/INCLUDE/Pose_Signs/Colours/57. Colour/MVI_3898.pkl,data/processed/landmarks/include/COLOUR/40177380c5cb.npz,60,0.0,0.0,1.0,1.0,,
bc0967f3af29,COLOUR,include,video,,include:clip:bc0967f3af29,data/external/include_pose/INCLUDE/Pose_Signs/Colours/57. Colour/MVI_3899.pkl,data/processed/landmarks/include/COLOUR/bc0967f3af29.npz,73,0.0,0.0,1.0,1.0,,
d6e9597a6da0,COLOUR,include,video,,include:clip:d6e9597a6da0,data/external/include_pose/INCLUDE/Pose_Signs/Colours/57. Colour/MVI_4049.pkl,data/processed/landmarks/include/COLOUR/d6e9597a6da0.npz,57,0.0,0.0,1.0,1.0,,
454bc5334d38,COLOUR,include,video,,include:clip:454bc5334d38,data/external/include_pose/INCLUDE/Pose_Signs/Colours/57. Colour/MVI_4048.pkl,data/processed/landmarks/include/COLOUR/454bc5334d38.npz,54,0.0,0.0,1.0,1.0,,
d6fd72f76430,COLOUR,include,video,,include:clip:d6fd72f76430,data/external/include_pose/INCLUDE/Pose_Signs/Colours/57. Colour/MVI_3752.pkl,data/processed/landmarks/include/COLOUR/d6fd72f76430.npz,46,0.0,0.0,1.0,1.0,,
d7644a21cf1d,COLOUR,include,video,,include:clip:d7644a21cf1d,data/external/include_pose/INCLUDE/Pose_Signs/Colours/57. Colour/MVI_5069.pkl,data/processed/landmarks/include/COLOUR/d7644a21cf1d.npz,46,0.0,0.0,0.9348,1.0,,
b6651dca09b4,COLOUR,include,video,,include:clip:b6651dca09b4,data/external/include_pose/INCLUDE/Pose_Signs/Colours/57. Colour/MVI_3751.pkl,data/processed/landmarks/include/COLOUR/b6651dca09b4.npz,33,0.0,0.0,1.0,1.0,,
4e2a833f8042,COLOUR,include,video,,include:clip:4e2a833f8042,data/external/include_pose/INCLUDE/Pose_Signs/Colours/57. Colour/MVI_3750.pkl,data/processed/landmarks/include/COLOUR/4e2a833f8042.npz,59,0.0,0.0,1.0,1.0,,
43d8f3c931c0,COLOUR,include,video,,include:clip:43d8f3c931c0,data/external/include_pose/INCLUDE/Pose_Signs/Colours/57. Colour/MVI_4218.pkl,data/processed/landmarks/include/COLOUR/43d8f3c931c0.npz,59,0.0,0.0,1.0,1.0,,
726b240fe346,COLOUR,include,video,,include:clip:726b240fe346,data/external/include_pose/INCLUDE/Pose_Signs/Colours/57. Colour/MVI_5070.pkl,data/processed/landmarks/include/COLOUR/726b240fe346.npz,54,0.0,0.0,0.7037,1.0,,
687193dc0361,COLOUR,include,video,,include:clip:687193dc0361,data/external/include_pose/INCLUDE/Pose_Signs/Colours/57. Colour/MVI_8622.pkl,data/processed/landmarks/include/COLOUR/687193dc0361.npz,58,0.0,0.0,0.9655,1.0,,
963a56258203,COLOUR,include,video,,include:clip:963a56258203,data/external/include_pose/INCLUDE/Pose_Signs/Colours/57. Colour/MVI_4050.pkl,data/processed/landmarks/include/COLOUR/963a56258203.npz,56,0.0,0.0,1.0,1.0,,
d2ba70ccc642,COLOUR,include,video,,include:clip:d2ba70ccc642,data/external/include_pose/INCLUDE/Pose_Signs/Colours/57. Colour/MVI_4929.pkl,data/processed/landmarks/include/COLOUR/d2ba70ccc642.npz,50,0.0,0.0,1.0,1.0,,
66155831b75b,COLOUR,include,video,,include:clip:66155831b75b,data/external/include_pose/INCLUDE/Pose_Signs/Colours/57. Colour/MVI_3897.pkl,data/processed/landmarks/include/COLOUR/66155831b75b.npz,82,0.0,0.0,1.0,1.0,,
2a77efad4d56,COLOUR,include,video,,include:clip:2a77efad4d56,data/external/include_pose/INCLUDE/Pose_Signs/Colours/57. Colour/MVI_5217.pkl,data/processed/landmarks/include/COLOUR/2a77efad4d56.npz,42,0.0,0.0,1.0,1.0,,
b3018c0e3f9f,COLOUR,include,video,,include:clip:b3018c0e3f9f,data/external/include_pose/INCLUDE/Pose_Signs/Colours/57. Colour/MVI_4928.pkl,data/processed/landmarks/include/COLOUR/b3018c0e3f9f.npz,55,0.0,0.0,1.0,1.0,,
2ab1c84d1773,BROWN,include,video,,include:clip:2ab1c84d1773,data/external/include_pose/INCLUDE/Pose_Signs/Colours/51. Brown/MVI_8616.pkl,data/processed/landmarks/include/BROWN/2ab1c84d1773.npz,63,0.0,0.0,0.8571,1.0,,
d629db47ee90,BROWN,include,video,,include:clip:d629db47ee90,data/external/include_pose/INCLUDE/Pose_Signs/Colours/51. Brown/MVI_3731.pkl,data/processed/landmarks/include/BROWN/d629db47ee90.npz,53,0.0,0.0,0.9057,1.0,,
cbbc4ded5583,BROWN,include,video,,include:clip:cbbc4ded5583,data/external/include_pose/INCLUDE/Pose_Signs/Colours/51. Brown/MVI_3732.pkl,data/processed/landmarks/include/BROWN/cbbc4ded5583.npz,42,0.0,0.0,0.9524,1.0,,
a976c6782eba,BROWN,include,video,,include:clip:a976c6782eba,data/external/include_pose/INCLUDE/Pose_Signs/Colours/51. Brown/MVI_5196.pkl,data/processed/landmarks/include/BROWN/a976c6782eba.npz,62,0.0,0.0,1.0,1.0,,
9a14f9e24758,BROWN,include,video,,include:clip:9a14f9e24758,data/external/include_pose/INCLUDE/Pose_Signs/Colours/51. Brown/MVI_4909.pkl,data/processed/landmarks/include/BROWN/9a14f9e24758.npz,57,0.0,0.0,0.9649,1.0,,
84144a1a3740,BROWN,include,video,,include:clip:84144a1a3740,data/external/include_pose/INCLUDE/Pose_Signs/Colours/51. Brown/MVI_4212.pkl,data/processed/landmarks/include/BROWN/84144a1a3740.npz,61,0.0,0.0,1.0,1.0,,
a690e53ab874,BROWN,include,video,,include:clip:a690e53ab874,data/external/include_pose/INCLUDE/Pose_Signs/Colours/51. Brown/MVI_5050.pkl,data/processed/landmarks/include/BROWN/a690e53ab874.npz,45,0.0,0.0,0.8444,1.0,,
0164191c0838,BROWN,include,video,,include:clip:0164191c0838,data/external/include_pose/INCLUDE/Pose_Signs/Colours/51. Brown/MVI_5051.pkl,data/processed/landmarks/include/BROWN/0164191c0838.npz,52,0.0,0.0,0.9808,1.0,,
f8716bdbb8cf,BROWN,include,video,,include:clip:f8716bdbb8cf,data/external/include_pose/INCLUDE/Pose_Signs/Colours/51. Brown/MVI_4032.pkl,data/processed/landmarks/include/BROWN/f8716bdbb8cf.npz,53,0.0,0.0,0.9434,1.0,,
e84a7178dc57,BROWN,include,video,,include:clip:e84a7178dc57,data/external/include_pose/INCLUDE/Pose_Signs/Colours/51. Brown/MVI_4031.pkl,data/processed/landmarks/include/BROWN/e84a7178dc57.npz,59,0.0,0.0,0.9831,1.0,,
66ec7bcd3aad,BROWN,include,video,,include:clip:66ec7bcd3aad,data/external/include_pose/INCLUDE/Pose_Signs/Colours/51. Brown/MVI_5049.pkl,data/processed/landmarks/include/BROWN/66ec7bcd3aad.npz,53,0.0,0.0,0.9245,1.0,,
24b89c285a6e,BROWN,include,video,,include:clip:24b89c285a6e,data/external/include_pose/INCLUDE/Pose_Signs/Colours/51. Brown/MVI_4910.pkl,data/processed/landmarks/include/BROWN/24b89c285a6e.npz,53,0.0,0.0,1.0,1.0,,
32d8c5d9ce15,BROWN,include,video,,include:clip:32d8c5d9ce15,data/external/include_pose/INCLUDE/Pose_Signs/Colours/51. Brown/MVI_3879.pkl,data/processed/landmarks/include/BROWN/32d8c5d9ce15.npz,78,0.0,0.0,0.9615,1.0,,
f3340c2fdc0f,BROWN,include,video,,include:clip:f3340c2fdc0f,data/external/include_pose/INCLUDE/Pose_Signs/Colours/51. Brown/MVI_3878.pkl,data/processed/landmarks/include/BROWN/f3340c2fdc0f.npz,89,0.0,0.0,0.9551,1.0,,
92ea264c0d8e,BROWN,include,video,,include:clip:92ea264c0d8e,data/external/include_pose/INCLUDE/Pose_Signs/Colours/51. Brown/MVI_4911.pkl,data/processed/landmarks/include/BROWN/92ea264c0d8e.npz,60,0.0,0.0,0.9833,1.0,,
ce64e032960a,BROWN,include,video,,include:clip:ce64e032960a,data/external/include_pose/INCLUDE/Pose_Signs/Colours/51. Brown/MVI_5199.pkl,data/processed/landmarks/include/BROWN/ce64e032960a.npz,62,0.0,0.0,1.0,1.0,,
0614462744b0,BROWN,include,video,,include:clip:0614462744b0,data/external/include_pose/INCLUDE/Pose_Signs/Colours/51. Brown/MVI_5198.pkl,data/processed/landmarks/include/BROWN/0614462744b0.npz,53,0.0,0.0,1.0,1.0,,
3106b72ddccd,BLACK,include,video,,include:clip:3106b72ddccd,data/external/include_pose/INCLUDE/Pose_Signs/Colours/54. Black/MVI_4919.pkl,data/processed/landmarks/include/BLACK/3106b72ddccd.npz,54,0.0,0.0,1.0,1.0,,
99cfe1aa38a3,BLACK,include,video,,include:clip:99cfe1aa38a3,data/external/include_pose/INCLUDE/Pose_Signs/Colours/54. Black/MVI_5208.pkl,data/processed/landmarks/include/BLACK/99cfe1aa38a3.npz,54,0.0,0.0,1.0,1.0,,
065fa625d07e,BLACK,include,video,,include:clip:065fa625d07e,data/external/include_pose/INCLUDE/Pose_Signs/Colours/54. Black/MVI_3889.pkl,data/processed/landmarks/include/BLACK/065fa625d07e.npz,58,0.0,0.0,1.0,1.0,,
b13fc6f8bd9d,BLACK,include,video,,include:clip:b13fc6f8bd9d,data/external/include_pose/INCLUDE/Pose_Signs/Colours/54. Black/MVI_3888.pkl,data/processed/landmarks/include/BLACK/b13fc6f8bd9d.npz,72,0.0,0.0,1.0,1.0,,
e742fa512cb4,BLACK,include,video,,include:clip:e742fa512cb4,data/external/include_pose/INCLUDE/Pose_Signs/Colours/54. Black/MVI_4920.pkl,data/processed/landmarks/include/BLACK/e742fa512cb4.npz,54,0.0,0.0,1.0,1.0,,
7ca9774d3617,BLACK,include,video,,include:clip:7ca9774d3617,data/external/include_pose/INCLUDE/Pose_Signs/Colours/54. Black/MVI_3740.pkl,data/processed/landmarks/include/BLACK/7ca9774d3617.npz,44,0.0,0.0,1.0,1.0,,
888067359246,BLACK,include,video,,include:clip:888067359246,data/external/include_pose/INCLUDE/Pose_Signs/Colours/54. Black/MVI_3741.pkl,data/processed/landmarks/include/BLACK/888067359246.npz,52,0.0,0.0,1.0,1.0,,
5a2ef1eddbab,BLACK,include,video,,include:clip:5a2ef1eddbab,data/external/include_pose/INCLUDE/Pose_Signs/Colours/54. Black/MVI_3742.pkl,data/processed/landmarks/include/BLACK/5a2ef1eddbab.npz,46,0.0,0.0,1.0,1.0,,
9628b891c39d,BLACK,include,video,,include:clip:9628b891c39d,data/external/include_pose/INCLUDE/Pose_Signs/Colours/54. Black/MVI_4215.pkl,data/processed/landmarks/include/BLACK/9628b891c39d.npz,49,0.0,0.0,1.0,1.0,,
2fded202a620,BLACK,include,video,,include:clip:2fded202a620,data/external/include_pose/INCLUDE/Pose_Signs/Colours/54. Black/MVI_5059.pkl,data/processed/landmarks/include/BLACK/2fded202a620.npz,49,0.0,0.0,1.0,1.0,,
8d71f15ff632,BLACK,include,video,,include:clip:8d71f15ff632,data/external/include_pose/INCLUDE/Pose_Signs/Colours/54. Black/MVI_5060.pkl,data/processed/landmarks/include/BLACK/8d71f15ff632.npz,41,0.0,0.0,1.0,1.0,,
eb03127056a7,BLACK,include,video,,include:clip:eb03127056a7,data/external/include_pose/INCLUDE/Pose_Signs/Colours/54. Black/MVI_5207.pkl,data/processed/landmarks/include/BLACK/eb03127056a7.npz,54,0.0,0.0,1.0,1.0,,
3368dd705d5f,BLACK,include,video,,include:clip:3368dd705d5f,data/external/include_pose/INCLUDE/Pose_Signs/Colours/54. Black/MVI_3887.pkl,data/processed/landmarks/include/BLACK/3368dd705d5f.npz,69,0.0,0.0,1.0,1.0,,
83f98ba26465,BLACK,include,video,,include:clip:83f98ba26465,data/external/include_pose/INCLUDE/Pose_Signs/Colours/54. Black/MVI_5206.pkl,data/processed/landmarks/include/BLACK/83f98ba26465.npz,52,0.0,0.0,1.0,1.0,,
d2721c2c8f24,BLACK,include,video,,include:clip:d2721c2c8f24,data/external/include_pose/INCLUDE/Pose_Signs/Colours/54. Black/MVI_4040.pkl,data/processed/landmarks/include/BLACK/d2721c2c8f24.npz,46,0.0,0.0,1.0,1.0,,
d4eb030f9eae,BLACK,include,video,,include:clip:d4eb030f9eae,data/external/include_pose/INCLUDE/Pose_Signs/Colours/54. Black/MVI_4041.pkl,data/processed/landmarks/include/BLACK/d4eb030f9eae.npz,53,0.0,0.0,1.0,1.0,,
3f6194dbe683,TOMORROW,include,video,,include:clip:3f6194dbe683,data/external/include_pose/INCLUDE/Pose_Signs/Days_and_Time/74. Tomorrow/MVI_5036.pkl,data/processed/landmarks/include/TOMORROW/3f6194dbe683.npz,45,0.0,0.0,1.0,1.0,,
9cc6b6424430,TOMORROW,include,video,,include:clip:9cc6b6424430,data/external/include_pose/INCLUDE/Pose_Signs/Days_and_Time/74. Tomorrow/MVI_5035.pkl,data/processed/landmarks/include/TOMORROW/9cc6b6424430.npz,48,0.0,0.0,1.0,1.0,,
8788e1459c90,TOMORROW,include,video,,include:clip:8788e1459c90,data/external/include_pose/INCLUDE/Pose_Signs/Days_and_Time/74. Tomorrow/MVI_5034.pkl,data/processed/landmarks/include/TOMORROW/8788e1459c90.npz,40,0.0,0.0,1.0,1.0,,
592519e80fc6,TOMORROW,include,video,,include:clip:592519e80fc6,data/external/include_pose/INCLUDE/Pose_Signs/Days_and_Time/74. Tomorrow/MVI_5476.pkl,data/processed/landmarks/include/TOMORROW/592519e80fc6.npz,45,0.0,0.0,1.0,1.0,,
aa8fa9bab52a,TOMORROW,include,video,,include:clip:aa8fa9bab52a,data/external/include_pose/INCLUDE/Pose_Signs/Days_and_Time/74. Tomorrow/MVI_4620.pkl,data/processed/landmarks/include/TOMORROW/aa8fa9bab52a.npz,56,0.0,0.0,0.9821,1.0,,
909d747f7cef,TOMORROW,include,video,,include:clip:909d747f7cef,data/external/include_pose/INCLUDE/Pose_Signs/Days_and_Time/74. Tomorrow/MVI_4621.pkl,data/processed/landmarks/include/TOMORROW/909d747f7cef.npz,49,0.0,0.0,1.0,1.0,,
c36f004cbd1d,TOMORROW,include,video,,include:clip:c36f004cbd1d,data/external/include_pose/INCLUDE/Pose_Signs/Days_and_Time/74. Tomorrow/MVI_5475.pkl,data/processed/landmarks/include/TOMORROW/c36f004cbd1d.npz,42,0.0,0.0,1.0,1.0,,
495b3775e7b4,TOMORROW,include,video,,include:clip:495b3775e7b4,data/external/include_pose/INCLUDE/Pose_Signs/Days_and_Time/74. Tomorrow/MVI_9165.pkl,data/processed/landmarks/include/TOMORROW/495b3775e7b4.npz,80,0.0,0.0,1.0,1.0,,
5f4a5295b72f,TOMORROW,include,video,,include:clip:5f4a5295b72f,data/external/include_pose/INCLUDE/Pose_Signs/Days_and_Time/74. Tomorrow/MVI_4622.pkl,data/processed/landmarks/include/TOMORROW/5f4a5295b72f.npz,55,0.0,0.0,1.0,1.0,,
1cd7df40715c,TOMORROW,include,video,,include:clip:1cd7df40715c,data/external/include_pose/INCLUDE/Pose_Signs/Days_and_Time/74. Tomorrow/MVI_9164.pkl,data/processed/landmarks/include/TOMORROW/1cd7df40715c.npz,62,0.0,0.0,1.0,1.0,,
61e0740d8c45,TOMORROW,include,video,,include:clip:61e0740d8c45,data/external/include_pose/INCLUDE/Pose_Signs/Days_and_Time/74. Tomorrow/MVI_5474.pkl,data/processed/landmarks/include/TOMORROW/61e0740d8c45.npz,43,0.0,0.0,1.0,1.0,,
8e9c2161d2e4,TOMORROW,include,video,,include:clip:8e9c2161d2e4,data/external/include_pose/INCLUDE/Pose_Signs/Days_and_Time/74. Tomorrow/MVI_9163.pkl,data/processed/landmarks/include/TOMORROW/8e9c2161d2e4.npz,99,0.0,0.0,1.0,1.0,,
d84628bca5f1,TOMORROW,include,video,,include:clip:d84628bca5f1,data/external/include_pose/INCLUDE/Pose_Signs/Days_and_Time/74. Tomorrow/MVI_4619.pkl,data/processed/landmarks/include/TOMORROW/d84628bca5f1.npz,54,0.0,0.0,1.0,1.0,,
4c2ba0728e95,WEDNESDAY,include,video,,include:clip:4c2ba0728e95,data/external/include_pose/INCLUDE/Pose_Signs/Days_and_Time/69. Wednesday/MVI_5018.pkl,data/processed/landmarks/include/WEDNESDAY/4c2ba0728e95.npz,51,0.0,0.0,0.8431,1.0,,
cc01e86329c1,WEDNESDAY,include,video,,include:clip:cc01e86329c1,data/external/include_pose/INCLUDE/Pose_Signs/Days_and_Time/69. Wednesday/MVI_5457.pkl,data/processed/landmarks/include/WEDNESDAY/cc01e86329c1.npz,46,0.0,0.0,0.9565,1.0,,
36b6ae499037,WEDNESDAY,include,video,,include:clip:36b6ae499037,data/external/include_pose/INCLUDE/Pose_Signs/Days_and_Time/69. Wednesday/MVI_4601.pkl,data/processed/landmarks/include/WEDNESDAY/36b6ae499037.npz,56,0.0,0.0,0.75,1.0,,
6fc9dec4d609,WEDNESDAY,include,video,,include:clip:6fc9dec4d609,data/external/include_pose/INCLUDE/Pose_Signs/Days_and_Time/69. Wednesday/MVI_5456.pkl,data/processed/landmarks/include/WEDNESDAY/6fc9dec4d609.npz,54,0.0,0.0,0.9259,1.0,,
91ed2eed28d9,WEDNESDAY,include,video,,include:clip:91ed2eed28d9,data/external/include_pose/INCLUDE/Pose_Signs/Days_and_Time/69. Wednesday/MVI_5454.pkl,data/processed/landmarks/include/WEDNESDAY/91ed2eed28d9.npz,56,0.0,0.0,0.8571,1.0,,
155507e276ed,WEDNESDAY,include,video,,include:clip:155507e276ed,data/external/include_pose/INCLUDE/Pose_Signs/Days_and_Time/69. Wednesday/MVI_9150.pkl,data/processed/landmarks/include/WEDNESDAY/155507e276ed.npz,58,0.0,0.0,0.8621,1.0,,
bc56d6016066,WEDNESDAY,include,video,,include:clip:bc56d6016066,data/external/include_pose/INCLUDE/Pose_Signs/Days_and_Time/69. Wednesday/MVI_4602.pkl,data/processed/landmarks/include/WEDNESDAY/bc56d6016066.npz,49,0.0,0.0,0.7755,1.0,,
1326db21f67f,WEDNESDAY,include,video,,include:clip:1326db21f67f,data/external/include_pose/INCLUDE/Pose_Signs/Days_and_Time/69. Wednesday/MVI_5455.pkl,data/processed/landmarks/include/WEDNESDAY/1326db21f67f.npz,54,0.0,0.0,0.9074,1.0,,
581ecf8f2c6e,WEDNESDAY,include,video,,include:clip:581ecf8f2c6e,data/external/include_pose/INCLUDE/Pose_Signs/Days_and_Time/69. Wednesday/MVI_4599.pkl,data/processed/landmarks/include/WEDNESDAY/581ecf8f2c6e.npz,50,0.0,0.0,0.76,1.0,,
8f0097eb4b07,WEDNESDAY,include,video,,include:clip:8f0097eb4b07,data/external/include_pose/INCLUDE/Pose_Signs/Days_and_Time/69. Wednesday/MVI_9148.pkl,data/processed/landmarks/include/WEDNESDAY/8f0097eb4b07.npz,61,0.0,0.0,0.8689,1.0,,
b68bfaa34811,WEDNESDAY,include,video,,include:clip:b68bfaa34811,data/external/include_pose/INCLUDE/Pose_Signs/Days_and_Time/69. Wednesday/MVI_9149.pkl,data/processed/landmarks/include/WEDNESDAY/b68bfaa34811.npz,61,0.0,0.0,0.8361,1.0,,
c9505007bd98,WEDNESDAY,include,video,,include:clip:c9505007bd98,data/external/include_pose/INCLUDE/Pose_Signs/Days_and_Time/69. Wednesday/MVI_5017.pkl,data/processed/landmarks/include/WEDNESDAY/c9505007bd98.npz,51,0.0,0.0,0.7843,1.0,,
ebc005b3c5b3,WEDNESDAY,include,video,,include:clip:ebc005b3c5b3,data/external/include_pose/INCLUDE/Pose_Signs/Days_and_Time/69. Wednesday/MVI_5016.pkl,data/processed/landmarks/include/WEDNESDAY/ebc005b3c5b3.npz,51,0.0,0.0,0.8627,1.0,,
6160de0500d1,TUESDAY,include,video,,include:clip:6160de0500d1,data/external/include_pose/INCLUDE/Pose_Signs/Days_and_Time/68. Tuesday/MVI_9147.pkl,data/processed/landmarks/include/TUESDAY/6160de0500d1.npz,61,0.0,0.0,0.9016,1.0,,
c7da28b30934,TUESDAY,include,video,,include:clip:c7da28b30934,data/external/include_pose/INCLUDE/Pose_Signs/Days_and_Time/68. Tuesday/MVI_9146.pkl,data/processed/landmarks/include/TUESDAY/c7da28b30934.npz,62,0.0,0.0,0.9032,1.0,,
74b3baaad62d,TUESDAY,include,video,,include:clip:74b3baaad62d,data/external/include_pose/INCLUDE/Pose_Signs/Days_and_Time/68. Tuesday/MVI_9145.pkl,data/processed/landmarks/include/TUESDAY/74b3baaad62d.npz,67,0.0,0.0,0.8806,1.0,,
b6aa4a7bfd10,TUESDAY,include,video,,include:clip:b6aa4a7bfd10,data/external/include_pose/INCLUDE/Pose_Signs/Days_and_Time/68. Tuesday/MVI_5451.pkl,data/processed/landmarks/include/TUESDAY/b6aa4a7bfd10.npz,51,0.0,0.0,0.8431,1.0,,
9b4cd2eb84cf,TUESDAY,include,video,,include:clip:9b4cd2eb84cf,data/external/include_pose/INCLUDE/Pose_Signs/Days_and_Time/68. Tuesday/MVI_5450.pkl,data/processed/landmarks/include/TUESDAY/9b4cd2eb84cf.npz,51,0.0,0.0,0.8824,1.0,,
c8b2d93236d3,TUESDAY,include,video,,include:clip:c8b2d93236d3,data/external/include_pose/INCLUDE/Pose_Signs/Days_and_Time/68. Tuesday/MVI_5452.pkl,data/processed/landmarks/include/TUESDAY/c8b2d93236d3.npz,49,0.0,0.0,0.8163,1.0,,
5c6793ec43f3,TUESDAY,include,video,,include:clip:5c6793ec43f3,data/external/include_pose/INCLUDE/Pose_Signs/Days_and_Time/68. Tuesday/MVI_4598.pkl,data/processed/landmarks/include/TUESDAY/5c6793ec43f3.npz,70,0.0,0.0,0.8429,1.0,,
db37b9556626,TUESDAY,include,video,,include:clip:db37b9556626,data/external/include_pose/INCLUDE/Pose_Signs/Days_and_Time/68. Tuesday/MVI_5453.pkl,data/processed/landmarks/include/TUESDAY/db37b9556626.npz,56,0.0,0.0,0.8036,1.0,,
21b3ad8bbea5,TUESDAY,include,video,,include:clip:21b3ad8bbea5,data/external/include_pose/INCLUDE/Pose_Signs/Days_and_Time/68. Tuesday/MVI_4595.pkl,data/processed/landmarks/include/TUESDAY/21b3ad8bbea5.npz,59,0.0,0.0,0.8136,1.0,,
c0bb05de9d75,TUESDAY,include,video,,include:clip:c0bb05de9d75,data/external/include_pose/INCLUDE/Pose_Signs/Days_and_Time/68. Tuesday/MVI_4597.pkl,data/processed/landmarks/include/TUESDAY/c0bb05de9d75.npz,62,0.0,0.0,0.8871,1.0,,
62f140e020bc,TUESDAY,include,video,,include:clip:62f140e020bc,data/external/include_pose/INCLUDE/Pose_Signs/Days_and_Time/68. Tuesday/MVI_5012.pkl,data/processed/landmarks/include/TUESDAY/62f140e020bc.npz,50,0.0,0.0,0.9,1.0,,
a99f3f86f2c1,TUESDAY,include,video,,include:clip:a99f3f86f2c1,data/external/include_pose/INCLUDE/Pose_Signs/Days_and_Time/68. Tuesday/MVI_5013.pkl,data/processed/landmarks/include/TUESDAY/a99f3f86f2c1.npz,52,0.0,0.0,0.8462,1.0,,
78d9dafdbb8b,TUESDAY,include,video,,include:clip:78d9dafdbb8b,data/external/include_pose/INCLUDE/Pose_Signs/Days_and_Time/68. Tuesday/MVI_5014.pkl,data/processed/landmarks/include/TUESDAY/78d9dafdbb8b.npz,54,0.0,0.0,0.8704,1.0,,
f6d144d856bc,SUNDAY,include,video,,include:clip:f6d144d856bc,data/external/include_pose/INCLUDE/Pose_Signs/Days_and_Time/66. Sunday/MVI_5443.pkl,data/processed/landmarks/include/SUNDAY/f6d144d856bc.npz,57,0.0,0.0,1.0,1.0,,
edb09e4e6184,SUNDAY,include,video,,include:clip:edb09e4e6184,data/external/include_pose/INCLUDE/Pose_Signs/Days_and_Time/66. Sunday/MVI_4588.pkl,data/processed/landmarks/include/SUNDAY/edb09e4e6184.npz,69,0.0,0.0,0.971,1.0,,
6d8c4a2183b6,SUNDAY,include,video,,include:clip:6d8c4a2183b6,data/external/include_pose/INCLUDE/Pose_Signs/Days_and_Time/66. Sunday/MVI_4589.pkl,data/processed/landmarks/include/SUNDAY/6d8c4a2183b6.npz,60,0.0,0.0,1.0,1.0,,
ec88bfea2d02,SUNDAY,include,video,,include:clip:ec88bfea2d02,data/external/include_pose/INCLUDE/Pose_Signs/Days_and_Time/66. Sunday/MVI_5442.pkl,data/processed/landmarks/include/SUNDAY/ec88bfea2d02.npz,51,0.0,0.0,1.0,1.0,,
2f081f1b54f7,SUNDAY,include,video,,include:clip:2f081f1b54f7,data/external/include_pose/INCLUDE/Pose_Signs/Days_and_Time/66. Sunday/MVI_5445.pkl,data/processed/landmarks/include/SUNDAY/2f081f1b54f7.npz,57,0.0,0.0,1.0,1.0,,
722d817d0fd5,SUNDAY,include,video,,include:clip:722d817d0fd5,data/external/include_pose/INCLUDE/Pose_Signs/Days_and_Time/66. Sunday/MVI_9141.pkl,data/processed/landmarks/include/SUNDAY/722d817d0fd5.npz,71,0.0,0.0,1.0,1.0,,
3c036242e837,SUNDAY,include,video,,include:clip:3c036242e837,data/external/include_pose/INCLUDE/Pose_Signs/Days_and_Time/66. Sunday/MVI_9140.pkl,data/processed/landmarks/include/SUNDAY/3c036242e837.npz,75,0.0,0.0,1.0,1.0,,
33e0307ef585,SUNDAY,include,video,,include:clip:33e0307ef585,data/external/include_pose/INCLUDE/Pose_Signs/Days_and_Time/66. Sunday/MVI_5444.pkl,data/processed/landmarks/include/SUNDAY/33e0307ef585.npz,61,0.0,0.0,1.0,1.0,,
433f45732d98,SUNDAY,include,video,,include:clip:433f45732d98,data/external/include_pose/INCLUDE/Pose_Signs/Days_and_Time/66. Sunday/MVI_4586.pkl,data/processed/landmarks/include/SUNDAY/433f45732d98.npz,71,0.0,0.0,1.0,1.0,,
e41a10769963,SUNDAY,include,video,,include:clip:e41a10769963,data/external/include_pose/INCLUDE/Pose_Signs/Days_and_Time/66. Sunday/MVI_4590.pkl,data/processed/landmarks/include/SUNDAY/e41a10769963.npz,57,0.0,0.0,1.0,1.0,,
88a1cbec5be8,SUNDAY,include,video,,include:clip:88a1cbec5be8,data/external/include_pose/INCLUDE/Pose_Signs/Days_and_Time/66. Sunday/MVI_9139.pkl,data/processed/landmarks/include/SUNDAY/88a1cbec5be8.npz,78,0.0,0.0,1.0,1.0,,
ded7adbd15c0,SUNDAY,include,video,,include:clip:ded7adbd15c0,data/external/include_pose/INCLUDE/Pose_Signs/Days_and_Time/66. Sunday/MVI_5005.pkl,data/processed/landmarks/include/SUNDAY/ded7adbd15c0.npz,52,0.0,0.0,1.0,1.0,,
f92c93591c2e,SUNDAY,include,video,,include:clip:f92c93591c2e,data/external/include_pose/INCLUDE/Pose_Signs/Days_and_Time/66. Sunday/MVI_5006.pkl,data/processed/landmarks/include/SUNDAY/f92c93591c2e.npz,50,0.0,0.0,1.0,1.0,,
47c443f9ba54,MORNING,include,video,,include:clip:47c443f9ba54,data/external/include_pose/INCLUDE/Pose_Signs/Days_and_Time/82. Morning/MVI_9190.pkl,data/processed/landmarks/include/MORNING/47c443f9ba54.npz,70,0.0,0.0,1.0,1.0,,
fcdefd5b8bf0,MORNING,include,video,,include:clip:fcdefd5b8bf0,data/external/include_pose/INCLUDE/Pose_Signs/Days_and_Time/82. Morning/MVI_5508.pkl,data/processed/landmarks/include/MORNING/fcdefd5b8bf0.npz,42,0.0,0.0,1.0,1.0,,
b3714bb27127,MORNING,include,video,,include:clip:b3714bb27127,data/external/include_pose/INCLUDE/Pose_Signs/Days_and_Time/82. Morning/MVI_5509.pkl,data/processed/landmarks/include/MORNING/b3714bb27127.npz,40,0.0,0.0,1.0,1.0,,
691c47086ae3,MORNING,include,video,,include:clip:691c47086ae3,data/external/include_pose/INCLUDE/Pose_Signs/Days_and_Time/82. Morning/MVI_5060.pkl,data/processed/landmarks/include/MORNING/691c47086ae3.npz,43,0.0,0.0,1.0,1.0,,
bef25f459496,MORNING,include,video,,include:clip:bef25f459496,data/external/include_pose/INCLUDE/Pose_Signs/Days_and_Time/82. Morning/MVI_5510.pkl,data/processed/landmarks/include/MORNING/bef25f459496.npz,41,0.0,0.0,1.0,1.0,,
1d49509bcfe9,MORNING,include,video,,include:clip:1d49509bcfe9,data/external/include_pose/INCLUDE/Pose_Signs/Days_and_Time/82. Morning/MVI_5061.pkl,data/processed/landmarks/include/MORNING/1d49509bcfe9.npz,43,0.0,0.0,1.0,1.0,,
294ccd588514,MORNING,include,video,,include:clip:294ccd588514,data/external/include_pose/INCLUDE/Pose_Signs/Days_and_Time/82. Morning/MVI_9188.pkl,data/processed/landmarks/include/MORNING/294ccd588514.npz,59,0.0,0.0,1.0,1.0,,
4a32e046b711,MORNING,include,video,,include:clip:4a32e046b711,data/external/include_pose/INCLUDE/Pose_Signs/Days_and_Time/82. Morning/MVI_5507.pkl,data/processed/landmarks/include/MORNING/4a32e046b711.npz,39,0.0,0.0,1.0,1.0,,
5f9e0286e9f9,MORNING,include,video,,include:clip:5f9e0286e9f9,data/external/include_pose/INCLUDE/Pose_Signs/Days_and_Time/82. Morning/MVI_5062.pkl,data/processed/landmarks/include/MORNING/5f9e0286e9f9.npz,44,0.0,0.0,1.0,1.0,,
ead5260c7c98,MORNING,include,video,,include:clip:ead5260c7c98,data/external/include_pose/INCLUDE/Pose_Signs/Days_and_Time/82. Morning/MVI_9189.pkl,data/processed/landmarks/include/MORNING/ead5260c7c98.npz,63,0.0,0.0,1.0,1.0,,
545d6ccbd6b2,MORNING,include,video,,include:clip:545d6ccbd6b2,data/external/include_pose/INCLUDE/Pose_Signs/Days_and_Time/82. Morning/MVI_4654.pkl,data/processed/landmarks/include/MORNING/545d6ccbd6b2.npz,46,0.0,0.0,1.0,1.0,,
fef4c0a2e7fe,MORNING,include,video,,include:clip:fef4c0a2e7fe,data/external/include_pose/INCLUDE/Pose_Signs/Days_and_Time/82. Morning/MVI_4652.pkl,data/processed/landmarks/include/MORNING/fef4c0a2e7fe.npz,57,0.0,0.0,0.9649,1.0,,
1fa41e4f0ac8,MORNING,include,video,,include:clip:1fa41e4f0ac8,data/external/include_pose/INCLUDE/Pose_Signs/Days_and_Time/82. Morning/MVI_4653.pkl,data/processed/landmarks/include/MORNING/1fa41e4f0ac8.npz,54,0.0,0.0,1.0,1.0,,
8bcfee3299b4,THURSDAY,include,video,,include:clip:8bcfee3299b4,data/external/include_pose/INCLUDE/Pose_Signs/Days_and_Time/70. Thursday/MVI_5019.pkl,data/processed/landmarks/include/THURSDAY/8bcfee3299b4.npz,53,0.0,0.0,1.0,1.0,,
8212b411e83a,THURSDAY,include,video,,include:clip:8212b411e83a,data/external/include_pose/INCLUDE/Pose_Signs/Days_and_Time/70. Thursday/MVI_5020.pkl,data/processed/landmarks/include/THURSDAY/8212b411e83a.npz,50,0.0,0.0,0.98,1.0,,
3499a1a1b5fa,THURSDAY,include,video,,include:clip:3499a1a1b5fa,data/external/include_pose/INCLUDE/Pose_Signs/Days_and_Time/70. Thursday/MVI_9153.pkl,data/processed/landmarks/include/THURSDAY/3499a1a1b5fa.npz,60,0.0,0.0,1.0,1.0,,
33da3ceec1c8,THURSDAY,include,video,,include:clip:33da3ceec1c8,data/external/include_pose/INCLUDE/Pose_Signs/Days_and_Time/70. Thursday/MVI_9152.pkl,data/processed/landmarks/include/THURSDAY/33da3ceec1c8.npz,63,0.0,0.0,1.0,1.0,,
d23002460c35,THURSDAY,include,video,,include:clip:d23002460c35,data/external/include_pose/INCLUDE/Pose_Signs/Days_and_Time/70. Thursday/MVI_4603.pkl,data/processed/landmarks/include/THURSDAY/d23002460c35.npz,62,0.0,0.0,1.0,1.0,,
176652a216c0,THURSDAY,include,video,,include:clip:176652a216c0,data/external/include_pose/INCLUDE/Pose_Signs/Days_and_Time/70. Thursday/MVI_9151.pkl,data/processed/landmarks/include/THURSDAY/176652a216c0.npz,66,0.0,0.0,1.0,1.0,,
9484d583956a,THURSDAY,include,video,,include:clip:9484d583956a,data/external/include_pose/INCLUDE/Pose_Signs/Days_and_Time/70. Thursday/MVI_4606.pkl,data/processed/landmarks/include/THURSDAY/9484d583956a.npz,68,0.0,0.0,1.0,1.0,,
32d9a5c5cd5f,THURSDAY,include,video,,include:clip:32d9a5c5cd5f,data/external/include_pose/INCLUDE/Pose_Signs/Days_and_Time/70. Thursday/MVI_4604.pkl,data/processed/landmarks/include/THURSDAY/32d9a5c5cd5f.npz,62,0.0,0.0,1.0,1.0,,
87a6ea8d1f81,THURSDAY,include,video,,include:clip:87a6ea8d1f81,data/external/include_pose/INCLUDE/Pose_Signs/Days_and_Time/70. Thursday/MVI_4605.pkl,data/processed/landmarks/include/THURSDAY/87a6ea8d1f81.npz,58,0.0,0.0,1.0,1.0,,
fed51982b251,THURSDAY,include,video,,include:clip:fed51982b251,data/external/include_pose/INCLUDE/Pose_Signs/Days_and_Time/70. Thursday/MVI_5461.pkl,data/processed/landmarks/include/THURSDAY/fed51982b251.npz,52,0.0,0.0,1.0,1.0,,
559a5a17084c,THURSDAY,include,video,,include:clip:559a5a17084c,data/external/include_pose/INCLUDE/Pose_Signs/Days_and_Time/70. Thursday/MVI_5460.pkl,data/processed/landmarks/include/THURSDAY/559a5a17084c.npz,48,0.0,0.0,1.0,1.0,,
bc168c13e905,THURSDAY,include,video,,include:clip:bc168c13e905,data/external/include_pose/INCLUDE/Pose_Signs/Days_and_Time/70. Thursday/MVI_5458.pkl,data/processed/landmarks/include/THURSDAY/bc168c13e905.npz,53,0.0,0.0,1.0,1.0,,
90e20364a0c1,THURSDAY,include,video,,include:clip:90e20364a0c1,data/external/include_pose/INCLUDE/Pose_Signs/Days_and_Time/70. Thursday/MVI_5459.pkl,data/processed/landmarks/include/THURSDAY/90e20364a0c1.npz,49,0.0,0.0,1.0,1.0,,
080d5e92f85c,FRIDAY,include,video,,include:clip:080d5e92f85c,data/external/include_pose/INCLUDE/Pose_Signs/Days_and_Time/71. Friday/MVI_5026.pkl,data/processed/landmarks/include/FRIDAY/080d5e92f85c.npz,49,0.0,0.0,1.0,1.0,,
605232de3065,FRIDAY,include,video,,include:clip:605232de3065,data/external/include_pose/INCLUDE/Pose_Signs/Days_and_Time/71. Friday/MVI_5022.pkl,data/processed/landmarks/include/FRIDAY/605232de3065.npz,47,0.0,0.0,1.0,1.0,,
2ddc2607d9f7,FRIDAY,include,video,,include:clip:2ddc2607d9f7,data/external/include_pose/INCLUDE/Pose_Signs/Days_and_Time/71. Friday/MVI_5023.pkl,data/processed/landmarks/include/FRIDAY/2ddc2607d9f7.npz,48,0.0,0.0,1.0,1.0,,
8e93d82db497,FRIDAY,include,video,,include:clip:8e93d82db497,data/external/include_pose/INCLUDE/Pose_Signs/Days_and_Time/71. Friday/MVI_9155.pkl,data/processed/landmarks/include/FRIDAY/8e93d82db497.npz,63,0.0,0.0,1.0,1.0,,
acb455ef1450,FRIDAY,include,video,,include:clip:acb455ef1450,data/external/include_pose/INCLUDE/Pose_Signs/Days_and_Time/71. Friday/MVI_4607.pkl,data/processed/landmarks/include/FRIDAY/acb455ef1450.npz,56,0.0,0.0,1.0,1.0,,
6ab6d79daa51,FRIDAY,include,video,,include:clip:6ab6d79daa51,data/external/include_pose/INCLUDE/Pose_Signs/Days_and_Time/71. Friday/MVI_9154.pkl,data/processed/landmarks/include/FRIDAY/6ab6d79daa51.npz,78,0.0,0.0,1.0,1.0,,
acf70ccfa3d5,FRIDAY,include,video,,include:clip:acf70ccfa3d5,data/external/include_pose/INCLUDE/Pose_Signs/Days_and_Time/71. Friday/MVI_9156.pkl,data/processed/landmarks/include/FRIDAY/acf70ccfa3d5.npz,65,0.0,0.0,1.0,1.0,,
7f2a242e7484,FRIDAY,include,video,,include:clip:7f2a242e7484,data/external/include_pose/INCLUDE/Pose_Signs/Days_and_Time/71. Friday/MVI_4610.pkl,data/processed/landmarks/include/FRIDAY/7f2a242e7484.npz,55,0.0,0.0,1.0,1.0,,
619e4c9bccdf,FRIDAY,include,video,,include:clip:619e4c9bccdf,data/external/include_pose/INCLUDE/Pose_Signs/Days_and_Time/71. Friday/MVI_5462.pkl,data/processed/landmarks/include/FRIDAY/619e4c9bccdf.npz,46,0.0,0.0,1.0,1.0,,
c03c926faead,FRIDAY,include,video,,include:clip:c03c926faead,data/external/include_pose/INCLUDE/Pose_Signs/Days_and_Time/71. Friday/MVI_4608.pkl,data/processed/landmarks/include/FRIDAY/c03c926faead.npz,61,0.0,0.0,0.9836,1.0,,
52fbf91cdbcd,FRIDAY,include,video,,include:clip:52fbf91cdbcd,data/external/include_pose/INCLUDE/Pose_Signs/Days_and_Time/71. Friday/MVI_5463.pkl,data/processed/landmarks/include/FRIDAY/52fbf91cdbcd.npz,54,0.0,0.0,1.0,1.0,,
30b000a6288a,FRIDAY,include,video,,include:clip:30b000a6288a,data/external/include_pose/INCLUDE/Pose_Signs/Days_and_Time/71. Friday/MVI_5464.pkl,data/processed/landmarks/include/FRIDAY/30b000a6288a.npz,52,0.0,0.0,1.0,1.0,,
7bed2b45ae8c,FRIDAY,include,video,,include:clip:7bed2b45ae8c,data/external/include_pose/INCLUDE/Pose_Signs/Days_and_Time/71. Friday/MVI_5465.pkl,data/processed/landmarks/include/FRIDAY/7bed2b45ae8c.npz,54,0.0,0.0,1.0,1.0,,
c199bca23a6b,AFTERNOON,include,video,,include:clip:c199bca23a6b,data/external/include_pose/INCLUDE/Pose_Signs/Days_and_Time/83. Afternoon/MVI_4658.pkl,data/processed/landmarks/include/AFTERNOON/c199bca23a6b.npz,48,0.0,0.0,1.0,1.0,,
386eb40a48e3,AFTERNOON,include,video,,include:clip:386eb40a48e3,data/external/include_pose/INCLUDE/Pose_Signs/Days_and_Time/83. Afternoon/MVI_9191.pkl,data/processed/landmarks/include/AFTERNOON/386eb40a48e3.npz,54,0.0,0.0,1.0,1.0,,
5b7a5ca9ef25,AFTERNOON,include,video,,include:clip:5b7a5ca9ef25,data/external/include_pose/INCLUDE/Pose_Signs/Days_and_Time/83. Afternoon/MVI_9193.pkl,data/processed/landmarks/include/AFTERNOON/5b7a5ca9ef25.npz,62,0.0,0.0,1.0,1.0,,
4858934c7f0b,AFTERNOON,include,video,,include:clip:4858934c7f0b,data/external/include_pose/INCLUDE/Pose_Signs/Days_and_Time/83. Afternoon/MVI_9192.pkl,data/processed/landmarks/include/AFTERNOON/4858934c7f0b.npz,57,0.0,0.0,1.0,1.0,,
4e43f5de5389,AFTERNOON,include,video,,include:clip:4e43f5de5389,data/external/include_pose/INCLUDE/Pose_Signs/Days_and_Time/83. Afternoon/MVI_5065.pkl,data/processed/landmarks/include/AFTERNOON/4e43f5de5389.npz,50,0.0,0.0,1.0,1.0,,
33d641ebd125,AFTERNOON,include,video,,include:clip:33d641ebd125,data/external/include_pose/INCLUDE/Pose_Signs/Days_and_Time/83. Afternoon/MVI_5064.pkl,data/processed/landmarks/include/AFTERNOON/33d641ebd125.npz,48,0.0,0.0,1.0,1.0,,
0e6e10a0fcc2,AFTERNOON,include,video,,include:clip:0e6e10a0fcc2,data/external/include_pose/INCLUDE/Pose_Signs/Days_and_Time/83. Afternoon/MVI_5511.pkl,data/processed/landmarks/include/AFTERNOON/0e6e10a0fcc2.npz,40,0.0,0.0,1.0,1.0,,
5e1a43efa38a,AFTERNOON,include,video,,include:clip:5e1a43efa38a,data/external/include_pose/INCLUDE/Pose_Signs/Days_and_Time/83. Afternoon/MVI_5063.pkl,data/processed/landmarks/include/AFTERNOON/5e1a43efa38a.npz,52,0.0,0.0,1.0,1.0,,
1df4ae86c0e6,AFTERNOON,include,video,,include:clip:1df4ae86c0e6,data/external/include_pose/INCLUDE/Pose_Signs/Days_and_Time/83. Afternoon/MVI_5513.pkl,data/processed/landmarks/include/AFTERNOON/1df4ae86c0e6.npz,38,0.0,0.0,1.0,1.0,,
669fc806a7d1,AFTERNOON,include,video,,include:clip:669fc806a7d1,data/external/include_pose/INCLUDE/Pose_Signs/Days_and_Time/83. Afternoon/MVI_5512.pkl,data/processed/landmarks/include/AFTERNOON/669fc806a7d1.npz,42,0.0,0.0,1.0,1.0,,
e4dacbca46fc,AFTERNOON,include,video,,include:clip:e4dacbca46fc,data/external/include_pose/INCLUDE/Pose_Signs/Days_and_Time/83. Afternoon/MVI_4657.pkl,data/processed/landmarks/include/AFTERNOON/e4dacbca46fc.npz,51,0.0,0.0,0.9804,1.0,,
400e98df1c39,AFTERNOON,include,video,,include:clip:400e98df1c39,data/external/include_pose/INCLUDE/Pose_Signs/Days_and_Time/83. Afternoon/MVI_4656.pkl,data/processed/landmarks/include/AFTERNOON/400e98df1c39.npz,47,0.0,0.0,1.0,1.0,,
bdd3c87947e2,AFTERNOON,include,video,,include:clip:bdd3c87947e2,data/external/include_pose/INCLUDE/Pose_Signs/Days_and_Time/83. Afternoon/MVI_4655.pkl,data/processed/landmarks/include/AFTERNOON/bdd3c87947e2.npz,46,0.0,0.0,0.9783,1.0,,
ee3000c5978a,NIGHT,include,video,,include:clip:ee3000c5978a,data/external/include_pose/INCLUDE/Pose_Signs/Days_and_Time/85. Night/MVI_4663.pkl,data/processed/landmarks/include/NIGHT/ee3000c5978a.npz,54,0.0,0.0,0.9444,1.0,,
a9f50687a34b,NIGHT,include,video,,include:clip:a9f50687a34b,data/external/include_pose/INCLUDE/Pose_Signs/Days_and_Time/85. Night/MVI_4664.pkl,data/processed/landmarks/include/NIGHT/a9f50687a34b.npz,55,0.0,0.0,0.9455,1.0,,
dbef5176007e,NIGHT,include,video,,include:clip:dbef5176007e,data/external/include_pose/INCLUDE/Pose_Signs/Days_and_Time/85. Night/MVI_4665.pkl,data/processed/landmarks/include/NIGHT/dbef5176007e.npz,55,0.0,0.0,0.9455,1.0,,
dc4dbdaad632,NIGHT,include,video,,include:clip:dc4dbdaad632,data/external/include_pose/INCLUDE/Pose_Signs/Days_and_Time/85. Night/MVI_5523.pkl,data/processed/landmarks/include/NIGHT/dc4dbdaad632.npz,43,0.0,0.0,1.0,1.0,,
e0678021318d,NIGHT,include,video,,include:clip:e0678021318d,data/external/include_pose/INCLUDE/Pose_Signs/Days_and_Time/85. Night/MVI_5522.pkl,data/processed/landmarks/include/NIGHT/e0678021318d.npz,37,0.0,0.0,1.0,1.0,,
78b4d47d0f64,NIGHT,include,video,,include:clip:78b4d47d0f64,data/external/include_pose/INCLUDE/Pose_Signs/Days_and_Time/85. Night/MVI_5520.pkl,data/processed/landmarks/include/NIGHT/78b4d47d0f64.npz,38,0.0,0.0,1.0,1.0,,
e3a0920005b5,NIGHT,include,video,,include:clip:e3a0920005b5,data/external/include_pose/INCLUDE/Pose_Signs/Days_and_Time/85. Night/MVI_5521.pkl,data/processed/landmarks/include/NIGHT/e3a0920005b5.npz,35,0.0,0.0,1.0,1.0,,
cee9cc101622,NIGHT,include,video,,include:clip:cee9cc101622,data/external/include_pose/INCLUDE/Pose_Signs/Days_and_Time/85. Night/MVI_9197.pkl,data/processed/landmarks/include/NIGHT/cee9cc101622.npz,61,0.0,0.0,1.0,1.0,,
9d5c164836c3,NIGHT,include,video,,include:clip:9d5c164836c3,data/external/include_pose/INCLUDE/Pose_Signs/Days_and_Time/85. Night/MVI_9199.pkl,data/processed/landmarks/include/NIGHT/9d5c164836c3.npz,61,0.0,0.0,1.0,1.0,,
556927a5c9d3,NIGHT,include,video,,include:clip:556927a5c9d3,data/external/include_pose/INCLUDE/Pose_Signs/Days_and_Time/85. Night/MVI_5073.pkl,data/processed/landmarks/include/NIGHT/556927a5c9d3.npz,44,0.0,0.0,1.0,1.0,,
a36975e3d758,NIGHT,include,video,,include:clip:a36975e3d758,data/external/include_pose/INCLUDE/Pose_Signs/Days_and_Time/85. Night/MVI_9198.pkl,data/processed/landmarks/include/NIGHT/a36975e3d758.npz,65,0.0,0.0,1.0,1.0,,
b0554decd516,NIGHT,include,video,,include:clip:b0554decd516,data/external/include_pose/INCLUDE/Pose_Signs/Days_and_Time/85. Night/MVI_5074.pkl,data/processed/landmarks/include/NIGHT/b0554decd516.npz,40,0.0,0.0,1.0,1.0,,
2232b4efc1fc,NIGHT,include,video,,include:clip:2232b4efc1fc,data/external/include_pose/INCLUDE/Pose_Signs/Days_and_Time/85. Night/MVI_9200.pkl,data/processed/landmarks/include/NIGHT/2232b4efc1fc.npz,63,0.0,0.0,1.0,1.0,,
12b144a9bdd4,NIGHT,include,video,,include:clip:12b144a9bdd4,data/external/include_pose/INCLUDE/Pose_Signs/Days_and_Time/85. Night/MVI_5076.pkl,data/processed/landmarks/include/NIGHT/12b144a9bdd4.npz,43,0.0,0.0,1.0,1.0,,
b212cc4f1f2b,TODAY,include,video,,include:clip:b212cc4f1f2b,data/external/include_pose/INCLUDE/Pose_Signs/Days_and_Time/73. Today/MVI_5031.pkl,data/processed/landmarks/include/TODAY/b212cc4f1f2b.npz,47,0.0,0.0,1.0,1.0,,
8866fbe3356d,TODAY,include,video,,include:clip:8866fbe3356d,data/external/include_pose/INCLUDE/Pose_Signs/Days_and_Time/73. Today/MVI_5033.pkl,data/processed/landmarks/include/TODAY/8866fbe3356d.npz,46,0.0,0.0,1.0,1.0,,
e3e8a839d4d6,TODAY,include,video,,include:clip:e3e8a839d4d6,data/external/include_pose/INCLUDE/Pose_Signs/Days_and_Time/73. Today/MVI_5032.pkl,data/processed/landmarks/include/TODAY/e3e8a839d4d6.npz,41,0.0,0.0,1.0,1.0,,
7d1f46a22093,TODAY,include,video,,include:clip:7d1f46a22093,data/external/include_pose/INCLUDE/Pose_Signs/Days_and_Time/73. Today/MVI_4615.pkl,data/processed/landmarks/include/TODAY/7d1f46a22093.npz,62,0.0,0.0,1.0,1.0,,
265192b5684e,TODAY,include,video,,include:clip:265192b5684e,data/external/include_pose/INCLUDE/Pose_Signs/Days_and_Time/73. Today/MVI_4617.pkl,data/processed/landmarks/include/TODAY/265192b5684e.npz,48,0.0,0.0,1.0,1.0,,
55484fa4c5bb,TODAY,include,video,,include:clip:55484fa4c5bb,data/external/include_pose/INCLUDE/Pose_Signs/Days_and_Time/73. Today/MVI_5470.pkl,data/processed/landmarks/include/TODAY/55484fa4c5bb.npz,44,0.0,0.0,1.0,1.0,,
87e0779f95f5,TODAY,include,video,,include:clip:87e0779f95f5,data/external/include_pose/INCLUDE/Pose_Signs/Days_and_Time/73. Today/MVI_9160.pkl,data/processed/landmarks/include/TODAY/87e0779f95f5.npz,69,0.0,0.0,1.0,1.0,,
93fb4fa506b0,TODAY,include,video,,include:clip:93fb4fa506b0,data/external/include_pose/INCLUDE/Pose_Signs/Days_and_Time/73. Today/MVI_9161.pkl,data/processed/landmarks/include/TODAY/93fb4fa506b0.npz,68,0.0,0.0,1.0,1.0,,
ed5c6516f697,TODAY,include,video,,include:clip:ed5c6516f697,data/external/include_pose/INCLUDE/Pose_Signs/Days_and_Time/73. Today/MVI_5471.pkl,data/processed/landmarks/include/TODAY/ed5c6516f697.npz,48,0.0,0.0,1.0,1.0,,
76d1f27c984d,TODAY,include,video,,include:clip:76d1f27c984d,data/external/include_pose/INCLUDE/Pose_Signs/Days_and_Time/73. Today/MVI_5473.pkl,data/processed/landmarks/include/TODAY/76d1f27c984d.npz,41,0.0,0.0,1.0,1.0,,
8c214daf57ca,TODAY,include,video,,include:clip:8c214daf57ca,data/external/include_pose/INCLUDE/Pose_Signs/Days_and_Time/73. Today/MVI_4618.pkl,data/processed/landmarks/include/TODAY/8c214daf57ca.npz,45,0.0,0.0,0.9111,1.0,,
4398680b9fb4,TODAY,include,video,,include:clip:4398680b9fb4,data/external/include_pose/INCLUDE/Pose_Signs/Days_and_Time/73. Today/MVI_9162.pkl,data/processed/landmarks/include/TODAY/4398680b9fb4.npz,60,0.0,0.0,1.0,1.0,,
dda19fc6b32a,TODAY,include,video,,include:clip:dda19fc6b32a,data/external/include_pose/INCLUDE/Pose_Signs/Days_and_Time/73. Today/MVI_5472.pkl,data/processed/landmarks/include/TODAY/dda19fc6b32a.npz,52,0.0,0.0,1.0,1.0,,
f54bd83c7123,MONDAY,include,video,,include:clip:f54bd83c7123,data/external/include_pose/INCLUDE/Pose_Signs/Days_and_Time/67. Monday/MVI_5009.pkl,data/processed/landmarks/include/MONDAY/f54bd83c7123.npz,47,0.0,0.0,0.9149,1.0,,
5a91cbaeaa13,MONDAY,include,video,,include:clip:5a91cbaeaa13,data/external/include_pose/INCLUDE/Pose_Signs/Days_and_Time/67. Monday/MVI_9144.pkl,data/processed/landmarks/include/MONDAY/5a91cbaeaa13.npz,58,0.0,0.0,0.931,1.0,,
40c79c9269f9,MONDAY,include,video,,include:clip:40c79c9269f9,data/external/include_pose/INCLUDE/Pose_Signs/Days_and_Time/67. Monday/MVI_5446.pkl,data/processed/landmarks/include/MONDAY/40c79c9269f9.npz,52,0.0,0.0,0.9423,1.0,,
db4657cee140,MONDAY,include,video,,include:clip:db4657cee140,data/external/include_pose/INCLUDE/Pose_Signs/Days_and_Time/67. Monday/MVI_9142.pkl,data/processed/landmarks/include/MONDAY/db4657cee140.npz,63,0.0,0.0,0.9365,1.0,,
2b124330d810,MONDAY,include,video,,include:clip:2b124330d810,data/external/include_pose/INCLUDE/Pose_Signs/Days_and_Time/67. Monday/MVI_9143.pkl,data/processed/landmarks/include/MONDAY/2b124330d810.npz,70,0.0,0.0,0.9714,1.0,,
151cc868850b,MONDAY,include,video,,include:clip:151cc868850b,data/external/include_pose/INCLUDE/Pose_Signs/Days_and_Time/67. Monday/MVI_5447.pkl,data/processed/landmarks/include/MONDAY/151cc868850b.npz,53,0.0,0.0,0.9434,1.0,,
59a2c80c21dc,MONDAY,include,video,,include:clip:59a2c80c21dc,data/external/include_pose/INCLUDE/Pose_Signs/Days_and_Time/67. Monday/MVI_5449.pkl,data/processed/landmarks/include/MONDAY/59a2c80c21dc.npz,51,0.0,0.0,0.902,1.0,,
1fa8a6e3b8fe,MONDAY,include,video,,include:clip:1fa8a6e3b8fe,data/external/include_pose/INCLUDE/Pose_Signs/Days_and_Time/67. Monday/MVI_5448.pkl,data/processed/landmarks/include/MONDAY/1fa8a6e3b8fe.npz,54,0.0,0.0,0.9259,1.0,,
51ee267deb30,MONDAY,include,video,,include:clip:51ee267deb30,data/external/include_pose/INCLUDE/Pose_Signs/Days_and_Time/67. Monday/MVI_4593.pkl,data/processed/landmarks/include/MONDAY/51ee267deb30.npz,60,0.0,0.0,0.8833,1.0,,
3b5d786b7a1b,MONDAY,include,video,,include:clip:3b5d786b7a1b,data/external/include_pose/INCLUDE/Pose_Signs/Days_and_Time/67. Monday/MVI_4592.pkl,data/processed/landmarks/include/MONDAY/3b5d786b7a1b.npz,54,0.0,0.0,0.8704,1.0,,
00e8c37f3ed9,MONDAY,include,video,,include:clip:00e8c37f3ed9,data/external/include_pose/INCLUDE/Pose_Signs/Days_and_Time/67. Monday/MVI_4591.pkl,data/processed/landmarks/include/MONDAY/00e8c37f3ed9.npz,57,0.0,0.0,0.8947,1.0,,
9dbdee9fdf7a,MONDAY,include,video,,include:clip:9dbdee9fdf7a,data/external/include_pose/INCLUDE/Pose_Signs/Days_and_Time/67. Monday/MVI_5011.pkl,data/processed/landmarks/include/MONDAY/9dbdee9fdf7a.npz,54,0.0,0.0,0.8889,1.0,,
839d6d3c1066,MONDAY,include,video,,include:clip:839d6d3c1066,data/external/include_pose/INCLUDE/Pose_Signs/Days_and_Time/67. Monday/MVI_5010.pkl,data/processed/landmarks/include/MONDAY/839d6d3c1066.npz,47,0.0,0.0,0.8723,1.0,,
a5bbfcd5dc0e,WEEK,include,video,,include:clip:a5bbfcd5dc0e,data/external/include_pose/INCLUDE/Pose_Signs/Days_and_Time/76. Week/MVI_4629.pkl,data/processed/landmarks/include/WEEK/a5bbfcd5dc0e.npz,58,0.0,0.0,0.8103,1.0,,
4e459e2d3b3f,WEEK,include,video,,include:clip:4e459e2d3b3f,data/external/include_pose/INCLUDE/Pose_Signs/Days_and_Time/76. Week/MVI_4628.pkl,data/processed/landmarks/include/WEEK/4e459e2d3b3f.npz,69,0.0,0.0,0.8986,1.0,,
d7950e31fc5e,WEEK,include,video,,include:clip:d7950e31fc5e,data/external/include_pose/INCLUDE/Pose_Signs/Days_and_Time/76. Week/MVI_5482.pkl,data/processed/landmarks/include/WEEK/d7950e31fc5e.npz,46,0.0,0.0,0.8043,1.0,,
a1b706efe7f1,WEEK,include,video,,include:clip:a1b706efe7f1,data/external/include_pose/INCLUDE/Pose_Signs/Days_and_Time/76. Week/MVI_9169.pkl,data/processed/landmarks/include/WEEK/a1b706efe7f1.npz,71,0.0,0.0,0.8732,1.0,,
9f8c0a9492ef,WEEK,include,video,,include:clip:9f8c0a9492ef,data/external/include_pose/INCLUDE/Pose_Signs/Days_and_Time/76. Week/MVI_5486.pkl,data/processed/landmarks/include/WEEK/9f8c0a9492ef.npz,42,0.0,0.0,0.7381,1.0,,
4b0c8b5ba4ea,WEEK,include,video,,include:clip:4b0c8b5ba4ea,data/external/include_pose/INCLUDE/Pose_Signs/Days_and_Time/76. Week/MVI_5041.pkl,data/processed/landmarks/include/WEEK/4b0c8b5ba4ea.npz,53,0.0,0.0,0.8302,1.0,,
7f60c329cbb6,WEEK,include,video,,include:clip:7f60c329cbb6,data/external/include_pose/INCLUDE/Pose_Signs/Days_and_Time/76. Week/MVI_5485.pkl,data/processed/landmarks/include/WEEK/7f60c329cbb6.npz,47,0.0,0.0,0.9149,1.0,,
ad5dee845f64,WEEK,include,video,,include:clip:ad5dee845f64,data/external/include_pose/INCLUDE/Pose_Signs/Days_and_Time/76. Week/MVI_5042.pkl,data/processed/landmarks/include/WEEK/ad5dee845f64.npz,50,0.0,0.0,0.8,1.0,,
9aac58dea20d,WEEK,include,video,,include:clip:9aac58dea20d,data/external/include_pose/INCLUDE/Pose_Signs/Days_and_Time/76. Week/MVI_5043.pkl,data/processed/landmarks/include/WEEK/9aac58dea20d.npz,49,0.0,0.0,0.8367,1.0,,
6902854ba102,WEEK,include,video,,include:clip:6902854ba102,data/external/include_pose/INCLUDE/Pose_Signs/Days_and_Time/76. Week/MVI_9171.pkl,data/processed/landmarks/include/WEEK/6902854ba102.npz,69,0.0,0.0,0.8696,1.0,,
9e60131a0eec,WEEK,include,video,,include:clip:9e60131a0eec,data/external/include_pose/INCLUDE/Pose_Signs/Days_and_Time/76. Week/MVI_9170.pkl,data/processed/landmarks/include/WEEK/9e60131a0eec.npz,64,0.0,0.0,0.9219,1.0,,
1680d34e19ac,WEEK,include,video,,include:clip:1680d34e19ac,data/external/include_pose/INCLUDE/Pose_Signs/Days_and_Time/76. Week/MVI_4627.pkl,data/processed/landmarks/include/WEEK/1680d34e19ac.npz,71,0.0,0.0,0.7887,1.0,,
ce3c2da07a64,WEEK,include,video,,include:clip:ce3c2da07a64,data/external/include_pose/INCLUDE/Pose_Signs/Days_and_Time/76. Week/MVI_4630.pkl,data/processed/landmarks/include/WEEK/ce3c2da07a64.npz,56,0.0,0.0,0.75,1.0,,
721ab7d8c25f,HOUR,include,video,,include:clip:721ab7d8c25f,data/external/include_pose/INCLUDE/Pose_Signs/Days_and_Time/79. Hour/MVI_5052.pkl,data/processed/landmarks/include/HOUR/721ab7d8c25f.npz,52,0.0,0.0,0.9038,1.0,,
449ddcd1d3d8,HOUR,include,video,,include:clip:449ddcd1d3d8,data/external/include_pose/INCLUDE/Pose_Signs/Days_and_Time/79. Hour/MVI_5495.pkl,data/processed/landmarks/include/HOUR/449ddcd1d3d8.npz,45,0.0,0.0,1.0,1.0,,
49119e92ec5b,HOUR,include,video,,include:clip:49119e92ec5b,data/external/include_pose/INCLUDE/Pose_Signs/Days_and_Time/79. Hour/MVI_5497.pkl,data/processed/landmarks/include/HOUR/49119e92ec5b.npz,51,0.0,0.0,0.9804,1.0,,
46460c07db71,HOUR,include,video,,include:clip:46460c07db71,data/external/include_pose/INCLUDE/Pose_Signs/Days_and_Time/79. Hour/MVI_5050.pkl,data/processed/landmarks/include/HOUR/46460c07db71.npz,49,0.0,0.0,0.7755,1.0,,
18cf1b7119a2,HOUR,include,video,,include:clip:18cf1b7119a2,data/external/include_pose/INCLUDE/Pose_Signs/Days_and_Time/79. Hour/MVI_5051.pkl,data/processed/landmarks/include/HOUR/18cf1b7119a2.npz,51,0.0,0.0,0.902,1.0,,
3add26fd7d9c,HOUR,include,video,,include:clip:3add26fd7d9c,data/external/include_pose/INCLUDE/Pose_Signs/Days_and_Time/79. Hour/MVI_9179.pkl,data/processed/landmarks/include/HOUR/3add26fd7d9c.npz,66,0.0,0.0,0.9848,1.0,,
a5cd150774b6,HOUR,include,video,,include:clip:a5cd150774b6,data/external/include_pose/INCLUDE/Pose_Signs/Days_and_Time/79. Hour/MVI_5496.pkl,data/processed/landmarks/include/HOUR/a5cd150774b6.npz,52,0.0,0.0,1.0,1.0,,
2864adc48b7d,HOUR,include,video,,include:clip:2864adc48b7d,data/external/include_pose/INCLUDE/Pose_Signs/Days_and_Time/79. Hour/MVI_9181.pkl,data/processed/landmarks/include/HOUR/2864adc48b7d.npz,61,0.0,0.0,0.9836,1.0,,
c650361ea9d0,HOUR,include,video,,include:clip:c650361ea9d0,data/external/include_pose/INCLUDE/Pose_Signs/Days_and_Time/79. Hour/MVI_9180.pkl,data/processed/landmarks/include/HOUR/c650361ea9d0.npz,67,0.0,0.0,0.9701,1.0,,
e9976b9d517d,HOUR,include,video,,include:clip:e9976b9d517d,data/external/include_pose/INCLUDE/Pose_Signs/Days_and_Time/79. Hour/MVI_5498.pkl,data/processed/landmarks/include/HOUR/e9976b9d517d.npz,47,0.0,0.0,1.0,1.0,,
b9a6381ce807,HOUR,include,video,,include:clip:b9a6381ce807,data/external/include_pose/INCLUDE/Pose_Signs/Days_and_Time/79. Hour/MVI_4642.pkl,data/processed/landmarks/include/HOUR/b9a6381ce807.npz,67,0.0,0.0,0.9254,1.0,,
bad1c55a2ee7,HOUR,include,video,,include:clip:bad1c55a2ee7,data/external/include_pose/INCLUDE/Pose_Signs/Days_and_Time/79. Hour/MVI_4640.pkl,data/processed/landmarks/include/HOUR/bad1c55a2ee7.npz,58,0.0,0.0,0.9483,1.0,,
4c8bbafcfd7a,HOUR,include,video,,include:clip:4c8bbafcfd7a,data/external/include_pose/INCLUDE/Pose_Signs/Days_and_Time/79. Hour/MVI_4641.pkl,data/processed/landmarks/include/HOUR/4c8bbafcfd7a.npz,54,0.0,0.0,0.9444,1.0,,
54cb732a1e05,SATURDAY,include,video,,include:clip:54cb732a1e05,data/external/include_pose/INCLUDE/Pose_Signs/Days_and_Time/72. Saturday/MVI_5030.pkl,data/processed/landmarks/include/SATURDAY/54cb732a1e05.npz,47,0.0,0.0,1.0,1.0,,
e0a406442f34,SATURDAY,include,video,,include:clip:e0a406442f34,data/external/include_pose/INCLUDE/Pose_Signs/Days_and_Time/72. Saturday/MVI_5027.pkl,data/processed/landmarks/include/SATURDAY/e0a406442f34.npz,44,0.0,0.0,1.0,1.0,,
4f359b25576f,SATURDAY,include,video,,include:clip:4f359b25576f,data/external/include_pose/INCLUDE/Pose_Signs/Days_and_Time/72. Saturday/MVI_4614.pkl,data/processed/landmarks/include/SATURDAY/4f359b25576f.npz,60,0.0,0.0,1.0,1.0,,
00c6a01f3568,SATURDAY,include,video,,include:clip:00c6a01f3568,data/external/include_pose/INCLUDE/Pose_Signs/Days_and_Time/72. Saturday/MVI_5468.pkl,data/processed/landmarks/include/SATURDAY/00c6a01f3568.npz,53,0.0,0.0,1.0,1.0,,
725279bddf53,SATURDAY,include,video,,include:clip:725279bddf53,data/external/include_pose/INCLUDE/Pose_Signs/Days_and_Time/72. Saturday/MVI_5469.pkl,data/processed/landmarks/include/SATURDAY/725279bddf53.npz,52,0.0,0.0,1.0,1.0,,
9b0ba9c584b7,SATURDAY,include,video,,include:clip:9b0ba9c584b7,data/external/include_pose/INCLUDE/Pose_Signs/Days_and_Time/72. Saturday/MVI_4613.pkl,data/processed/landmarks/include/SATURDAY/9b0ba9c584b7.npz,55,0.0,0.0,1.0,1.0,,
a5d4dd4f63c0,SATURDAY,include,video,,include:clip:a5d4dd4f63c0,data/external/include_pose/INCLUDE/Pose_Signs/Days_and_Time/72. Saturday/MVI_4612.pkl,data/processed/landmarks/include/SATURDAY/a5d4dd4f63c0.npz,58,0.0,0.0,1.0,1.0,,
e9c90c66095e,SATURDAY,include,video,,include:clip:e9c90c66095e,data/external/include_pose/INCLUDE/Pose_Signs/Days_and_Time/72. Saturday/MVI_4611.pkl,data/processed/landmarks/include/SATURDAY/e9c90c66095e.npz,61,0.0,0.0,1.0,1.0,,
697333f159c8,SATURDAY,include,video,,include:clip:697333f159c8,data/external/include_pose/INCLUDE/Pose_Signs/Days_and_Time/72. Saturday/MVI_9157.pkl,data/processed/landmarks/include/SATURDAY/697333f159c8.npz,63,0.0,0.0,1.0,1.0,,
c14cec840d6b,SATURDAY,include,video,,include:clip:c14cec840d6b,data/external/include_pose/INCLUDE/Pose_Signs/Days_and_Time/72. Saturday/MVI_9159.pkl,data/processed/landmarks/include/SATURDAY/c14cec840d6b.npz,68,0.0,0.0,1.0,1.0,,
fc6ec731bb0e,SATURDAY,include,video,,include:clip:fc6ec731bb0e,data/external/include_pose/INCLUDE/Pose_Signs/Days_and_Time/72. Saturday/MVI_5467.pkl,data/processed/landmarks/include/SATURDAY/fc6ec731bb0e.npz,50,0.0,0.0,1.0,1.0,,
82f07617d401,SATURDAY,include,video,,include:clip:82f07617d401,data/external/include_pose/INCLUDE/Pose_Signs/Days_and_Time/72. Saturday/MVI_5466.pkl,data/processed/landmarks/include/SATURDAY/82f07617d401.npz,57,0.0,0.0,1.0,1.0,,
8b2d4d423f13,SATURDAY,include,video,,include:clip:8b2d4d423f13,data/external/include_pose/INCLUDE/Pose_Signs/Days_and_Time/72. Saturday/MVI_5028.pkl,data/processed/landmarks/include/SATURDAY/8b2d4d423f13.npz,49,0.0,0.0,1.0,1.0,,
b6acc94f5e18,YESTERDAY,include,video,,include:clip:b6acc94f5e18,data/external/include_pose/INCLUDE/Pose_Signs/Days_and_Time/75. Yesterday/MVI_5037.pkl,data/processed/landmarks/include/YESTERDAY/b6acc94f5e18.npz,51,0.0,0.0,1.0,1.0,,
ebd20b85c3c4,YESTERDAY,include,video,,include:clip:ebd20b85c3c4,data/external/include_pose/INCLUDE/Pose_Signs/Days_and_Time/75. Yesterday/MVI_5480.pkl,data/processed/landmarks/include/YESTERDAY/ebd20b85c3c4.npz,42,0.0,0.0,1.0,1.0,,
90040d4ff0c4,YESTERDAY,include,video,,include:clip:90040d4ff0c4,data/external/include_pose/INCLUDE/Pose_Signs/Days_and_Time/75. Yesterday/MVI_5481.pkl,data/processed/landmarks/include/YESTERDAY/90040d4ff0c4.npz,44,0.0,0.0,1.0,1.0,,
8c01592da31f,YESTERDAY,include,video,,include:clip:8c01592da31f,data/external/include_pose/INCLUDE/Pose_Signs/Days_and_Time/75. Yesterday/MVI_5479.pkl,data/processed/landmarks/include/YESTERDAY/8c01592da31f.npz,43,0.0,0.0,1.0,1.0,,
0f3c098256a1,YESTERDAY,include,video,,include:clip:0f3c098256a1,data/external/include_pose/INCLUDE/Pose_Signs/Days_and_Time/75. Yesterday/MVI_5040.pkl,data/processed/landmarks/include/YESTERDAY/0f3c098256a1.npz,46,0.0,0.0,1.0,1.0,,
b17fef9a87e6,YESTERDAY,include,video,,include:clip:b17fef9a87e6,data/external/include_pose/INCLUDE/Pose_Signs/Days_and_Time/75. Yesterday/MVI_9168.pkl,data/processed/landmarks/include/YESTERDAY/b17fef9a87e6.npz,70,0.0,0.0,1.0,1.0,,
ddecda86b371,YESTERDAY,include,video,,include:clip:ddecda86b371,data/external/include_pose/INCLUDE/Pose_Signs/Days_and_Time/75. Yesterday/MVI_5478.pkl,data/processed/landmarks/include/YESTERDAY/ddecda86b371.npz,40,0.0,0.0,1.0,1.0,,
25465dcff436,YESTERDAY,include,video,,include:clip:25465dcff436,data/external/include_pose/INCLUDE/Pose_Signs/Days_and_Time/75. Yesterday/MVI_9166.pkl,data/processed/landmarks/include/YESTERDAY/25465dcff436.npz,60,0.0,0.0,1.0,1.0,,
295645fae07f,YESTERDAY,include,video,,include:clip:295645fae07f,data/external/include_pose/INCLUDE/Pose_Signs/Days_and_Time/75. Yesterday/MVI_9167.pkl,data/processed/landmarks/include/YESTERDAY/295645fae07f.npz,68,0.0,0.0,1.0,1.0,,
1da7d4b44435,YESTERDAY,include,video,,include:clip:1da7d4b44435,data/external/include_pose/INCLUDE/Pose_Signs/Days_and_Time/75. Yesterday/MVI_4623.pkl,data/processed/landmarks/include/YESTERDAY/1da7d4b44435.npz,50,0.0,0.0,1.0,1.0,,
66499672f585,YESTERDAY,include,video,,include:clip:66499672f585,data/external/include_pose/INCLUDE/Pose_Signs/Days_and_Time/75. Yesterday/MVI_4626.pkl,data/processed/landmarks/include/YESTERDAY/66499672f585.npz,45,0.0,0.0,1.0,1.0,,
1068f8d6f87a,YESTERDAY,include,video,,include:clip:1068f8d6f87a,data/external/include_pose/INCLUDE/Pose_Signs/Days_and_Time/75. Yesterday/MVI_4625.pkl,data/processed/landmarks/include/YESTERDAY/1068f8d6f87a.npz,51,0.0,0.0,1.0,1.0,,
25bcd7d9bffc,YESTERDAY,include,video,,include:clip:25bcd7d9bffc,data/external/include_pose/INCLUDE/Pose_Signs/Days_and_Time/75. Yesterday/MVI_5038.pkl,data/processed/landmarks/include/YESTERDAY/25bcd7d9bffc.npz,51,0.0,0.0,1.0,1.0,,
48522d6b1bc9,TIME,include,video,,include:clip:48522d6b1bc9,data/external/include_pose/INCLUDE/Pose_Signs/Days_and_Time/86. Time/MVI_4670.pkl,data/processed/landmarks/include/TIME/48522d6b1bc9.npz,66,0.0,0.0,0.9242,1.0,,
871fab8e97ae,TIME,include,video,,include:clip:871fab8e97ae,data/external/include_pose/INCLUDE/Pose_Signs/Days_and_Time/86. Time/MVI_4667.pkl,data/processed/landmarks/include/TIME/871fab8e97ae.npz,58,0.0,0.0,0.9483,1.0,,
7b9ecca5a9ec,TIME,include,video,,include:clip:7b9ecca5a9ec,data/external/include_pose/INCLUDE/Pose_Signs/Days_and_Time/86. Time/MVI_5078.pkl,data/processed/landmarks/include/TIME/7b9ecca5a9ec.npz,44,0.0,0.0,0.8636,1.0,,
e3f6afd36521,TIME,include,video,,include:clip:e3f6afd36521,data/external/include_pose/INCLUDE/Pose_Signs/Days_and_Time/86. Time/MVI_5079.pkl,data/processed/landmarks/include/TIME/e3f6afd36521.npz,42,0.0,0.0,0.9762,1.0,,
6da91412a407,TIME,include,video,,include:clip:6da91412a407,data/external/include_pose/INCLUDE/Pose_Signs/Days_and_Time/86. Time/MVI_5525.pkl,data/processed/landmarks/include/TIME/6da91412a407.npz,42,0.0,0.0,0.9762,1.0,,
2159c3dfb917,TIME,include,video,,include:clip:2159c3dfb917,data/external/include_pose/INCLUDE/Pose_Signs/Days_and_Time/86. Time/MVI_5524.pkl,data/processed/landmarks/include/TIME/2159c3dfb917.npz,38,0.0,0.0,0.9211,1.0,,
a6b63e9e10e2,TIME,include,video,,include:clip:a6b63e9e10e2,data/external/include_pose/INCLUDE/Pose_Signs/Days_and_Time/86. Time/MVI_5526.pkl,data/processed/landmarks/include/TIME/a6b63e9e10e2.npz,43,0.0,0.0,1.0,1.0,,
719ff921c4cb,TIME,include,video,,include:clip:719ff921c4cb,data/external/include_pose/INCLUDE/Pose_Signs/Days_and_Time/86. Time/MVI_5527.pkl,data/processed/landmarks/include/TIME/719ff921c4cb.npz,41,0.0,0.0,0.9756,1.0,,
c222c514b3f4,TIME,include,video,,include:clip:c222c514b3f4,data/external/include_pose/INCLUDE/Pose_Signs/Days_and_Time/86. Time/MVI_9204.pkl,data/processed/landmarks/include/TIME/c222c514b3f4.npz,57,0.0,0.0,0.9474,1.0,,
4fe259f1e30a,TIME,include,video,,include:clip:4fe259f1e30a,data/external/include_pose/INCLUDE/Pose_Signs/Days_and_Time/86. Time/MVI_9203.pkl,data/processed/landmarks/include/TIME/4fe259f1e30a.npz,57,0.0,0.0,0.9649,1.0,,
c2a24c957798,TIME,include,video,,include:clip:c2a24c957798,data/external/include_pose/INCLUDE/Pose_Signs/Days_and_Time/86. Time/MVI_5077.pkl,data/processed/landmarks/include/TIME/c2a24c957798.npz,45,0.0,0.0,0.8667,1.0,,
e2e7fb1b0648,TIME,include,video,,include:clip:e2e7fb1b0648,data/external/include_pose/INCLUDE/Pose_Signs/Days_and_Time/86. Time/MVI_9201.pkl,data/processed/landmarks/include/TIME/e2e7fb1b0648.npz,64,0.0,0.0,0.9688,1.0,,
7ba8a440a647,TIME,include,video,,include:clip:7ba8a440a647,data/external/include_pose/INCLUDE/Pose_Signs/Days_and_Time/86. Time/MVI_4668.pkl,data/processed/landmarks/include/TIME/7ba8a440a647.npz,59,0.0,0.0,0.8983,1.0,,
9e8c4b581ed6,TIME,include,video,,include:clip:9e8c4b581ed6,data/external/include_pose/INCLUDE/Pose_Signs/Days_and_Time/86. Time/MVI_4669.pkl,data/processed/landmarks/include/TIME/9e8c4b581ed6.npz,73,0.0,0.0,0.9452,1.0,,
34e4c14da453,SECOND_NUMBER,include,video,,include:clip:34e4c14da453,data/external/include_pose/INCLUDE/Pose_Signs/Days_and_Time/Second (Number)/MVI_4649.pkl,,0,0.0,0.0,0.0,0.0,failed:missing_pose_file,
3622592185db,SECOND_NUMBER,include,video,,include:clip:3622592185db,data/external/include_pose/INCLUDE/Pose_Signs/Days_and_Time/Second (Number)/MVI_4648.pkl,,0,0.0,0.0,0.0,0.0,failed:missing_pose_file,
049f8de97bda,SECOND_NUMBER,include,video,,include:clip:049f8de97bda,data/external/include_pose/INCLUDE/Pose_Signs/Days_and_Time/Second (Number)/MVI_5503.pkl,,0,0.0,0.0,0.0,0.0,failed:missing_pose_file,
38d2f0232b1c,SECOND_NUMBER,include,video,,include:clip:38d2f0232b1c,data/external/include_pose/INCLUDE/Pose_Signs/Days_and_Time/Second (Number)/MVI_5504.pkl,,0,0.0,0.0,0.0,0.0,failed:missing_pose_file,
ef7954a8b5fe,SECOND_NUMBER,include,video,,include:clip:ef7954a8b5fe,data/external/include_pose/INCLUDE/Pose_Signs/Days_and_Time/Second (Number)/MVI_5505.pkl,,0,0.0,0.0,0.0,0.0,failed:missing_pose_file,
5947e87f9fcc,SECOND_NUMBER,include,video,,include:clip:5947e87f9fcc,data/external/include_pose/INCLUDE/Pose_Signs/Days_and_Time/Second (Number)/MVI_5506.pkl,,0,0.0,0.0,0.0,0.0,failed:missing_pose_file,
185dba4e6edb,SECOND_NUMBER,include,video,,include:clip:185dba4e6edb,data/external/include_pose/INCLUDE/Pose_Signs/Days_and_Time/Second (Number)/MVI_4647.pkl,,0,0.0,0.0,0.0,0.0,failed:missing_pose_file,
453f40e727ea,SECOND,include,video,,include:clip:453f40e727ea,data/external/include_pose/INCLUDE/Pose_Signs/Days_and_Time/81. Second/MVI_9185.pkl,data/processed/landmarks/include/SECOND/453f40e727ea.npz,72,0.0,0.0,1.0,1.0,,
939124af8f4e,SECOND,include,video,,include:clip:939124af8f4e,data/external/include_pose/INCLUDE/Pose_Signs/Days_and_Time/81. Second/MVI_9187.pkl,data/processed/landmarks/include/SECOND/939124af8f4e.npz,81,0.0,0.0,1.0,1.0,,
cf5e3dacd8c2,SECOND,include,video,,include:clip:cf5e3dacd8c2,data/external/include_pose/INCLUDE/Pose_Signs/Days_and_Time/81. Second/MVI_9186.pkl,data/processed/landmarks/include/SECOND/cf5e3dacd8c2.npz,75,0.0,0.0,1.0,1.0,,
35e125347c3f,SECOND,include,video,,include:clip:35e125347c3f,data/external/include_pose/INCLUDE/Pose_Signs/Days_and_Time/81. Second/MVI_5056.pkl,data/processed/landmarks/include/SECOND/35e125347c3f.npz,48,0.0,0.0,1.0,1.0,,
a5d59c6bfe34,SECOND,include,video,,include:clip:a5d59c6bfe34,data/external/include_pose/INCLUDE/Pose_Signs/Days_and_Time/81. Second/MVI_9208.pkl,data/processed/landmarks/include/SECOND/a5d59c6bfe34.npz,79,0.0,0.0,0.9241,1.0,,
8d9fa38f38fc,SECOND,include,video,,include:clip:8d9fa38f38fc,data/external/include_pose/INCLUDE/Pose_Signs/Days_and_Time/81. Second/MVI_9209.pkl,data/processed/landmarks/include/SECOND/8d9fa38f38fc.npz,80,0.0,0.0,0.9875,1.0,,
3e25dbbcdd0c,SECOND,include,video,,include:clip:3e25dbbcdd0c,data/external/include_pose/INCLUDE/Pose_Signs/Days_and_Time/81. Second/MVI_5057.pkl,data/processed/landmarks/include/SECOND/3e25dbbcdd0c.npz,40,0.0,0.0,1.0,1.0,,
d98278b4868b,SECOND,include,video,,include:clip:d98278b4868b,data/external/include_pose/INCLUDE/Pose_Signs/Days_and_Time/81. Second/MVI_9210.pkl,data/processed/landmarks/include/SECOND/d98278b4868b.npz,80,0.0,0.0,0.9875,1.0,,
6d78a1ef3acd,SECOND,include,video,,include:clip:6d78a1ef3acd,data/external/include_pose/INCLUDE/Pose_Signs/Days_and_Time/81. Second/MVI_9211.pkl,data/processed/landmarks/include/SECOND/6d78a1ef3acd.npz,75,0.0,0.0,0.9867,1.0,,
8276a6b3fb24,SECOND,include,video,,include:clip:8276a6b3fb24,data/external/include_pose/INCLUDE/Pose_Signs/Days_and_Time/81. Second/MVI_9212.pkl,data/processed/landmarks/include/SECOND/8276a6b3fb24.npz,65,0.0,0.0,1.0,1.0,,
93051f27b6a9,SECOND,include,video,,include:clip:93051f27b6a9,data/external/include_pose/INCLUDE/Pose_Signs/Days_and_Time/81. Second/MVI_9216.pkl,data/processed/landmarks/include/SECOND/93051f27b6a9.npz,65,0.0,0.0,1.0,1.0,,
435832704061,SECOND,include,video,,include:clip:435832704061,data/external/include_pose/INCLUDE/Pose_Signs/Days_and_Time/81. Second/MVI_9215.pkl,data/processed/landmarks/include/SECOND/435832704061.npz,67,0.0,0.0,1.0,1.0,,
9a2b21e4e7c1,SECOND,include,video,,include:clip:9a2b21e4e7c1,data/external/include_pose/INCLUDE/Pose_Signs/Days_and_Time/81. Second/MVI_9214.pkl,data/processed/landmarks/include/SECOND/9a2b21e4e7c1.npz,66,0.0,0.0,1.0,1.0,,
5ccd79c54a0c,YEAR,include,video,,include:clip:5ccd79c54a0c,data/external/include_pose/INCLUDE/Pose_Signs/Days_and_Time/78. Year/MVI_5494.pkl,data/processed/landmarks/include/YEAR/5ccd79c54a0c.npz,46,0.0,0.0,0.9783,1.0,,
981ffb7a945f,YEAR,include,video,,include:clip:981ffb7a945f,data/external/include_pose/INCLUDE/Pose_Signs/Days_and_Time/78. Year/MVI_5047.pkl,data/processed/landmarks/include/YEAR/981ffb7a945f.npz,46,0.0,0.0,0.8913,1.0,,
2c83d49107e5,YEAR,include,video,,include:clip:2c83d49107e5,data/external/include_pose/INCLUDE/Pose_Signs/Days_and_Time/78. Year/MVI_9178.pkl,data/processed/landmarks/include/YEAR/2c83d49107e5.npz,69,0.0,0.0,0.9565,1.0,,
568b9269d6a7,YEAR,include,video,,include:clip:568b9269d6a7,data/external/include_pose/INCLUDE/Pose_Signs/Days_and_Time/78. Year/MVI_5492.pkl,data/processed/landmarks/include/YEAR/568b9269d6a7.npz,43,0.0,0.0,0.9767,1.0,,
62ab2867f440,YEAR,include,video,,include:clip:62ab2867f440,data/external/include_pose/INCLUDE/Pose_Signs/Days_and_Time/78. Year/MVI_5493.pkl,data/processed/landmarks/include/YEAR/62ab2867f440.npz,39,0.0,0.0,0.9487,1.0,,
fe4defd0a936,YEAR,include,video,,include:clip:fe4defd0a936,data/external/include_pose/INCLUDE/Pose_Signs/Days_and_Time/78. Year/MVI_5491.pkl,data/processed/landmarks/include/YEAR/fe4defd0a936.npz,46,0.0,0.0,1.0,1.0,,
dfe72a80db03,YEAR,include,video,,include:clip:dfe72a80db03,data/external/include_pose/INCLUDE/Pose_Signs/Days_and_Time/78. Year/MVI_4638.pkl,data/processed/landmarks/include/YEAR/dfe72a80db03.npz,51,0.0,0.0,0.9216,1.0,,
ee9d1ff2eeaf,YEAR,include,video,,include:clip:ee9d1ff2eeaf,data/external/include_pose/INCLUDE/Pose_Signs/Days_and_Time/78. Year/MVI_4635.pkl,data/processed/landmarks/include/YEAR/ee9d1ff2eeaf.npz,56,0.0,0.0,0.8571,1.0,,
f9af8bb2bf97,YEAR,include,video,,include:clip:f9af8bb2bf97,data/external/include_pose/INCLUDE/Pose_Signs/Days_and_Time/78. Year/MVI_4637.pkl,data/processed/landmarks/include/YEAR/f9af8bb2bf97.npz,50,0.0,0.0,0.92,1.0,,
f8568e5ced53,YEAR,include,video,,include:clip:f8568e5ced53,data/external/include_pose/INCLUDE/Pose_Signs/Days_and_Time/78. Year/MVI_4636.pkl,data/processed/landmarks/include/YEAR/f8568e5ced53.npz,53,0.0,0.0,0.8868,1.0,,
15857608e6aa,YEAR,include,video,,include:clip:15857608e6aa,data/external/include_pose/INCLUDE/Pose_Signs/Days_and_Time/78. Year/MVI_5048.pkl,data/processed/landmarks/include/YEAR/15857608e6aa.npz,37,0.0,0.0,0.8378,1.0,,
2dc45d1689b2,YEAR,include,video,,include:clip:2dc45d1689b2,data/external/include_pose/INCLUDE/Pose_Signs/Days_and_Time/78. Year/MVI_5049.pkl,data/processed/landmarks/include/YEAR/2dc45d1689b2.npz,51,0.0,0.0,0.8431,1.0,,
64c1db800c48,YEAR,include,video,,include:clip:64c1db800c48,data/external/include_pose/INCLUDE/Pose_Signs/Days_and_Time/78. Year/MVI_9175.pkl,data/processed/landmarks/include/YEAR/64c1db800c48.npz,60,0.0,0.0,0.9333,1.0,,
fd92bab6c4d7,YEAR,include,video,,include:clip:fd92bab6c4d7,data/external/include_pose/INCLUDE/Pose_Signs/Days_and_Time/78. Year/MVI_9176.pkl,data/processed/landmarks/include/YEAR/fd92bab6c4d7.npz,61,0.0,0.0,0.8852,1.0,,
a8956717d343,MONTH,include,video,,include:clip:a8956717d343,data/external/include_pose/INCLUDE/Pose_Signs/Days_and_Time/77. Month/MVI_5046.pkl,data/processed/landmarks/include/MONTH/a8956717d343.npz,40,0.0,0.0,0.775,1.0,,
5beffa11a0c4,MONTH,include,video,,include:clip:5beffa11a0c4,data/external/include_pose/INCLUDE/Pose_Signs/Days_and_Time/77. Month/MVI_5044.pkl,data/processed/landmarks/include/MONTH/5beffa11a0c4.npz,50,0.0,0.0,0.9,1.0,,
fe53959b5a4c,MONTH,include,video,,include:clip:fe53959b5a4c,data/external/include_pose/INCLUDE/Pose_Signs/Days_and_Time/77. Month/MVI_5045.pkl,data/processed/landmarks/include/MONTH/fe53959b5a4c.npz,49,0.0,0.0,0.8776,1.0,,
83d288d8b745,MONTH,include,video,,include:clip:83d288d8b745,data/external/include_pose/INCLUDE/Pose_Signs/Days_and_Time/77. Month/MVI_5490.pkl,data/processed/landmarks/include/MONTH/83d288d8b745.npz,44,0.0,0.0,0.9545,1.0,,
356e973b6965,MONTH,include,video,,include:clip:356e973b6965,data/external/include_pose/INCLUDE/Pose_Signs/Days_and_Time/77. Month/MVI_9172.pkl,data/processed/landmarks/include/MONTH/356e973b6965.npz,58,0.0,0.0,0.9483,1.0,,
94a96f9d3b9e,MONTH,include,video,,include:clip:94a96f9d3b9e,data/external/include_pose/INCLUDE/Pose_Signs/Days_and_Time/77. Month/MVI_5489.pkl,data/processed/landmarks/include/MONTH/94a96f9d3b9e.npz,44,0.0,0.0,0.8636,1.0,,
245613d05616,MONTH,include,video,,include:clip:245613d05616,data/external/include_pose/INCLUDE/Pose_Signs/Days_and_Time/77. Month/MVI_4634.pkl,data/processed/landmarks/include/MONTH/245613d05616.npz,51,0.0,0.0,0.902,1.0,,
18dbf5d5c242,MONTH,include,video,,include:clip:18dbf5d5c242,data/external/include_pose/INCLUDE/Pose_Signs/Days_and_Time/77. Month/MVI_5488.pkl,data/processed/landmarks/include/MONTH/18dbf5d5c242.npz,43,0.0,0.0,0.9535,1.0,,
f3b03160cc8c,MONTH,include,video,,include:clip:f3b03160cc8c,data/external/include_pose/INCLUDE/Pose_Signs/Days_and_Time/77. Month/MVI_9173.pkl,data/processed/landmarks/include/MONTH/f3b03160cc8c.npz,55,0.0,0.0,0.9091,1.0,,
31157b51befe,MONTH,include,video,,include:clip:31157b51befe,data/external/include_pose/INCLUDE/Pose_Signs/Days_and_Time/77. Month/MVI_9174.pkl,data/processed/landmarks/include/MONTH/31157b51befe.npz,64,0.0,0.0,0.9375,1.0,,
83ffaf603164,MONTH,include,video,,include:clip:83ffaf603164,data/external/include_pose/INCLUDE/Pose_Signs/Days_and_Time/77. Month/MVI_4632.pkl,data/processed/landmarks/include/MONTH/83ffaf603164.npz,57,0.0,0.0,0.8421,1.0,,
4eada4b041dc,MONTH,include,video,,include:clip:4eada4b041dc,data/external/include_pose/INCLUDE/Pose_Signs/Days_and_Time/77. Month/MVI_4633.pkl,data/processed/landmarks/include/MONTH/4eada4b041dc.npz,52,0.0,0.0,0.8654,1.0,,
77595992f5fb,MONTH,include,video,,include:clip:77595992f5fb,data/external/include_pose/INCLUDE/Pose_Signs/Days_and_Time/77. Month/MVI_4631.pkl,data/processed/landmarks/include/MONTH/77595992f5fb.npz,56,0.0,0.0,0.6786,1.0,,
9dcca5d1ca3e,MINUTE,include,video,,include:clip:9dcca5d1ca3e,data/external/include_pose/INCLUDE/Pose_Signs/Days_and_Time/80. Minute/MVI_9184.pkl,data/processed/landmarks/include/MINUTE/9dcca5d1ca3e.npz,61,0.0,0.0,1.0,1.0,,
054f2f1cafc2,MINUTE,include,video,,include:clip:054f2f1cafc2,data/external/include_pose/INCLUDE/Pose_Signs/Days_and_Time/80. Minute/MVI_9182.pkl,data/processed/landmarks/include/MINUTE/054f2f1cafc2.npz,68,0.0,0.0,1.0,1.0,,
1a4c67578414,MINUTE,include,video,,include:clip:1a4c67578414,data/external/include_pose/INCLUDE/Pose_Signs/Days_and_Time/80. Minute/MVI_5055.pkl,data/processed/landmarks/include/MINUTE/1a4c67578414.npz,48,0.0,0.0,1.0,1.0,,
da12a2c0fbb9,MINUTE,include,video,,include:clip:da12a2c0fbb9,data/external/include_pose/INCLUDE/Pose_Signs/Days_and_Time/80. Minute/MVI_5054.pkl,data/processed/landmarks/include/MINUTE/da12a2c0fbb9.npz,49,0.0,0.0,1.0,1.0,,
9631e59f68aa,MINUTE,include,video,,include:clip:9631e59f68aa,data/external/include_pose/INCLUDE/Pose_Signs/Days_and_Time/80. Minute/MVI_9183.pkl,data/processed/landmarks/include/MINUTE/9631e59f68aa.npz,65,0.0,0.0,1.0,1.0,,
a8367feb2042,MINUTE,include,video,,include:clip:a8367feb2042,data/external/include_pose/INCLUDE/Pose_Signs/Days_and_Time/80. Minute/MVI_5502.pkl,data/processed/landmarks/include/MINUTE/a8367feb2042.npz,37,0.0,0.0,1.0,1.0,,
cd493d920670,MINUTE,include,video,,include:clip:cd493d920670,data/external/include_pose/INCLUDE/Pose_Signs/Days_and_Time/80. Minute/MVI_5501.pkl,data/processed/landmarks/include/MINUTE/cd493d920670.npz,36,0.0,0.0,1.0,1.0,,
57470bba824d,MINUTE,include,video,,include:clip:57470bba824d,data/external/include_pose/INCLUDE/Pose_Signs/Days_and_Time/80. Minute/MVI_5500.pkl,data/processed/landmarks/include/MINUTE/57470bba824d.npz,36,0.0,0.0,1.0,1.0,,
9bef3e0abc46,MINUTE,include,video,,include:clip:9bef3e0abc46,data/external/include_pose/INCLUDE/Pose_Signs/Days_and_Time/80. Minute/MVI_5499.pkl,data/processed/landmarks/include/MINUTE/9bef3e0abc46.npz,40,0.0,0.0,1.0,1.0,,
f90c9e5c3436,MINUTE,include,video,,include:clip:f90c9e5c3436,data/external/include_pose/INCLUDE/Pose_Signs/Days_and_Time/80. Minute/MVI_4643.pkl,data/processed/landmarks/include/MINUTE/f90c9e5c3436.npz,56,0.0,0.0,1.0,1.0,,
73862f9eb63f,MINUTE,include,video,,include:clip:73862f9eb63f,data/external/include_pose/INCLUDE/Pose_Signs/Days_and_Time/80. Minute/MVI_4645.pkl,data/processed/landmarks/include/MINUTE/73862f9eb63f.npz,63,0.0,0.0,0.9683,1.0,,
4cdb1f07e803,MINUTE,include,video,,include:clip:4cdb1f07e803,data/external/include_pose/INCLUDE/Pose_Signs/Days_and_Time/80. Minute/MVI_4644.pkl,data/processed/landmarks/include/MINUTE/4cdb1f07e803.npz,57,0.0,0.0,0.9825,1.0,,
33bbf50d3e9c,MINUTE,include,video,,include:clip:33bbf50d3e9c,data/external/include_pose/INCLUDE/Pose_Signs/Days_and_Time/80. Minute/MVI_4646.pkl,data/processed/landmarks/include/MINUTE/33bbf50d3e9c.npz,61,0.0,0.0,0.9836,1.0,,
b0dcacf3c547,EVENING,include,video,,include:clip:b0dcacf3c547,data/external/include_pose/INCLUDE/Pose_Signs/Days_and_Time/84. Evening/MVI_4662.pkl,data/processed/landmarks/include/EVENING/b0dcacf3c547.npz,58,0.0,0.0,1.0,1.0,,
daebfe4e83b8,EVENING,include,video,,include:clip:daebfe4e83b8,data/external/include_pose/INCLUDE/Pose_Signs/Days_and_Time/84. Evening/MVI_4661.pkl,data/processed/landmarks/include/EVENING/daebfe4e83b8.npz,48,0.0,0.0,1.0,1.0,,
e6851c20ce9e,EVENING,include,video,,include:clip:e6851c20ce9e,data/external/include_pose/INCLUDE/Pose_Signs/Days_and_Time/84. Evening/MVI_4660.pkl,data/processed/landmarks/include/EVENING/e6851c20ce9e.npz,48,0.0,0.0,0.9792,1.0,,
ce6da4a542d9,EVENING,include,video,,include:clip:ce6da4a542d9,data/external/include_pose/INCLUDE/Pose_Signs/Days_and_Time/84. Evening/MVI_4659.pkl,data/processed/landmarks/include/EVENING/ce6da4a542d9.npz,57,0.0,0.0,0.9825,1.0,,
4f581da1ce03,EVENING,include,video,,include:clip:4f581da1ce03,data/external/include_pose/INCLUDE/Pose_Signs/Days_and_Time/84. Evening/MVI_9196.pkl,data/processed/landmarks/include/EVENING/4f581da1ce03.npz,58,0.0,0.0,1.0,1.0,,
07a65487c9e5,EVENING,include,video,,include:clip:07a65487c9e5,data/external/include_pose/INCLUDE/Pose_Signs/Days_and_Time/84. Evening/MVI_5519.pkl,data/processed/landmarks/include/EVENING/07a65487c9e5.npz,39,0.0,0.0,1.0,1.0,,
859ff21a88ec,EVENING,include,video,,include:clip:859ff21a88ec,data/external/include_pose/INCLUDE/Pose_Signs/Days_and_Time/84. Evening/MVI_5518.pkl,data/processed/landmarks/include/EVENING/859ff21a88ec.npz,34,0.0,0.0,1.0,1.0,,
10a727c2cd16,EVENING,include,video,,include:clip:10a727c2cd16,data/external/include_pose/INCLUDE/Pose_Signs/Days_and_Time/84. Evening/MVI_9195.pkl,data/processed/landmarks/include/EVENING/10a727c2cd16.npz,63,0.0,0.0,1.0,1.0,,
a641b0acebb5,EVENING,include,video,,include:clip:a641b0acebb5,data/external/include_pose/INCLUDE/Pose_Signs/Days_and_Time/84. Evening/MVI_9194.pkl,data/processed/landmarks/include/EVENING/a641b0acebb5.npz,67,0.0,0.0,1.0,1.0,,
88bbe78cb7d7,EVENING,include,video,,include:clip:88bbe78cb7d7,data/external/include_pose/INCLUDE/Pose_Signs/Days_and_Time/84. Evening/MVI_5517.pkl,data/processed/landmarks/include/EVENING/88bbe78cb7d7.npz,41,0.0,0.0,1.0,1.0,,
11790fb60cab,EVENING,include,video,,include:clip:11790fb60cab,data/external/include_pose/INCLUDE/Pose_Signs/Days_and_Time/84. Evening/MVI_5071.pkl,data/processed/landmarks/include/EVENING/11790fb60cab.npz,42,0.0,0.0,1.0,1.0,,
a018c6c6fad0,EVENING,include,video,,include:clip:a018c6c6fad0,data/external/include_pose/INCLUDE/Pose_Signs/Days_and_Time/84. Evening/MVI_5515.pkl,data/processed/landmarks/include/EVENING/a018c6c6fad0.npz,37,0.0,0.0,1.0,1.0,,
28547db26e9b,EVENING,include,video,,include:clip:28547db26e9b,data/external/include_pose/INCLUDE/Pose_Signs/Days_and_Time/84. Evening/MVI_5070.pkl,data/processed/landmarks/include/EVENING/28547db26e9b.npz,42,0.0,0.0,1.0,1.0,,
5f45b8456bd8,CAT,include,video,,include:clip:5f45b8456bd8,data/external/include_pose/INCLUDE/Pose_Signs/Animals/2. Cat/MVI_8562.pkl,data/processed/landmarks/include/CAT/5f45b8456bd8.npz,77,0.0,0.0,0.3636,1.0,low_hand_detection,
916617569c17,CAT,include,video,,include:clip:916617569c17,data/external/include_pose/INCLUDE/Pose_Signs/Animals/2. Cat/MVI_3090.pkl,data/processed/landmarks/include/CAT/916617569c17.npz,79,0.0,0.0,0.7215,1.0,,
57a21906cdf3,CAT,include,video,,include:clip:57a21906cdf3,data/external/include_pose/INCLUDE/Pose_Signs/Animals/2. Cat/MVI_2982.pkl,data/processed/landmarks/include/CAT/57a21906cdf3.npz,55,0.0,0.0,0.8364,1.0,,
b5640749a699,CAT,include,video,,include:clip:b5640749a699,data/external/include_pose/INCLUDE/Pose_Signs/Animals/2. Cat/MVI_2983.pkl,data/processed/landmarks/include/CAT/b5640749a699.npz,81,0.0,0.0,0.9012,1.0,,
493bc772045c,CAT,include,video,,include:clip:493bc772045c,data/external/include_pose/INCLUDE/Pose_Signs/Animals/2. Cat/MVI_3033.pkl,data/processed/landmarks/include/CAT/493bc772045c.npz,95,0.0,0.0,0.9053,1.0,,
4f10805422be,CAT,include,video,,include:clip:4f10805422be,data/external/include_pose/INCLUDE/Pose_Signs/Animals/2. Cat/MVI_3031.pkl,data/processed/landmarks/include/CAT/4f10805422be.npz,64,0.0,0.0,0.9062,1.0,,
8ead9cceed7d,CAT,include,video,,include:clip:8ead9cceed7d,data/external/include_pose/INCLUDE/Pose_Signs/Animals/2. Cat/MVI_4149.pkl,data/processed/landmarks/include/CAT/8ead9cceed7d.npz,61,0.0,0.0,0.9344,1.0,,
15cef9f4cc93,CAT,include,video,,include:clip:15cef9f4cc93,data/external/include_pose/INCLUDE/Pose_Signs/Animals/2. Cat/MVI_3007.pkl,data/processed/landmarks/include/CAT/15cef9f4cc93.npz,73,0.0,0.0,0.9315,1.0,,
554b12f85f8a,CAT,include,video,,include:clip:554b12f85f8a,data/external/include_pose/INCLUDE/Pose_Signs/Animals/2. Cat/MVI_3006.pkl,data/processed/landmarks/include/CAT/554b12f85f8a.npz,90,0.0,0.0,0.9556,1.0,,
c79a44bc6824,CAT,include,video,,include:clip:c79a44bc6824,data/external/include_pose/INCLUDE/Pose_Signs/Animals/2. Cat/MVI_4151.pkl,data/processed/landmarks/include/CAT/c79a44bc6824.npz,48,0.0,0.0,0.8542,1.0,,
485d0f87fc2c,CAT,include,video,,include:clip:485d0f87fc2c,data/external/include_pose/INCLUDE/Pose_Signs/Animals/2. Cat/MVI_4150.pkl,data/processed/landmarks/include/CAT/485d0f87fc2c.npz,59,0.0,0.0,0.8814,1.0,,
7e84dc699b94,CAT,include,video,,include:clip:7e84dc699b94,data/external/include_pose/INCLUDE/Pose_Signs/Animals/2. Cat/MVI_3005.pkl,data/processed/landmarks/include/CAT/7e84dc699b94.npz,77,0.0,0.0,0.9221,1.0,,
71f9231411d3,CAT,include,video,,include:clip:71f9231411d3,data/external/include_pose/INCLUDE/Pose_Signs/Animals/2. Cat/MVI_3065.pkl,data/processed/landmarks/include/CAT/71f9231411d3.npz,80,0.0,0.0,0.85,1.0,,
62ce68b7140a,CAT,include,video,,include:clip:62ce68b7140a,data/external/include_pose/INCLUDE/Pose_Signs/Animals/2. Cat/MVI_3089.pkl,data/processed/landmarks/include/CAT/62ce68b7140a.npz,80,0.0,0.0,0.7375,1.0,,
219b308e7459,CAT,include,video,,include:clip:219b308e7459,data/external/include_pose/INCLUDE/Pose_Signs/Animals/2. Cat/MVI_3088.pkl,data/processed/landmarks/include/CAT/219b308e7459.npz,70,0.0,0.0,0.7429,1.0,,
ef78fa6192c3,CAT,include,video,,include:clip:ef78fa6192c3,data/external/include_pose/INCLUDE/Pose_Signs/Animals/2. Cat/MVI_3063.pkl,data/processed/landmarks/include/CAT/ef78fa6192c3.npz,74,0.0,0.0,0.9189,1.0,,
308875a1ad37,HORSE,include,video,,include:clip:308875a1ad37,data/external/include_pose/INCLUDE/Pose_Signs/Animals/7. Horse/MVI_3079.pkl,data/processed/landmarks/include/HORSE/308875a1ad37.npz,78,0.0,0.0,0.8462,1.0,,
2df8080de33c,HORSE,include,video,,include:clip:2df8080de33c,data/external/include_pose/INCLUDE/Pose_Signs/Animals/7. Horse/MVI_8574.pkl,data/processed/landmarks/include/HORSE/2df8080de33c.npz,58,0.0,0.0,0.3793,1.0,low_hand_detection,
57be0b7504f6,HORSE,include,video,,include:clip:57be0b7504f6,data/external/include_pose/INCLUDE/Pose_Signs/Animals/7. Horse/MVI_8575.pkl,data/processed/landmarks/include/HORSE/57be0b7504f6.npz,65,0.0,0.0,0.3231,1.0,low_hand_detection,
120a18901e69,HORSE,include,video,,include:clip:120a18901e69,data/external/include_pose/INCLUDE/Pose_Signs/Animals/7. Horse/MVI_3053.pkl,data/processed/landmarks/include/HORSE/120a18901e69.npz,71,0.0,0.0,0.9577,1.0,,
e54f11a0880f,HORSE,include,video,,include:clip:e54f11a0880f,data/external/include_pose/INCLUDE/Pose_Signs/Animals/7. Horse/MVI_3080.pkl,data/processed/landmarks/include/HORSE/e54f11a0880f.npz,79,0.0,0.0,0.8987,1.0,,
ec47e1e1b4ec,HORSE,include,video,,include:clip:ec47e1e1b4ec,data/external/include_pose/INCLUDE/Pose_Signs/Animals/7. Horse/MVI_3081.pkl,data/processed/landmarks/include/HORSE/ec47e1e1b4ec.npz,86,0.0,0.0,0.8605,1.0,,
0f1a24e00d0a,HORSE,include,video,,include:clip:0f1a24e00d0a,data/external/include_pose/INCLUDE/Pose_Signs/Animals/7. Horse/MVI_3054.pkl,data/processed/landmarks/include/HORSE/0f1a24e00d0a.npz,84,0.0,0.0,0.9643,1.0,,
9e37e3745a06,HORSE,include,video,,include:clip:9e37e3745a06,data/external/include_pose/INCLUDE/Pose_Signs/Animals/7. Horse/MVI_2997.pkl,data/processed/landmarks/include/HORSE/9e37e3745a06.npz,77,0.0,0.0,0.8571,1.0,,
8f2adf746993,HORSE,include,video,,include:clip:8f2adf746993,data/external/include_pose/INCLUDE/Pose_Signs/Animals/7. Horse/MVI_3055.pkl,data/processed/landmarks/include/HORSE/8f2adf746993.npz,95,0.0,0.0,0.9579,1.0,,
8c7c6f741ca9,HORSE,include,video,,include:clip:8c7c6f741ca9,data/external/include_pose/INCLUDE/Pose_Signs/Animals/7. Horse/MVI_4166.pkl,data/processed/landmarks/include/HORSE/8c7c6f741ca9.npz,51,0.0,0.0,0.9412,1.0,,
e3d0f9ce1707,HORSE,include,video,,include:clip:e3d0f9ce1707,data/external/include_pose/INCLUDE/Pose_Signs/Animals/7. Horse/MVI_4164.pkl,data/processed/landmarks/include/HORSE/e3d0f9ce1707.npz,64,0.0,0.0,0.7812,1.0,,
72cfb677b202,HORSE,include,video,,include:clip:72cfb677b202,data/external/include_pose/INCLUDE/Pose_Signs/Animals/7. Horse/MVI_4165.pkl,data/processed/landmarks/include/HORSE/72cfb677b202.npz,58,0.0,0.0,0.9655,1.0,,
2668a38bf873,HORSE,include,video,,include:clip:2668a38bf873,data/external/include_pose/INCLUDE/Pose_Signs/Animals/7. Horse/MVI_3022.pkl,data/processed/landmarks/include/HORSE/2668a38bf873.npz,77,0.0,0.0,0.8442,1.0,,
660c1e962a24,HORSE,include,video,,include:clip:660c1e962a24,data/external/include_pose/INCLUDE/Pose_Signs/Animals/7. Horse/MVI_3105.pkl,data/processed/landmarks/include/HORSE/660c1e962a24.npz,64,0.0,0.0,0.6406,1.0,,
ca149076d430,HORSE,include,video,,include:clip:ca149076d430,data/external/include_pose/INCLUDE/Pose_Signs/Animals/7. Horse/MVI_2998.pkl,data/processed/landmarks/include/HORSE/ca149076d430.npz,83,0.0,0.0,0.8554,1.0,,
b45498f8180b,HORSE,include,video,,include:clip:b45498f8180b,data/external/include_pose/INCLUDE/Pose_Signs/Animals/7. Horse/MVI_3103.pkl,data/processed/landmarks/include/HORSE/b45498f8180b.npz,67,0.0,0.0,0.4776,1.0,low_hand_detection,
3a87718a9dcc,MOUSE,include,video,,include:clip:3a87718a9dcc,data/external/include_pose/INCLUDE/Pose_Signs/Animals/6. Mouse/MVI_2993.pkl,data/processed/landmarks/include/MOUSE/3a87718a9dcc.npz,77,0.0,0.0,0.961,1.0,,
993f7c679e8e,MOUSE,include,video,,include:clip:993f7c679e8e,data/external/include_pose/INCLUDE/Pose_Signs/Animals/6. Mouse/MVI_3052.pkl,data/processed/landmarks/include/MOUSE/993f7c679e8e.npz,77,0.0,0.0,1.0,1.0,,
b7768019268f,MOUSE,include,video,,include:clip:b7768019268f,data/external/include_pose/INCLUDE/Pose_Signs/Animals/6. Mouse/MVI_8572.pkl,data/processed/landmarks/include/MOUSE/b7768019268f.npz,77,0.0,0.0,0.3506,1.0,low_hand_detection,
3ac71091f964,MOUSE,include,video,,include:clip:3ac71091f964,data/external/include_pose/INCLUDE/Pose_Signs/Animals/6. Mouse/MVI_2995.pkl,data/processed/landmarks/include/MOUSE/3ac71091f964.npz,79,0.0,0.0,0.9873,1.0,,
8147185ae906,MOUSE,include,video,,include:clip:8147185ae906,data/external/include_pose/INCLUDE/Pose_Signs/Animals/6. Mouse/MVI_2994.pkl,data/processed/landmarks/include/MOUSE/8147185ae906.npz,96,0.0,0.0,0.9688,1.0,,
83be75f8bdfc,MOUSE,include,video,,include:clip:83be75f8bdfc,data/external/include_pose/INCLUDE/Pose_Signs/Animals/6. Mouse/MVI_8571.pkl,data/processed/landmarks/include/MOUSE/83be75f8bdfc.npz,84,0.0,0.0,0.131,1.0,low_hand_detection,
705242129afb,MOUSE,include,video,,include:clip:705242129afb,data/external/include_pose/INCLUDE/Pose_Signs/Animals/6. Mouse/MVI_3019.pkl,data/processed/landmarks/include/MOUSE/705242129afb.npz,80,0.0,0.0,1.0,1.0,,
692dcd93f09f,MOUSE,include,video,,include:clip:692dcd93f09f,data/external/include_pose/INCLUDE/Pose_Signs/Animals/6. Mouse/MVI_3018.pkl,data/processed/landmarks/include/MOUSE/692dcd93f09f.npz,89,0.0,0.0,1.0,1.0,,
eefbcc64b034,MOUSE,include,video,,include:clip:eefbcc64b034,data/external/include_pose/INCLUDE/Pose_Signs/Animals/6. Mouse/MVI_3020.pkl,data/processed/landmarks/include/MOUSE/eefbcc64b034.npz,70,0.0,0.0,1.0,1.0,,
8d5075fb63e9,MOUSE,include,video,,include:clip:8d5075fb63e9,data/external/include_pose/INCLUDE/Pose_Signs/Animals/6. Mouse/MVI_4161.pkl,data/processed/landmarks/include/MOUSE/8d5075fb63e9.npz,60,0.0,0.0,1.0,1.0,,
6920b736714f,MOUSE,include,video,,include:clip:6920b736714f,data/external/include_pose/INCLUDE/Pose_Signs/Animals/6. Mouse/MVI_4162.pkl,data/processed/landmarks/include/MOUSE/6920b736714f.npz,58,0.0,0.0,1.0,1.0,,
4808634352e4,MOUSE,include,video,,include:clip:4808634352e4,data/external/include_pose/INCLUDE/Pose_Signs/Animals/6. Mouse/MVI_4163.pkl,data/processed/landmarks/include/MOUSE/4808634352e4.npz,51,0.0,0.0,1.0,1.0,,
9c6e4adf22a8,MOUSE,include,video,,include:clip:9c6e4adf22a8,data/external/include_pose/INCLUDE/Pose_Signs/Animals/6. Mouse/MVI_3076.pkl,data/processed/landmarks/include/MOUSE/9c6e4adf22a8.npz,79,0.0,0.0,1.0,1.0,,
d726242d53a1,MOUSE,include,video,,include:clip:d726242d53a1,data/external/include_pose/INCLUDE/Pose_Signs/Animals/6. Mouse/MVI_3102.pkl,data/processed/landmarks/include/MOUSE/d726242d53a1.npz,58,0.0,0.0,0.7241,1.0,,
7e049f4dca17,MOUSE,include,video,,include:clip:7e049f4dca17,data/external/include_pose/INCLUDE/Pose_Signs/Animals/6. Mouse/MVI_3077.pkl,data/processed/landmarks/include/MOUSE/7e049f4dca17.npz,97,0.0,0.0,1.0,1.0,,
48e28d130d33,MOUSE,include,video,,include:clip:48e28d130d33,data/external/include_pose/INCLUDE/Pose_Signs/Animals/6. Mouse/MVI_3100.pkl,data/processed/landmarks/include/MOUSE/48e28d130d33.npz,59,0.0,0.0,0.678,1.0,,
a9e01f40840d,DOG,include,video,,include:clip:a9e01f40840d,data/external/include_pose/INCLUDE/Pose_Signs/Animals/1. Dog/MVI_3086.pkl,data/processed/landmarks/include/DOG/a9e01f40840d.npz,83,0.0,0.0,0.6024,1.0,,
bb3ee26dc4ef,DOG,include,video,,include:clip:bb3ee26dc4ef,data/external/include_pose/INCLUDE/Pose_Signs/Animals/1. Dog/MVI_2979.pkl,data/processed/landmarks/include/DOG/bb3ee26dc4ef.npz,76,0.0,0.0,0.9211,1.0,,
e6a3796d01b5,DOG,include,video,,include:clip:e6a3796d01b5,data/external/include_pose/INCLUDE/Pose_Signs/Animals/1. Dog/MVI_3087.pkl,data/processed/landmarks/include/DOG/e6a3796d01b5.npz,75,0.0,0.0,0.6,1.0,,
244307fd116f,DOG,include,video,,include:clip:244307fd116f,data/external/include_pose/INCLUDE/Pose_Signs/Animals/1. Dog/MVI_2980.pkl,data/processed/landmarks/include/DOG/244307fd116f.npz,89,0.0,0.0,0.9438,1.0,,
aac3b3fc9681,DOG,include,video,,include:clip:aac3b3fc9681,data/external/include_pose/INCLUDE/Pose_Signs/Animals/1. Dog/MVI_3030.pkl,data/processed/landmarks/include/DOG/aac3b3fc9681.npz,103,0.0,0.0,0.9709,1.0,,
45d141ef5d92,DOG,include,video,,include:clip:45d141ef5d92,data/external/include_pose/INCLUDE/Pose_Signs/Animals/1. Dog/MVI_4148.pkl,data/processed/landmarks/include/DOG/45d141ef5d92.npz,71,0.0,0.0,1.0,1.0,,
542d737bfe6d,DOG,include,video,,include:clip:542d737bfe6d,data/external/include_pose/INCLUDE/Pose_Signs/Animals/1. Dog/MVI_4146.pkl,data/processed/landmarks/include/DOG/542d737bfe6d.npz,71,0.0,0.0,1.0,1.0,,
8d0f2ce0a138,DOG,include,video,,include:clip:8d0f2ce0a138,data/external/include_pose/INCLUDE/Pose_Signs/Animals/1. Dog/MVI_4147.pkl,data/processed/landmarks/include/DOG/8d0f2ce0a138.npz,68,0.0,0.0,0.9706,1.0,,
d08eab7a3666,DOG,include,video,,include:clip:d08eab7a3666,data/external/include_pose/INCLUDE/Pose_Signs/Animals/1. Dog/MVI_3004.pkl,data/processed/landmarks/include/DOG/d08eab7a3666.npz,87,0.0,0.0,0.931,1.0,,
d2b37c775f1d,DOG,include,video,,include:clip:d2b37c775f1d,data/external/include_pose/INCLUDE/Pose_Signs/Animals/1. Dog/MVI_3029.pkl,data/processed/landmarks/include/DOG/d2b37c775f1d.npz,97,0.0,0.0,0.9691,1.0,,
8b16e37a0bdf,DOG,include,video,,include:clip:8b16e37a0bdf,data/external/include_pose/INCLUDE/Pose_Signs/Animals/1. Dog/MVI_3028.pkl,data/processed/landmarks/include/DOG/8b16e37a0bdf.npz,92,0.0,0.0,0.9022,1.0,,
3d63c488342d,DOG,include,video,,include:clip:3d63c488342d,data/external/include_pose/INCLUDE/Pose_Signs/Animals/1. Dog/MVI_3002.pkl,data/processed/landmarks/include/DOG/3d63c488342d.npz,87,0.0,0.0,0.931,1.0,,
136390d80304,DOG,include,video,,include:clip:136390d80304,data/external/include_pose/INCLUDE/Pose_Signs/Animals/1. Dog/MVI_3003.pkl,data/processed/landmarks/include/DOG/136390d80304.npz,92,0.0,0.0,0.9348,1.0,,
841b8528c938,DOG,include,video,,include:clip:841b8528c938,data/external/include_pose/INCLUDE/Pose_Signs/Animals/1. Dog/MVI_3059.pkl,data/processed/landmarks/include/DOG/841b8528c938.npz,75,0.0,0.0,0.92,1.0,,
649813fd3d44,DOG,include,video,,include:clip:649813fd3d44,data/external/include_pose/INCLUDE/Pose_Signs/Animals/1. Dog/MVI_3061.pkl,data/processed/landmarks/include/DOG/649813fd3d44.npz,83,0.0,0.0,0.9036,1.0,,
3e25434eb807,DOG,include,video,,include:clip:3e25434eb807,data/external/include_pose/INCLUDE/Pose_Signs/Animals/1. Dog/MVI_3060.pkl,data/processed/landmarks/include/DOG/3e25434eb807.npz,85,0.0,0.0,0.9059,1.0,,
27fd8a255a6d,FISH,include,video,,include:clip:27fd8a255a6d,data/external/include_pose/INCLUDE/Pose_Signs/Animals/3. Fish/MVI_2986.pkl,data/processed/landmarks/include/FISH/27fd8a255a6d.npz,94,0.0,0.0,0.9574,1.0,,
d55dd99e6c60,FISH,include,video,,include:clip:d55dd99e6c60,data/external/include_pose/INCLUDE/Pose_Signs/Animals/3. Fish/MVI_3093.pkl,data/processed/landmarks/include/FISH/d55dd99e6c60.npz,67,0.0,0.0,0.8507,1.0,,
31dd33256e62,FISH,include,video,,include:clip:31dd33256e62,data/external/include_pose/INCLUDE/Pose_Signs/Animals/3. Fish/MVI_3091.pkl,data/processed/landmarks/include/FISH/31dd33256e62.npz,85,0.0,0.0,0.8706,1.0,,
fa5c53457e1f,FISH,include,video,,include:clip:fa5c53457e1f,data/external/include_pose/INCLUDE/Pose_Signs/Animals/3. Fish/MVI_2984.pkl,data/processed/landmarks/include/FISH/fa5c53457e1f.npz,73,0.0,0.0,0.8493,1.0,,
a2471b1a2cd1,FISH,include,video,,include:clip:a2471b1a2cd1,data/external/include_pose/INCLUDE/Pose_Signs/Animals/3. Fish/MVI_8566.pkl,data/processed/landmarks/include/FISH/a2471b1a2cd1.npz,77,0.0,0.0,0.5325,1.0,,
429bc25323e4,FISH,include,video,,include:clip:429bc25323e4,data/external/include_pose/INCLUDE/Pose_Signs/Animals/3. Fish/MVI_8565.pkl,data/processed/landmarks/include/FISH/429bc25323e4.npz,85,0.0,0.0,0.4706,1.0,low_hand_detection,
a3a5679e2273,FISH,include,video,,include:clip:a3a5679e2273,data/external/include_pose/INCLUDE/Pose_Signs/Animals/3. Fish/MVI_3069.pkl,data/processed/landmarks/include/FISH/a3a5679e2273.npz,69,0.0,0.0,0.913,1.0,,
86691b094a8a,FISH,include,video,,include:clip:86691b094a8a,data/external/include_pose/INCLUDE/Pose_Signs/Animals/3. Fish/MVI_3008.pkl,data/processed/landmarks/include/FISH/86691b094a8a.npz,112,0.0,0.0,0.9821,1.0,,
00cba7e8bd71,FISH,include,video,,include:clip:00cba7e8bd71,data/external/include_pose/INCLUDE/Pose_Signs/Animals/3. Fish/MVI_3034.pkl,data/processed/landmarks/include/FISH/00cba7e8bd71.npz,77,0.0,0.0,0.987,1.0,,
c86926c7ecac,FISH,include,video,,include:clip:c86926c7ecac,data/external/include_pose/INCLUDE/Pose_Signs/Animals/3. Fish/MVI_3009.pkl,data/processed/landmarks/include/FISH/c86926c7ecac.npz,85,0.0,0.0,0.9529,1.0,,
e12412f701cd,FISH,include,video,,include:clip:e12412f701cd,data/external/include_pose/INCLUDE/Pose_Signs/Animals/3. Fish/MVI_3036.pkl,data/processed/landmarks/include/FISH/e12412f701cd.npz,88,0.0,0.0,1.0,1.0,,
3eeab0b76b79,FISH,include,video,,include:clip:3eeab0b76b79,data/external/include_pose/INCLUDE/Pose_Signs/Animals/3. Fish/MVI_4152.pkl,data/processed/landmarks/include/FISH/3eeab0b76b79.npz,65,0.0,0.0,0.9538,1.0,,
93a9f150e103,FISH,include,video,,include:clip:93a9f150e103,data/external/include_pose/INCLUDE/Pose_Signs/Animals/3. Fish/MVI_4153.pkl,data/processed/landmarks/include/FISH/93a9f150e103.npz,65,0.0,0.0,0.9538,1.0,,
facac0898ede,FISH,include,video,,include:clip:facac0898ede,data/external/include_pose/INCLUDE/Pose_Signs/Animals/3. Fish/MVI_3010.pkl,data/processed/landmarks/include/FISH/facac0898ede.npz,77,0.0,0.0,0.9351,1.0,,
f61cb1ba20e0,FISH,include,video,,include:clip:f61cb1ba20e0,data/external/include_pose/INCLUDE/Pose_Signs/Animals/3. Fish/MVI_4154.pkl,data/processed/landmarks/include/FISH/f61cb1ba20e0.npz,60,0.0,0.0,0.9667,1.0,,
d38b2e3a584a,FISH,include,video,,include:clip:d38b2e3a584a,data/external/include_pose/INCLUDE/Pose_Signs/Animals/3. Fish/MVI_3067.pkl,data/processed/landmarks/include/FISH/d38b2e3a584a.npz,83,0.0,0.0,0.9277,1.0,,
b01688847437,BIRD,include,video,,include:clip:b01688847437,data/external/include_pose/INCLUDE/Pose_Signs/Animals/4. Bird/MVI_2987.pkl,data/processed/landmarks/include/BIRD/b01688847437.npz,76,0.0,0.0,0.9342,1.0,,
2564f8985ad4,BIRD,include,video,,include:clip:2564f8985ad4,data/external/include_pose/INCLUDE/Pose_Signs/Animals/4. Bird/MVI_3095.pkl,data/processed/landmarks/include/BIRD/2564f8985ad4.npz,80,0.0,0.0,0.775,1.0,,
b368e4a2e701,BIRD,include,video,,include:clip:b368e4a2e701,data/external/include_pose/INCLUDE/Pose_Signs/Animals/4. Bird/MVI_8567.pkl,data/processed/landmarks/include/BIRD/b368e4a2e701.npz,73,0.0,0.0,0.6301,1.0,,
a98a49d0745f,BIRD,include,video,,include:clip:a98a49d0745f,data/external/include_pose/INCLUDE/Pose_Signs/Animals/4. Bird/MVI_3040.pkl,data/processed/landmarks/include/BIRD/a98a49d0745f.npz,87,0.0,0.0,0.9425,1.0,,
9e5f2efe340d,BIRD,include,video,,include:clip:9e5f2efe340d,data/external/include_pose/INCLUDE/Pose_Signs/Animals/4. Bird/MVI_3096.pkl,data/processed/landmarks/include/BIRD/9e5f2efe340d.npz,85,0.0,0.0,0.6353,1.0,,
dd5901935bdb,BIRD,include,video,,include:clip:dd5901935bdb,data/external/include_pose/INCLUDE/Pose_Signs/Animals/4. Bird/MVI_3037.pkl,data/processed/landmarks/include/BIRD/dd5901935bdb.npz,86,0.0,0.0,0.9419,1.0,,
9a5fb79cdca4,BIRD,include,video,,include:clip:9a5fb79cdca4,data/external/include_pose/INCLUDE/Pose_Signs/Animals/4. Bird/MVI_3012.pkl,data/processed/landmarks/include/BIRD/9a5fb79cdca4.npz,84,0.0,0.0,0.9643,1.0,,
de960a1b998c,BIRD,include,video,,include:clip:de960a1b998c,data/external/include_pose/INCLUDE/Pose_Signs/Animals/4. Bird/Extra/MVI_3045.pkl,data/processed/landmarks/include/BIRD/de960a1b998c.npz,89,0.0,0.0,0.9326,1.0,,
eb820b514aa5,BIRD,include,video,,include:clip:eb820b514aa5,data/external/include_pose/INCLUDE/Pose_Signs/Animals/4. Bird/Extra/MVI_3044.pkl,data/processed/landmarks/include/BIRD/eb820b514aa5.npz,95,0.0,0.0,0.9579,1.0,,
b87ebe1d7ad5,BIRD,include,video,,include:clip:b87ebe1d7ad5,data/external/include_pose/INCLUDE/Pose_Signs/Animals/4. Bird/Extra/MVI_3043.pkl,data/processed/landmarks/include/BIRD/b87ebe1d7ad5.npz,94,0.0,0.0,0.9574,1.0,,
ff0ccca202a9,BIRD,include,video,,include:clip:ff0ccca202a9,data/external/include_pose/INCLUDE/Pose_Signs/Animals/4. Bird/Extra/MVI_3042.pkl,data/processed/landmarks/include/BIRD/ff0ccca202a9.npz,104,0.0,0.0,0.9519,1.0,,
10131dceb0de,BIRD,include,video,,include:clip:10131dceb0de,data/external/include_pose/INCLUDE/Pose_Signs/Animals/4. Bird/Extra/MVI_3041.pkl,data/processed/landmarks/include/BIRD/10131dceb0de.npz,98,0.0,0.0,0.9388,1.0,,
b635c0709dfb,BIRD,include,video,,include:clip:b635c0709dfb,data/external/include_pose/INCLUDE/Pose_Signs/Animals/4. Bird/MVI_3011.pkl,data/processed/landmarks/include/BIRD/b635c0709dfb.npz,71,0.0,0.0,0.9437,1.0,,
1e304bd3e632,BIRD,include,video,,include:clip:1e304bd3e632,data/external/include_pose/INCLUDE/Pose_Signs/Animals/4. Bird/MVI_4155.pkl,data/processed/landmarks/include/BIRD/1e304bd3e632.npz,61,0.0,0.0,0.9016,1.0,,
97b8d6fffa1d,BIRD,include,video,,include:clip:97b8d6fffa1d,data/external/include_pose/INCLUDE/Pose_Signs/Animals/4. Bird/MVI_4157.pkl,data/processed/landmarks/include/BIRD/97b8d6fffa1d.npz,54,0.0,0.0,0.8889,1.0,,
824487ed3bfe,BIRD,include,video,,include:clip:824487ed3bfe,data/external/include_pose/INCLUDE/Pose_Signs/Animals/4. Bird/MVI_4156.pkl,data/processed/landmarks/include/BIRD/824487ed3bfe.npz,66,0.0,0.0,0.9242,1.0,,
0f597b4a476c,BIRD,include,video,,include:clip:0f597b4a476c,data/external/include_pose/INCLUDE/Pose_Signs/Animals/4. Bird/MVI_3070.pkl,data/processed/landmarks/include/BIRD/0f597b4a476c.npz,84,0.0,0.0,0.8929,1.0,,
d7624ac83f6b,BIRD,include,video,,include:clip:d7624ac83f6b,data/external/include_pose/INCLUDE/Pose_Signs/Animals/4. Bird/MVI_8568.pkl,data/processed/landmarks/include/BIRD/d7624ac83f6b.npz,76,0.0,0.0,0.5789,1.0,,
87341f837e09,BIRD,include,video,,include:clip:87341f837e09,data/external/include_pose/INCLUDE/Pose_Signs/Animals/4. Bird/MVI_3072.pkl,data/processed/landmarks/include/BIRD/87341f837e09.npz,93,0.0,0.0,0.914,1.0,,
7a7c7d70fd1d,BIRD,include,video,,include:clip:7a7c7d70fd1d,data/external/include_pose/INCLUDE/Pose_Signs/Animals/4. Bird/MVI_2988.pkl,data/processed/landmarks/include/BIRD/7a7c7d70fd1d.npz,83,0.0,0.0,0.9277,1.0,,
af5a0aa88e3d,BIRD,include,video,,include:clip:af5a0aa88e3d,data/external/include_pose/INCLUDE/Pose_Signs/Animals/4. Bird/MVI_2989.pkl,data/processed/landmarks/include/BIRD/af5a0aa88e3d.npz,64,0.0,0.0,0.9375,1.0,,
0ec551906b3f,ANIMAL,include,video,,include:clip:0ec551906b3f,data/external/include_pose/INCLUDE/Pose_Signs/Animals/8. Animal/MVI_8577.pkl,data/processed/landmarks/include/ANIMAL/0ec551906b3f.npz,92,0.0,0.0,0.587,1.0,,
0b652363ae0c,ANIMAL,include,video,,include:clip:0b652363ae0c,data/external/include_pose/INCLUDE/Pose_Signs/Animals/8. Animal/MVI_8576.pkl,data/processed/landmarks/include/ANIMAL/0b652363ae0c.npz,87,0.0,0.0,0.5977,1.0,,
91a5f78d12c0,ANIMAL,include,video,,include:clip:91a5f78d12c0,data/external/include_pose/INCLUDE/Pose_Signs/Animals/8. Animal/MVI_3084.pkl,data/processed/landmarks/include/ANIMAL/91a5f78d12c0.npz,107,0.0,0.0,0.9439,1.0,,
9d6c409c6b38,ANIMAL,include,video,,include:clip:9d6c409c6b38,data/external/include_pose/INCLUDE/Pose_Signs/Animals/8. Animal/MVI_3057.pkl,data/processed/landmarks/include/ANIMAL/9d6c409c6b38.npz,97,0.0,0.0,0.9485,1.0,,
6240fc992222,ANIMAL,include,video,,include:clip:6240fc992222,data/external/include_pose/INCLUDE/Pose_Signs/Animals/8. Animal/MVI_3056.pkl,data/processed/landmarks/include/ANIMAL/6240fc992222.npz,107,0.0,0.0,0.9533,1.0,,
3de73bf348c6,ANIMAL,include,video,,include:clip:3de73bf348c6,data/external/include_pose/INCLUDE/Pose_Signs/Animals/8. Animal/MVI_3109.pkl,data/processed/landmarks/include/ANIMAL/3de73bf348c6.npz,103,0.0,0.0,0.6408,1.0,,
a8f431618830,ANIMAL,include,video,,include:clip:a8f431618830,data/external/include_pose/INCLUDE/Pose_Signs/Animals/8. Animal/MVI_3082.pkl,data/processed/landmarks/include/ANIMAL/a8f431618830.npz,100,0.0,0.0,0.94,1.0,,
244ff7c40123,ANIMAL,include,video,,include:clip:244ff7c40123,data/external/include_pose/INCLUDE/Pose_Signs/Animals/8. Animal/MVI_3026.pkl,data/processed/landmarks/include/ANIMAL/244ff7c40123.npz,125,0.0,0.0,0.928,1.0,,
aea08678742a,ANIMAL,include,video,,include:clip:aea08678742a,data/external/include_pose/INCLUDE/Pose_Signs/Animals/8. Animal/MVI_3027.pkl,data/processed/landmarks/include/ANIMAL/aea08678742a.npz,106,0.0,0.0,0.9434,1.0,,
74380e3ec8b6,ANIMAL,include,video,,include:clip:74380e3ec8b6,data/external/include_pose/INCLUDE/Pose_Signs/Animals/8. Animal/MVI_3025.pkl,data/processed/landmarks/include/ANIMAL/74380e3ec8b6.npz,107,0.0,0.0,0.9346,1.0,,
2ea76fb120bc,ANIMAL,include,video,,include:clip:2ea76fb120bc,data/external/include_pose/INCLUDE/Pose_Signs/Animals/8. Animal/MVI_3001.pkl,data/processed/landmarks/include/ANIMAL/2ea76fb120bc.npz,104,0.0,0.0,0.8365,1.0,,
c39e0facdfa7,ANIMAL,include,video,,include:clip:c39e0facdfa7,data/external/include_pose/INCLUDE/Pose_Signs/Animals/8. Animal/MVI_4168.pkl,data/processed/landmarks/include/ANIMAL/c39e0facdfa7.npz,79,0.0,0.0,0.8987,1.0,,
4e0a643e90a7,ANIMAL,include,video,,include:clip:4e0a643e90a7,data/external/include_pose/INCLUDE/Pose_Signs/Animals/8. Animal/MVI_4169.pkl,data/processed/landmarks/include/ANIMAL/4e0a643e90a7.npz,77,0.0,0.0,0.8312,1.0,,
d22997d334ac,ANIMAL,include,video,,include:clip:d22997d334ac,data/external/include_pose/INCLUDE/Pose_Signs/Animals/8. Animal/MVI_3000.pkl,data/processed/landmarks/include/ANIMAL/d22997d334ac.npz,116,0.0,0.0,0.9052,1.0,,
793b47201683,ANIMAL,include,video,,include:clip:793b47201683,data/external/include_pose/INCLUDE/Pose_Signs/Animals/8. Animal/MVI_3058.pkl,data/processed/landmarks/include/ANIMAL/793b47201683.npz,90,0.0,0.0,0.9556,1.0,,
9182b2ca9e1e,ANIMAL,include,video,,include:clip:9182b2ca9e1e,data/external/include_pose/INCLUDE/Pose_Signs/Animals/8. Animal/MVI_2999.pkl,data/processed/landmarks/include/ANIMAL/9182b2ca9e1e.npz,104,0.0,0.0,0.8558,1.0,,
3cf07d2f26ff,COW,include,video,,include:clip:3cf07d2f26ff,data/external/include_pose/INCLUDE/Pose_Signs/Animals/5. Cow/MVI_2992.pkl,data/processed/landmarks/include/COW/3cf07d2f26ff.npz,91,0.0,0.0,0.9451,1.0,,
b3390e2f785b,COW,include,video,,include:clip:b3390e2f785b,data/external/include_pose/INCLUDE/Pose_Signs/Animals/5. Cow/MVI_3046.pkl,data/processed/landmarks/include/COW/b3390e2f785b.npz,78,0.0,0.0,0.9103,1.0,,
0864e4d1b7c4,COW,include,video,,include:clip:0864e4d1b7c4,data/external/include_pose/INCLUDE/Pose_Signs/Animals/5. Cow/MVI_2990.pkl,data/processed/landmarks/include/COW/0864e4d1b7c4.npz,73,0.0,0.0,0.8767,1.0,,
6356019c531e,COW,include,video,,include:clip:6356019c531e,data/external/include_pose/INCLUDE/Pose_Signs/Animals/5. Cow/MVI_2991.pkl,data/processed/landmarks/include/COW/6356019c531e.npz,65,0.0,0.0,0.8923,1.0,,
0106bf68a913,COW,include,video,,include:clip:0106bf68a913,data/external/include_pose/INCLUDE/Pose_Signs/Animals/5. Cow/MVI_3097.pkl,data/processed/landmarks/include/COW/0106bf68a913.npz,76,0.0,0.0,0.8553,1.0,,
e1debb3f2682,COW,include,video,,include:clip:e1debb3f2682,data/external/include_pose/INCLUDE/Pose_Signs/Animals/5. Cow/MVI_8570.pkl,data/processed/landmarks/include/COW/e1debb3f2682.npz,75,0.0,0.0,0.5733,1.0,,
d250d6882065,COW,include,video,,include:clip:d250d6882065,data/external/include_pose/INCLUDE/Pose_Signs/Animals/5. Cow/MVI_4158.pkl,data/processed/landmarks/include/COW/d250d6882065.npz,59,0.0,0.0,0.8644,1.0,,
63277832393e,COW,include,video,,include:clip:63277832393e,data/external/include_pose/INCLUDE/Pose_Signs/Animals/5. Cow/MVI_4159.pkl,data/processed/landmarks/include/COW/63277832393e.npz,50,0.0,0.0,0.9,1.0,,
3ebb79e0afb5,COW,include,video,,include:clip:3ebb79e0afb5,data/external/include_pose/INCLUDE/Pose_Signs/Animals/5. Cow/MVI_4160.pkl,data/processed/landmarks/include/COW/3ebb79e0afb5.npz,57,0.0,0.0,0.8947,1.0,,
b2c176609ab7,COW,include,video,,include:clip:b2c176609ab7,data/external/include_pose/INCLUDE/Pose_Signs/Animals/5. Cow/MVI_3015.pkl,data/processed/landmarks/include/COW/b2c176609ab7.npz,99,0.0,0.0,0.9394,1.0,,
da5974da048f,COW,include,video,,include:clip:da5974da048f,data/external/include_pose/INCLUDE/Pose_Signs/Animals/5. Cow/MVI_3016.pkl,data/processed/landmarks/include/COW/da5974da048f.npz,100,0.0,0.0,0.98,1.0,,
5a732e0a1a86,COW,include,video,,include:clip:5a732e0a1a86,data/external/include_pose/INCLUDE/Pose_Signs/Animals/5. Cow/MVI_3017.pkl,data/processed/landmarks/include/COW/5a732e0a1a86.npz,91,0.0,0.0,0.9341,1.0,,
62d1f600eaf0,COW,include,video,,include:clip:62d1f600eaf0,data/external/include_pose/INCLUDE/Pose_Signs/Animals/5. Cow/MVI_3073.pkl,data/processed/landmarks/include/COW/62d1f600eaf0.npz,87,0.0,0.0,0.9195,1.0,,
21911a843770,COW,include,video,,include:clip:21911a843770,data/external/include_pose/INCLUDE/Pose_Signs/Animals/5. Cow/MVI_3098.pkl,data/processed/landmarks/include/COW/21911a843770.npz,77,0.0,0.0,0.8831,1.0,,
4e6687883a42,COW,include,video,,include:clip:4e6687883a42,data/external/include_pose/INCLUDE/Pose_Signs/Animals/5. Cow/MVI_3099.pkl,data/processed/landmarks/include/COW/4e6687883a42.npz,76,0.0,0.0,0.8421,1.0,,
eeda89ab73da,COW,include,video,,include:clip:eeda89ab73da,data/external/include_pose/INCLUDE/Pose_Signs/Animals/5. Cow/MVI_3049.pkl,data/processed/landmarks/include/COW/eeda89ab73da.npz,100,0.0,0.0,0.95,1.0,,
90f7d9da7049,COW,include,video,,include:clip:90f7d9da7049,data/external/include_pose/INCLUDE/Pose_Signs/Animals/5. Cow/MVI_3075.pkl,data/processed/landmarks/include/COW/90f7d9da7049.npz,84,0.0,0.0,0.8929,1.0,,
b1a9aa3658ef,FATHER,include,video,,include:clip:b1a9aa3658ef,data/external/include_pose/INCLUDE/Pose_Signs/People/61. Father/MVI_3910.pkl,data/processed/landmarks/include/FATHER/b1a9aa3658ef.npz,71,0.0,0.0,0.9577,1.0,,
018f291b3958,FATHER,include,video,,include:clip:018f291b3958,data/external/include_pose/INCLUDE/Pose_Signs/People/61. Father/MVI_5227.pkl,data/processed/landmarks/include/FATHER/018f291b3958.npz,50,0.0,0.0,0.98,1.0,,
306a7a50bdfc,FATHER,include,video,,include:clip:306a7a50bdfc,data/external/include_pose/INCLUDE/Pose_Signs/People/61. Father/MVI_3912.pkl,data/processed/landmarks/include/FATHER/306a7a50bdfc.npz,94,0.0,0.0,0.9894,1.0,,
2354566040be,FATHER,include,video,,include:clip:2354566040be,data/external/include_pose/INCLUDE/Pose_Signs/People/61. Father/MVI_4940.pkl,data/processed/landmarks/include/FATHER/2354566040be.npz,60,0.0,0.0,0.9833,1.0,,
5d16dcc08645,FATHER,include,video,,include:clip:5d16dcc08645,data/external/include_pose/INCLUDE/Pose_Signs/People/61. Father/MVI_5082.pkl,data/processed/landmarks/include/FATHER/5d16dcc08645.npz,66,0.0,0.0,0.8939,1.0,,
b96b2187e9b0,FATHER,include,video,,include:clip:b96b2187e9b0,data/external/include_pose/INCLUDE/Pose_Signs/People/61. Father/MVI_4941.pkl,data/processed/landmarks/include/FATHER/b96b2187e9b0.npz,49,0.0,0.0,0.9592,1.0,,
53b03689fc8e,FATHER,include,video,,include:clip:53b03689fc8e,data/external/include_pose/INCLUDE/Pose_Signs/People/61. Father/MVI_5081.pkl,data/processed/landmarks/include/FATHER/53b03689fc8e.npz,60,0.0,0.0,0.9333,1.0,,
17d5234abb05,FATHER,include,video,,include:clip:17d5234abb05,data/external/include_pose/INCLUDE/Pose_Signs/People/61. Father/MVI_5080.pkl,data/processed/landmarks/include/FATHER/17d5234abb05.npz,58,0.0,0.0,0.931,1.0,,
1ca7806b3519,FATHER,include,video,,include:clip:1ca7806b3519,data/external/include_pose/INCLUDE/Pose_Signs/People/61. Father/MVI_4942.pkl,data/processed/landmarks/include/FATHER/1ca7806b3519.npz,59,0.0,0.0,0.9492,1.0,,
9822af84e42d,FATHER,include,video,,include:clip:9822af84e42d,data/external/include_pose/INCLUDE/Pose_Signs/People/61. Father/MVI_3763.pkl,data/processed/landmarks/include/FATHER/9822af84e42d.npz,51,0.0,0.0,0.902,1.0,,
aa5e37c5a3b4,FATHER,include,video,,include:clip:aa5e37c5a3b4,data/external/include_pose/INCLUDE/Pose_Signs/People/61. Father/MVI_4223.pkl,data/processed/landmarks/include/FATHER/aa5e37c5a3b4.npz,63,0.0,0.0,0.9683,1.0,,
9dbb47e3d535,FATHER,include,video,,include:clip:9dbb47e3d535,data/external/include_pose/INCLUDE/Pose_Signs/People/61. Father/MVI_3765.pkl,data/processed/landmarks/include/FATHER/9dbb47e3d535.npz,55,0.0,0.0,0.9091,1.0,,
2e8afa7f1d0b,FATHER,include,video,,include:clip:2e8afa7f1d0b,data/external/include_pose/INCLUDE/Pose_Signs/People/61. Father/MVI_5229.pkl,data/processed/landmarks/include/FATHER/2e8afa7f1d0b.npz,48,0.0,0.0,0.9792,1.0,,
3379fe74b6ed,FATHER,include,video,,include:clip:3379fe74b6ed,data/external/include_pose/INCLUDE/Pose_Signs/People/61. Father/MVI_5228.pkl,data/processed/landmarks/include/FATHER/3379fe74b6ed.npz,50,0.0,0.0,0.98,1.0,,
83345a35b897,FATHER,include,video,,include:clip:83345a35b897,data/external/include_pose/INCLUDE/Pose_Signs/People/61. Father/MVI_8626.pkl,data/processed/landmarks/include/FATHER/83345a35b897.npz,66,0.0,0.0,0.8333,1.0,,
7d1d7b518222,FATHER,include,video,,include:clip:7d1d7b518222,data/external/include_pose/INCLUDE/Pose_Signs/People/61. Father/MVI_3909.pkl,data/processed/landmarks/include/FATHER/7d1d7b518222.npz,71,0.0,0.0,0.9577,1.0,,
4392337cafa8,CHILD,include,video,,include:clip:4392337cafa8,data/external/include_pose/INCLUDE/Pose_Signs/People/79. Child/MVI_4116.pkl,data/processed/landmarks/include/CHILD/4392337cafa8.npz,53,0.0,0.0,1.0,1.0,,
f43ba95334a8,CHILD,include,video,,include:clip:f43ba95334a8,data/external/include_pose/INCLUDE/Pose_Signs/People/79. Child/MVI_4117.pkl,data/processed/landmarks/include/CHILD/f43ba95334a8.npz,44,0.0,0.0,1.0,1.0,,
3be0310144db,CHILD,include,video,,include:clip:3be0310144db,data/external/include_pose/INCLUDE/Pose_Signs/People/79. Child/MVI_4991.pkl,data/processed/landmarks/include/CHILD/3be0310144db.npz,39,0.0,0.0,1.0,1.0,,
c6c0ca5b7eac,CHILD,include,video,,include:clip:c6c0ca5b7eac,data/external/include_pose/INCLUDE/Pose_Signs/People/79. Child/MVI_5293.pkl,data/processed/landmarks/include/CHILD/c6c0ca5b7eac.npz,47,0.0,0.0,1.0,1.0,,
4f03786a0ace,CHILD,include,video,,include:clip:4f03786a0ace,data/external/include_pose/INCLUDE/Pose_Signs/People/79. Child/MVI_4992.pkl,data/processed/landmarks/include/CHILD/4f03786a0ace.npz,37,0.0,0.0,1.0,1.0,,
fde19b519772,CHILD,include,video,,include:clip:fde19b519772,data/external/include_pose/INCLUDE/Pose_Signs/People/79. Child/MVI_3970.pkl,data/processed/landmarks/include/CHILD/fde19b519772.npz,92,0.0,0.0,1.0,1.0,,
660e76954130,CHILD,include,video,,include:clip:660e76954130,data/external/include_pose/INCLUDE/Pose_Signs/People/79. Child/MVI_4993.pkl,data/processed/landmarks/include/CHILD/660e76954130.npz,37,0.0,0.0,1.0,1.0,,
e7a16aba6bf9,CHILD,include,video,,include:clip:e7a16aba6bf9,data/external/include_pose/INCLUDE/Pose_Signs/People/79. Child/MVI_5294.pkl,data/processed/landmarks/include/CHILD/e7a16aba6bf9.npz,53,0.0,0.0,1.0,1.0,,
b8f4dae51bfb,CHILD,include,video,,include:clip:b8f4dae51bfb,data/external/include_pose/INCLUDE/Pose_Signs/People/79. Child/MVI_5295.pkl,data/processed/landmarks/include/CHILD/b8f4dae51bfb.npz,49,0.0,0.0,1.0,1.0,,
d2206730367c,CHILD,include,video,,include:clip:d2206730367c,data/external/include_pose/INCLUDE/Pose_Signs/People/79. Child/MVI_5138.pkl,data/processed/landmarks/include/CHILD/d2206730367c.npz,49,0.0,0.0,1.0,1.0,,
705fdf98eb20,CHILD,include,video,,include:clip:705fdf98eb20,data/external/include_pose/INCLUDE/Pose_Signs/People/79. Child/MVI_3820.pkl,data/processed/landmarks/include/CHILD/705fdf98eb20.npz,58,0.0,0.0,1.0,1.0,,
255487cfc966,CHILD,include,video,,include:clip:255487cfc966,data/external/include_pose/INCLUDE/Pose_Signs/People/79. Child/MVI_3821.pkl,data/processed/landmarks/include/CHILD/255487cfc966.npz,51,0.0,0.0,1.0,1.0,,
ddae949f201b,CHILD,include,video,,include:clip:ddae949f201b,data/external/include_pose/INCLUDE/Pose_Signs/People/79. Child/MVI_3969.pkl,data/processed/landmarks/include/CHILD/ddae949f201b.npz,92,0.0,0.0,1.0,1.0,,
0466b461fc6c,CHILD,include,video,,include:clip:0466b461fc6c,data/external/include_pose/INCLUDE/Pose_Signs/People/79. Child/MVI_3822.pkl,data/processed/landmarks/include/CHILD/0466b461fc6c.npz,56,0.0,0.0,1.0,1.0,,
5509f202cfc0,CHILD,include,video,,include:clip:5509f202cfc0,data/external/include_pose/INCLUDE/Pose_Signs/People/79. Child/MVI_4118.pkl,data/processed/landmarks/include/CHILD/5509f202cfc0.npz,48,0.0,0.0,1.0,1.0,,
df3614a0e1f3,CHILD,include,video,,include:clip:df3614a0e1f3,data/external/include_pose/INCLUDE/Pose_Signs/People/79. Child/MVI_4244.pkl,data/processed/landmarks/include/CHILD/df3614a0e1f3.npz,44,0.0,0.0,1.0,1.0,,
90080b0dacdc,KING,include,video,,include:clip:90080b0dacdc,data/external/include_pose/INCLUDE/Pose_Signs/People/73. King/MVI_4098.pkl,data/processed/landmarks/include/KING/90080b0dacdc.npz,64,0.0,0.0,1.0,1.0,,
99787a705184,KING,include,video,,include:clip:99787a705184,data/external/include_pose/INCLUDE/Pose_Signs/People/73. King/MVI_4238.pkl,data/processed/landmarks/include/KING/99787a705184.npz,53,0.0,0.0,1.0,1.0,,
ae72a950a2f7,KING,include,video,,include:clip:ae72a950a2f7,data/external/include_pose/INCLUDE/Pose_Signs/People/73. King/MVI_3804.pkl,data/processed/landmarks/include/KING/ae72a950a2f7.npz,51,0.0,0.0,1.0,1.0,,
783983cfafe3,KING,include,video,,include:clip:783983cfafe3,data/external/include_pose/INCLUDE/Pose_Signs/People/73. King/MVI_4968.pkl,data/processed/landmarks/include/KING/783983cfafe3.npz,49,0.0,0.0,1.0,1.0,,
08f062f18bd2,KING,include,video,,include:clip:08f062f18bd2,data/external/include_pose/INCLUDE/Pose_Signs/People/73. King/MVI_5120.pkl,data/processed/landmarks/include/KING/08f062f18bd2.npz,62,0.0,0.0,1.0,1.0,,
d1c5ce77020f,KING,include,video,,include:clip:d1c5ce77020f,data/external/include_pose/INCLUDE/Pose_Signs/People/73. King/MVI_4969.pkl,data/processed/landmarks/include/KING/d1c5ce77020f.npz,53,0.0,0.0,1.0,1.0,,
d180b50ef173,KING,include,video,,include:clip:d180b50ef173,data/external/include_pose/INCLUDE/Pose_Signs/People/73. King/MVI_5122.pkl,data/processed/landmarks/include/KING/d180b50ef173.npz,65,0.0,0.0,0.8308,1.0,,
c1dec7e1dd64,KING,include,video,,include:clip:c1dec7e1dd64,data/external/include_pose/INCLUDE/Pose_Signs/People/73. King/MVI_5268.pkl,data/processed/landmarks/include/KING/c1dec7e1dd64.npz,56,0.0,0.0,1.0,1.0,,
1647fcffec0d,KING,include,video,,include:clip:1647fcffec0d,data/external/include_pose/INCLUDE/Pose_Signs/People/73. King/MVI_3802.pkl,data/processed/landmarks/include/KING/1647fcffec0d.npz,69,0.0,0.0,1.0,1.0,,
348af1c4279f,KING,include,video,,include:clip:348af1c4279f,data/external/include_pose/INCLUDE/Pose_Signs/People/73. King/MVI_3803.pkl,data/processed/landmarks/include/KING/348af1c4279f.npz,57,0.0,0.0,1.0,1.0,,
8e727a74c314,KING,include,video,,include:clip:8e727a74c314,data/external/include_pose/INCLUDE/Pose_Signs/People/73. King/MVI_3952.pkl,data/processed/landmarks/include/KING/8e727a74c314.npz,73,0.0,0.0,1.0,1.0,,
e6eb2502b190,KING,include,video,,include:clip:e6eb2502b190,data/external/include_pose/INCLUDE/Pose_Signs/People/73. King/MVI_8640.pkl,data/processed/landmarks/include/KING/e6eb2502b190.npz,66,0.0,0.0,0.803,1.0,,
16bcc57058f2,KING,include,video,,include:clip:16bcc57058f2,data/external/include_pose/INCLUDE/Pose_Signs/People/73. King/MVI_3951.pkl,data/processed/landmarks/include/KING/16bcc57058f2.npz,87,0.0,0.0,1.0,1.0,,
6af02770b989,KING,include,video,,include:clip:6af02770b989,data/external/include_pose/INCLUDE/Pose_Signs/People/73. King/MVI_3950.pkl,data/processed/landmarks/include/KING/6af02770b989.npz,72,0.0,0.0,1.0,1.0,,
a3eb49c30131,KING,include,video,,include:clip:a3eb49c30131,data/external/include_pose/INCLUDE/Pose_Signs/People/73. King/MVI_4097.pkl,data/processed/landmarks/include/KING/a3eb49c30131.npz,60,0.0,0.0,1.0,1.0,,
fcfddbb77954,KING,include,video,,include:clip:fcfddbb77954,data/external/include_pose/INCLUDE/Pose_Signs/People/73. King/MVI_4096.pkl,data/processed/landmarks/include/KING/fcfddbb77954.npz,69,0.0,0.0,1.0,1.0,,
ce0686a3ce88,WIFE,include,video,,include:clip:ce0686a3ce88,data/external/include_pose/INCLUDE/Pose_Signs/People/72. Wife/MVI_8639.pkl,data/processed/landmarks/include/WIFE/ce0686a3ce88.npz,61,0.0,0.0,0.8197,1.0,,
92886310dc02,WIFE,include,video,,include:clip:92886310dc02,data/external/include_pose/INCLUDE/Pose_Signs/People/72. Wife/MVI_5119.pkl,data/processed/landmarks/include/WIFE/92886310dc02.npz,59,0.0,0.0,0.8305,1.0,,
7a0c3a39ebdf,WIFE,include,video,,include:clip:7a0c3a39ebdf,data/external/include_pose/INCLUDE/Pose_Signs/People/72. Wife/MVI_3949.pkl,data/processed/landmarks/include/WIFE/7a0c3a39ebdf.npz,69,0.0,0.0,0.9275,1.0,,
c29dcc3d757e,WIFE,include,video,,include:clip:c29dcc3d757e,data/external/include_pose/INCLUDE/Pose_Signs/People/72. Wife/MVI_3801.pkl,data/processed/landmarks/include/WIFE/c29dcc3d757e.npz,51,0.0,0.0,0.8431,1.0,,
051dec1af6b1,WIFE,include,video,,include:clip:051dec1af6b1,data/external/include_pose/INCLUDE/Pose_Signs/People/72. Wife/MVI_3948.pkl,data/processed/landmarks/include/WIFE/051dec1af6b1.npz,67,0.0,0.0,0.9403,1.0,,
42cc2f956166,WIFE,include,video,,include:clip:42cc2f956166,data/external/include_pose/INCLUDE/Pose_Signs/People/72. Wife/MVI_5264.pkl,data/processed/landmarks/include/WIFE/42cc2f956166.npz,59,0.0,0.0,0.9322,1.0,,
00634f206b3e,WIFE,include,video,,include:clip:00634f206b3e,data/external/include_pose/INCLUDE/Pose_Signs/People/72. Wife/MVI_5265.pkl,data/processed/landmarks/include/WIFE/00634f206b3e.npz,59,0.0,0.0,0.9831,1.0,,
1b051b310eb2,WIFE,include,video,,include:clip:1b051b310eb2,data/external/include_pose/INCLUDE/Pose_Signs/People/72. Wife/MVI_3947.pkl,data/processed/landmarks/include/WIFE/1b051b310eb2.npz,64,0.0,0.0,0.9531,1.0,,
17f2a96db53a,WIFE,include,video,,include:clip:17f2a96db53a,data/external/include_pose/INCLUDE/Pose_Signs/People/72. Wife/MVI_4964.pkl,data/processed/landmarks/include/WIFE/17f2a96db53a.npz,46,0.0,0.0,1.0,1.0,,
61c69e8e83b7,WIFE,include,video,,include:clip:61c69e8e83b7,data/external/include_pose/INCLUDE/Pose_Signs/People/72. Wife/MVI_5266.pkl,data/processed/landmarks/include/WIFE/61c69e8e83b7.npz,60,0.0,0.0,0.8667,1.0,,
43b9ed76f02a,WIFE,include,video,,include:clip:43b9ed76f02a,data/external/include_pose/INCLUDE/Pose_Signs/People/72. Wife/MVI_4965.pkl,data/processed/landmarks/include/WIFE/43b9ed76f02a.npz,50,0.0,0.0,0.92,1.0,,
b40f0fc7deed,WIFE,include,video,,include:clip:b40f0fc7deed,data/external/include_pose/INCLUDE/Pose_Signs/People/72. Wife/MVI_4237.pkl,data/processed/landmarks/include/WIFE/b40f0fc7deed.npz,53,0.0,0.0,0.9623,1.0,,
b4a968b27c77,WIFE,include,video,,include:clip:b4a968b27c77,data/external/include_pose/INCLUDE/Pose_Signs/People/72. Wife/MVI_5117.pkl,data/processed/landmarks/include/WIFE/b4a968b27c77.npz,75,0.0,0.0,0.8667,1.0,,
c8f4198f2657,WIFE,include,video,,include:clip:c8f4198f2657,data/external/include_pose/INCLUDE/Pose_Signs/People/72. Wife/MVI_4093.pkl,data/processed/landmarks/include/WIFE/c8f4198f2657.npz,69,0.0,0.0,0.9275,1.0,,
a536281c602e,WIFE,include,video,,include:clip:a536281c602e,data/external/include_pose/INCLUDE/Pose_Signs/People/72. Wife/MVI_4094.pkl,data/processed/landmarks/include/WIFE/a536281c602e.npz,62,0.0,0.0,0.9032,1.0,,
3a2b6a368912,WIFE,include,video,,include:clip:3a2b6a368912,data/external/include_pose/INCLUDE/Pose_Signs/People/72. Wife/MVI_4095.pkl,data/processed/landmarks/include/WIFE/3a2b6a368912.npz,68,0.0,0.0,0.9265,1.0,,
a06e42467e67,WOMAN,include,video,,include:clip:a06e42467e67,data/external/include_pose/INCLUDE/Pose_Signs/People/65. Woman/MVI_4073.pkl,data/processed/landmarks/include/WOMAN/a06e42467e67.npz,49,0.0,0.0,1.0,1.0,,
25fd1e79c259,WOMAN,include,video,,include:clip:25fd1e79c259,data/external/include_pose/INCLUDE/Pose_Signs/People/65. Woman/MVI_4074.pkl,data/processed/landmarks/include/WOMAN/25fd1e79c259.npz,51,0.0,0.0,1.0,1.0,,
59996261e0ee,WOMAN,include,video,,include:clip:59996261e0ee,data/external/include_pose/INCLUDE/Pose_Signs/People/65. Woman/MVI_4952.pkl,data/processed/landmarks/include/WOMAN/59996261e0ee.npz,65,0.0,0.0,1.0,1.0,,
70940b8f06fb,WOMAN,include,video,,include:clip:70940b8f06fb,data/external/include_pose/INCLUDE/Pose_Signs/People/65. Woman/MVI_5093.pkl,data/processed/landmarks/include/WOMAN/70940b8f06fb.npz,65,0.0,0.0,0.9692,1.0,,
b9d40d521b2a,WOMAN,include,video,,include:clip:b9d40d521b2a,data/external/include_pose/INCLUDE/Pose_Signs/People/65. Woman/MVI_5092.pkl,data/processed/landmarks/include/WOMAN/b9d40d521b2a.npz,56,0.0,0.0,0.9821,1.0,,
bf6e68956305,WOMAN,include,video,,include:clip:bf6e68956305,data/external/include_pose/INCLUDE/Pose_Signs/People/65. Woman/MVI_4954.pkl,data/processed/landmarks/include/WOMAN/bf6e68956305.npz,50,0.0,0.0,1.0,1.0,,
0973caf063b1,WOMAN,include,video,,include:clip:0973caf063b1,data/external/include_pose/INCLUDE/Pose_Signs/People/65. Woman/MVI_5242.pkl,data/processed/landmarks/include/WOMAN/0973caf063b1.npz,43,0.0,0.0,1.0,1.0,,
bb4222a177c8,WOMAN,include,video,,include:clip:bb4222a177c8,data/external/include_pose/INCLUDE/Pose_Signs/People/65. Woman/MVI_5240.pkl,data/processed/landmarks/include/WOMAN/bb4222a177c8.npz,61,0.0,0.0,1.0,1.0,,
0f4e1ac2b8b3,WOMAN,include,video,,include:clip:0f4e1ac2b8b3,data/external/include_pose/INCLUDE/Pose_Signs/People/65. Woman/MVI_5241.pkl,data/processed/landmarks/include/WOMAN/0f4e1ac2b8b3.npz,61,0.0,0.0,1.0,1.0,,
d876b8a1ca0f,WOMAN,include,video,,include:clip:d876b8a1ca0f,data/external/include_pose/INCLUDE/Pose_Signs/People/65. Woman/MVI_5094.pkl,data/processed/landmarks/include/WOMAN/d876b8a1ca0f.npz,66,0.0,0.0,0.9545,1.0,,
32120c39d050,WOMAN,include,video,,include:clip:32120c39d050,data/external/include_pose/INCLUDE/Pose_Signs/People/65. Woman/MVI_3775.pkl,data/processed/landmarks/include/WOMAN/32120c39d050.npz,53,0.0,0.0,1.0,1.0,,
258a25e5f367,WOMAN,include,video,,include:clip:258a25e5f367,data/external/include_pose/INCLUDE/Pose_Signs/People/65. Woman/MVI_3776.pkl,data/processed/landmarks/include/WOMAN/258a25e5f367.npz,48,0.0,0.0,1.0,1.0,,
679c7f0fc8ad,WOMAN,include,video,,include:clip:679c7f0fc8ad,data/external/include_pose/INCLUDE/Pose_Signs/People/65. Woman/MVI_3925.pkl,data/processed/landmarks/include/WOMAN/679c7f0fc8ad.npz,64,0.0,0.0,1.0,1.0,,
b2bbd6a629a7,WOMAN,include,video,,include:clip:b2bbd6a629a7,data/external/include_pose/INCLUDE/Pose_Signs/People/65. Woman/MVI_3924.pkl,data/processed/landmarks/include/WOMAN/b2bbd6a629a7.npz,70,0.0,0.0,1.0,1.0,,
a546ae55d2f7,WOMAN,include,video,,include:clip:a546ae55d2f7,data/external/include_pose/INCLUDE/Pose_Signs/People/65. Woman/MVI_3926.pkl,data/processed/landmarks/include/WOMAN/a546ae55d2f7.npz,57,0.0,0.0,1.0,1.0,,
bec6b46fced4,WOMAN,include,video,,include:clip:bec6b46fced4,data/external/include_pose/INCLUDE/Pose_Signs/People/65. Woman/MVI_8630.pkl,data/processed/landmarks/include/WOMAN/bec6b46fced4.npz,56,0.0,0.0,0.625,1.0,,
086301af0ccf,BROTHER,include,video,,include:clip:086301af0ccf,data/external/include_pose/INCLUDE/Pose_Signs/People/66. Brother/MVI_4076.pkl,data/processed/landmarks/include/BROTHER/086301af0ccf.npz,56,0.0,0.0,1.0,1.0,,
a421bdf2db77,BROTHER,include,video,,include:clip:a421bdf2db77,data/external/include_pose/INCLUDE/Pose_Signs/People/66. Brother/MVI_4077.pkl,data/processed/landmarks/include/BROTHER/a421bdf2db77.npz,53,0.0,0.0,1.0,1.0,,
7172faaf538f,BROTHER,include,video,,include:clip:7172faaf538f,data/external/include_pose/INCLUDE/Pose_Signs/People/66. Brother/MVI_3929.pkl,data/processed/landmarks/include/BROTHER/7172faaf538f.npz,72,0.0,0.0,1.0,1.0,,
c983d2d94b27,BROTHER,include,video,,include:clip:c983d2d94b27,data/external/include_pose/INCLUDE/Pose_Signs/People/66. Brother/MVI_3928.pkl,data/processed/landmarks/include/BROTHER/c983d2d94b27.npz,85,0.0,0.0,1.0,1.0,,
3a129ea1a008,BROTHER,include,video,,include:clip:3a129ea1a008,data/external/include_pose/INCLUDE/Pose_Signs/People/66. Brother/MVI_5245.pkl,data/processed/landmarks/include/BROTHER/3a129ea1a008.npz,62,0.0,0.0,1.0,1.0,,
d4609bb1067e,BROTHER,include,video,,include:clip:d4609bb1067e,data/external/include_pose/INCLUDE/Pose_Signs/People/66. Brother/MVI_5244.pkl,data/processed/landmarks/include/BROTHER/d4609bb1067e.npz,61,0.0,0.0,1.0,1.0,,
27ccd8103f6e,BROTHER,include,video,,include:clip:27ccd8103f6e,data/external/include_pose/INCLUDE/Pose_Signs/People/66. Brother/MVI_3780.pkl,data/processed/landmarks/include/BROTHER/27ccd8103f6e.npz,58,0.0,0.0,1.0,1.0,,
19e457b6ca20,BROTHER,include,video,,include:clip:19e457b6ca20,data/external/include_pose/INCLUDE/Pose_Signs/People/66. Brother/MVI_3781.pkl,data/processed/landmarks/include/BROTHER/19e457b6ca20.npz,61,0.0,0.0,1.0,1.0,,
3caf3e4e62c3,BROTHER,include,video,,include:clip:3caf3e4e62c3,data/external/include_pose/INCLUDE/Pose_Signs/People/66. Brother/MVI_5243.pkl,data/processed/landmarks/include/BROTHER/3caf3e4e62c3.npz,57,0.0,0.0,1.0,1.0,,
4da6a87cf8c6,BROTHER,include,video,,include:clip:4da6a87cf8c6,data/external/include_pose/INCLUDE/Pose_Signs/People/66. Brother/MVI_5097.pkl,data/processed/landmarks/include/BROTHER/4da6a87cf8c6.npz,67,0.0,0.0,0.9701,1.0,,
e6d76a025831,BROTHER,include,video,,include:clip:e6d76a025831,data/external/include_pose/INCLUDE/Pose_Signs/People/66. Brother/MVI_4955.pkl,data/processed/landmarks/include/BROTHER/e6d76a025831.npz,41,0.0,0.0,1.0,1.0,,
bf6d6701c38d,BROTHER,include,video,,include:clip:bf6d6701c38d,data/external/include_pose/INCLUDE/Pose_Signs/People/66. Brother/MVI_3779.pkl,data/processed/landmarks/include/BROTHER/bf6d6701c38d.npz,57,0.0,0.0,1.0,1.0,,
16fb270c51e2,BROTHER,include,video,,include:clip:16fb270c51e2,data/external/include_pose/INCLUDE/Pose_Signs/People/66. Brother/MVI_4957.pkl,data/processed/landmarks/include/BROTHER/16fb270c51e2.npz,54,0.0,0.0,1.0,1.0,,
9ca89311eb1c,BROTHER,include,video,,include:clip:9ca89311eb1c,data/external/include_pose/INCLUDE/Pose_Signs/People/66. Brother/MVI_4956.pkl,data/processed/landmarks/include/BROTHER/9ca89311eb1c.npz,52,0.0,0.0,1.0,1.0,,
db023d95d825,BROTHER,include,video,,include:clip:db023d95d825,data/external/include_pose/INCLUDE/Pose_Signs/People/66. Brother/MVI_3778.pkl,data/processed/landmarks/include/BROTHER/db023d95d825.npz,59,0.0,0.0,1.0,1.0,,
5d1a77d85606,BROTHER,include,video,,include:clip:5d1a77d85606,data/external/include_pose/INCLUDE/Pose_Signs/People/66. Brother/MVI_4230.pkl,data/processed/landmarks/include/BROTHER/5d1a77d85606.npz,51,0.0,0.0,1.0,1.0,,
acad286c3f7f,BROTHER,include,video,,include:clip:acad286c3f7f,data/external/include_pose/INCLUDE/Pose_Signs/People/66. Brother/MVI_8631.pkl,data/processed/landmarks/include/BROTHER/acad286c3f7f.npz,63,0.0,0.0,0.7143,1.0,,
acbbf07d1409,PLAYER,include,video,,include:clip:acbbf07d1409,data/external/include_pose/INCLUDE/Pose_Signs/People/82. Player/MVI_5150.pkl,data/processed/landmarks/include/PLAYER/acbbf07d1409.npz,72,0.0,0.0,0.9444,1.0,,
55bbb4640466,PLAYER,include,video,,include:clip:55bbb4640466,data/external/include_pose/INCLUDE/Pose_Signs/People/82. Player/MVI_3829.pkl,data/processed/landmarks/include/PLAYER/55bbb4640466.npz,62,0.0,0.0,0.9516,1.0,,
c55c3e82cf3a,PLAYER,include,video,,include:clip:c55c3e82cf3a,data/external/include_pose/INCLUDE/Pose_Signs/People/82. Player/MVI_5305.pkl,data/processed/landmarks/include/PLAYER/c55c3e82cf3a.npz,59,0.0,0.0,0.9831,1.0,,
27f009239c4c,PLAYER,include,video,,include:clip:27f009239c4c,data/external/include_pose/INCLUDE/Pose_Signs/People/82. Player/MVI_3831.pkl,data/processed/landmarks/include/PLAYER/27f009239c4c.npz,67,0.0,0.0,0.9701,1.0,,
79910238b3be,PLAYER,include,video,,include:clip:79910238b3be,data/external/include_pose/INCLUDE/Pose_Signs/People/82. Player/MVI_3978.pkl,data/processed/landmarks/include/PLAYER/79910238b3be.npz,77,0.0,0.0,0.961,1.0,,
57cb5d55e75c,PLAYER,include,video,,include:clip:57cb5d55e75c,data/external/include_pose/INCLUDE/Pose_Signs/People/82. Player/MVI_5303.pkl,data/processed/landmarks/include/PLAYER/57cb5d55e75c.npz,56,0.0,0.0,0.9821,1.0,,
f41941bc2198,PLAYER,include,video,,include:clip:f41941bc2198,data/external/include_pose/INCLUDE/Pose_Signs/People/82. Player/MVI_3980.pkl,data/processed/landmarks/include/PLAYER/f41941bc2198.npz,71,0.0,0.0,0.9718,1.0,,
ecad0c417956,PLAYER,include,video,,include:clip:ecad0c417956,data/external/include_pose/INCLUDE/Pose_Signs/People/82. Player/MVI_4247.pkl,data/processed/landmarks/include/PLAYER/ecad0c417956.npz,60,0.0,0.0,0.9667,1.0,,
68a6d3c7a382,PLAYER,include,video,,include:clip:68a6d3c7a382,data/external/include_pose/INCLUDE/Pose_Signs/People/82. Player/MVI_4125.pkl,data/processed/landmarks/include/PLAYER/68a6d3c7a382.npz,58,0.0,0.0,0.9655,1.0,,
353b5bc8538a,PLAYER,include,video,,include:clip:353b5bc8538a,data/external/include_pose/INCLUDE/Pose_Signs/People/82. Player/MVI_4126.pkl,data/processed/landmarks/include/PLAYER/353b5bc8538a.npz,62,0.0,0.0,0.9677,1.0,,
b73a65e69850,PLAYER,include,video,,include:clip:b73a65e69850,data/external/include_pose/INCLUDE/Pose_Signs/People/82. Player/MVI_4127.pkl,data/processed/landmarks/include/PLAYER/b73a65e69850.npz,68,0.0,0.0,0.9853,1.0,,
7b35e7141bf3,PLAYER,include,video,,include:clip:7b35e7141bf3,data/external/include_pose/INCLUDE/Pose_Signs/People/82. Player/MVI_5002.pkl,data/processed/landmarks/include/PLAYER/7b35e7141bf3.npz,52,0.0,0.0,1.0,1.0,,
4f3e6d752931,PLAYER,include,video,,include:clip:4f3e6d752931,data/external/include_pose/INCLUDE/Pose_Signs/People/82. Player/MVI_5148.pkl,data/processed/landmarks/include/PLAYER/4f3e6d752931.npz,63,0.0,0.0,0.9524,1.0,,
c2333f7788e0,PLAYER,include,video,,include:clip:c2333f7788e0,data/external/include_pose/INCLUDE/Pose_Signs/People/82. Player/MVI_5000.pkl,data/processed/landmarks/include/PLAYER/c2333f7788e0.npz,57,0.0,0.0,1.0,1.0,,
1e76a563834e,PLAYER,include,video,,include:clip:1e76a563834e,data/external/include_pose/INCLUDE/Pose_Signs/People/82. Player/MVI_5001.pkl,data/processed/landmarks/include/PLAYER/1e76a563834e.npz,66,0.0,0.0,1.0,1.0,,
168dbbf2f1cc,PLAYER,include,video,,include:clip:168dbbf2f1cc,data/external/include_pose/INCLUDE/Pose_Signs/People/82. Player/MVI_5149.pkl,data/processed/landmarks/include/PLAYER/168dbbf2f1cc.npz,61,0.0,0.0,0.9016,1.0,,
a50a7590c2d3,MAN,include,video,,include:clip:a50a7590c2d3,data/external/include_pose/INCLUDE/Pose_Signs/People/64. Man/MVI_4070.pkl,data/processed/landmarks/include/MAN/a50a7590c2d3.npz,56,0.0,0.0,1.0,1.0,,
6e326244ac70,MAN,include,video,,include:clip:6e326244ac70,data/external/include_pose/INCLUDE/Pose_Signs/People/64. Man/MVI_4071.pkl,data/processed/landmarks/include/MAN/6e326244ac70.npz,61,0.0,0.0,1.0,1.0,,
1a9074a00575,MAN,include,video,,include:clip:1a9074a00575,data/external/include_pose/INCLUDE/Pose_Signs/People/64. Man/MVI_8629.pkl,data/processed/landmarks/include/MAN/1a9074a00575.npz,56,0.0,0.0,0.8929,1.0,,
e012563d4c4d,MAN,include,video,,include:clip:e012563d4c4d,data/external/include_pose/INCLUDE/Pose_Signs/People/64. Man/MVI_5237.pkl,data/processed/landmarks/include/MAN/e012563d4c4d.npz,62,0.0,0.0,1.0,1.0,,
43a54a19b6e2,MAN,include,video,,include:clip:43a54a19b6e2,data/external/include_pose/INCLUDE/Pose_Signs/People/64. Man/MVI_5090.pkl,data/processed/landmarks/include/MAN/43a54a19b6e2.npz,50,0.0,0.0,1.0,1.0,,
ecde2b14ec05,MAN,include,video,,include:clip:ecde2b14ec05,data/external/include_pose/INCLUDE/Pose_Signs/People/64. Man/MVI_5091.pkl,data/processed/landmarks/include/MAN/ecde2b14ec05.npz,60,0.0,0.0,1.0,1.0,,
f4fdae4ab32d,MAN,include,video,,include:clip:f4fdae4ab32d,data/external/include_pose/INCLUDE/Pose_Signs/People/64. Man/MVI_4950.pkl,data/processed/landmarks/include/MAN/f4fdae4ab32d.npz,40,0.0,0.0,1.0,1.0,,
6799f91ff4a8,MAN,include,video,,include:clip:6799f91ff4a8,data/external/include_pose/INCLUDE/Pose_Signs/People/64. Man/MVI_4227.pkl,data/processed/landmarks/include/MAN/6799f91ff4a8.npz,49,0.0,0.0,1.0,1.0,,
1693f72519d9,MAN,include,video,,include:clip:1693f72519d9,data/external/include_pose/INCLUDE/Pose_Signs/People/64. Man/MVI_3773.pkl,data/processed/landmarks/include/MAN/1693f72519d9.npz,51,0.0,0.0,1.0,1.0,,
488b0840caf2,MAN,include,video,,include:clip:488b0840caf2,data/external/include_pose/INCLUDE/Pose_Signs/People/64. Man/MVI_4949.pkl,data/processed/landmarks/include/MAN/488b0840caf2.npz,52,0.0,0.0,1.0,1.0,,
32a91065b66e,MAN,include,video,,include:clip:32a91065b66e,data/external/include_pose/INCLUDE/Pose_Signs/People/64. Man/MVI_3772.pkl,data/processed/landmarks/include/MAN/32a91065b66e.npz,64,0.0,0.0,1.0,1.0,,
7808fd7a80de,MAN,include,video,,include:clip:7808fd7a80de,data/external/include_pose/INCLUDE/Pose_Signs/People/64. Man/MVI_5089.pkl,data/processed/landmarks/include/MAN/7808fd7a80de.npz,56,0.0,0.0,0.9821,1.0,,
217fff97a81c,MAN,include,video,,include:clip:217fff97a81c,data/external/include_pose/INCLUDE/Pose_Signs/People/64. Man/MVI_3923.pkl,data/processed/landmarks/include/MAN/217fff97a81c.npz,60,0.0,0.0,1.0,1.0,,
390d5d6e01c3,MAN,include,video,,include:clip:390d5d6e01c3,data/external/include_pose/INCLUDE/Pose_Signs/People/64. Man/MVI_3922.pkl,data/processed/landmarks/include/MAN/390d5d6e01c3.npz,77,0.0,0.0,1.0,1.0,,
68fc3f1cd7fb,MAN,include,video,,include:clip:68fc3f1cd7fb,data/external/include_pose/INCLUDE/Pose_Signs/People/64. Man/MVI_3921.pkl,data/processed/landmarks/include/MAN/68fc3f1cd7fb.npz,67,0.0,0.0,1.0,1.0,,
0c927f376528,MAN,include,video,,include:clip:0c927f376528,data/external/include_pose/INCLUDE/Pose_Signs/People/64. Man/MVI_4069.pkl,data/processed/landmarks/include/MAN/0c927f376528.npz,63,0.0,0.0,1.0,1.0,,
5eac2f4ca755,HUSBAND,include,video,,include:clip:5eac2f4ca755,data/external/include_pose/INCLUDE/Pose_Signs/People/71. Husband/MVI_3797.pkl,data/processed/landmarks/include/HUSBAND/5eac2f4ca755.npz,55,0.0,0.0,0.7636,1.0,,
7ead0a603708,HUSBAND,include,video,,include:clip:7ead0a603708,data/external/include_pose/INCLUDE/Pose_Signs/People/71. Husband/MVI_3796.pkl,data/processed/landmarks/include/HUSBAND/7ead0a603708.npz,51,0.0,0.0,0.8431,1.0,,
be579e4fb107,HUSBAND,include,video,,include:clip:be579e4fb107,data/external/include_pose/INCLUDE/Pose_Signs/People/71. Husband/MVI_5112.pkl,data/processed/landmarks/include/HUSBAND/be579e4fb107.npz,63,0.0,0.0,0.8571,1.0,,
18f227be2480,HUSBAND,include,video,,include:clip:18f227be2480,data/external/include_pose/INCLUDE/Pose_Signs/People/71. Husband/MVI_5113.pkl,data/processed/landmarks/include/HUSBAND/18f227be2480.npz,60,0.0,0.0,0.8,1.0,,
7c86ba5718f0,HUSBAND,include,video,,include:clip:7c86ba5718f0,data/external/include_pose/INCLUDE/Pose_Signs/People/71. Husband/MVI_3945.pkl,data/processed/landmarks/include/HUSBAND/7c86ba5718f0.npz,74,0.0,0.0,0.973,1.0,,
19198d91864d,HUSBAND,include,video,,include:clip:19198d91864d,data/external/include_pose/INCLUDE/Pose_Signs/People/71. Husband/MVI_3944.pkl,data/processed/landmarks/include/HUSBAND/19198d91864d.npz,75,0.0,0.0,0.9867,1.0,,
40d3c1b6e298,HUSBAND,include,video,,include:clip:40d3c1b6e298,data/external/include_pose/INCLUDE/Pose_Signs/People/71. Husband/MVI_4961.pkl,data/processed/landmarks/include/HUSBAND/40d3c1b6e298.npz,47,0.0,0.0,0.8936,1.0,,
01b68dfa17a9,HUSBAND,include,video,,include:clip:01b68dfa17a9,data/external/include_pose/INCLUDE/Pose_Signs/People/71. Husband/MVI_4236.pkl,data/processed/landmarks/include/HUSBAND/01b68dfa17a9.npz,68,0.0,0.0,0.9706,1.0,,
8ef0269a4903,HUSBAND,include,video,,include:clip:8ef0269a4903,data/external/include_pose/INCLUDE/Pose_Signs/People/71. Husband/MVI_5262.pkl,data/processed/landmarks/include/HUSBAND/8ef0269a4903.npz,45,0.0,0.0,0.9111,1.0,,
0c53297db0d6,HUSBAND,include,video,,include:clip:0c53297db0d6,data/external/include_pose/INCLUDE/Pose_Signs/People/71. Husband/MVI_5263.pkl,data/processed/landmarks/include/HUSBAND/0c53297db0d6.npz,56,0.0,0.0,0.9464,1.0,,
7710e474bda2,HUSBAND,include,video,,include:clip:7710e474bda2,data/external/include_pose/INCLUDE/Pose_Signs/People/71. Husband/MVI_3943.pkl,data/processed/landmarks/include/HUSBAND/7710e474bda2.npz,79,0.0,0.0,0.9494,1.0,,
3607e711defe,HUSBAND,include,video,,include:clip:3607e711defe,data/external/include_pose/INCLUDE/Pose_Signs/People/71. Husband/MVI_4962.pkl,data/processed/landmarks/include/HUSBAND/3607e711defe.npz,54,0.0,0.0,0.8519,1.0,,
adce9a85ebaf,HUSBAND,include,video,,include:clip:adce9a85ebaf,data/external/include_pose/INCLUDE/Pose_Signs/People/71. Husband/MVI_5261.pkl,data/processed/landmarks/include/HUSBAND/adce9a85ebaf.npz,60,0.0,0.0,0.9333,1.0,,
09c546a7b77c,HUSBAND,include,video,,include:clip:09c546a7b77c,data/external/include_pose/INCLUDE/Pose_Signs/People/71. Husband/MVI_4963.pkl,data/processed/landmarks/include/HUSBAND/09c546a7b77c.npz,58,0.0,0.0,0.8966,1.0,,
93c788b4988d,HUSBAND,include,video,,include:clip:93c788b4988d,data/external/include_pose/INCLUDE/Pose_Signs/People/71. Husband/MVI_4091.pkl,data/processed/landmarks/include/HUSBAND/93c788b4988d.npz,66,0.0,0.0,0.9394,1.0,,
8667889552a8,HUSBAND,include,video,,include:clip:8667889552a8,data/external/include_pose/INCLUDE/Pose_Signs/People/71. Husband/MVI_4090.pkl,data/processed/landmarks/include/HUSBAND/8667889552a8.npz,65,0.0,0.0,0.9538,1.0,,
48b04627df19,FAMILY,include,video,,include:clip:48b04627df19,data/external/include_pose/INCLUDE/Pose_Signs/People/68. Family/MVI_5251.pkl,data/processed/landmarks/include/FAMILY/48b04627df19.npz,53,0.0,0.0,1.0,1.0,,
738c71fd8e66,FAMILY,include,video,,include:clip:738c71fd8e66,data/external/include_pose/INCLUDE/Pose_Signs/People/68. Family/MVI_5250.pkl,data/processed/landmarks/include/FAMILY/738c71fd8e66.npz,57,0.0,0.0,1.0,1.0,,
12d307457a2b,FAMILY,include,video,,include:clip:12d307457a2b,data/external/include_pose/INCLUDE/Pose_Signs/People/68. Family/MVI_3787.pkl,data/processed/landmarks/include/FAMILY/12d307457a2b.npz,66,0.0,0.0,0.9545,1.0,,
cbde12b6ac86,FAMILY,include,video,,include:clip:cbde12b6ac86,data/external/include_pose/INCLUDE/Pose_Signs/People/68. Family/MVI_4232.pkl,data/processed/landmarks/include/FAMILY/cbde12b6ac86.npz,49,0.0,0.0,1.0,1.0,,
7ddd0d1b395b,FAMILY,include,video,,include:clip:7ddd0d1b395b,data/external/include_pose/INCLUDE/Pose_Signs/People/68. Family/MVI_3788.pkl,data/processed/landmarks/include/FAMILY/7ddd0d1b395b.npz,54,0.0,0.0,0.8889,1.0,,
e9cc6065f8fd,FAMILY,include,video,,include:clip:e9cc6065f8fd,data/external/include_pose/INCLUDE/Pose_Signs/People/68. Family/MVI_5101.pkl,data/processed/landmarks/include/FAMILY/e9cc6065f8fd.npz,61,0.0,0.0,0.8197,1.0,,
2606f8efd8eb,FAMILY,include,video,,include:clip:2606f8efd8eb,data/external/include_pose/INCLUDE/Pose_Signs/People/68. Family/MVI_5103.pkl,data/processed/landmarks/include/FAMILY/2606f8efd8eb.npz,64,0.0,0.0,0.8281,1.0,,
51b19a5cef18,FAMILY,include,video,,include:clip:51b19a5cef18,data/external/include_pose/INCLUDE/Pose_Signs/People/68. Family/MVI_5102.pkl,data/processed/landmarks/include/FAMILY/51b19a5cef18.npz,62,0.0,0.0,0.8871,1.0,,
a1d6ce21f141,FAMILY,include,video,,include:clip:a1d6ce21f141,data/external/include_pose/INCLUDE/Pose_Signs/People/68. Family/MVI_3933.pkl,data/processed/landmarks/include/FAMILY/a1d6ce21f141.npz,63,0.0,0.0,0.9683,1.0,,
c46c9e850664,FAMILY,include,video,,include:clip:c46c9e850664,data/external/include_pose/INCLUDE/Pose_Signs/People/68. Family/MVI_4081.pkl,data/processed/landmarks/include/FAMILY/c46c9e850664.npz,62,0.0,0.0,0.9516,1.0,,
93e297fae9ce,FAMILY,include,video,,include:clip:93e297fae9ce,data/external/include_pose/INCLUDE/Pose_Signs/People/68. Family/MVI_3934.pkl,data/processed/landmarks/include/FAMILY/93e297fae9ce.npz,65,0.0,0.0,0.9231,1.0,,
a4c822e87d31,FAMILY,include,video,,include:clip:a4c822e87d31,data/external/include_pose/INCLUDE/Pose_Signs/People/68. Family/MVI_4083.pkl,data/processed/landmarks/include/FAMILY/a4c822e87d31.npz,62,0.0,0.0,0.9032,1.0,,
8b3bae558021,FAMILY,include,video,,include:clip:8b3bae558021,data/external/include_pose/INCLUDE/Pose_Signs/People/68. Family/MVI_4082.pkl,data/processed/landmarks/include/FAMILY/8b3bae558021.npz,52,0.0,0.0,0.9038,1.0,,
c9b78b92da7b,FAMILY,include,video,,include:clip:c9b78b92da7b,data/external/include_pose/INCLUDE/Pose_Signs/People/68. Family/MVI_3935.pkl,data/processed/landmarks/include/FAMILY/c9b78b92da7b.npz,62,0.0,0.0,0.9194,1.0,,
adb7bae37ade,ADULT,include,video,,include:clip:adb7bae37ade,data/external/include_pose/INCLUDE/Pose_Signs/People/80. Adult/MVI_5142.pkl,data/processed/landmarks/include/ADULT/adb7bae37ade.npz,80,0.0,0.0,1.0,1.0,,
7fe14ef8a0f2,ADULT,include,video,,include:clip:7fe14ef8a0f2,data/external/include_pose/INCLUDE/Pose_Signs/People/80. Adult/MVI_5143.pkl,data/processed/landmarks/include/ADULT/7fe14ef8a0f2.npz,84,0.0,0.0,1.0,1.0,,
f855ee8e0a16,ADULT,include,video,,include:clip:f855ee8e0a16,data/external/include_pose/INCLUDE/Pose_Signs/People/80. Adult/MVI_5141.pkl,data/processed/landmarks/include/ADULT/f855ee8e0a16.npz,81,0.0,0.0,1.0,1.0,,
515637ba1fcf,ADULT,include,video,,include:clip:515637ba1fcf,data/external/include_pose/INCLUDE/Pose_Signs/People/80. Adult/MVI_3973.pkl,data/processed/landmarks/include/ADULT/515637ba1fcf.npz,78,0.0,0.0,0.8974,1.0,,
c4e9e98623a7,ADULT,include,video,,include:clip:c4e9e98623a7,data/external/include_pose/INCLUDE/Pose_Signs/People/80. Adult/MVI_3972.pkl,data/processed/landmarks/include/ADULT/c4e9e98623a7.npz,68,0.0,0.0,0.8971,1.0,,
be425d66d724,ADULT,include,video,,include:clip:be425d66d724,data/external/include_pose/INCLUDE/Pose_Signs/People/80. Adult/MVI_3971.pkl,data/processed/landmarks/include/ADULT/be425d66d724.npz,65,0.0,0.0,0.9077,1.0,,
34bf430c9484,ADULT,include,video,,include:clip:34bf430c9484,data/external/include_pose/INCLUDE/Pose_Signs/People/80. Adult/MVI_4996.pkl,data/processed/landmarks/include/ADULT/34bf430c9484.npz,67,0.0,0.0,1.0,1.0,,
2b87a17e7984,ADULT,include,video,,include:clip:2b87a17e7984,data/external/include_pose/INCLUDE/Pose_Signs/People/80. Adult/MVI_4994.pkl,data/processed/landmarks/include/ADULT/2b87a17e7984.npz,67,0.0,0.0,1.0,1.0,,
f759b3ced416,ADULT,include,video,,include:clip:f759b3ced416,data/external/include_pose/INCLUDE/Pose_Signs/People/80. Adult/MVI_5297.pkl,data/processed/landmarks/include/ADULT/f759b3ced416.npz,81,0.0,0.0,1.0,1.0,,
b3b4826f7dfa,ADULT,include,video,,include:clip:b3b4826f7dfa,data/external/include_pose/INCLUDE/Pose_Signs/People/80. Adult/MVI_5296.pkl,data/processed/landmarks/include/ADULT/b3b4826f7dfa.npz,84,0.0,0.0,1.0,1.0,,
71acfd9f25fc,ADULT,include,video,,include:clip:71acfd9f25fc,data/external/include_pose/INCLUDE/Pose_Signs/People/80. Adult/MVI_4995.pkl,data/processed/landmarks/include/ADULT/71acfd9f25fc.npz,69,0.0,0.0,1.0,1.0,,
c051ae6f0bd5,ADULT,include,video,,include:clip:c051ae6f0bd5,data/external/include_pose/INCLUDE/Pose_Signs/People/80. Adult/MVI_5298.pkl,data/processed/landmarks/include/ADULT/c051ae6f0bd5.npz,75,0.0,0.0,1.0,1.0,,
479624247460,ADULT,include,video,,include:clip:479624247460,data/external/include_pose/INCLUDE/Pose_Signs/People/80. Adult/MVI_8647.pkl,data/processed/landmarks/include/ADULT/479624247460.npz,89,0.0,0.0,0.9213,1.0,,
5eed16f50fa8,ADULT,include,video,,include:clip:5eed16f50fa8,data/external/include_pose/INCLUDE/Pose_Signs/People/80. Adult/MVI_4245.pkl,data/processed/landmarks/include/ADULT/5eed16f50fa8.npz,77,0.0,0.0,1.0,1.0,,
2c9fe8f95a64,ADULT,include,video,,include:clip:2c9fe8f95a64,data/external/include_pose/INCLUDE/Pose_Signs/People/80. Adult/MVI_4120.pkl,data/processed/landmarks/include/ADULT/2c9fe8f95a64.npz,74,0.0,0.0,1.0,1.0,,
3560bd4e8086,ADULT,include,video,,include:clip:3560bd4e8086,data/external/include_pose/INCLUDE/Pose_Signs/People/80. Adult/MVI_4121.pkl,data/processed/landmarks/include/ADULT/3560bd4e8086.npz,74,0.0,0.0,1.0,1.0,,
9ee970888e50,GRANDMOTHER,include,video,,include:clip:9ee970888e50,data/external/include_pose/INCLUDE/Pose_Signs/People/70. Grandmother/MVI_4089.pkl,data/processed/landmarks/include/GRANDMOTHER/9ee970888e50.npz,80,0.0,0.0,1.0,1.0,,
8d046e251102,GRANDMOTHER,include,video,,include:clip:8d046e251102,data/external/include_pose/INCLUDE/Pose_Signs/People/70. Grandmother/MVI_4088.pkl,data/processed/landmarks/include/GRANDMOTHER/8d046e251102.npz,68,0.0,0.0,1.0,1.0,,
610c42fd2fe6,GRANDMOTHER,include,video,,include:clip:610c42fd2fe6,data/external/include_pose/INCLUDE/Pose_Signs/People/70. Grandmother/MVI_3794.pkl,data/processed/landmarks/include/GRANDMOTHER/610c42fd2fe6.npz,69,0.0,0.0,1.0,1.0,,
0d76a69287a1,GRANDMOTHER,include,video,,include:clip:0d76a69287a1,data/external/include_pose/INCLUDE/Pose_Signs/People/70. Grandmother/MVI_3795.pkl,data/processed/landmarks/include/GRANDMOTHER/0d76a69287a1.npz,67,0.0,0.0,1.0,1.0,,
72fc046a4784,GRANDMOTHER,include,video,,include:clip:72fc046a4784,data/external/include_pose/INCLUDE/Pose_Signs/People/70. Grandmother/MVI_5109.pkl,data/processed/landmarks/include/GRANDMOTHER/72fc046a4784.npz,80,0.0,0.0,1.0,1.0,,
d6f8d5ed5b24,GRANDMOTHER,include,video,,include:clip:d6f8d5ed5b24,data/external/include_pose/INCLUDE/Pose_Signs/People/70. Grandmother/MVI_5257.pkl,data/processed/landmarks/include/GRANDMOTHER/d6f8d5ed5b24.npz,72,0.0,0.0,1.0,1.0,,
700ad2b8ab21,GRANDMOTHER,include,video,,include:clip:700ad2b8ab21,data/external/include_pose/INCLUDE/Pose_Signs/People/70. Grandmother/MVI_5108.pkl,data/processed/landmarks/include/GRANDMOTHER/700ad2b8ab21.npz,77,0.0,0.0,0.9481,1.0,,
2ee77b1af12d,GRANDMOTHER,include,video,,include:clip:2ee77b1af12d,data/external/include_pose/INCLUDE/Pose_Signs/People/70. Grandmother/MVI_3793.pkl,data/processed/landmarks/include/GRANDMOTHER/2ee77b1af12d.npz,66,0.0,0.0,1.0,1.0,,
fee6007bca70,GRANDMOTHER,include,video,,include:clip:fee6007bca70,data/external/include_pose/INCLUDE/Pose_Signs/People/70. Grandmother/MVI_5258.pkl,data/processed/landmarks/include/GRANDMOTHER/fee6007bca70.npz,71,0.0,0.0,1.0,1.0,,
9f69440625e0,GRANDMOTHER,include,video,,include:clip:9f69440625e0,data/external/include_pose/INCLUDE/Pose_Signs/People/70. Grandmother/MVI_3940.pkl,data/processed/landmarks/include/GRANDMOTHER/9f69440625e0.npz,83,0.0,0.0,1.0,1.0,,
db28fc1b9b1b,GRANDMOTHER,include,video,,include:clip:db28fc1b9b1b,data/external/include_pose/INCLUDE/Pose_Signs/People/70. Grandmother/MVI_3941.pkl,data/processed/landmarks/include/GRANDMOTHER/db28fc1b9b1b.npz,105,0.0,0.0,1.0,1.0,,
3978d6774b30,GRANDMOTHER,include,video,,include:clip:3978d6774b30,data/external/include_pose/INCLUDE/Pose_Signs/People/70. Grandmother/MVI_4235.pkl,data/processed/landmarks/include/GRANDMOTHER/3978d6774b30.npz,85,0.0,0.0,1.0,1.0,,
97159f92156a,GRANDMOTHER,include,video,,include:clip:97159f92156a,data/external/include_pose/INCLUDE/Pose_Signs/People/70. Grandmother/MVI_5260.pkl,data/processed/landmarks/include/GRANDMOTHER/97159f92156a.npz,71,0.0,0.0,1.0,1.0,,
fc64c297bd1b,GRANDMOTHER,include,video,,include:clip:fc64c297bd1b,data/external/include_pose/INCLUDE/Pose_Signs/People/70. Grandmother/MVI_4087.pkl,data/processed/landmarks/include/GRANDMOTHER/fc64c297bd1b.npz,82,0.0,0.0,1.0,1.0,,
1d47dfdc85ea,QUEEN,include,video,,include:clip:1d47dfdc85ea,data/external/include_pose/INCLUDE/Pose_Signs/People/74. Queen/MVI_4099.pkl,data/processed/landmarks/include/QUEEN/1d47dfdc85ea.npz,62,0.0,0.0,1.0,1.0,,
e1263bad322c,QUEEN,include,video,,include:clip:e1263bad322c,data/external/include_pose/INCLUDE/Pose_Signs/People/74. Queen/MVI_4101.pkl,data/processed/landmarks/include/QUEEN/e1263bad322c.npz,58,0.0,0.0,1.0,1.0,,
be14be78f799,QUEEN,include,video,,include:clip:be14be78f799,data/external/include_pose/INCLUDE/Pose_Signs/People/74. Queen/MVI_4100.pkl,data/processed/landmarks/include/QUEEN/be14be78f799.npz,60,0.0,0.0,1.0,1.0,,
5d57203401ee,QUEEN,include,video,,include:clip:5d57203401ee,data/external/include_pose/INCLUDE/Pose_Signs/People/74. Queen/MVI_4239.pkl,data/processed/landmarks/include/QUEEN/5d57203401ee.npz,51,0.0,0.0,1.0,1.0,,
35b3f14a082f,QUEEN,include,video,,include:clip:35b3f14a082f,data/external/include_pose/INCLUDE/Pose_Signs/People/74. Queen/MVI_3807.pkl,data/processed/landmarks/include/QUEEN/35b3f14a082f.npz,61,0.0,0.0,1.0,1.0,,
4b1efd9554b7,QUEEN,include,video,,include:clip:4b1efd9554b7,data/external/include_pose/INCLUDE/Pose_Signs/People/74. Queen/MVI_3806.pkl,data/processed/landmarks/include/QUEEN/4b1efd9554b7.npz,63,0.0,0.0,1.0,1.0,,
d36b7db68a3e,QUEEN,include,video,,include:clip:d36b7db68a3e,data/external/include_pose/INCLUDE/Pose_Signs/People/74. Queen/MVI_5124.pkl,data/processed/landmarks/include/QUEEN/d36b7db68a3e.npz,60,0.0,0.0,0.95,1.0,,
8611ad09dcd8,QUEEN,include,video,,include:clip:8611ad09dcd8,data/external/include_pose/INCLUDE/Pose_Signs/People/74. Queen/MVI_3805.pkl,data/processed/landmarks/include/QUEEN/8611ad09dcd8.npz,57,0.0,0.0,1.0,1.0,,
190e49b986b2,QUEEN,include,video,,include:clip:190e49b986b2,data/external/include_pose/INCLUDE/Pose_Signs/People/74. Queen/MVI_5125.pkl,data/processed/landmarks/include/QUEEN/190e49b986b2.npz,58,0.0,0.0,1.0,1.0,,
6ab933278b68,QUEEN,include,video,,include:clip:6ab933278b68,data/external/include_pose/INCLUDE/Pose_Signs/People/74. Queen/MVI_5123.pkl,data/processed/landmarks/include/QUEEN/6ab933278b68.npz,64,0.0,0.0,1.0,1.0,,
d1ea39b8539a,QUEEN,include,video,,include:clip:d1ea39b8539a,data/external/include_pose/INCLUDE/Pose_Signs/People/74. Queen/MVI_4973.pkl,data/processed/landmarks/include/QUEEN/d1ea39b8539a.npz,49,0.0,0.0,1.0,1.0,,
0907755bb732,QUEEN,include,video,,include:clip:0907755bb732,data/external/include_pose/INCLUDE/Pose_Signs/People/74. Queen/MVI_5271.pkl,data/processed/landmarks/include/QUEEN/0907755bb732.npz,45,0.0,0.0,1.0,1.0,,
d3474be8db5e,QUEEN,include,video,,include:clip:d3474be8db5e,data/external/include_pose/INCLUDE/Pose_Signs/People/74. Queen/MVI_8641.pkl,data/processed/landmarks/include/QUEEN/d3474be8db5e.npz,68,0.0,0.0,0.8676,1.0,,
cba1da7ea603,QUEEN,include,video,,include:clip:cba1da7ea603,data/external/include_pose/INCLUDE/Pose_Signs/People/74. Queen/MVI_5273.pkl,data/processed/landmarks/include/QUEEN/cba1da7ea603.npz,59,0.0,0.0,1.0,1.0,,
1847826badff,QUEEN,include,video,,include:clip:1847826badff,data/external/include_pose/INCLUDE/Pose_Signs/People/74. Queen/MVI_5272.pkl,data/processed/landmarks/include/QUEEN/1847826badff.npz,52,0.0,0.0,1.0,1.0,,
43d1805aa3ea,QUEEN,include,video,,include:clip:43d1805aa3ea,data/external/include_pose/INCLUDE/Pose_Signs/People/74. Queen/MVI_3954.pkl,data/processed/landmarks/include/QUEEN/43d1805aa3ea.npz,81,0.0,0.0,1.0,1.0,,
1ca3da721c27,CROWD,include,video,,include:clip:1ca3da721c27,data/external/include_pose/INCLUDE/Pose_Signs/People/83. Crowd/MVI_5151.pkl,data/processed/landmarks/include/CROWD/1ca3da721c27.npz,57,0.0,0.0,0.8772,1.0,,
1962c66a4c8e,CROWD,include,video,,include:clip:1962c66a4c8e,data/external/include_pose/INCLUDE/Pose_Signs/People/83. Crowd/MVI_5152.pkl,data/processed/landmarks/include/CROWD/1962c66a4c8e.npz,53,0.0,0.0,0.8491,1.0,,
81024e3eee07,CROWD,include,video,,include:clip:81024e3eee07,data/external/include_pose/INCLUDE/Pose_Signs/People/83. Crowd/MVI_4248.pkl,data/processed/landmarks/include/CROWD/81024e3eee07.npz,61,0.0,0.0,0.8361,1.0,,
ce6bbdfae637,CROWD,include,video,,include:clip:ce6bbdfae637,data/external/include_pose/INCLUDE/Pose_Signs/People/83. Crowd/MVI_4129.pkl,data/processed/landmarks/include/CROWD/ce6bbdfae637.npz,53,0.0,0.0,0.9434,1.0,,
b06f06534e3f,CROWD,include,video,,include:clip:b06f06534e3f,data/external/include_pose/INCLUDE/Pose_Signs/People/83. Crowd/MVI_4128.pkl,data/processed/landmarks/include/CROWD/b06f06534e3f.npz,57,0.0,0.0,0.9123,1.0,,
6d43bbe2bbcb,CROWD,include,video,,include:clip:6d43bbe2bbcb,data/external/include_pose/INCLUDE/Pose_Signs/People/83. Crowd/MVI_5308.pkl,data/processed/landmarks/include/CROWD/6d43bbe2bbcb.npz,53,0.0,0.0,0.9811,1.0,,
ee1859853d5c,CROWD,include,video,,include:clip:ee1859853d5c,data/external/include_pose/INCLUDE/Pose_Signs/People/83. Crowd/MVI_3832.pkl,data/processed/landmarks/include/CROWD/ee1859853d5c.npz,57,0.0,0.0,0.8772,1.0,,
1287275dff30,CROWD,include,video,,include:clip:1287275dff30,data/external/include_pose/INCLUDE/Pose_Signs/People/83. Crowd/MVI_3833.pkl,data/processed/landmarks/include/CROWD/1287275dff30.npz,54,0.0,0.0,0.8704,1.0,,
50aca69a66a6,CROWD,include,video,,include:clip:50aca69a66a6,data/external/include_pose/INCLUDE/Pose_Signs/People/83. Crowd/MVI_5307.pkl,data/processed/landmarks/include/CROWD/50aca69a66a6.npz,58,0.0,0.0,0.9655,1.0,,
0ffeb1e83b9e,CROWD,include,video,,include:clip:0ffeb1e83b9e,data/external/include_pose/INCLUDE/Pose_Signs/People/83. Crowd/MVI_5306.pkl,data/processed/landmarks/include/CROWD/0ffeb1e83b9e.npz,53,0.0,0.0,0.9811,1.0,,
b34500f7735c,CROWD,include,video,,include:clip:b34500f7735c,data/external/include_pose/INCLUDE/Pose_Signs/People/83. Crowd/MVI_3834.pkl,data/processed/landmarks/include/CROWD/b34500f7735c.npz,61,0.0,0.0,0.8361,1.0,,
207f7d9d5265,CROWD,include,video,,include:clip:207f7d9d5265,data/external/include_pose/INCLUDE/Pose_Signs/People/83. Crowd/MVI_3982.pkl,data/processed/landmarks/include/CROWD/207f7d9d5265.npz,70,0.0,0.0,0.9286,1.0,,
2498e32ee16b,CROWD,include,video,,include:clip:2498e32ee16b,data/external/include_pose/INCLUDE/Pose_Signs/People/83. Crowd/MVI_8650.pkl,data/processed/landmarks/include/CROWD/2498e32ee16b.npz,64,0.0,0.0,0.7969,1.0,,
f7e3f018a931,CROWD,include,video,,include:clip:f7e3f018a931,data/external/include_pose/INCLUDE/Pose_Signs/People/83. Crowd/MVI_4130.pkl,data/processed/landmarks/include/CROWD/f7e3f018a931.npz,56,0.0,0.0,0.9821,1.0,,
a2485377e124,CROWD,include,video,,include:clip:a2485377e124,data/external/include_pose/INCLUDE/Pose_Signs/People/83. Crowd/MVI_5004.pkl,data/processed/landmarks/include/CROWD/a2485377e124.npz,50,0.0,0.0,0.88,1.0,,
81f85c7b8f7b,CROWD,include,video,,include:clip:81f85c7b8f7b,data/external/include_pose/INCLUDE/Pose_Signs/People/83. Crowd/MVI_5003.pkl,data/processed/landmarks/include/CROWD/81f85c7b8f7b.npz,51,0.0,0.0,0.9216,1.0,,
096620612d57,MOTHER,include,video,,include:clip:096620612d57,data/external/include_pose/INCLUDE/Pose_Signs/People/60. Mother/MVI_4058.pkl,data/processed/landmarks/include/MOTHER/096620612d57.npz,61,0.0,0.0,1.0,1.0,,
4979e52c5fdb,MOTHER,include,video,,include:clip:4979e52c5fdb,data/external/include_pose/INCLUDE/Pose_Signs/People/60. Mother/MVI_5226.pkl,data/processed/landmarks/include/MOTHER/4979e52c5fdb.npz,49,0.0,0.0,1.0,1.0,,
43ec59d8b642,MOTHER,include,video,,include:clip:43ec59d8b642,data/external/include_pose/INCLUDE/Pose_Signs/People/60. Mother/MVI_4059.pkl,data/processed/landmarks/include/MOTHER/43ec59d8b642.npz,61,0.0,0.0,1.0,1.0,,
39f9442535ac,MOTHER,include,video,,include:clip:39f9442535ac,data/external/include_pose/INCLUDE/Pose_Signs/People/60. Mother/MVI_5225.pkl,data/processed/landmarks/include/MOTHER/39f9442535ac.npz,54,0.0,0.0,1.0,1.0,,
5b3f08fa1b9d,MOTHER,include,video,,include:clip:5b3f08fa1b9d,data/external/include_pose/INCLUDE/Pose_Signs/People/60. Mother/MVI_5224.pkl,data/processed/landmarks/include/MOTHER/5b3f08fa1b9d.npz,49,0.0,0.0,1.0,1.0,,
dfca17eba79b,MOTHER,include,video,,include:clip:dfca17eba79b,data/external/include_pose/INCLUDE/Pose_Signs/People/60. Mother/MVI_4937.pkl,data/processed/landmarks/include/MOTHER/dfca17eba79b.npz,53,0.0,0.0,1.0,1.0,,
9f0bd3075f30,MOTHER,include,video,,include:clip:9f0bd3075f30,data/external/include_pose/INCLUDE/Pose_Signs/People/60. Mother/MVI_5078.pkl,data/processed/landmarks/include/MOTHER/9f0bd3075f30.npz,56,0.0,0.0,0.8214,1.0,,
d4d33b5f480c,MOTHER,include,video,,include:clip:d4d33b5f480c,data/external/include_pose/INCLUDE/Pose_Signs/People/60. Mother/MVI_5079.pkl,data/processed/landmarks/include/MOTHER/d4d33b5f480c.npz,54,0.0,0.0,0.9444,1.0,,
2b26ba9782d2,MOTHER,include,video,,include:clip:2b26ba9782d2,data/external/include_pose/INCLUDE/Pose_Signs/People/60. Mother/MVI_3761.pkl,data/processed/landmarks/include/MOTHER/2b26ba9782d2.npz,50,0.0,0.0,1.0,1.0,,
c8345272a3ea,MOTHER,include,video,,include:clip:c8345272a3ea,data/external/include_pose/INCLUDE/Pose_Signs/People/60. Mother/MVI_3760.pkl,data/processed/landmarks/include/MOTHER/c8345272a3ea.npz,50,0.0,0.0,1.0,1.0,,
a0bb63b266e0,MOTHER,include,video,,include:clip:a0bb63b266e0,data/external/include_pose/INCLUDE/Pose_Signs/People/60. Mother/MVI_3762.pkl,data/processed/landmarks/include/MOTHER/a0bb63b266e0.npz,46,0.0,0.0,1.0,1.0,,
8d1fbf9e9df9,MOTHER,include,video,,include:clip:8d1fbf9e9df9,data/external/include_pose/INCLUDE/Pose_Signs/People/60. Mother/MVI_4222.pkl,data/processed/landmarks/include/MOTHER/8d1fbf9e9df9.npz,52,0.0,0.0,1.0,1.0,,
673a3c24ca25,MOTHER,include,video,,include:clip:673a3c24ca25,data/external/include_pose/INCLUDE/Pose_Signs/People/60. Mother/MVI_5077.pkl,data/processed/landmarks/include/MOTHER/673a3c24ca25.npz,51,0.0,0.0,0.9608,1.0,,
1e727ae9dec5,MOTHER,include,video,,include:clip:1e727ae9dec5,data/external/include_pose/INCLUDE/Pose_Signs/People/60. Mother/MVI_4057.pkl,data/processed/landmarks/include/MOTHER/1e727ae9dec5.npz,59,0.0,0.0,1.0,1.0,,
e8a21d52f683,MOTHER,include,video,,include:clip:e8a21d52f683,data/external/include_pose/INCLUDE/Pose_Signs/People/60. Mother/MVI_8625.pkl,data/processed/landmarks/include/MOTHER/e8a21d52f683.npz,61,0.0,0.0,0.6885,1.0,,
980c989f3c71,MOTHER,include,video,,include:clip:980c989f3c71,data/external/include_pose/INCLUDE/Pose_Signs/People/60. Mother/MVI_3908.pkl,data/processed/landmarks/include/MOTHER/980c989f3c71.npz,75,0.0,0.0,1.0,1.0,,
97497fac8277,BABY,include,video,,include:clip:97497fac8277,data/external/include_pose/INCLUDE/Pose_Signs/People/63. Baby/MVI_4067.pkl,data/processed/landmarks/include/BABY/97497fac8277.npz,55,0.0,0.0,0.9273,1.0,,
0b21aa710256,BABY,include,video,,include:clip:0b21aa710256,data/external/include_pose/INCLUDE/Pose_Signs/People/63. Baby/MVI_8628.pkl,data/processed/landmarks/include/BABY/0b21aa710256.npz,69,0.0,0.0,0.6232,1.0,,
16a73b042da2,BABY,include,video,,include:clip:16a73b042da2,data/external/include_pose/INCLUDE/Pose_Signs/People/63. Baby/MVI_4066.pkl,data/processed/landmarks/include/BABY/16a73b042da2.npz,73,0.0,0.0,0.9041,1.0,,
c83ba73864be,BABY,include,video,,include:clip:c83ba73864be,data/external/include_pose/INCLUDE/Pose_Signs/People/63. Baby/MVI_5234.pkl,data/processed/landmarks/include/BABY/c83ba73864be.npz,72,0.0,0.0,0.9861,1.0,,
cc5254dca499,BABY,include,video,,include:clip:cc5254dca499,data/external/include_pose/INCLUDE/Pose_Signs/People/63. Baby/MVI_5235.pkl,data/processed/landmarks/include/BABY/cc5254dca499.npz,63,0.0,0.0,0.9841,1.0,,
60472554ba54,BABY,include,video,,include:clip:60472554ba54,data/external/include_pose/INCLUDE/Pose_Signs/People/63. Baby/MVI_3917.pkl,data/processed/landmarks/include/BABY/60472554ba54.npz,76,0.0,0.0,0.9079,1.0,,
317892e2b1d4,BABY,include,video,,include:clip:317892e2b1d4,data/external/include_pose/INCLUDE/Pose_Signs/People/63. Baby/MVI_5236.pkl,data/processed/landmarks/include/BABY/317892e2b1d4.npz,71,0.0,0.0,1.0,1.0,,
4a16bbd55489,BABY,include,video,,include:clip:4a16bbd55489,data/external/include_pose/INCLUDE/Pose_Signs/People/63. Baby/MVI_4946.pkl,data/processed/landmarks/include/BABY/4a16bbd55489.npz,61,0.0,0.0,0.918,1.0,,
491fcf0cfc15,BABY,include,video,,include:clip:491fcf0cfc15,data/external/include_pose/INCLUDE/Pose_Signs/People/63. Baby/MVI_3769.pkl,data/processed/landmarks/include/BABY/491fcf0cfc15.npz,57,0.0,0.0,0.8772,1.0,,
5eec34937ab1,BABY,include,video,,include:clip:5eec34937ab1,data/external/include_pose/INCLUDE/Pose_Signs/People/63. Baby/MVI_5087.pkl,data/processed/landmarks/include/BABY/5eec34937ab1.npz,55,0.0,0.0,0.8545,1.0,,
03d0a3c6ad72,BABY,include,video,,include:clip:03d0a3c6ad72,data/external/include_pose/INCLUDE/Pose_Signs/People/63. Baby/MVI_5086.pkl,data/processed/landmarks/include/BABY/03d0a3c6ad72.npz,60,0.0,0.0,0.8833,1.0,,
0dc5a9a70542,BABY,include,video,,include:clip:0dc5a9a70542,data/external/include_pose/INCLUDE/Pose_Signs/People/63. Baby/MVI_4226.pkl,data/processed/landmarks/include/BABY/0dc5a9a70542.npz,54,0.0,0.0,0.963,1.0,,
e5dbec49a0ac,BABY,include,video,,include:clip:e5dbec49a0ac,data/external/include_pose/INCLUDE/Pose_Signs/People/63. Baby/MVI_4948.pkl,data/processed/landmarks/include/BABY/e5dbec49a0ac.npz,49,0.0,0.0,0.898,1.0,,
514ac38db105,BABY,include,video,,include:clip:514ac38db105,data/external/include_pose/INCLUDE/Pose_Signs/People/63. Baby/MVI_3770.pkl,data/processed/landmarks/include/BABY/514ac38db105.npz,46,0.0,0.0,0.8913,1.0,,
cbf19525b5c4,BABY,include,video,,include:clip:cbf19525b5c4,data/external/include_pose/INCLUDE/Pose_Signs/People/63. Baby/MVI_5088.pkl,data/processed/landmarks/include/BABY/cbf19525b5c4.npz,55,0.0,0.0,0.8364,1.0,,
621791c0452f,BABY,include,video,,include:clip:621791c0452f,data/external/include_pose/INCLUDE/Pose_Signs/People/63. Baby/MVI_3919.pkl,data/processed/landmarks/include/BABY/621791c0452f.npz,69,0.0,0.0,0.942,1.0,,
3b661b49b104,SISTER,include,video,,include:clip:3b661b49b104,data/external/include_pose/INCLUDE/Pose_Signs/People/67. Sister/MVI_3782.pkl,data/processed/landmarks/include/SISTER/3b661b49b104.npz,55,0.0,0.0,1.0,1.0,,
43733565f512,SISTER,include,video,,include:clip:43733565f512,data/external/include_pose/INCLUDE/Pose_Signs/People/67. Sister/MVI_5246.pkl,data/processed/landmarks/include/SISTER/43733565f512.npz,49,0.0,0.0,1.0,1.0,,
6e4537a6d43a,SISTER,include,video,,include:clip:6e4537a6d43a,data/external/include_pose/INCLUDE/Pose_Signs/People/67. Sister/MVI_5247.pkl,data/processed/landmarks/include/SISTER/6e4537a6d43a.npz,57,0.0,0.0,1.0,1.0,,
3a2d23662569,SISTER,include,video,,include:clip:3a2d23662569,data/external/include_pose/INCLUDE/Pose_Signs/People/67. Sister/MVI_3785.pkl,data/processed/landmarks/include/SISTER/3a2d23662569.npz,49,0.0,0.0,1.0,1.0,,
e414b868a168,SISTER,include,video,,include:clip:e414b868a168,data/external/include_pose/INCLUDE/Pose_Signs/People/67. Sister/MVI_3784.pkl,data/processed/landmarks/include/SISTER/e414b868a168.npz,52,0.0,0.0,1.0,1.0,,
a0ea990ac2ce,SISTER,include,video,,include:clip:a0ea990ac2ce,data/external/include_pose/INCLUDE/Pose_Signs/People/67. Sister/MVI_4231.pkl,data/processed/landmarks/include/SISTER/a0ea990ac2ce.npz,52,0.0,0.0,1.0,1.0,,
7c4deb436687,SISTER,include,video,,include:clip:7c4deb436687,data/external/include_pose/INCLUDE/Pose_Signs/People/67. Sister/MVI_4958.pkl,data/processed/landmarks/include/SISTER/7c4deb436687.npz,54,0.0,0.0,1.0,1.0,,
227699565be5,SISTER,include,video,,include:clip:227699565be5,data/external/include_pose/INCLUDE/Pose_Signs/People/67. Sister/MVI_5100.pkl,data/processed/landmarks/include/SISTER/227699565be5.npz,54,0.0,0.0,0.8333,1.0,,
fb2d935bcb64,SISTER,include,video,,include:clip:fb2d935bcb64,data/external/include_pose/INCLUDE/Pose_Signs/People/67. Sister/MVI_4960.pkl,data/processed/landmarks/include/SISTER/fb2d935bcb64.npz,54,0.0,0.0,1.0,1.0,,
970008038a1f,SISTER,include,video,,include:clip:970008038a1f,data/external/include_pose/INCLUDE/Pose_Signs/People/67. Sister/MVI_5248.pkl,data/processed/landmarks/include/SISTER/970008038a1f.npz,56,0.0,0.0,1.0,1.0,,
e0e3740336c5,SISTER,include,video,,include:clip:e0e3740336c5,data/external/include_pose/INCLUDE/Pose_Signs/People/67. Sister/MVI_4079.pkl,data/processed/landmarks/include/SISTER/e0e3740336c5.npz,59,0.0,0.0,1.0,1.0,,
a6fff77d3c27,SISTER,include,video,,include:clip:a6fff77d3c27,data/external/include_pose/INCLUDE/Pose_Signs/People/67. Sister/MVI_3931.pkl,data/processed/landmarks/include/SISTER/a6fff77d3c27.npz,74,0.0,0.0,1.0,1.0,,
a925a4f0cce5,SISTER,include,video,,include:clip:a925a4f0cce5,data/external/include_pose/INCLUDE/Pose_Signs/People/67. Sister/MVI_3930.pkl,data/processed/landmarks/include/SISTER/a925a4f0cce5.npz,84,0.0,0.0,1.0,1.0,,
a26b368df530,SISTER,include,video,,include:clip:a26b368df530,data/external/include_pose/INCLUDE/Pose_Signs/People/67. Sister/MVI_3932.pkl,data/processed/landmarks/include/SISTER/a26b368df530.npz,82,0.0,0.0,1.0,1.0,,
7b60c9a1e9b3,SISTER,include,video,,include:clip:7b60c9a1e9b3,data/external/include_pose/INCLUDE/Pose_Signs/People/67. Sister/MVI_4080.pkl,data/processed/landmarks/include/SISTER/7b60c9a1e9b3.npz,56,0.0,0.0,1.0,1.0,,
77f3d33843e5,SISTER,include,video,,include:clip:77f3d33843e5,data/external/include_pose/INCLUDE/Pose_Signs/People/67. Sister/MVI_8632.pkl,data/processed/landmarks/include/SISTER/77f3d33843e5.npz,63,0.0,0.0,0.4603,1.0,low_hand_detection,
81994ef2f3b3,NEIGHBOUR,include,video,,include:clip:81994ef2f3b3,data/external/include_pose/INCLUDE/Pose_Signs/People/76. Neighbour/MVI_4107.pkl,data/processed/landmarks/include/NEIGHBOUR/81994ef2f3b3.npz,67,0.0,0.0,0.8955,1.0,,
6af0ccbafab2,NEIGHBOUR,include,video,,include:clip:6af0ccbafab2,data/external/include_pose/INCLUDE/Pose_Signs/People/76. Neighbour/MVI_4106.pkl,data/processed/landmarks/include/NEIGHBOUR/6af0ccbafab2.npz,66,0.0,0.0,0.9545,1.0,,
963ddf40d1f6,NEIGHBOUR,include,video,,include:clip:963ddf40d1f6,data/external/include_pose/INCLUDE/Pose_Signs/People/76. Neighbour/MVI_5279.pkl,data/processed/landmarks/include/NEIGHBOUR/963ddf40d1f6.npz,54,0.0,0.0,0.9074,1.0,,
9c5ca1aaca63,NEIGHBOUR,include,video,,include:clip:9c5ca1aaca63,data/external/include_pose/INCLUDE/Pose_Signs/People/76. Neighbour/MVI_3813.pkl,data/processed/landmarks/include/NEIGHBOUR/9c5ca1aaca63.npz,63,0.0,0.0,0.9524,1.0,,
cd47b2b7a294,NEIGHBOUR,include,video,,include:clip:cd47b2b7a294,data/external/include_pose/INCLUDE/Pose_Signs/People/76. Neighbour/MVI_5278.pkl,data/processed/landmarks/include/NEIGHBOUR/cd47b2b7a294.npz,60,0.0,0.0,0.9167,1.0,,
6692da7afdae,NEIGHBOUR,include,video,,include:clip:6692da7afdae,data/external/include_pose/INCLUDE/Pose_Signs/People/76. Neighbour/MVI_5130.pkl,data/processed/landmarks/include/NEIGHBOUR/6692da7afdae.npz,64,0.0,0.0,0.8125,1.0,,
f08b5a740862,NEIGHBOUR,include,video,,include:clip:f08b5a740862,data/external/include_pose/INCLUDE/Pose_Signs/People/76. Neighbour/MVI_3811.pkl,data/processed/landmarks/include/NEIGHBOUR/f08b5a740862.npz,60,0.0,0.0,0.8833,1.0,,
eb167a5234f2,NEIGHBOUR,include,video,,include:clip:eb167a5234f2,data/external/include_pose/INCLUDE/Pose_Signs/People/76. Neighbour/MVI_5131.pkl,data/processed/landmarks/include/NEIGHBOUR/eb167a5234f2.npz,62,0.0,0.0,0.8226,1.0,,
30ccf85121fa,NEIGHBOUR,include,video,,include:clip:30ccf85121fa,data/external/include_pose/INCLUDE/Pose_Signs/People/76. Neighbour/MVI_4978.pkl,data/processed/landmarks/include/NEIGHBOUR/30ccf85121fa.npz,48,0.0,0.0,0.9167,1.0,,
4d14b4e63386,NEIGHBOUR,include,video,,include:clip:4d14b4e63386,data/external/include_pose/INCLUDE/Pose_Signs/People/76. Neighbour/MVI_3959.pkl,data/processed/landmarks/include/NEIGHBOUR/4d14b4e63386.npz,85,0.0,0.0,0.9647,1.0,,
335b09bfcc04,NEIGHBOUR,include,video,,include:clip:335b09bfcc04,data/external/include_pose/INCLUDE/Pose_Signs/People/76. Neighbour/MVI_3961.pkl,data/processed/landmarks/include/NEIGHBOUR/335b09bfcc04.npz,72,0.0,0.0,0.9722,1.0,,
db76a5c18769,NEIGHBOUR,include,video,,include:clip:db76a5c18769,data/external/include_pose/INCLUDE/Pose_Signs/People/76. Neighbour/MVI_3960.pkl,data/processed/landmarks/include/NEIGHBOUR/db76a5c18769.npz,77,0.0,0.0,0.961,1.0,,
675307605c2b,NEIGHBOUR,include,video,,include:clip:675307605c2b,data/external/include_pose/INCLUDE/Pose_Signs/People/76. Neighbour/MVI_4980.pkl,data/processed/landmarks/include/NEIGHBOUR/675307605c2b.npz,49,0.0,0.0,0.9184,1.0,,
1a52e46c8390,NEIGHBOUR,include,video,,include:clip:1a52e46c8390,data/external/include_pose/INCLUDE/Pose_Signs/People/76. Neighbour/MVI_8643.pkl,data/processed/landmarks/include/NEIGHBOUR/1a52e46c8390.npz,76,0.0,0.0,0.6842,1.0,,
47b711ec9949,NEIGHBOUR,include,video,,include:clip:47b711ec9949,data/external/include_pose/INCLUDE/Pose_Signs/People/76. Neighbour/MVI_5277.pkl,data/processed/landmarks/include/NEIGHBOUR/47b711ec9949.npz,55,0.0,0.0,0.9273,1.0,,
37997744b893,NEIGHBOUR,include,video,,include:clip:37997744b893,data/external/include_pose/INCLUDE/Pose_Signs/People/76. Neighbour/MVI_5129.pkl,data/processed/landmarks/include/NEIGHBOUR/37997744b893.npz,69,0.0,0.0,0.8986,1.0,,
f3985e60f8cd,GRANDFATHER,include,video,,include:clip:f3985e60f8cd,data/external/include_pose/INCLUDE/Pose_Signs/People/69. Grandfather/MVI_3938.pkl,data/processed/landmarks/include/GRANDFATHER/f3985e60f8cd.npz,97,0.0,0.0,0.9897,1.0,,
ac711070ac12,GRANDFATHER,include,video,,include:clip:ac711070ac12,data/external/include_pose/INCLUDE/Pose_Signs/People/69. Grandfather/MVI_5252.pkl,data/processed/landmarks/include/GRANDFATHER/ac711070ac12.npz,78,0.0,0.0,1.0,1.0,,
61ac4540462d,GRANDFATHER,include,video,,include:clip:61ac4540462d,data/external/include_pose/INCLUDE/Pose_Signs/People/69. Grandfather/MVI_5256.pkl,data/processed/landmarks/include/GRANDFATHER/61ac4540462d.npz,75,0.0,0.0,0.9867,1.0,,
200cefcd8a22,GRANDFATHER,include,video,,include:clip:200cefcd8a22,data/external/include_pose/INCLUDE/Pose_Signs/People/69. Grandfather/MVI_3790.pkl,data/processed/landmarks/include/GRANDFATHER/200cefcd8a22.npz,78,0.0,0.0,0.9359,1.0,,
d744195dca0b,GRANDFATHER,include,video,,include:clip:d744195dca0b,data/external/include_pose/INCLUDE/Pose_Signs/People/69. Grandfather/MVI_3792.pkl,data/processed/landmarks/include/GRANDFATHER/d744195dca0b.npz,75,0.0,0.0,0.8933,1.0,,
fb15d4c7999e,GRANDFATHER,include,video,,include:clip:fb15d4c7999e,data/external/include_pose/INCLUDE/Pose_Signs/People/69. Grandfather/MVI_5255.pkl,data/processed/landmarks/include/GRANDFATHER/fb15d4c7999e.npz,89,0.0,0.0,1.0,1.0,,
1ec5cce46bf5,GRANDFATHER,include,video,,include:clip:1ec5cce46bf5,data/external/include_pose/INCLUDE/Pose_Signs/People/69. Grandfather/MVI_5106.pkl,data/processed/landmarks/include/GRANDFATHER/1ec5cce46bf5.npz,87,0.0,0.0,0.908,1.0,,
b39d570f93fa,GRANDFATHER,include,video,,include:clip:b39d570f93fa,data/external/include_pose/INCLUDE/Pose_Signs/People/69. Grandfather/MVI_5105.pkl,data/processed/landmarks/include/GRANDFATHER/b39d570f93fa.npz,79,0.0,0.0,0.9747,1.0,,
6f92ad28c916,GRANDFATHER,include,video,,include:clip:6f92ad28c916,data/external/include_pose/INCLUDE/Pose_Signs/People/69. Grandfather/MVI_5104.pkl,data/processed/landmarks/include/GRANDFATHER/6f92ad28c916.npz,87,0.0,0.0,0.9655,1.0,,
7a5a70f66323,GRANDFATHER,include,video,,include:clip:7a5a70f66323,data/external/include_pose/INCLUDE/Pose_Signs/People/69. Grandfather/MVI_4086.pkl,data/processed/landmarks/include/GRANDFATHER/7a5a70f66323.npz,83,0.0,0.0,1.0,1.0,,
4204a566b46c,GRANDFATHER,include,video,,include:clip:4204a566b46c,data/external/include_pose/INCLUDE/Pose_Signs/People/69. Grandfather/MVI_8636.pkl,data/processed/landmarks/include/GRANDFATHER/4204a566b46c.npz,86,0.0,0.0,0.8721,1.0,,
4ff017d1e002,GRANDFATHER,include,video,,include:clip:4ff017d1e002,data/external/include_pose/INCLUDE/Pose_Signs/People/69. Grandfather/MVI_4085.pkl,data/processed/landmarks/include/GRANDFATHER/4ff017d1e002.npz,77,0.0,0.0,0.974,1.0,,
caf2eefae94d,GRANDFATHER,include,video,,include:clip:caf2eefae94d,data/external/include_pose/INCLUDE/Pose_Signs/People/69. Grandfather/MVI_4084.pkl,data/processed/landmarks/include/GRANDFATHER/caf2eefae94d.npz,103,0.0,0.0,1.0,1.0,,
e764db1e919f,GRANDFATHER,include,video,,include:clip:e764db1e919f,data/external/include_pose/INCLUDE/Pose_Signs/People/69. Grandfather/MVI_3937.pkl,data/processed/landmarks/include/GRANDFATHER/e764db1e919f.npz,84,0.0,0.0,0.9762,1.0,,
7df4b141e9ff,PRESIDENT,include,video,,include:clip:7df4b141e9ff,data/external/include_pose/INCLUDE/Pose_Signs/People/75. President/MVI_4104.pkl,data/processed/landmarks/include/PRESIDENT/7df4b141e9ff.npz,66,0.0,0.0,0.9394,1.0,,
2914df8d3824,PRESIDENT,include,video,,include:clip:2914df8d3824,data/external/include_pose/INCLUDE/Pose_Signs/People/75. President/MVI_4102.pkl,data/processed/landmarks/include/PRESIDENT/2914df8d3824.npz,83,0.0,0.0,0.9157,1.0,,
faa503a0905b,PRESIDENT,include,video,,include:clip:faa503a0905b,data/external/include_pose/INCLUDE/Pose_Signs/People/75. President/MVI_4103.pkl,data/processed/landmarks/include/PRESIDENT/faa503a0905b.npz,62,0.0,0.0,0.9194,1.0,,
aed6e0cf5bec,PRESIDENT,include,video,,include:clip:aed6e0cf5bec,data/external/include_pose/INCLUDE/Pose_Signs/People/75. President/MVI_5127.pkl,data/processed/landmarks/include/PRESIDENT/aed6e0cf5bec.npz,57,0.0,0.0,0.8596,1.0,,
b12a7174a035,PRESIDENT,include,video,,include:clip:b12a7174a035,data/external/include_pose/INCLUDE/Pose_Signs/People/75. President/MVI_5126.pkl,data/processed/landmarks/include/PRESIDENT/b12a7174a035.npz,75,0.0,0.0,0.8933,1.0,,
8f2f1290dccb,PRESIDENT,include,video,,include:clip:8f2f1290dccb,data/external/include_pose/INCLUDE/Pose_Signs/People/75. President/MVI_3958.pkl,data/processed/landmarks/include/PRESIDENT/8f2f1290dccb.npz,66,0.0,0.0,0.9394,1.0,,
53b4aaadefeb,PRESIDENT,include,video,,include:clip:53b4aaadefeb,data/external/include_pose/INCLUDE/Pose_Signs/People/75. President/MVI_8642.pkl,data/processed/landmarks/include/PRESIDENT/53b4aaadefeb.npz,55,0.0,0.0,0.6727,1.0,,
f0d9f5c8fdaa,PRESIDENT,include,video,,include:clip:f0d9f5c8fdaa,data/external/include_pose/INCLUDE/Pose_Signs/People/75. President/MVI_4975.pkl,data/processed/landmarks/include/PRESIDENT/f0d9f5c8fdaa.npz,52,0.0,0.0,0.9231,1.0,,
995213581c20,PRESIDENT,include,video,,include:clip:995213581c20,data/external/include_pose/INCLUDE/Pose_Signs/People/75. President/MVI_5128.pkl,data/processed/landmarks/include/PRESIDENT/995213581c20.npz,67,0.0,0.0,0.9104,1.0,,
91c32537da1f,PRESIDENT,include,video,,include:clip:91c32537da1f,data/external/include_pose/INCLUDE/Pose_Signs/People/75. President/MVI_3808.pkl,data/processed/landmarks/include/PRESIDENT/91c32537da1f.npz,63,0.0,0.0,0.9683,1.0,,
944dada73375,PRESIDENT,include,video,,include:clip:944dada73375,data/external/include_pose/INCLUDE/Pose_Signs/People/75. President/MVI_3809.pkl,data/processed/landmarks/include/PRESIDENT/944dada73375.npz,64,0.0,0.0,0.9219,1.0,,
f57775a1a289,PRESIDENT,include,video,,include:clip:f57775a1a289,data/external/include_pose/INCLUDE/Pose_Signs/People/75. President/MVI_3957.pkl,data/processed/landmarks/include/PRESIDENT/f57775a1a289.npz,71,0.0,0.0,0.9155,1.0,,
e5c5d7a4b74f,PRESIDENT,include,video,,include:clip:e5c5d7a4b74f,data/external/include_pose/INCLUDE/Pose_Signs/People/75. President/MVI_5275.pkl,data/processed/landmarks/include/PRESIDENT/e5c5d7a4b74f.npz,55,0.0,0.0,1.0,1.0,,
10226a614940,PRESIDENT,include,video,,include:clip:10226a614940,data/external/include_pose/INCLUDE/Pose_Signs/People/75. President/MVI_5274.pkl,data/processed/landmarks/include/PRESIDENT/10226a614940.npz,49,0.0,0.0,0.9796,1.0,,
86022a1458c0,PRESIDENT,include,video,,include:clip:86022a1458c0,data/external/include_pose/INCLUDE/Pose_Signs/People/75. President/MVI_4977.pkl,data/processed/landmarks/include/PRESIDENT/86022a1458c0.npz,52,0.0,0.0,0.8654,1.0,,
32a761a63354,PRESIDENT,include,video,,include:clip:32a761a63354,data/external/include_pose/INCLUDE/Pose_Signs/People/75. President/MVI_4240.pkl,data/processed/landmarks/include/PRESIDENT/32a761a63354.npz,59,0.0,0.0,0.9661,1.0,,
7f9a98070602,GIRL,include,video,,include:clip:7f9a98070602,data/external/include_pose/INCLUDE/Pose_Signs/People/78. Girl/MVI_4113.pkl,data/processed/landmarks/include/GIRL/7f9a98070602.npz,53,0.0,0.0,1.0,1.0,,
fa45e9d4bf95,GIRL,include,video,,include:clip:fa45e9d4bf95,data/external/include_pose/INCLUDE/Pose_Signs/People/78. Girl/MVI_4115.pkl,data/processed/landmarks/include/GIRL/fa45e9d4bf95.npz,92,0.0,0.0,1.0,1.0,,
7655326c376d,GIRL,include,video,,include:clip:7655326c376d,data/external/include_pose/INCLUDE/Pose_Signs/People/78. Girl/MVI_4114.pkl,data/processed/landmarks/include/GIRL/7655326c376d.npz,65,0.0,0.0,1.0,1.0,,
c5912daf1e4c,GIRL,include,video,,include:clip:c5912daf1e4c,data/external/include_pose/INCLUDE/Pose_Signs/People/78. Girl/MVI_4985.pkl,data/processed/landmarks/include/GIRL/c5912daf1e4c.npz,46,0.0,0.0,1.0,1.0,,
7dd76d4a6abe,GIRL,include,video,,include:clip:7dd76d4a6abe,data/external/include_pose/INCLUDE/Pose_Signs/People/78. Girl/MVI_3967.pkl,data/processed/landmarks/include/GIRL/7dd76d4a6abe.npz,75,0.0,0.0,1.0,1.0,,
b57cd84abf72,GIRL,include,video,,include:clip:b57cd84abf72,data/external/include_pose/INCLUDE/Pose_Signs/People/78. Girl/MVI_4984.pkl,data/processed/landmarks/include/GIRL/b57cd84abf72.npz,48,0.0,0.0,1.0,1.0,,
5642a0b8579e,GIRL,include,video,,include:clip:5642a0b8579e,data/external/include_pose/INCLUDE/Pose_Signs/People/78. Girl/MVI_4986.pkl,data/processed/landmarks/include/GIRL/5642a0b8579e.npz,44,0.0,0.0,1.0,1.0,,
5fb92dee7db5,GIRL,include,video,,include:clip:5fb92dee7db5,data/external/include_pose/INCLUDE/Pose_Signs/People/78. Girl/MVI_5290.pkl,data/processed/landmarks/include/GIRL/5fb92dee7db5.npz,57,0.0,0.0,1.0,1.0,,
b6c32bf3b14a,GIRL,include,video,,include:clip:b6c32bf3b14a,data/external/include_pose/INCLUDE/Pose_Signs/People/78. Girl/MVI_5135.pkl,data/processed/landmarks/include/GIRL/b6c32bf3b14a.npz,54,0.0,0.0,1.0,1.0,,
1d3baa7afefc,GIRL,include,video,,include:clip:1d3baa7afefc,data/external/include_pose/INCLUDE/Pose_Signs/People/78. Girl/MVI_5136.pkl,data/processed/landmarks/include/GIRL/1d3baa7afefc.npz,50,0.0,0.0,1.0,1.0,,
a7d0c776d24c,GIRL,include,video,,include:clip:a7d0c776d24c,data/external/include_pose/INCLUDE/Pose_Signs/People/78. Girl/MVI_3817.pkl,data/processed/landmarks/include/GIRL/a7d0c776d24c.npz,51,0.0,0.0,1.0,1.0,,
ffe431865ff4,GIRL,include,video,,include:clip:ffe431865ff4,data/external/include_pose/INCLUDE/Pose_Signs/People/78. Girl/MVI_5137.pkl,data/processed/landmarks/include/GIRL/ffe431865ff4.npz,58,0.0,0.0,1.0,1.0,,
5f3e79f3407e,GIRL,include,video,,include:clip:5f3e79f3407e,data/external/include_pose/INCLUDE/Pose_Signs/People/78. Girl/MVI_5289.pkl,data/processed/landmarks/include/GIRL/5f3e79f3407e.npz,49,0.0,0.0,1.0,1.0,,
98309d7b54f1,GIRL,include,video,,include:clip:98309d7b54f1,data/external/include_pose/INCLUDE/Pose_Signs/People/78. Girl/MVI_5288.pkl,data/processed/landmarks/include/GIRL/98309d7b54f1.npz,48,0.0,0.0,1.0,1.0,,
a43039367294,GIRL,include,video,,include:clip:a43039367294,data/external/include_pose/INCLUDE/Pose_Signs/People/78. Girl/MVI_8645.pkl,data/processed/landmarks/include/GIRL/a43039367294.npz,62,0.0,0.0,0.5161,1.0,,
ce764605346c,GIRL,include,video,,include:clip:ce764605346c,data/external/include_pose/INCLUDE/Pose_Signs/People/78. Girl/MVI_4243.pkl,data/processed/landmarks/include/GIRL/ce764605346c.npz,64,0.0,0.0,1.0,1.0,,
3bbe7a5e44b5,SON,include,video,,include:clip:3bbe7a5e44b5,data/external/include_pose/INCLUDE/Pose_Signs/People/58. Son/MVI_4932.pkl,data/processed/landmarks/include/SON/3bbe7a5e44b5.npz,66,0.0,0.0,0.9545,1.0,,
66b1af3a9d56,SON,include,video,,include:clip:66b1af3a9d56,data/external/include_pose/INCLUDE/Pose_Signs/People/58. Son/MVI_5219.pkl,data/processed/landmarks/include/SON/66b1af3a9d56.npz,68,0.0,0.0,0.9706,1.0,,
b9bfde2464b3,SON,include,video,,include:clip:b9bfde2464b3,data/external/include_pose/INCLUDE/Pose_Signs/People/58. Son/MVI_5218.pkl,data/processed/landmarks/include/SON/b9bfde2464b3.npz,68,0.0,0.0,0.9853,1.0,,
d9bf50287bb0,SON,include,video,,include:clip:d9bf50287bb0,data/external/include_pose/INCLUDE/Pose_Signs/People/58. Son/MVI_4933.pkl,data/processed/landmarks/include/SON/d9bf50287bb0.npz,60,0.0,0.0,0.9667,1.0,,
58f852cd5c7e,SON,include,video,,include:clip:58f852cd5c7e,data/external/include_pose/INCLUDE/Pose_Signs/People/58. Son/MVI_3902.pkl,data/processed/landmarks/include/SON/58f852cd5c7e.npz,75,0.0,0.0,0.9333,1.0,,
cd2ed9436785,SON,include,video,,include:clip:cd2ed9436785,data/external/include_pose/INCLUDE/Pose_Signs/People/58. Son/MVI_5220.pkl,data/processed/landmarks/include/SON/cd2ed9436785.npz,69,0.0,0.0,0.971,1.0,,
76ac4ea13cd1,SON,include,video,,include:clip:76ac4ea13cd1,data/external/include_pose/INCLUDE/Pose_Signs/People/58. Son/MVI_3901.pkl,data/processed/landmarks/include/SON/76ac4ea13cd1.npz,77,0.0,0.0,0.974,1.0,,
0caa5afd21c1,SON,include,video,,include:clip:0caa5afd21c1,data/external/include_pose/INCLUDE/Pose_Signs/People/58. Son/MVI_3900.pkl,data/processed/landmarks/include/SON/0caa5afd21c1.npz,87,0.0,0.0,0.9425,1.0,,
7844c0f71519,SON,include,video,,include:clip:7844c0f71519,data/external/include_pose/INCLUDE/Pose_Signs/People/58. Son/MVI_3754.pkl,data/processed/landmarks/include/SON/7844c0f71519.npz,49,0.0,0.0,0.8776,1.0,,
7a58fc6626a0,SON,include,video,,include:clip:7a58fc6626a0,data/external/include_pose/INCLUDE/Pose_Signs/People/58. Son/MVI_3753.pkl,data/processed/landmarks/include/SON/7a58fc6626a0.npz,66,0.0,0.0,0.9545,1.0,,
98dfc3a9148f,SON,include,video,,include:clip:98dfc3a9148f,data/external/include_pose/INCLUDE/Pose_Signs/People/58. Son/MVI_5073.pkl,data/processed/landmarks/include/SON/98dfc3a9148f.npz,55,0.0,0.0,0.8545,1.0,,
e793d1d360f5,SON,include,video,,include:clip:e793d1d360f5,data/external/include_pose/INCLUDE/Pose_Signs/People/58. Son/MVI_4219.pkl,data/processed/landmarks/include/SON/e793d1d360f5.npz,57,0.0,0.0,1.0,1.0,,
1d2b4a9c03eb,SON,include,video,,include:clip:1d2b4a9c03eb,data/external/include_pose/INCLUDE/Pose_Signs/People/58. Son/MVI_5071.pkl,data/processed/landmarks/include/SON/1d2b4a9c03eb.npz,59,0.0,0.0,0.8475,1.0,,
726fcb4ecf72,SON,include,video,,include:clip:726fcb4ecf72,data/external/include_pose/INCLUDE/Pose_Signs/People/58. Son/MVI_4051.pkl,data/processed/landmarks/include/SON/726fcb4ecf72.npz,55,0.0,0.0,0.9636,1.0,,
f9cfab0eabe7,SON,include,video,,include:clip:f9cfab0eabe7,data/external/include_pose/INCLUDE/Pose_Signs/People/58. Son/MVI_8623.pkl,data/processed/landmarks/include/SON/f9cfab0eabe7.npz,70,0.0,0.0,0.7571,1.0,,
1effb6bde7a8,SON,include,video,,include:clip:1effb6bde7a8,data/external/include_pose/INCLUDE/Pose_Signs/People/58. Son/MVI_4053.pkl,data/processed/landmarks/include/SON/1effb6bde7a8.npz,65,0.0,0.0,0.9692,1.0,,
b84b95ed05a3,PARENT,include,video,,include:clip:b84b95ed05a3,data/external/include_pose/INCLUDE/Pose_Signs/People/62. Parent/MVI_5232.pkl,data/processed/landmarks/include/PARENT/b84b95ed05a3.npz,68,0.0,0.0,0.9706,1.0,,
8a0986b6fa21,PARENT,include,video,,include:clip:8a0986b6fa21,data/external/include_pose/INCLUDE/Pose_Signs/People/62. Parent/MVI_5233.pkl,data/processed/landmarks/include/PARENT/8a0986b6fa21.npz,69,0.0,0.0,1.0,1.0,,
056971e6259e,PARENT,include,video,,include:clip:056971e6259e,data/external/include_pose/INCLUDE/Pose_Signs/People/62. Parent/MVI_5231.pkl,data/processed/landmarks/include/PARENT/056971e6259e.npz,80,0.0,0.0,1.0,1.0,,
976b19560482,PARENT,include,video,,include:clip:976b19560482,data/external/include_pose/INCLUDE/Pose_Signs/People/62. Parent/MVI_3915.pkl,data/processed/landmarks/include/PARENT/976b19560482.npz,76,0.0,0.0,0.9605,1.0,,
c8f5e47f39f9,PARENT,include,video,,include:clip:c8f5e47f39f9,data/external/include_pose/INCLUDE/Pose_Signs/People/62. Parent/MVI_3914.pkl,data/processed/landmarks/include/PARENT/c8f5e47f39f9.npz,79,0.0,0.0,0.962,1.0,,
9c9fd02bb650,PARENT,include,video,,include:clip:9c9fd02bb650,data/external/include_pose/INCLUDE/Pose_Signs/People/62. Parent/MVI_3768.pkl,data/processed/landmarks/include/PARENT/9c9fd02bb650.npz,66,0.0,0.0,0.9394,1.0,,
e2421a8046ab,PARENT,include,video,,include:clip:e2421a8046ab,data/external/include_pose/INCLUDE/Pose_Signs/People/62. Parent/MVI_5084.pkl,data/processed/landmarks/include/PARENT/e2421a8046ab.npz,65,0.0,0.0,0.9077,1.0,,
0c6e01ee55a0,PARENT,include,video,,include:clip:0c6e01ee55a0,data/external/include_pose/INCLUDE/Pose_Signs/People/62. Parent/MVI_5085.pkl,data/processed/landmarks/include/PARENT/0c6e01ee55a0.npz,67,0.0,0.0,0.9403,1.0,,
98256233e4cd,PARENT,include,video,,include:clip:98256233e4cd,data/external/include_pose/INCLUDE/Pose_Signs/People/62. Parent/MVI_4945.pkl,data/processed/landmarks/include/PARENT/98256233e4cd.npz,71,0.0,0.0,0.9859,1.0,,
87b1418cf2aa,PARENT,include,video,,include:clip:87b1418cf2aa,data/external/include_pose/INCLUDE/Pose_Signs/People/62. Parent/MVI_4944.pkl,data/processed/landmarks/include/PARENT/87b1418cf2aa.npz,71,0.0,0.0,1.0,1.0,,
05e1139d4f8a,PARENT,include,video,,include:clip:05e1139d4f8a,data/external/include_pose/INCLUDE/Pose_Signs/People/62. Parent/MVI_5083.pkl,data/processed/landmarks/include/PARENT/05e1139d4f8a.npz,72,0.0,0.0,0.9306,1.0,,
065a24eec7c3,PARENT,include,video,,include:clip:065a24eec7c3,data/external/include_pose/INCLUDE/Pose_Signs/People/62. Parent/MVI_4943.pkl,data/processed/landmarks/include/PARENT/065a24eec7c3.npz,64,0.0,0.0,0.9844,1.0,,
a23f2c89e27d,PARENT,include,video,,include:clip:a23f2c89e27d,data/external/include_pose/INCLUDE/Pose_Signs/People/62. Parent/MVI_4225.pkl,data/processed/landmarks/include/PARENT/a23f2c89e27d.npz,62,0.0,0.0,1.0,1.0,,
e6d566f50a78,PARENT,include,video,,include:clip:e6d566f50a78,data/external/include_pose/INCLUDE/Pose_Signs/People/62. Parent/MVI_3767.pkl,data/processed/landmarks/include/PARENT/e6d566f50a78.npz,66,0.0,0.0,0.9394,1.0,,
d9d9ebe7c3c1,PARENT,include,video,,include:clip:d9d9ebe7c3c1,data/external/include_pose/INCLUDE/Pose_Signs/People/62. Parent/MVI_3766.pkl,data/processed/landmarks/include/PARENT/d9d9ebe7c3c1.npz,74,0.0,0.0,0.9865,1.0,,
5650b4d2eaa1,PARENT,include,video,,include:clip:5650b4d2eaa1,data/external/include_pose/INCLUDE/Pose_Signs/People/62. Parent/MVI_8627.pkl,data/processed/landmarks/include/PARENT/5650b4d2eaa1.npz,81,0.0,0.0,0.9259,1.0,,
d79653ef150e,BOY,include,video,,include:clip:d79653ef150e,data/external/include_pose/INCLUDE/Pose_Signs/People/77. Boy/MVI_4110.pkl,data/processed/landmarks/include/BOY/d79653ef150e.npz,66,0.0,0.0,1.0,1.0,,
7005bf65a611,BOY,include,video,,include:clip:7005bf65a611,data/external/include_pose/INCLUDE/Pose_Signs/People/77. Boy/MVI_4111.pkl,data/processed/landmarks/include/BOY/7005bf65a611.npz,63,0.0,0.0,1.0,1.0,,
9b4b80c14c40,BOY,include,video,,include:clip:9b4b80c14c40,data/external/include_pose/INCLUDE/Pose_Signs/People/77. Boy/MVI_4112.pkl,data/processed/landmarks/include/BOY/9b4b80c14c40.npz,66,0.0,0.0,1.0,1.0,,
a0b47cae21e0,BOY,include,video,,include:clip:a0b47cae21e0,data/external/include_pose/INCLUDE/Pose_Signs/People/77. Boy/MVI_5133.pkl,data/processed/landmarks/include/BOY/a0b47cae21e0.npz,58,0.0,0.0,1.0,1.0,,
24acdce4fd37,BOY,include,video,,include:clip:24acdce4fd37,data/external/include_pose/INCLUDE/Pose_Signs/People/77. Boy/MVI_5286.pkl,data/processed/landmarks/include/BOY/24acdce4fd37.npz,52,0.0,0.0,1.0,1.0,,
1e454953cabd,BOY,include,video,,include:clip:1e454953cabd,data/external/include_pose/INCLUDE/Pose_Signs/People/77. Boy/MVI_5287.pkl,data/processed/landmarks/include/BOY/1e454953cabd.npz,52,0.0,0.0,1.0,1.0,,
e0dcf402917a,BOY,include,video,,include:clip:e0dcf402917a,data/external/include_pose/INCLUDE/Pose_Signs/People/77. Boy/MVI_3964.pkl,data/processed/landmarks/include/BOY/e0dcf402917a.npz,68,0.0,0.0,1.0,1.0,,
dd74dcea5439,BOY,include,video,,include:clip:dd74dcea5439,data/external/include_pose/INCLUDE/Pose_Signs/People/77. Boy/MVI_5285.pkl,data/processed/landmarks/include/BOY/dd74dcea5439.npz,55,0.0,0.0,1.0,1.0,,
226afe6f4657,BOY,include,video,,include:clip:226afe6f4657,data/external/include_pose/INCLUDE/Pose_Signs/People/77. Boy/MVI_4983.pkl,data/processed/landmarks/include/BOY/226afe6f4657.npz,50,0.0,0.0,1.0,1.0,,
373bfff648cc,BOY,include,video,,include:clip:373bfff648cc,data/external/include_pose/INCLUDE/Pose_Signs/People/77. Boy/MVI_3815.pkl,data/processed/landmarks/include/BOY/373bfff648cc.npz,58,0.0,0.0,1.0,1.0,,
5c0faf659c60,BOY,include,video,,include:clip:5c0faf659c60,data/external/include_pose/INCLUDE/Pose_Signs/People/77. Boy/MVI_3814.pkl,data/processed/landmarks/include/BOY/5c0faf659c60.npz,63,0.0,0.0,1.0,1.0,,
0453150c253c,BOY,include,video,,include:clip:0453150c253c,data/external/include_pose/INCLUDE/Pose_Signs/People/77. Boy/MVI_5134.pkl,data/processed/landmarks/include/BOY/0453150c253c.npz,60,0.0,0.0,1.0,1.0,,
c227589208f2,BOY,include,video,,include:clip:c227589208f2,data/external/include_pose/INCLUDE/Pose_Signs/People/77. Boy/MVI_4982.pkl,data/processed/landmarks/include/BOY/c227589208f2.npz,51,0.0,0.0,1.0,1.0,,
082d7af48043,BOY,include,video,,include:clip:082d7af48043,data/external/include_pose/INCLUDE/Pose_Signs/People/77. Boy/MVI_3962.pkl,data/processed/landmarks/include/BOY/082d7af48043.npz,71,0.0,0.0,1.0,1.0,,
3bc13f058604,BOY,include,video,,include:clip:3bc13f058604,data/external/include_pose/INCLUDE/Pose_Signs/People/77. Boy/MVI_3816.pkl,data/processed/landmarks/include/BOY/3bc13f058604.npz,54,0.0,0.0,1.0,1.0,,
3e2d7de2a2fd,BOY,include,video,,include:clip:3e2d7de2a2fd,data/external/include_pose/INCLUDE/Pose_Signs/People/77. Boy/MVI_8644.pkl,data/processed/landmarks/include/BOY/3e2d7de2a2fd.npz,68,0.0,0.0,0.6618,1.0,,
2be0ab04874c,BOY,include,video,,include:clip:2be0ab04874c,data/external/include_pose/INCLUDE/Pose_Signs/People/77. Boy/MVI_4109.pkl,data/processed/landmarks/include/BOY/2be0ab04874c.npz,72,0.0,0.0,1.0,1.0,,
b24d3ec36c8e,DAUGHTER,include,video,,include:clip:b24d3ec36c8e,data/external/include_pose/INCLUDE/Pose_Signs/People/59. Daughter/MVI_3904.pkl,data/processed/landmarks/include/DAUGHTER/b24d3ec36c8e.npz,70,0.0,0.0,0.9429,1.0,,
5c92882d0127,DAUGHTER,include,video,,include:clip:5c92882d0127,data/external/include_pose/INCLUDE/Pose_Signs/People/59. Daughter/MVI_3905.pkl,data/processed/landmarks/include/DAUGHTER/5c92882d0127.npz,72,0.0,0.0,0.9722,1.0,,
090618be6c92,DAUGHTER,include,video,,include:clip:090618be6c92,data/external/include_pose/INCLUDE/Pose_Signs/People/59. Daughter/MVI_4936.pkl,data/processed/landmarks/include/DAUGHTER/090618be6c92.npz,52,0.0,0.0,0.9808,1.0,,
e2c09d3faabd,DAUGHTER,include,video,,include:clip:e2c09d3faabd,data/external/include_pose/INCLUDE/Pose_Signs/People/59. Daughter/MVI_3903.pkl,data/processed/landmarks/include/DAUGHTER/e2c09d3faabd.npz,73,0.0,0.0,0.9726,1.0,,
47ae0807daf8,DAUGHTER,include,video,,include:clip:47ae0807daf8,data/external/include_pose/INCLUDE/Pose_Signs/People/59. Daughter/MVI_4934.pkl,data/processed/landmarks/include/DAUGHTER/47ae0807daf8.npz,61,0.0,0.0,0.9836,1.0,,
8cf6cd7cc701,DAUGHTER,include,video,,include:clip:8cf6cd7cc701,data/external/include_pose/INCLUDE/Pose_Signs/People/59. Daughter/MVI_5223.pkl,data/processed/landmarks/include/DAUGHTER/8cf6cd7cc701.npz,72,0.0,0.0,0.9722,1.0,,
25b35a424c28,DAUGHTER,include,video,,include:clip:25b35a424c28,data/external/include_pose/INCLUDE/Pose_Signs/People/59. Daughter/MVI_5222.pkl,data/processed/landmarks/include/DAUGHTER/25b35a424c28.npz,71,0.0,0.0,1.0,1.0,,
736dc82f50f6,DAUGHTER,include,video,,include:clip:736dc82f50f6,data/external/include_pose/INCLUDE/Pose_Signs/People/59. Daughter/MVI_4935.pkl,data/processed/landmarks/include/DAUGHTER/736dc82f50f6.npz,55,0.0,0.0,0.9818,1.0,,
b909075ce99e,DAUGHTER,include,video,,include:clip:b909075ce99e,data/external/include_pose/INCLUDE/Pose_Signs/People/59. Daughter/MVI_3757.pkl,data/processed/landmarks/include/DAUGHTER/b909075ce99e.npz,40,0.0,0.0,0.925,1.0,,
f897fbdbde8b,DAUGHTER,include,video,,include:clip:f897fbdbde8b,data/external/include_pose/INCLUDE/Pose_Signs/People/59. Daughter/MVI_5075.pkl,data/processed/landmarks/include/DAUGHTER/f897fbdbde8b.npz,50,0.0,0.0,0.76,1.0,,
ce7d395fad9a,DAUGHTER,include,video,,include:clip:ce7d395fad9a,data/external/include_pose/INCLUDE/Pose_Signs/People/59. Daughter/MVI_3758.pkl,data/processed/landmarks/include/DAUGHTER/ce7d395fad9a.npz,43,0.0,0.0,0.9302,1.0,,
26faa0b1bf76,DAUGHTER,include,video,,include:clip:26faa0b1bf76,data/external/include_pose/INCLUDE/Pose_Signs/People/59. Daughter/MVI_4221.pkl,data/processed/landmarks/include/DAUGHTER/26faa0b1bf76.npz,48,0.0,0.0,1.0,1.0,,
d2ffc095b279,DAUGHTER,include,video,,include:clip:d2ffc095b279,data/external/include_pose/INCLUDE/Pose_Signs/People/59. Daughter/MVI_5076.pkl,data/processed/landmarks/include/DAUGHTER/d2ffc095b279.npz,58,0.0,0.0,0.9138,1.0,,
eb6febbe90b3,DAUGHTER,include,video,,include:clip:eb6febbe90b3,data/external/include_pose/INCLUDE/Pose_Signs/People/59. Daughter/MVI_8624.pkl,data/processed/landmarks/include/DAUGHTER/eb6febbe90b3.npz,67,0.0,0.0,0.6418,1.0,,
0b922f11ce38,DAUGHTER,include,video,,include:clip:0b922f11ce38,data/external/include_pose/INCLUDE/Pose_Signs/People/59. Daughter/MVI_4056.pkl,data/processed/landmarks/include/DAUGHTER/0b922f11ce38.npz,61,0.0,0.0,0.9508,1.0,,
eb4ffe60c9c7,DAUGHTER,include,video,,include:clip:eb4ffe60c9c7,data/external/include_pose/INCLUDE/Pose_Signs/People/59. Daughter/MVI_4055.pkl,data/processed/landmarks/include/DAUGHTER/eb4ffe60c9c7.npz,58,0.0,0.0,0.9483,1.0,,
481b182e8642,FRIEND,include,video,,include:clip:481b182e8642,data/external/include_pose/INCLUDE/Pose_Signs/People/81. Friend/MVI_5145.pkl,data/processed/landmarks/include/FRIEND/481b182e8642.npz,56,0.0,0.0,0.7857,1.0,,
61f6287ec2e4,FRIEND,include,video,,include:clip:61f6287ec2e4,data/external/include_pose/INCLUDE/Pose_Signs/People/81. Friend/MVI_5147.pkl,data/processed/landmarks/include/FRIEND/61f6287ec2e4.npz,54,0.0,0.0,0.8333,1.0,,
54379981e5e6,FRIEND,include,video,,include:clip:54379981e5e6,data/external/include_pose/INCLUDE/Pose_Signs/People/81. Friend/MVI_5146.pkl,data/processed/landmarks/include/FRIEND/54379981e5e6.npz,58,0.0,0.0,0.7586,1.0,,
ec2c38e16da0,FRIEND,include,video,,include:clip:ec2c38e16da0,data/external/include_pose/INCLUDE/Pose_Signs/People/81. Friend/MVI_8648.pkl,data/processed/landmarks/include/FRIEND/ec2c38e16da0.npz,59,0.0,0.0,0.7458,1.0,,
28f58efc133a,FRIEND,include,video,,include:clip:28f58efc133a,data/external/include_pose/INCLUDE/Pose_Signs/People/81. Friend/MVI_4997.pkl,data/processed/landmarks/include/FRIEND/28f58efc133a.npz,46,0.0,0.0,0.9565,1.0,,
479d1fcd1f69,FRIEND,include,video,,include:clip:479d1fcd1f69,data/external/include_pose/INCLUDE/Pose_Signs/People/81. Friend/MVI_3977.pkl,data/processed/landmarks/include/FRIEND/479d1fcd1f69.npz,56,0.0,0.0,1.0,1.0,,
c3c425a56e25,FRIEND,include,video,,include:clip:c3c425a56e25,data/external/include_pose/INCLUDE/Pose_Signs/People/81. Friend/MVI_4998.pkl,data/processed/landmarks/include/FRIEND/c3c425a56e25.npz,48,0.0,0.0,0.9167,1.0,,
7c20a857684c,FRIEND,include,video,,include:clip:7c20a857684c,data/external/include_pose/INCLUDE/Pose_Signs/People/81. Friend/MVI_3826.pkl,data/processed/landmarks/include/FRIEND/7c20a857684c.npz,61,0.0,0.0,0.8197,1.0,,
f302ed8eb0fa,FRIEND,include,video,,include:clip:f302ed8eb0fa,data/external/include_pose/INCLUDE/Pose_Signs/People/81. Friend/MVI_3827.pkl,data/processed/landmarks/include/FRIEND/f302ed8eb0fa.npz,59,0.0,0.0,0.8644,1.0,,
dc85c53e01ae,FRIEND,include,video,,include:clip:dc85c53e01ae,data/external/include_pose/INCLUDE/Pose_Signs/People/81. Friend/MVI_4999.pkl,data/processed/landmarks/include/FRIEND/dc85c53e01ae.npz,46,0.0,0.0,1.0,1.0,,
6087833b2e4a,FRIEND,include,video,,include:clip:6087833b2e4a,data/external/include_pose/INCLUDE/Pose_Signs/People/81. Friend/MVI_5299.pkl,data/processed/landmarks/include/FRIEND/6087833b2e4a.npz,49,0.0,0.0,0.9388,1.0,,
13edf1dc6b41,FRIEND,include,video,,include:clip:13edf1dc6b41,data/external/include_pose/INCLUDE/Pose_Signs/People/81. Friend/MVI_5301.pkl,data/processed/landmarks/include/FRIEND/13edf1dc6b41.npz,62,0.0,0.0,0.9677,1.0,,
f83005d06ab5,FRIEND,include,video,,include:clip:f83005d06ab5,data/external/include_pose/INCLUDE/Pose_Signs/People/81. Friend/MVI_5300.pkl,data/processed/landmarks/include/FRIEND/f83005d06ab5.npz,52,0.0,0.0,0.9615,1.0,,
29447c43dca7,FRIEND,include,video,,include:clip:29447c43dca7,data/external/include_pose/INCLUDE/Pose_Signs/People/81. Friend/MVI_4124.pkl,data/processed/landmarks/include/FRIEND/29447c43dca7.npz,55,0.0,0.0,0.8545,1.0,,
6974f695cb81,FRIEND,include,video,,include:clip:6974f695cb81,data/external/include_pose/INCLUDE/Pose_Signs/People/81. Friend/MVI_4246.pkl,data/processed/landmarks/include/FRIEND/6974f695cb81.npz,61,0.0,0.0,0.8852,1.0,,
c09a68d905e8,FRIEND,include,video,,include:clip:c09a68d905e8,data/external/include_pose/INCLUDE/Pose_Signs/People/81. Friend/MVI_4122.pkl,data/processed/landmarks/include/FRIEND/c09a68d905e8.npz,56,0.0,0.0,0.8036,1.0,,
1e4295400ac7,SEASON,include,video,,include:clip:1e4295400ac7,data/external/include_pose/INCLUDE/Pose_Signs/Seasons/65. Season/MVI_5437.pkl,data/processed/landmarks/include/SEASON/1e4295400ac7.npz,119,0.0,0.0,0.916,1.0,,
4564ff036d2d,SEASON,include,video,,include:clip:4564ff036d2d,data/external/include_pose/INCLUDE/Pose_Signs/Seasons/65. Season/MVI_9137.pkl,data/processed/landmarks/include/SEASON/4564ff036d2d.npz,127,0.0,0.0,0.9528,1.0,,
010b0012c4b1,SEASON,include,video,,include:clip:010b0012c4b1,data/external/include_pose/INCLUDE/Pose_Signs/Seasons/65. Season/MVI_5441.pkl,data/processed/landmarks/include/SEASON/010b0012c4b1.npz,107,0.0,0.0,0.8972,1.0,,
a2f34e808b28,SEASON,include,video,,include:clip:a2f34e808b28,data/external/include_pose/INCLUDE/Pose_Signs/Seasons/65. Season/MVI_4581.pkl,data/processed/landmarks/include/SEASON/a2f34e808b28.npz,130,0.0,0.0,0.9385,1.0,,
ed5e3ee93b13,SEASON,include,video,,include:clip:ed5e3ee93b13,data/external/include_pose/INCLUDE/Pose_Signs/Seasons/65. Season/MVI_4582.pkl,data/processed/landmarks/include/SEASON/ed5e3ee93b13.npz,138,0.0,0.0,0.8696,1.0,,
a3361e565f8c,SEASON,include,video,,include:clip:a3361e565f8c,data/external/include_pose/INCLUDE/Pose_Signs/Seasons/65. Season/MVI_4585.pkl,data/processed/landmarks/include/SEASON/a3361e565f8c.npz,126,0.0,0.0,0.9127,1.0,,
78d8425dea1a,SEASON,include,video,,include:clip:78d8425dea1a,data/external/include_pose/INCLUDE/Pose_Signs/Seasons/65. Season/MVI_9138.pkl,data/processed/landmarks/include/SEASON/78d8425dea1a.npz,112,0.0,0.0,0.9464,1.0,,
17085cdf39d5,SEASON,include,video,,include:clip:17085cdf39d5,data/external/include_pose/INCLUDE/Pose_Signs/Seasons/65. Season/MVI_5003.pkl,data/processed/landmarks/include/SEASON/17085cdf39d5.npz,91,0.0,0.0,0.8242,1.0,,
5ed2a2bd10a2,SEASON,include,video,,include:clip:5ed2a2bd10a2,data/external/include_pose/INCLUDE/Pose_Signs/Seasons/65. Season/MVI_5002.pkl,data/processed/landmarks/include/SEASON/5ed2a2bd10a2.npz,90,0.0,0.0,0.8222,1.0,,
131cdf1816e1,SEASON,include,video,,include:clip:131cdf1816e1,data/external/include_pose/INCLUDE/Pose_Signs/Seasons/65. Season/MVI_5438.pkl,data/processed/landmarks/include/SEASON/131cdf1816e1.npz,122,0.0,0.0,0.8852,1.0,,
bc92e57b8560,SEASON,include,video,,include:clip:bc92e57b8560,data/external/include_pose/INCLUDE/Pose_Signs/Seasons/65. Season/MVI_5439.pkl,data/processed/landmarks/include/SEASON/bc92e57b8560.npz,128,0.0,0.0,0.9375,1.0,,
453b0f05c638,SPRING,include,video,,include:clip:453b0f05c638,data/external/include_pose/INCLUDE/Pose_Signs/Seasons/62. Spring/MVI_9127.pkl,data/processed/landmarks/include/SPRING/453b0f05c638.npz,95,0.0,0.0,0.9474,1.0,,
ec53d51ecd6d,SPRING,include,video,,include:clip:ec53d51ecd6d,data/external/include_pose/INCLUDE/Pose_Signs/Seasons/62. Spring/MVI_9126.pkl,data/processed/landmarks/include/SPRING/ec53d51ecd6d.npz,88,0.0,0.0,0.8977,1.0,,
f32f1f8e33a1,SPRING,include,video,,include:clip:f32f1f8e33a1,data/external/include_pose/INCLUDE/Pose_Signs/Seasons/62. Spring/MVI_5426.pkl,data/processed/landmarks/include/SPRING/f32f1f8e33a1.npz,86,0.0,0.0,0.9767,1.0,,
e2d530501f2a,SPRING,include,video,,include:clip:e2d530501f2a,data/external/include_pose/INCLUDE/Pose_Signs/Seasons/62. Spring/MVI_5427.pkl,data/processed/landmarks/include/SPRING/e2d530501f2a.npz,87,0.0,0.0,0.954,1.0,,
736d5081a8d4,SPRING,include,video,,include:clip:736d5081a8d4,data/external/include_pose/INCLUDE/Pose_Signs/Seasons/62. Spring/MVI_5425.pkl,data/processed/landmarks/include/SPRING/736d5081a8d4.npz,82,0.0,0.0,0.9756,1.0,,
940b0725ebb8,SPRING,include,video,,include:clip:940b0725ebb8,data/external/include_pose/INCLUDE/Pose_Signs/Seasons/62. Spring/MVI_4571.pkl,data/processed/landmarks/include/SPRING/940b0725ebb8.npz,93,0.0,0.0,0.8172,1.0,,
27c5a0df9c85,SPRING,include,video,,include:clip:27c5a0df9c85,data/external/include_pose/INCLUDE/Pose_Signs/Seasons/62. Spring/MVI_4570.pkl,data/processed/landmarks/include/SPRING/27c5a0df9c85.npz,82,0.0,0.0,0.8537,1.0,,
1d4f34bd3303,SPRING,include,video,,include:clip:1d4f34bd3303,data/external/include_pose/INCLUDE/Pose_Signs/Seasons/62. Spring/MVI_4994.pkl,data/processed/landmarks/include/SPRING/1d4f34bd3303.npz,73,0.0,0.0,0.8356,1.0,,
02b57705d1ef,SPRING,include,video,,include:clip:02b57705d1ef,data/external/include_pose/INCLUDE/Pose_Signs/Seasons/62. Spring/MVI_4572.pkl,data/processed/landmarks/include/SPRING/02b57705d1ef.npz,101,0.0,0.0,0.8812,1.0,,
36e5b422acee,SPRING,include,video,,include:clip:36e5b422acee,data/external/include_pose/INCLUDE/Pose_Signs/Seasons/62. Spring/MVI_4569.pkl,data/processed/landmarks/include/SPRING/36e5b422acee.npz,92,0.0,0.0,0.8696,1.0,,
a1beb607103b,SPRING,include,video,,include:clip:a1beb607103b,data/external/include_pose/INCLUDE/Pose_Signs/Seasons/62. Spring/MVI_5428.pkl,data/processed/landmarks/include/SPRING/a1beb607103b.npz,83,0.0,0.0,0.9639,1.0,,
899cb33659d6,EX_MONSOON,include,video,,include:clip:899cb33659d6,data/external/include_pose/INCLUDE/Pose_Signs/Seasons/Ex. Monsoon/MVI_4674.pkl,data/processed/landmarks/include/EX_MONSOON/899cb33659d6.npz,63,0.0,0.0,0.8254,1.0,,
f68f66e419e0,EX_MONSOON,include,video,,include:clip:f68f66e419e0,data/external/include_pose/INCLUDE/Pose_Signs/Seasons/Ex. Monsoon/MVI_4671.pkl,data/processed/landmarks/include/EX_MONSOON/f68f66e419e0.npz,58,0.0,0.0,0.7759,1.0,,
2c6bb73d8a48,EX_MONSOON,include,video,,include:clip:2c6bb73d8a48,data/external/include_pose/INCLUDE/Pose_Signs/Seasons/Ex. Monsoon/MVI_4672.pkl,data/processed/landmarks/include/EX_MONSOON/2c6bb73d8a48.npz,64,0.0,0.0,0.8906,1.0,,
34800f9d327a,EX_MONSOON,include,video,,include:clip:34800f9d327a,data/external/include_pose/INCLUDE/Pose_Signs/Seasons/Ex. Monsoon/MVI_5082.pkl,data/processed/landmarks/include/EX_MONSOON/34800f9d327a.npz,49,0.0,0.0,0.8776,1.0,,
34b11c8d4597,EX_MONSOON,include,video,,include:clip:34b11c8d4597,data/external/include_pose/INCLUDE/Pose_Signs/Seasons/Ex. Monsoon/MVI_5531.pkl,data/processed/landmarks/include/EX_MONSOON/34b11c8d4597.npz,54,0.0,0.0,0.8148,1.0,,
9d2ea2b94ce1,EX_MONSOON,include,video,,include:clip:9d2ea2b94ce1,data/external/include_pose/INCLUDE/Pose_Signs/Seasons/Ex. Monsoon/MVI_5530.pkl,data/processed/landmarks/include/EX_MONSOON/9d2ea2b94ce1.npz,46,0.0,0.0,0.8043,1.0,,
c89e78c701a1,EX_MONSOON,include,video,,include:clip:c89e78c701a1,data/external/include_pose/INCLUDE/Pose_Signs/Seasons/Ex. Monsoon/MVI_5081.pkl,data/processed/landmarks/include/EX_MONSOON/c89e78c701a1.npz,48,0.0,0.0,0.8125,1.0,,
1aac1d6fea7b,EX_MONSOON,include,video,,include:clip:1aac1d6fea7b,data/external/include_pose/INCLUDE/Pose_Signs/Seasons/Ex. Monsoon/MVI_9205.pkl,data/processed/landmarks/include/EX_MONSOON/1aac1d6fea7b.npz,62,0.0,0.0,0.7742,1.0,,
142e3bf51a25,EX_MONSOON,include,video,,include:clip:142e3bf51a25,data/external/include_pose/INCLUDE/Pose_Signs/Seasons/Ex. Monsoon/MVI_9207.pkl,data/processed/landmarks/include/EX_MONSOON/142e3bf51a25.npz,70,0.0,0.0,0.8143,1.0,,
2675b7b28d2e,EX_MONSOON,include,video,,include:clip:2675b7b28d2e,data/external/include_pose/INCLUDE/Pose_Signs/Seasons/Ex. Monsoon/MVI_5528.pkl,data/processed/landmarks/include/EX_MONSOON/2675b7b28d2e.npz,44,0.0,0.0,0.7955,1.0,,
1f0dd9f5336c,EX_MONSOON,include,video,,include:clip:1f0dd9f5336c,data/external/include_pose/INCLUDE/Pose_Signs/Seasons/Ex. Monsoon/MVI_9206.pkl,data/processed/landmarks/include/EX_MONSOON/1f0dd9f5336c.npz,68,0.0,0.0,0.8235,1.0,,
60ad56d8c625,FALL,include,video,,include:clip:60ad56d8c625,data/external/include_pose/INCLUDE/Pose_Signs/Seasons/64. Fall/MVI_5434.pkl,data/processed/landmarks/include/FALL/60ad56d8c625.npz,53,0.0,0.0,1.0,1.0,,
20e0befada09,FALL,include,video,,include:clip:20e0befada09,data/external/include_pose/INCLUDE/Pose_Signs/Seasons/64. Fall/MVI_5435.pkl,data/processed/landmarks/include/FALL/20e0befada09.npz,59,0.0,0.0,1.0,1.0,,
4e4f22492d1a,FALL,include,video,,include:clip:4e4f22492d1a,data/external/include_pose/INCLUDE/Pose_Signs/Seasons/64. Fall/MVI_9133.pkl,data/processed/landmarks/include/FALL/4e4f22492d1a.npz,76,0.0,0.0,1.0,1.0,,
0a247649374c,FALL,include,video,,include:clip:0a247649374c,data/external/include_pose/INCLUDE/Pose_Signs/Seasons/64. Fall/MVI_9132.pkl,data/processed/landmarks/include/FALL/0a247649374c.npz,68,0.0,0.0,1.0,1.0,,
2dac46fdfa00,FALL,include,video,,include:clip:2dac46fdfa00,data/external/include_pose/INCLUDE/Pose_Signs/Seasons/64. Fall/MVI_5433.pkl,data/processed/landmarks/include/FALL/2dac46fdfa00.npz,55,0.0,0.0,1.0,1.0,,
c7245acaf27a,FALL,include,video,,include:clip:c7245acaf27a,data/external/include_pose/INCLUDE/Pose_Signs/Seasons/64. Fall/MVI_9135.pkl,data/processed/landmarks/include/FALL/c7245acaf27a.npz,71,0.0,0.0,1.0,1.0,,
aecd293ef2f8,FALL,include,video,,include:clip:aecd293ef2f8,data/external/include_pose/INCLUDE/Pose_Signs/Seasons/64. Fall/MVI_9134.pkl,data/processed/landmarks/include/FALL/aecd293ef2f8.npz,76,0.0,0.0,1.0,1.0,,
46b8ab13bb65,FALL,include,video,,include:clip:46b8ab13bb65,data/external/include_pose/INCLUDE/Pose_Signs/Seasons/64. Fall/MVI_4580.pkl,data/processed/landmarks/include/FALL/46b8ab13bb65.npz,60,0.0,0.0,1.0,1.0,,
6d36ca2f2af1,FALL,include,video,,include:clip:6d36ca2f2af1,data/external/include_pose/INCLUDE/Pose_Signs/Seasons/64. Fall/MVI_4999.pkl,data/processed/landmarks/include/FALL/6d36ca2f2af1.npz,44,0.0,0.0,1.0,1.0,,
43e175beaf2a,FALL,include,video,,include:clip:43e175beaf2a,data/external/include_pose/INCLUDE/Pose_Signs/Seasons/64. Fall/MVI_4579.pkl,data/processed/landmarks/include/FALL/43e175beaf2a.npz,64,0.0,0.0,1.0,1.0,,
f58a19a73fef,FALL,include,video,,include:clip:f58a19a73fef,data/external/include_pose/INCLUDE/Pose_Signs/Seasons/64. Fall/MVI_5000.pkl,data/processed/landmarks/include/FALL/f58a19a73fef.npz,38,0.0,0.0,1.0,1.0,,
339f0858ffac,FALL,include,video,,include:clip:339f0858ffac,data/external/include_pose/INCLUDE/Pose_Signs/Seasons/64. Fall/MVI_5001.pkl,data/processed/landmarks/include/FALL/339f0858ffac.npz,42,0.0,0.0,1.0,1.0,,
29af9391499f,WINTER,include,video,,include:clip:29af9391499f,data/external/include_pose/INCLUDE/Pose_Signs/Seasons/63. Winter/MVI_9130.pkl,data/processed/landmarks/include/WINTER/29af9391499f.npz,77,0.0,0.0,0.9091,1.0,,
23d31d478793,WINTER,include,video,,include:clip:23d31d478793,data/external/include_pose/INCLUDE/Pose_Signs/Seasons/63. Winter/MVI_9131.pkl,data/processed/landmarks/include/WINTER/23d31d478793.npz,76,0.0,0.0,0.9079,1.0,,
04280e0b2b4d,WINTER,include,video,,include:clip:04280e0b2b4d,data/external/include_pose/INCLUDE/Pose_Signs/Seasons/63. Winter/MVI_5431.pkl,data/processed/landmarks/include/WINTER/04280e0b2b4d.npz,56,0.0,0.0,0.9286,1.0,,
6796cf652f27,WINTER,include,video,,include:clip:6796cf652f27,data/external/include_pose/INCLUDE/Pose_Signs/Seasons/63. Winter/MVI_5430.pkl,data/processed/landmarks/include/WINTER/6796cf652f27.npz,53,0.0,0.0,0.9057,1.0,,
7ea305e195f8,WINTER,include,video,,include:clip:7ea305e195f8,data/external/include_pose/INCLUDE/Pose_Signs/Seasons/63. Winter/MVI_4576.pkl,data/processed/landmarks/include/WINTER/7ea305e195f8.npz,53,0.0,0.0,0.7925,1.0,,
723a82b73338,WINTER,include,video,,include:clip:723a82b73338,data/external/include_pose/INCLUDE/Pose_Signs/Seasons/63. Winter/MVI_4574.pkl,data/processed/landmarks/include/WINTER/723a82b73338.npz,51,0.0,0.0,0.8431,1.0,,
b9550a9e1627,WINTER,include,video,,include:clip:b9550a9e1627,data/external/include_pose/INCLUDE/Pose_Signs/Seasons/63. Winter/MVI_4575.pkl,data/processed/landmarks/include/WINTER/b9550a9e1627.npz,52,0.0,0.0,0.8846,1.0,,
158914a3fda9,WINTER,include,video,,include:clip:158914a3fda9,data/external/include_pose/INCLUDE/Pose_Signs/Seasons/63. Winter/MVI_4997.pkl,data/processed/landmarks/include/WINTER/158914a3fda9.npz,51,0.0,0.0,0.7843,1.0,,
cba6b822d218,WINTER,include,video,,include:clip:cba6b822d218,data/external/include_pose/INCLUDE/Pose_Signs/Seasons/63. Winter/MVI_4996.pkl,data/processed/landmarks/include/WINTER/cba6b822d218.npz,56,0.0,0.0,0.8214,1.0,,
e3996158c881,WINTER,include,video,,include:clip:e3996158c881,data/external/include_pose/INCLUDE/Pose_Signs/Seasons/63. Winter/MVI_4573.pkl,data/processed/landmarks/include/WINTER/e3996158c881.npz,63,0.0,0.0,0.873,1.0,,
c7bb106754ef,WINTER,include,video,,include:clip:c7bb106754ef,data/external/include_pose/INCLUDE/Pose_Signs/Seasons/63. Winter/MVI_5429.pkl,data/processed/landmarks/include/WINTER/c7bb106754ef.npz,50,0.0,0.0,0.9,1.0,,
c70891c93377,SUMMER,include,video,,include:clip:c70891c93377,data/external/include_pose/INCLUDE/Pose_Signs/Seasons/61. Summer/MVI_5420.pkl,data/processed/landmarks/include/SUMMER/c70891c93377.npz,64,0.0,0.0,1.0,1.0,,
54590773907d,SUMMER,include,video,,include:clip:54590773907d,data/external/include_pose/INCLUDE/Pose_Signs/Seasons/61. Summer/MVI_9124.pkl,data/processed/landmarks/include/SUMMER/54590773907d.npz,75,0.0,0.0,1.0,1.0,,
c1bf7285cc75,SUMMER,include,video,,include:clip:c1bf7285cc75,data/external/include_pose/INCLUDE/Pose_Signs/Seasons/61. Summer/MVI_5422.pkl,data/processed/landmarks/include/SUMMER/c1bf7285cc75.npz,58,0.0,0.0,1.0,1.0,,
426949ecdb22,SUMMER,include,video,,include:clip:426949ecdb22,data/external/include_pose/INCLUDE/Pose_Signs/Seasons/61. Summer/MVI_9122.pkl,data/processed/landmarks/include/SUMMER/426949ecdb22.npz,74,0.0,0.0,1.0,1.0,,
f881083dd452,SUMMER,include,video,,include:clip:f881083dd452,data/external/include_pose/INCLUDE/Pose_Signs/Seasons/61. Summer/MVI_9123.pkl,data/processed/landmarks/include/SUMMER/f881083dd452.npz,71,0.0,0.0,1.0,1.0,,
a766009856e2,SUMMER,include,video,,include:clip:a766009856e2,data/external/include_pose/INCLUDE/Pose_Signs/Seasons/61. Summer/MVI_5424.pkl,data/processed/landmarks/include/SUMMER/a766009856e2.npz,58,0.0,0.0,1.0,1.0,,
b0571d9ac6ea,SUMMER,include,video,,include:clip:b0571d9ac6ea,data/external/include_pose/INCLUDE/Pose_Signs/Seasons/61. Summer/MVI_4990.pkl,data/processed/landmarks/include/SUMMER/b0571d9ac6ea.npz,63,0.0,0.0,1.0,1.0,,
3b032982172d,SUMMER,include,video,,include:clip:3b032982172d,data/external/include_pose/INCLUDE/Pose_Signs/Seasons/61. Summer/MVI_4565.pkl,data/processed/landmarks/include/SUMMER/3b032982172d.npz,78,0.0,0.0,1.0,1.0,,
a296b51419f8,SUMMER,include,video,,include:clip:a296b51419f8,data/external/include_pose/INCLUDE/Pose_Signs/Seasons/61. Summer/MVI_4566.pkl,data/processed/landmarks/include/SUMMER/a296b51419f8.npz,75,0.0,0.0,1.0,1.0,,
fc2d95703826,SUMMER,include,video,,include:clip:fc2d95703826,data/external/include_pose/INCLUDE/Pose_Signs/Seasons/61. Summer/MVI_4567.pkl,data/processed/landmarks/include/SUMMER/fc2d95703826.npz,67,0.0,0.0,0.9851,1.0,,
6acfca47d5a8,SUMMER,include,video,,include:clip:6acfca47d5a8,data/external/include_pose/INCLUDE/Pose_Signs/Seasons/61. Summer/MVI_4568.pkl,data/processed/landmarks/include/SUMMER/6acfca47d5a8.npz,80,0.0,0.0,0.8625,1.0,,
9b5a832b4bae,SHE,include,video,,include:clip:9b5a832b4bae,data/external/include_pose/INCLUDE/Pose_Signs/Pronouns/43. she/MVI_9966.pkl,data/processed/landmarks/include/SHE/9b5a832b4bae.npz,48,0.0,0.0,1.0,1.0,,
f153982b82a9,SHE,include,video,,include:clip:f153982b82a9,data/external/include_pose/INCLUDE/Pose_Signs/Pronouns/43. she/MVI_9967.pkl,data/processed/landmarks/include/SHE/f153982b82a9.npz,51,0.0,0.0,1.0,1.0,,
5460e6fc6810,SHE,include,video,,include:clip:5460e6fc6810,data/external/include_pose/INCLUDE/Pose_Signs/Pronouns/43. she/MVI_0012.pkl,data/processed/landmarks/include/SHE/5460e6fc6810.npz,81,0.0,0.0,1.0,1.0,,
18fd536b8d7f,SHE,include,video,,include:clip:18fd536b8d7f,data/external/include_pose/INCLUDE/Pose_Signs/Pronouns/43. she/MVI_0011.pkl,data/processed/landmarks/include/SHE/18fd536b8d7f.npz,77,0.0,0.0,1.0,1.0,,
4b7a4e7e7e5f,SHE,include,video,,include:clip:4b7a4e7e7e5f,data/external/include_pose/INCLUDE/Pose_Signs/Pronouns/43. she/MVI_0010.pkl,data/processed/landmarks/include/SHE/4b7a4e7e7e5f.npz,80,0.0,0.0,1.0,1.0,,
4651bf1503f7,SHE,include,video,,include:clip:4651bf1503f7,data/external/include_pose/INCLUDE/Pose_Signs/Pronouns/43. she/MVI_0074.pkl,data/processed/landmarks/include/SHE/4651bf1503f7.npz,72,0.0,0.0,1.0,1.0,,
0f9647848e11,SHE,include,video,,include:clip:0f9647848e11,data/external/include_pose/INCLUDE/Pose_Signs/Pronouns/43. she/MVI_0075.pkl,data/processed/landmarks/include/SHE/0f9647848e11.npz,68,0.0,0.0,1.0,1.0,,
1426555a643c,SHE,include,video,,include:clip:1426555a643c,data/external/include_pose/INCLUDE/Pose_Signs/Pronouns/43. she/MVI_0073.pkl,data/processed/landmarks/include/SHE/1426555a643c.npz,74,0.0,0.0,1.0,1.0,,
3a26b7906be1,SHE,include,video,,include:clip:3a26b7906be1,data/external/include_pose/INCLUDE/Pose_Signs/Pronouns/43. she/MVI_9932.pkl,data/processed/landmarks/include/SHE/3a26b7906be1.npz,109,0.0,0.0,1.0,1.0,,
135d1bf658e2,SHE,include,video,,include:clip:135d1bf658e2,data/external/include_pose/INCLUDE/Pose_Signs/Pronouns/43. she/MVI_9893.pkl,data/processed/landmarks/include/SHE/135d1bf658e2.npz,48,0.0,0.0,1.0,1.0,,
a73ad6c497be,SHE,include,video,,include:clip:a73ad6c497be,data/external/include_pose/INCLUDE/Pose_Signs/Pronouns/43. she/MVI_9935.pkl,data/processed/landmarks/include/SHE/a73ad6c497be.npz,97,0.0,0.0,1.0,1.0,,
3a7b9b432275,SHE,include,video,,include:clip:3a7b9b432275,data/external/include_pose/INCLUDE/Pose_Signs/Pronouns/43. she/MVI_9896.pkl,data/processed/landmarks/include/SHE/3a7b9b432275.npz,51,0.0,0.0,1.0,1.0,,
4425ce8e0951,SHE,include,video,,include:clip:4425ce8e0951,data/external/include_pose/INCLUDE/Pose_Signs/Pronouns/43. she/MVI_9934.pkl,data/processed/landmarks/include/SHE/4425ce8e0951.npz,88,0.0,0.0,1.0,1.0,,
9380436dd348,SHE,include,video,,include:clip:9380436dd348,data/external/include_pose/INCLUDE/Pose_Signs/Pronouns/43. she/MVI_9895.pkl,data/processed/landmarks/include/SHE/9380436dd348.npz,54,0.0,0.0,1.0,1.0,,
15bad78cf5cf,SHE,include,video,,include:clip:15bad78cf5cf,data/external/include_pose/INCLUDE/Pose_Signs/Pronouns/43. she/MVI_9894.pkl,data/processed/landmarks/include/SHE/15bad78cf5cf.npz,49,0.0,0.0,1.0,1.0,,
806db0d98243,SHE,include,video,,include:clip:806db0d98243,data/external/include_pose/INCLUDE/Pose_Signs/Pronouns/43. she/MVI_0009.pkl,data/processed/landmarks/include/SHE/806db0d98243.npz,74,0.0,0.0,1.0,1.0,,
90012634d34d,SHE,include,video,,include:clip:90012634d34d,data/external/include_pose/INCLUDE/Pose_Signs/Pronouns/43. she/MVI_0021.pkl,data/processed/landmarks/include/SHE/90012634d34d.npz,41,0.0,0.0,1.0,1.0,,
d813a7e45d59,YOU,include,video,,include:clip:d813a7e45d59,data/external/include_pose/INCLUDE/Pose_Signs/Pronouns/41. you/MVI_0015.pkl,data/processed/landmarks/include/YOU/d813a7e45d59.npz,46,0.0,0.0,1.0,1.0,,
4243aa0a109c,YOU,include,video,,include:clip:4243aa0a109c,data/external/include_pose/INCLUDE/Pose_Signs/Pronouns/41. you/MVI_9999.pkl,data/processed/landmarks/include/YOU/4243aa0a109c.npz,71,0.0,0.0,1.0,1.0,,
c1e6f51a7fe7,YOU,include,video,,include:clip:c1e6f51a7fe7,data/external/include_pose/INCLUDE/Pose_Signs/Pronouns/41. you/MVI_0016.pkl,data/processed/landmarks/include/YOU/c1e6f51a7fe7.npz,56,0.0,0.0,1.0,1.0,,
34c77ba7eb74,YOU,include,video,,include:clip:34c77ba7eb74,data/external/include_pose/INCLUDE/Pose_Signs/Pronouns/41. you/MVI_9998.pkl,data/processed/landmarks/include/YOU/34c77ba7eb74.npz,69,0.0,0.0,1.0,1.0,,
c84ebe64356d,YOU,include,video,,include:clip:c84ebe64356d,data/external/include_pose/INCLUDE/Pose_Signs/Pronouns/41. you/MVI_9962.pkl,data/processed/landmarks/include/YOU/c84ebe64356d.npz,43,0.0,0.0,1.0,1.0,,
1128b196ae56,YOU,include,video,,include:clip:1128b196ae56,data/external/include_pose/INCLUDE/Pose_Signs/Pronouns/41. you/MVI_9960.pkl,data/processed/landmarks/include/YOU/1128b196ae56.npz,48,0.0,0.0,1.0,1.0,,
308c4ce533f1,YOU,include,video,,include:clip:308c4ce533f1,data/external/include_pose/INCLUDE/Pose_Signs/Pronouns/41. you/MVI_9961.pkl,data/processed/landmarks/include/YOU/308c4ce533f1.npz,48,0.0,0.0,0.9792,1.0,,
787a542064b6,YOU,include,video,,include:clip:787a542064b6,data/external/include_pose/INCLUDE/Pose_Signs/Pronouns/41. you/MVI_9888.pkl,data/processed/landmarks/include/YOU/787a542064b6.npz,39,0.0,0.0,1.0,1.0,,
1de6167c93c4,YOU,include,video,,include:clip:1de6167c93c4,data/external/include_pose/INCLUDE/Pose_Signs/Pronouns/41. you/MVI_0067.pkl,data/processed/landmarks/include/YOU/1de6167c93c4.npz,63,0.0,0.0,1.0,1.0,,
8b765c3f6f84,YOU,include,video,,include:clip:8b765c3f6f84,data/external/include_pose/INCLUDE/Pose_Signs/Pronouns/41. you/MVI_9885.pkl,data/processed/landmarks/include/YOU/8b765c3f6f84.npz,42,0.0,0.0,1.0,1.0,,
f1f4cdffa2ad,YOU,include,video,,include:clip:f1f4cdffa2ad,data/external/include_pose/INCLUDE/Pose_Signs/Pronouns/41. you/MVI_9926.pkl,data/processed/landmarks/include/YOU/f1f4cdffa2ad.npz,88,0.0,0.0,1.0,1.0,,
004e3f43d8ae,YOU,include,video,,include:clip:004e3f43d8ae,data/external/include_pose/INCLUDE/Pose_Signs/Pronouns/41. you/MVI_0069.pkl,data/processed/landmarks/include/YOU/004e3f43d8ae.npz,64,0.0,0.0,1.0,1.0,,
0ebd079aa231,YOU,include,video,,include:clip:0ebd079aa231,data/external/include_pose/INCLUDE/Pose_Signs/Pronouns/41. you/MVI_9887.pkl,data/processed/landmarks/include/YOU/0ebd079aa231.npz,46,0.0,0.0,1.0,1.0,,
a4a40b0de54d,YOU,include,video,,include:clip:a4a40b0de54d,data/external/include_pose/INCLUDE/Pose_Signs/Pronouns/41. you/MVI_9925.pkl,data/processed/landmarks/include/YOU/a4a40b0de54d.npz,83,0.0,0.0,1.0,1.0,,
f3c8ac7bd794,YOU,include,video,,include:clip:f3c8ac7bd794,data/external/include_pose/INCLUDE/Pose_Signs/Pronouns/41. you/MVI_0068.pkl,data/processed/landmarks/include/YOU/f3c8ac7bd794.npz,63,0.0,0.0,1.0,1.0,,
96b8240bbc06,YOU,include,video,,include:clip:96b8240bbc06,data/external/include_pose/INCLUDE/Pose_Signs/Pronouns/41. you/MVI_9996.pkl,data/processed/landmarks/include/YOU/96b8240bbc06.npz,68,0.0,0.0,1.0,1.0,,
f9ab9c85c335,YOU,include,video,,include:clip:f9ab9c85c335,data/external/include_pose/INCLUDE/Pose_Signs/Pronouns/41. you/MVI_9997.pkl,data/processed/landmarks/include/YOU/f9ab9c85c335.npz,64,0.0,0.0,1.0,1.0,,
e486d3e700ac,I,include,video,,include:clip:e486d3e700ac,data/external/include_pose/INCLUDE/Pose_Signs/Pronouns/40. I/MVI_0014.pkl,data/processed/landmarks/include/I/e486d3e700ac.npz,45,0.0,0.0,1.0,1.0,,
6ce997fbd44c,I,include,video,,include:clip:6ce997fbd44c,data/external/include_pose/INCLUDE/Pose_Signs/Pronouns/40. I/MVI_9959.pkl,data/processed/landmarks/include/I/6ce997fbd44c.npz,50,0.0,0.0,1.0,1.0,,
9c88448e509d,I,include,video,,include:clip:9c88448e509d,data/external/include_pose/INCLUDE/Pose_Signs/Pronouns/40. I/MVI_9958.pkl,data/processed/landmarks/include/I/9c88448e509d.npz,47,0.0,0.0,1.0,1.0,,
d0c59b57a85a,I,include,video,,include:clip:d0c59b57a85a,data/external/include_pose/INCLUDE/Pose_Signs/Pronouns/40. I/MVI_0003.pkl,data/processed/landmarks/include/I/d0c59b57a85a.npz,52,0.0,0.0,1.0,1.0,,
42e2527038e9,I,include,video,,include:clip:42e2527038e9,data/external/include_pose/INCLUDE/Pose_Signs/Pronouns/40. I/MVI_0012.pkl,data/processed/landmarks/include/I/42e2527038e9.npz,45,0.0,0.0,1.0,1.0,,
f969b7daa37e,I,include,video,,include:clip:f969b7daa37e,data/external/include_pose/INCLUDE/Pose_Signs/Pronouns/40. I/MVI_0013.pkl,data/processed/landmarks/include/I/f969b7daa37e.npz,43,0.0,0.0,1.0,1.0,,
95fd0c7bd5ac,I,include,video,,include:clip:95fd0c7bd5ac,data/external/include_pose/INCLUDE/Pose_Signs/Pronouns/40. I/MVI_0064.pkl,data/processed/landmarks/include/I/95fd0c7bd5ac.npz,65,0.0,0.0,1.0,1.0,,
8b97b821f889,I,include,video,,include:clip:8b97b821f889,data/external/include_pose/INCLUDE/Pose_Signs/Pronouns/40. I/MVI_0066.pkl,data/processed/landmarks/include/I/8b97b821f889.npz,65,0.0,0.0,1.0,1.0,,
be5b0ac57acc,I,include,video,,include:clip:be5b0ac57acc,data/external/include_pose/INCLUDE/Pose_Signs/Pronouns/40. I/MVI_9918.pkl,data/processed/landmarks/include/I/be5b0ac57acc.npz,83,0.0,0.0,1.0,1.0,,
424e0f201e23,I,include,video,,include:clip:424e0f201e23,data/external/include_pose/INCLUDE/Pose_Signs/Pronouns/40. I/MVI_9878.pkl,data/processed/landmarks/include/I/424e0f201e23.npz,48,0.0,0.0,1.0,1.0,,
5119c6c07e08,I,include,video,,include:clip:5119c6c07e08,data/external/include_pose/INCLUDE/Pose_Signs/Pronouns/40. I/MVI_9879.pkl,data/processed/landmarks/include/I/5119c6c07e08.npz,53,0.0,0.0,1.0,1.0,,
cd233d9be1e7,I,include,video,,include:clip:cd233d9be1e7,data/external/include_pose/INCLUDE/Pose_Signs/Pronouns/40. I/MVI_9919.pkl,data/processed/landmarks/include/I/cd233d9be1e7.npz,81,0.0,0.0,1.0,1.0,,
15e52bcae45a,I,include,video,,include:clip:15e52bcae45a,data/external/include_pose/INCLUDE/Pose_Signs/Pronouns/40. I/MVI_9922.pkl,data/processed/landmarks/include/I/15e52bcae45a.npz,68,0.0,0.0,1.0,1.0,,
5951c6498a77,I,include,video,,include:clip:5951c6498a77,data/external/include_pose/INCLUDE/Pose_Signs/Pronouns/40. I/MVI_9881.pkl,data/processed/landmarks/include/I/5951c6498a77.npz,50,0.0,0.0,1.0,1.0,,
a2bc820177e9,I,include,video,,include:clip:a2bc820177e9,data/external/include_pose/INCLUDE/Pose_Signs/Pronouns/40. I/MVI_9880.pkl,data/processed/landmarks/include/I/a2bc820177e9.npz,54,0.0,0.0,1.0,1.0,,
fc2279996cc9,I,include,video,,include:clip:fc2279996cc9,data/external/include_pose/INCLUDE/Pose_Signs/Pronouns/40. I/MVI_9995.pkl,data/processed/landmarks/include/I/fc2279996cc9.npz,74,0.0,0.0,1.0,1.0,,
76ce41b6ae4c,I,include,video,,include:clip:76ce41b6ae4c,data/external/include_pose/INCLUDE/Pose_Signs/Pronouns/40. I/MVI_9957.pkl,data/processed/landmarks/include/I/76ce41b6ae4c.npz,46,0.0,0.0,1.0,1.0,,
e3cb0b0e5b7f,WE,include,video,,include:clip:e3cb0b0e5b7f,data/external/include_pose/INCLUDE/Pose_Signs/Pronouns/45. we/MVI_0028.pkl,data/processed/landmarks/include/WE/e3cb0b0e5b7f.npz,57,0.0,0.0,0.9474,1.0,,
722fbb15c5a5,WE,include,video,,include:clip:722fbb15c5a5,data/external/include_pose/INCLUDE/Pose_Signs/Pronouns/45. we/MVI_0017.pkl,data/processed/landmarks/include/WE/722fbb15c5a5.npz,83,0.0,0.0,0.9398,1.0,,
b0982cede737,WE,include,video,,include:clip:b0982cede737,data/external/include_pose/INCLUDE/Pose_Signs/Pronouns/45. we/MVI_9972.pkl,data/processed/landmarks/include/WE/b0982cede737.npz,53,0.0,0.0,0.9623,1.0,,
12350897ca07,WE,include,video,,include:clip:12350897ca07,data/external/include_pose/INCLUDE/Pose_Signs/Pronouns/45. we/MVI_9973.pkl,data/processed/landmarks/include/WE/12350897ca07.npz,46,0.0,0.0,0.9783,1.0,,
1d42a46c372d,WE,include,video,,include:clip:1d42a46c372d,data/external/include_pose/INCLUDE/Pose_Signs/Pronouns/45. we/MVI_9974.pkl,data/processed/landmarks/include/WE/1d42a46c372d.npz,48,0.0,0.0,0.9375,1.0,,
853aedc0aed4,WE,include,video,,include:clip:853aedc0aed4,data/external/include_pose/INCLUDE/Pose_Signs/Pronouns/45. we/MVI_9904.pkl,data/processed/landmarks/include/WE/853aedc0aed4.npz,57,0.0,0.0,0.9298,1.0,,
87eefecf83c3,WE,include,video,,include:clip:87eefecf83c3,data/external/include_pose/INCLUDE/Pose_Signs/Pronouns/45. we/MVI_9901.pkl,data/processed/landmarks/include/WE/87eefecf83c3.npz,47,0.0,0.0,0.9149,1.0,,
7a04203df82c,WE,include,video,,include:clip:7a04203df82c,data/external/include_pose/INCLUDE/Pose_Signs/Pronouns/45. we/MVI_9903.pkl,data/processed/landmarks/include/WE/7a04203df82c.npz,54,0.0,0.0,0.9259,1.0,,
aede389129e5,WE,include,video,,include:clip:aede389129e5,data/external/include_pose/INCLUDE/Pose_Signs/Pronouns/45. we/MVI_9902.pkl,data/processed/landmarks/include/WE/aede389129e5.npz,54,0.0,0.0,0.8333,1.0,,
1f28e3e7088f,WE,include,video,,include:clip:1f28e3e7088f,data/external/include_pose/INCLUDE/Pose_Signs/Pronouns/45. we/MVI_0081.pkl,data/processed/landmarks/include/WE/1f28e3e7088f.npz,76,0.0,0.0,0.9079,1.0,,
5ecbbc1220d7,WE,include,video,,include:clip:5ecbbc1220d7,data/external/include_pose/INCLUDE/Pose_Signs/Pronouns/45. we/MVI_0080.pkl,data/processed/landmarks/include/WE/5ecbbc1220d7.npz,73,0.0,0.0,0.9589,1.0,,
49705ae58089,WE,include,video,,include:clip:49705ae58089,data/external/include_pose/INCLUDE/Pose_Signs/Pronouns/45. we/MVI_0020.pkl,data/processed/landmarks/include/WE/49705ae58089.npz,79,0.0,0.0,0.9241,1.0,,
04ac901ef26a,WE,include,video,,include:clip:04ac901ef26a,data/external/include_pose/INCLUDE/Pose_Signs/Pronouns/45. we/MVI_0027.pkl,data/processed/landmarks/include/WE/04ac901ef26a.npz,51,0.0,0.0,0.902,1.0,,
c91218832bee,WE,include,video,,include:clip:c91218832bee,data/external/include_pose/INCLUDE/Pose_Signs/Pronouns/45. we/MVI_9942.pkl,data/processed/landmarks/include/WE/c91218832bee.npz,78,0.0,0.0,0.9744,1.0,,
25fc5de5a4cb,WE,include,video,,include:clip:25fc5de5a4cb,data/external/include_pose/INCLUDE/Pose_Signs/Pronouns/45. we/MVI_9943.pkl,data/processed/landmarks/include/WE/25fc5de5a4cb.npz,89,0.0,0.0,0.9213,1.0,,
825d75249024,WE,include,video,,include:clip:825d75249024,data/external/include_pose/INCLUDE/Pose_Signs/Pronouns/45. we/MVI_9940.pkl,data/processed/landmarks/include/WE/825d75249024.npz,77,0.0,0.0,0.9091,1.0,,
332c14ac12a9,WE,include,video,,include:clip:332c14ac12a9,data/external/include_pose/INCLUDE/Pose_Signs/Pronouns/45. we/MVI_0019.pkl,data/processed/landmarks/include/WE/332c14ac12a9.npz,83,0.0,0.0,0.9398,1.0,,
7472caf3ca2f,YOU_PLURAL,include,video,,include:clip:7472caf3ca2f,data/external/include_pose/INCLUDE/Pose_Signs/Pronouns/46. you (plural)/MVI_9977.pkl,data/processed/landmarks/include/YOU_PLURAL/7472caf3ca2f.npz,80,0.0,0.0,0.95,1.0,,
a3b3b4cc6164,YOU_PLURAL,include,video,,include:clip:a3b3b4cc6164,data/external/include_pose/INCLUDE/Pose_Signs/Pronouns/46. you (plural)/MVI_9976.pkl,data/processed/landmarks/include/YOU_PLURAL/a3b3b4cc6164.npz,74,0.0,0.0,1.0,1.0,,
cc71694becfa,YOU_PLURAL,include,video,,include:clip:cc71694becfa,data/external/include_pose/INCLUDE/Pose_Signs/Pronouns/46. you (plural)/MVI_9948.pkl,data/processed/landmarks/include/YOU_PLURAL/cc71694becfa.npz,93,0.0,0.0,1.0,1.0,,
d92e0190517f,YOU_PLURAL,include,video,,include:clip:d92e0190517f,data/external/include_pose/INCLUDE/Pose_Signs/Pronouns/46. you (plural)/MVI_9905.pkl,data/processed/landmarks/include/YOU_PLURAL/d92e0190517f.npz,56,0.0,0.0,1.0,1.0,,
a390174d1c0c,YOU_PLURAL,include,video,,include:clip:a390174d1c0c,data/external/include_pose/INCLUDE/Pose_Signs/Pronouns/46. you (plural)/MVI_0082.pkl,data/processed/landmarks/include/YOU_PLURAL/a390174d1c0c.npz,70,0.0,0.0,1.0,1.0,,
798a5f6c2304,YOU_PLURAL,include,video,,include:clip:798a5f6c2304,data/external/include_pose/INCLUDE/Pose_Signs/Pronouns/46. you (plural)/MVI_9909.pkl,data/processed/landmarks/include/YOU_PLURAL/798a5f6c2304.npz,57,0.0,0.0,1.0,1.0,,
e53f2dd513c5,YOU_PLURAL,include,video,,include:clip:e53f2dd513c5,data/external/include_pose/INCLUDE/Pose_Signs/Pronouns/46. you (plural)/MVI_9908.pkl,data/processed/landmarks/include/YOU_PLURAL/e53f2dd513c5.npz,51,0.0,0.0,1.0,1.0,,
8565e090b057,YOU_PLURAL,include,video,,include:clip:8565e090b057,data/external/include_pose/INCLUDE/Pose_Signs/Pronouns/46. you (plural)/MVI_0084.pkl,data/processed/landmarks/include/YOU_PLURAL/8565e090b057.npz,72,0.0,0.0,1.0,1.0,,
b29aea353a8b,YOU_PLURAL,include,video,,include:clip:b29aea353a8b,data/external/include_pose/INCLUDE/Pose_Signs/Pronouns/46. you (plural)/MVI_0021.pkl,data/processed/landmarks/include/YOU_PLURAL/b29aea353a8b.npz,75,0.0,0.0,1.0,1.0,,
89c4fd20f64c,YOU_PLURAL,include,video,,include:clip:89c4fd20f64c,data/external/include_pose/INCLUDE/Pose_Signs/Pronouns/46. you (plural)/MVI_9945.pkl,data/processed/landmarks/include/YOU_PLURAL/89c4fd20f64c.npz,72,0.0,0.0,1.0,1.0,,
f8a7d2d8c445,YOU_PLURAL,include,video,,include:clip:f8a7d2d8c445,data/external/include_pose/INCLUDE/Pose_Signs/Pronouns/46. you (plural)/MVI_0022.pkl,data/processed/landmarks/include/YOU_PLURAL/f8a7d2d8c445.npz,84,0.0,0.0,1.0,1.0,,
a6ab3eca9289,YOU_PLURAL,include,video,,include:clip:a6ab3eca9289,data/external/include_pose/INCLUDE/Pose_Signs/Pronouns/46. you (plural)/MVI_9946.pkl,data/processed/landmarks/include/YOU_PLURAL/a6ab3eca9289.npz,87,0.0,0.0,1.0,1.0,,
530e077547b8,YOU_PLURAL,include,video,,include:clip:530e077547b8,data/external/include_pose/INCLUDE/Pose_Signs/Pronouns/46. you (plural)/MVI_0023.pkl,data/processed/landmarks/include/YOU_PLURAL/530e077547b8.npz,92,0.0,0.0,1.0,1.0,,
9386253c79fb,YOU_PLURAL,include,video,,include:clip:9386253c79fb,data/external/include_pose/INCLUDE/Pose_Signs/Pronouns/46. you (plural)/MVI_0032.pkl,data/processed/landmarks/include/YOU_PLURAL/9386253c79fb.npz,56,0.0,0.0,1.0,1.0,,
3957cc9ce8c4,YOU_PLURAL,include,video,,include:clip:3957cc9ce8c4,data/external/include_pose/INCLUDE/Pose_Signs/Pronouns/46. you (plural)/MVI_0030.pkl,data/processed/landmarks/include/YOU_PLURAL/3957cc9ce8c4.npz,61,0.0,0.0,1.0,1.0,,
5f6c28783df7,YOU_PLURAL,include,video,,include:clip:5f6c28783df7,data/external/include_pose/INCLUDE/Pose_Signs/Pronouns/46. you (plural)/MVI_0024.pkl,data/processed/landmarks/include/YOU_PLURAL/5f6c28783df7.npz,74,0.0,0.0,1.0,1.0,,
2af917723094,YOU_PLURAL,include,video,,include:clip:2af917723094,data/external/include_pose/INCLUDE/Pose_Signs/Pronouns/46. you (plural)/MVI_0031.pkl,data/processed/landmarks/include/YOU_PLURAL/2af917723094.npz,61,0.0,0.0,1.0,1.0,,
9bc203d787b3,IT,include,video,,include:clip:9bc203d787b3,data/external/include_pose/INCLUDE/Pose_Signs/Pronouns/44. it/MVI_0014.pkl,data/processed/landmarks/include/IT/9bc203d787b3.npz,78,0.0,0.0,1.0,1.0,,
bb2bb9e41f2c,IT,include,video,,include:clip:bb2bb9e41f2c,data/external/include_pose/INCLUDE/Pose_Signs/Pronouns/44. it/MVI_9971.pkl,data/processed/landmarks/include/IT/bb2bb9e41f2c.npz,47,0.0,0.0,1.0,1.0,,
565e80abeca3,IT,include,video,,include:clip:565e80abeca3,data/external/include_pose/INCLUDE/Pose_Signs/Pronouns/44. it/MVI_9970.pkl,data/processed/landmarks/include/IT/565e80abeca3.npz,48,0.0,0.0,1.0,1.0,,
4225c896540d,IT,include,video,,include:clip:4225c896540d,data/external/include_pose/INCLUDE/Pose_Signs/Pronouns/44. it/MVI_0015.pkl,data/processed/landmarks/include/IT/4225c896540d.npz,73,0.0,0.0,1.0,1.0,,
bad248539488,IT,include,video,,include:clip:bad248539488,data/external/include_pose/INCLUDE/Pose_Signs/Pronouns/44. it/MVI_0016.pkl,data/processed/landmarks/include/IT/bad248539488.npz,70,0.0,0.0,1.0,1.0,,
b725ad080d3b,IT,include,video,,include:clip:b725ad080d3b,data/external/include_pose/INCLUDE/Pose_Signs/Pronouns/44. it/MVI_0013.pkl,data/processed/landmarks/include/IT/b725ad080d3b.npz,66,0.0,0.0,1.0,1.0,,
453b2588acef,IT,include,video,,include:clip:453b2588acef,data/external/include_pose/INCLUDE/Pose_Signs/Pronouns/44. it/MVI_0077.pkl,data/processed/landmarks/include/IT/453b2588acef.npz,68,0.0,0.0,1.0,1.0,,
6f6f9c60d1de,IT,include,video,,include:clip:6f6f9c60d1de,data/external/include_pose/INCLUDE/Pose_Signs/Pronouns/44. it/MVI_9899.pkl,data/processed/landmarks/include/IT/6f6f9c60d1de.npz,44,0.0,0.0,1.0,1.0,,
2595ca3291e9,IT,include,video,,include:clip:2595ca3291e9,data/external/include_pose/INCLUDE/Pose_Signs/Pronouns/44. it/MVI_9898.pkl,data/processed/landmarks/include/IT/2595ca3291e9.npz,46,0.0,0.0,1.0,1.0,,
a5bcb4dae6a9,IT,include,video,,include:clip:a5bcb4dae6a9,data/external/include_pose/INCLUDE/Pose_Signs/Pronouns/44. it/MVI_9939.pkl,data/processed/landmarks/include/IT/a5bcb4dae6a9.npz,74,0.0,0.0,1.0,1.0,,
d5d2d289345d,IT,include,video,,include:clip:d5d2d289345d,data/external/include_pose/INCLUDE/Pose_Signs/Pronouns/44. it/MVI_9938.pkl,data/processed/landmarks/include/IT/d5d2d289345d.npz,68,0.0,0.0,1.0,1.0,,
e3f88f251a24,IT,include,video,,include:clip:e3f88f251a24,data/external/include_pose/INCLUDE/Pose_Signs/Pronouns/44. it/MVI_9900.pkl,data/processed/landmarks/include/IT/e3f88f251a24.npz,50,0.0,0.0,1.0,1.0,,
5683648d1900,IT,include,video,,include:clip:5683648d1900,data/external/include_pose/INCLUDE/Pose_Signs/Pronouns/44. it/MVI_0078.pkl,data/processed/landmarks/include/IT/5683648d1900.npz,58,0.0,0.0,1.0,1.0,,
04c5555bb231,IT,include,video,,include:clip:04c5555bb231,data/external/include_pose/INCLUDE/Pose_Signs/Pronouns/44. it/MVI_9897.pkl,data/processed/landmarks/include/IT/04c5555bb231.npz,44,0.0,0.0,1.0,1.0,,
589f5f817239,IT,include,video,,include:clip:589f5f817239,data/external/include_pose/INCLUDE/Pose_Signs/Pronouns/44. it/MVI_9936.pkl,data/processed/landmarks/include/IT/589f5f817239.npz,74,0.0,0.0,1.0,1.0,,
213ccb558bf7,IT,include,video,,include:clip:213ccb558bf7,data/external/include_pose/INCLUDE/Pose_Signs/Pronouns/44. it/MVI_0024.pkl,data/processed/landmarks/include/IT/213ccb558bf7.npz,43,0.0,0.0,1.0,1.0,,
fe843a9f9d2f,IT,include,video,,include:clip:fe843a9f9d2f,data/external/include_pose/INCLUDE/Pose_Signs/Pronouns/44. it/MVI_9969.pkl,data/processed/landmarks/include/IT/fe843a9f9d2f.npz,44,0.0,0.0,1.0,1.0,,
f97a5bb9faaf,THEY,include,video,,include:clip:f97a5bb9faaf,data/external/include_pose/INCLUDE/Pose_Signs/Pronouns/47. they/MVI_0028.pkl,data/processed/landmarks/include/THEY/f97a5bb9faaf.npz,82,0.0,0.0,1.0,1.0,,
6fc4d03b6fc1,THEY,include,video,,include:clip:6fc4d03b6fc1,data/external/include_pose/INCLUDE/Pose_Signs/Pronouns/47. they/MVI_9912.pkl,data/processed/landmarks/include/THEY/6fc4d03b6fc1.npz,62,0.0,0.0,1.0,1.0,,
6dc20422eae2,THEY,include,video,,include:clip:6dc20422eae2,data/external/include_pose/INCLUDE/Pose_Signs/Pronouns/47. they/MVI_9913.pkl,data/processed/landmarks/include/THEY/6dc20422eae2.npz,61,0.0,0.0,1.0,1.0,,
49f40f0fa03e,THEY,include,video,,include:clip:49f40f0fa03e,data/external/include_pose/INCLUDE/Pose_Signs/Pronouns/47. they/MVI_9911.pkl,data/processed/landmarks/include/THEY/49f40f0fa03e.npz,70,0.0,0.0,1.0,1.0,,
ec9653fa0782,THEY,include,video,,include:clip:ec9653fa0782,data/external/include_pose/INCLUDE/Pose_Signs/Pronouns/47. they/MVI_9910.pkl,data/processed/landmarks/include/THEY/ec9653fa0782.npz,59,0.0,0.0,1.0,1.0,,
81b213487e69,THEY,include,video,,include:clip:81b213487e69,data/external/include_pose/INCLUDE/Pose_Signs/Pronouns/47. they/MVI_0087.pkl,data/processed/landmarks/include/THEY/81b213487e69.npz,66,0.0,0.0,1.0,1.0,,
70df1e40f37e,THEY,include,video,,include:clip:70df1e40f37e,data/external/include_pose/INCLUDE/Pose_Signs/Pronouns/47. they/MVI_0085.pkl,data/processed/landmarks/include/THEY/70df1e40f37e.npz,68,0.0,0.0,1.0,1.0,,
892338eb2201,THEY,include,video,,include:clip:892338eb2201,data/external/include_pose/INCLUDE/Pose_Signs/Pronouns/47. they/MVI_0035.pkl,data/processed/landmarks/include/THEY/892338eb2201.npz,51,0.0,0.0,1.0,1.0,,
36c8d59591cc,THEY,include,video,,include:clip:36c8d59591cc,data/external/include_pose/INCLUDE/Pose_Signs/Pronouns/47. they/MVI_9951.pkl,data/processed/landmarks/include/THEY/36c8d59591cc.npz,99,0.0,0.0,1.0,1.0,,
052b76db223e,THEY,include,video,,include:clip:052b76db223e,data/external/include_pose/INCLUDE/Pose_Signs/Pronouns/47. they/MVI_0034.pkl,data/processed/landmarks/include/THEY/052b76db223e.npz,54,0.0,0.0,1.0,1.0,,
1e392ffcb681,THEY,include,video,,include:clip:1e392ffcb681,data/external/include_pose/INCLUDE/Pose_Signs/Pronouns/47. they/MVI_9953.pkl,data/processed/landmarks/include/THEY/1e392ffcb681.npz,96,0.0,0.0,1.0,1.0,,
1cfb41f0f7b1,THEY,include,video,,include:clip:1cfb41f0f7b1,data/external/include_pose/INCLUDE/Pose_Signs/Pronouns/47. they/MVI_9952.pkl,data/processed/landmarks/include/THEY/1cfb41f0f7b1.npz,101,0.0,0.0,1.0,1.0,,
b0a4e1fa6ee9,THEY,include,video,,include:clip:b0a4e1fa6ee9,data/external/include_pose/INCLUDE/Pose_Signs/Pronouns/47. they/MVI_0027.pkl,data/processed/landmarks/include/THEY/b0a4e1fa6ee9.npz,72,0.0,0.0,1.0,1.0,,
b31278d0a433,THEY,include,video,,include:clip:b31278d0a433,data/external/include_pose/INCLUDE/Pose_Signs/Pronouns/47. they/MVI_0033.pkl,data/processed/landmarks/include/THEY/b31278d0a433.npz,52,0.0,0.0,1.0,1.0,,
a4d22a77cc59,THEY,include,video,,include:clip:a4d22a77cc59,data/external/include_pose/INCLUDE/Pose_Signs/Pronouns/47. they/MVI_9981.pkl,data/processed/landmarks/include/THEY/a4d22a77cc59.npz,55,0.0,0.0,1.0,1.0,,
75fbfcde4efa,THEY,include,video,,include:clip:75fbfcde4efa,data/external/include_pose/INCLUDE/Pose_Signs/Pronouns/47. they/MVI_9980.pkl,data/processed/landmarks/include/THEY/75fbfcde4efa.npz,54,0.0,0.0,1.0,1.0,,
a3fe516d2eda,THEY,include,video,,include:clip:a3fe516d2eda,data/external/include_pose/INCLUDE/Pose_Signs/Pronouns/47. they/MVI_0026.pkl,data/processed/landmarks/include/THEY/a3fe516d2eda.npz,78,0.0,0.0,1.0,1.0,,
ec5df3e03a34,HE,include,video,,include:clip:ec5df3e03a34,data/external/include_pose/INCLUDE/Pose_Signs/Pronouns/42. he/MVI_9965.pkl,data/processed/landmarks/include/HE/ec5df3e03a34.npz,56,0.0,0.0,1.0,1.0,,
595b0ec3fbff,HE,include,video,,include:clip:595b0ec3fbff,data/external/include_pose/INCLUDE/Pose_Signs/Pronouns/42. he/MVI_9964.pkl,data/processed/landmarks/include/HE/595b0ec3fbff.npz,61,0.0,0.0,1.0,1.0,,
3a0dc9300891,HE,include,video,,include:clip:3a0dc9300891,data/external/include_pose/INCLUDE/Pose_Signs/Pronouns/42. he/MVI_0006.pkl,data/processed/landmarks/include/HE/3a0dc9300891.npz,79,0.0,0.0,1.0,1.0,,
e08408d462b5,HE,include,video,,include:clip:e08408d462b5,data/external/include_pose/INCLUDE/Pose_Signs/Pronouns/42. he/MVI_0007.pkl,data/processed/landmarks/include/HE/e08408d462b5.npz,75,0.0,0.0,1.0,1.0,,
4df12c240afe,HE,include,video,,include:clip:4df12c240afe,data/external/include_pose/INCLUDE/Pose_Signs/Pronouns/42. he/MVI_0071.pkl,data/processed/landmarks/include/HE/4df12c240afe.npz,78,0.0,0.0,1.0,1.0,,
3d900a2bf2d7,HE,include,video,,include:clip:3d900a2bf2d7,data/external/include_pose/INCLUDE/Pose_Signs/Pronouns/42. he/MVI_9928.pkl,data/processed/landmarks/include/HE/3d900a2bf2d7.npz,92,0.0,0.0,1.0,1.0,,
3577c63087bf,HE,include,video,,include:clip:3577c63087bf,data/external/include_pose/INCLUDE/Pose_Signs/Pronouns/42. he/MVI_0070.pkl,data/processed/landmarks/include/HE/3577c63087bf.npz,72,0.0,0.0,1.0,1.0,,
bacce8daeb02,HE,include,video,,include:clip:bacce8daeb02,data/external/include_pose/INCLUDE/Pose_Signs/Pronouns/42. he/MVI_0072.pkl,data/processed/landmarks/include/HE/bacce8daeb02.npz,78,0.0,0.0,1.0,1.0,,
ee89424904a5,HE,include,video,,include:clip:ee89424904a5,data/external/include_pose/INCLUDE/Pose_Signs/Pronouns/42. he/MVI_9889.pkl,data/processed/landmarks/include/HE/ee89424904a5.npz,49,0.0,0.0,1.0,1.0,,
9c792415e9b5,HE,include,video,,include:clip:9c792415e9b5,data/external/include_pose/INCLUDE/Pose_Signs/Pronouns/42. he/MVI_9927.pkl,data/processed/landmarks/include/HE/9c792415e9b5.npz,95,0.0,0.0,1.0,1.0,,
3b0ca3bb26b6,HE,include,video,,include:clip:3b0ca3bb26b6,data/external/include_pose/INCLUDE/Pose_Signs/Pronouns/42. he/MVI_9890.pkl,data/processed/landmarks/include/HE/3b0ca3bb26b6.npz,54,0.0,0.0,1.0,1.0,,
e4aad92ebfaf,HE,include,video,,include:clip:e4aad92ebfaf,data/external/include_pose/INCLUDE/Pose_Signs/Pronouns/42. he/MVI_9891.pkl,data/processed/landmarks/include/HE/e4aad92ebfaf.npz,51,0.0,0.0,1.0,1.0,,
595d0330d304,HE,include,video,,include:clip:595d0330d304,data/external/include_pose/INCLUDE/Pose_Signs/Pronouns/42. he/MVI_9930.pkl,data/processed/landmarks/include/HE/595d0330d304.npz,76,0.0,0.0,1.0,1.0,,
e6f024cced08,HE,include,video,,include:clip:e6f024cced08,data/external/include_pose/INCLUDE/Pose_Signs/Pronouns/42. he/MVI_9892.pkl,data/processed/landmarks/include/HE/e6f024cced08.npz,50,0.0,0.0,1.0,1.0,,
14e74f18de2a,HE,include,video,,include:clip:14e74f18de2a,data/external/include_pose/INCLUDE/Pose_Signs/Pronouns/42. he/MVI_9931.pkl,data/processed/landmarks/include/HE/14e74f18de2a.npz,86,0.0,0.0,1.0,1.0,,
fe863f191ae9,HE,include,video,,include:clip:fe863f191ae9,data/external/include_pose/INCLUDE/Pose_Signs/Pronouns/42. he/MVI_0008.pkl,data/processed/landmarks/include/HE/fe863f191ae9.npz,70,0.0,0.0,1.0,1.0,,
d3e87471ce67,HE,include,video,,include:clip:d3e87471ce67,data/external/include_pose/INCLUDE/Pose_Signs/Pronouns/42. he/MVI_0019.pkl,data/processed/landmarks/include/HE/d3e87471ce67.npz,57,0.0,0.0,1.0,1.0,,
2debb08768a0,SOLDIER,include,video,,include:clip:2debb08768a0,data/external/include_pose/INCLUDE/Pose_Signs/Jobs/93. Soldier/MVI_5352.pkl,data/processed/landmarks/include/SOLDIER/2debb08768a0.npz,76,0.0,0.0,1.0,1.0,,
2691b37a9020,SOLDIER,include,video,,include:clip:2691b37a9020,data/external/include_pose/INCLUDE/Pose_Signs/Jobs/93. Soldier/MVI_5351.pkl,data/processed/landmarks/include/SOLDIER/2691b37a9020.npz,49,0.0,0.0,0.9388,1.0,,
f05b479cbcb4,SOLDIER,include,video,,include:clip:f05b479cbcb4,data/external/include_pose/INCLUDE/Pose_Signs/Jobs/93. Soldier/MVI_5350.pkl,data/processed/landmarks/include/SOLDIER/f05b479cbcb4.npz,46,0.0,0.0,0.9783,1.0,,
7f7c5f5bcebb,SOLDIER,include,video,,include:clip:7f7c5f5bcebb,data/external/include_pose/INCLUDE/Pose_Signs/Jobs/93. Soldier/MVI_4498.pkl,data/processed/landmarks/include/SOLDIER/7f7c5f5bcebb.npz,55,0.0,0.0,0.8,1.0,,
c9099d46b09f,SOLDIER,include,video,,include:clip:c9099d46b09f,data/external/include_pose/INCLUDE/Pose_Signs/Jobs/93. Soldier/MVI_4776.pkl,data/processed/landmarks/include/SOLDIER/c9099d46b09f.npz,58,0.0,0.0,0.8621,1.0,,
68ca3637141a,SOLDIER,include,video,,include:clip:68ca3637141a,data/external/include_pose/INCLUDE/Pose_Signs/Jobs/93. Soldier/MVI_8893.pkl,data/processed/landmarks/include/SOLDIER/68ca3637141a.npz,65,0.0,0.0,0.9538,1.0,,
c77d413f6b96,SOLDIER,include,video,,include:clip:c77d413f6b96,data/external/include_pose/INCLUDE/Pose_Signs/Jobs/93. Soldier/MVI_4777.pkl,data/processed/landmarks/include/SOLDIER/c77d413f6b96.npz,58,0.0,0.0,0.8793,1.0,,
25fb55398a41,SOLDIER,include,video,,include:clip:25fb55398a41,data/external/include_pose/INCLUDE/Pose_Signs/Jobs/93. Soldier/MVI_8894.pkl,data/processed/landmarks/include/SOLDIER/25fb55398a41.npz,57,0.0,0.0,0.9825,1.0,,
9239e50a7c57,SOLDIER,include,video,,include:clip:9239e50a7c57,data/external/include_pose/INCLUDE/Pose_Signs/Jobs/93. Soldier/MVI_8895.pkl,data/processed/landmarks/include/SOLDIER/9239e50a7c57.npz,61,0.0,0.0,0.9836,1.0,,
275312cb5620,SOLDIER,include,video,,include:clip:275312cb5620,data/external/include_pose/INCLUDE/Pose_Signs/Jobs/93. Soldier/MVI_4497.pkl,data/processed/landmarks/include/SOLDIER/275312cb5620.npz,56,0.0,0.0,0.8036,1.0,,
eb3414f53e85,SOLDIER,include,video,,include:clip:eb3414f53e85,data/external/include_pose/INCLUDE/Pose_Signs/Jobs/93. Soldier/MVI_4495.pkl,data/processed/landmarks/include/SOLDIER/eb3414f53e85.npz,68,0.0,0.0,0.8529,1.0,,
5c8ee136d543,ACTOR,include,video,,include:clip:5c8ee136d543,data/external/include_pose/INCLUDE/Pose_Signs/Jobs/98. Actor/MVI_4517.pkl,data/processed/landmarks/include/ACTOR/5c8ee136d543.npz,71,0.0,0.0,0.8169,1.0,,
c8343654f257,ACTOR,include,video,,include:clip:c8343654f257,data/external/include_pose/INCLUDE/Pose_Signs/Jobs/98. Actor/MVI_4516.pkl,data/processed/landmarks/include/ACTOR/c8343654f257.npz,67,0.0,0.0,0.8657,1.0,,
8017446a9169,ACTOR,include,video,,include:clip:8017446a9169,data/external/include_pose/INCLUDE/Pose_Signs/Jobs/98. Actor/MVI_8921.pkl,data/processed/landmarks/include/ACTOR/8017446a9169.npz,77,0.0,0.0,0.9481,1.0,,
c714823c5b7e,ACTOR,include,video,,include:clip:c714823c5b7e,data/external/include_pose/INCLUDE/Pose_Signs/Jobs/98. Actor/MVI_8923.pkl,data/processed/landmarks/include/ACTOR/c714823c5b7e.npz,79,0.0,0.0,0.9494,1.0,,
3b25baad0a5c,ACTOR,include,video,,include:clip:3b25baad0a5c,data/external/include_pose/INCLUDE/Pose_Signs/Jobs/98. Actor/MVI_4791.pkl,data/processed/landmarks/include/ACTOR/3b25baad0a5c.npz,74,0.0,0.0,1.0,1.0,,
70cb3695a719,ACTOR,include,video,,include:clip:70cb3695a719,data/external/include_pose/INCLUDE/Pose_Signs/Jobs/98. Actor/MVI_4793.pkl,data/processed/landmarks/include/ACTOR/70cb3695a719.npz,78,0.0,0.0,0.9487,1.0,,
a3d80de4d9b7,ACTOR,include,video,,include:clip:a3d80de4d9b7,data/external/include_pose/INCLUDE/Pose_Signs/Jobs/98. Actor/MVI_5373.pkl,data/processed/landmarks/include/ACTOR/a3d80de4d9b7.npz,73,0.0,0.0,0.9452,1.0,,
60024a795ef1,ACTOR,include,video,,include:clip:60024a795ef1,data/external/include_pose/INCLUDE/Pose_Signs/Jobs/98. Actor/MVI_5371.pkl,data/processed/landmarks/include/ACTOR/60024a795ef1.npz,72,0.0,0.0,0.9444,1.0,,
96e8383fe89f,ACTOR,include,video,,include:clip:96e8383fe89f,data/external/include_pose/INCLUDE/Pose_Signs/Jobs/98. Actor/MVI_5374.pkl,data/processed/landmarks/include/ACTOR/96e8383fe89f.npz,66,0.0,0.0,0.9394,1.0,,
d8ed0ae57c1a,ACTOR,include,video,,include:clip:d8ed0ae57c1a,data/external/include_pose/INCLUDE/Pose_Signs/Jobs/98. Actor/MVI_4518.pkl,data/processed/landmarks/include/ACTOR/d8ed0ae57c1a.npz,64,0.0,0.0,0.8281,1.0,,
c700129f2ac0,ACTOR,include,video,,include:clip:c700129f2ac0,data/external/include_pose/INCLUDE/Pose_Signs/Jobs/98. Actor/MVI_4519.pkl,data/processed/landmarks/include/ACTOR/c700129f2ac0.npz,67,0.0,0.0,0.7463,1.0,,
b3944b98c1eb,DOCTOR,include,video,,include:clip:b3944b98c1eb,data/external/include_pose/INCLUDE/Pose_Signs/Jobs/87. Doctor/MVI_4472.pkl,data/processed/landmarks/include/DOCTOR/b3944b98c1eb.npz,60,0.0,0.0,0.8667,1.0,,
7ca3ba296a4d,DOCTOR,include,video,,include:clip:7ca3ba296a4d,data/external/include_pose/INCLUDE/Pose_Signs/Jobs/87. Doctor/MVI_4473.pkl,data/processed/landmarks/include/DOCTOR/7ca3ba296a4d.npz,67,0.0,0.0,0.9254,1.0,,
b9dff3e106cb,DOCTOR,include,video,,include:clip:b9dff3e106cb,data/external/include_pose/INCLUDE/Pose_Signs/Jobs/87. Doctor/MVI_4470.pkl,data/processed/landmarks/include/DOCTOR/b9dff3e106cb.npz,57,0.0,0.0,0.8246,1.0,,
35d3ac9d7502,DOCTOR,include,video,,include:clip:35d3ac9d7502,data/external/include_pose/INCLUDE/Pose_Signs/Jobs/87. Doctor/MVI_5325.pkl,data/processed/landmarks/include/DOCTOR/35d3ac9d7502.npz,46,0.0,0.0,0.9565,1.0,,
67c3cc0ed5bf,DOCTOR,include,video,,include:clip:67c3cc0ed5bf,data/external/include_pose/INCLUDE/Pose_Signs/Jobs/87. Doctor/MVI_5324.pkl,data/processed/landmarks/include/DOCTOR/67c3cc0ed5bf.npz,46,0.0,0.0,0.9565,1.0,,
e4ada69e90a5,DOCTOR,include,video,,include:clip:e4ada69e90a5,data/external/include_pose/INCLUDE/Pose_Signs/Jobs/87. Doctor/MVI_5322.pkl,data/processed/landmarks/include/DOCTOR/e4ada69e90a5.npz,50,0.0,0.0,0.98,1.0,,
328abd2d8815,DOCTOR,include,video,,include:clip:328abd2d8815,data/external/include_pose/INCLUDE/Pose_Signs/Jobs/87. Doctor/MVI_4754.pkl,data/processed/landmarks/include/DOCTOR/328abd2d8815.npz,61,0.0,0.0,0.9508,1.0,,
1aca08e2bd57,DOCTOR,include,video,,include:clip:1aca08e2bd57,data/external/include_pose/INCLUDE/Pose_Signs/Jobs/87. Doctor/MVI_4755.pkl,data/processed/landmarks/include/DOCTOR/1aca08e2bd57.npz,57,0.0,0.0,0.8596,1.0,,
1fad7f9abcc7,DOCTOR,include,video,,include:clip:1fad7f9abcc7,data/external/include_pose/INCLUDE/Pose_Signs/Jobs/87. Doctor/MVI_4757.pkl,data/processed/landmarks/include/DOCTOR/1fad7f9abcc7.npz,57,0.0,0.0,0.9298,1.0,,
4b3fc038b999,DOCTOR,include,video,,include:clip:4b3fc038b999,data/external/include_pose/INCLUDE/Pose_Signs/Jobs/87. Doctor/MVI_8874.pkl,data/processed/landmarks/include/DOCTOR/4b3fc038b999.npz,62,0.0,0.0,0.9677,1.0,,
98e87849ab8e,DOCTOR,include,video,,include:clip:98e87849ab8e,data/external/include_pose/INCLUDE/Pose_Signs/Jobs/87. Doctor/MVI_8876.pkl,data/processed/landmarks/include/DOCTOR/98e87849ab8e.npz,79,0.0,0.0,0.9494,1.0,,
f84c4eb13b28,PRIEST,include,video,,include:clip:f84c4eb13b28,data/external/include_pose/INCLUDE/Pose_Signs/Jobs/91. Priest/MVI_5345.pkl,data/processed/landmarks/include/PRIEST/f84c4eb13b28.npz,45,0.0,0.0,1.0,1.0,,
c341cfc4555a,PRIEST,include,video,,include:clip:c341cfc4555a,data/external/include_pose/INCLUDE/Pose_Signs/Jobs/91. Priest/MVI_4489.pkl,data/processed/landmarks/include/PRIEST/c341cfc4555a.npz,60,0.0,0.0,1.0,1.0,,
58309a358eb1,PRIEST,include,video,,include:clip:58309a358eb1,data/external/include_pose/INCLUDE/Pose_Signs/Jobs/91. Priest/MVI_5343.pkl,data/processed/landmarks/include/PRIEST/58309a358eb1.npz,53,0.0,0.0,1.0,1.0,,
780147a5175f,PRIEST,include,video,,include:clip:780147a5175f,data/external/include_pose/INCLUDE/Pose_Signs/Jobs/91. Priest/MVI_8887.pkl,data/processed/landmarks/include/PRIEST/780147a5175f.npz,61,0.0,0.0,1.0,1.0,,
70b77fcb41de,PRIEST,include,video,,include:clip:70b77fcb41de,data/external/include_pose/INCLUDE/Pose_Signs/Jobs/91. Priest/MVI_4772.pkl,data/processed/landmarks/include/PRIEST/70b77fcb41de.npz,49,0.0,0.0,1.0,1.0,,
01272ba12a17,PRIEST,include,video,,include:clip:01272ba12a17,data/external/include_pose/INCLUDE/Pose_Signs/Jobs/91. Priest/MVI_4770.pkl,data/processed/landmarks/include/PRIEST/01272ba12a17.npz,61,0.0,0.0,1.0,1.0,,
f3d4d4c53506,PRIEST,include,video,,include:clip:f3d4d4c53506,data/external/include_pose/INCLUDE/Pose_Signs/Jobs/91. Priest/MVI_4771.pkl,data/processed/landmarks/include/PRIEST/f3d4d4c53506.npz,56,0.0,0.0,1.0,1.0,,
a44b452a28b9,PRIEST,include,video,,include:clip:a44b452a28b9,data/external/include_pose/INCLUDE/Pose_Signs/Jobs/91. Priest/MVI_8889.pkl,data/processed/landmarks/include/PRIEST/a44b452a28b9.npz,65,0.0,0.0,1.0,1.0,,
16a5aac0ab83,PRIEST,include,video,,include:clip:16a5aac0ab83,data/external/include_pose/INCLUDE/Pose_Signs/Jobs/91. Priest/MVI_8888.pkl,data/processed/landmarks/include/PRIEST/16a5aac0ab83.npz,63,0.0,0.0,1.0,1.0,,
252e4a6d2e57,PRIEST,include,video,,include:clip:252e4a6d2e57,data/external/include_pose/INCLUDE/Pose_Signs/Jobs/91. Priest/MVI_4490.pkl,data/processed/landmarks/include/PRIEST/252e4a6d2e57.npz,73,0.0,0.0,1.0,1.0,,
42b73e894964,PRIEST,include,video,,include:clip:42b73e894964,data/external/include_pose/INCLUDE/Pose_Signs/Jobs/91. Priest/MVI_4487.pkl,data/processed/landmarks/include/PRIEST/42b73e894964.npz,64,0.0,0.0,1.0,1.0,,
b74ee81db7ed,PRIEST,include,video,,include:clip:b74ee81db7ed,data/external/include_pose/INCLUDE/Pose_Signs/Jobs/91. Priest/MVI_4486.pkl,data/processed/landmarks/include/PRIEST/b74ee81db7ed.npz,79,0.0,0.0,1.0,1.0,,
7cd8cff728fc,REPORTER,include,video,,include:clip:7cd8cff728fc,data/external/include_pose/INCLUDE/Pose_Signs/Jobs/97. Reporter/MVI_4514.pkl,data/processed/landmarks/include/REPORTER/7cd8cff728fc.npz,64,0.0,0.0,0.7969,1.0,,
df5d691b3c1f,REPORTER,include,video,,include:clip:df5d691b3c1f,data/external/include_pose/INCLUDE/Pose_Signs/Jobs/97. Reporter/MVI_4515.pkl,data/processed/landmarks/include/REPORTER/df5d691b3c1f.npz,65,0.0,0.0,0.8462,1.0,,
a9db906f6dcf,REPORTER,include,video,,include:clip:a9db906f6dcf,data/external/include_pose/INCLUDE/Pose_Signs/Jobs/97. Reporter/MVI_5368.pkl,data/processed/landmarks/include/REPORTER/a9db906f6dcf.npz,56,0.0,0.0,0.9643,1.0,,
72630f33a67c,REPORTER,include,video,,include:clip:72630f33a67c,data/external/include_pose/INCLUDE/Pose_Signs/Jobs/97. Reporter/MVI_4512.pkl,data/processed/landmarks/include/REPORTER/72630f33a67c.npz,83,0.0,0.0,0.9518,1.0,,
20ddf663aae8,REPORTER,include,video,,include:clip:20ddf663aae8,data/external/include_pose/INCLUDE/Pose_Signs/Jobs/97. Reporter/MVI_4513.pkl,data/processed/landmarks/include/REPORTER/20ddf663aae8.npz,59,0.0,0.0,0.8983,1.0,,
afd2550b5923,REPORTER,include,video,,include:clip:afd2550b5923,data/external/include_pose/INCLUDE/Pose_Signs/Jobs/97. Reporter/MVI_4789.pkl,data/processed/landmarks/include/REPORTER/afd2550b5923.npz,65,0.0,0.0,0.9538,1.0,,
ad0012ab8a59,REPORTER,include,video,,include:clip:ad0012ab8a59,data/external/include_pose/INCLUDE/Pose_Signs/Jobs/97. Reporter/MVI_8919.pkl,data/processed/landmarks/include/REPORTER/ad0012ab8a59.npz,75,0.0,0.0,0.9867,1.0,,
b4e5a786b858,REPORTER,include,video,,include:clip:b4e5a786b858,data/external/include_pose/INCLUDE/Pose_Signs/Jobs/97. Reporter/MVI_8918.pkl,data/processed/landmarks/include/REPORTER/b4e5a786b858.npz,70,0.0,0.0,0.9714,1.0,,
e03f6cb404e5,REPORTER,include,video,,include:clip:e03f6cb404e5,data/external/include_pose/INCLUDE/Pose_Signs/Jobs/97. Reporter/MVI_4788.pkl,data/processed/landmarks/include/REPORTER/e03f6cb404e5.npz,72,0.0,0.0,0.9722,1.0,,
4e1a66c162c5,REPORTER,include,video,,include:clip:4e1a66c162c5,data/external/include_pose/INCLUDE/Pose_Signs/Jobs/97. Reporter/MVI_8917.pkl,data/processed/landmarks/include/REPORTER/4e1a66c162c5.npz,74,0.0,0.0,1.0,1.0,,
bb3a654f81ac,REPORTER,include,video,,include:clip:bb3a654f81ac,data/external/include_pose/INCLUDE/Pose_Signs/Jobs/97. Reporter/MVI_5367.pkl,data/processed/landmarks/include/REPORTER/bb3a654f81ac.npz,52,0.0,0.0,0.9231,1.0,,
66a8f8fa2a81,SECRETARY,include,video,,include:clip:66a8f8fa2a81,data/external/include_pose/INCLUDE/Pose_Signs/Jobs/90. Secretary/MVI_5340.pkl,data/processed/landmarks/include/SECRETARY/66a8f8fa2a81.npz,68,0.0,0.0,0.9559,1.0,,
479e69b50938,SECRETARY,include,video,,include:clip:479e69b50938,data/external/include_pose/INCLUDE/Pose_Signs/Jobs/90. Secretary/MVI_5341.pkl,data/processed/landmarks/include/SECRETARY/479e69b50938.npz,62,0.0,0.0,0.9839,1.0,,
a395698819f0,SECRETARY,include,video,,include:clip:a395698819f0,data/external/include_pose/INCLUDE/Pose_Signs/Jobs/90. Secretary/MVI_8885.pkl,data/processed/landmarks/include/SECRETARY/a395698819f0.npz,69,0.0,0.0,0.913,1.0,,
ee6f993b8080,SECRETARY,include,video,,include:clip:ee6f993b8080,data/external/include_pose/INCLUDE/Pose_Signs/Jobs/90. Secretary/MVI_8884.pkl,data/processed/landmarks/include/SECRETARY/ee6f993b8080.npz,65,0.0,0.0,0.9538,1.0,,
3a55c1589ada,SECRETARY,include,video,,include:clip:3a55c1589ada,data/external/include_pose/INCLUDE/Pose_Signs/Jobs/90. Secretary/MVI_8886.pkl,data/processed/landmarks/include/SECRETARY/3a55c1589ada.npz,63,0.0,0.0,0.9683,1.0,,
164642ac8305,SECRETARY,include,video,,include:clip:164642ac8305,data/external/include_pose/INCLUDE/Pose_Signs/Jobs/90. Secretary/MVI_4767.pkl,data/processed/landmarks/include/SECRETARY/164642ac8305.npz,78,0.0,0.0,0.9231,1.0,,
c865f62a21e6,SECRETARY,include,video,,include:clip:c865f62a21e6,data/external/include_pose/INCLUDE/Pose_Signs/Jobs/90. Secretary/MVI_5339.pkl,data/processed/landmarks/include/SECRETARY/c865f62a21e6.npz,64,0.0,0.0,0.9688,1.0,,
c42df52502f6,SECRETARY,include,video,,include:clip:c42df52502f6,data/external/include_pose/INCLUDE/Pose_Signs/Jobs/90. Secretary/MVI_4769.pkl,data/processed/landmarks/include/SECRETARY/c42df52502f6.npz,62,0.0,0.0,0.9355,1.0,,
e50f43be7b2a,SECRETARY,include,video,,include:clip:e50f43be7b2a,data/external/include_pose/INCLUDE/Pose_Signs/Jobs/90. Secretary/MVI_4483.pkl,data/processed/landmarks/include/SECRETARY/e50f43be7b2a.npz,81,0.0,0.0,0.8889,1.0,,
3fadcceecb9d,SECRETARY,include,video,,include:clip:3fadcceecb9d,data/external/include_pose/INCLUDE/Pose_Signs/Jobs/90. Secretary/MVI_4484.pkl,data/processed/landmarks/include/SECRETARY/3fadcceecb9d.npz,79,0.0,0.0,0.9494,1.0,,
fa5480cc90a9,SECRETARY,include,video,,include:clip:fa5480cc90a9,data/external/include_pose/INCLUDE/Pose_Signs/Jobs/90. Secretary/MVI_4485.pkl,data/processed/landmarks/include/SECRETARY/fa5480cc90a9.npz,78,0.0,0.0,0.859,1.0,,
4b80930fd545,POLICE,include,video,,include:clip:4b80930fd545,data/external/include_pose/INCLUDE/Pose_Signs/Jobs/92. Police/MVI_5347.pkl,data/processed/landmarks/include/POLICE/4b80930fd545.npz,52,0.0,0.0,0.9615,1.0,,
b9d622b0ff14,POLICE,include,video,,include:clip:b9d622b0ff14,data/external/include_pose/INCLUDE/Pose_Signs/Jobs/92. Police/MVI_8891.pkl,data/processed/landmarks/include/POLICE/b9d622b0ff14.npz,64,0.0,0.0,0.9688,1.0,,
69c7ed85bcbf,POLICE,include,video,,include:clip:69c7ed85bcbf,data/external/include_pose/INCLUDE/Pose_Signs/Jobs/92. Police/MVI_8890.pkl,data/processed/landmarks/include/POLICE/69c7ed85bcbf.npz,56,0.0,0.0,0.9107,1.0,,
7a5941093706,POLICE,include,video,,include:clip:7a5941093706,data/external/include_pose/INCLUDE/Pose_Signs/Jobs/92. Police/MVI_4774.pkl,data/processed/landmarks/include/POLICE/7a5941093706.npz,58,0.0,0.0,0.8448,1.0,,
e993be17981f,POLICE,include,video,,include:clip:e993be17981f,data/external/include_pose/INCLUDE/Pose_Signs/Jobs/92. Police/MVI_8892.pkl,data/processed/landmarks/include/POLICE/e993be17981f.npz,62,0.0,0.0,0.9355,1.0,,
b3894bf8dc48,POLICE,include,video,,include:clip:b3894bf8dc48,data/external/include_pose/INCLUDE/Pose_Signs/Jobs/92. Police/MVI_4773.pkl,data/processed/landmarks/include/POLICE/b3894bf8dc48.npz,63,0.0,0.0,0.9365,1.0,,
90725cbe371e,POLICE,include,video,,include:clip:90725cbe371e,data/external/include_pose/INCLUDE/Pose_Signs/Jobs/92. Police/MVI_4494.pkl,data/processed/landmarks/include/POLICE/90725cbe371e.npz,51,0.0,0.0,0.8627,1.0,,
901d4812e0cd,POLICE,include,video,,include:clip:901d4812e0cd,data/external/include_pose/INCLUDE/Pose_Signs/Jobs/92. Police/MVI_5349.pkl,data/processed/landmarks/include/POLICE/901d4812e0cd.npz,50,0.0,0.0,0.98,1.0,,
e82da861e5ed,POLICE,include,video,,include:clip:e82da861e5ed,data/external/include_pose/INCLUDE/Pose_Signs/Jobs/92. Police/MVI_4491.pkl,data/processed/landmarks/include/POLICE/e82da861e5ed.npz,74,0.0,0.0,0.8108,1.0,,
c012458c35e1,POLICE,include,video,,include:clip:c012458c35e1,data/external/include_pose/INCLUDE/Pose_Signs/Jobs/92. Police/MVI_4493.pkl,data/processed/landmarks/include/POLICE/c012458c35e1.npz,58,0.0,0.0,0.8276,1.0,,
43d35315e722,POLICE,include,video,,include:clip:43d35315e722,data/external/include_pose/INCLUDE/Pose_Signs/Jobs/92. Police/MVI_4492.pkl,data/processed/landmarks/include/POLICE/43d35315e722.npz,60,0.0,0.0,0.8833,1.0,,
f716e3a67740,MANAGER,include,video,,include:clip:f716e3a67740,data/external/include_pose/INCLUDE/Pose_Signs/Jobs/96. Manager/MVI_4511.pkl,data/processed/landmarks/include/MANAGER/f716e3a67740.npz,85,0.0,0.0,0.8353,1.0,,
0d500f4bddc0,MANAGER,include,video,,include:clip:0d500f4bddc0,data/external/include_pose/INCLUDE/Pose_Signs/Jobs/96. Manager/MVI_4510.pkl,data/processed/landmarks/include/MANAGER/0d500f4bddc0.npz,104,0.0,0.0,0.9135,1.0,,
993331431c83,MANAGER,include,video,,include:clip:993331431c83,data/external/include_pose/INCLUDE/Pose_Signs/Jobs/96. Manager/MVI_4785.pkl,data/processed/landmarks/include/MANAGER/993331431c83.npz,80,0.0,0.0,0.925,1.0,,
65f3d9436ebc,MANAGER,include,video,,include:clip:65f3d9436ebc,data/external/include_pose/INCLUDE/Pose_Signs/Jobs/96. Manager/MVI_8914.pkl,data/processed/landmarks/include/MANAGER/65f3d9436ebc.npz,73,0.0,0.0,0.9315,1.0,,
fbff9a272c16,MANAGER,include,video,,include:clip:fbff9a272c16,data/external/include_pose/INCLUDE/Pose_Signs/Jobs/96. Manager/MVI_4786.pkl,data/processed/landmarks/include/MANAGER/fbff9a272c16.npz,79,0.0,0.0,0.9241,1.0,,
87b55e9ddd98,MANAGER,include,video,,include:clip:87b55e9ddd98,data/external/include_pose/INCLUDE/Pose_Signs/Jobs/96. Manager/MVI_8916.pkl,data/processed/landmarks/include/MANAGER/87b55e9ddd98.npz,83,0.0,0.0,0.9398,1.0,,
f62bc56c9554,MANAGER,include,video,,include:clip:f62bc56c9554,data/external/include_pose/INCLUDE/Pose_Signs/Jobs/96. Manager/MVI_4787.pkl,data/processed/landmarks/include/MANAGER/f62bc56c9554.npz,83,0.0,0.0,0.9759,1.0,,
4959d4efb546,MANAGER,include,video,,include:clip:4959d4efb546,data/external/include_pose/INCLUDE/Pose_Signs/Jobs/96. Manager/MVI_4509.pkl,data/processed/landmarks/include/MANAGER/4959d4efb546.npz,91,0.0,0.0,0.9011,1.0,,
bf51c332df8a,MANAGER,include,video,,include:clip:bf51c332df8a,data/external/include_pose/INCLUDE/Pose_Signs/Jobs/96. Manager/MVI_4508.pkl,data/processed/landmarks/include/MANAGER/bf51c332df8a.npz,100,0.0,0.0,0.87,1.0,,
a2e24f1f043d,MANAGER,include,video,,include:clip:a2e24f1f043d,data/external/include_pose/INCLUDE/Pose_Signs/Jobs/96. Manager/MVI_5364.pkl,data/processed/landmarks/include/MANAGER/a2e24f1f043d.npz,87,0.0,0.0,1.0,1.0,,
a150a974314c,MANAGER,include,video,,include:clip:a150a974314c,data/external/include_pose/INCLUDE/Pose_Signs/Jobs/96. Manager/MVI_5365.pkl,data/processed/landmarks/include/MANAGER/a150a974314c.npz,110,0.0,0.0,0.9818,1.0,,
b43653c746d7,JOB,include,video,,include:clip:b43653c746d7,data/external/include_pose/INCLUDE/Pose_Signs/Jobs/99. Job/MVI_5378.pkl,data/processed/landmarks/include/JOB/b43653c746d7.npz,61,0.0,0.0,1.0,1.0,,
0977011acc09,JOB,include,video,,include:clip:0977011acc09,data/external/include_pose/INCLUDE/Pose_Signs/Jobs/99. Job/MVI_8926.pkl,data/processed/landmarks/include/JOB/0977011acc09.npz,65,0.0,0.0,1.0,1.0,,
141dd7c3a0e5,JOB,include,video,,include:clip:141dd7c3a0e5,data/external/include_pose/INCLUDE/Pose_Signs/Jobs/99. Job/MVI_8925.pkl,data/processed/landmarks/include/JOB/141dd7c3a0e5.npz,69,0.0,0.0,1.0,1.0,,
00b8d7d99ccf,JOB,include,video,,include:clip:00b8d7d99ccf,data/external/include_pose/INCLUDE/Pose_Signs/Jobs/99. Job/MVI_4796.pkl,data/processed/landmarks/include/JOB/00b8d7d99ccf.npz,71,0.0,0.0,1.0,1.0,,
4a3805aec06b,JOB,include,video,,include:clip:4a3805aec06b,data/external/include_pose/INCLUDE/Pose_Signs/Jobs/99. Job/MVI_4521.pkl,data/processed/landmarks/include/JOB/4a3805aec06b.npz,66,0.0,0.0,1.0,1.0,,
0b57dea07b41,JOB,include,video,,include:clip:0b57dea07b41,data/external/include_pose/INCLUDE/Pose_Signs/Jobs/99. Job/MVI_4520.pkl,data/processed/landmarks/include/JOB/0b57dea07b41.npz,56,0.0,0.0,0.9643,1.0,,
31e2a7970728,JOB,include,video,,include:clip:31e2a7970728,data/external/include_pose/INCLUDE/Pose_Signs/Jobs/99. Job/MVI_4522.pkl,data/processed/landmarks/include/JOB/31e2a7970728.npz,64,0.0,0.0,0.9375,1.0,,
ff316841ab0b,JOB,include,video,,include:clip:ff316841ab0b,data/external/include_pose/INCLUDE/Pose_Signs/Jobs/99. Job/MVI_4523.pkl,data/processed/landmarks/include/JOB/ff316841ab0b.npz,72,0.0,0.0,1.0,1.0,,
78611ae238ce,JOB,include,video,,include:clip:78611ae238ce,data/external/include_pose/INCLUDE/Pose_Signs/Jobs/99. Job/MVI_5375.pkl,data/processed/landmarks/include/JOB/78611ae238ce.npz,46,0.0,0.0,1.0,1.0,,
b128a92a737b,JOB,include,video,,include:clip:b128a92a737b,data/external/include_pose/INCLUDE/Pose_Signs/Jobs/99. Job/MVI_5376.pkl,data/processed/landmarks/include/JOB/b128a92a737b.npz,61,0.0,0.0,1.0,1.0,,
27a27730275e,JOB,include,video,,include:clip:27a27730275e,data/external/include_pose/INCLUDE/Pose_Signs/Jobs/99. Job/MVI_5377.pkl,data/processed/landmarks/include/JOB/27a27730275e.npz,61,0.0,0.0,1.0,1.0,,
e1e7ab82a2b9,WAITER,include,video,,include:clip:e1e7ab82a2b9,data/external/include_pose/INCLUDE/Pose_Signs/Jobs/89. Waiter/MVI_4762.pkl,data/processed/landmarks/include/WAITER/e1e7ab82a2b9.npz,65,0.0,0.0,1.0,1.0,,
8738b7a878c8,WAITER,include,video,,include:clip:8738b7a878c8,data/external/include_pose/INCLUDE/Pose_Signs/Jobs/89. Waiter/MVI_4763.pkl,data/processed/landmarks/include/WAITER/8738b7a878c8.npz,75,0.0,0.0,1.0,1.0,,
9a8fe3bb62ec,WAITER,include,video,,include:clip:9a8fe3bb62ec,data/external/include_pose/INCLUDE/Pose_Signs/Jobs/89. Waiter/MVI_5337.pkl,data/processed/landmarks/include/WAITER/9a8fe3bb62ec.npz,63,0.0,0.0,1.0,1.0,,
ed01b946af2e,WAITER,include,video,,include:clip:ed01b946af2e,data/external/include_pose/INCLUDE/Pose_Signs/Jobs/89. Waiter/MVI_8882.pkl,data/processed/landmarks/include/WAITER/ed01b946af2e.npz,75,0.0,0.0,1.0,1.0,,
df106d353da9,WAITER,include,video,,include:clip:df106d353da9,data/external/include_pose/INCLUDE/Pose_Signs/Jobs/89. Waiter/MVI_5334.pkl,data/processed/landmarks/include/WAITER/df106d353da9.npz,62,0.0,0.0,1.0,1.0,,
3113b8ff42a4,WAITER,include,video,,include:clip:3113b8ff42a4,data/external/include_pose/INCLUDE/Pose_Signs/Jobs/89. Waiter/MVI_8881.pkl,data/processed/landmarks/include/WAITER/3113b8ff42a4.npz,70,0.0,0.0,1.0,1.0,,
c423db14e3aa,WAITER,include,video,,include:clip:c423db14e3aa,data/external/include_pose/INCLUDE/Pose_Signs/Jobs/89. Waiter/MVI_5335.pkl,data/processed/landmarks/include/WAITER/c423db14e3aa.npz,95,0.0,0.0,1.0,1.0,,
ede20466d1eb,WAITER,include,video,,include:clip:ede20466d1eb,data/external/include_pose/INCLUDE/Pose_Signs/Jobs/89. Waiter/MVI_4481.pkl,data/processed/landmarks/include/WAITER/ede20466d1eb.npz,99,0.0,0.0,1.0,1.0,,
aeb9ee4906ef,WAITER,include,video,,include:clip:aeb9ee4906ef,data/external/include_pose/INCLUDE/Pose_Signs/Jobs/89. Waiter/MVI_4480.pkl,data/processed/landmarks/include/WAITER/aeb9ee4906ef.npz,84,0.0,0.0,1.0,1.0,,
574980e15cd2,WAITER,include,video,,include:clip:574980e15cd2,data/external/include_pose/INCLUDE/Pose_Signs/Jobs/89. Waiter/MVI_4478.pkl,data/processed/landmarks/include/WAITER/574980e15cd2.npz,91,0.0,0.0,1.0,1.0,,
ba900c7f1835,WAITER,include,video,,include:clip:ba900c7f1835,data/external/include_pose/INCLUDE/Pose_Signs/Jobs/89. Waiter/MVI_4479.pkl,data/processed/landmarks/include/WAITER/ba900c7f1835.npz,96,0.0,0.0,1.0,1.0,,
98275a55149c,STUDENT,include,video,,include:clip:98275a55149c,data/external/include_pose/INCLUDE/Pose_Signs/Jobs/85. Student/MVI_4462.pkl,data/processed/landmarks/include/STUDENT/98275a55149c.npz,87,0.0,0.0,0.954,1.0,,
87c8f20bbb75,STUDENT,include,video,,include:clip:87c8f20bbb75,data/external/include_pose/INCLUDE/Pose_Signs/Jobs/85. Student/MVI_4465.pkl,data/processed/landmarks/include/STUDENT/87c8f20bbb75.npz,75,0.0,0.0,0.9467,1.0,,
2150cfbbcb9b,STUDENT,include,video,,include:clip:2150cfbbcb9b,data/external/include_pose/INCLUDE/Pose_Signs/Jobs/85. Student/MVI_4464.pkl,data/processed/landmarks/include/STUDENT/2150cfbbcb9b.npz,94,0.0,0.0,0.9043,1.0,,
580c62c330a2,STUDENT,include,video,,include:clip:580c62c330a2,data/external/include_pose/INCLUDE/Pose_Signs/Jobs/85. Student/MVI_4749.pkl,data/processed/landmarks/include/STUDENT/580c62c330a2.npz,61,0.0,0.0,0.9508,1.0,,
02e4c22caecb,STUDENT,include,video,,include:clip:02e4c22caecb,data/external/include_pose/INCLUDE/Pose_Signs/Jobs/85. Student/MVI_4748.pkl,data/processed/landmarks/include/STUDENT/02e4c22caecb.npz,64,0.0,0.0,0.9688,1.0,,
8fd6281dbef0,STUDENT,include,video,,include:clip:8fd6281dbef0,data/external/include_pose/INCLUDE/Pose_Signs/Jobs/85. Student/MVI_8869.pkl,data/processed/landmarks/include/STUDENT/8fd6281dbef0.npz,68,0.0,0.0,0.9412,1.0,,
aa436fdd0474,STUDENT,include,video,,include:clip:aa436fdd0474,data/external/include_pose/INCLUDE/Pose_Signs/Jobs/85. Student/MVI_8870.pkl,data/processed/landmarks/include/STUDENT/aa436fdd0474.npz,68,0.0,0.0,0.8824,1.0,,
dcfb32f9311f,STUDENT,include,video,,include:clip:dcfb32f9311f,data/external/include_pose/INCLUDE/Pose_Signs/Jobs/85. Student/MVI_5316.pkl,data/processed/landmarks/include/STUDENT/dcfb32f9311f.npz,60,0.0,0.0,0.9333,1.0,,
abcb02545136,STUDENT,include,video,,include:clip:abcb02545136,data/external/include_pose/INCLUDE/Pose_Signs/Jobs/85. Student/MVI_5317.pkl,data/processed/landmarks/include/STUDENT/abcb02545136.npz,63,0.0,0.0,0.9841,1.0,,
4f89be9d670b,STUDENT,include,video,,include:clip:4f89be9d670b,data/external/include_pose/INCLUDE/Pose_Signs/Jobs/85. Student/MVI_4747.pkl,data/processed/landmarks/include/STUDENT/4f89be9d670b.npz,69,0.0,0.0,0.942,1.0,,
9a7a611eefc9,STUDENT,include,video,,include:clip:9a7a611eefc9,data/external/include_pose/INCLUDE/Pose_Signs/Jobs/85. Student/MVI_5314.pkl,data/processed/landmarks/include/STUDENT/9a7a611eefc9.npz,63,0.0,0.0,0.9206,1.0,,
2cdba47a0c85,AUTHOR,include,video,,include:clip:2cdba47a0c85,data/external/include_pose/INCLUDE/Pose_Signs/Jobs/95. Author/MVI_4506.pkl,data/processed/landmarks/include/AUTHOR/2cdba47a0c85.npz,118,0.0,0.0,0.9492,1.0,,
29378f4a2821,AUTHOR,include,video,,include:clip:29378f4a2821,data/external/include_pose/INCLUDE/Pose_Signs/Jobs/95. Author/MVI_4507.pkl,data/processed/landmarks/include/AUTHOR/29378f4a2821.npz,112,0.0,0.0,0.9286,1.0,,
30a2b3f013ff,AUTHOR,include,video,,include:clip:30a2b3f013ff,data/external/include_pose/INCLUDE/Pose_Signs/Jobs/95. Author/MVI_4504.pkl,data/processed/landmarks/include/AUTHOR/30a2b3f013ff.npz,110,0.0,0.0,0.9636,1.0,,
0439d1668345,AUTHOR,include,video,,include:clip:0439d1668345,data/external/include_pose/INCLUDE/Pose_Signs/Jobs/95. Author/MVI_4783.pkl,data/processed/landmarks/include/AUTHOR/0439d1668345.npz,98,0.0,0.0,0.9592,1.0,,
5c469728c58c,AUTHOR,include,video,,include:clip:5c469728c58c,data/external/include_pose/INCLUDE/Pose_Signs/Jobs/95. Author/MVI_8913.pkl,data/processed/landmarks/include/AUTHOR/5c469728c58c.npz,91,0.0,0.0,0.989,1.0,,
2350cd695cb1,AUTHOR,include,video,,include:clip:2350cd695cb1,data/external/include_pose/INCLUDE/Pose_Signs/Jobs/95. Author/MVI_8912.pkl,data/processed/landmarks/include/AUTHOR/2350cd695cb1.npz,101,0.0,0.0,0.9307,1.0,,
481a8afa0648,AUTHOR,include,video,,include:clip:481a8afa0648,data/external/include_pose/INCLUDE/Pose_Signs/Jobs/95. Author/MVI_4782.pkl,data/processed/landmarks/include/AUTHOR/481a8afa0648.npz,122,0.0,0.0,0.9754,1.0,,
4412e4eb4993,AUTHOR,include,video,,include:clip:4412e4eb4993,data/external/include_pose/INCLUDE/Pose_Signs/Jobs/95. Author/MVI_4784.pkl,data/processed/landmarks/include/AUTHOR/4412e4eb4993.npz,110,0.0,0.0,0.9455,1.0,,
b07625641d2c,AUTHOR,include,video,,include:clip:b07625641d2c,data/external/include_pose/INCLUDE/Pose_Signs/Jobs/95. Author/MVI_5358.pkl,data/processed/landmarks/include/AUTHOR/b07625641d2c.npz,118,0.0,0.0,0.9322,1.0,,
d6da6f8f3009,AUTHOR,include,video,,include:clip:d6da6f8f3009,data/external/include_pose/INCLUDE/Pose_Signs/Jobs/95. Author/MVI_5361.pkl,data/processed/landmarks/include/AUTHOR/d6da6f8f3009.npz,102,0.0,0.0,0.8824,1.0,,
84ce92553aaf,AUTHOR,include,video,,include:clip:84ce92553aaf,data/external/include_pose/INCLUDE/Pose_Signs/Jobs/95. Author/MVI_5360.pkl,data/processed/landmarks/include/AUTHOR/84ce92553aaf.npz,104,0.0,0.0,0.9808,1.0,,
75d35c634590,LAWYER,include,video,,include:clip:75d35c634590,data/external/include_pose/INCLUDE/Pose_Signs/Jobs/86. Lawyer/MVI_4467.pkl,data/processed/landmarks/include/LAWYER/75d35c634590.npz,73,0.0,0.0,0.8904,1.0,,
cca27e073139,LAWYER,include,video,,include:clip:cca27e073139,data/external/include_pose/INCLUDE/Pose_Signs/Jobs/86. Lawyer/MVI_5318.pkl,data/processed/landmarks/include/LAWYER/cca27e073139.npz,47,0.0,0.0,1.0,1.0,,
09940ad1e969,LAWYER,include,video,,include:clip:09940ad1e969,data/external/include_pose/INCLUDE/Pose_Signs/Jobs/86. Lawyer/MVI_5320.pkl,data/processed/landmarks/include/LAWYER/09940ad1e969.npz,47,0.0,0.0,0.9574,1.0,,
b8a322af1002,LAWYER,include,video,,include:clip:b8a322af1002,data/external/include_pose/INCLUDE/Pose_Signs/Jobs/86. Lawyer/MVI_5321.pkl,data/processed/landmarks/include/LAWYER/b8a322af1002.npz,54,0.0,0.0,0.9815,1.0,,
81769f0eeca1,LAWYER,include,video,,include:clip:81769f0eeca1,data/external/include_pose/INCLUDE/Pose_Signs/Jobs/86. Lawyer/MVI_8873.pkl,data/processed/landmarks/include/LAWYER/81769f0eeca1.npz,60,0.0,0.0,0.8667,1.0,,
674dfbe96862,LAWYER,include,video,,include:clip:674dfbe96862,data/external/include_pose/INCLUDE/Pose_Signs/Jobs/86. Lawyer/MVI_8872.pkl,data/processed/landmarks/include/LAWYER/674dfbe96862.npz,52,0.0,0.0,0.9231,1.0,,
0189f1bd416d,LAWYER,include,video,,include:clip:0189f1bd416d,data/external/include_pose/INCLUDE/Pose_Signs/Jobs/86. Lawyer/MVI_4752.pkl,data/processed/landmarks/include/LAWYER/0189f1bd416d.npz,63,0.0,0.0,0.9048,1.0,,
4826ba663158,LAWYER,include,video,,include:clip:4826ba663158,data/external/include_pose/INCLUDE/Pose_Signs/Jobs/86. Lawyer/MVI_4753.pkl,data/processed/landmarks/include/LAWYER/4826ba663158.npz,60,0.0,0.0,0.9,1.0,,
06ce0bc5824d,LAWYER,include,video,,include:clip:06ce0bc5824d,data/external/include_pose/INCLUDE/Pose_Signs/Jobs/86. Lawyer/MVI_4750.pkl,data/processed/landmarks/include/LAWYER/06ce0bc5824d.npz,56,0.0,0.0,0.9286,1.0,,
6133b11aac5d,LAWYER,include,video,,include:clip:6133b11aac5d,data/external/include_pose/INCLUDE/Pose_Signs/Jobs/86. Lawyer/MVI_4469.pkl,data/processed/landmarks/include/LAWYER/6133b11aac5d.npz,57,0.0,0.0,0.8596,1.0,,
dc1b12641fe8,LAWYER,include,video,,include:clip:dc1b12641fe8,data/external/include_pose/INCLUDE/Pose_Signs/Jobs/86. Lawyer/MVI_4468.pkl,data/processed/landmarks/include/LAWYER/dc1b12641fe8.npz,59,0.0,0.0,0.8814,1.0,,
95a1174fc13c,TEACHER,include,video,,include:clip:95a1174fc13c,data/external/include_pose/INCLUDE/Pose_Signs/Jobs/84. Teacher/MVI_4460.pkl,data/processed/landmarks/include/TEACHER/95a1174fc13c.npz,68,0.0,0.0,0.8676,1.0,,
9824efc705a5,TEACHER,include,video,,include:clip:9824efc705a5,data/external/include_pose/INCLUDE/Pose_Signs/Jobs/84. Teacher/MVI_4459.pkl,data/processed/landmarks/include/TEACHER/9824efc705a5.npz,79,0.0,0.0,0.8861,1.0,,
b66a2bc2f136,TEACHER,include,video,,include:clip:b66a2bc2f136,data/external/include_pose/INCLUDE/Pose_Signs/Jobs/84. Teacher/MVI_4458.pkl,data/processed/landmarks/include/TEACHER/b66a2bc2f136.npz,73,0.0,0.0,0.9041,1.0,,
70fb8d170082,TEACHER,include,video,,include:clip:70fb8d170082,data/external/include_pose/INCLUDE/Pose_Signs/Jobs/84. Teacher/MVI_5311.pkl,data/processed/landmarks/include/TEACHER/70fb8d170082.npz,50,0.0,0.0,0.98,1.0,,
c0142636a21a,TEACHER,include,video,,include:clip:c0142636a21a,data/external/include_pose/INCLUDE/Pose_Signs/Jobs/84. Teacher/MVI_8864.pkl,data/processed/landmarks/include/TEACHER/c0142636a21a.npz,73,0.0,0.0,0.9589,1.0,,
206334aba8fd,TEACHER,include,video,,include:clip:206334aba8fd,data/external/include_pose/INCLUDE/Pose_Signs/Jobs/84. Teacher/MVI_8865.pkl,data/processed/landmarks/include/TEACHER/206334aba8fd.npz,60,0.0,0.0,0.9667,1.0,,
dcec0f87136f,TEACHER,include,video,,include:clip:dcec0f87136f,data/external/include_pose/INCLUDE/Pose_Signs/Jobs/84. Teacher/MVI_5312.pkl,data/processed/landmarks/include/TEACHER/dcec0f87136f.npz,51,0.0,0.0,0.9412,1.0,,
af829ccf19c3,TEACHER,include,video,,include:clip:af829ccf19c3,data/external/include_pose/INCLUDE/Pose_Signs/Jobs/84. Teacher/MVI_4746.pkl,data/processed/landmarks/include/TEACHER/af829ccf19c3.npz,59,0.0,0.0,0.9322,1.0,,
6543aa6e8827,TEACHER,include,video,,include:clip:6543aa6e8827,data/external/include_pose/INCLUDE/Pose_Signs/Jobs/84. Teacher/MVI_4745.pkl,data/processed/landmarks/include/TEACHER/6543aa6e8827.npz,64,0.0,0.0,0.9375,1.0,,
23220c97e9ff,TEACHER,include,video,,include:clip:23220c97e9ff,data/external/include_pose/INCLUDE/Pose_Signs/Jobs/84. Teacher/MVI_4744.pkl,data/processed/landmarks/include/TEACHER/23220c97e9ff.npz,53,0.0,0.0,0.9434,1.0,,
bd8a404997e1,TEACHER,include,video,,include:clip:bd8a404997e1,data/external/include_pose/INCLUDE/Pose_Signs/Jobs/84. Teacher/MVI_4457.pkl,data/processed/landmarks/include/TEACHER/bd8a404997e1.npz,67,0.0,0.0,0.806,1.0,,
18add3e21162,ARTIST,include,video,,include:clip:18add3e21162,data/external/include_pose/INCLUDE/Pose_Signs/Jobs/94. Artist/MVI_4501.pkl,data/processed/landmarks/include/ARTIST/18add3e21162.npz,76,0.0,0.0,0.9868,1.0,,
1eb08650d496,ARTIST,include,video,,include:clip:1eb08650d496,data/external/include_pose/INCLUDE/Pose_Signs/Jobs/94. Artist/MVI_4502.pkl,data/processed/landmarks/include/ARTIST/1eb08650d496.npz,80,0.0,0.0,1.0,1.0,,
53a731b2bdcd,ARTIST,include,video,,include:clip:53a731b2bdcd,data/external/include_pose/INCLUDE/Pose_Signs/Jobs/94. Artist/MVI_5354.pkl,data/processed/landmarks/include/ARTIST/53a731b2bdcd.npz,59,0.0,0.0,1.0,1.0,,
895ed802607a,ARTIST,include,video,,include:clip:895ed802607a,data/external/include_pose/INCLUDE/Pose_Signs/Jobs/94. Artist/MVI_5355.pkl,data/processed/landmarks/include/ARTIST/895ed802607a.npz,63,0.0,0.0,1.0,1.0,,
ea38ae0a7a5e,ARTIST,include,video,,include:clip:ea38ae0a7a5e,data/external/include_pose/INCLUDE/Pose_Signs/Jobs/94. Artist/MVI_5356.pkl,data/processed/landmarks/include/ARTIST/ea38ae0a7a5e.npz,65,0.0,0.0,1.0,1.0,,
b7faeffd1a00,ARTIST,include,video,,include:clip:b7faeffd1a00,data/external/include_pose/INCLUDE/Pose_Signs/Jobs/94. Artist/MVI_8897.pkl,data/processed/landmarks/include/ARTIST/b7faeffd1a00.npz,64,0.0,0.0,1.0,1.0,,
d9b8f50694a7,ARTIST,include,video,,include:clip:d9b8f50694a7,data/external/include_pose/INCLUDE/Pose_Signs/Jobs/94. Artist/MVI_8896.pkl,data/processed/landmarks/include/ARTIST/d9b8f50694a7.npz,69,0.0,0.0,1.0,1.0,,
6c3bcd2487c9,ARTIST,include,video,,include:clip:6c3bcd2487c9,data/external/include_pose/INCLUDE/Pose_Signs/Jobs/94. Artist/MVI_8898.pkl,data/processed/landmarks/include/ARTIST/6c3bcd2487c9.npz,67,0.0,0.0,1.0,1.0,,
3469185bc000,ARTIST,include,video,,include:clip:3469185bc000,data/external/include_pose/INCLUDE/Pose_Signs/Jobs/94. Artist/MVI_4780.pkl,data/processed/landmarks/include/ARTIST/3469185bc000.npz,65,0.0,0.0,1.0,1.0,,
d74ca9e3585c,ARTIST,include,video,,include:clip:d74ca9e3585c,data/external/include_pose/INCLUDE/Pose_Signs/Jobs/94. Artist/MVI_4781.pkl,data/processed/landmarks/include/ARTIST/d74ca9e3585c.npz,70,0.0,0.0,1.0,1.0,,
3478fe72c189,ARTIST,include,video,,include:clip:3478fe72c189,data/external/include_pose/INCLUDE/Pose_Signs/Jobs/94. Artist/MVI_4779.pkl,data/processed/landmarks/include/ARTIST/3478fe72c189.npz,63,0.0,0.0,1.0,1.0,,
02dca502208c,PATIENT,include,video,,include:clip:02dca502208c,data/external/include_pose/INCLUDE/Pose_Signs/Jobs/88. Patient/MVI_4474.pkl,data/processed/landmarks/include/PATIENT/02dca502208c.npz,96,0.0,0.0,0.8854,1.0,,
613406776aae,PATIENT,include,video,,include:clip:613406776aae,data/external/include_pose/INCLUDE/Pose_Signs/Jobs/88. Patient/MVI_4475.pkl,data/processed/landmarks/include/PATIENT/613406776aae.npz,73,0.0,0.0,0.8904,1.0,,
9669d808f092,PATIENT,include,video,,include:clip:9669d808f092,data/external/include_pose/INCLUDE/Pose_Signs/Jobs/88. Patient/MVI_4477.pkl,data/processed/landmarks/include/PATIENT/9669d808f092.npz,92,0.0,0.0,0.9239,1.0,,
8adfab35c1e1,PATIENT,include,video,,include:clip:8adfab35c1e1,data/external/include_pose/INCLUDE/Pose_Signs/Jobs/88. Patient/MVI_4476.pkl,data/processed/landmarks/include/PATIENT/8adfab35c1e1.npz,88,0.0,0.0,0.9432,1.0,,
80bc6f3d0494,PATIENT,include,video,,include:clip:80bc6f3d0494,data/external/include_pose/INCLUDE/Pose_Signs/Jobs/88. Patient/MVI_4760.pkl,data/processed/landmarks/include/PATIENT/80bc6f3d0494.npz,56,0.0,0.0,1.0,1.0,,
a9729062c676,PATIENT,include,video,,include:clip:a9729062c676,data/external/include_pose/INCLUDE/Pose_Signs/Jobs/88. Patient/MVI_8879.pkl,data/processed/landmarks/include/PATIENT/a9729062c676.npz,71,0.0,0.0,1.0,1.0,,
30de92bc3b1f,PATIENT,include,video,,include:clip:30de92bc3b1f,data/external/include_pose/INCLUDE/Pose_Signs/Jobs/88. Patient/MVI_5327.pkl,data/processed/landmarks/include/PATIENT/30de92bc3b1f.npz,60,0.0,0.0,1.0,1.0,,
82c5ed487bed,PATIENT,include,video,,include:clip:82c5ed487bed,data/external/include_pose/INCLUDE/Pose_Signs/Jobs/88. Patient/MVI_8880.pkl,data/processed/landmarks/include/PATIENT/82c5ed487bed.npz,80,0.0,0.0,1.0,1.0,,
6c824a1d1627,PATIENT,include,video,,include:clip:6c824a1d1627,data/external/include_pose/INCLUDE/Pose_Signs/Jobs/88. Patient/MVI_4759.pkl,data/processed/landmarks/include/PATIENT/6c824a1d1627.npz,62,0.0,0.0,1.0,1.0,,
71c0cf62abe8,PATIENT,include,video,,include:clip:71c0cf62abe8,data/external/include_pose/INCLUDE/Pose_Signs/Jobs/88. Patient/MVI_5329.pkl,data/processed/landmarks/include/PATIENT/71c0cf62abe8.npz,60,0.0,0.0,0.9667,1.0,,
2fa085f99969,PATIENT,include,video,,include:clip:2fa085f99969,data/external/include_pose/INCLUDE/Pose_Signs/Jobs/88. Patient/MVI_5328.pkl,data/processed/landmarks/include/PATIENT/2fa085f99969.npz,62,0.0,0.0,0.9839,1.0,,
4ef416796e93,LOUD,include,video,,include:clip:4ef416796e93,data/external/include_pose/INCLUDE/Pose_Signs/Adjectives/1. loud/MVI_9289.pkl,data/processed/landmarks/include/LOUD/4ef416796e93.npz,55,0.0,0.0,0.8727,1.0,,test
814735be7219,LOUD,include,video,,include:clip:814735be7219,data/external/include_pose/INCLUDE/Pose_Signs/Adjectives/1. loud/MVI_5257.pkl,data/processed/landmarks/include/LOUD/814735be7219.npz,52,0.0,0.0,0.9615,1.0,,test
1f16830a2942,LOUD,include,video,,include:clip:1f16830a2942,data/external/include_pose/INCLUDE/Pose_Signs/Adjectives/1. loud/MVI_9369.pkl,data/processed/landmarks/include/LOUD/1f16830a2942.npz,48,0.0,0.0,0.8958,1.0,,test
296474e2af74,LOUD,include,video,,include:clip:296474e2af74,data/external/include_pose/INCLUDE/Pose_Signs/Adjectives/1. loud/MVI_9448.pkl,data/processed/landmarks/include/LOUD/296474e2af74.npz,56,0.0,0.0,0.9464,1.0,,test
a7cd17605865,MEAN,include,video,,include:clip:a7cd17605865,data/external/include_pose/INCLUDE/Pose_Signs/Adjectives/10. Mean/MVI_9593.pkl,data/processed/landmarks/include/MEAN/a7cd17605865.npz,47,0.0,0.0,1.0,1.0,,test
c7d15524df53,MEAN,include,video,,include:clip:c7d15524df53,data/external/include_pose/INCLUDE/Pose_Signs/Adjectives/10. Mean/MVI_9731.pkl,data/processed/landmarks/include/MEAN/c7d15524df53.npz,57,0.0,0.0,1.0,1.0,,test
e25b4cda5ce0,RICH,include,video,,include:clip:e25b4cda5ce0,data/external/include_pose/INCLUDE/Pose_Signs/Adjectives/11. rich/MVI_9734.pkl,data/processed/landmarks/include/RICH/e25b4cda5ce0.npz,64,0.0,0.0,0.9219,1.0,,test
499b0f0fe6db,RICH,include,video,,include:clip:499b0f0fe6db,data/external/include_pose/INCLUDE/Pose_Signs/Adjectives/11. rich/MVI_9597.pkl,data/processed/landmarks/include/RICH/499b0f0fe6db.npz,67,0.0,0.0,0.9701,1.0,,test
d153f9a6e221,POOR,include,video,,include:clip:d153f9a6e221,data/external/include_pose/INCLUDE/Pose_Signs/Adjectives/12. poor/MVI_9600.pkl,data/processed/landmarks/include/POOR/d153f9a6e221.npz,60,0.0,0.0,0.9167,1.0,,test
275dfa4eb92f,THICK,include,video,,include:clip:275dfa4eb92f,data/external/include_pose/INCLUDE/Pose_Signs/Adjectives/13. thick/MVI_9607.pkl,data/processed/landmarks/include/THICK/275dfa4eb92f.npz,72,0.0,0.0,1.0,1.0,,test
9525d8c55515,THICK,include,video,,include:clip:9525d8c55515,data/external/include_pose/INCLUDE/Pose_Signs/Adjectives/13. thick/MVI_9743.pkl,data/processed/landmarks/include/THICK/9525d8c55515.npz,82,0.0,0.0,1.0,1.0,,test
5b669c1b4300,THIN,include,video,,include:clip:5b669c1b4300,data/external/include_pose/INCLUDE/Pose_Signs/Adjectives/14. thin/MVI_9612.pkl,data/processed/landmarks/include/THIN/5b669c1b4300.npz,71,0.0,0.0,1.0,1.0,,test
37e40a9b51a5,EXPENSIVE,include,video,,include:clip:37e40a9b51a5,data/external/include_pose/INCLUDE/Pose_Signs/Adjectives/15. expensive/MVI_9749.pkl,data/processed/landmarks/include/EXPENSIVE/37e40a9b51a5.npz,63,0.0,0.0,1.0,1.0,,test
d2fc2e760ac0,EXPENSIVE,include,video,,include:clip:d2fc2e760ac0,data/external/include_pose/INCLUDE/Pose_Signs/Adjectives/15. expensive/MVI_9748.pkl,data/processed/landmarks/include/EXPENSIVE/d2fc2e760ac0.npz,63,0.0,0.0,1.0,1.0,,test
8953a01cf75f,CHEAP,include,video,,include:clip:8953a01cf75f,data/external/include_pose/INCLUDE/Pose_Signs/Adjectives/16. cheap/MVI_9751.pkl,data/processed/landmarks/include/CHEAP/8953a01cf75f.npz,70,0.0,0.0,0.9714,1.0,,test
53940f9036e4,CHEAP,include,video,,include:clip:53940f9036e4,data/external/include_pose/INCLUDE/Pose_Signs/Adjectives/16. cheap/MVI_9754.pkl,data/processed/landmarks/include/CHEAP/53940f9036e4.npz,60,0.0,0.0,1.0,1.0,,test
e6899c9a280f,FLAT,include,video,,include:clip:e6899c9a280f,data/external/include_pose/INCLUDE/Pose_Signs/Adjectives/17. flat/MVI_9755.pkl,data/processed/landmarks/include/FLAT/e6899c9a280f.npz,58,0.0,0.0,0.8793,1.0,,test
a916bba73170,CURVED,include,video,,include:clip:a916bba73170,data/external/include_pose/INCLUDE/Pose_Signs/Adjectives/18. curved/MVI_9759.pkl,data/processed/landmarks/include/CURVED/a916bba73170.npz,72,0.0,0.0,1.0,1.0,,test
908200d3873a,MALE,include,video,,include:clip:908200d3873a,data/external/include_pose/INCLUDE/Pose_Signs/Adjectives/19. male/MVI_9765.pkl,data/processed/landmarks/include/MALE/908200d3873a.npz,54,0.0,0.0,1.0,1.0,,test
bc5253b3b9d0,MALE,include,video,,include:clip:bc5253b3b9d0,data/external/include_pose/INCLUDE/Pose_Signs/Adjectives/19. male/MVI_9640.pkl,data/processed/landmarks/include/MALE/bc5253b3b9d0.npz,73,0.0,0.0,1.0,1.0,,test
7989a242b973,QUIET,include,video,,include:clip:7989a242b973,data/external/include_pose/INCLUDE/Pose_Signs/Adjectives/2. quiet/MVI_5180.pkl,data/processed/landmarks/include/QUIET/7989a242b973.npz,68,0.0,0.0,1.0,1.0,,test
46d3bbcf87ce,QUIET,include,video,,include:clip:46d3bbcf87ce,data/external/include_pose/INCLUDE/Pose_Signs/Adjectives/2. quiet/MVI_5182.pkl,data/processed/landmarks/include/QUIET/46d3bbcf87ce.npz,76,0.0,0.0,1.0,1.0,,test
4fe3a9df0484,QUIET,include,video,,include:clip:4fe3a9df0484,data/external/include_pose/INCLUDE/Pose_Signs/Adjectives/2. quiet/MVI_5340.pkl,data/processed/landmarks/include/QUIET/4fe3a9df0484.npz,53,0.0,0.0,1.0,1.0,,test
46c937689182,QUIET,include,video,,include:clip:46c937689182,data/external/include_pose/INCLUDE/Pose_Signs/Adjectives/2. quiet/MVI_9371.pkl,data/processed/landmarks/include/QUIET/46c937689182.npz,48,0.0,0.0,0.9375,1.0,,test
dc6dbaeff472,FEMALE,include,video,,include:clip:dc6dbaeff472,data/external/include_pose/INCLUDE/Pose_Signs/Adjectives/20. female/MVI_9644.pkl,data/processed/landmarks/include/FEMALE/dc6dbaeff472.npz,46,0.0,0.0,1.0,1.0,,test
1eeee60fee4b,FEMALE,include,video,,include:clip:1eeee60fee4b,data/external/include_pose/INCLUDE/Pose_Signs/Adjectives/20. female/MVI_9767.pkl,data/processed/landmarks/include/FEMALE/1eeee60fee4b.npz,47,0.0,0.0,1.0,1.0,,test
7fc84fda8230,TIGHT,include,video,,include:clip:7fc84fda8230,data/external/include_pose/INCLUDE/Pose_Signs/Adjectives/21. tight/MVI_9774.pkl,data/processed/landmarks/include/TIGHT/7fc84fda8230.npz,66,0.0,0.0,0.9545,1.0,,test
e7063e115514,LOOSE,include,video,,include:clip:e7063e115514,data/external/include_pose/INCLUDE/Pose_Signs/Adjectives/22. loose/MVI_9652.pkl,data/processed/landmarks/include/LOOSE/e7063e115514.npz,66,0.0,0.0,0.9394,1.0,,test
08f571712c0a,HIGH,include,video,,include:clip:08f571712c0a,data/external/include_pose/INCLUDE/Pose_Signs/Adjectives/23. high/MVI_9782.pkl,data/processed/landmarks/include/HIGH/08f571712c0a.npz,58,0.0,0.0,0.7759,1.0,,test
14e147196036,HIGH,include,video,,include:clip:14e147196036,data/external/include_pose/INCLUDE/Pose_Signs/Adjectives/23. high/MVI_9783.pkl,data/processed/landmarks/include/HIGH/14e147196036.npz,61,0.0,0.0,0.8361,1.0,,test
97bb843a2917,LOW,include,video,,include:clip:97bb843a2917,data/external/include_pose/INCLUDE/Pose_Signs/Adjectives/24. low/MVI_9785.pkl,data/processed/landmarks/include/LOW/97bb843a2917.npz,53,0.0,0.0,1.0,1.0,,test
2029775c6f31,SOFT,include,video,,include:clip:2029775c6f31,data/external/include_pose/INCLUDE/Pose_Signs/Adjectives/25. soft/MVI_9789.pkl,data/processed/landmarks/include/SOFT/2029775c6f31.npz,54,0.0,0.0,0.9444,1.0,,test
7a434aee0342,HARD,include,video,,include:clip:7a434aee0342,data/external/include_pose/INCLUDE/Pose_Signs/Adjectives/26. hard/MVI_9668.pkl,data/processed/landmarks/include/HARD/7a434aee0342.npz,70,0.0,0.0,0.9286,1.0,,test
b217e36c8876,HARD,include,video,,include:clip:b217e36c8876,data/external/include_pose/INCLUDE/Pose_Signs/Adjectives/26. hard/MVI_9796.pkl,data/processed/landmarks/include/HARD/b217e36c8876.npz,56,0.0,0.0,0.9464,1.0,,test
e37300b35d66,DEEP,include,video,,include:clip:e37300b35d66,data/external/include_pose/INCLUDE/Pose_Signs/Adjectives/27. deep/MVI_9673.pkl,data/processed/landmarks/include/DEEP/e37300b35d66.npz,64,0.0,0.0,0.8594,1.0,,test
941723362e6d,DEEP,include,video,,include:clip:941723362e6d,data/external/include_pose/INCLUDE/Pose_Signs/Adjectives/27. deep/MVI_9798.pkl,data/processed/landmarks/include/DEEP/941723362e6d.npz,61,0.0,0.0,0.8197,1.0,,test
d42978c8bdb6,SHALLOW,include,video,,include:clip:d42978c8bdb6,data/external/include_pose/INCLUDE/Pose_Signs/Adjectives/28. shallow/MVI_9801.pkl,data/processed/landmarks/include/SHALLOW/d42978c8bdb6.npz,96,0.0,0.0,0.9375,1.0,,test
d9d3e739ea61,CLEAN,include,video,,include:clip:d9d3e739ea61,data/external/include_pose/INCLUDE/Pose_Signs/Adjectives/29. clean/MVI_9681.pkl,data/processed/landmarks/include/CLEAN/d9d3e739ea61.npz,65,0.0,0.0,1.0,1.0,,test
30caa0c2176c,HAPPY,include,video,,include:clip:30caa0c2176c,data/external/include_pose/INCLUDE/Pose_Signs/Adjectives/3. happy/MVI_9542.pkl,data/processed/landmarks/include/HAPPY/30caa0c2176c.npz,58,0.0,0.0,0.8793,1.0,,test
a04180d74578,HAPPY,include,video,,include:clip:a04180d74578,data/external/include_pose/INCLUDE/Pose_Signs/Adjectives/3. happy/MVI_5264.pkl,data/processed/landmarks/include/HAPPY/a04180d74578.npz,56,0.0,0.0,0.9286,1.0,,test
7ccebbb950e9,HAPPY,include,video,,include:clip:7ccebbb950e9,data/external/include_pose/INCLUDE/Pose_Signs/Adjectives/3. happy/MVI_5342.pkl,data/processed/landmarks/include/HAPPY/7ccebbb950e9.npz,53,0.0,0.0,0.9623,1.0,,test
c9c6b41ea618,HAPPY,include,video,,include:clip:c9c6b41ea618,data/external/include_pose/INCLUDE/Pose_Signs/Adjectives/3. happy/MVI_5265.pkl,data/processed/landmarks/include/HAPPY/c9c6b41ea618.npz,48,0.0,0.0,0.9792,1.0,,test
bbe31c453388,DIRTY,include,video,,include:clip:bbe31c453388,data/external/include_pose/INCLUDE/Pose_Signs/Adjectives/30. dirty/MVI_9687.pkl,data/processed/landmarks/include/DIRTY/bbe31c453388.npz,66,0.0,0.0,1.0,1.0,,test
cc750fce0ca8,STRONG,include,video,,include:clip:cc750fce0ca8,data/external/include_pose/INCLUDE/Pose_Signs/Adjectives/31. strong/MVI_9814.pkl,data/processed/landmarks/include/STRONG/cc750fce0ca8.npz,53,0.0,0.0,0.9623,1.0,,test
7cedf79575fe,STRONG,include,video,,include:clip:7cedf79575fe,data/external/include_pose/INCLUDE/Pose_Signs/Adjectives/31. strong/MVI_9817.pkl,data/processed/landmarks/include/STRONG/7cedf79575fe.npz,48,0.0,0.0,0.875,1.0,,test
08d4ea5ae9d9,WEAK,include,video,,include:clip:08d4ea5ae9d9,data/external/include_pose/INCLUDE/Pose_Signs/Adjectives/32. weak/MVI_9819.pkl,data/processed/landmarks/include/WEAK/08d4ea5ae9d9.npz,63,0.0,0.0,0.9683,1.0,,test
5fac38c50251,WEAK,include,video,,include:clip:5fac38c50251,data/external/include_pose/INCLUDE/Pose_Signs/Adjectives/32. weak/MVI_9818.pkl,data/processed/landmarks/include/WEAK/5fac38c50251.npz,54,0.0,0.0,0.9815,1.0,,test
910b5780c64a,DEAD,include,video,,include:clip:910b5780c64a,data/external/include_pose/INCLUDE/Pose_Signs/Adjectives/33. dead/MVI_9826.pkl,data/processed/landmarks/include/DEAD/910b5780c64a.npz,51,0.0,0.0,1.0,1.0,,test
36d45c296ae8,ALIVE,include,video,,include:clip:36d45c296ae8,data/external/include_pose/INCLUDE/Pose_Signs/Adjectives/34. alive/MVI_9829.pkl,data/processed/landmarks/include/ALIVE/36d45c296ae8.npz,55,0.0,0.0,1.0,1.0,,test
5c3ec1baadce,HEAVY,include,video,,include:clip:5c3ec1baadce,data/external/include_pose/INCLUDE/Pose_Signs/Adjectives/35. heavy/MVI_9831.pkl,data/processed/landmarks/include/HEAVY/5c3ec1baadce.npz,66,0.0,0.0,0.9242,1.0,,test
428b5ccd4518,LIGHT,include,video,,include:clip:428b5ccd4518,data/external/include_pose/INCLUDE/Pose_Signs/Adjectives/36. light/MVI_9714.pkl,data/processed/landmarks/include/LIGHT/428b5ccd4518.npz,60,0.0,0.0,0.9333,1.0,,test
603f6f134bf4,LIGHT,include,video,,include:clip:603f6f134bf4,data/external/include_pose/INCLUDE/Pose_Signs/Adjectives/36. light/MVI_9837.pkl,data/processed/landmarks/include/LIGHT/603f6f134bf4.npz,63,0.0,0.0,0.8413,1.0,,test
d4e1e5dfc3f2,FAMOUS,include,video,,include:clip:d4e1e5dfc3f2,data/external/include_pose/INCLUDE/Pose_Signs/Adjectives/39. famous/MVI_9715.pkl,data/processed/landmarks/include/FAMOUS/d4e1e5dfc3f2.npz,51,0.0,0.0,1.0,1.0,,test
3d40ccadd50c,SAD,include,video,,include:clip:3d40ccadd50c,data/external/include_pose/INCLUDE/Pose_Signs/Adjectives/4. sad/MVI_9567.pkl,data/processed/landmarks/include/SAD/3d40ccadd50c.npz,59,0.0,0.0,1.0,1.0,,test
668684b2633f,BEAUTIFUL,include,video,,include:clip:668684b2633f,data/external/include_pose/INCLUDE/Pose_Signs/Adjectives/5. Beautiful/MVI_9726.pkl,data/processed/landmarks/include/BEAUTIFUL/668684b2633f.npz,68,0.0,0.0,1.0,1.0,,test
9cf2e26d11dd,UGLY,include,video,,include:clip:9cf2e26d11dd,data/external/include_pose/INCLUDE/Pose_Signs/Adjectives/6. Ugly/MVI_9847.pkl,data/processed/landmarks/include/UGLY/9cf2e26d11dd.npz,52,0.0,0.0,1.0,1.0,,test
ec6cfcfafe1e,UGLY,include,video,,include:clip:ec6cfcfafe1e,data/external/include_pose/INCLUDE/Pose_Signs/Adjectives/6. Ugly/MVI_9576.pkl,data/processed/landmarks/include/UGLY/ec6cfcfafe1e.npz,59,0.0,0.0,1.0,1.0,,test
6a9a97da806c,DEAF,include,video,,include:clip:6a9a97da806c,data/external/include_pose/INCLUDE/Pose_Signs/Adjectives/7. Deaf/MVI_9582.pkl,data/processed/landmarks/include/DEAF/6a9a97da806c.npz,58,0.0,0.0,1.0,1.0,,test
43ea58ee8812,LONG,include,video,,include:clip:43ea58ee8812,data/external/include_pose/INCLUDE/Pose_Signs/Adjectives/78. long/MVI_5187.pkl,data/processed/landmarks/include/LONG/43ea58ee8812.npz,60,0.0,0.0,0.95,1.0,,test
d2a1a064deea,LONG,include,video,,include:clip:d2a1a064deea,data/external/include_pose/INCLUDE/Pose_Signs/Adjectives/78. long/MVI_5188.pkl,data/processed/landmarks/include/LONG/d2a1a064deea.npz,51,0.0,0.0,1.0,1.0,,test
f245a1685a60,LONG,include,video,,include:clip:f245a1685a60,data/external/include_pose/INCLUDE/Pose_Signs/Adjectives/78. long/MVI_5267.pkl,data/processed/landmarks/include/LONG/f245a1685a60.npz,62,0.0,0.0,1.0,1.0,,test
0273e00f4700,LONG,include,video,,include:clip:0273e00f4700,data/external/include_pose/INCLUDE/Pose_Signs/Adjectives/78. long/MVI_9458.pkl,data/processed/landmarks/include/LONG/0273e00f4700.npz,56,0.0,0.0,0.8571,1.0,,test
a339c4184149,SHORT,include,video,,include:clip:a339c4184149,data/external/include_pose/INCLUDE/Pose_Signs/Adjectives/79. short/MVI_9461.pkl,data/processed/landmarks/include/SHORT/a339c4184149.npz,57,0.0,0.0,0.9298,1.0,,test
469e78917230,SHORT,include,video,,include:clip:469e78917230,data/external/include_pose/INCLUDE/Pose_Signs/Adjectives/79. short/MVI_5190.pkl,data/processed/landmarks/include/SHORT/469e78917230.npz,56,0.0,0.0,1.0,1.0,,test
9bdcc8f4bc67,SHORT,include,video,,include:clip:9bdcc8f4bc67,data/external/include_pose/INCLUDE/Pose_Signs/Adjectives/79. short/MVI_5112.pkl,data/processed/landmarks/include/SHORT/9bdcc8f4bc67.npz,61,0.0,0.0,0.9672,1.0,,test
f9f31efd3ba1,SHORT,include,video,,include:clip:f9f31efd3ba1,data/external/include_pose/INCLUDE/Pose_Signs/Adjectives/79. short/MVI_9222.pkl,data/processed/landmarks/include/SHORT/f9f31efd3ba1.npz,49,0.0,0.0,0.8571,1.0,,test
d3593dcdd5a9,BLIND,include,video,,include:clip:d3593dcdd5a9,data/external/include_pose/INCLUDE/Pose_Signs/Adjectives/8. Blind/MVI_9584.pkl,data/processed/landmarks/include/BLIND/d3593dcdd5a9.npz,58,0.0,0.0,1.0,1.0,,test
e294f9c998af,TALL,include,video,,include:clip:e294f9c998af,data/external/include_pose/INCLUDE/Pose_Signs/Adjectives/80. tall/MVI_5116.pkl,data/processed/landmarks/include/TALL/e294f9c998af.npz,64,0.0,0.0,1.0,1.0,,test
c364a733068a,TALL,include,video,,include:clip:c364a733068a,data/external/include_pose/INCLUDE/Pose_Signs/Adjectives/80. tall/MVI_5194.pkl,data/processed/landmarks/include/TALL/c364a733068a.npz,52,0.0,0.0,1.0,1.0,,test
091de38a3518,TALL,include,video,,include:clip:091de38a3518,data/external/include_pose/INCLUDE/Pose_Signs/Adjectives/80. tall/MVI_5114.pkl,data/processed/landmarks/include/TALL/091de38a3518.npz,64,0.0,0.0,1.0,1.0,,test
cd64c951d771,TALL,include,video,,include:clip:cd64c951d771,data/external/include_pose/INCLUDE/Pose_Signs/Adjectives/80. tall/MVI_9465.pkl,data/processed/landmarks/include/TALL/cd64c951d771.npz,50,0.0,0.0,1.0,1.0,,test
c447eafe2bb6,WIDE,include,video,,include:clip:c447eafe2bb6,data/external/include_pose/INCLUDE/Pose_Signs/Adjectives/81. wide/MVI_9312.pkl,data/processed/landmarks/include/WIDE/c447eafe2bb6.npz,53,0.0,0.0,0.8491,1.0,,test
e82b49013325,WIDE,include,video,,include:clip:e82b49013325,data/external/include_pose/INCLUDE/Pose_Signs/Adjectives/81. wide/MVI_5197.pkl,data/processed/landmarks/include/WIDE/e82b49013325.npz,70,0.0,0.0,0.8714,1.0,,test
5c45b1fafe53,WIDE,include,video,,include:clip:5c45b1fafe53,data/external/include_pose/INCLUDE/Pose_Signs/Adjectives/81. wide/MVI_5279.pkl,data/processed/landmarks/include/WIDE/5c45b1fafe53.npz,60,0.0,0.0,0.9333,1.0,,test
1ee3babc526c,WIDE,include,video,,include:clip:1ee3babc526c,data/external/include_pose/INCLUDE/Pose_Signs/Adjectives/81. wide/MVI_5118.pkl,data/processed/landmarks/include/WIDE/1ee3babc526c.npz,48,0.0,0.0,0.9792,1.0,,test
6740db0a53c1,NARROW,include,video,,include:clip:6740db0a53c1,data/external/include_pose/INCLUDE/Pose_Signs/Adjectives/82. narrow/MVI_9232.pkl,data/processed/landmarks/include/NARROW/6740db0a53c1.npz,46,0.0,0.0,0.6957,1.0,,test
3a186d531128,NARROW,include,video,,include:clip:3a186d531128,data/external/include_pose/INCLUDE/Pose_Signs/Adjectives/82. narrow/MVI_9392.pkl,data/processed/landmarks/include/NARROW/3a186d531128.npz,54,0.0,0.0,0.9074,1.0,,test
8c41315a5568,NARROW,include,video,,include:clip:8c41315a5568,data/external/include_pose/INCLUDE/Pose_Signs/Adjectives/82. narrow/MVI_9474.pkl,data/processed/landmarks/include/NARROW/8c41315a5568.npz,54,0.0,0.0,0.963,1.0,,test
821928447cdb,NARROW,include,video,,include:clip:821928447cdb,data/external/include_pose/INCLUDE/Pose_Signs/Adjectives/82. narrow/MVI_5200.pkl,data/processed/landmarks/include/NARROW/821928447cdb.npz,78,0.0,0.0,0.8462,1.0,,test
bc3e3af0f089,BIG_LARGE,include,video,,include:clip:bc3e3af0f089,data/external/include_pose/INCLUDE/Pose_Signs/Adjectives/83. big large/MVI_5284.pkl,data/processed/landmarks/include/BIG_LARGE/bc3e3af0f089.npz,55,0.0,0.0,0.9091,1.0,,test
b141b1eba7fe,BIG_LARGE,include,video,,include:clip:b141b1eba7fe,data/external/include_pose/INCLUDE/Pose_Signs/Adjectives/83. big large/MVI_5123.pkl,data/processed/landmarks/include/BIG_LARGE/b141b1eba7fe.npz,54,0.0,0.0,0.9259,1.0,,test
e8803bef3e89,BIG_LARGE,include,video,,include:clip:e8803bef3e89,data/external/include_pose/INCLUDE/Pose_Signs/Adjectives/83. big large/MVI_5285.pkl,data/processed/landmarks/include/BIG_LARGE/e8803bef3e89.npz,51,0.0,0.0,0.8431,1.0,,test
6bed3b9e88f6,BIG_LARGE,include,video,,include:clip:6bed3b9e88f6,data/external/include_pose/INCLUDE/Pose_Signs/Adjectives/83. big large/MVI_9317.pkl,data/processed/landmarks/include/BIG_LARGE/6bed3b9e88f6.npz,48,0.0,0.0,0.7917,1.0,,test
d912841640f7,SMALL_LITTLE,include,video,,include:clip:d912841640f7,data/external/include_pose/INCLUDE/Pose_Signs/Adjectives/84. small little/MVI_9321.pkl,data/processed/landmarks/include/SMALL_LITTLE/d912841640f7.npz,54,0.0,0.0,0.8704,1.0,,test
d3aa3e0710bf,SMALL_LITTLE,include,video,,include:clip:d3aa3e0710bf,data/external/include_pose/INCLUDE/Pose_Signs/Adjectives/84. small little/MVI_9236.pkl,data/processed/landmarks/include/SMALL_LITTLE/d3aa3e0710bf.npz,44,0.0,0.0,0.9318,1.0,,test
ea67ab6d8855,SMALL_LITTLE,include,video,,include:clip:ea67ab6d8855,data/external/include_pose/INCLUDE/Pose_Signs/Adjectives/84. small little/MVI_5128.pkl,data/processed/landmarks/include/SMALL_LITTLE/ea67ab6d8855.npz,62,0.0,0.0,0.9516,1.0,,test
83d97c6cd83c,SMALL_LITTLE,include,video,,include:clip:83d97c6cd83c,data/external/include_pose/INCLUDE/Pose_Signs/Adjectives/84. small little/MVI_5126.pkl,data/processed/landmarks/include/SMALL_LITTLE/83d97c6cd83c.npz,83,0.0,0.0,0.9518,1.0,,test
4af7b6624265,SLOW,include,video,,include:clip:4af7b6624265,data/external/include_pose/INCLUDE/Pose_Signs/Adjectives/85. slow/MVI_5290.pkl,data/processed/landmarks/include/SLOW/4af7b6624265.npz,52,0.0,0.0,0.9423,1.0,,test
e78dc5cf992a,SLOW,include,video,,include:clip:e78dc5cf992a,data/external/include_pose/INCLUDE/Pose_Signs/Adjectives/85. slow/MVI_5289.pkl,data/processed/landmarks/include/SLOW/e78dc5cf992a.npz,63,0.0,0.0,0.9524,1.0,,test
19862cb9f586,SLOW,include,video,,include:clip:19862cb9f586,data/external/include_pose/INCLUDE/Pose_Signs/Adjectives/85. slow/MVI_5132.pkl,data/processed/landmarks/include/SLOW/19862cb9f586.npz,77,0.0,0.0,0.9481,1.0,,test
1ead6fb66b57,SLOW,include,video,,include:clip:1ead6fb66b57,data/external/include_pose/INCLUDE/Pose_Signs/Adjectives/85. slow/MVI_9240.pkl,data/processed/landmarks/include/SLOW/1ead6fb66b57.npz,57,0.0,0.0,0.8772,1.0,,test
9ed0ec0aa1ad,FAST,include,video,,include:clip:9ed0ec0aa1ad,data/external/include_pose/INCLUDE/Pose_Signs/Adjectives/86. fast/MVI_9327.pkl,data/processed/landmarks/include/FAST/9ed0ec0aa1ad.npz,43,0.0,0.0,1.0,1.0,,test
555d3951fde2,FAST,include,video,,include:clip:555d3951fde2,data/external/include_pose/INCLUDE/Pose_Signs/Adjectives/86. fast/MVI_9405.pkl,data/processed/landmarks/include/FAST/555d3951fde2.npz,51,0.0,0.0,1.0,1.0,,test
5a902be09e0f,FAST,include,video,,include:clip:5a902be09e0f,data/external/include_pose/INCLUDE/Pose_Signs/Adjectives/86. fast/MVI_9486.pkl,data/processed/landmarks/include/FAST/5a902be09e0f.npz,62,0.0,0.0,1.0,1.0,,test
f0690ba443c8,FAST,include,video,,include:clip:f0690ba443c8,data/external/include_pose/INCLUDE/Pose_Signs/Adjectives/86. fast/MVI_5134.pkl,data/processed/landmarks/include/FAST/f0690ba443c8.npz,70,0.0,0.0,1.0,1.0,,test
34f48f331cad,HOT,include,video,,include:clip:34f48f331cad,data/external/include_pose/INCLUDE/Pose_Signs/Adjectives/87. hot/MVI_5136.pkl,data/processed/landmarks/include/HOT/34f48f331cad.npz,71,0.0,0.0,0.9577,1.0,,test
5f4e2259e379,HOT,include,video,,include:clip:5f4e2259e379,data/external/include_pose/INCLUDE/Pose_Signs/Adjectives/87. hot/MVI_9330.pkl,data/processed/landmarks/include/HOT/5f4e2259e379.npz,50,0.0,0.0,0.78,1.0,,test
0bc30fa90293,HOT,include,video,,include:clip:0bc30fa90293,data/external/include_pose/INCLUDE/Pose_Signs/Adjectives/87. hot/MVI_9248.pkl,data/processed/landmarks/include/HOT/0bc30fa90293.npz,48,0.0,0.0,0.875,1.0,,test
0c780937757d,HOT,include,video,,include:clip:0c780937757d,data/external/include_pose/INCLUDE/Pose_Signs/Adjectives/87. hot/MVI_9487.pkl,data/processed/landmarks/include/HOT/0c780937757d.npz,63,0.0,0.0,0.9683,1.0,,test
f06c65d54962,COLD,include,video,,include:clip:f06c65d54962,data/external/include_pose/INCLUDE/Pose_Signs/Adjectives/88. cold/MVI_9252.pkl,data/processed/landmarks/include/COLD/f06c65d54962.npz,49,0.0,0.0,0.898,1.0,,test
d396e84b064c,COLD,include,video,,include:clip:d396e84b064c,data/external/include_pose/INCLUDE/Pose_Signs/Adjectives/88. cold/MVI_9413.pkl,data/processed/landmarks/include/COLD/d396e84b064c.npz,56,0.0,0.0,0.9464,1.0,,test
bc226ec36485,COLD,include,video,,include:clip:bc226ec36485,data/external/include_pose/INCLUDE/Pose_Signs/Adjectives/88. cold/MVI_9412.pkl,data/processed/landmarks/include/COLD/bc226ec36485.npz,53,0.0,0.0,0.8679,1.0,,test
ce258f9fd7e8,COLD,include,video,,include:clip:ce258f9fd7e8,data/external/include_pose/INCLUDE/Pose_Signs/Adjectives/88. cold/MVI_5219.pkl,data/processed/landmarks/include/COLD/ce258f9fd7e8.npz,56,0.0,0.0,0.9643,1.0,,test
efef28df244e,WARM,include,video,,include:clip:efef28df244e,data/external/include_pose/INCLUDE/Pose_Signs/Adjectives/89. warm/MVI_5302.pkl,data/processed/landmarks/include/WARM/efef28df244e.npz,55,0.0,0.0,1.0,1.0,,test
2b33393ca403,WARM,include,video,,include:clip:2b33393ca403,data/external/include_pose/INCLUDE/Pose_Signs/Adjectives/89. warm/MVI_9253.pkl,data/processed/landmarks/include/WARM/2b33393ca403.npz,48,0.0,0.0,1.0,1.0,,test
f84929b5364d,WARM,include,video,,include:clip:f84929b5364d,data/external/include_pose/INCLUDE/Pose_Signs/Adjectives/89. warm/MVI_9255.pkl,data/processed/landmarks/include/WARM/f84929b5364d.npz,51,0.0,0.0,1.0,1.0,,test
b2cc0940fe33,WARM,include,video,,include:clip:b2cc0940fe33,data/external/include_pose/INCLUDE/Pose_Signs/Adjectives/89. warm/MVI_5222.pkl,data/processed/landmarks/include/WARM/b2cc0940fe33.npz,60,0.0,0.0,1.0,1.0,,test
560dfbb94c21,NICE,include,video,,include:clip:560dfbb94c21,data/external/include_pose/INCLUDE/Pose_Signs/Adjectives/9. Nice/MVI_9591.pkl,data/processed/landmarks/include/NICE/560dfbb94c21.npz,59,0.0,0.0,1.0,1.0,,test
27fe4abe410c,COOL,include,video,,include:clip:27fe4abe410c,data/external/include_pose/INCLUDE/Pose_Signs/Adjectives/90. cool/MVI_9257.pkl,data/processed/landmarks/include/COOL/27fe4abe410c.npz,46,0.0,0.0,1.0,1.0,,test
7005ffa437d1,COOL,include,video,,include:clip:7005ffa437d1,data/external/include_pose/INCLUDE/Pose_Signs/Adjectives/90. cool/MVI_5145.pkl,data/processed/landmarks/include/COOL/7005ffa437d1.npz,75,0.0,0.0,1.0,1.0,,test
58a268df5662,COOL,include,video,,include:clip:58a268df5662,data/external/include_pose/INCLUDE/Pose_Signs/Adjectives/90. cool/MVI_9499.pkl,data/processed/landmarks/include/COOL/58a268df5662.npz,56,0.0,0.0,1.0,1.0,,test
36aa0238638d,COOL,include,video,,include:clip:36aa0238638d,data/external/include_pose/INCLUDE/Pose_Signs/Adjectives/90. cool/MVI_9498.pkl,data/processed/landmarks/include/COOL/36aa0238638d.npz,53,0.0,0.0,1.0,1.0,,test
1c137e3cca88,NEW,include,video,,include:clip:1c137e3cca88,data/external/include_pose/INCLUDE/Pose_Signs/Adjectives/91. new/MVI_9500.pkl,data/processed/landmarks/include/NEW/1c137e3cca88.npz,56,0.0,0.0,1.0,1.0,,test
4c920298eb80,NEW,include,video,,include:clip:4c920298eb80,data/external/include_pose/INCLUDE/Pose_Signs/Adjectives/91. new/MVI_9502.pkl,data/processed/landmarks/include/NEW/4c920298eb80.npz,52,0.0,0.0,1.0,1.0,,test
4a4b0033e8c2,NEW,include,video,,include:clip:4a4b0033e8c2,data/external/include_pose/INCLUDE/Pose_Signs/Adjectives/91. new/MVI_9259.pkl,data/processed/landmarks/include/NEW/4a4b0033e8c2.npz,46,0.0,0.0,1.0,1.0,,test
9acef749ee7e,NEW,include,video,,include:clip:9acef749ee7e,data/external/include_pose/INCLUDE/Pose_Signs/Adjectives/91. new/MVI_9340.pkl,data/processed/landmarks/include/NEW/9acef749ee7e.npz,49,0.0,0.0,1.0,1.0,,test
36829b5d0e8e,OLD,include,video,,include:clip:36829b5d0e8e,data/external/include_pose/INCLUDE/Pose_Signs/Adjectives/92. old/MVI_9426.pkl,data/processed/landmarks/include/OLD/36829b5d0e8e.npz,49,0.0,0.0,1.0,1.0,,test
d54a6fbfedc8,OLD,include,video,,include:clip:d54a6fbfedc8,data/external/include_pose/INCLUDE/Pose_Signs/Adjectives/92. old/MVI_9506.pkl,data/processed/landmarks/include/OLD/d54a6fbfedc8.npz,62,0.0,0.0,1.0,1.0,,test
99843c4920c0,OLD,include,video,,include:clip:99843c4920c0,data/external/include_pose/INCLUDE/Pose_Signs/Adjectives/92. old/MVI_9262.pkl,data/processed/landmarks/include/OLD/99843c4920c0.npz,46,0.0,0.0,1.0,1.0,,test
a7131e2323f7,OLD,include,video,,include:clip:a7131e2323f7,data/external/include_pose/INCLUDE/Pose_Signs/Adjectives/92. old/MVI_5152.pkl,data/processed/landmarks/include/OLD/a7131e2323f7.npz,67,0.0,0.0,1.0,1.0,,test
5f8b4155b2d8,YOUNG,include,video,,include:clip:5f8b4155b2d8,data/external/include_pose/INCLUDE/Pose_Signs/Adjectives/93. young/MVI_9507.pkl,data/processed/landmarks/include/YOUNG/5f8b4155b2d8.npz,58,0.0,0.0,1.0,1.0,,test
56cace7d5aef,YOUNG,include,video,,include:clip:56cace7d5aef,data/external/include_pose/INCLUDE/Pose_Signs/Adjectives/93. young/MVI_9348.pkl,data/processed/landmarks/include/YOUNG/56cace7d5aef.npz,46,0.0,0.0,1.0,1.0,,test
7158e9c2b80d,YOUNG,include,video,,include:clip:7158e9c2b80d,data/external/include_pose/INCLUDE/Pose_Signs/Adjectives/93. young/MVI_5235.pkl,data/processed/landmarks/include/YOUNG/7158e9c2b80d.npz,60,0.0,0.0,1.0,1.0,,test
8396529d2388,YOUNG,include,video,,include:clip:8396529d2388,data/external/include_pose/INCLUDE/Pose_Signs/Adjectives/93. young/MVI_9347.pkl,data/processed/landmarks/include/YOUNG/8396529d2388.npz,47,0.0,0.0,0.9362,1.0,,test
6af4f481bb6a,GOOD,include,video,,include:clip:6af4f481bb6a,data/external/include_pose/INCLUDE/Pose_Signs/Adjectives/94. good/MVI_9270.pkl,data/processed/landmarks/include/GOOD/6af4f481bb6a.npz,46,0.0,0.0,1.0,1.0,,test
2ca4d8ee745e,GOOD,include,video,,include:clip:2ca4d8ee745e,data/external/include_pose/INCLUDE/Pose_Signs/Adjectives/94. good/MVI_5239.pkl,data/processed/landmarks/include/GOOD/2ca4d8ee745e.npz,56,0.0,0.0,1.0,1.0,,test
2a26510a18ad,GOOD,include,video,,include:clip:2a26510a18ad,data/external/include_pose/INCLUDE/Pose_Signs/Adjectives/94. good/MVI_9432.pkl,data/processed/landmarks/include/GOOD/2a26510a18ad.npz,59,0.0,0.0,1.0,1.0,,test
f6a5d1014be3,GOOD,include,video,,include:clip:f6a5d1014be3,data/external/include_pose/INCLUDE/Pose_Signs/Adjectives/94. good/MVI_9510.pkl,data/processed/landmarks/include/GOOD/f6a5d1014be3.npz,62,0.0,0.0,1.0,1.0,,test
508ecfaa8858,BAD,include,video,,include:clip:508ecfaa8858,data/external/include_pose/INCLUDE/Pose_Signs/Adjectives/95. bad/MVI_9353.pkl,data/processed/landmarks/include/BAD/508ecfaa8858.npz,46,0.0,0.0,1.0,1.0,,test
fd7a4f27f49c,BAD,include,video,,include:clip:fd7a4f27f49c,data/external/include_pose/INCLUDE/Pose_Signs/Adjectives/95. bad/MVI_9433.pkl,data/processed/landmarks/include/BAD/fd7a4f27f49c.npz,46,0.0,0.0,1.0,1.0,,test
5c60e5b42924,BAD,include,video,,include:clip:5c60e5b42924,data/external/include_pose/INCLUDE/Pose_Signs/Adjectives/95. bad/MVI_9352.pkl,data/processed/landmarks/include/BAD/5c60e5b42924.npz,43,0.0,0.0,1.0,1.0,,test
20bfcdedc8fe,BAD,include,video,,include:clip:20bfcdedc8fe,data/external/include_pose/INCLUDE/Pose_Signs/Adjectives/95. bad/MVI_9272.pkl,data/processed/landmarks/include/BAD/20bfcdedc8fe.npz,46,0.0,0.0,1.0,1.0,,test
615be3e07e01,WET,include,video,,include:clip:615be3e07e01,data/external/include_pose/INCLUDE/Pose_Signs/Adjectives/96. wet/MVI_5324.pkl,data/processed/landmarks/include/WET/615be3e07e01.npz,54,0.0,0.0,1.0,1.0,,test
ed6739c85943,WET,include,video,,include:clip:ed6739c85943,data/external/include_pose/INCLUDE/Pose_Signs/Adjectives/96. wet/MVI_9276.pkl,data/processed/landmarks/include/WET/ed6739c85943.npz,65,0.0,0.0,0.9692,1.0,,test
8a0b2087de89,WET,include,video,,include:clip:8a0b2087de89,data/external/include_pose/INCLUDE/Pose_Signs/Adjectives/96. wet/MVI_9356.pkl,data/processed/landmarks/include/WET/8a0b2087de89.npz,57,0.0,0.0,0.9298,1.0,,test
50e9b70137f7,WET,include,video,,include:clip:50e9b70137f7,data/external/include_pose/INCLUDE/Pose_Signs/Adjectives/96. wet/MVI_9357.pkl,data/processed/landmarks/include/WET/50e9b70137f7.npz,59,0.0,0.0,0.8814,1.0,,test
b471aae59d3f,DRY,include,video,,include:clip:b471aae59d3f,data/external/include_pose/INCLUDE/Pose_Signs/Adjectives/97. dry/MVI_5167.pkl,data/processed/landmarks/include/DRY/b471aae59d3f.npz,68,0.0,0.0,0.9853,1.0,,test
500ab7ffe6fc,DRY,include,video,,include:clip:500ab7ffe6fc,data/external/include_pose/INCLUDE/Pose_Signs/Adjectives/97. dry/MVI_9441.pkl,data/processed/landmarks/include/DRY/500ab7ffe6fc.npz,57,0.0,0.0,0.9298,1.0,,test
bcaffbed4be2,DRY,include,video,,include:clip:bcaffbed4be2,data/external/include_pose/INCLUDE/Pose_Signs/Adjectives/97. dry/MVI_5248.pkl,data/processed/landmarks/include/DRY/bcaffbed4be2.npz,58,0.0,0.0,0.9828,1.0,,test
179206409278,DRY,include,video,,include:clip:179206409278,data/external/include_pose/INCLUDE/Pose_Signs/Adjectives/97. dry/MVI_9277.pkl,data/processed/landmarks/include/DRY/179206409278.npz,57,0.0,0.0,0.8421,1.0,,test
9ae55923b8a4,SICK,include,video,,include:clip:9ae55923b8a4,data/external/include_pose/INCLUDE/Pose_Signs/Adjectives/98. sick/MVI_5172.pkl,data/processed/landmarks/include/SICK/9ae55923b8a4.npz,78,0.0,0.0,0.9615,1.0,,test
cd84c2e8764c,SICK,include,video,,include:clip:cd84c2e8764c,data/external/include_pose/INCLUDE/Pose_Signs/Adjectives/98. sick/MVI_9528.pkl,data/processed/landmarks/include/SICK/cd84c2e8764c.npz,69,0.0,0.0,1.0,1.0,,test
1b80f65d9293,SICK,include,video,,include:clip:1b80f65d9293,data/external/include_pose/INCLUDE/Pose_Signs/Adjectives/98. sick/MVI_5170.pkl,data/processed/landmarks/include/SICK/1b80f65d9293.npz,70,0.0,0.0,0.9571,1.0,,test
af9fe6088623,SICK,include,video,,include:clip:af9fe6088623,data/external/include_pose/INCLUDE/Pose_Signs/Adjectives/98. sick/MVI_9527.pkl,data/processed/landmarks/include/SICK/af9fe6088623.npz,64,0.0,0.0,1.0,1.0,,test
9048b6fb6efc,HEALTHY,include,video,,include:clip:9048b6fb6efc,data/external/include_pose/INCLUDE/Pose_Signs/Adjectives/99. healthy/MVI_5334.pkl,data/processed/landmarks/include/HEALTHY/9048b6fb6efc.npz,54,0.0,0.0,0.8889,1.0,,test
65bf4d87f1c3,HEALTHY,include,video,,include:clip:65bf4d87f1c3,data/external/include_pose/INCLUDE/Pose_Signs/Adjectives/99. healthy/MVI_9366.pkl,data/processed/landmarks/include/HEALTHY/65bf4d87f1c3.npz,57,0.0,0.0,0.8772,1.0,,test
f3909ccb0f76,HEALTHY,include,video,,include:clip:f3909ccb0f76,data/external/include_pose/INCLUDE/Pose_Signs/Adjectives/99. healthy/MVI_5255.pkl,data/processed/landmarks/include/HEALTHY/f3909ccb0f76.npz,70,0.0,0.0,0.9571,1.0,,test
b3aee1afacab,HEALTHY,include,video,,include:clip:b3aee1afacab,data/external/include_pose/INCLUDE/Pose_Signs/Adjectives/99. healthy/MVI_9288.pkl,data/processed/landmarks/include/HEALTHY/b3aee1afacab.npz,65,0.0,0.0,0.8308,1.0,,test
da18c2e0c98f,DOG,include,video,,include:clip:da18c2e0c98f,data/external/include_pose/INCLUDE/Pose_Signs/Animals/1. Dog/MVI_3085.pkl,data/processed/landmarks/include/DOG/da18c2e0c98f.npz,85,0.0,0.0,0.6706,1.0,,test
390a8a1a563f,DOG,include,video,,include:clip:390a8a1a563f,data/external/include_pose/INCLUDE/Pose_Signs/Animals/1. Dog/MVI_2978.pkl,data/processed/landmarks/include/DOG/390a8a1a563f.npz,117,0.0,0.0,0.8291,1.0,,test
5ebe27eb1bbd,DOG,include,video,,include:clip:5ebe27eb1bbd,data/external/include_pose/INCLUDE/Pose_Signs/Animals/1. Dog/MVI_8560.pkl,data/processed/landmarks/include/DOG/5ebe27eb1bbd.npz,83,0.0,0.0,0.4578,1.0,low_hand_detection,test
b14b434d88ab,DOG,include,video,,include:clip:b14b434d88ab,data/external/include_pose/INCLUDE/Pose_Signs/Animals/1. Dog/MVI_8561.pkl,data/processed/landmarks/include/DOG/b14b434d88ab.npz,67,0.0,0.0,0.5373,1.0,,test
d1247cb7ee1f,CAT,include,video,,include:clip:d1247cb7ee1f,data/external/include_pose/INCLUDE/Pose_Signs/Animals/2. Cat/MVI_2981.pkl,data/processed/landmarks/include/CAT/d1247cb7ee1f.npz,74,0.0,0.0,0.9054,1.0,,test
61e9fb6b541b,CAT,include,video,,include:clip:61e9fb6b541b,data/external/include_pose/INCLUDE/Pose_Signs/Animals/2. Cat/MVI_8563.pkl,data/processed/landmarks/include/CAT/61e9fb6b541b.npz,69,0.0,0.0,0.4928,1.0,low_hand_detection,test
f24c76450b40,CAT,include,video,,include:clip:f24c76450b40,data/external/include_pose/INCLUDE/Pose_Signs/Animals/2. Cat/MVI_3064.pkl,data/processed/landmarks/include/CAT/f24c76450b40.npz,77,0.0,0.0,0.8831,1.0,,test
525d7da708a2,CAT,include,video,,include:clip:525d7da708a2,data/external/include_pose/INCLUDE/Pose_Signs/Animals/2. Cat/MVI_3032.pkl,data/processed/landmarks/include/CAT/525d7da708a2.npz,81,0.0,0.0,0.9259,1.0,,test
83b343307d6c,FISH,include,video,,include:clip:83b343307d6c,data/external/include_pose/INCLUDE/Pose_Signs/Animals/3. Fish/MVI_3035.pkl,data/processed/landmarks/include/FISH/83b343307d6c.npz,82,0.0,0.0,1.0,1.0,,test
1c2a34aefeb8,FISH,include,video,,include:clip:1c2a34aefeb8,data/external/include_pose/INCLUDE/Pose_Signs/Animals/3. Fish/MVI_3092.pkl,data/processed/landmarks/include/FISH/1c2a34aefeb8.npz,83,0.0,0.0,0.8916,1.0,,test
4bc898b32fb8,FISH,include,video,,include:clip:4bc898b32fb8,data/external/include_pose/INCLUDE/Pose_Signs/Animals/3. Fish/MVI_3068.pkl,data/processed/landmarks/include/FISH/4bc898b32fb8.npz,74,0.0,0.0,0.973,1.0,,test
6599b38510a8,FISH,include,video,,include:clip:6599b38510a8,data/external/include_pose/INCLUDE/Pose_Signs/Animals/3. Fish/MVI_2985.pkl,data/processed/landmarks/include/FISH/6599b38510a8.npz,67,0.0,0.0,0.8955,1.0,,test
c08c275db1fe,BIRD,include,video,,include:clip:c08c275db1fe,data/external/include_pose/INCLUDE/Pose_Signs/Animals/4. Bird/MVI_3038.pkl,data/processed/landmarks/include/BIRD/c08c275db1fe.npz,94,0.0,0.0,0.9362,1.0,,test
61ebca069470,BIRD,include,video,,include:clip:61ebca069470,data/external/include_pose/INCLUDE/Pose_Signs/Animals/4. Bird/MVI_3094.pkl,data/processed/landmarks/include/BIRD/61ebca069470.npz,96,0.0,0.0,0.8958,1.0,,test
f0b1bd76cdac,BIRD,include,video,,include:clip:f0b1bd76cdac,data/external/include_pose/INCLUDE/Pose_Signs/Animals/4. Bird/MVI_3071.pkl,data/processed/landmarks/include/BIRD/f0b1bd76cdac.npz,85,0.0,0.0,0.9176,1.0,,test
fb73b821bfe7,BIRD,include,video,,include:clip:fb73b821bfe7,data/external/include_pose/INCLUDE/Pose_Signs/Animals/4. Bird/MVI_3013.pkl,data/processed/landmarks/include/BIRD/fb73b821bfe7.npz,81,0.0,0.0,0.963,1.0,,test
357a007be22e,COW,include,video,,include:clip:357a007be22e,data/external/include_pose/INCLUDE/Pose_Signs/Animals/5. Cow/MVI_3048.pkl,data/processed/landmarks/include/COW/357a007be22e.npz,123,0.0,0.0,0.9756,1.0,,test
5d96ff6c6960,COW,include,video,,include:clip:5d96ff6c6960,data/external/include_pose/INCLUDE/Pose_Signs/Animals/5. Cow/MVI_8569.pkl,data/processed/landmarks/include/COW/5d96ff6c6960.npz,80,0.0,0.0,0.5125,1.0,,test
e7a394d89e6c,COW,include,video,,include:clip:e7a394d89e6c,data/external/include_pose/INCLUDE/Pose_Signs/Animals/5. Cow/MVI_3074.pkl,data/processed/landmarks/include/COW/e7a394d89e6c.npz,84,0.0,0.0,0.8929,1.0,,test
66775441e811,COW,include,video,,include:clip:66775441e811,data/external/include_pose/INCLUDE/Pose_Signs/Animals/5. Cow/MVI_3047.pkl,data/processed/landmarks/include/COW/66775441e811.npz,109,0.0,0.0,0.9358,1.0,,test
db6acbb6adae,MOUSE,include,video,,include:clip:db6acbb6adae,data/external/include_pose/INCLUDE/Pose_Signs/Animals/6. Mouse/MVI_3101.pkl,data/processed/landmarks/include/MOUSE/db6acbb6adae.npz,64,0.0,0.0,0.6406,1.0,,test
382a678aa748,MOUSE,include,video,,include:clip:382a678aa748,data/external/include_pose/INCLUDE/Pose_Signs/Animals/6. Mouse/MVI_3051.pkl,data/processed/landmarks/include/MOUSE/382a678aa748.npz,69,0.0,0.0,1.0,1.0,,test
47712328b635,MOUSE,include,video,,include:clip:47712328b635,data/external/include_pose/INCLUDE/Pose_Signs/Animals/6. Mouse/MVI_3050.pkl,data/processed/landmarks/include/MOUSE/47712328b635.npz,84,0.0,0.0,1.0,1.0,,test
9799db195b72,MOUSE,include,video,,include:clip:9799db195b72,data/external/include_pose/INCLUDE/Pose_Signs/Animals/6. Mouse/MVI_3078.pkl,data/processed/landmarks/include/MOUSE/9799db195b72.npz,83,0.0,0.0,0.988,1.0,,test
c31ad3e48e71,HORSE,include,video,,include:clip:c31ad3e48e71,data/external/include_pose/INCLUDE/Pose_Signs/Animals/7. Horse/MVI_2996.pkl,data/processed/landmarks/include/HORSE/c31ad3e48e71.npz,80,0.0,0.0,0.8625,1.0,,test
36ec04532c14,HORSE,include,video,,include:clip:36ec04532c14,data/external/include_pose/INCLUDE/Pose_Signs/Animals/7. Horse/MVI_3104.pkl,data/processed/landmarks/include/HORSE/36ec04532c14.npz,75,0.0,0.0,0.68,1.0,,test
3c96f4b7f9eb,HORSE,include,video,,include:clip:3c96f4b7f9eb,data/external/include_pose/INCLUDE/Pose_Signs/Animals/7. Horse/MVI_3023.pkl,data/processed/landmarks/include/HORSE/3c96f4b7f9eb.npz,93,0.0,0.0,0.9355,1.0,,test
37a41329c02c,HORSE,include,video,,include:clip:37a41329c02c,data/external/include_pose/INCLUDE/Pose_Signs/Animals/7. Horse/MVI_3021.pkl,data/processed/landmarks/include/HORSE/37a41329c02c.npz,74,0.0,0.0,0.8784,1.0,,test
22ad53c38f4d,ANIMAL,include,video,,include:clip:22ad53c38f4d,data/external/include_pose/INCLUDE/Pose_Signs/Animals/8. Animal/MVI_4167.pkl,data/processed/landmarks/include/ANIMAL/22ad53c38f4d.npz,76,0.0,0.0,0.8684,1.0,,test
85ebf82e83c3,ANIMAL,include,video,,include:clip:85ebf82e83c3,data/external/include_pose/INCLUDE/Pose_Signs/Animals/8. Animal/MVI_3083.pkl,data/processed/landmarks/include/ANIMAL/85ebf82e83c3.npz,108,0.0,0.0,0.9444,1.0,,test
37101d719415,ANIMAL,include,video,,include:clip:37101d719415,data/external/include_pose/INCLUDE/Pose_Signs/Animals/8. Animal/MVI_3108.pkl,data/processed/landmarks/include/ANIMAL/37101d719415.npz,108,0.0,0.0,0.7685,1.0,,test
ab72ca21c341,ANIMAL,include,video,,include:clip:ab72ca21c341,data/external/include_pose/INCLUDE/Pose_Signs/Animals/8. Animal/MVI_3107.pkl,data/processed/landmarks/include/ANIMAL/ab72ca21c341.npz,104,0.0,0.0,0.6923,1.0,,test
419e409a1258,HAT,include,video,,include:clip:419e409a1258,data/external/include_pose/INCLUDE/Pose_Signs/Clothes/37. Hat/MVI_5156.pkl,data/processed/landmarks/include/HAT/419e409a1258.npz,51,0.0,0.0,1.0,1.0,,test
0ae8bb9077e8,HAT,include,video,,include:clip:0ae8bb9077e8,data/external/include_pose/INCLUDE/Pose_Signs/Clothes/37. Hat/MVI_5154.pkl,data/processed/landmarks/include/HAT/0ae8bb9077e8.npz,60,0.0,0.0,1.0,1.0,,test
8f55f8ad2b41,HAT,include,video,,include:clip:8f55f8ad2b41,data/external/include_pose/INCLUDE/Pose_Signs/Clothes/37. Hat/MVI_4865.pkl,data/processed/landmarks/include/HAT/8f55f8ad2b41.npz,78,0.0,0.0,1.0,1.0,,test
9ef0b5de9a79,HAT,include,video,,include:clip:9ef0b5de9a79,data/external/include_pose/INCLUDE/Pose_Signs/Clothes/37. Hat/MVI_4866.pkl,data/processed/landmarks/include/HAT/9ef0b5de9a79.npz,57,0.0,0.0,1.0,1.0,,test
17d9ea8fe278,DRESS,include,video,,include:clip:17d9ea8fe278,data/external/include_pose/INCLUDE/Pose_Signs/Clothes/38. Dress/MVI_3693.pkl,data/processed/landmarks/include/DRESS/17d9ea8fe278.npz,59,0.0,0.0,1.0,1.0,,test
24109290a858,DRESS,include,video,,include:clip:24109290a858,data/external/include_pose/INCLUDE/Pose_Signs/Clothes/38. Dress/MVI_4870.pkl,data/processed/landmarks/include/DRESS/24109290a858.npz,53,0.0,0.0,1.0,1.0,,test
21e3277ce869,DRESS,include,video,,include:clip:21e3277ce869,data/external/include_pose/INCLUDE/Pose_Signs/Clothes/38. Dress/MVI_5010.pkl,data/processed/landmarks/include/DRESS/21e3277ce869.npz,51,0.0,0.0,0.8235,1.0,,test
c977d244c7c9,DRESS,include,video,,include:clip:c977d244c7c9,data/external/include_pose/INCLUDE/Pose_Signs/Clothes/38. Dress/MVI_5159.pkl,data/processed/landmarks/include/DRESS/c977d244c7c9.npz,51,0.0,0.0,1.0,1.0,,test
ab9ab1da35a2,SUIT,include,video,,include:clip:ab9ab1da35a2,data/external/include_pose/INCLUDE/Pose_Signs/Clothes/39. Suit/MVI_8602.pkl,data/processed/landmarks/include/SUIT/ab9ab1da35a2.npz,61,0.0,0.0,0.7377,1.0,,test
12b0adbfebf4,SUIT,include,video,,include:clip:12b0adbfebf4,data/external/include_pose/INCLUDE/Pose_Signs/Clothes/39. Suit/MVI_3843.pkl,data/processed/landmarks/include/SUIT/12b0adbfebf4.npz,71,0.0,0.0,0.8732,1.0,,test
5bef0a6460f9,SUIT,include,video,,include:clip:5bef0a6460f9,data/external/include_pose/INCLUDE/Pose_Signs/Clothes/39. Suit/MVI_5013.pkl,data/processed/landmarks/include/SUIT/5bef0a6460f9.npz,55,0.0,0.0,0.8364,1.0,,test
20b0120a9bb0,SUIT,include,video,,include:clip:20b0120a9bb0,data/external/include_pose/INCLUDE/Pose_Signs/Clothes/39. Suit/MVI_5162.pkl,data/processed/landmarks/include/SUIT/20b0120a9bb0.npz,60,0.0,0.0,0.95,1.0,,test
be2554a5eb21,SKIRT,include,video,,include:clip:be2554a5eb21,data/external/include_pose/INCLUDE/Pose_Signs/Clothes/40. Skirt/MVI_3700.pkl,data/processed/landmarks/include/SKIRT/be2554a5eb21.npz,75,0.0,0.0,0.96,1.0,,test
fc506463b080,SKIRT,include,video,,include:clip:fc506463b080,data/external/include_pose/INCLUDE/Pose_Signs/Clothes/40. Skirt/MVI_3997.pkl,data/processed/landmarks/include/SKIRT/fc506463b080.npz,66,0.0,0.0,0.9697,1.0,,test
a43e8bf94941,SKIRT,include,video,,include:clip:a43e8bf94941,data/external/include_pose/INCLUDE/Pose_Signs/Clothes/40. Skirt/MVI_4875.pkl,data/processed/landmarks/include/SKIRT/a43e8bf94941.npz,58,0.0,0.0,0.931,1.0,,test
20d63033e4e8,SKIRT,include,video,,include:clip:20d63033e4e8,data/external/include_pose/INCLUDE/Pose_Signs/Clothes/40. Skirt/MVI_4876.pkl,data/processed/landmarks/include/SKIRT/20d63033e4e8.npz,61,0.0,0.0,0.9836,1.0,,test
6bf51f24a272,SHIRT,include,video,,include:clip:6bf51f24a272,data/external/include_pose/INCLUDE/Pose_Signs/Clothes/41. Shirt/MVI_4201.pkl,data/processed/landmarks/include/SHIRT/6bf51f24a272.npz,69,0.0,0.0,0.971,1.0,,test
f0b275890f5d,SHIRT,include,video,,include:clip:f0b275890f5d,data/external/include_pose/INCLUDE/Pose_Signs/Clothes/41. Shirt/MVI_3999.pkl,data/processed/landmarks/include/SHIRT/f0b275890f5d.npz,73,0.0,0.0,0.8493,1.0,,test
5bd5a1d32492,SHIRT,include,video,,include:clip:5bd5a1d32492,data/external/include_pose/INCLUDE/Pose_Signs/Clothes/41. Shirt/MVI_3702.pkl,data/processed/landmarks/include/SHIRT/5bd5a1d32492.npz,83,0.0,0.0,0.9759,1.0,,test
445c4404646f,SHIRT,include,video,,include:clip:445c4404646f,data/external/include_pose/INCLUDE/Pose_Signs/Clothes/41. Shirt/MVI_5168.pkl,data/processed/landmarks/include/SHIRT/445c4404646f.npz,75,0.0,0.0,1.0,1.0,,test
644f6760ee2f,T_SHIRT,include,video,,include:clip:644f6760ee2f,data/external/include_pose/INCLUDE/Pose_Signs/Clothes/42. T-Shirt/MVI_5169.pkl,data/processed/landmarks/include/T_SHIRT/644f6760ee2f.npz,60,0.0,0.0,0.9667,1.0,,test
9bc2dbe939b4,T_SHIRT,include,video,,include:clip:9bc2dbe939b4,data/external/include_pose/INCLUDE/Pose_Signs/Clothes/42. T-Shirt/MVI_4882.pkl,data/processed/landmarks/include/T_SHIRT/9bc2dbe939b4.npz,78,0.0,0.0,0.9615,1.0,,test
e4e6cea49b62,T_SHIRT,include,video,,include:clip:e4e6cea49b62,data/external/include_pose/INCLUDE/Pose_Signs/Clothes/42. T-Shirt/MVI_5023.pkl,data/processed/landmarks/include/T_SHIRT/e4e6cea49b62.npz,79,0.0,0.0,0.9114,1.0,,test
dba7d7217076,T_SHIRT,include,video,,include:clip:dba7d7217076,data/external/include_pose/INCLUDE/Pose_Signs/Clothes/42. T-Shirt/MVI_3851.pkl,data/processed/landmarks/include/T_SHIRT/dba7d7217076.npz,88,0.0,0.0,0.9545,1.0,,test
b0830b8bc223,PANT,include,video,,include:clip:b0830b8bc223,data/external/include_pose/INCLUDE/Pose_Signs/Clothes/43. Pant/MVI_3855.pkl,data/processed/landmarks/include/PANT/b0830b8bc223.npz,67,0.0,0.0,1.0,1.0,,test
f841b58d6809,PANT,include,video,,include:clip:f841b58d6809,data/external/include_pose/INCLUDE/Pose_Signs/Clothes/43. Pant/MVI_5173.pkl,data/processed/landmarks/include/PANT/f841b58d6809.npz,43,0.0,0.0,1.0,1.0,,test
410a14b674e4,PANT,include,video,,include:clip:410a14b674e4,data/external/include_pose/INCLUDE/Pose_Signs/Clothes/43. Pant/MVI_4006.pkl,data/processed/landmarks/include/PANT/410a14b674e4.npz,66,0.0,0.0,1.0,1.0,,test
6b9eaaf03a80,PANT,include,video,,include:clip:6b9eaaf03a80,data/external/include_pose/INCLUDE/Pose_Signs/Clothes/43. Pant/MVI_4203.pkl,data/processed/landmarks/include/PANT/6b9eaaf03a80.npz,43,0.0,0.0,0.9535,1.0,,test
9459ff7dbf50,SHOES,include,video,,include:clip:9459ff7dbf50,data/external/include_pose/INCLUDE/Pose_Signs/Clothes/44. Shoes/MVI_4887.pkl,data/processed/landmarks/include/SHOES/9459ff7dbf50.npz,83,0.0,0.0,0.988,1.0,,test
c5cb27209961,SHOES,include,video,,include:clip:c5cb27209961,data/external/include_pose/INCLUDE/Pose_Signs/Clothes/44. Shoes/MVI_4009.pkl,data/processed/landmarks/include/SHOES/c5cb27209961.npz,69,0.0,0.0,0.913,1.0,,test
2d09113a622d,SHOES,include,video,,include:clip:2d09113a622d,data/external/include_pose/INCLUDE/Pose_Signs/Clothes/44. Shoes/MVI_3857.pkl,data/processed/landmarks/include/SHOES/2d09113a622d.npz,93,0.0,0.0,0.9677,1.0,,test
8a13d0cc1412,SHOES,include,video,,include:clip:8a13d0cc1412,data/external/include_pose/INCLUDE/Pose_Signs/Clothes/44. Shoes/MVI_3710.pkl,data/processed/landmarks/include/SHOES/8a13d0cc1412.npz,65,0.0,0.0,0.9231,1.0,,test
16fd363fcdb1,POCKET,include,video,,include:clip:16fd363fcdb1,data/external/include_pose/INCLUDE/Pose_Signs/Clothes/45. Pocket/MVI_4891.pkl,data/processed/landmarks/include/POCKET/16fd363fcdb1.npz,70,0.0,0.0,1.0,1.0,,test
79acb8ffe722,POCKET,include,video,,include:clip:79acb8ffe722,data/external/include_pose/INCLUDE/Pose_Signs/Clothes/45. Pocket/MVI_5032.pkl,data/processed/landmarks/include/POCKET/79acb8ffe722.npz,61,0.0,0.0,1.0,1.0,,test
fb9adaad0899,POCKET,include,video,,include:clip:fb9adaad0899,data/external/include_pose/INCLUDE/Pose_Signs/Clothes/45. Pocket/MVI_4892.pkl,data/processed/landmarks/include/POCKET/fb9adaad0899.npz,57,0.0,0.0,1.0,1.0,,test
711e64632dd0,POCKET,include,video,,include:clip:711e64632dd0,data/external/include_pose/INCLUDE/Pose_Signs/Clothes/45. Pocket/MVI_5179.pkl,data/processed/landmarks/include/POCKET/711e64632dd0.npz,50,0.0,0.0,1.0,1.0,,test
b756f47df159,CLOTHING,include,video,,include:clip:b756f47df159,data/external/include_pose/INCLUDE/Pose_Signs/Clothes/46. Clothing/MVI_5181.pkl,data/processed/landmarks/include/CLOTHING/b756f47df159.npz,58,0.0,0.0,1.0,1.0,,test
ba0dc4967345,CLOTHING,include,video,,include:clip:ba0dc4967345,data/external/include_pose/INCLUDE/Pose_Signs/Clothes/46. Clothing/MVI_4896.pkl,data/processed/landmarks/include/CLOTHING/ba0dc4967345.npz,50,0.0,0.0,1.0,1.0,,test
905657ac7684,CLOTHING,include,video,,include:clip:905657ac7684,data/external/include_pose/INCLUDE/Pose_Signs/Clothes/46. Clothing/MVI_3864.pkl,data/processed/landmarks/include/CLOTHING/905657ac7684.npz,75,0.0,0.0,1.0,1.0,,test
a9e8e810d0c8,CLOTHING,include,video,,include:clip:a9e8e810d0c8,data/external/include_pose/INCLUDE/Pose_Signs/Clothes/46. Clothing/MVI_5183.pkl,data/processed/landmarks/include/CLOTHING/a9e8e810d0c8.npz,54,0.0,0.0,1.0,1.0,,test
893ce14a620f,RED,include,video,,include:clip:893ce14a620f,data/external/include_pose/INCLUDE/Pose_Signs/Colours/47. Red/MVI_4898.pkl,data/processed/landmarks/include/RED/893ce14a620f.npz,60,0.0,0.0,1.0,1.0,,test
1d81337185f9,RED,include,video,,include:clip:1d81337185f9,data/external/include_pose/INCLUDE/Pose_Signs/Colours/47. Red/MVI_4019.pkl,data/processed/landmarks/include/RED/1d81337185f9.npz,64,0.0,0.0,1.0,1.0,,test
07d5e3d6c7dc,RED,include,video,,include:clip:07d5e3d6c7dc,data/external/include_pose/INCLUDE/Pose_Signs/Colours/47. Red/MVI_4018.pkl,data/processed/landmarks/include/RED/07d5e3d6c7dc.npz,66,0.0,0.0,1.0,1.0,,test
c7cc03824b4d,RED,include,video,,include:clip:c7cc03824b4d,data/external/include_pose/INCLUDE/Pose_Signs/Colours/47. Red/MVI_3720.pkl,data/processed/landmarks/include/RED/c7cc03824b4d.npz,62,0.0,0.0,1.0,1.0,,test
d6515f552448,GREEN,include,video,,include:clip:d6515f552448,data/external/include_pose/INCLUDE/Pose_Signs/Colours/48. Green/MVI_4901.pkl,data/processed/landmarks/include/GREEN/d6515f552448.npz,52,0.0,0.0,1.0,1.0,,test
c6fbadcf9046,GREEN,include,video,,include:clip:c6fbadcf9046,data/external/include_pose/INCLUDE/Pose_Signs/Colours/48. Green/MVI_3722.pkl,data/processed/landmarks/include/GREEN/c6fbadcf9046.npz,53,0.0,0.0,1.0,1.0,,test
297a835df159,GREEN,include,video,,include:clip:297a835df159,data/external/include_pose/INCLUDE/Pose_Signs/Colours/48. Green/MVI_3870.pkl,data/processed/landmarks/include/GREEN/297a835df159.npz,82,0.0,0.0,1.0,1.0,,test
c10e5b4de05e,GREEN,include,video,,include:clip:c10e5b4de05e,data/external/include_pose/INCLUDE/Pose_Signs/Colours/48. Green/MVI_5189.pkl,data/processed/landmarks/include/GREEN/c10e5b4de05e.npz,68,0.0,0.0,1.0,1.0,,test
e377f70cc2c0,BLUE,include,video,,include:clip:e377f70cc2c0,data/external/include_pose/INCLUDE/Pose_Signs/Colours/49. Blue/MVI_4209.pkl,data/processed/landmarks/include/BLUE/e377f70cc2c0.npz,49,0.0,0.0,1.0,1.0,,test
5e54bf725be2,BLUE,include,video,,include:clip:5e54bf725be2,data/external/include_pose/INCLUDE/Pose_Signs/Colours/49. Blue/MVI_3872.pkl,data/processed/landmarks/include/BLUE/5e54bf725be2.npz,83,0.0,0.0,1.0,1.0,,test
e2a76b646068,BLUE,include,video,,include:clip:e2a76b646068,data/external/include_pose/INCLUDE/Pose_Signs/Colours/49. Blue/MVI_4026.pkl,data/processed/landmarks/include/BLUE/e2a76b646068.npz,56,0.0,0.0,1.0,1.0,,test
8748295dc0a9,BLUE,include,video,,include:clip:8748295dc0a9,data/external/include_pose/INCLUDE/Pose_Signs/Colours/49. Blue/MVI_3874.pkl,data/processed/landmarks/include/BLUE/8748295dc0a9.npz,74,0.0,0.0,1.0,1.0,,test
0f4cfd2ba032,YELLOW,include,video,,include:clip:0f4cfd2ba032,data/external/include_pose/INCLUDE/Pose_Signs/Colours/50. Yellow/MVI_3729.pkl,data/processed/landmarks/include/YELLOW/0f4cfd2ba032.npz,65,0.0,0.0,1.0,1.0,,test
995384634ef8,YELLOW,include,video,,include:clip:995384634ef8,data/external/include_pose/INCLUDE/Pose_Signs/Colours/50. Yellow/MVI_3730.pkl,data/processed/landmarks/include/YELLOW/995384634ef8.npz,48,0.0,0.0,1.0,1.0,,test
41b697e66d74,YELLOW,include,video,,include:clip:41b697e66d74,data/external/include_pose/INCLUDE/Pose_Signs/Colours/50. Yellow/MVI_4908.pkl,data/processed/landmarks/include/YELLOW/41b697e66d74.npz,50,0.0,0.0,1.0,1.0,,test
58c4aed677a7,YELLOW,include,video,,include:clip:58c4aed677a7,data/external/include_pose/INCLUDE/Pose_Signs/Colours/50. Yellow/MVI_5048.pkl,data/processed/landmarks/include/YELLOW/58c4aed677a7.npz,44,0.0,0.0,1.0,1.0,,test
30df5653b0b4,BROWN,include,video,,include:clip:30df5653b0b4,data/external/include_pose/INCLUDE/Pose_Signs/Colours/51. Brown/MVI_5197.pkl,data/processed/landmarks/include/BROWN/30df5653b0b4.npz,59,0.0,0.0,0.9831,1.0,,test
d7219577a2ec,BROWN,include,video,,include:clip:d7219577a2ec,data/external/include_pose/INCLUDE/Pose_Signs/Colours/51. Brown/MVI_3733.pkl,data/processed/landmarks/include/BROWN/d7219577a2ec.npz,53,0.0,0.0,0.9811,1.0,,test
524d4ec2bd6e,BROWN,include,video,,include:clip:524d4ec2bd6e,data/external/include_pose/INCLUDE/Pose_Signs/Colours/51. Brown/MVI_3880.pkl,data/processed/landmarks/include/BROWN/524d4ec2bd6e.npz,80,0.0,0.0,0.95,1.0,,test
1d158c4199d2,BROWN,include,video,,include:clip:1d158c4199d2,data/external/include_pose/INCLUDE/Pose_Signs/Colours/51. Brown/MVI_4030.pkl,data/processed/landmarks/include/BROWN/1d158c4199d2.npz,63,0.0,0.0,0.9683,1.0,,test
4d34c7e1a57a,PINK,include,video,,include:clip:4d34c7e1a57a,data/external/include_pose/INCLUDE/Pose_Signs/Colours/52. Pink/MVI_3882.pkl,data/processed/landmarks/include/PINK/4d34c7e1a57a.npz,74,0.0,0.0,1.0,1.0,,test
9d54170e3a45,PINK,include,video,,include:clip:9d54170e3a45,data/external/include_pose/INCLUDE/Pose_Signs/Colours/52. Pink/MVI_5202.pkl,data/processed/landmarks/include/PINK/9d54170e3a45.npz,57,0.0,0.0,1.0,1.0,,test
4e454bcb81ce,PINK,include,video,,include:clip:4e454bcb81ce,data/external/include_pose/INCLUDE/Pose_Signs/Colours/52. Pink/MVI_8617.pkl,data/processed/landmarks/include/PINK/4e454bcb81ce.npz,64,0.0,0.0,0.875,1.0,,test
90c3bc4744be,PINK,include,video,,include:clip:90c3bc4744be,data/external/include_pose/INCLUDE/Pose_Signs/Colours/52. Pink/MVI_5053.pkl,data/processed/landmarks/include/PINK/90c3bc4744be.npz,53,0.0,0.0,0.9811,1.0,,test
cf23f39cb2ce,ORANGE,include,video,,include:clip:cf23f39cb2ce,data/external/include_pose/INCLUDE/Pose_Signs/Colours/53. Orange/MVI_5205.pkl,data/processed/landmarks/include/ORANGE/cf23f39cb2ce.npz,57,0.0,0.0,1.0,1.0,,test
f4f45c366c3a,ORANGE,include,video,,include:clip:f4f45c366c3a,data/external/include_pose/INCLUDE/Pose_Signs/Colours/53. Orange/MVI_5055.pkl,data/processed/landmarks/include/ORANGE/f4f45c366c3a.npz,54,0.0,0.0,1.0,1.0,,test
0b569bb51ec6,ORANGE,include,video,,include:clip:0b569bb51ec6,data/external/include_pose/INCLUDE/Pose_Signs/Colours/53. Orange/MVI_3885.pkl,data/processed/landmarks/include/ORANGE/0b569bb51ec6.npz,98,0.0,0.0,1.0,1.0,,test
5625817a4333,ORANGE,include,video,,include:clip:5625817a4333,data/external/include_pose/INCLUDE/Pose_Signs/Colours/53. Orange/MVI_5056.pkl,data/processed/landmarks/include/ORANGE/5625817a4333.npz,56,0.0,0.0,1.0,1.0,,test
3767f953d236,BLACK,include,video,,include:clip:3767f953d236,data/external/include_pose/INCLUDE/Pose_Signs/Colours/54. Black/MVI_5058.pkl,data/processed/landmarks/include/BLACK/3767f953d236.npz,47,0.0,0.0,0.9149,1.0,,test
1f13bf4c5ad8,BLACK,include,video,,include:clip:1f13bf4c5ad8,data/external/include_pose/INCLUDE/Pose_Signs/Colours/54. Black/MVI_4918.pkl,data/processed/landmarks/include/BLACK/1f13bf4c5ad8.npz,43,0.0,0.0,1.0,1.0,,test
52e6647ed01e,BLACK,include,video,,include:clip:52e6647ed01e,data/external/include_pose/INCLUDE/Pose_Signs/Colours/54. Black/MVI_8619.pkl,data/processed/landmarks/include/BLACK/52e6647ed01e.npz,65,0.0,0.0,0.7846,1.0,,test
9d263d6c11f0,BLACK,include,video,,include:clip:9d263d6c11f0,data/external/include_pose/INCLUDE/Pose_Signs/Colours/54. Black/MVI_4039.pkl,data/processed/landmarks/include/BLACK/9d263d6c11f0.npz,48,0.0,0.0,1.0,1.0,,test
e4847108d7e8,WHITE,include,video,,include:clip:e4847108d7e8,data/external/include_pose/INCLUDE/Pose_Signs/Colours/55. White/MVI_3744.pkl,data/processed/landmarks/include/WHITE/e4847108d7e8.npz,45,0.0,0.0,1.0,1.0,,test
ce6e05a369f0,WHITE,include,video,,include:clip:ce6e05a369f0,data/external/include_pose/INCLUDE/Pose_Signs/Colours/55. White/MVI_5062.pkl,data/processed/landmarks/include/WHITE/ce6e05a369f0.npz,47,0.0,0.0,0.9149,1.0,,test
0447b9bb062a,WHITE,include,video,,include:clip:0447b9bb062a,data/external/include_pose/INCLUDE/Pose_Signs/Colours/55. White/MVI_5211.pkl,data/processed/landmarks/include/WHITE/0447b9bb062a.npz,56,0.0,0.0,1.0,1.0,,test
0ef8f0189524,WHITE,include,video,,include:clip:0ef8f0189524,data/external/include_pose/INCLUDE/Pose_Signs/Colours/55. White/MVI_3892.pkl,data/processed/landmarks/include/WHITE/0ef8f0189524.npz,69,0.0,0.0,1.0,1.0,,test
cc31a46aec7d,GREY,include,video,,include:clip:cc31a46aec7d,data/external/include_pose/INCLUDE/Pose_Signs/Colours/56. Grey/MVI_5213.pkl,data/processed/landmarks/include/GREY/cc31a46aec7d.npz,59,0.0,0.0,1.0,1.0,,test
ea99c56da291,GREY,include,video,,include:clip:ea99c56da291,data/external/include_pose/INCLUDE/Pose_Signs/Colours/56. Grey/MVI_5214.pkl,data/processed/landmarks/include/GREY/ea99c56da291.npz,66,0.0,0.0,1.0,1.0,,test
db57395e711f,GREY,include,video,,include:clip:db57395e711f,data/external/include_pose/INCLUDE/Pose_Signs/Colours/56. Grey/MVI_8621.pkl,data/processed/landmarks/include/GREY/db57395e711f.npz,74,0.0,0.0,0.9865,1.0,,test
c75b52397f19,GREY,include,video,,include:clip:c75b52397f19,data/external/include_pose/INCLUDE/Pose_Signs/Colours/56. Grey/MVI_4045.pkl,data/processed/landmarks/include/GREY/c75b52397f19.npz,53,0.0,0.0,1.0,1.0,,test
1ac729d61d38,COLOUR,include,video,,include:clip:1ac729d61d38,data/external/include_pose/INCLUDE/Pose_Signs/Colours/57. Colour/MVI_5216.pkl,data/processed/landmarks/include/COLOUR/1ac729d61d38.npz,54,0.0,0.0,1.0,1.0,,test
ff073700fc33,COLOUR,include,video,,include:clip:ff073700fc33,data/external/include_pose/INCLUDE/Pose_Signs/Colours/57. Colour/MVI_4930.pkl,data/processed/landmarks/include/COLOUR/ff073700fc33.npz,52,0.0,0.0,1.0,1.0,,test
28c8f080fb2c,COLOUR,include,video,,include:clip:28c8f080fb2c,data/external/include_pose/INCLUDE/Pose_Signs/Colours/57. Colour/MVI_5215.pkl,data/processed/landmarks/include/COLOUR/28c8f080fb2c.npz,49,0.0,0.0,1.0,1.0,,test
125d04c85b38,COLOUR,include,video,,include:clip:125d04c85b38,data/external/include_pose/INCLUDE/Pose_Signs/Colours/57. Colour/MVI_5068.pkl,data/processed/landmarks/include/COLOUR/125d04c85b38.npz,44,0.0,0.0,0.9773,1.0,,test
7359f63ebbeb,SUNDAY,include,video,,include:clip:7359f63ebbeb,data/external/include_pose/INCLUDE/Pose_Signs/Days_and_Time/66. Sunday/MVI_5008.pkl,data/processed/landmarks/include/SUNDAY/7359f63ebbeb.npz,47,0.0,0.0,1.0,1.0,,test
35282257058c,MONDAY,include,video,,include:clip:35282257058c,data/external/include_pose/INCLUDE/Pose_Signs/Days_and_Time/67. Monday/MVI_4594.pkl,data/processed/landmarks/include/MONDAY/35282257058c.npz,59,0.0,0.0,0.9322,1.0,,test
e3607b64e9f3,TUESDAY,include,video,,include:clip:e3607b64e9f3,data/external/include_pose/INCLUDE/Pose_Signs/Days_and_Time/68. Tuesday/MVI_4596.pkl,data/processed/landmarks/include/TUESDAY/e3607b64e9f3.npz,55,0.0,0.0,0.7818,1.0,,test
25e36f1b538d,WEDNESDAY,include,video,,include:clip:25e36f1b538d,data/external/include_pose/INCLUDE/Pose_Signs/Days_and_Time/69. Wednesday/MVI_4600.pkl,data/processed/landmarks/include/WEDNESDAY/25e36f1b538d.npz,54,0.0,0.0,0.7222,1.0,,test
e5fa97a20293,THURSDAY,include,video,,include:clip:e5fa97a20293,data/external/include_pose/INCLUDE/Pose_Signs/Days_and_Time/70. Thursday/MVI_5021.pkl,data/processed/landmarks/include/THURSDAY/e5fa97a20293.npz,56,0.0,0.0,1.0,1.0,,test
e2e235a068f6,FRIDAY,include,video,,include:clip:e2e235a068f6,data/external/include_pose/INCLUDE/Pose_Signs/Days_and_Time/71. Friday/MVI_4609.pkl,data/processed/landmarks/include/FRIDAY/e2e235a068f6.npz,57,0.0,0.0,1.0,1.0,,test
09ce183489b2,SATURDAY,include,video,,include:clip:09ce183489b2,data/external/include_pose/INCLUDE/Pose_Signs/Days_and_Time/72. Saturday/MVI_9158.pkl,data/processed/landmarks/include/SATURDAY/09ce183489b2.npz,67,0.0,0.0,1.0,1.0,,test
a31630191db7,TODAY,include,video,,include:clip:a31630191db7,data/external/include_pose/INCLUDE/Pose_Signs/Days_and_Time/73. Today/MVI_4616.pkl,data/processed/landmarks/include/TODAY/a31630191db7.npz,54,0.0,0.0,1.0,1.0,,test
bb0ae5e5df45,TOMORROW,include,video,,include:clip:bb0ae5e5df45,data/external/include_pose/INCLUDE/Pose_Signs/Days_and_Time/74. Tomorrow/MVI_5477.pkl,data/processed/landmarks/include/TOMORROW/bb0ae5e5df45.npz,41,0.0,0.0,1.0,1.0,,test
0647b79fdb94,YESTERDAY,include,video,,include:clip:0647b79fdb94,data/external/include_pose/INCLUDE/Pose_Signs/Days_and_Time/75. Yesterday/MVI_4624.pkl,data/processed/landmarks/include/YESTERDAY/0647b79fdb94.npz,47,0.0,0.0,1.0,1.0,,test
7cef872da216,WEEK,include,video,,include:clip:7cef872da216,data/external/include_pose/INCLUDE/Pose_Signs/Days_and_Time/76. Week/MVI_5484.pkl,data/processed/landmarks/include/WEEK/7cef872da216.npz,39,0.0,0.0,0.8718,1.0,,test
dcf1a44e4e43,MONTH,include,video,,include:clip:dcf1a44e4e43,data/external/include_pose/INCLUDE/Pose_Signs/Days_and_Time/77. Month/MVI_5487.pkl,data/processed/landmarks/include/MONTH/dcf1a44e4e43.npz,39,0.0,0.0,0.9231,1.0,,test
9f52ef6acf1e,YEAR,include,video,,include:clip:9f52ef6acf1e,data/external/include_pose/INCLUDE/Pose_Signs/Days_and_Time/78. Year/MVI_9177.pkl,data/processed/landmarks/include/YEAR/9f52ef6acf1e.npz,57,0.0,0.0,0.9298,1.0,,test
af479118796b,HOUR,include,video,,include:clip:af479118796b,data/external/include_pose/INCLUDE/Pose_Signs/Days_and_Time/79. Hour/MVI_4639.pkl,data/processed/landmarks/include/HOUR/af479118796b.npz,65,0.0,0.0,0.9385,1.0,,test
95d4a67fbf41,MINUTE,include,video,,include:clip:95d4a67fbf41,data/external/include_pose/INCLUDE/Pose_Signs/Days_and_Time/80. Minute/MVI_5053.pkl,data/processed/landmarks/include/MINUTE/95d4a67fbf41.npz,49,0.0,0.0,1.0,1.0,,test
a2596e03e13d,SECOND,include,video,,include:clip:a2596e03e13d,data/external/include_pose/INCLUDE/Pose_Signs/Days_and_Time/81. Second/MVI_5058.pkl,data/processed/landmarks/include/SECOND/a2596e03e13d.npz,50,0.0,0.0,1.0,1.0,,test
2e908e56edc8,SECOND,include,video,,include:clip:2e908e56edc8,data/external/include_pose/INCLUDE/Pose_Signs/Days_and_Time/81. Second/MVI_9213.pkl,data/processed/landmarks/include/SECOND/2e908e56edc8.npz,72,0.0,0.0,1.0,1.0,,test
e66e2f8f6e8b,MORNING,include,video,,include:clip:e66e2f8f6e8b,data/external/include_pose/INCLUDE/Pose_Signs/Days_and_Time/82. Morning/MVI_4651.pkl,data/processed/landmarks/include/MORNING/e66e2f8f6e8b.npz,53,0.0,0.0,1.0,1.0,,test
66f15d9afbcd,AFTERNOON,include,video,,include:clip:66f15d9afbcd,data/external/include_pose/INCLUDE/Pose_Signs/Days_and_Time/83. Afternoon/MVI_5514.pkl,data/processed/landmarks/include/AFTERNOON/66f15d9afbcd.npz,51,0.0,0.0,1.0,1.0,,test
05c7b3e46599,EVENING,include,video,,include:clip:05c7b3e46599,data/external/include_pose/INCLUDE/Pose_Signs/Days_and_Time/84. Evening/MVI_5072.pkl,data/processed/landmarks/include/EVENING/05c7b3e46599.npz,41,0.0,0.0,1.0,1.0,,test
26286d7df8d1,NIGHT,include,video,,include:clip:26286d7df8d1,data/external/include_pose/INCLUDE/Pose_Signs/Days_and_Time/85. Night/MVI_4666.pkl,data/processed/landmarks/include/NIGHT/26286d7df8d1.npz,52,0.0,0.0,0.9615,1.0,,test
02bf719813bf,TIME,include,video,,include:clip:02bf719813bf,data/external/include_pose/INCLUDE/Pose_Signs/Days_and_Time/86. Time/MVI_9202.pkl,data/processed/landmarks/include/TIME/02bf719813bf.npz,58,0.0,0.0,0.931,1.0,,test
66e50f24b963,SECOND_NUMBER,include,video,,include:clip:66e50f24b963,data/external/include_pose/INCLUDE/Pose_Signs/Days_and_Time/Second (Number)/MVI_4650.pkl,,0,0.0,0.0,0.0,0.0,failed:missing_pose_file,test
cb610eb9ca6d,CLOCK,include,video,,include:clip:cb610eb9ca6d,data/external/include_pose/INCLUDE/Pose_Signs/Electronics/51. Clock/MVI_9093.pkl,data/processed/landmarks/include/CLOCK/cb610eb9ca6d.npz,84,0.0,0.0,0.9881,1.0,,test
da07b147af10,CLOCK,include,video,,include:clip:da07b147af10,data/external/include_pose/INCLUDE/Pose_Signs/Electronics/51. Clock/MVI_5380.pkl,data/processed/landmarks/include/CLOCK/da07b147af10.npz,63,0.0,0.0,0.9841,1.0,,test
1880e2269d5b,CLOCK,include,video,,include:clip:1880e2269d5b,data/external/include_pose/INCLUDE/Pose_Signs/Electronics/51. Clock/MVI_5382.pkl,data/processed/landmarks/include/CLOCK/1880e2269d5b.npz,74,0.0,0.0,1.0,1.0,,test
83948ff64129,LAMP,include,video,,include:clip:83948ff64129,data/external/include_pose/INCLUDE/Pose_Signs/Electronics/52. Lamp/MVI_4529.pkl,data/processed/landmarks/include/LAMP/83948ff64129.npz,50,0.0,0.0,1.0,1.0,,test
50a26376c39e,LAMP,include,video,,include:clip:50a26376c39e,data/external/include_pose/INCLUDE/Pose_Signs/Electronics/52. Lamp/MVI_9094.pkl,data/processed/landmarks/include/LAMP/50a26376c39e.npz,62,0.0,0.0,1.0,1.0,,test
8891ee03a498,LAMP,include,video,,include:clip:8891ee03a498,data/external/include_pose/INCLUDE/Pose_Signs/Electronics/52. Lamp/MVI_9096.pkl,data/processed/landmarks/include/LAMP/8891ee03a498.npz,73,0.0,0.0,1.0,1.0,,test
d1f31186f942,FAN,include,video,,include:clip:d1f31186f942,data/external/include_pose/INCLUDE/Pose_Signs/Electronics/53. Fan/MVI_9099.pkl,data/processed/landmarks/include/FAN/d1f31186f942.npz,87,0.0,0.0,1.0,1.0,,test
fc6fffc013df,FAN,include,video,,include:clip:fc6fffc013df,data/external/include_pose/INCLUDE/Pose_Signs/Electronics/53. Fan/MVI_9097.pkl,data/processed/landmarks/include/FAN/fc6fffc013df.npz,78,0.0,0.0,1.0,1.0,,test
1a42b4148c0a,FAN,include,video,,include:clip:1a42b4148c0a,data/external/include_pose/INCLUDE/Pose_Signs/Electronics/53. Fan/MVI_4536.pkl,data/processed/landmarks/include/FAN/1a42b4148c0a.npz,64,0.0,0.0,0.8281,1.0,,test
5fb645a256ec,CELL_PHONE,include,video,,include:clip:5fb645a256ec,data/external/include_pose/INCLUDE/Pose_Signs/Electronics/54. Cell phone/MVI_4539.pkl,data/processed/landmarks/include/CELL_PHONE/5fb645a256ec.npz,53,0.0,0.0,1.0,1.0,,test
2571435de9ef,CELL_PHONE,include,video,,include:clip:2571435de9ef,data/external/include_pose/INCLUDE/Pose_Signs/Electronics/54. Cell phone/MVI_5391.pkl,data/processed/landmarks/include/CELL_PHONE/2571435de9ef.npz,46,0.0,0.0,1.0,1.0,,test
873b789d4380,CELL_PHONE,include,video,,include:clip:873b789d4380,data/external/include_pose/INCLUDE/Pose_Signs/Electronics/54. Cell phone/MVI_9100.pkl,data/processed/landmarks/include/CELL_PHONE/873b789d4380.npz,73,0.0,0.0,1.0,1.0,,test
d836a724d33c,COMPUTER,include,video,,include:clip:d836a724d33c,data/external/include_pose/INCLUDE/Pose_Signs/Electronics/55. Computer/MVI_9104.pkl,data/processed/landmarks/include/COMPUTER/d836a724d33c.npz,85,0.0,0.0,0.9294,1.0,,test
9c411456b8e2,COMPUTER,include,video,,include:clip:9c411456b8e2,data/external/include_pose/INCLUDE/Pose_Signs/Electronics/55. Computer/MVI_4543.pkl,data/processed/landmarks/include/COMPUTER/9c411456b8e2.npz,69,0.0,0.0,0.8406,1.0,,test
007793516138,COMPUTER,include,video,,include:clip:007793516138,data/external/include_pose/INCLUDE/Pose_Signs/Electronics/55. Computer/MVI_4544.pkl,data/processed/landmarks/include/COMPUTER/007793516138.npz,78,0.0,0.0,0.9103,1.0,,test
0f515b7b458b,LAPTOP,include,video,,include:clip:0f515b7b458b,data/external/include_pose/INCLUDE/Pose_Signs/Electronics/56. Laptop/MVI_4547.pkl,data/processed/landmarks/include/LAPTOP/0f515b7b458b.npz,75,0.0,0.0,0.9067,1.0,,test
562cb18334c3,LAPTOP,include,video,,include:clip:562cb18334c3,data/external/include_pose/INCLUDE/Pose_Signs/Electronics/56. Laptop/MVI_5402.pkl,data/processed/landmarks/include/LAPTOP/562cb18334c3.npz,61,0.0,0.0,0.9672,1.0,,test
654c554f7732,LAPTOP,include,video,,include:clip:654c554f7732,data/external/include_pose/INCLUDE/Pose_Signs/Electronics/56. Laptop/MVI_5400.pkl,data/processed/landmarks/include/LAPTOP/654c554f7732.npz,55,0.0,0.0,0.9636,1.0,,test
e8f6f9f75f2c,SCREEN,include,video,,include:clip:e8f6f9f75f2c,data/external/include_pose/INCLUDE/Pose_Signs/Electronics/57. Screen/MVI_5406.pkl,data/processed/landmarks/include/SCREEN/e8f6f9f75f2c.npz,63,0.0,0.0,1.0,1.0,,test
b4aba9bb7736,SCREEN,include,video,,include:clip:b4aba9bb7736,data/external/include_pose/INCLUDE/Pose_Signs/Electronics/57. Screen/MVI_4976.pkl,data/processed/landmarks/include/SCREEN/b4aba9bb7736.npz,59,0.0,0.0,0.8814,1.0,,test
f483adfb745a,SCREEN,include,video,,include:clip:f483adfb745a,data/external/include_pose/INCLUDE/Pose_Signs/Electronics/57. Screen/MVI_9112.pkl,data/processed/landmarks/include/SCREEN/f483adfb745a.npz,63,0.0,0.0,0.9365,1.0,,test
b1c0faa5d9c1,CAMERA,include,video,,include:clip:b1c0faa5d9c1,data/external/include_pose/INCLUDE/Pose_Signs/Electronics/58. Camera/MVI_9114.pkl,data/processed/landmarks/include/CAMERA/b1c0faa5d9c1.npz,64,0.0,0.0,0.8906,1.0,,test
db9a11808c92,CAMERA,include,video,,include:clip:db9a11808c92,data/external/include_pose/INCLUDE/Pose_Signs/Electronics/58. Camera/MVI_4979.pkl,data/processed/landmarks/include/CAMERA/db9a11808c92.npz,47,0.0,0.0,0.9149,1.0,,test
163992cd1017,CAMERA,include,video,,include:clip:163992cd1017,data/external/include_pose/INCLUDE/Pose_Signs/Electronics/58. Camera/MVI_5409.pkl,data/processed/landmarks/include/CAMERA/163992cd1017.npz,61,0.0,0.0,0.9508,1.0,,test
e2fd5ec1f7db,TELEVISION,include,video,,include:clip:e2fd5ec1f7db,data/external/include_pose/INCLUDE/Pose_Signs/Electronics/59. Television/MVI_4986.pkl,data/processed/landmarks/include/TELEVISION/e2fd5ec1f7db.npz,49,0.0,0.0,0.898,1.0,,test
5b3a3d672b3b,TELEVISION,include,video,,include:clip:5b3a3d672b3b,data/external/include_pose/INCLUDE/Pose_Signs/Electronics/59. Television/MVI_4985.pkl,data/processed/landmarks/include/TELEVISION/5b3a3d672b3b.npz,57,0.0,0.0,0.9649,1.0,,test
e623a2a240a0,TELEVISION,include,video,,include:clip:e623a2a240a0,data/external/include_pose/INCLUDE/Pose_Signs/Electronics/59. Television/MVI_4982.pkl,data/processed/landmarks/include/TELEVISION/e623a2a240a0.npz,52,0.0,0.0,0.8462,1.0,,test
cb3bb1b9e6b9,RADIO,include,video,,include:clip:cb3bb1b9e6b9,data/external/include_pose/INCLUDE/Pose_Signs/Electronics/60. Radio/MVI_4563.pkl,data/processed/landmarks/include/RADIO/cb3bb1b9e6b9.npz,55,0.0,0.0,0.8909,1.0,,test
9bf09e1b1230,RADIO,include,video,,include:clip:9bf09e1b1230,data/external/include_pose/INCLUDE/Pose_Signs/Electronics/60. Radio/MVI_9120.pkl,data/processed/landmarks/include/RADIO/9bf09e1b1230.npz,55,0.0,0.0,0.8545,1.0,,test
17c5fba4e11a,RADIO,include,video,,include:clip:17c5fba4e11a,data/external/include_pose/INCLUDE/Pose_Signs/Electronics/60. Radio/MVI_4987.pkl,data/processed/landmarks/include/RADIO/17c5fba4e11a.npz,47,0.0,0.0,0.9149,1.0,,test
3765133b1906,HELLO,include,video,,include:clip:3765133b1906,data/external/include_pose/INCLUDE/Pose_Signs/Greetings/48. Hello/MVI_0029.pkl,data/processed/landmarks/include/HELLO/3765133b1906.npz,63,0.0,0.0,1.0,1.0,,test
d1224185ec1c,HELLO,include,video,,include:clip:d1224185ec1c,data/external/include_pose/INCLUDE/Pose_Signs/Greetings/48. Hello/MVI_9914.pkl,data/processed/landmarks/include/HELLO/d1224185ec1c.npz,53,0.0,0.0,1.0,1.0,,test
385c471e8c88,HELLO,include,video,,include:clip:385c471e8c88,data/external/include_pose/INCLUDE/Pose_Signs/Greetings/48. Hello/MVI_9956.pkl,data/processed/landmarks/include/HELLO/385c471e8c88.npz,76,0.0,0.0,1.0,1.0,,test
405cd9b3fc50,HELLO,include,video,,include:clip:405cd9b3fc50,data/external/include_pose/INCLUDE/Pose_Signs/Greetings/48. Hello/MVI_9983.pkl,data/processed/landmarks/include/HELLO/405cd9b3fc50.npz,53,0.0,0.0,1.0,1.0,,test
b83f5c41fec6,HOW_ARE_YOU,include,video,,include:clip:b83f5c41fec6,data/external/include_pose/INCLUDE/Pose_Signs/Greetings/49. How are you/MVI_0033.pkl,data/processed/landmarks/include/HOW_ARE_YOU/b83f5c41fec6.npz,81,0.0,0.0,0.9259,1.0,,test
834ed6daa9c6,HOW_ARE_YOU,include,video,,include:clip:834ed6daa9c6,data/external/include_pose/INCLUDE/Pose_Signs/Greetings/49. How are you/MVI_9959.pkl,data/processed/landmarks/include/HOW_ARE_YOU/834ed6daa9c6.npz,89,0.0,0.0,0.9775,1.0,,test
67d31b05372b,HOW_ARE_YOU,include,video,,include:clip:67d31b05372b,data/external/include_pose/INCLUDE/Pose_Signs/Greetings/49. How are you/MVI_0041.pkl,data/processed/landmarks/include/HOW_ARE_YOU/67d31b05372b.npz,71,0.0,0.0,0.9718,1.0,,test
c5cdc0d7cf9f,HOW_ARE_YOU,include,video,,include:clip:c5cdc0d7cf9f,data/external/include_pose/INCLUDE/Pose_Signs/Greetings/49. How are you/MVI_9920.pkl,data/processed/landmarks/include/HOW_ARE_YOU/c5cdc0d7cf9f.npz,70,0.0,0.0,1.0,1.0,,test
6a26da4347cd,ALRIGHT,include,video,,include:clip:6a26da4347cd,data/external/include_pose/INCLUDE/Pose_Signs/Greetings/50. Alright/MVI_9989.pkl,data/processed/landmarks/include/ALRIGHT/6a26da4347cd.npz,60,0.0,0.0,0.9833,1.0,,test
ac0d7992f5c9,ALRIGHT,include,video,,include:clip:ac0d7992f5c9,data/external/include_pose/INCLUDE/Pose_Signs/Greetings/50. Alright/MVI_9924.pkl,data/processed/landmarks/include/ALRIGHT/ac0d7992f5c9.npz,55,0.0,0.0,0.9818,1.0,,test
3f5de190787c,ALRIGHT,include,video,,include:clip:3f5de190787c,data/external/include_pose/INCLUDE/Pose_Signs/Greetings/50. Alright/MVI_0044.pkl,data/processed/landmarks/include/ALRIGHT/3f5de190787c.npz,58,0.0,0.0,0.931,1.0,,test
1bbe3d440a2c,ALRIGHT,include,video,,include:clip:1bbe3d440a2c,data/external/include_pose/INCLUDE/Pose_Signs/Greetings/50. Alright/MVI_0045.pkl,data/processed/landmarks/include/ALRIGHT/1bbe3d440a2c.npz,63,0.0,0.0,0.9206,1.0,,test
33d79dba9e42,GOOD_MORNING,include,video,,include:clip:33d79dba9e42,data/external/include_pose/INCLUDE/Pose_Signs/Greetings/51. Good Morning/MVI_9934.pkl,data/processed/landmarks/include/GOOD_MORNING/33d79dba9e42.npz,56,0.0,0.0,1.0,1.0,,test
e53856c003f6,GOOD_MORNING,include,video,,include:clip:e53856c003f6,data/external/include_pose/INCLUDE/Pose_Signs/Greetings/51. Good Morning/MVI_0043.pkl,data/processed/landmarks/include/GOOD_MORNING/e53856c003f6.npz,83,0.0,0.0,1.0,1.0,,test
24f452634e87,GOOD_MORNING,include,video,,include:clip:24f452634e87,data/external/include_pose/INCLUDE/Pose_Signs/Greetings/51. Good Morning/MVI_9992.pkl,data/processed/landmarks/include/GOOD_MORNING/24f452634e87.npz,58,0.0,0.0,1.0,1.0,,test
71839094ec56,GOOD_MORNING,include,video,,include:clip:71839094ec56,data/external/include_pose/INCLUDE/Pose_Signs/Greetings/51. Good Morning/MVI_0099.pkl,data/processed/landmarks/include/GOOD_MORNING/71839094ec56.npz,66,0.0,0.0,1.0,1.0,,test
e108aaa731fd,GOOD_AFTERNOON,include,video,,include:clip:e108aaa731fd,data/external/include_pose/INCLUDE/Pose_Signs/Greetings/52. Good afternoon/MVI_0050_ (1).pkl,data/processed/landmarks/include/GOOD_AFTERNOON/e108aaa731fd.npz,87,0.0,0.0,1.0,1.0,,test
b4e155d12e97,GOOD_AFTERNOON,include,video,,include:clip:b4e155d12e97,data/external/include_pose/INCLUDE/Pose_Signs/Greetings/52. Good afternoon/MVI_9938.pkl,data/processed/landmarks/include/GOOD_AFTERNOON/b4e155d12e97.npz,51,0.0,0.0,1.0,1.0,,test
ecf774ef020c,GOOD_AFTERNOON,include,video,,include:clip:ecf774ef020c,data/external/include_pose/INCLUDE/Pose_Signs/Greetings/52. Good afternoon/MVI_0050_ (2).pkl,data/processed/landmarks/include/GOOD_AFTERNOON/ecf774ef020c.npz,90,0.0,0.0,1.0,1.0,,test
1225b0ae8498,GOOD_AFTERNOON,include,video,,include:clip:1225b0ae8498,data/external/include_pose/INCLUDE/Pose_Signs/Greetings/52. Good afternoon/MVI_9972.pkl,data/processed/landmarks/include/GOOD_AFTERNOON/1225b0ae8498.npz,63,0.0,0.0,1.0,1.0,,test
8cec7a094f74,GOOD_AFTERNOON,include,video,,include:clip:8cec7a094f74,data/external/include_pose/INCLUDE/Pose_Signs/Greetings/52. Good afternoon/MVI_9994.pkl,data/processed/landmarks/include/GOOD_AFTERNOON/8cec7a094f74.npz,55,0.0,0.0,1.0,1.0,,test
501ed98de64f,GOOD_AFTERNOON,include,video,,include:clip:501ed98de64f,data/external/include_pose/INCLUDE/Pose_Signs/Greetings/52. Good afternoon/MVI_0051.pkl,data/processed/landmarks/include/GOOD_AFTERNOON/501ed98de64f.npz,56,0.0,0.0,0.9821,1.0,,test
da18c78ee0b7,GOOD_EVENING,include,video,,include:clip:da18c78ee0b7,data/external/include_pose/INCLUDE/Pose_Signs/Greetings/53. Good evening/MVI_0052.pkl,data/processed/landmarks/include/GOOD_EVENING/da18c78ee0b7.npz,53,0.0,0.0,1.0,1.0,,test
975893d74aff,GOOD_EVENING,include,video,,include:clip:975893d74aff,data/external/include_pose/INCLUDE/Pose_Signs/Greetings/53. Good evening/MVI_005_4 (2).pkl,data/processed/landmarks/include/GOOD_EVENING/975893d74aff.npz,89,0.0,0.0,1.0,1.0,,test
3dbcfa577f1a,GOOD_EVENING,include,video,,include:clip:3dbcfa577f1a,data/external/include_pose/INCLUDE/Pose_Signs/Greetings/53. Good evening/MVI_005_4 (3).pkl,data/processed/landmarks/include/GOOD_EVENING/3dbcfa577f1a.npz,95,0.0,0.0,1.0,1.0,,test
772c933f1773,GOOD_EVENING,include,video,,include:clip:772c933f1773,data/external/include_pose/INCLUDE/Pose_Signs/Greetings/53. Good evening/MVI_0105.pkl,data/processed/landmarks/include/GOOD_EVENING/772c933f1773.npz,71,0.0,0.0,1.0,1.0,,test
4d90b8c71ec5,GOOD_EVENING,include,video,,include:clip:4d90b8c71ec5,data/external/include_pose/INCLUDE/Pose_Signs/Greetings/53. Good evening/MVI_005_4 (1).pkl,data/processed/landmarks/include/GOOD_EVENING/4d90b8c71ec5.npz,84,0.0,0.0,1.0,1.0,,test
194e6c17c88e,GOOD_EVENING,include,video,,include:clip:194e6c17c88e,data/external/include_pose/INCLUDE/Pose_Signs/Greetings/53. Good evening/MVI_9976.pkl,data/processed/landmarks/include/GOOD_EVENING/194e6c17c88e.npz,79,0.0,0.0,1.0,1.0,,test
307033c4213a,GOOD_EVENING,include,video,,include:clip:307033c4213a,data/external/include_pose/INCLUDE/Pose_Signs/Greetings/53. Good evening/MVI_9941.pkl,data/processed/landmarks/include/GOOD_EVENING/307033c4213a.npz,60,0.0,0.0,1.0,1.0,,test
e181c56c64c9,GOOD_NIGHT,include,video,,include:clip:e181c56c64c9,data/external/include_pose/INCLUDE/Pose_Signs/Greetings/54. Good night/MVI_9946.pkl,data/processed/landmarks/include/GOOD_NIGHT/e181c56c64c9.npz,56,0.0,0.0,1.0,1.0,,test
7f6b72168efe,GOOD_NIGHT,include,video,,include:clip:7f6b72168efe,data/external/include_pose/INCLUDE/Pose_Signs/Greetings/54. Good night/MVI_0108.pkl,data/processed/landmarks/include/GOOD_NIGHT/7f6b72168efe.npz,72,0.0,0.0,1.0,1.0,,test
ef4ba5f32cc7,GOOD_NIGHT,include,video,,include:clip:ef4ba5f32cc7,data/external/include_pose/INCLUDE/Pose_Signs/Greetings/54. Good night/MVI_9981.pkl,data/processed/landmarks/include/GOOD_NIGHT/ef4ba5f32cc7.npz,67,0.0,0.0,1.0,1.0,,test
8afd438e2284,GOOD_NIGHT,include,video,,include:clip:8afd438e2284,data/external/include_pose/INCLUDE/Pose_Signs/Greetings/54. Good night/MVI_9947.pkl,data/processed/landmarks/include/GOOD_NIGHT/8afd438e2284.npz,59,0.0,0.0,1.0,1.0,,test
e7e2b57802e1,THANK_YOU,include,video,,include:clip:e7e2b57802e1,data/external/include_pose/INCLUDE/Pose_Signs/Greetings/55. Thank you/MVI_9948.pkl,data/processed/landmarks/include/THANK_YOU/e7e2b57802e1.npz,53,0.0,0.0,0.9245,1.0,,test
c619b4c354ca,THANK_YOU,include,video,,include:clip:c619b4c354ca,data/external/include_pose/INCLUDE/Pose_Signs/Greetings/55. Thank you/MVI_0111.pkl,data/processed/landmarks/include/THANK_YOU/c619b4c354ca.npz,62,0.0,0.0,0.9194,1.0,,test
8a48bb2dd12b,THANK_YOU,include,video,,include:clip:8a48bb2dd12b,data/external/include_pose/INCLUDE/Pose_Signs/Greetings/55. Thank you/MVI_0060.pkl,data/processed/landmarks/include/THANK_YOU/8a48bb2dd12b.npz,56,0.0,0.0,0.9643,1.0,,test
6dfbe8c2527f,THANK_YOU,include,video,,include:clip:6dfbe8c2527f,data/external/include_pose/INCLUDE/Pose_Signs/Greetings/55. Thank you/MVI_0059.pkl,data/processed/landmarks/include/THANK_YOU/6dfbe8c2527f.npz,56,0.0,0.0,0.9464,1.0,,test
562f0e4f201b,PLEASED,include,video,,include:clip:562f0e4f201b,data/external/include_pose/INCLUDE/Pose_Signs/Greetings/56. Pleased/MVI_0009.pkl,data/processed/landmarks/include/PLEASED/562f0e4f201b.npz,56,0.0,0.0,1.0,1.0,,test
d11eacc49eb2,PLEASED,include,video,,include:clip:d11eacc49eb2,data/external/include_pose/INCLUDE/Pose_Signs/Greetings/56. Pleased/MVI_9954.pkl,data/processed/landmarks/include/PLEASED/d11eacc49eb2.npz,46,0.0,0.0,1.0,1.0,,test
8a386f7015f3,PLEASED,include,video,,include:clip:8a386f7015f3,data/external/include_pose/INCLUDE/Pose_Signs/Greetings/56. Pleased/MVI_0061.pkl,data/processed/landmarks/include/PLEASED/8a386f7015f3.npz,55,0.0,0.0,1.0,1.0,,test
ca9f37fe7528,PLEASED,include,video,,include:clip:ca9f37fe7528,data/external/include_pose/INCLUDE/Pose_Signs/Greetings/56. Pleased/MVI_9991.pkl,data/processed/landmarks/include/PLEASED/ca9f37fe7528.npz,67,0.0,0.0,1.0,1.0,,test
bbb4672973da,TABLE,include,video,,include:clip:bbb4672973da,data/external/include_pose/INCLUDE/Pose_Signs/Home/24. Table/MVI_8753.pkl,data/processed/landmarks/include/TABLE/bbb4672973da.npz,51,0.0,0.0,0.5098,1.0,,test
894435f13b6d,TABLE,include,video,,include:clip:894435f13b6d,data/external/include_pose/INCLUDE/Pose_Signs/Home/24. Table/MVI_4344.pkl,data/processed/landmarks/include/TABLE/894435f13b6d.npz,55,0.0,0.0,0.9818,1.0,,test
5279298e1fba,TABLE,include,video,,include:clip:5279298e1fba,data/external/include_pose/INCLUDE/Pose_Signs/Home/24. Table/MVI_4346.pkl,data/processed/landmarks/include/TABLE/5279298e1fba.npz,49,0.0,0.0,0.9796,1.0,,test
2e1f77bbc40a,CHAIR,include,video,,include:clip:2e1f77bbc40a,data/external/include_pose/INCLUDE/Pose_Signs/Home/25. Chair/MVI_9006.pkl,data/processed/landmarks/include/CHAIR/2e1f77bbc40a.npz,61,0.0,0.0,0.918,1.0,,test
99d1f367d71e,CHAIR,include,video,,include:clip:99d1f367d71e,data/external/include_pose/INCLUDE/Pose_Signs/Home/25. Chair/MVI_9005.pkl,data/processed/landmarks/include/CHAIR/99d1f367d71e.npz,47,0.0,0.0,0.8936,1.0,,test
713da5ce2e9f,CHAIR,include,video,,include:clip:713da5ce2e9f,data/external/include_pose/INCLUDE/Pose_Signs/Home/25. Chair/MVI_4351.pkl,data/processed/landmarks/include/CHAIR/713da5ce2e9f.npz,44,0.0,0.0,0.9773,1.0,,test
f28a935bab72,BED,include,video,,include:clip:f28a935bab72,data/external/include_pose/INCLUDE/Pose_Signs/Home/26. Bed/MVI_4354.pkl,data/processed/landmarks/include/BED/f28a935bab72.npz,58,0.0,0.0,1.0,1.0,,test
b8839f17535b,BED,include,video,,include:clip:b8839f17535b,data/external/include_pose/INCLUDE/Pose_Signs/Home/26. Bed/MVI_4355.pkl,data/processed/landmarks/include/BED/b8839f17535b.npz,59,0.0,0.0,1.0,1.0,,test
745e32e314e2,BED,include,video,,include:clip:745e32e314e2,data/external/include_pose/INCLUDE/Pose_Signs/Home/26. Bed/MVI_4875.pkl,data/processed/landmarks/include/BED/745e32e314e2.npz,58,0.0,0.0,1.0,1.0,,test
5c45ab5e4875,DREAM,include,video,,include:clip:5c45ab5e4875,data/external/include_pose/INCLUDE/Pose_Signs/Home/27. Dream/MVI_9010.pkl,data/processed/landmarks/include/DREAM/5c45ab5e4875.npz,77,0.0,0.0,0.9481,1.0,,test
aefc2b76190d,DREAM,include,video,,include:clip:aefc2b76190d,data/external/include_pose/INCLUDE/Pose_Signs/Home/27. Dream/MVI_9012.pkl,data/processed/landmarks/include/DREAM/aefc2b76190d.npz,85,0.0,0.0,0.9529,1.0,,test
a2a1b234ffa5,DREAM,include,video,,include:clip:a2a1b234ffa5,data/external/include_pose/INCLUDE/Pose_Signs/Home/27. Dream/MVI_4879.pkl,data/processed/landmarks/include/DREAM/a2a1b234ffa5.npz,76,0.0,0.0,0.9605,1.0,,test
d54edc2c36de,WINDOW,include,video,,include:clip:d54edc2c36de,data/external/include_pose/INCLUDE/Pose_Signs/Home/28. Window/MVI_4362.pkl,data/processed/landmarks/include/WINDOW/d54edc2c36de.npz,84,0.0,0.0,0.9286,1.0,,test
822fec50205c,WINDOW,include,video,,include:clip:822fec50205c,data/external/include_pose/INCLUDE/Pose_Signs/Home/28. Window/MVI_4364.pkl,data/processed/landmarks/include/WINDOW/822fec50205c.npz,87,0.0,0.0,0.954,1.0,,test
18a82262a9f9,WINDOW,include,video,,include:clip:18a82262a9f9,data/external/include_pose/INCLUDE/Pose_Signs/Home/28. Window/MVI_4883.pkl,data/processed/landmarks/include/WINDOW/18a82262a9f9.npz,66,0.0,0.0,0.8788,1.0,,test
bfc8097e44ee,DOOR,include,video,,include:clip:bfc8097e44ee,data/external/include_pose/INCLUDE/Pose_Signs/Home/29. Door/MVI_4369.pkl,data/processed/landmarks/include/DOOR/bfc8097e44ee.npz,57,0.0,0.0,1.0,1.0,,test
6d4c783b4789,DOOR,include,video,,include:clip:6d4c783b4789,data/external/include_pose/INCLUDE/Pose_Signs/Home/29. Door/MVI_4886.pkl,data/processed/landmarks/include/DOOR/6d4c783b4789.npz,50,0.0,0.0,1.0,1.0,,test
01bf8616ba09,DOOR,include,video,,include:clip:01bf8616ba09,data/external/include_pose/INCLUDE/Pose_Signs/Home/29. Door/MVI_8770.pkl,data/processed/landmarks/include/DOOR/01bf8616ba09.npz,76,0.0,0.0,0.4342,1.0,low_hand_detection,test
61d2ff3ef32d,BEDROOM,include,video,,include:clip:61d2ff3ef32d,data/external/include_pose/INCLUDE/Pose_Signs/Home/30. Bedroom/MVI_8777.pkl,data/processed/landmarks/include/BEDROOM/61d2ff3ef32d.npz,102,0.0,0.0,0.8529,1.0,,test
d37ed9b7c7b4,BEDROOM,include,video,,include:clip:d37ed9b7c7b4,data/external/include_pose/INCLUDE/Pose_Signs/Home/30. Bedroom/MVI_9021.pkl,data/processed/landmarks/include/BEDROOM/d37ed9b7c7b4.npz,104,0.0,0.0,0.9327,1.0,,test
6ac2897f4ab3,BEDROOM,include,video,,include:clip:6ac2897f4ab3,data/external/include_pose/INCLUDE/Pose_Signs/Home/30. Bedroom/MVI_4372.pkl,data/processed/landmarks/include/BEDROOM/6ac2897f4ab3.npz,94,0.0,0.0,0.9894,1.0,,test
60e5926eee09,KITCHEN,include,video,,include:clip:60e5926eee09,data/external/include_pose/INCLUDE/Pose_Signs/Home/31. Kitchen/MVI_4374.pkl,data/processed/landmarks/include/KITCHEN/60e5926eee09.npz,62,0.0,0.0,0.9677,1.0,,test
d0ce89bdfd03,KITCHEN,include,video,,include:clip:d0ce89bdfd03,data/external/include_pose/INCLUDE/Pose_Signs/Home/31. Kitchen/MVI_9024.pkl,data/processed/landmarks/include/KITCHEN/d0ce89bdfd03.npz,75,0.0,0.0,0.96,1.0,,test
b35fb348beff,KITCHEN,include,video,,include:clip:b35fb348beff,data/external/include_pose/INCLUDE/Pose_Signs/Home/31. Kitchen/MVI_4899.pkl,data/processed/landmarks/include/KITCHEN/b35fb348beff.npz,69,0.0,0.0,0.9565,1.0,,test
599977d4ba3f,BATHROOM,include,video,,include:clip:599977d4ba3f,data/external/include_pose/INCLUDE/Pose_Signs/Home/32. Bathroom/MVI_4378.pkl,data/processed/landmarks/include/BATHROOM/599977d4ba3f.npz,60,0.0,0.0,0.9667,1.0,,test
6aa03d4d7385,BATHROOM,include,video,,include:clip:6aa03d4d7385,data/external/include_pose/INCLUDE/Pose_Signs/Home/32. Bathroom/MVI_9027.pkl,data/processed/landmarks/include/BATHROOM/6aa03d4d7385.npz,78,0.0,0.0,0.9872,1.0,,test
10525c154c76,BATHROOM,include,video,,include:clip:10525c154c76,data/external/include_pose/INCLUDE/Pose_Signs/Home/32. Bathroom/MVI_4901.pkl,data/processed/landmarks/include/BATHROOM/10525c154c76.npz,60,0.0,0.0,0.9333,1.0,,test
c7c326cb6e0f,PENCIL,include,video,,include:clip:c7c326cb6e0f,data/external/include_pose/INCLUDE/Pose_Signs/Home/33. Pencil/MVI_4904.pkl,data/processed/landmarks/include/PENCIL/c7c326cb6e0f.npz,53,0.0,0.0,1.0,1.0,,test
35cf3a4f6c29,PENCIL,include,video,,include:clip:35cf3a4f6c29,data/external/include_pose/INCLUDE/Pose_Signs/Home/33. Pencil/MVI_9030.pkl,data/processed/landmarks/include/PENCIL/35cf3a4f6c29.npz,58,0.0,0.0,1.0,1.0,,test
6e0d8695a85f,PENCIL,include,video,,include:clip:6e0d8695a85f,data/external/include_pose/INCLUDE/Pose_Signs/Home/33. Pencil/MVI_4386.pkl,data/processed/landmarks/include/PENCIL/6e0d8695a85f.npz,53,0.0,0.0,1.0,1.0,,test
aea6eacf9537,PEN,include,video,,include:clip:aea6eacf9537,data/external/include_pose/INCLUDE/Pose_Signs/Home/34. Pen/MVI_4907.pkl,data/processed/landmarks/include/PEN/aea6eacf9537.npz,48,0.0,0.0,1.0,1.0,,test
79074380c26c,PEN,include,video,,include:clip:79074380c26c,data/external/include_pose/INCLUDE/Pose_Signs/Home/34. Pen/MVI_9033.pkl,data/processed/landmarks/include/PEN/79074380c26c.npz,68,0.0,0.0,1.0,1.0,,test
e1f89431d05e,PEN,include,video,,include:clip:e1f89431d05e,data/external/include_pose/INCLUDE/Pose_Signs/Home/34. Pen/MVI_8793.pkl,data/processed/landmarks/include/PEN/e1f89431d05e.npz,69,0.0,0.0,0.5072,1.0,,test
30af984af1ea,PHOTOGRAPH,include,video,,include:clip:30af984af1ea,data/external/include_pose/INCLUDE/Pose_Signs/Home/35. Photograph/MVI_8799.pkl,data/processed/landmarks/include/PHOTOGRAPH/30af984af1ea.npz,75,0.0,0.0,0.6133,1.0,,test
f91d73107087,PHOTOGRAPH,include,video,,include:clip:f91d73107087,data/external/include_pose/INCLUDE/Pose_Signs/Home/35. Photograph/MVI_8797.pkl,data/processed/landmarks/include/PHOTOGRAPH/f91d73107087.npz,82,0.0,0.0,0.7805,1.0,,test
1ffa12987dd1,PHOTOGRAPH,include,video,,include:clip:1ffa12987dd1,data/external/include_pose/INCLUDE/Pose_Signs/Home/35. Photograph/MVI_4910.pkl,data/processed/landmarks/include/PHOTOGRAPH/1ffa12987dd1.npz,58,0.0,0.0,0.8966,1.0,,test
05c737abf24d,SOAP,include,video,,include:clip:05c737abf24d,data/external/include_pose/INCLUDE/Pose_Signs/Home/36. Soap/MVI_4396.pkl,data/processed/landmarks/include/SOAP/05c737abf24d.npz,50,0.0,0.0,0.98,1.0,,test
94fdafde3d4a,SOAP,include,video,,include:clip:94fdafde3d4a,data/external/include_pose/INCLUDE/Pose_Signs/Home/36. Soap/MVI_8800.pkl,data/processed/landmarks/include/SOAP/94fdafde3d4a.npz,75,0.0,0.0,0.44,1.0,low_hand_detection,test
32b9b85b25c0,SOAP,include,video,,include:clip:32b9b85b25c0,data/external/include_pose/INCLUDE/Pose_Signs/Home/36. Soap/MVI_4913.pkl,data/processed/landmarks/include/SOAP/32b9b85b25c0.npz,56,0.0,0.0,0.7321,1.0,,test
0d72151fae00,BOOK,include,video,,include:clip:0d72151fae00,data/external/include_pose/INCLUDE/Pose_Signs/Home/37. Book/MVI_4399.pkl,data/processed/landmarks/include/BOOK/0d72151fae00.npz,51,0.0,0.0,0.9216,1.0,,test
53b29b7d46a5,BOOK,include,video,,include:clip:53b29b7d46a5,data/external/include_pose/INCLUDE/Pose_Signs/Home/37. Book/MVI_8805.pkl,data/processed/landmarks/include/BOOK/53b29b7d46a5.npz,74,0.0,0.0,0.5541,1.0,,test
1b6764628b83,BOOK,include,video,,include:clip:1b6764628b83,data/external/include_pose/INCLUDE/Pose_Signs/Home/37. Book/MVI_9042.pkl,data/processed/landmarks/include/BOOK/1b6764628b83.npz,70,0.0,0.0,0.8286,1.0,,test
f89165a0c1ce,PAGE,include,video,,include:clip:f89165a0c1ce,data/external/include_pose/INCLUDE/Pose_Signs/Home/38. Page/MVI_4922.pkl,data/processed/landmarks/include/PAGE/f89165a0c1ce.npz,48,0.0,0.0,1.0,1.0,,test
c7f01f143b22,PAGE,include,video,,include:clip:c7f01f143b22,data/external/include_pose/INCLUDE/Pose_Signs/Home/38. Page/MVI_9047.pkl,data/processed/landmarks/include/PAGE/c7f01f143b22.npz,87,0.0,0.0,0.954,1.0,,test
428dbb795701,PAGE,include,video,,include:clip:428dbb795701,data/external/include_pose/INCLUDE/Pose_Signs/Home/38. Page/MVI_4403.pkl,data/processed/landmarks/include/PAGE/428dbb795701.npz,80,0.0,0.0,1.0,1.0,,test
56209ba1a465,KEY,include,video,,include:clip:56209ba1a465,data/external/include_pose/INCLUDE/Pose_Signs/Home/39. Key/MVI_4409.pkl,data/processed/landmarks/include/KEY/56209ba1a465.npz,52,0.0,0.0,1.0,1.0,,test
3d2f48af4ebb,KEY,include,video,,include:clip:3d2f48af4ebb,data/external/include_pose/INCLUDE/Pose_Signs/Home/39. Key/MVI_4925.pkl,data/processed/landmarks/include/KEY/3d2f48af4ebb.npz,56,0.0,0.0,0.8571,1.0,,test
b6080857b67b,KEY,include,video,,include:clip:b6080857b67b,data/external/include_pose/INCLUDE/Pose_Signs/Home/39. Key/MVI_8816.pkl,data/processed/landmarks/include/KEY/b6080857b67b.npz,60,0.0,0.0,0.5167,1.0,,test
5f22ea250e49,PAINT,include,video,,include:clip:5f22ea250e49,data/external/include_pose/INCLUDE/Pose_Signs/Home/40. Paint/MVI_4413.pkl,data/processed/landmarks/include/PAINT/5f22ea250e49.npz,54,0.0,0.0,0.8519,1.0,,test
66db4e8fe83e,PAINT,include,video,,include:clip:66db4e8fe83e,data/external/include_pose/INCLUDE/Pose_Signs/Home/40. Paint/MVI_9052.pkl,data/processed/landmarks/include/PAINT/66db4e8fe83e.npz,68,0.0,0.0,0.8676,1.0,,test
9054cf75f75f,PAINT,include,video,,include:clip:9054cf75f75f,data/external/include_pose/INCLUDE/Pose_Signs/Home/40. Paint/MVI_4926.pkl,data/processed/landmarks/include/PAINT/9054cf75f75f.npz,64,0.0,0.0,0.8594,1.0,,test
c88a994671fd,LETTER,include,video,,include:clip:c88a994671fd,data/external/include_pose/INCLUDE/Pose_Signs/Home/41. Letter/MVI_4931.pkl,data/processed/landmarks/include/LETTER/c88a994671fd.npz,58,0.0,0.0,0.9483,1.0,,test
62da9d23ed56,LETTER,include,video,,include:clip:62da9d23ed56,data/external/include_pose/INCLUDE/Pose_Signs/Home/41. Letter/MVI_8823.pkl,data/processed/landmarks/include/LETTER/62da9d23ed56.npz,80,0.0,0.0,0.6625,1.0,,test
e67bcec0b2ef,LETTER,include,video,,include:clip:e67bcec0b2ef,data/external/include_pose/INCLUDE/Pose_Signs/Home/41. Letter/MVI_4417.pkl,data/processed/landmarks/include/LETTER/e67bcec0b2ef.npz,63,0.0,0.0,0.9683,1.0,,test
a7fa47f9c441,PAPER,include,video,,include:clip:a7fa47f9c441,data/external/include_pose/INCLUDE/Pose_Signs/Home/42. Paper/MVI_4422.pkl,data/processed/landmarks/include/PAPER/a7fa47f9c441.npz,57,0.0,0.0,0.9649,1.0,,test
c250bbe1e2c9,PAPER,include,video,,include:clip:c250bbe1e2c9,data/external/include_pose/INCLUDE/Pose_Signs/Home/42. Paper/MVI_9059.pkl,data/processed/landmarks/include/PAPER/c250bbe1e2c9.npz,73,0.0,0.0,0.9589,1.0,,test
c45068f747d5,PAPER,include,video,,include:clip:c45068f747d5,data/external/include_pose/INCLUDE/Pose_Signs/Home/42. Paper/MVI_4423.pkl,data/processed/landmarks/include/PAPER/c45068f747d5.npz,50,0.0,0.0,0.98,1.0,,test
87cab62364d1,LOCK,include,video,,include:clip:87cab62364d1,data/external/include_pose/INCLUDE/Pose_Signs/Home/43. Lock/MVI_4935.pkl,data/processed/landmarks/include/LOCK/87cab62364d1.npz,51,0.0,0.0,0.8824,1.0,,test
7e7331d6fbd4,LOCK,include,video,,include:clip:7e7331d6fbd4,data/external/include_pose/INCLUDE/Pose_Signs/Home/43. Lock/MVI_8832.pkl,data/processed/landmarks/include/LOCK/7e7331d6fbd4.npz,61,0.0,0.0,0.6885,1.0,,test
93c4dce08d53,LOCK,include,video,,include:clip:93c4dce08d53,data/external/include_pose/INCLUDE/Pose_Signs/Home/43. Lock/MVI_4427.pkl,data/processed/landmarks/include/LOCK/93c4dce08d53.npz,52,0.0,0.0,0.9038,1.0,,test
f946971fa710,TELEPHONE,include,video,,include:clip:f946971fa710,data/external/include_pose/INCLUDE/Pose_Signs/Home/44. Telephone/MVI_8834.pkl,data/processed/landmarks/include/TELEPHONE/f946971fa710.npz,60,0.0,0.0,0.85,1.0,,test
8b89fd42c04a,TELEPHONE,include,video,,include:clip:8b89fd42c04a,data/external/include_pose/INCLUDE/Pose_Signs/Home/44. Telephone/MVI_4428.pkl,data/processed/landmarks/include/TELEPHONE/8b89fd42c04a.npz,41,0.0,0.0,1.0,1.0,,test
38b5934bc3f1,TELEPHONE,include,video,,include:clip:38b5934bc3f1,data/external/include_pose/INCLUDE/Pose_Signs/Home/44. Telephone/MVI_4431.pkl,data/processed/landmarks/include/TELEPHONE/38b5934bc3f1.npz,46,0.0,0.0,1.0,1.0,,test
f737d259bf3f,BAG,include,video,,include:clip:f737d259bf3f,data/external/include_pose/INCLUDE/Pose_Signs/Home/45. Bag/MVI_4434.pkl,data/processed/landmarks/include/BAG/f737d259bf3f.npz,47,0.0,0.0,0.9787,1.0,,test
0ad8443c4864,BAG,include,video,,include:clip:0ad8443c4864,data/external/include_pose/INCLUDE/Pose_Signs/Home/45. Bag/MVI_4943.pkl,data/processed/landmarks/include/BAG/0ad8443c4864.npz,63,0.0,0.0,0.8571,1.0,,test
b1e9e0ace463,BAG,include,video,,include:clip:b1e9e0ace463,data/external/include_pose/INCLUDE/Pose_Signs/Home/45. Bag/MVI_8841.pkl,data/processed/landmarks/include/BAG/b1e9e0ace463.npz,65,0.0,0.0,0.6923,1.0,,test
8319366235e7,BOX,include,video,,include:clip:8319366235e7,data/external/include_pose/INCLUDE/Pose_Signs/Home/46. Box/MVI_9077.pkl,data/processed/landmarks/include/BOX/8319366235e7.npz,103,0.0,0.0,0.932,1.0,,test
244a43e3c5a9,BOX,include,video,,include:clip:244a43e3c5a9,data/external/include_pose/INCLUDE/Pose_Signs/Home/46. Box/MVI_9076.pkl,data/processed/landmarks/include/BOX/244a43e3c5a9.npz,90,0.0,0.0,0.8667,1.0,,test
8216c28fb094,BOX,include,video,,include:clip:8216c28fb094,data/external/include_pose/INCLUDE/Pose_Signs/Home/46. Box/MVI_4439.pkl,data/processed/landmarks/include/BOX/8216c28fb094.npz,73,0.0,0.0,0.9863,1.0,,test
5b3d2a8d2e2f,GIFT,include,video,,include:clip:5b3d2a8d2e2f,data/external/include_pose/INCLUDE/Pose_Signs/Home/47. Gift/MVI_4442.pkl,data/processed/landmarks/include/GIFT/5b3d2a8d2e2f.npz,46,0.0,0.0,1.0,1.0,,test
942de1a1c7b6,GIFT,include,video,,include:clip:942de1a1c7b6,data/external/include_pose/INCLUDE/Pose_Signs/Home/47. Gift/MVI_8846.pkl,data/processed/landmarks/include/GIFT/942de1a1c7b6.npz,65,0.0,0.0,0.6923,1.0,,test
c1c4b9453681,GIFT,include,video,,include:clip:c1c4b9453681,data/external/include_pose/INCLUDE/Pose_Signs/Home/47. Gift/MVI_9080.pkl,data/processed/landmarks/include/GIFT/c1c4b9453681.npz,61,0.0,0.0,0.8852,1.0,,test
707117cd698a,CARD,include,video,,include:clip:707117cd698a,data/external/include_pose/INCLUDE/Pose_Signs/Home/48. Card/MVI_4447.pkl,data/processed/landmarks/include/CARD/707117cd698a.npz,62,0.0,0.0,0.9839,1.0,,test
f6468f40005c,CARD,include,video,,include:clip:f6468f40005c,data/external/include_pose/INCLUDE/Pose_Signs/Home/48. Card/MVI_8852.pkl,data/processed/landmarks/include/CARD/f6468f40005c.npz,88,0.0,0.0,0.8977,1.0,,test
4b851b5c1f38,CARD,include,video,,include:clip:4b851b5c1f38,data/external/include_pose/INCLUDE/Pose_Signs/Home/48. Card/MVI_4448.pkl,data/processed/landmarks/include/CARD/4b851b5c1f38.npz,62,0.0,0.0,0.9355,1.0,,test
956d8c857a94,RING,include,video,,include:clip:956d8c857a94,data/external/include_pose/INCLUDE/Pose_Signs/Home/49. Ring/MVI_4452.pkl,data/processed/landmarks/include/RING/956d8c857a94.npz,51,0.0,0.0,0.9216,1.0,,test
27bfce7ca150,RING,include,video,,include:clip:27bfce7ca150,data/external/include_pose/INCLUDE/Pose_Signs/Home/49. Ring/MVI_8857.pkl,data/processed/landmarks/include/RING/27bfce7ca150.npz,82,0.0,0.0,0.5122,1.0,,test
c4767b71d89c,RING,include,video,,include:clip:c4767b71d89c,data/external/include_pose/INCLUDE/Pose_Signs/Home/49. Ring/MVI_8858.pkl,data/processed/landmarks/include/RING/c4767b71d89c.npz,70,0.0,0.0,0.5429,1.0,,test
f3c8bc674a83,TOOL,include,video,,include:clip:f3c8bc674a83,data/external/include_pose/INCLUDE/Pose_Signs/Home/50. Tool/MVI_4456.pkl,data/processed/landmarks/include/TOOL/f3c8bc674a83.npz,64,0.0,0.0,0.9531,1.0,,test
b33fe9b06be5,TOOL,include,video,,include:clip:b33fe9b06be5,data/external/include_pose/INCLUDE/Pose_Signs/Home/50. Tool/MVI_9089.pkl,data/processed/landmarks/include/TOOL/b33fe9b06be5.npz,70,0.0,0.0,0.9429,1.0,,test
4e70cf85d51e,TOOL,include,video,,include:clip:4e70cf85d51e,data/external/include_pose/INCLUDE/Pose_Signs/Home/50. Tool/MVI_8863.pkl,data/processed/landmarks/include/TOOL/4e70cf85d51e.npz,86,0.0,0.0,0.6744,1.0,,test
2d2d3826ce32,TEACHER,include,video,,include:clip:2d2d3826ce32,data/external/include_pose/INCLUDE/Pose_Signs/Jobs/84. Teacher/MVI_5313.pkl,data/processed/landmarks/include/TEACHER/2d2d3826ce32.npz,55,0.0,0.0,0.9818,1.0,,test
28214c5a668d,TEACHER,include,video,,include:clip:28214c5a668d,data/external/include_pose/INCLUDE/Pose_Signs/Jobs/84. Teacher/MVI_8866.pkl,data/processed/landmarks/include/TEACHER/28214c5a668d.npz,61,0.0,0.0,0.9508,1.0,,test
2d945da314b7,TEACHER,include,video,,include:clip:2d945da314b7,data/external/include_pose/INCLUDE/Pose_Signs/Jobs/84. Teacher/MVI_5310.pkl,data/processed/landmarks/include/TEACHER/2d945da314b7.npz,61,0.0,0.0,1.0,1.0,,test
5ee8cb69d097,STUDENT,include,video,,include:clip:5ee8cb69d097,data/external/include_pose/INCLUDE/Pose_Signs/Jobs/85. Student/MVI_8868.pkl,data/processed/landmarks/include/STUDENT/5ee8cb69d097.npz,68,0.0,0.0,0.8971,1.0,,test
217cd5c7a72c,STUDENT,include,video,,include:clip:217cd5c7a72c,data/external/include_pose/INCLUDE/Pose_Signs/Jobs/85. Student/MVI_5315.pkl,data/processed/landmarks/include/STUDENT/217cd5c7a72c.npz,58,0.0,0.0,0.9655,1.0,,test
d14dcdf2e0fd,STUDENT,include,video,,include:clip:d14dcdf2e0fd,data/external/include_pose/INCLUDE/Pose_Signs/Jobs/85. Student/MVI_4463.pkl,data/processed/landmarks/include/STUDENT/d14dcdf2e0fd.npz,78,0.0,0.0,0.8718,1.0,,test
788cccd84194,LAWYER,include,video,,include:clip:788cccd84194,data/external/include_pose/INCLUDE/Pose_Signs/Jobs/86. Lawyer/MVI_4466.pkl,data/processed/landmarks/include/LAWYER/788cccd84194.npz,68,0.0,0.0,0.8529,1.0,,test
b67d81c92116,LAWYER,include,video,,include:clip:b67d81c92116,data/external/include_pose/INCLUDE/Pose_Signs/Jobs/86. Lawyer/MVI_8871.pkl,data/processed/landmarks/include/LAWYER/b67d81c92116.npz,62,0.0,0.0,0.9355,1.0,,test
8ccd63fa5e8d,LAWYER,include,video,,include:clip:8ccd63fa5e8d,data/external/include_pose/INCLUDE/Pose_Signs/Jobs/86. Lawyer/MVI_5319.pkl,data/processed/landmarks/include/LAWYER/8ccd63fa5e8d.npz,48,0.0,0.0,0.9792,1.0,,test
9169726533ae,DOCTOR,include,video,,include:clip:9169726533ae,data/external/include_pose/INCLUDE/Pose_Signs/Jobs/87. Doctor/MVI_4471.pkl,data/processed/landmarks/include/DOCTOR/9169726533ae.npz,68,0.0,0.0,0.8529,1.0,,test
efedd31158f3,DOCTOR,include,video,,include:clip:efedd31158f3,data/external/include_pose/INCLUDE/Pose_Signs/Jobs/87. Doctor/MVI_8875.pkl,data/processed/landmarks/include/DOCTOR/efedd31158f3.npz,58,0.0,0.0,0.9483,1.0,,test
c2dbefbff405,DOCTOR,include,video,,include:clip:c2dbefbff405,data/external/include_pose/INCLUDE/Pose_Signs/Jobs/87. Doctor/MVI_5323.pkl,data/processed/landmarks/include/DOCTOR/c2dbefbff405.npz,51,0.0,0.0,0.9804,1.0,,test
8f204e7367e9,PATIENT,include,video,,include:clip:8f204e7367e9,data/external/include_pose/INCLUDE/Pose_Signs/Jobs/88. Patient/MVI_8878.pkl,data/processed/landmarks/include/PATIENT/8f204e7367e9.npz,67,0.0,0.0,1.0,1.0,,test
d60c102a5b19,PATIENT,include,video,,include:clip:d60c102a5b19,data/external/include_pose/INCLUDE/Pose_Signs/Jobs/88. Patient/MVI_5326.pkl,data/processed/landmarks/include/PATIENT/d60c102a5b19.npz,55,0.0,0.0,0.9636,1.0,,test
ce4089b1c96d,PATIENT,include,video,,include:clip:ce4089b1c96d,data/external/include_pose/INCLUDE/Pose_Signs/Jobs/88. Patient/MVI_4758.pkl,data/processed/landmarks/include/PATIENT/ce4089b1c96d.npz,70,0.0,0.0,1.0,1.0,,test
bd9b26912d5d,WAITER,include,video,,include:clip:bd9b26912d5d,data/external/include_pose/INCLUDE/Pose_Signs/Jobs/89. Waiter/MVI_5333.pkl,data/processed/landmarks/include/WAITER/bd9b26912d5d.npz,60,0.0,0.0,1.0,1.0,,test
549687745c63,WAITER,include,video,,include:clip:549687745c63,data/external/include_pose/INCLUDE/Pose_Signs/Jobs/89. Waiter/MVI_4761.pkl,data/processed/landmarks/include/WAITER/549687745c63.npz,72,0.0,0.0,1.0,1.0,,test
dfe61660424a,WAITER,include,video,,include:clip:dfe61660424a,data/external/include_pose/INCLUDE/Pose_Signs/Jobs/89. Waiter/MVI_8883.pkl,data/processed/landmarks/include/WAITER/dfe61660424a.npz,73,0.0,0.0,1.0,1.0,,test
93b20cecdf41,SECRETARY,include,video,,include:clip:93b20cecdf41,data/external/include_pose/INCLUDE/Pose_Signs/Jobs/90. Secretary/MVI_5338.pkl,data/processed/landmarks/include/SECRETARY/93b20cecdf41.npz,59,0.0,0.0,0.9492,1.0,,test
b629cb40e0cd,SECRETARY,include,video,,include:clip:b629cb40e0cd,data/external/include_pose/INCLUDE/Pose_Signs/Jobs/90. Secretary/MVI_4768.pkl,data/processed/landmarks/include/SECRETARY/b629cb40e0cd.npz,68,0.0,0.0,0.8676,1.0,,test
30cfa8616eb9,SECRETARY,include,video,,include:clip:30cfa8616eb9,data/external/include_pose/INCLUDE/Pose_Signs/Jobs/90. Secretary/MVI_4482.pkl,data/processed/landmarks/include/SECRETARY/30cfa8616eb9.npz,69,0.0,0.0,0.942,1.0,,test
d0d1e5f2ef61,PRIEST,include,video,,include:clip:d0d1e5f2ef61,data/external/include_pose/INCLUDE/Pose_Signs/Jobs/91. Priest/MVI_4488.pkl,data/processed/landmarks/include/PRIEST/d0d1e5f2ef61.npz,78,0.0,0.0,1.0,1.0,,test
c419469e64be,PRIEST,include,video,,include:clip:c419469e64be,data/external/include_pose/INCLUDE/Pose_Signs/Jobs/91. Priest/MVI_5342.pkl,data/processed/landmarks/include/PRIEST/c419469e64be.npz,53,0.0,0.0,1.0,1.0,,test
503dd2f9d600,PRIEST,include,video,,include:clip:503dd2f9d600,data/external/include_pose/INCLUDE/Pose_Signs/Jobs/91. Priest/MVI_5344.pkl,data/processed/landmarks/include/PRIEST/503dd2f9d600.npz,47,0.0,0.0,1.0,1.0,,test
1b4500a8c147,POLICE,include,video,,include:clip:1b4500a8c147,data/external/include_pose/INCLUDE/Pose_Signs/Jobs/92. Police/MVI_4775.pkl,data/processed/landmarks/include/POLICE/1b4500a8c147.npz,49,0.0,0.0,0.8776,1.0,,test
50624637139f,POLICE,include,video,,include:clip:50624637139f,data/external/include_pose/INCLUDE/Pose_Signs/Jobs/92. Police/MVI_5348.pkl,data/processed/landmarks/include/POLICE/50624637139f.npz,51,0.0,0.0,1.0,1.0,,test
0c8b8581c8c7,POLICE,include,video,,include:clip:0c8b8581c8c7,data/external/include_pose/INCLUDE/Pose_Signs/Jobs/92. Police/MVI_5346.pkl,data/processed/landmarks/include/POLICE/0c8b8581c8c7.npz,52,0.0,0.0,0.9615,1.0,,test
3931d38f67d1,SOLDIER,include,video,,include:clip:3931d38f67d1,data/external/include_pose/INCLUDE/Pose_Signs/Jobs/93. Soldier/MVI_4778.pkl,data/processed/landmarks/include/SOLDIER/3931d38f67d1.npz,57,0.0,0.0,0.9298,1.0,,test
cdf5af9f1e53,SOLDIER,include,video,,include:clip:cdf5af9f1e53,data/external/include_pose/INCLUDE/Pose_Signs/Jobs/93. Soldier/MVI_4496.pkl,data/processed/landmarks/include/SOLDIER/cdf5af9f1e53.npz,54,0.0,0.0,0.7593,1.0,,test
5df1ba337378,SOLDIER,include,video,,include:clip:5df1ba337378,data/external/include_pose/INCLUDE/Pose_Signs/Jobs/93. Soldier/MVI_5353.pkl,data/processed/landmarks/include/SOLDIER/5df1ba337378.npz,42,0.0,0.0,0.9286,1.0,,test
dab0245635a4,ARTIST,include,video,,include:clip:dab0245635a4,data/external/include_pose/INCLUDE/Pose_Signs/Jobs/94. Artist/MVI_4500.pkl,data/processed/landmarks/include/ARTIST/dab0245635a4.npz,69,0.0,0.0,1.0,1.0,,test
b08ba74af3da,ARTIST,include,video,,include:clip:b08ba74af3da,data/external/include_pose/INCLUDE/Pose_Signs/Jobs/94. Artist/MVI_4503.pkl,data/processed/landmarks/include/ARTIST/b08ba74af3da.npz,76,0.0,0.0,0.9868,1.0,,test
2afde59b9c30,ARTIST,include,video,,include:clip:2afde59b9c30,data/external/include_pose/INCLUDE/Pose_Signs/Jobs/94. Artist/MVI_5357.pkl,data/processed/landmarks/include/ARTIST/2afde59b9c30.npz,55,0.0,0.0,1.0,1.0,,test
274c790bc69e,AUTHOR,include,video,,include:clip:274c790bc69e,data/external/include_pose/INCLUDE/Pose_Signs/Jobs/95. Author/MVI_5359.pkl,data/processed/landmarks/include/AUTHOR/274c790bc69e.npz,104,0.0,0.0,0.9615,1.0,,test
724757e0d9d8,AUTHOR,include,video,,include:clip:724757e0d9d8,data/external/include_pose/INCLUDE/Pose_Signs/Jobs/95. Author/MVI_4505.pkl,data/processed/landmarks/include/AUTHOR/724757e0d9d8.npz,128,0.0,0.0,0.9219,1.0,,test
268c5e98e4a8,AUTHOR,include,video,,include:clip:268c5e98e4a8,data/external/include_pose/INCLUDE/Pose_Signs/Jobs/95. Author/MVI_8911.pkl,data/processed/landmarks/include/AUTHOR/268c5e98e4a8.npz,111,0.0,0.0,0.964,1.0,,test
fa2bcb20618f,MANAGER,include,video,,include:clip:fa2bcb20618f,data/external/include_pose/INCLUDE/Pose_Signs/Jobs/96. Manager/MVI_5362.pkl,data/processed/landmarks/include/MANAGER/fa2bcb20618f.npz,97,0.0,0.0,0.9794,1.0,,test
8395c51d024d,MANAGER,include,video,,include:clip:8395c51d024d,data/external/include_pose/INCLUDE/Pose_Signs/Jobs/96. Manager/MVI_5363.pkl,data/processed/landmarks/include/MANAGER/8395c51d024d.npz,93,0.0,0.0,0.9892,1.0,,test
eb4dee25b4c8,MANAGER,include,video,,include:clip:eb4dee25b4c8,data/external/include_pose/INCLUDE/Pose_Signs/Jobs/96. Manager/MVI_8915.pkl,data/processed/landmarks/include/MANAGER/eb4dee25b4c8.npz,75,0.0,0.0,0.9467,1.0,,test
708dc682b7cd,REPORTER,include,video,,include:clip:708dc682b7cd,data/external/include_pose/INCLUDE/Pose_Signs/Jobs/97. Reporter/MVI_5369.pkl,data/processed/landmarks/include/REPORTER/708dc682b7cd.npz,60,0.0,0.0,0.9667,1.0,,test
7d514cb41fe9,REPORTER,include,video,,include:clip:7d514cb41fe9,data/external/include_pose/INCLUDE/Pose_Signs/Jobs/97. Reporter/MVI_5366.pkl,data/processed/landmarks/include/REPORTER/7d514cb41fe9.npz,59,0.0,0.0,1.0,1.0,,test
fd3e4218a8d6,REPORTER,include,video,,include:clip:fd3e4218a8d6,data/external/include_pose/INCLUDE/Pose_Signs/Jobs/97. Reporter/MVI_4790.pkl,data/processed/landmarks/include/REPORTER/fd3e4218a8d6.npz,62,0.0,0.0,0.9516,1.0,,test
6df3ab8011bb,ACTOR,include,video,,include:clip:6df3ab8011bb,data/external/include_pose/INCLUDE/Pose_Signs/Jobs/98. Actor/MVI_5372.pkl,data/processed/landmarks/include/ACTOR/6df3ab8011bb.npz,78,0.0,0.0,0.9359,1.0,,test
6f708d29042a,ACTOR,include,video,,include:clip:6f708d29042a,data/external/include_pose/INCLUDE/Pose_Signs/Jobs/98. Actor/MVI_8922.pkl,data/processed/landmarks/include/ACTOR/6f708d29042a.npz,76,0.0,0.0,0.9605,1.0,,test
01e9fe62c5cd,ACTOR,include,video,,include:clip:01e9fe62c5cd,data/external/include_pose/INCLUDE/Pose_Signs/Jobs/98. Actor/MVI_4792.pkl,data/processed/landmarks/include/ACTOR/01e9fe62c5cd.npz,80,0.0,0.0,0.9875,1.0,,test
edb02deaf950,JOB,include,video,,include:clip:edb02deaf950,data/external/include_pose/INCLUDE/Pose_Signs/Jobs/99. Job/MVI_4794.pkl,data/processed/landmarks/include/JOB/edb02deaf950.npz,66,0.0,0.0,1.0,1.0,,test
4d02850af631,JOB,include,video,,include:clip:4d02850af631,data/external/include_pose/INCLUDE/Pose_Signs/Jobs/99. Job/MVI_4795.pkl,data/processed/landmarks/include/JOB/4d02850af631.npz,56,0.0,0.0,1.0,1.0,,test
8eb52cde06c4,JOB,include,video,,include:clip:8eb52cde06c4,data/external/include_pose/INCLUDE/Pose_Signs/Jobs/99. Job/MVI_8924.pkl,data/processed/landmarks/include/JOB/8eb52cde06c4.npz,62,0.0,0.0,1.0,1.0,,test
802027462735,PLANE,include,video,,include:clip:802027462735,data/external/include_pose/INCLUDE/Pose_Signs/Means_of_Transportation/10. Plane/MVI_3143.pkl,data/processed/landmarks/include/PLANE/802027462735.npz,72,0.0,0.0,0.6806,1.0,,test
e4286dc65531,PLANE,include,video,,include:clip:e4286dc65531,data/external/include_pose/INCLUDE/Pose_Signs/Means_of_Transportation/10. Plane/MVI_3206.pkl,data/processed/landmarks/include/PLANE/e4286dc65531.npz,70,0.0,0.0,1.0,1.0,,test
acd8d378d474,PLANE,include,video,,include:clip:acd8d378d474,data/external/include_pose/INCLUDE/Pose_Signs/Means_of_Transportation/10. Plane/MVI_3113.pkl,data/processed/landmarks/include/PLANE/acd8d378d474.npz,92,0.0,0.0,1.0,1.0,,test
4c2cafcfdcbd,PLANE,include,video,,include:clip:4c2cafcfdcbd,data/external/include_pose/INCLUDE/Pose_Signs/Means_of_Transportation/10. Plane/MVI_4174.pkl,data/processed/landmarks/include/PLANE/4c2cafcfdcbd.npz,62,0.0,0.0,1.0,1.0,,test
d7a1d72de1f7,CAR,include,video,,include:clip:d7a1d72de1f7,data/external/include_pose/INCLUDE/Pose_Signs/Means_of_Transportation/11. Car/MVI_3176.pkl,data/processed/landmarks/include/CAR/d7a1d72de1f7.npz,95,0.0,0.0,0.9895,1.0,,test
a3a4c92e9780,CAR,include,video,,include:clip:a3a4c92e9780,data/external/include_pose/INCLUDE/Pose_Signs/Means_of_Transportation/11. Car/MVI_3146.pkl,data/processed/landmarks/include/CAR/a3a4c92e9780.npz,148,0.0,0.0,0.9054,1.0,,test
93176314871a,CAR,include,video,,include:clip:93176314871a,data/external/include_pose/INCLUDE/Pose_Signs/Means_of_Transportation/11. Car/MVI_4176.pkl,data/processed/landmarks/include/CAR/93176314871a.npz,75,0.0,0.0,0.96,1.0,,test
584ac743bbc4,CAR,include,video,,include:clip:584ac743bbc4,data/external/include_pose/INCLUDE/Pose_Signs/Means_of_Transportation/11. Car/MVI_8584.pkl,data/processed/landmarks/include/CAR/584ac743bbc4.npz,87,0.0,0.0,0.4828,1.0,low_hand_detection,test
64d09dd825cb,TRUCK,include,video,,include:clip:64d09dd825cb,data/external/include_pose/INCLUDE/Pose_Signs/Means_of_Transportation/12. Truck/MVI_3213.pkl,data/processed/landmarks/include/TRUCK/64d09dd825cb.npz,87,0.0,0.0,0.9655,1.0,,test
3ce9b97fd80d,TRUCK,include,video,,include:clip:3ce9b97fd80d,data/external/include_pose/INCLUDE/Pose_Signs/Means_of_Transportation/12. Truck/MVI_4181.pkl,data/processed/landmarks/include/TRUCK/3ce9b97fd80d.npz,59,0.0,0.0,0.9153,1.0,,test
e5827c4e8264,TRUCK,include,video,,include:clip:e5827c4e8264,data/external/include_pose/INCLUDE/Pose_Signs/Means_of_Transportation/12. Truck/MVI_8585.pkl,data/processed/landmarks/include/TRUCK/e5827c4e8264.npz,73,0.0,0.0,0.5342,1.0,,test
317d50ed853b,TRUCK,include,video,,include:clip:317d50ed853b,data/external/include_pose/INCLUDE/Pose_Signs/Means_of_Transportation/12. Truck/MVI_3180.pkl,data/processed/landmarks/include/TRUCK/317d50ed853b.npz,98,0.0,0.0,0.9082,1.0,,test
9fee8769b21d,BICYCLE,include,video,,include:clip:9fee8769b21d,data/external/include_pose/INCLUDE/Pose_Signs/Means_of_Transportation/13. Bicycle/MVI_3246.pkl,data/processed/landmarks/include/BICYCLE/9fee8769b21d.npz,74,0.0,0.0,0.9324,1.0,,test
4ff36f9686c8,BICYCLE,include,video,,include:clip:4ff36f9686c8,data/external/include_pose/INCLUDE/Pose_Signs/Means_of_Transportation/13. Bicycle/MVI_3122.pkl,data/processed/landmarks/include/BICYCLE/4ff36f9686c8.npz,91,0.0,0.0,0.9011,1.0,,test
47c9304ae563,BICYCLE,include,video,,include:clip:47c9304ae563,data/external/include_pose/INCLUDE/Pose_Signs/Means_of_Transportation/13. Bicycle/MVI_3123.pkl,data/processed/landmarks/include/BICYCLE/47c9304ae563.npz,86,0.0,0.0,0.8953,1.0,,test
d0f2c9074716,BICYCLE,include,video,,include:clip:d0f2c9074716,data/external/include_pose/INCLUDE/Pose_Signs/Means_of_Transportation/13. Bicycle/MVI_3153.pkl,data/processed/landmarks/include/BICYCLE/d0f2c9074716.npz,68,0.0,0.0,0.6176,1.0,,test
9c72a0eb421d,BUS,include,video,,include:clip:9c72a0eb421d,data/external/include_pose/INCLUDE/Pose_Signs/Means_of_Transportation/14. Bus/MVI_3249.pkl,data/processed/landmarks/include/BUS/9c72a0eb421d.npz,86,0.0,0.0,0.9535,1.0,,test
3730c7b20e2c,BUS,include,video,,include:clip:3730c7b20e2c,data/external/include_pose/INCLUDE/Pose_Signs/Means_of_Transportation/14. Bus/MVI_3156.pkl,data/processed/landmarks/include/BUS/3730c7b20e2c.npz,98,0.0,0.0,0.7653,1.0,,test
7eab0c0ee55d,BUS,include,video,,include:clip:7eab0c0ee55d,data/external/include_pose/INCLUDE/Pose_Signs/Means_of_Transportation/14. Bus/MVI_3185.pkl,data/processed/landmarks/include/BUS/7eab0c0ee55d.npz,90,0.0,0.0,0.9556,1.0,,test
6f2164f9ff24,BUS,include,video,,include:clip:6f2164f9ff24,data/external/include_pose/INCLUDE/Pose_Signs/Means_of_Transportation/14. Bus/MVI_3186.pkl,data/processed/landmarks/include/BUS/6f2164f9ff24.npz,97,0.0,0.0,0.9485,1.0,,test
efa665ca0cdf,BOAT,include,video,,include:clip:efa665ca0cdf,data/external/include_pose/INCLUDE/Pose_Signs/Means_of_Transportation/15. Boat/MVI_3159.pkl,data/processed/landmarks/include/BOAT/efa665ca0cdf.npz,94,0.0,0.0,0.4362,1.0,low_hand_detection,test
fd7d97a29f7b,BOAT,include,video,,include:clip:fd7d97a29f7b,data/external/include_pose/INCLUDE/Pose_Signs/Means_of_Transportation/15. Boat/MVI_3160.pkl,data/processed/landmarks/include/BOAT/fd7d97a29f7b.npz,102,0.0,0.0,0.598,1.0,,test
9aed921ea09c,BOAT,include,video,,include:clip:9aed921ea09c,data/external/include_pose/INCLUDE/Pose_Signs/Means_of_Transportation/15. Boat/MVI_4190.pkl,data/processed/landmarks/include/BOAT/9aed921ea09c.npz,77,0.0,0.0,0.9221,1.0,,test
82d0c0b3f60f,BOAT,include,video,,include:clip:82d0c0b3f60f,data/external/include_pose/INCLUDE/Pose_Signs/Means_of_Transportation/15. Boat/MVI_3130.pkl,data/processed/landmarks/include/BOAT/82d0c0b3f60f.npz,113,0.0,0.0,0.7699,1.0,,test
badc22002b11,TRAIN_TICKET,include,video,,include:clip:badc22002b11,data/external/include_pose/INCLUDE/Pose_Signs/Means_of_Transportation/16. train ticket/MVI_8596.pkl,data/processed/landmarks/include/TRAIN_TICKET/badc22002b11.npz,101,0.0,0.0,0.8515,1.0,,test
8d6336c898f4,TRAIN_TICKET,include,video,,include:clip:8d6336c898f4,data/external/include_pose/INCLUDE/Pose_Signs/Means_of_Transportation/16. train ticket/MVI_3132.pkl,data/processed/landmarks/include/TRAIN_TICKET/8d6336c898f4.npz,88,0.0,0.0,0.9091,1.0,,test
e9eb050d1057,TRAIN_TICKET,include,video,,include:clip:e9eb050d1057,data/external/include_pose/INCLUDE/Pose_Signs/Means_of_Transportation/16. train ticket/MVI_4192.pkl,data/processed/landmarks/include/TRAIN_TICKET/e9eb050d1057.npz,79,0.0,0.0,0.9747,1.0,,test
0a16d69afcdd,TRAIN_TICKET,include,video,,include:clip:0a16d69afcdd,data/external/include_pose/INCLUDE/Pose_Signs/Means_of_Transportation/16. train ticket/MVI_3253.pkl,data/processed/landmarks/include/TRAIN_TICKET/0a16d69afcdd.npz,76,0.0,0.0,0.9605,1.0,,test
2ddf2f9635bf,TRANSPORTATION,include,video,,include:clip:2ddf2f9635bf,data/external/include_pose/INCLUDE/Pose_Signs/Means_of_Transportation/17. Transportation/MVI_3201.pkl,data/processed/landmarks/include/TRANSPORTATION/2ddf2f9635bf.npz,77,0.0,0.0,0.987,1.0,,test
eaf4a1df5cb6,TRANSPORTATION,include,video,,include:clip:eaf4a1df5cb6,data/external/include_pose/INCLUDE/Pose_Signs/Means_of_Transportation/17. Transportation/MVI_8599.pkl,data/processed/landmarks/include/TRANSPORTATION/eaf4a1df5cb6.npz,69,0.0,0.0,0.8551,1.0,,test
06cd6882a579,TRANSPORTATION,include,video,,include:clip:06cd6882a579,data/external/include_pose/INCLUDE/Pose_Signs/Means_of_Transportation/17. Transportation/MVI_3199.pkl,data/processed/landmarks/include/TRANSPORTATION/06cd6882a579.npz,88,0.0,0.0,1.0,1.0,,test
1e1cab740bcc,TRANSPORTATION,include,video,,include:clip:1e1cab740bcc,data/external/include_pose/INCLUDE/Pose_Signs/Means_of_Transportation/17. Transportation/MVI_3135.pkl,data/processed/landmarks/include/TRANSPORTATION/1e1cab740bcc.npz,100,0.0,0.0,0.86,1.0,,test
9fe879b5e4bf,TRAIN,include,video,,include:clip:9fe879b5e4bf,data/external/include_pose/INCLUDE/Pose_Signs/Means_of_Transportation/9. Train/MVI_3112.pkl,data/processed/landmarks/include/TRAIN/9fe879b5e4bf.npz,84,0.0,0.0,1.0,1.0,,test
7d641a8f1e01,TRAIN,include,video,,include:clip:7d641a8f1e01,data/external/include_pose/INCLUDE/Pose_Signs/Means_of_Transportation/9. Train/MVI_3168.pkl,data/processed/landmarks/include/TRAIN/7d641a8f1e01.npz,77,0.0,0.0,1.0,1.0,,test
f171a91463f0,TRAIN,include,video,,include:clip:f171a91463f0,data/external/include_pose/INCLUDE/Pose_Signs/Means_of_Transportation/9. Train/MVI_3230.pkl,data/processed/landmarks/include/TRAIN/f171a91463f0.npz,90,0.0,0.0,0.8333,1.0,,test
c88485f23a3c,TRAIN,include,video,,include:clip:c88485f23a3c,data/external/include_pose/INCLUDE/Pose_Signs/Means_of_Transportation/9. Train/MVI_3139.pkl,data/processed/landmarks/include/TRAIN/c88485f23a3c.npz,95,0.0,0.0,0.7474,1.0,,test
4eadec34ffc1,SON,include,video,,include:clip:4eadec34ffc1,data/external/include_pose/INCLUDE/Pose_Signs/People/58. Son/MVI_5072.pkl,data/processed/landmarks/include/SON/4eadec34ffc1.npz,62,0.0,0.0,0.871,1.0,,test
21ae2444e9d1,SON,include,video,,include:clip:21ae2444e9d1,data/external/include_pose/INCLUDE/Pose_Signs/People/58. Son/MVI_4052.pkl,data/processed/landmarks/include/SON/21ae2444e9d1.npz,61,0.0,0.0,0.9508,1.0,,test
c13f871914b2,SON,include,video,,include:clip:c13f871914b2,data/external/include_pose/INCLUDE/Pose_Signs/People/58. Son/MVI_3755.pkl,data/processed/landmarks/include/SON/c13f871914b2.npz,52,0.0,0.0,0.9231,1.0,,test
90925323488f,SON,include,video,,include:clip:90925323488f,data/external/include_pose/INCLUDE/Pose_Signs/People/58. Son/MVI_4931.pkl,data/processed/landmarks/include/SON/90925323488f.npz,61,0.0,0.0,0.9508,1.0,,test
e3aaca554b4e,DAUGHTER,include,video,,include:clip:e3aaca554b4e,data/external/include_pose/INCLUDE/Pose_Signs/People/59. Daughter/MVI_3756.pkl,data/processed/landmarks/include/DAUGHTER/e3aaca554b4e.npz,52,0.0,0.0,0.9423,1.0,,test
9b51be658336,DAUGHTER,include,video,,include:clip:9b51be658336,data/external/include_pose/INCLUDE/Pose_Signs/People/59. Daughter/MVI_4054.pkl,data/processed/landmarks/include/DAUGHTER/9b51be658336.npz,63,0.0,0.0,0.9683,1.0,,test
2a18589f85a1,DAUGHTER,include,video,,include:clip:2a18589f85a1,data/external/include_pose/INCLUDE/Pose_Signs/People/59. Daughter/MVI_5221.pkl,data/processed/landmarks/include/DAUGHTER/2a18589f85a1.npz,59,0.0,0.0,0.9831,1.0,,test
d92bfe246474,DAUGHTER,include,video,,include:clip:d92bfe246474,data/external/include_pose/INCLUDE/Pose_Signs/People/59. Daughter/MVI_5074.pkl,data/processed/landmarks/include/DAUGHTER/d92bfe246474.npz,64,0.0,0.0,0.9219,1.0,,test
9cea122e1b9d,MOTHER,include,video,,include:clip:9cea122e1b9d,data/external/include_pose/INCLUDE/Pose_Signs/People/60. Mother/MVI_3906.pkl,data/processed/landmarks/include/MOTHER/9cea122e1b9d.npz,66,0.0,0.0,1.0,1.0,,test
3233df16a3ea,MOTHER,include,video,,include:clip:3233df16a3ea,data/external/include_pose/INCLUDE/Pose_Signs/People/60. Mother/MVI_3907.pkl,data/processed/landmarks/include/MOTHER/3233df16a3ea.npz,66,0.0,0.0,1.0,1.0,,test
ed48a634ba41,MOTHER,include,video,,include:clip:ed48a634ba41,data/external/include_pose/INCLUDE/Pose_Signs/People/60. Mother/MVI_4938.pkl,data/processed/landmarks/include/MOTHER/ed48a634ba41.npz,53,0.0,0.0,1.0,1.0,,test
8bcc72f21149,MOTHER,include,video,,include:clip:8bcc72f21149,data/external/include_pose/INCLUDE/Pose_Signs/People/60. Mother/MVI_4939.pkl,data/processed/landmarks/include/MOTHER/8bcc72f21149.npz,57,0.0,0.0,1.0,1.0,,test
8b9e21d96a77,FATHER,include,video,,include:clip:8b9e21d96a77,data/external/include_pose/INCLUDE/Pose_Signs/People/61. Father/MVI_4061.pkl,data/processed/landmarks/include/FATHER/8b9e21d96a77.npz,57,0.0,0.0,0.9474,1.0,,test
7421cff9fe38,FATHER,include,video,,include:clip:7421cff9fe38,data/external/include_pose/INCLUDE/Pose_Signs/People/61. Father/MVI_4060.pkl,data/processed/landmarks/include/FATHER/7421cff9fe38.npz,56,0.0,0.0,0.9643,1.0,,test
87e396b38a8f,FATHER,include,video,,include:clip:87e396b38a8f,data/external/include_pose/INCLUDE/Pose_Signs/People/61. Father/MVI_4062.pkl,data/processed/landmarks/include/FATHER/87e396b38a8f.npz,56,0.0,0.0,0.9821,1.0,,test
b3cbbd4ea7c8,FATHER,include,video,,include:clip:b3cbbd4ea7c8,data/external/include_pose/INCLUDE/Pose_Signs/People/61. Father/MVI_3764.pkl,data/processed/landmarks/include/FATHER/b3cbbd4ea7c8.npz,56,0.0,0.0,0.9821,1.0,,test
f10b5ef0215f,PARENT,include,video,,include:clip:f10b5ef0215f,data/external/include_pose/INCLUDE/Pose_Signs/People/62. Parent/MVI_4065.pkl,data/processed/landmarks/include/PARENT/f10b5ef0215f.npz,74,0.0,0.0,0.9865,1.0,,test
466de65ba4d6,PARENT,include,video,,include:clip:466de65ba4d6,data/external/include_pose/INCLUDE/Pose_Signs/People/62. Parent/MVI_4064.pkl,data/processed/landmarks/include/PARENT/466de65ba4d6.npz,76,0.0,0.0,0.9737,1.0,,test
fedc7896b391,PARENT,include,video,,include:clip:fedc7896b391,data/external/include_pose/INCLUDE/Pose_Signs/People/62. Parent/MVI_4063.pkl,data/processed/landmarks/include/PARENT/fedc7896b391.npz,81,0.0,0.0,0.9877,1.0,,test
aa813fac2e3b,PARENT,include,video,,include:clip:aa813fac2e3b,data/external/include_pose/INCLUDE/Pose_Signs/People/62. Parent/MVI_3916.pkl,data/processed/landmarks/include/PARENT/aa813fac2e3b.npz,76,0.0,0.0,0.9737,1.0,,test
178e0763b148,BABY,include,video,,include:clip:178e0763b148,data/external/include_pose/INCLUDE/Pose_Signs/People/63. Baby/MVI_3918.pkl,data/processed/landmarks/include/BABY/178e0763b148.npz,70,0.0,0.0,0.9571,1.0,,test
04cb1f8a4d2a,BABY,include,video,,include:clip:04cb1f8a4d2a,data/external/include_pose/INCLUDE/Pose_Signs/People/63. Baby/MVI_4068.pkl,data/processed/landmarks/include/BABY/04cb1f8a4d2a.npz,67,0.0,0.0,0.9254,1.0,,test
2f035d021ea1,BABY,include,video,,include:clip:2f035d021ea1,data/external/include_pose/INCLUDE/Pose_Signs/People/63. Baby/MVI_3771.pkl,data/processed/landmarks/include/BABY/2f035d021ea1.npz,54,0.0,0.0,0.9259,1.0,,test
668a3bf5eb99,BABY,include,video,,include:clip:668a3bf5eb99,data/external/include_pose/INCLUDE/Pose_Signs/People/63. Baby/MVI_4947.pkl,data/processed/landmarks/include/BABY/668a3bf5eb99.npz,54,0.0,0.0,0.8889,1.0,,test
5cd6a19873cc,MAN,include,video,,include:clip:5cd6a19873cc,data/external/include_pose/INCLUDE/Pose_Signs/People/64. Man/MVI_4951.pkl,data/processed/landmarks/include/MAN/5cd6a19873cc.npz,41,0.0,0.0,1.0,1.0,,test
561acb18f34b,MAN,include,video,,include:clip:561acb18f34b,data/external/include_pose/INCLUDE/Pose_Signs/People/64. Man/MVI_3774.pkl,data/processed/landmarks/include/MAN/561acb18f34b.npz,47,0.0,0.0,1.0,1.0,,test
c132e61aeeab,MAN,include,video,,include:clip:c132e61aeeab,data/external/include_pose/INCLUDE/Pose_Signs/People/64. Man/MVI_5238.pkl,data/processed/landmarks/include/MAN/c132e61aeeab.npz,58,0.0,0.0,1.0,1.0,,test
2118ff1b4aec,MAN,include,video,,include:clip:2118ff1b4aec,data/external/include_pose/INCLUDE/Pose_Signs/People/64. Man/MVI_5239.pkl,data/processed/landmarks/include/MAN/2118ff1b4aec.npz,53,0.0,0.0,1.0,1.0,,test
a5bd0b06835a,WOMAN,include,video,,include:clip:a5bd0b06835a,data/external/include_pose/INCLUDE/Pose_Signs/People/65. Woman/MVI_3777.pkl,data/processed/landmarks/include/WOMAN/a5bd0b06835a.npz,46,0.0,0.0,1.0,1.0,,test
0c54b67bcbd6,WOMAN,include,video,,include:clip:0c54b67bcbd6,data/external/include_pose/INCLUDE/Pose_Signs/People/65. Woman/MVI_4229.pkl,data/processed/landmarks/include/WOMAN/0c54b67bcbd6.npz,46,0.0,0.0,1.0,1.0,,test
88dda2ccb2aa,WOMAN,include,video,,include:clip:88dda2ccb2aa,data/external/include_pose/INCLUDE/Pose_Signs/People/65. Woman/MVI_4953.pkl,data/processed/landmarks/include/WOMAN/88dda2ccb2aa.npz,51,0.0,0.0,1.0,1.0,,test
2f0788e4027f,WOMAN,include,video,,include:clip:2f0788e4027f,data/external/include_pose/INCLUDE/Pose_Signs/People/65. Woman/MVI_4072.pkl,data/processed/landmarks/include/WOMAN/2f0788e4027f.npz,52,0.0,0.0,1.0,1.0,,test
0fcf0364f89a,BROTHER,include,video,,include:clip:0fcf0364f89a,data/external/include_pose/INCLUDE/Pose_Signs/People/66. Brother/MVI_5095.pkl,data/processed/landmarks/include/BROTHER/0fcf0364f89a.npz,59,0.0,0.0,0.9661,1.0,,test
3b3c257042e7,BROTHER,include,video,,include:clip:3b3c257042e7,data/external/include_pose/INCLUDE/Pose_Signs/People/66. Brother/MVI_3927.pkl,data/processed/landmarks/include/BROTHER/3b3c257042e7.npz,83,0.0,0.0,1.0,1.0,,test
326d5d6ec721,BROTHER,include,video,,include:clip:326d5d6ec721,data/external/include_pose/INCLUDE/Pose_Signs/People/66. Brother/MVI_5096.pkl,data/processed/landmarks/include/BROTHER/326d5d6ec721.npz,63,0.0,0.0,0.9683,1.0,,test
5cb856b1ea93,BROTHER,include,video,,include:clip:5cb856b1ea93,data/external/include_pose/INCLUDE/Pose_Signs/People/66. Brother/MVI_4075.pkl,data/processed/landmarks/include/BROTHER/5cb856b1ea93.npz,61,0.0,0.0,1.0,1.0,,test
16a7de687cfb,SISTER,include,video,,include:clip:16a7de687cfb,data/external/include_pose/INCLUDE/Pose_Signs/People/67. Sister/MVI_5099.pkl,data/processed/landmarks/include/SISTER/16a7de687cfb.npz,58,0.0,0.0,0.7586,1.0,,test
91218842fc24,SISTER,include,video,,include:clip:91218842fc24,data/external/include_pose/INCLUDE/Pose_Signs/People/67. Sister/MVI_5098.pkl,data/processed/landmarks/include/SISTER/91218842fc24.npz,59,0.0,0.0,0.7627,1.0,,test
21ba59edb045,SISTER,include,video,,include:clip:21ba59edb045,data/external/include_pose/INCLUDE/Pose_Signs/People/67. Sister/MVI_4959.pkl,data/processed/landmarks/include/SISTER/21ba59edb045.npz,43,0.0,0.0,1.0,1.0,,test
e80559da4878,SISTER,include,video,,include:clip:e80559da4878,data/external/include_pose/INCLUDE/Pose_Signs/People/67. Sister/MVI_4078.pkl,data/processed/landmarks/include/SISTER/e80559da4878.npz,56,0.0,0.0,1.0,1.0,,test
484777b3b529,FAMILY,include,video,,include:clip:484777b3b529,data/external/include_pose/INCLUDE/Pose_Signs/People/68. Family/MVI_3789.pkl,data/processed/landmarks/include/FAMILY/484777b3b529.npz,54,0.0,0.0,0.8519,1.0,,test
c8f68243f85d,FAMILY,include,video,,include:clip:c8f68243f85d,data/external/include_pose/INCLUDE/Pose_Signs/People/68. Family/MVI_8635.pkl,data/processed/landmarks/include/FAMILY/c8f68243f85d.npz,79,0.0,0.0,0.5949,1.0,,test
066c0a41cbac,FAMILY,include,video,,include:clip:066c0a41cbac,data/external/include_pose/INCLUDE/Pose_Signs/People/68. Family/MVI_5249.pkl,data/processed/landmarks/include/FAMILY/066c0a41cbac.npz,54,0.0,0.0,0.9815,1.0,,test
edc4c477a17b,GRANDFATHER,include,video,,include:clip:edc4c477a17b,data/external/include_pose/INCLUDE/Pose_Signs/People/69. Grandfather/MVI_3791.pkl,data/processed/landmarks/include/GRANDFATHER/edc4c477a17b.npz,87,0.0,0.0,0.977,1.0,,test
bccb6bbd282f,GRANDFATHER,include,video,,include:clip:bccb6bbd282f,data/external/include_pose/INCLUDE/Pose_Signs/People/69. Grandfather/MVI_4234.pkl,data/processed/landmarks/include/GRANDFATHER/bccb6bbd282f.npz,86,0.0,0.0,0.9767,1.0,,test
5749f0a0e15b,GRANDFATHER,include,video,,include:clip:5749f0a0e15b,data/external/include_pose/INCLUDE/Pose_Signs/People/69. Grandfather/MVI_3939.pkl,data/processed/landmarks/include/GRANDFATHER/5749f0a0e15b.npz,82,0.0,0.0,0.9512,1.0,,test
74af95fd879f,GRANDMOTHER,include,video,,include:clip:74af95fd879f,data/external/include_pose/INCLUDE/Pose_Signs/People/70. Grandmother/MVI_5107.pkl,data/processed/landmarks/include/GRANDMOTHER/74af95fd879f.npz,77,0.0,0.0,0.8182,1.0,,test
fe632a57a7f8,GRANDMOTHER,include,video,,include:clip:fe632a57a7f8,data/external/include_pose/INCLUDE/Pose_Signs/People/70. Grandmother/MVI_8637.pkl,data/processed/landmarks/include/GRANDMOTHER/fe632a57a7f8.npz,103,0.0,0.0,0.7767,1.0,,test
fe2d5952740d,GRANDMOTHER,include,video,,include:clip:fe2d5952740d,data/external/include_pose/INCLUDE/Pose_Signs/People/70. Grandmother/MVI_3942.pkl,data/processed/landmarks/include/GRANDMOTHER/fe2d5952740d.npz,101,0.0,0.0,1.0,1.0,,test
a07c77ca084b,HUSBAND,include,video,,include:clip:a07c77ca084b,data/external/include_pose/INCLUDE/Pose_Signs/People/71. Husband/MVI_3798.pkl,data/processed/landmarks/include/HUSBAND/a07c77ca084b.npz,51,0.0,0.0,0.8039,1.0,,test
70b5513c4d20,HUSBAND,include,video,,include:clip:70b5513c4d20,data/external/include_pose/INCLUDE/Pose_Signs/People/71. Husband/MVI_8638.pkl,data/processed/landmarks/include/HUSBAND/70b5513c4d20.npz,75,0.0,0.0,0.7467,1.0,,test
c8d798a8707e,HUSBAND,include,video,,include:clip:c8d798a8707e,data/external/include_pose/INCLUDE/Pose_Signs/People/71. Husband/MVI_5114.pkl,data/processed/landmarks/include/HUSBAND/c8d798a8707e.npz,76,0.0,0.0,0.8816,1.0,,test
bed7b9a3d8d1,HUSBAND,include,video,,include:clip:bed7b9a3d8d1,data/external/include_pose/INCLUDE/Pose_Signs/People/71. Husband/MVI_4092.pkl,data/processed/landmarks/include/HUSBAND/bed7b9a3d8d1.npz,69,0.0,0.0,0.942,1.0,,test
06539cee19e3,WIFE,include,video,,include:clip:06539cee19e3,data/external/include_pose/INCLUDE/Pose_Signs/People/72. Wife/MVI_5118.pkl,data/processed/landmarks/include/WIFE/06539cee19e3.npz,58,0.0,0.0,0.8276,1.0,,test
8b369b6701d7,WIFE,include,video,,include:clip:8b369b6701d7,data/external/include_pose/INCLUDE/Pose_Signs/People/72. Wife/MVI_3800.pkl,data/processed/landmarks/include/WIFE/8b369b6701d7.npz,53,0.0,0.0,0.8679,1.0,,test
c89b07fbfa0e,WIFE,include,video,,include:clip:c89b07fbfa0e,data/external/include_pose/INCLUDE/Pose_Signs/People/72. Wife/MVI_3799.pkl,data/processed/landmarks/include/WIFE/c89b07fbfa0e.npz,53,0.0,0.0,0.8491,1.0,,test
a11569e02bf2,WIFE,include,video,,include:clip:a11569e02bf2,data/external/include_pose/INCLUDE/Pose_Signs/People/72. Wife/MVI_4967.pkl,data/processed/landmarks/include/WIFE/a11569e02bf2.npz,53,0.0,0.0,0.9434,1.0,,test
11fc667cf6a3,KING,include,video,,include:clip:11fc667cf6a3,data/external/include_pose/INCLUDE/Pose_Signs/People/73. King/MVI_4970.pkl,data/processed/landmarks/include/KING/11fc667cf6a3.npz,52,0.0,0.0,1.0,1.0,,test
7f6df3953a46,KING,include,video,,include:clip:7f6df3953a46,data/external/include_pose/INCLUDE/Pose_Signs/People/73. King/MVI_5269.pkl,data/processed/landmarks/include/KING/7f6df3953a46.npz,61,0.0,0.0,1.0,1.0,,test
6a0af5375b48,KING,include,video,,include:clip:6a0af5375b48,data/external/include_pose/INCLUDE/Pose_Signs/People/73. King/MVI_5121.pkl,data/processed/landmarks/include/KING/6a0af5375b48.npz,60,0.0,0.0,1.0,1.0,,test
6dd450c2611e,KING,include,video,,include:clip:6dd450c2611e,data/external/include_pose/INCLUDE/Pose_Signs/People/73. King/MVI_5270.pkl,data/processed/landmarks/include/KING/6dd450c2611e.npz,56,0.0,0.0,1.0,1.0,,test
15af1bb2f77b,QUEEN,include,video,,include:clip:15af1bb2f77b,data/external/include_pose/INCLUDE/Pose_Signs/People/74. Queen/MVI_4972.pkl,data/processed/landmarks/include/QUEEN/15af1bb2f77b.npz,50,0.0,0.0,1.0,1.0,,test
df19573f211f,QUEEN,include,video,,include:clip:df19573f211f,data/external/include_pose/INCLUDE/Pose_Signs/People/74. Queen/MVI_4974.pkl,data/processed/landmarks/include/QUEEN/df19573f211f.npz,43,0.0,0.0,1.0,1.0,,test
5eba6c1af6ec,QUEEN,include,video,,include:clip:5eba6c1af6ec,data/external/include_pose/INCLUDE/Pose_Signs/People/74. Queen/MVI_3955.pkl,data/processed/landmarks/include/QUEEN/5eba6c1af6ec.npz,74,0.0,0.0,1.0,1.0,,test
3fd0b06ece1a,QUEEN,include,video,,include:clip:3fd0b06ece1a,data/external/include_pose/INCLUDE/Pose_Signs/People/74. Queen/MVI_3953.pkl,data/processed/landmarks/include/QUEEN/3fd0b06ece1a.npz,79,0.0,0.0,1.0,1.0,,test
fb0b484a14ce,PRESIDENT,include,video,,include:clip:fb0b484a14ce,data/external/include_pose/INCLUDE/Pose_Signs/People/75. President/MVI_4976.pkl,data/processed/landmarks/include/PRESIDENT/fb0b484a14ce.npz,51,0.0,0.0,0.8824,1.0,,test
788c0ee29e79,PRESIDENT,include,video,,include:clip:788c0ee29e79,data/external/include_pose/INCLUDE/Pose_Signs/People/75. President/MVI_3810.pkl,data/processed/landmarks/include/PRESIDENT/788c0ee29e79.npz,65,0.0,0.0,0.9077,1.0,,test
14126dca4134,PRESIDENT,include,video,,include:clip:14126dca4134,data/external/include_pose/INCLUDE/Pose_Signs/People/75. President/MVI_5276.pkl,data/processed/landmarks/include/PRESIDENT/14126dca4134.npz,56,0.0,0.0,0.9464,1.0,,test
99a04a11028d,PRESIDENT,include,video,,include:clip:99a04a11028d,data/external/include_pose/INCLUDE/Pose_Signs/People/75. President/MVI_3956.pkl,data/processed/landmarks/include/PRESIDENT/99a04a11028d.npz,67,0.0,0.0,0.9552,1.0,,test
ef2e17408490,NEIGHBOUR,include,video,,include:clip:ef2e17408490,data/external/include_pose/INCLUDE/Pose_Signs/People/76. Neighbour/MVI_4241.pkl,data/processed/landmarks/include/NEIGHBOUR/ef2e17408490.npz,64,0.0,0.0,0.9375,1.0,,test
78ee54fda46a,NEIGHBOUR,include,video,,include:clip:78ee54fda46a,data/external/include_pose/INCLUDE/Pose_Signs/People/76. Neighbour/MVI_4979.pkl,data/processed/landmarks/include/NEIGHBOUR/78ee54fda46a.npz,49,0.0,0.0,0.8571,1.0,,test
6b9190862747,NEIGHBOUR,include,video,,include:clip:6b9190862747,data/external/include_pose/INCLUDE/Pose_Signs/People/76. Neighbour/MVI_3812.pkl,data/processed/landmarks/include/NEIGHBOUR/6b9190862747.npz,53,0.0,0.0,0.9434,1.0,,test
ace227f7a1e9,NEIGHBOUR,include,video,,include:clip:ace227f7a1e9,data/external/include_pose/INCLUDE/Pose_Signs/People/76. Neighbour/MVI_4105.pkl,data/processed/landmarks/include/NEIGHBOUR/ace227f7a1e9.npz,68,0.0,0.0,0.9412,1.0,,test
a55714470ad6,BOY,include,video,,include:clip:a55714470ad6,data/external/include_pose/INCLUDE/Pose_Signs/People/77. Boy/MVI_3963.pkl,data/processed/landmarks/include/BOY/a55714470ad6.npz,81,0.0,0.0,1.0,1.0,,test
af93a9d032d9,BOY,include,video,,include:clip:af93a9d032d9,data/external/include_pose/INCLUDE/Pose_Signs/People/77. Boy/MVI_4981.pkl,data/processed/landmarks/include/BOY/af93a9d032d9.npz,54,0.0,0.0,1.0,1.0,,test
f7d43288473e,BOY,include,video,,include:clip:f7d43288473e,data/external/include_pose/INCLUDE/Pose_Signs/People/77. Boy/MVI_5132.pkl,data/processed/landmarks/include/BOY/f7d43288473e.npz,59,0.0,0.0,0.8983,1.0,,test
011d3b812e23,BOY,include,video,,include:clip:011d3b812e23,data/external/include_pose/INCLUDE/Pose_Signs/People/77. Boy/MVI_4242.pkl,data/processed/landmarks/include/BOY/011d3b812e23.npz,63,0.0,0.0,1.0,1.0,,test
48a8e5fbecfc,GIRL,include,video,,include:clip:48a8e5fbecfc,data/external/include_pose/INCLUDE/Pose_Signs/People/78. Girl/MVI_3819.pkl,data/processed/landmarks/include/GIRL/48a8e5fbecfc.npz,58,0.0,0.0,1.0,1.0,,test
ac3ab2e7663d,GIRL,include,video,,include:clip:ac3ab2e7663d,data/external/include_pose/INCLUDE/Pose_Signs/People/78. Girl/MVI_3966.pkl,data/processed/landmarks/include/GIRL/ac3ab2e7663d.npz,68,0.0,0.0,1.0,1.0,,test
819018c62c3c,GIRL,include,video,,include:clip:819018c62c3c,data/external/include_pose/INCLUDE/Pose_Signs/People/78. Girl/MVI_3818.pkl,data/processed/landmarks/include/GIRL/819018c62c3c.npz,52,0.0,0.0,1.0,1.0,,test
f67c7c7d9804,GIRL,include,video,,include:clip:f67c7c7d9804,data/external/include_pose/INCLUDE/Pose_Signs/People/78. Girl/MVI_3965.pkl,data/processed/landmarks/include/GIRL/f67c7c7d9804.npz,74,0.0,0.0,1.0,1.0,,test
3c484f1f80e7,CHILD,include,video,,include:clip:3c484f1f80e7,data/external/include_pose/INCLUDE/Pose_Signs/People/79. Child/MVI_5139.pkl,data/processed/landmarks/include/CHILD/3c484f1f80e7.npz,52,0.0,0.0,1.0,1.0,,test
1c582fdc248f,CHILD,include,video,,include:clip:1c582fdc248f,data/external/include_pose/INCLUDE/Pose_Signs/People/79. Child/MVI_3968.pkl,data/processed/landmarks/include/CHILD/1c582fdc248f.npz,95,0.0,0.0,1.0,1.0,,test
a68e514e7230,CHILD,include,video,,include:clip:a68e514e7230,data/external/include_pose/INCLUDE/Pose_Signs/People/79. Child/MVI_8646.pkl,data/processed/landmarks/include/CHILD/a68e514e7230.npz,52,0.0,0.0,0.6346,1.0,,test
b68fdc78dccf,CHILD,include,video,,include:clip:b68fdc78dccf,data/external/include_pose/INCLUDE/Pose_Signs/People/79. Child/MVI_5140.pkl,data/processed/landmarks/include/CHILD/b68fdc78dccf.npz,52,0.0,0.0,1.0,1.0,,test
d374667b94b0,ADULT,include,video,,include:clip:d374667b94b0,data/external/include_pose/INCLUDE/Pose_Signs/People/80. Adult/MVI_4119.pkl,data/processed/landmarks/include/ADULT/d374667b94b0.npz,77,0.0,0.0,1.0,1.0,,test
9ff22bf4abce,ADULT,include,video,,include:clip:9ff22bf4abce,data/external/include_pose/INCLUDE/Pose_Signs/People/80. Adult/MVI_3823.pkl,data/processed/landmarks/include/ADULT/9ff22bf4abce.npz,72,0.0,0.0,1.0,1.0,,test
ca5a03363faf,ADULT,include,video,,include:clip:ca5a03363faf,data/external/include_pose/INCLUDE/Pose_Signs/People/80. Adult/MVI_3824.pkl,data/processed/landmarks/include/ADULT/ca5a03363faf.npz,75,0.0,0.0,1.0,1.0,,test
c2829db84a8f,ADULT,include,video,,include:clip:c2829db84a8f,data/external/include_pose/INCLUDE/Pose_Signs/People/80. Adult/MVI_3825.pkl,data/processed/landmarks/include/ADULT/c2829db84a8f.npz,75,0.0,0.0,1.0,1.0,,test
b9794f6a21a8,FRIEND,include,video,,include:clip:b9794f6a21a8,data/external/include_pose/INCLUDE/Pose_Signs/People/81. Friend/MVI_3976.pkl,data/processed/landmarks/include/FRIEND/b9794f6a21a8.npz,72,0.0,0.0,1.0,1.0,,test
ecd877ba71d4,FRIEND,include,video,,include:clip:ecd877ba71d4,data/external/include_pose/INCLUDE/Pose_Signs/People/81. Friend/MVI_3828.pkl,data/processed/landmarks/include/FRIEND/ecd877ba71d4.npz,61,0.0,0.0,0.8689,1.0,,test
96867ff16d04,FRIEND,include,video,,include:clip:96867ff16d04,data/external/include_pose/INCLUDE/Pose_Signs/People/81. Friend/MVI_4123.pkl,data/processed/landmarks/include/FRIEND/96867ff16d04.npz,51,0.0,0.0,0.7647,1.0,,test
b2f3e70f53fa,FRIEND,include,video,,include:clip:b2f3e70f53fa,data/external/include_pose/INCLUDE/Pose_Signs/People/81. Friend/MVI_3975.pkl,data/processed/landmarks/include/FRIEND/b2f3e70f53fa.npz,64,0.0,0.0,1.0,1.0,,test
78e4df848f56,PLAYER,include,video,,include:clip:78e4df848f56,data/external/include_pose/INCLUDE/Pose_Signs/People/82. Player/MVI_5304.pkl,data/processed/landmarks/include/PLAYER/78e4df848f56.npz,64,0.0,0.0,0.9844,1.0,,test
5466b0faa71b,PLAYER,include,video,,include:clip:5466b0faa71b,data/external/include_pose/INCLUDE/Pose_Signs/People/82. Player/MVI_3830.pkl,data/processed/landmarks/include/PLAYER/5466b0faa71b.npz,59,0.0,0.0,0.9492,1.0,,test
69fa27394373,PLAYER,include,video,,include:clip:69fa27394373,data/external/include_pose/INCLUDE/Pose_Signs/People/82. Player/MVI_3979.pkl,data/processed/landmarks/include/PLAYER/69fa27394373.npz,76,0.0,0.0,0.9737,1.0,,test
d1c2caf13dd7,PLAYER,include,video,,include:clip:d1c2caf13dd7,data/external/include_pose/INCLUDE/Pose_Signs/People/82. Player/MVI_8649.pkl,data/processed/landmarks/include/PLAYER/d1c2caf13dd7.npz,65,0.0,0.0,0.8615,1.0,,test
1c5621ca6ddd,CROWD,include,video,,include:clip:1c5621ca6ddd,data/external/include_pose/INCLUDE/Pose_Signs/People/83. Crowd/MVI_5153.pkl,data/processed/landmarks/include/CROWD/1c5621ca6ddd.npz,59,0.0,0.0,0.8644,1.0,,test
3b291cb22db6,CROWD,include,video,,include:clip:3b291cb22db6,data/external/include_pose/INCLUDE/Pose_Signs/People/83. Crowd/MVI_3983.pkl,data/processed/landmarks/include/CROWD/3b291cb22db6.npz,62,0.0,0.0,0.9355,1.0,,test
c2164bbba18a,CROWD,include,video,,include:clip:c2164bbba18a,data/external/include_pose/INCLUDE/Pose_Signs/People/83. Crowd/MVI_5005.pkl,data/processed/landmarks/include/CROWD/c2164bbba18a.npz,54,0.0,0.0,0.9074,1.0,,test
4337182477f4,CROWD,include,video,,include:clip:4337182477f4,data/external/include_pose/INCLUDE/Pose_Signs/People/83. Crowd/MVI_3981.pkl,data/processed/landmarks/include/CROWD/4337182477f4.npz,74,0.0,0.0,0.9189,1.0,,test
31efec8d5342,CITY,include,video,,include:clip:31efec8d5342,data/external/include_pose/INCLUDE/Pose_Signs/Places/18. City/MVI_3265.pkl,data/processed/landmarks/include/CITY/31efec8d5342.npz,84,0.0,0.0,0.9881,1.0,,test
3c0c48127a77,CITY,include,video,,include:clip:3c0c48127a77,data/external/include_pose/INCLUDE/Pose_Signs/Places/18. City/MVI_3509.pkl,data/processed/landmarks/include/CITY/3c0c48127a77.npz,59,0.0,0.0,0.8983,1.0,,test
219be25c8a21,CITY,include,video,,include:clip:219be25c8a21,data/external/include_pose/INCLUDE/Pose_Signs/Places/18. City/MVI_3592.pkl,data/processed/landmarks/include/CITY/219be25c8a21.npz,54,0.0,0.0,0.963,1.0,,test
d1b056f05c9c,CITY,include,video,,include:clip:d1b056f05c9c,data/external/include_pose/INCLUDE/Pose_Signs/Places/18. City/MVI_3589.pkl,data/processed/landmarks/include/CITY/d1b056f05c9c.npz,70,0.0,0.0,0.9857,1.0,,test
961e66da3e91,HOUSE,include,video,,include:clip:961e66da3e91,data/external/include_pose/INCLUDE/Pose_Signs/Places/19. House/MVI_3270.pkl,data/processed/landmarks/include/HOUSE/961e66da3e91.npz,74,0.0,0.0,0.9324,1.0,,test
a8acd623d306,HOUSE,include,video,,include:clip:a8acd623d306,data/external/include_pose/INCLUDE/Pose_Signs/Places/19. House/MVI_3514.pkl,data/processed/landmarks/include/HOUSE/a8acd623d306.npz,48,0.0,0.0,0.8542,1.0,,test
443ef36a3229,HOUSE,include,video,,include:clip:443ef36a3229,data/external/include_pose/INCLUDE/Pose_Signs/Places/19. House/MVI_3437.pkl,data/processed/landmarks/include/HOUSE/443ef36a3229.npz,67,0.0,0.0,0.9403,1.0,,test
f4d3aebcde05,HOUSE,include,video,,include:clip:f4d3aebcde05,data/external/include_pose/INCLUDE/Pose_Signs/Places/19. House/MVI_3435.pkl,data/processed/landmarks/include/HOUSE/f4d3aebcde05.npz,65,0.0,0.0,0.8615,1.0,,test
d2092b62099d,STREET_OR_ROAD,include,video,,include:clip:d2092b62099d,data/external/include_pose/INCLUDE/Pose_Signs/Places/20. Street or Road/MVI_3597.pkl,data/processed/landmarks/include/STREET_OR_ROAD/d2092b62099d.npz,57,0.0,0.0,0.9825,1.0,,test
aa197defa99f,STREET_OR_ROAD,include,video,,include:clip:aa197defa99f,data/external/include_pose/INCLUDE/Pose_Signs/Places/20. Street or Road/MVI_3443.pkl,data/processed/landmarks/include/STREET_OR_ROAD/aa197defa99f.npz,57,0.0,0.0,0.9825,1.0,,test
486dc5768044,STREET_OR_ROAD,include,video,,include:clip:486dc5768044,data/external/include_pose/INCLUDE/Pose_Signs/Places/20. Street or Road/MVI_3442.pkl,data/processed/landmarks/include/STREET_OR_ROAD/486dc5768044.npz,54,0.0,0.0,1.0,1.0,,test
e395c4c8c94a,STREET_OR_ROAD,include,video,,include:clip:e395c4c8c94a,data/external/include_pose/INCLUDE/Pose_Signs/Places/20. Street or Road/MVI_3517.pkl,data/processed/landmarks/include/STREET_OR_ROAD/e395c4c8c94a.npz,63,0.0,0.0,0.9524,1.0,,test
999d5dcf50fb,TRAIN_STATION,include,video,,include:clip:999d5dcf50fb,data/external/include_pose/INCLUDE/Pose_Signs/Places/21. Train Station/MVI_3360.pkl,data/processed/landmarks/include/TRAIN_STATION/999d5dcf50fb.npz,63,0.0,0.0,0.9524,1.0,,test
fd2822293821,TRAIN_STATION,include,video,,include:clip:fd2822293821,data/external/include_pose/INCLUDE/Pose_Signs/Places/21. Train Station/MVI_3359.pkl,data/processed/landmarks/include/TRAIN_STATION/fd2822293821.npz,67,0.0,0.0,0.9552,1.0,,test
e701b953f2a5,TRAIN_STATION,include,video,,include:clip:e701b953f2a5,data/external/include_pose/INCLUDE/Pose_Signs/Places/21. Train Station/MVI_3357.pkl,data/processed/landmarks/include/TRAIN_STATION/e701b953f2a5.npz,69,0.0,0.0,0.942,1.0,,test
1f8a8dadcebc,TRAIN_STATION,include,video,,include:clip:1f8a8dadcebc,data/external/include_pose/INCLUDE/Pose_Signs/Places/21. Train Station/MVI_3276.pkl,data/processed/landmarks/include/TRAIN_STATION/1f8a8dadcebc.npz,85,0.0,0.0,0.8941,1.0,,test
709f2d7286ae,RESTAURANT,include,video,,include:clip:709f2d7286ae,data/external/include_pose/INCLUDE/Pose_Signs/Places/22. Restaurant/MVI_3530.pkl,data/processed/landmarks/include/RESTAURANT/709f2d7286ae.npz,55,0.0,0.0,1.0,1.0,,test
dcba828b42d0,RESTAURANT,include,video,,include:clip:dcba828b42d0,data/external/include_pose/INCLUDE/Pose_Signs/Places/22. Restaurant/MVI_3364.pkl,data/processed/landmarks/include/RESTAURANT/dcba828b42d0.npz,61,0.0,0.0,1.0,1.0,,test
68660fe8b55b,RESTAURANT,include,video,,include:clip:68660fe8b55b,data/external/include_pose/INCLUDE/Pose_Signs/Places/22. Restaurant/MVI_3608.pkl,data/processed/landmarks/include/RESTAURANT/68660fe8b55b.npz,47,0.0,0.0,1.0,1.0,,test
dac96b9c14c9,RESTAURANT,include,video,,include:clip:dac96b9c14c9,data/external/include_pose/INCLUDE/Pose_Signs/Places/22. Restaurant/MVI_3363.pkl,data/processed/landmarks/include/RESTAURANT/dac96b9c14c9.npz,59,0.0,0.0,1.0,1.0,,test
6fa85ccfd674,COURT,include,video,,include:clip:6fa85ccfd674,data/external/include_pose/INCLUDE/Pose_Signs/Places/23. Court/MVI_3370.pkl,data/processed/landmarks/include/COURT/6fa85ccfd674.npz,81,0.0,0.0,0.9383,1.0,,test
34916770b12c,COURT,include,video,,include:clip:34916770b12c,data/external/include_pose/INCLUDE/Pose_Signs/Places/23. Court/MVI_3612.pkl,data/processed/landmarks/include/COURT/34916770b12c.npz,61,0.0,0.0,1.0,1.0,,test
cca22d16f5aa,COURT,include,video,,include:clip:cca22d16f5aa,data/external/include_pose/INCLUDE/Pose_Signs/Places/23. Court/MVI_3365.pkl,data/processed/landmarks/include/COURT/cca22d16f5aa.npz,87,0.0,0.0,0.9425,1.0,,test
8af93566135e,COURT,include,video,,include:clip:8af93566135e,data/external/include_pose/INCLUDE/Pose_Signs/Places/23. Court/MVI_3455.pkl,data/processed/landmarks/include/COURT/8af93566135e.npz,59,0.0,0.0,0.9831,1.0,,test
4c99c86035e6,SCHOOL,include,video,,include:clip:4c99c86035e6,data/external/include_pose/INCLUDE/Pose_Signs/Places/24. School/MVI_3536.pkl,data/processed/landmarks/include/SCHOOL/4c99c86035e6.npz,53,0.0,0.0,0.8113,1.0,,test
f162292f35fc,SCHOOL,include,video,,include:clip:f162292f35fc,data/external/include_pose/INCLUDE/Pose_Signs/Places/24. School/MVI_3292.pkl,data/processed/landmarks/include/SCHOOL/f162292f35fc.npz,65,0.0,0.0,0.8615,1.0,,test
44217af7a6a2,SCHOOL,include,video,,include:clip:44217af7a6a2,data/external/include_pose/INCLUDE/Pose_Signs/Places/24. School/MVI_3615.pkl,data/processed/landmarks/include/SCHOOL/44217af7a6a2.npz,55,0.0,0.0,0.8909,1.0,,test
0c6e6fd964d3,SCHOOL,include,video,,include:clip:0c6e6fd964d3,data/external/include_pose/INCLUDE/Pose_Signs/Places/24. School/MVI_3537.pkl,data/processed/landmarks/include/SCHOOL/0c6e6fd964d3.npz,43,0.0,0.0,0.814,1.0,,test
907110b7ef26,OFFICE,include,video,,include:clip:907110b7ef26,data/external/include_pose/INCLUDE/Pose_Signs/Places/25. Office/MVI_3541.pkl,data/processed/landmarks/include/OFFICE/907110b7ef26.npz,52,0.0,0.0,1.0,1.0,,test
db2ffc480bbc,OFFICE,include,video,,include:clip:db2ffc480bbc,data/external/include_pose/INCLUDE/Pose_Signs/Places/25. Office/MVI_3676.pkl,data/processed/landmarks/include/OFFICE/db2ffc480bbc.npz,60,0.0,0.0,1.0,1.0,,test
cad282649e41,OFFICE,include,video,,include:clip:cad282649e41,data/external/include_pose/INCLUDE/Pose_Signs/Places/25. Office/MVI_3620.pkl,data/processed/landmarks/include/OFFICE/cad282649e41.npz,44,0.0,0.0,1.0,1.0,,test
d95ce973221e,OFFICE,include,video,,include:clip:d95ce973221e,data/external/include_pose/INCLUDE/Pose_Signs/Places/25. Office/MVI_3296.pkl,data/processed/landmarks/include/OFFICE/d95ce973221e.npz,64,0.0,0.0,0.9688,1.0,,test
8eee6df4364d,UNIVERSITY,include,video,,include:clip:8eee6df4364d,data/external/include_pose/INCLUDE/Pose_Signs/Places/26. University/MVI_3465.pkl,data/processed/landmarks/include/UNIVERSITY/8eee6df4364d.npz,55,0.0,0.0,1.0,1.0,,test
3e4469a373e1,UNIVERSITY,include,video,,include:clip:3e4469a373e1,data/external/include_pose/INCLUDE/Pose_Signs/Places/26. University/MVI_3299.pkl,data/processed/landmarks/include/UNIVERSITY/3e4469a373e1.npz,64,0.0,0.0,0.9844,1.0,,test
0f2730b9aa13,UNIVERSITY,include,video,,include:clip:0f2730b9aa13,data/external/include_pose/INCLUDE/Pose_Signs/Places/26. University/MVI_3544.pkl,data/processed/landmarks/include/UNIVERSITY/0f2730b9aa13.npz,42,0.0,0.0,1.0,1.0,,test
0c7fa2a8d320,UNIVERSITY,include,video,,include:clip:0c7fa2a8d320,data/external/include_pose/INCLUDE/Pose_Signs/Places/26. University/MVI_3467.pkl,data/processed/landmarks/include/UNIVERSITY/0c7fa2a8d320.npz,67,0.0,0.0,1.0,1.0,,test
c213a4acd9e2,PARK,include,video,,include:clip:c213a4acd9e2,data/external/include_pose/INCLUDE/Pose_Signs/Places/27. Park/MVI_3380.pkl,data/processed/landmarks/include/PARK/c213a4acd9e2.npz,66,0.0,0.0,0.9545,1.0,,test
b8da005fd7f6,PARK,include,video,,include:clip:b8da005fd7f6,data/external/include_pose/INCLUDE/Pose_Signs/Places/27. Park/MVI_3628.pkl,data/processed/landmarks/include/PARK/b8da005fd7f6.npz,45,0.0,0.0,0.8889,1.0,,test
9b5cbe97abc2,PARK,include,video,,include:clip:9b5cbe97abc2,data/external/include_pose/INCLUDE/Pose_Signs/Places/27. Park/MVI_3381.pkl,data/processed/landmarks/include/PARK/9b5cbe97abc2.npz,65,0.0,0.0,0.9077,1.0,,test
c52cae332f8c,PARK,include,video,,include:clip:c52cae332f8c,data/external/include_pose/INCLUDE/Pose_Signs/Places/27. Park/MVI_3470.pkl,data/processed/landmarks/include/PARK/c52cae332f8c.npz,59,0.0,0.0,0.9831,1.0,,test
5ec69e56a6f6,STORE_OR_SHOP,include,video,,include:clip:5ec69e56a6f6,data/external/include_pose/INCLUDE/Pose_Signs/Places/28. Store or Shop/MVI_3308.pkl,data/processed/landmarks/include/STORE_OR_SHOP/5ec69e56a6f6.npz,61,0.0,0.0,0.8033,1.0,,test
e6049eb163db,STORE_OR_SHOP,include,video,,include:clip:e6049eb163db,data/external/include_pose/INCLUDE/Pose_Signs/Places/28. Store or Shop/MVI_3552.pkl,data/processed/landmarks/include/STORE_OR_SHOP/e6049eb163db.npz,46,0.0,0.0,0.8478,1.0,,test
605114b0eeda,STORE_OR_SHOP,include,video,,include:clip:605114b0eeda,data/external/include_pose/INCLUDE/Pose_Signs/Places/28. Store or Shop/MVI_3307.pkl,data/processed/landmarks/include/STORE_OR_SHOP/605114b0eeda.npz,59,0.0,0.0,0.7119,1.0,,test
3f01f50afb0b,LIBRARY,include,video,,include:clip:3f01f50afb0b,data/external/include_pose/INCLUDE/Pose_Signs/Places/29. Library/MVI_3314.pkl,data/processed/landmarks/include/LIBRARY/3f01f50afb0b.npz,72,0.0,0.0,0.9028,1.0,,test
a0e4a8a6f47c,LIBRARY,include,video,,include:clip:a0e4a8a6f47c,data/external/include_pose/INCLUDE/Pose_Signs/Places/29. Library/MVI_3668.pkl,data/processed/landmarks/include/LIBRARY/a0e4a8a6f47c.npz,100,0.0,0.0,1.0,1.0,,test
2e5a3cefa285,LIBRARY,include,video,,include:clip:2e5a3cefa285,data/external/include_pose/INCLUDE/Pose_Signs/Places/29. Library/MVI_3559.pkl,data/processed/landmarks/include/LIBRARY/2e5a3cefa285.npz,71,0.0,0.0,0.9296,1.0,,test
8f47efc5b685,LIBRARY,include,video,,include:clip:8f47efc5b685,data/external/include_pose/INCLUDE/Pose_Signs/Places/29. Library/MVI_3665.pkl,data/processed/landmarks/include/LIBRARY/8f47efc5b685.npz,76,0.0,0.0,1.0,1.0,,test
64839ec497a9,HOSPITAL,include,video,,include:clip:64839ec497a9,data/external/include_pose/INCLUDE/Pose_Signs/Places/30. Hospital/MVI_3481.pkl,data/processed/landmarks/include/HOSPITAL/64839ec497a9.npz,69,0.0,0.0,0.9565,1.0,,test
1a2b670580c2,HOSPITAL,include,video,,include:clip:1a2b670580c2,data/external/include_pose/INCLUDE/Pose_Signs/Places/30. Hospital/MVI_3639.pkl,data/processed/landmarks/include/HOSPITAL/1a2b670580c2.npz,54,0.0,0.0,0.8889,1.0,,test
464680ab435b,HOSPITAL,include,video,,include:clip:464680ab435b,data/external/include_pose/INCLUDE/Pose_Signs/Places/30. Hospital/MVI_3640.pkl,data/processed/landmarks/include/HOSPITAL/464680ab435b.npz,56,0.0,0.0,0.9643,1.0,,test
061717321577,HOSPITAL,include,video,,include:clip:061717321577,data/external/include_pose/INCLUDE/Pose_Signs/Places/30. Hospital/MVI_3483.pkl,data/processed/landmarks/include/HOSPITAL/061717321577.npz,61,0.0,0.0,0.9508,1.0,,test
a9cfed2cb98f,TEMPLE,include,video,,include:clip:a9cfed2cb98f,data/external/include_pose/INCLUDE/Pose_Signs/Places/31. Temple/MVI_3321.pkl,data/processed/landmarks/include/TEMPLE/a9cfed2cb98f.npz,81,0.0,0.0,0.9012,1.0,,test
616f66807c0a,TEMPLE,include,video,,include:clip:616f66807c0a,data/external/include_pose/INCLUDE/Pose_Signs/Places/31. Temple/MVI_3486.pkl,data/processed/landmarks/include/TEMPLE/616f66807c0a.npz,91,0.0,0.0,0.9011,1.0,,test
d194f0a782b4,TEMPLE,include,video,,include:clip:d194f0a782b4,data/external/include_pose/INCLUDE/Pose_Signs/Places/31. Temple/MVI_3401.pkl,data/processed/landmarks/include/TEMPLE/d194f0a782b4.npz,78,0.0,0.0,0.9103,1.0,,test
b57f58505bbb,TEMPLE,include,video,,include:clip:b57f58505bbb,data/external/include_pose/INCLUDE/Pose_Signs/Places/31. Temple/MVI_3567.pkl,data/processed/landmarks/include/TEMPLE/b57f58505bbb.npz,79,0.0,0.0,0.7089,1.0,,test
dd275e2bbd1d,MARKET,include,video,,include:clip:dd275e2bbd1d,data/external/include_pose/INCLUDE/Pose_Signs/Places/32. Market/MVI_3491.pkl,data/processed/landmarks/include/MARKET/dd275e2bbd1d.npz,49,0.0,0.0,0.9592,1.0,,test
f231301a16d9,MARKET,include,video,,include:clip:f231301a16d9,data/external/include_pose/INCLUDE/Pose_Signs/Places/32. Market/MVI_3571.pkl,data/processed/landmarks/include/MARKET/f231301a16d9.npz,49,0.0,0.0,0.7755,1.0,,test
d2aabbae0428,MARKET,include,video,,include:clip:d2aabbae0428,data/external/include_pose/INCLUDE/Pose_Signs/Places/32. Market/MVI_3650.pkl,data/processed/landmarks/include/MARKET/d2aabbae0428.npz,49,0.0,0.0,0.7347,1.0,,test
55e431cb894a,INDIA,include,video,,include:clip:55e431cb894a,data/external/include_pose/INCLUDE/Pose_Signs/Places/33. India/MVI_3410.pkl,data/processed/landmarks/include/INDIA/55e431cb894a.npz,62,0.0,0.0,1.0,1.0,,test
5a91c4c939f9,INDIA,include,video,,include:clip:5a91c4c939f9,data/external/include_pose/INCLUDE/Pose_Signs/Places/33. India/MVI_3495.pkl,data/processed/landmarks/include/INDIA/5a91c4c939f9.npz,49,0.0,0.0,1.0,1.0,,test
807b81189b53,INDIA,include,video,,include:clip:807b81189b53,data/external/include_pose/INCLUDE/Pose_Signs/Places/33. India/MVI_3574.pkl,data/processed/landmarks/include/INDIA/807b81189b53.npz,40,0.0,0.0,1.0,1.0,,test
b4fc9649ad72,INDIA,include,video,,include:clip:b4fc9649ad72,data/external/include_pose/INCLUDE/Pose_Signs/Places/33. India/MVI_3413.pkl,data/processed/landmarks/include/INDIA/b4fc9649ad72.npz,59,0.0,0.0,1.0,1.0,,test
3bc2d98302d9,GROUND,include,video,,include:clip:3bc2d98302d9,data/external/include_pose/INCLUDE/Pose_Signs/Places/34. Ground/MVI_3578.pkl,data/processed/landmarks/include/GROUND/3bc2d98302d9.npz,53,0.0,0.0,0.9057,1.0,,test
6dcdde986990,GROUND,include,video,,include:clip:6dcdde986990,data/external/include_pose/INCLUDE/Pose_Signs/Places/34. Ground/MVI_3577.pkl,data/processed/landmarks/include/GROUND/6dcdde986990.npz,53,0.0,0.0,0.9245,1.0,,test
8d5e037e833b,GROUND,include,video,,include:clip:8d5e037e833b,data/external/include_pose/INCLUDE/Pose_Signs/Places/34. Ground/MVI_3417.pkl,data/processed/landmarks/include/GROUND/8d5e037e833b.npz,71,0.0,0.0,0.9437,1.0,,test
dad2587842ce,GROUND,include,video,,include:clip:dad2587842ce,data/external/include_pose/INCLUDE/Pose_Signs/Places/34. Ground/MVI_3416.pkl,data/processed/landmarks/include/GROUND/dad2587842ce.npz,64,0.0,0.0,0.9688,1.0,,test
f8f8b8840bba,BANK,include,video,,include:clip:f8f8b8840bba,data/external/include_pose/INCLUDE/Pose_Signs/Places/35. Bank/MVI_3421.pkl,data/processed/landmarks/include/BANK/f8f8b8840bba.npz,59,0.0,0.0,0.9153,1.0,,test
e8b17c79a74b,BANK,include,video,,include:clip:e8b17c79a74b,data/external/include_pose/INCLUDE/Pose_Signs/Places/35. Bank/MVI_3422.pkl,data/processed/landmarks/include/BANK/e8b17c79a74b.npz,59,0.0,0.0,0.9322,1.0,,test
e01afe32b01f,BANK,include,video,,include:clip:e01afe32b01f,data/external/include_pose/INCLUDE/Pose_Signs/Places/35. Bank/MVI_3500.pkl,data/processed/landmarks/include/BANK/e01afe32b01f.npz,44,0.0,0.0,0.9773,1.0,,test
44149265e97c,BANK,include,video,,include:clip:44149265e97c,data/external/include_pose/INCLUDE/Pose_Signs/Places/35. Bank/MVI_3663.pkl,data/processed/landmarks/include/BANK/44149265e97c.npz,44,0.0,0.0,0.9545,1.0,,test
ffd668328332,LOCATION,include,video,,include:clip:ffd668328332,data/external/include_pose/INCLUDE/Pose_Signs/Places/36. Location/MVI_3341.pkl,data/processed/landmarks/include/LOCATION/ffd668328332.npz,70,0.0,0.0,0.9571,1.0,,test
f09d9f55bc95,LOCATION,include,video,,include:clip:f09d9f55bc95,data/external/include_pose/INCLUDE/Pose_Signs/Places/36. Location/MVI_3342.pkl,data/processed/landmarks/include/LOCATION/f09d9f55bc95.npz,74,0.0,0.0,0.8649,1.0,,test
bbafe4ed94ea,LOCATION,include,video,,include:clip:bbafe4ed94ea,data/external/include_pose/INCLUDE/Pose_Signs/Places/36. Location/MVI_3672.pkl,data/processed/landmarks/include/LOCATION/bbafe4ed94ea.npz,67,0.0,0.0,0.9403,1.0,,test
b8a9c9d37b84,LOCATION,include,video,,include:clip:b8a9c9d37b84,data/external/include_pose/INCLUDE/Pose_Signs/Places/36. Location/MVI_3588.pkl,data/processed/landmarks/include/LOCATION/b8a9c9d37b84.npz,51,0.0,0.0,0.7647,1.0,,test
75ec5d0f3ff2,I,include,video,,include:clip:75ec5d0f3ff2,data/external/include_pose/INCLUDE/Pose_Signs/Pronouns/40. I/MVI_9920.pkl,data/processed/landmarks/include/I/75ec5d0f3ff2.npz,80,0.0,0.0,1.0,1.0,,test
a62d974e2f26,I,include,video,,include:clip:a62d974e2f26,data/external/include_pose/INCLUDE/Pose_Signs/Pronouns/40. I/MVI_0001.pkl,data/processed/landmarks/include/I/a62d974e2f26.npz,66,0.0,0.0,1.0,1.0,,test
6f5018be780a,I,include,video,,include:clip:6f5018be780a,data/external/include_pose/INCLUDE/Pose_Signs/Pronouns/40. I/MVI_0002.pkl,data/processed/landmarks/include/I/6f5018be780a.npz,89,0.0,0.0,1.0,1.0,,test
400e0d22eb37,I,include,video,,include:clip:400e0d22eb37,data/external/include_pose/INCLUDE/Pose_Signs/Pronouns/40. I/MVI_0065.pkl,data/processed/landmarks/include/I/400e0d22eb37.npz,71,0.0,0.0,1.0,1.0,,test
29ba5f844921,YOU,include,video,,include:clip:29ba5f844921,data/external/include_pose/INCLUDE/Pose_Signs/Pronouns/41. you/MVI_9886.pkl,data/processed/landmarks/include/YOU/29ba5f844921.npz,45,0.0,0.0,1.0,1.0,,test
5ed36d0ce72c,YOU,include,video,,include:clip:5ed36d0ce72c,data/external/include_pose/INCLUDE/Pose_Signs/Pronouns/41. you/MVI_0017.pkl,data/processed/landmarks/include/YOU/5ed36d0ce72c.npz,48,0.0,0.0,1.0,1.0,,test
3defcfdd6c05,YOU,include,video,,include:clip:3defcfdd6c05,data/external/include_pose/INCLUDE/Pose_Signs/Pronouns/41. you/MVI_9923.pkl,data/processed/landmarks/include/YOU/3defcfdd6c05.npz,68,0.0,0.0,1.0,1.0,,test
4fe001c28c7b,YOU,include,video,,include:clip:4fe001c28c7b,data/external/include_pose/INCLUDE/Pose_Signs/Pronouns/41. you/MVI_9924.pkl,data/processed/landmarks/include/YOU/4fe001c28c7b.npz,92,0.0,0.0,1.0,1.0,,test
369c170bfa48,HE,include,video,,include:clip:369c170bfa48,data/external/include_pose/INCLUDE/Pose_Signs/Pronouns/42. he/MVI_0020.pkl,data/processed/landmarks/include/HE/369c170bfa48.npz,53,0.0,0.0,1.0,1.0,,test
7a54d81e9fd5,HE,include,video,,include:clip:7a54d81e9fd5,data/external/include_pose/INCLUDE/Pose_Signs/Pronouns/42. he/MVI_9963.pkl,data/processed/landmarks/include/HE/7a54d81e9fd5.npz,51,0.0,0.0,1.0,1.0,,test
5fa0150f29dc,HE,include,video,,include:clip:5fa0150f29dc,data/external/include_pose/INCLUDE/Pose_Signs/Pronouns/42. he/MVI_0005.pkl,data/processed/landmarks/include/HE/5fa0150f29dc.npz,75,0.0,0.0,1.0,1.0,,test
1c90901aca5a,HE,include,video,,include:clip:1c90901aca5a,data/external/include_pose/INCLUDE/Pose_Signs/Pronouns/42. he/MVI_0018.pkl,data/processed/landmarks/include/HE/1c90901aca5a.npz,42,0.0,0.0,1.0,1.0,,test
08b792998c21,SHE,include,video,,include:clip:08b792998c21,data/external/include_pose/INCLUDE/Pose_Signs/Pronouns/43. she/MVI_9968.pkl,data/processed/landmarks/include/SHE/08b792998c21.npz,54,0.0,0.0,1.0,1.0,,test
18e281c64205,SHE,include,video,,include:clip:18e281c64205,data/external/include_pose/INCLUDE/Pose_Signs/Pronouns/43. she/MVI_0023.pkl,data/processed/landmarks/include/SHE/18e281c64205.npz,51,0.0,0.0,1.0,1.0,,test
4d803cb9b021,SHE,include,video,,include:clip:4d803cb9b021,data/external/include_pose/INCLUDE/Pose_Signs/Pronouns/43. she/MVI_9933.pkl,data/processed/landmarks/include/SHE/4d803cb9b021.npz,94,0.0,0.0,1.0,1.0,,test
7009b76ca65e,SHE,include,video,,include:clip:7009b76ca65e,data/external/include_pose/INCLUDE/Pose_Signs/Pronouns/43. she/MVI_0022.pkl,data/processed/landmarks/include/SHE/7009b76ca65e.npz,50,0.0,0.0,1.0,1.0,,test
1417ef73c042,IT,include,video,,include:clip:1417ef73c042,data/external/include_pose/INCLUDE/Pose_Signs/Pronouns/44. it/MVI_9937.pkl,data/processed/landmarks/include/IT/1417ef73c042.npz,87,0.0,0.0,1.0,1.0,,test
24061f831afb,IT,include,video,,include:clip:24061f831afb,data/external/include_pose/INCLUDE/Pose_Signs/Pronouns/44. it/MVI_0025.pkl,data/processed/landmarks/include/IT/24061f831afb.npz,40,0.0,0.0,1.0,1.0,,test
a5e8c2123e5b,IT,include,video,,include:clip:a5e8c2123e5b,data/external/include_pose/INCLUDE/Pose_Signs/Pronouns/44. it/MVI_0026.pkl,data/processed/landmarks/include/IT/a5e8c2123e5b.npz,43,0.0,0.0,1.0,1.0,,test
f85a7c83107e,IT,include,video,,include:clip:f85a7c83107e,data/external/include_pose/INCLUDE/Pose_Signs/Pronouns/44. it/MVI_0076.pkl,data/processed/landmarks/include/IT/f85a7c83107e.npz,61,0.0,0.0,1.0,1.0,,test
031e017ff952,WE,include,video,,include:clip:031e017ff952,data/external/include_pose/INCLUDE/Pose_Signs/Pronouns/45. we/MVI_0018.pkl,data/processed/landmarks/include/WE/031e017ff952.npz,81,0.0,0.0,0.9259,1.0,,test
604e6b1674b8,WE,include,video,,include:clip:604e6b1674b8,data/external/include_pose/INCLUDE/Pose_Signs/Pronouns/45. we/MVI_0029.pkl,data/processed/landmarks/include/WE/604e6b1674b8.npz,62,0.0,0.0,0.9032,1.0,,test
795b7b97c516,WE,include,video,,include:clip:795b7b97c516,data/external/include_pose/INCLUDE/Pose_Signs/Pronouns/45. we/MVI_9941.pkl,data/processed/landmarks/include/WE/795b7b97c516.npz,83,0.0,0.0,0.9277,1.0,,test
b0b4aba20f29,WE,include,video,,include:clip:b0b4aba20f29,data/external/include_pose/INCLUDE/Pose_Signs/Pronouns/45. we/MVI_0079.pkl,data/processed/landmarks/include/WE/b0b4aba20f29.npz,72,0.0,0.0,0.9306,1.0,,test
d2f5967a3da7,YOU_PLURAL,include,video,,include:clip:d2f5967a3da7,data/external/include_pose/INCLUDE/Pose_Signs/Pronouns/46. you (plural)/MVI_9907.pkl,data/processed/landmarks/include/YOU_PLURAL/d2f5967a3da7.npz,53,0.0,0.0,1.0,1.0,,test
d4d303715939,YOU_PLURAL,include,video,,include:clip:d4d303715939,data/external/include_pose/INCLUDE/Pose_Signs/Pronouns/46. you (plural)/MVI_9947.pkl,data/processed/landmarks/include/YOU_PLURAL/d4d303715939.npz,64,0.0,0.0,1.0,1.0,,test
b7a8056a0795,YOU_PLURAL,include,video,,include:clip:b7a8056a0795,data/external/include_pose/INCLUDE/Pose_Signs/Pronouns/46. you (plural)/MVI_0083.pkl,data/processed/landmarks/include/YOU_PLURAL/b7a8056a0795.npz,78,0.0,0.0,1.0,1.0,,test
9a7954d0c992,YOU_PLURAL,include,video,,include:clip:9a7954d0c992,data/external/include_pose/INCLUDE/Pose_Signs/Pronouns/46. you (plural)/MVI_9975.pkl,data/processed/landmarks/include/YOU_PLURAL/9a7954d0c992.npz,73,0.0,0.0,1.0,1.0,,test
6d05a1a610ab,THEY,include,video,,include:clip:6d05a1a610ab,data/external/include_pose/INCLUDE/Pose_Signs/Pronouns/47. they/MVI_9979.pkl,data/processed/landmarks/include/THEY/6d05a1a610ab.npz,56,0.0,0.0,1.0,1.0,,test
f840ac5bb7c1,THEY,include,video,,include:clip:f840ac5bb7c1,data/external/include_pose/INCLUDE/Pose_Signs/Pronouns/47. they/MVI_0025.pkl,data/processed/landmarks/include/THEY/f840ac5bb7c1.npz,76,0.0,0.0,1.0,1.0,,test
928cc79841d6,THEY,include,video,,include:clip:928cc79841d6,data/external/include_pose/INCLUDE/Pose_Signs/Pronouns/47. they/MVI_0088.pkl,data/processed/landmarks/include/THEY/928cc79841d6.npz,71,0.0,0.0,1.0,1.0,,test
261b34b72e7c,THEY,include,video,,include:clip:261b34b72e7c,data/external/include_pose/INCLUDE/Pose_Signs/Pronouns/47. they/MVI_9950.pkl,data/processed/landmarks/include/THEY/261b34b72e7c.npz,87,0.0,0.0,1.0,1.0,,test
510b917c199b,SUMMER,include,video,,include:clip:510b917c199b,data/external/include_pose/INCLUDE/Pose_Signs/Seasons/61. Summer/MVI_4991.pkl,data/processed/landmarks/include/SUMMER/510b917c199b.npz,61,0.0,0.0,1.0,1.0,,test
808ccc317af3,SUMMER,include,video,,include:clip:808ccc317af3,data/external/include_pose/INCLUDE/Pose_Signs/Seasons/61. Summer/MVI_5421.pkl,data/processed/landmarks/include/SUMMER/808ccc317af3.npz,70,0.0,0.0,1.0,1.0,,test
9e045ca5dcd4,SUMMER,include,video,,include:clip:9e045ca5dcd4,data/external/include_pose/INCLUDE/Pose_Signs/Seasons/61. Summer/MVI_4992.pkl,data/processed/landmarks/include/SUMMER/9e045ca5dcd4.npz,60,0.0,0.0,1.0,1.0,,test
776a7acc49e4,SPRING,include,video,,include:clip:776a7acc49e4,data/external/include_pose/INCLUDE/Pose_Signs/Seasons/62. Spring/MVI_9125.pkl,data/processed/landmarks/include/SPRING/776a7acc49e4.npz,96,0.0,0.0,0.9271,1.0,,test
86b9e48923ea,SPRING,include,video,,include:clip:86b9e48923ea,data/external/include_pose/INCLUDE/Pose_Signs/Seasons/62. Spring/MVI_4995.pkl,data/processed/landmarks/include/SPRING/86b9e48923ea.npz,64,0.0,0.0,0.9688,1.0,,test
cba94b2a1720,SPRING,include,video,,include:clip:cba94b2a1720,data/external/include_pose/INCLUDE/Pose_Signs/Seasons/62. Spring/MVI_4993.pkl,data/processed/landmarks/include/SPRING/cba94b2a1720.npz,71,0.0,0.0,0.9014,1.0,,test
4ed00359fc6b,WINTER,include,video,,include:clip:4ed00359fc6b,data/external/include_pose/INCLUDE/Pose_Signs/Seasons/63. Winter/MVI_4998.pkl,data/processed/landmarks/include/WINTER/4ed00359fc6b.npz,52,0.0,0.0,0.8846,1.0,,test
6ef16edca85e,WINTER,include,video,,include:clip:6ef16edca85e,data/external/include_pose/INCLUDE/Pose_Signs/Seasons/63. Winter/MVI_5432.pkl,data/processed/landmarks/include/WINTER/6ef16edca85e.npz,61,0.0,0.0,0.9344,1.0,,test
bbcb85dd2feb,WINTER,include,video,,include:clip:bbcb85dd2feb,data/external/include_pose/INCLUDE/Pose_Signs/Seasons/63. Winter/MVI_9129.pkl,data/processed/landmarks/include/WINTER/bbcb85dd2feb.npz,74,0.0,0.0,0.8919,1.0,,test
37e2aa6c2ecf,FALL,include,video,,include:clip:37e2aa6c2ecf,data/external/include_pose/INCLUDE/Pose_Signs/Seasons/64. Fall/MVI_4578.pkl,data/processed/landmarks/include/FALL/37e2aa6c2ecf.npz,57,0.0,0.0,1.0,1.0,,test
0c09bda3609a,FALL,include,video,,include:clip:0c09bda3609a,data/external/include_pose/INCLUDE/Pose_Signs/Seasons/64. Fall/MVI_5436.pkl,data/processed/landmarks/include/FALL/0c09bda3609a.npz,52,0.0,0.0,1.0,1.0,,test
29d55e75e9e3,FALL,include,video,,include:clip:29d55e75e9e3,data/external/include_pose/INCLUDE/Pose_Signs/Seasons/64. Fall/MVI_4577.pkl,data/processed/landmarks/include/FALL/29d55e75e9e3.npz,71,0.0,0.0,0.9718,1.0,,test
c332c819beb8,SEASON,include,video,,include:clip:c332c819beb8,data/external/include_pose/INCLUDE/Pose_Signs/Seasons/65. Season/MVI_9136.pkl,data/processed/landmarks/include/SEASON/c332c819beb8.npz,114,0.0,0.0,0.9211,1.0,,test
fe5eae3b545a,SEASON,include,video,,include:clip:fe5eae3b545a,data/external/include_pose/INCLUDE/Pose_Signs/Seasons/65. Season/MVI_4584.pkl,data/processed/landmarks/include/SEASON/fe5eae3b545a.npz,127,0.0,0.0,0.9213,1.0,,test
26ab4c76bd55,SEASON,include,video,,include:clip:26ab4c76bd55,data/external/include_pose/INCLUDE/Pose_Signs/Seasons/65. Season/MVI_5004.pkl,data/processed/landmarks/include/SEASON/26ab4c76bd55.npz,88,0.0,0.0,0.7841,1.0,,test
5394a155c1f5,EX_MONSOON,include,video,,include:clip:5394a155c1f5,data/external/include_pose/INCLUDE/Pose_Signs/Seasons/Ex. Monsoon/MVI_4673.pkl,data/processed/landmarks/include/EX_MONSOON/5394a155c1f5.npz,62,0.0,0.0,0.8387,1.0,,test
bbd4feafba58,EX_MONSOON,include,video,,include:clip:bbd4feafba58,data/external/include_pose/INCLUDE/Pose_Signs/Seasons/Ex. Monsoon/MVI_5529.pkl,data/processed/landmarks/include/EX_MONSOON/bbd4feafba58.npz,48,0.0,0.0,0.7917,1.0,,test
d1c47336baa1,EX_MONSOON,include,video,,include:clip:d1c47336baa1,data/external/include_pose/INCLUDE/Pose_Signs/Seasons/Ex. Monsoon/MVI_5080.pkl,data/processed/landmarks/include/EX_MONSOON/d1c47336baa1.npz,47,0.0,0.0,0.8511,1.0,,test
fa4b387a62b8,RELIGION,include,video,,include:clip:fa4b387a62b8,data/external/include_pose/INCLUDE/Pose_Signs/Society/1. Religion/MVI_4251.pkl,data/processed/landmarks/include/RELIGION/fa4b387a62b8.npz,107,0.0,0.0,0.972,1.0,,test
2267ea87d77f,RELIGION,include,video,,include:clip:2267ea87d77f,data/external/include_pose/INCLUDE/Pose_Signs/Society/1. Religion/MVI_8929.pkl,data/processed/landmarks/include/RELIGION/2267ea87d77f.npz,118,0.0,0.0,0.9576,1.0,,test
fd1602d57c56,RELIGION,include,video,,include:clip:fd1602d57c56,data/external/include_pose/INCLUDE/Pose_Signs/Society/1. Religion/MVI_8659.pkl,data/processed/landmarks/include/RELIGION/fd1602d57c56.npz,125,0.0,0.0,0.68,1.0,,test
9be6e083987a,ENERGY,include,video,,include:clip:9be6e083987a,data/external/include_pose/INCLUDE/Pose_Signs/Society/10. Energy/MVI_8955.pkl,data/processed/landmarks/include/ENERGY/9be6e083987a.npz,67,0.0,0.0,0.9254,1.0,,test
5a7860da89c1,ENERGY,include,video,,include:clip:5a7860da89c1,data/external/include_pose/INCLUDE/Pose_Signs/Society/10. Energy/MVI_4827.pkl,data/processed/landmarks/include/ENERGY/5a7860da89c1.npz,51,0.0,0.0,0.8627,1.0,,test
87ecc5fa2840,ENERGY,include,video,,include:clip:87ecc5fa2840,data/external/include_pose/INCLUDE/Pose_Signs/Society/10. Energy/MVI_4287.pkl,data/processed/landmarks/include/ENERGY/87ecc5fa2840.npz,46,0.0,0.0,0.9348,1.0,,test
b6727488a8e3,WAR,include,video,,include:clip:b6727488a8e3,data/external/include_pose/INCLUDE/Pose_Signs/Society/11. War/MVI_8957.pkl,data/processed/landmarks/include/WAR/b6727488a8e3.npz,71,0.0,0.0,0.8592,1.0,,test
ab404e5013d7,WAR,include,video,,include:clip:ab404e5013d7,data/external/include_pose/INCLUDE/Pose_Signs/Society/11. War/MVI_4294.pkl,data/processed/landmarks/include/WAR/ab404e5013d7.npz,55,0.0,0.0,0.9455,1.0,,test
5f0ef08035b0,WAR,include,video,,include:clip:5f0ef08035b0,data/external/include_pose/INCLUDE/Pose_Signs/Society/11. War/MVI_4830.pkl,data/processed/landmarks/include/WAR/5f0ef08035b0.npz,56,0.0,0.0,0.8571,1.0,,test
79fda6ab3e1d,PEACE,include,video,,include:clip:79fda6ab3e1d,data/external/include_pose/INCLUDE/Pose_Signs/Society/12. Peace/MVI_4835.pkl,data/processed/landmarks/include/PEACE/79fda6ab3e1d.npz,64,0.0,0.0,0.9688,1.0,,test
9b81c4d14478,PEACE,include,video,,include:clip:9b81c4d14478,data/external/include_pose/INCLUDE/Pose_Signs/Society/12. Peace/MVI_8703.pkl,data/processed/landmarks/include/PEACE/9b81c4d14478.npz,80,0.0,0.0,0.6625,1.0,,test
00b0c19674e3,PEACE,include,video,,include:clip:00b0c19674e3,data/external/include_pose/INCLUDE/Pose_Signs/Society/12. Peace/MVI_4833.pkl,data/processed/landmarks/include/PEACE/00b0c19674e3.npz,60,0.0,0.0,0.9667,1.0,,test
9bcabe879f3e,ATTACK,include,video,,include:clip:9bcabe879f3e,data/external/include_pose/INCLUDE/Pose_Signs/Society/13. Attack/MVI_8706.pkl,data/processed/landmarks/include/ATTACK/9bcabe879f3e.npz,95,0.0,0.0,0.5684,1.0,,test
31509d431b9e,ATTACK,include,video,,include:clip:31509d431b9e,data/external/include_pose/INCLUDE/Pose_Signs/Society/13. Attack/MVI_8964.pkl,data/processed/landmarks/include/ATTACK/31509d431b9e.npz,71,0.0,0.0,1.0,1.0,,test
3d727f9d420e,ATTACK,include,video,,include:clip:3d727f9d420e,data/external/include_pose/INCLUDE/Pose_Signs/Society/13. Attack/MVI_8966.pkl,data/processed/landmarks/include/ATTACK/3d727f9d420e.npz,85,0.0,0.0,1.0,1.0,,test
8c0d70076b85,ELECTION,include,video,,include:clip:8c0d70076b85,data/external/include_pose/INCLUDE/Pose_Signs/Society/14. Election/MVI_4305.pkl,data/processed/landmarks/include/ELECTION/8c0d70076b85.npz,80,0.0,0.0,1.0,1.0,,test
5b0dfe05e78c,ELECTION,include,video,,include:clip:5b0dfe05e78c,data/external/include_pose/INCLUDE/Pose_Signs/Society/14. Election/MVI_8967.pkl,data/processed/landmarks/include/ELECTION/5b0dfe05e78c.npz,63,0.0,0.0,0.9365,1.0,,test
9226dbb25c25,ELECTION,include,video,,include:clip:9226dbb25c25,data/external/include_pose/INCLUDE/Pose_Signs/Society/14. Election/MVI_8712.pkl,data/processed/landmarks/include/ELECTION/9226dbb25c25.npz,83,0.0,0.0,0.7349,1.0,,test
8c2929c3eb15,NEWSPAPER,include,video,,include:clip:8c2929c3eb15,data/external/include_pose/INCLUDE/Pose_Signs/Society/15. Newspaper/MVI_4310.pkl,data/processed/landmarks/include/NEWSPAPER/8c2929c3eb15.npz,67,0.0,0.0,0.9851,1.0,,test
e3e30a8458cc,NEWSPAPER,include,video,,include:clip:e3e30a8458cc,data/external/include_pose/INCLUDE/Pose_Signs/Society/15. Newspaper/MVI_8972.pkl,data/processed/landmarks/include/NEWSPAPER/e3e30a8458cc.npz,67,0.0,0.0,0.9104,1.0,,test
2be5dac23edc,NEWSPAPER,include,video,,include:clip:2be5dac23edc,data/external/include_pose/INCLUDE/Pose_Signs/Society/15. Newspaper/MVI_4311.pkl,data/processed/landmarks/include/NEWSPAPER/2be5dac23edc.npz,70,0.0,0.0,0.9714,1.0,,test
37fe88b6e632,GUN,include,video,,include:clip:37fe88b6e632,data/external/include_pose/INCLUDE/Pose_Signs/Society/16. Gun/MVI_8720.pkl,data/processed/landmarks/include/GUN/37fe88b6e632.npz,59,0.0,0.0,0.5424,1.0,,test
d9311f5f3366,GUN,include,video,,include:clip:d9311f5f3366,data/external/include_pose/INCLUDE/Pose_Signs/Society/16. Gun/MVI_8974.pkl,data/processed/landmarks/include/GUN/d9311f5f3366.npz,56,0.0,0.0,1.0,1.0,,test
a35b05bcc699,GUN,include,video,,include:clip:a35b05bcc699,data/external/include_pose/INCLUDE/Pose_Signs/Society/16. Gun/MVI_4312.pkl,data/processed/landmarks/include/GUN/a35b05bcc699.npz,50,0.0,0.0,1.0,1.0,,test
b82c48ef5315,SPORT,include,video,,include:clip:b82c48ef5315,data/external/include_pose/INCLUDE/Pose_Signs/Society/17. Sport/MVI_4319.pkl,data/processed/landmarks/include/SPORT/b82c48ef5315.npz,66,0.0,0.0,0.8788,1.0,,test
869b0f2ee424,SPORT,include,video,,include:clip:869b0f2ee424,data/external/include_pose/INCLUDE/Pose_Signs/Society/17. Sport/MVI_4850.pkl,data/processed/landmarks/include/SPORT/869b0f2ee424.npz,59,0.0,0.0,0.7627,1.0,,test
632fb934e5fa,SPORT,include,video,,include:clip:632fb934e5fa,data/external/include_pose/INCLUDE/Pose_Signs/Society/17. Sport/MVI_8722.pkl,data/processed/landmarks/include/SPORT/632fb934e5fa.npz,73,0.0,0.0,0.7534,1.0,,test
96f4f5ddccec,EXERCISE,include,video,,include:clip:96f4f5ddccec,data/external/include_pose/INCLUDE/Pose_Signs/Society/18. Exercise/MVI_4321.pkl,data/processed/landmarks/include/EXERCISE/96f4f5ddccec.npz,58,0.0,0.0,0.9483,1.0,,test
0946adbe9d03,EXERCISE,include,video,,include:clip:0946adbe9d03,data/external/include_pose/INCLUDE/Pose_Signs/Society/18. Exercise/MVI_8728.pkl,data/processed/landmarks/include/EXERCISE/0946adbe9d03.npz,65,0.0,0.0,0.7231,1.0,,test
0e6f3ade9537,EXERCISE,include,video,,include:clip:0e6f3ade9537,data/external/include_pose/INCLUDE/Pose_Signs/Society/18. Exercise/MVI_4323.pkl,data/processed/landmarks/include/EXERCISE/0e6f3ade9537.npz,60,0.0,0.0,0.8667,1.0,,test
15c67a134a38,BALL,include,video,,include:clip:15c67a134a38,data/external/include_pose/INCLUDE/Pose_Signs/Society/19. Ball/MVI_4854.pkl,data/processed/landmarks/include/BALL/15c67a134a38.npz,44,0.0,0.0,1.0,1.0,,test
3b5ef0282f61,BALL,include,video,,include:clip:3b5ef0282f61,data/external/include_pose/INCLUDE/Pose_Signs/Society/19. Ball/MVI_8982.pkl,data/processed/landmarks/include/BALL/3b5ef0282f61.npz,68,0.0,0.0,1.0,1.0,,test
63f77bf31d34,BALL,include,video,,include:clip:63f77bf31d34,data/external/include_pose/INCLUDE/Pose_Signs/Society/19. Ball/MVI_4856.pkl,data/processed/landmarks/include/BALL/63f77bf31d34.npz,41,0.0,0.0,1.0,1.0,,test
d6fd582d1ee7,DEATH,include,video,,include:clip:d6fd582d1ee7,data/external/include_pose/INCLUDE/Pose_Signs/Society/2. Death/MVI_4802.pkl,data/processed/landmarks/include/DEATH/d6fd582d1ee7.npz,61,0.0,0.0,0.9508,1.0,,test
e768f43baa04,DEATH,include,video,,include:clip:e768f43baa04,data/external/include_pose/INCLUDE/Pose_Signs/Society/2. Death/MVI_8931.pkl,data/processed/landmarks/include/DEATH/e768f43baa04.npz,68,0.0,0.0,0.9706,1.0,,test
82fe12cfdb27,DEATH,include,video,,include:clip:82fe12cfdb27,data/external/include_pose/INCLUDE/Pose_Signs/Society/2. Death/MVI_8664.pkl,data/processed/landmarks/include/DEATH/82fe12cfdb27.npz,92,0.0,0.0,0.8043,1.0,,test
5680c531e77b,PRICE,include,video,,include:clip:5680c531e77b,data/external/include_pose/INCLUDE/Pose_Signs/Society/20. Price/MVI_8734.pkl,data/processed/landmarks/include/PRICE/5680c531e77b.npz,82,0.0,0.0,0.9024,1.0,,test
10ee1dc59a2b,PRICE,include,video,,include:clip:10ee1dc59a2b,data/external/include_pose/INCLUDE/Pose_Signs/Society/20. Price/MVI_8735.pkl,data/processed/landmarks/include/PRICE/10ee1dc59a2b.npz,78,0.0,0.0,0.7179,1.0,,test
ca3ad59e0cc6,PRICE,include,video,,include:clip:ca3ad59e0cc6,data/external/include_pose/INCLUDE/Pose_Signs/Society/20. Price/MVI_4859.pkl,data/processed/landmarks/include/PRICE/ca3ad59e0cc6.npz,54,0.0,0.0,0.9444,1.0,,test
d6841dcf8ab7,SIGN,include,video,,include:clip:d6841dcf8ab7,data/external/include_pose/INCLUDE/Pose_Signs/Society/21. Sign/MVI_4333.pkl,data/processed/landmarks/include/SIGN/d6841dcf8ab7.npz,55,0.0,0.0,1.0,1.0,,test
acc011ef26f3,SIGN,include,video,,include:clip:acc011ef26f3,data/external/include_pose/INCLUDE/Pose_Signs/Society/21. Sign/MVI_8991.pkl,data/processed/landmarks/include/SIGN/acc011ef26f3.npz,65,0.0,0.0,1.0,1.0,,test
7824a23b64a9,SIGN,include,video,,include:clip:7824a23b64a9,data/external/include_pose/INCLUDE/Pose_Signs/Society/21. Sign/MVI_4335.pkl,data/processed/landmarks/include/SIGN/7824a23b64a9.npz,59,0.0,0.0,1.0,1.0,,test
8ec05aebff9c,SCIENCE,include,video,,include:clip:8ec05aebff9c,data/external/include_pose/INCLUDE/Pose_Signs/Society/22. Science/MVI_4865.pkl,data/processed/landmarks/include/SCIENCE/8ec05aebff9c.npz,63,0.0,0.0,0.9524,1.0,,test
5aef13519fc0,SCIENCE,include,video,,include:clip:5aef13519fc0,data/external/include_pose/INCLUDE/Pose_Signs/Society/22. Science/MVI_4336.pkl,data/processed/landmarks/include/SCIENCE/5aef13519fc0.npz,50,0.0,0.0,0.94,1.0,,test
86936cc30876,SCIENCE,include,video,,include:clip:86936cc30876,data/external/include_pose/INCLUDE/Pose_Signs/Society/22. Science/MVI_4338.pkl,data/processed/landmarks/include/SCIENCE/86936cc30876.npz,53,0.0,0.0,0.9811,1.0,,test
235da275d73a,GOD,include,video,,include:clip:235da275d73a,data/external/include_pose/INCLUDE/Pose_Signs/Society/23. God/MVI_4343.pkl,data/processed/landmarks/include/GOD/235da275d73a.npz,65,0.0,0.0,0.9538,1.0,,test
0113cc6c9088,GOD,include,video,,include:clip:0113cc6c9088,data/external/include_pose/INCLUDE/Pose_Signs/Society/23. God/MVI_4867.pkl,data/processed/landmarks/include/GOD/0113cc6c9088.npz,56,0.0,0.0,1.0,1.0,,test
937b26dbbcd5,GOD,include,video,,include:clip:937b26dbbcd5,data/external/include_pose/INCLUDE/Pose_Signs/Society/23. God/MVI_8995.pkl,data/processed/landmarks/include/GOD/937b26dbbcd5.npz,60,0.0,0.0,1.0,1.0,,test
be27558a3998,MEDICINE,include,video,,include:clip:be27558a3998,data/external/include_pose/INCLUDE/Pose_Signs/Society/3. Medicine/MVI_4805.pkl,data/processed/landmarks/include/MEDICINE/be27558a3998.npz,63,0.0,0.0,0.9048,1.0,,test
aaddfbd48623,MEDICINE,include,video,,include:clip:aaddfbd48623,data/external/include_pose/INCLUDE/Pose_Signs/Society/3. Medicine/MVI_8934.pkl,data/processed/landmarks/include/MEDICINE/aaddfbd48623.npz,58,0.0,0.0,0.9655,1.0,,test
7cbe3f709d8b,MEDICINE,include,video,,include:clip:7cbe3f709d8b,data/external/include_pose/INCLUDE/Pose_Signs/Society/3. Medicine/MVI_4261.pkl,data/processed/landmarks/include/MEDICINE/7cbe3f709d8b.npz,76,0.0,0.0,0.9737,1.0,,test
66f28d56d9f7,MONEY,include,video,,include:clip:66f28d56d9f7,data/external/include_pose/INCLUDE/Pose_Signs/Society/4. Money/MVI_8669.pkl,data/processed/landmarks/include/MONEY/66f28d56d9f7.npz,66,0.0,0.0,0.2879,1.0,low_hand_detection,test
6f3adad06193,MONEY,include,video,,include:clip:6f3adad06193,data/external/include_pose/INCLUDE/Pose_Signs/Society/4. Money/MVI_4265.pkl,data/processed/landmarks/include/MONEY/6f3adad06193.npz,49,0.0,0.0,1.0,1.0,,test
bfa1805d85f8,MONEY,include,video,,include:clip:bfa1805d85f8,data/external/include_pose/INCLUDE/Pose_Signs/Society/4. Money/MVI_4806.pkl,data/processed/landmarks/include/MONEY/bfa1805d85f8.npz,65,0.0,0.0,1.0,1.0,,test
10cd4623799a,BILL,include,video,,include:clip:10cd4623799a,data/external/include_pose/INCLUDE/Pose_Signs/Society/5. Bill/MVI_4810.pkl,data/processed/landmarks/include/BILL/10cd4623799a.npz,61,0.0,0.0,0.8525,1.0,,test
fd94e0bf8886,BILL,include,video,,include:clip:fd94e0bf8886,data/external/include_pose/INCLUDE/Pose_Signs/Society/5. Bill/MVI_4811.pkl,data/processed/landmarks/include/BILL/fd94e0bf8886.npz,63,0.0,0.0,0.873,1.0,,test
7fa3467b3345,BILL,include,video,,include:clip:7fa3467b3345,data/external/include_pose/INCLUDE/Pose_Signs/Society/5. Bill/MVI_4809.pkl,data/processed/landmarks/include/BILL/7fa3467b3345.npz,53,0.0,0.0,0.7736,1.0,,test
7c64557d3092,MARRIAGE,include,video,,include:clip:7c64557d3092,data/external/include_pose/INCLUDE/Pose_Signs/Society/6. Marriage/MVI_4272.pkl,data/processed/landmarks/include/MARRIAGE/7c64557d3092.npz,54,0.0,0.0,0.963,1.0,,test
9c8bcb916eb1,MARRIAGE,include,video,,include:clip:9c8bcb916eb1,data/external/include_pose/INCLUDE/Pose_Signs/Society/6. Marriage/MVI_8942.pkl,data/processed/landmarks/include/MARRIAGE/9c8bcb916eb1.npz,65,0.0,0.0,0.9846,1.0,,test
e0aaf3a920af,MARRIAGE,include,video,,include:clip:e0aaf3a920af,data/external/include_pose/INCLUDE/Pose_Signs/Society/6. Marriage/MVI_8678.pkl,data/processed/landmarks/include/MARRIAGE/e0aaf3a920af.npz,64,0.0,0.0,0.4375,1.0,low_hand_detection,test
3d63482b888b,TEAM,include,video,,include:clip:3d63482b888b,data/external/include_pose/INCLUDE/Pose_Signs/Society/7. Team/MVI_8946.pkl,data/processed/landmarks/include/TEAM/3d63482b888b.npz,72,0.0,0.0,0.9583,1.0,,test
0920f86b89ad,TEAM,include,video,,include:clip:0920f86b89ad,data/external/include_pose/INCLUDE/Pose_Signs/Society/7. Team/MVI_4819.pkl,data/processed/landmarks/include/TEAM/0920f86b89ad.npz,58,0.0,0.0,0.8966,1.0,,test
4de45a33752a,TEAM,include,video,,include:clip:4de45a33752a,data/external/include_pose/INCLUDE/Pose_Signs/Society/7. Team/MVI_4820.pkl,data/processed/landmarks/include/TEAM/4de45a33752a.npz,56,0.0,0.0,0.875,1.0,,test
503581770655,RACE_ETHNICITY,include,video,,include:clip:503581770655,data/external/include_pose/INCLUDE/Pose_Signs/Society/8. Race (ethnicity)/MVI_4282.pkl,data/processed/landmarks/include/RACE_ETHNICITY/503581770655.npz,57,0.0,0.0,0.9474,1.0,,test
55c02fdf75dd,RACE_ETHNICITY,include,video,,include:clip:55c02fdf75dd,data/external/include_pose/INCLUDE/Pose_Signs/Society/8. Race (ethnicity)/MVI_4823.pkl,data/processed/landmarks/include/RACE_ETHNICITY/55c02fdf75dd.npz,58,0.0,0.0,0.9655,1.0,,test
2fb96648eefa,RACE_ETHNICITY,include,video,,include:clip:2fb96648eefa,data/external/include_pose/INCLUDE/Pose_Signs/Society/8. Race (ethnicity)/MVI_4822.pkl,data/processed/landmarks/include/RACE_ETHNICITY/2fb96648eefa.npz,62,0.0,0.0,0.9032,1.0,,test
c66e6d5085e7,TECHNOLOGY,include,video,,include:clip:c66e6d5085e7,data/external/include_pose/INCLUDE/Pose_Signs/Society/9. Technology/MVI_4284.pkl,data/processed/landmarks/include/TECHNOLOGY/c66e6d5085e7.npz,56,0.0,0.0,0.9107,1.0,,test
d60bb3587b52,TECHNOLOGY,include,video,,include:clip:d60bb3587b52,data/external/include_pose/INCLUDE/Pose_Signs/Society/9. Technology/MVI_8692.pkl,data/processed/landmarks/include/TECHNOLOGY/d60bb3587b52.npz,63,0.0,0.0,0.619,1.0,,test
5830b38fe41e,TECHNOLOGY,include,video,,include:clip:5830b38fe41e,data/external/include_pose/INCLUDE/Pose_Signs/Society/9. Technology/MVI_4283.pkl,data/processed/landmarks/include/TECHNOLOGY/5830b38fe41e.npz,51,0.0,0.0,0.902,1.0,,test
