sample_id,label,source,kind,signer_id,group_id,raw_path,landmarks_path,num_frames,fps,duration_s,any_hand_rate,pose_rate,quality_flag,split
b01688847437,BIRD,include50,video,,include:clip:b01688847437,data/external/include_pose/INCLUDE/Pose_Signs/Animals/4. Bird/MVI_2987.pkl,data/processed/landmarks/include50/BIRD/b01688847437.npz,76,0.0,0.0,0.9342,1.0,,
61ebca069470,BIRD,include50,video,,include:clip:61ebca069470,data/external/include_pose/INCLUDE/Pose_Signs/Animals/4. Bird/MVI_3094.pkl,data/processed/landmarks/include50/BIRD/61ebca069470.npz,96,0.0,0.0,0.8958,1.0,,
2564f8985ad4,BIRD,include50,video,,include:clip:2564f8985ad4,data/external/include_pose/INCLUDE/Pose_Signs/Animals/4. Bird/MVI_3095.pkl,data/processed/landmarks/include50/BIRD/2564f8985ad4.npz,80,0.0,0.0,0.775,1.0,,
b368e4a2e701,BIRD,include50,video,,include:clip:b368e4a2e701,data/external/include_pose/INCLUDE/Pose_Signs/Animals/4. Bird/MVI_8567.pkl,data/processed/landmarks/include50/BIRD/b368e4a2e701.npz,73,0.0,0.0,0.6301,1.0,,
a98a49d0745f,BIRD,include50,video,,include:clip:a98a49d0745f,data/external/include_pose/INCLUDE/Pose_Signs/Animals/4. Bird/MVI_3040.pkl,data/processed/landmarks/include50/BIRD/a98a49d0745f.npz,87,0.0,0.0,0.9425,1.0,,
9e5f2efe340d,BIRD,include50,video,,include:clip:9e5f2efe340d,data/external/include_pose/INCLUDE/Pose_Signs/Animals/4. Bird/MVI_3096.pkl,data/processed/landmarks/include50/BIRD/9e5f2efe340d.npz,85,0.0,0.0,0.6353,1.0,,
dd5901935bdb,BIRD,include50,video,,include:clip:dd5901935bdb,data/external/include_pose/INCLUDE/Pose_Signs/Animals/4. Bird/MVI_3037.pkl,data/processed/landmarks/include50/BIRD/dd5901935bdb.npz,86,0.0,0.0,0.9419,1.0,,
fb73b821bfe7,BIRD,include50,video,,include:clip:fb73b821bfe7,data/external/include_pose/INCLUDE/Pose_Signs/Animals/4. Bird/MVI_3013.pkl,data/processed/landmarks/include50/BIRD/fb73b821bfe7.npz,81,0.0,0.0,0.963,1.0,,
9a5fb79cdca4,BIRD,include50,video,,include:clip:9a5fb79cdca4,data/external/include_pose/INCLUDE/Pose_Signs/Animals/4. Bird/MVI_3012.pkl,data/processed/landmarks/include50/BIRD/9a5fb79cdca4.npz,84,0.0,0.0,0.9643,1.0,,
c08c275db1fe,BIRD,include50,video,,include:clip:c08c275db1fe,data/external/include_pose/INCLUDE/Pose_Signs/Animals/4. Bird/MVI_3038.pkl,data/processed/landmarks/include50/BIRD/c08c275db1fe.npz,94,0.0,0.0,0.9362,1.0,,
de960a1b998c,BIRD,include50,video,,include:clip:de960a1b998c,data/external/include_pose/INCLUDE/Pose_Signs/Animals/4. Bird/Extra/MVI_3045.pkl,data/processed/landmarks/include50/BIRD/de960a1b998c.npz,89,0.0,0.0,0.9326,1.0,,
eb820b514aa5,BIRD,include50,video,,include:clip:eb820b514aa5,data/external/include_pose/INCLUDE/Pose_Signs/Animals/4. Bird/Extra/MVI_3044.pkl,data/processed/landmarks/include50/BIRD/eb820b514aa5.npz,95,0.0,0.0,0.9579,1.0,,
b87ebe1d7ad5,BIRD,include50,video,,include:clip:b87ebe1d7ad5,data/external/include_pose/INCLUDE/Pose_Signs/Animals/4. Bird/Extra/MVI_3043.pkl,data/processed/landmarks/include50/BIRD/b87ebe1d7ad5.npz,94,0.0,0.0,0.9574,1.0,,
ff0ccca202a9,BIRD,include50,video,,include:clip:ff0ccca202a9,data/external/include_pose/INCLUDE/Pose_Signs/Animals/4. Bird/Extra/MVI_3042.pkl,data/processed/landmarks/include50/BIRD/ff0ccca202a9.npz,104,0.0,0.0,0.9519,1.0,,
10131dceb0de,BIRD,include50,video,,include:clip:10131dceb0de,data/external/include_pose/INCLUDE/Pose_Signs/Animals/4. Bird/Extra/MVI_3041.pkl,data/processed/landmarks/include50/BIRD/10131dceb0de.npz,98,0.0,0.0,0.9388,1.0,,
b635c0709dfb,BIRD,include50,video,,include:clip:b635c0709dfb,data/external/include_pose/INCLUDE/Pose_Signs/Animals/4. Bird/MVI_3011.pkl,data/processed/landmarks/include50/BIRD/b635c0709dfb.npz,71,0.0,0.0,0.9437,1.0,,
1e304bd3e632,BIRD,include50,video,,include:clip:1e304bd3e632,data/external/include_pose/INCLUDE/Pose_Signs/Animals/4. Bird/MVI_4155.pkl,data/processed/landmarks/include50/BIRD/1e304bd3e632.npz,61,0.0,0.0,0.9016,1.0,,
97b8d6fffa1d,BIRD,include50,video,,include:clip:97b8d6fffa1d,data/external/include_pose/INCLUDE/Pose_Signs/Animals/4. Bird/MVI_4157.pkl,data/processed/landmarks/include50/BIRD/97b8d6fffa1d.npz,54,0.0,0.0,0.8889,1.0,,
824487ed3bfe,BIRD,include50,video,,include:clip:824487ed3bfe,data/external/include_pose/INCLUDE/Pose_Signs/Animals/4. Bird/MVI_4156.pkl,data/processed/landmarks/include50/BIRD/824487ed3bfe.npz,66,0.0,0.0,0.9242,1.0,,
0f597b4a476c,BIRD,include50,video,,include:clip:0f597b4a476c,data/external/include_pose/INCLUDE/Pose_Signs/Animals/4. Bird/MVI_3070.pkl,data/processed/landmarks/include50/BIRD/0f597b4a476c.npz,84,0.0,0.0,0.8929,1.0,,
d7624ac83f6b,BIRD,include50,video,,include:clip:d7624ac83f6b,data/external/include_pose/INCLUDE/Pose_Signs/Animals/4. Bird/MVI_8568.pkl,data/processed/landmarks/include50/BIRD/d7624ac83f6b.npz,76,0.0,0.0,0.5789,1.0,,
f0b1bd76cdac,BIRD,include50,video,,include:clip:f0b1bd76cdac,data/external/include_pose/INCLUDE/Pose_Signs/Animals/4. Bird/MVI_3071.pkl,data/processed/landmarks/include50/BIRD/f0b1bd76cdac.npz,85,0.0,0.0,0.9176,1.0,,
87341f837e09,BIRD,include50,video,,include:clip:87341f837e09,data/external/include_pose/INCLUDE/Pose_Signs/Animals/4. Bird/MVI_3072.pkl,data/processed/landmarks/include50/BIRD/87341f837e09.npz,93,0.0,0.0,0.914,1.0,,
af5a0aa88e3d,BIRD,include50,video,,include:clip:af5a0aa88e3d,data/external/include_pose/INCLUDE/Pose_Signs/Animals/4. Bird/MVI_2989.pkl,data/processed/landmarks/include50/BIRD/af5a0aa88e3d.npz,64,0.0,0.0,0.9375,1.0,,
3106b72ddccd,BLACK,include50,video,,include:clip:3106b72ddccd,data/external/include_pose/INCLUDE/Pose_Signs/Colours/54. Black/MVI_4919.pkl,data/processed/landmarks/include50/BLACK/3106b72ddccd.npz,54,0.0,0.0,1.0,1.0,,
1f13bf4c5ad8,BLACK,include50,video,,include:clip:1f13bf4c5ad8,data/external/include_pose/INCLUDE/Pose_Signs/Colours/54. Black/MVI_4918.pkl,data/processed/landmarks/include50/BLACK/1f13bf4c5ad8.npz,43,0.0,0.0,1.0,1.0,,
99cfe1aa38a3,BLACK,include50,video,,include:clip:99cfe1aa38a3,data/external/include_pose/INCLUDE/Pose_Signs/Colours/54. Black/MVI_5208.pkl,data/processed/landmarks/include50/BLACK/99cfe1aa38a3.npz,54,0.0,0.0,1.0,1.0,,
065fa625d07e,BLACK,include50,video,,include:clip:065fa625d07e,data/external/include_pose/INCLUDE/Pose_Signs/Colours/54. Black/MVI_3889.pkl,data/processed/landmarks/include50/BLACK/065fa625d07e.npz,58,0.0,0.0,1.0,1.0,,
b13fc6f8bd9d,BLACK,include50,video,,include:clip:b13fc6f8bd9d,data/external/include_pose/INCLUDE/Pose_Signs/Colours/54. Black/MVI_3888.pkl,data/processed/landmarks/include50/BLACK/b13fc6f8bd9d.npz,72,0.0,0.0,1.0,1.0,,
888067359246,BLACK,include50,video,,include:clip:888067359246,data/external/include_pose/INCLUDE/Pose_Signs/Colours/54. Black/MVI_3741.pkl,data/processed/landmarks/include50/BLACK/888067359246.npz,52,0.0,0.0,1.0,1.0,,
9d263d6c11f0,BLACK,include50,video,,include:clip:9d263d6c11f0,data/external/include_pose/INCLUDE/Pose_Signs/Colours/54. Black/MVI_4039.pkl,data/processed/landmarks/include50/BLACK/9d263d6c11f0.npz,48,0.0,0.0,1.0,1.0,,
9628b891c39d,BLACK,include50,video,,include:clip:9628b891c39d,data/external/include_pose/INCLUDE/Pose_Signs/Colours/54. Black/MVI_4215.pkl,data/processed/landmarks/include50/BLACK/9628b891c39d.npz,49,0.0,0.0,1.0,1.0,,
2fded202a620,BLACK,include50,video,,include:clip:2fded202a620,data/external/include_pose/INCLUDE/Pose_Signs/Colours/54. Black/MVI_5059.pkl,data/processed/landmarks/include50/BLACK/2fded202a620.npz,49,0.0,0.0,1.0,1.0,,
3767f953d236,BLACK,include50,video,,include:clip:3767f953d236,data/external/include_pose/INCLUDE/Pose_Signs/Colours/54. Black/MVI_5058.pkl,data/processed/landmarks/include50/BLACK/3767f953d236.npz,47,0.0,0.0,0.9149,1.0,,
8d71f15ff632,BLACK,include50,video,,include:clip:8d71f15ff632,data/external/include_pose/INCLUDE/Pose_Signs/Colours/54. Black/MVI_5060.pkl,data/processed/landmarks/include50/BLACK/8d71f15ff632.npz,41,0.0,0.0,1.0,1.0,,
3368dd705d5f,BLACK,include50,video,,include:clip:3368dd705d5f,data/external/include_pose/INCLUDE/Pose_Signs/Colours/54. Black/MVI_3887.pkl,data/processed/landmarks/include50/BLACK/3368dd705d5f.npz,69,0.0,0.0,1.0,1.0,,
83f98ba26465,BLACK,include50,video,,include:clip:83f98ba26465,data/external/include_pose/INCLUDE/Pose_Signs/Colours/54. Black/MVI_5206.pkl,data/processed/landmarks/include50/BLACK/83f98ba26465.npz,52,0.0,0.0,1.0,1.0,,
52e6647ed01e,BLACK,include50,video,,include:clip:52e6647ed01e,data/external/include_pose/INCLUDE/Pose_Signs/Colours/54. Black/MVI_8619.pkl,data/processed/landmarks/include50/BLACK/52e6647ed01e.npz,65,0.0,0.0,0.7846,1.0,,
d2721c2c8f24,BLACK,include50,video,,include:clip:d2721c2c8f24,data/external/include_pose/INCLUDE/Pose_Signs/Colours/54. Black/MVI_4040.pkl,data/processed/landmarks/include50/BLACK/d2721c2c8f24.npz,46,0.0,0.0,1.0,1.0,,
c89ad745e2f0,CAR,include50,video,,include:clip:c89ad745e2f0,data/external/include_pose/INCLUDE/Pose_Signs/Means_of_Transportation/11. Car/MVI_3118.pkl,data/processed/landmarks/include50/CAR/c89ad745e2f0.npz,117,0.0,0.0,0.9145,1.0,,
006785414fa1,CAR,include50,video,,include:clip:006785414fa1,data/external/include_pose/INCLUDE/Pose_Signs/Means_of_Transportation/11. Car/MVI_3240.pkl,data/processed/landmarks/include50/CAR/006785414fa1.npz,97,0.0,0.0,0.9588,1.0,,
a3a4c92e9780,CAR,include50,video,,include:clip:a3a4c92e9780,data/external/include_pose/INCLUDE/Pose_Signs/Means_of_Transportation/11. Car/MVI_3146.pkl,data/processed/landmarks/include50/CAR/a3a4c92e9780.npz,148,0.0,0.0,0.9054,1.0,,
42748e167137,CAR,include50,video,,include:clip:42748e167137,data/external/include_pose/INCLUDE/Pose_Signs/Means_of_Transportation/11. Car/MVI_3147.pkl,data/processed/landmarks/include50/CAR/42748e167137.npz,154,0.0,0.0,0.7922,1.0,,
cec7f5fa118f,CAR,include50,video,,include:clip:cec7f5fa118f,data/external/include_pose/INCLUDE/Pose_Signs/Means_of_Transportation/11. Car/MVI_3209.pkl,data/processed/landmarks/include50/CAR/cec7f5fa118f.npz,111,0.0,0.0,0.973,1.0,,
93176314871a,CAR,include50,video,,include:clip:93176314871a,data/external/include_pose/INCLUDE/Pose_Signs/Means_of_Transportation/11. Car/MVI_4176.pkl,data/processed/landmarks/include50/CAR/93176314871a.npz,75,0.0,0.0,0.96,1.0,,
9fceb17200c6,CAR,include50,video,,include:clip:9fceb17200c6,data/external/include_pose/INCLUDE/Pose_Signs/Means_of_Transportation/11. Car/MVI_4177.pkl,data/processed/landmarks/include50/CAR/9fceb17200c6.npz,83,0.0,0.0,0.9036,1.0,,
cf4030aa81a2,CAR,include50,video,,include:clip:cf4030aa81a2,data/external/include_pose/INCLUDE/Pose_Signs/Means_of_Transportation/11. Car/MVI_3211.pkl,data/processed/landmarks/include50/CAR/cf4030aa81a2.npz,96,0.0,0.0,1.0,1.0,,
7e1d8502ff16,CAR,include50,video,,include:clip:7e1d8502ff16,data/external/include_pose/INCLUDE/Pose_Signs/Means_of_Transportation/11. Car/MVI_3239.pkl,data/processed/landmarks/include50/CAR/7e1d8502ff16.npz,108,0.0,0.0,0.9352,1.0,,
c01422d0232e,CAR,include50,video,,include:clip:c01422d0232e,data/external/include_pose/INCLUDE/Pose_Signs/Means_of_Transportation/11. Car/MVI_3238.pkl,data/processed/landmarks/include50/CAR/c01422d0232e.npz,104,0.0,0.0,0.9808,1.0,,
9fdd1d73fa52,CAR,include50,video,,include:clip:9fdd1d73fa52,data/external/include_pose/INCLUDE/Pose_Signs/Means_of_Transportation/11. Car/MVI_3210.pkl,data/processed/landmarks/include50/CAR/9fdd1d73fa52.npz,99,0.0,0.0,0.9697,1.0,,
58d8787748ad,CAR,include50,video,,include:clip:58d8787748ad,data/external/include_pose/INCLUDE/Pose_Signs/Means_of_Transportation/11. Car/MVI_4178.pkl,data/processed/landmarks/include50/CAR/58d8787748ad.npz,77,0.0,0.0,0.974,1.0,,
d05c79ff0381,CAR,include50,video,,include:clip:d05c79ff0381,data/external/include_pose/INCLUDE/Pose_Signs/Means_of_Transportation/11. Car/MVI_3175.pkl,data/processed/landmarks/include50/CAR/d05c79ff0381.npz,96,0.0,0.0,0.9479,1.0,,
353c5b02874a,CAR,include50,video,,include:clip:353c5b02874a,data/external/include_pose/INCLUDE/Pose_Signs/Means_of_Transportation/11. Car/MVI_8583.pkl,data/processed/landmarks/include50/CAR/353c5b02874a.npz,92,0.0,0.0,0.5,1.0,,
584ac743bbc4,CAR,include50,video,,include:clip:584ac743bbc4,data/external/include_pose/INCLUDE/Pose_Signs/Means_of_Transportation/11. Car/MVI_8584.pkl,data/processed/landmarks/include50/CAR/584ac743bbc4.npz,87,0.0,0.0,0.4828,1.0,low_hand_detection,
d4bb62c2f926,CAR,include50,video,,include:clip:d4bb62c2f926,data/external/include_pose/INCLUDE/Pose_Signs/Means_of_Transportation/11. Car/MVI_3117.pkl,data/processed/landmarks/include50/CAR/d4bb62c2f926.npz,98,0.0,0.0,0.949,1.0,,
bb3ee26dc4ef,DOG,include50,video,,include:clip:bb3ee26dc4ef,data/external/include_pose/INCLUDE/Pose_Signs/Animals/1. Dog/MVI_2979.pkl,data/processed/landmarks/include50/DOG/bb3ee26dc4ef.npz,76,0.0,0.0,0.9211,1.0,,
b14b434d88ab,DOG,include50,video,,include:clip:b14b434d88ab,data/external/include_pose/INCLUDE/Pose_Signs/Animals/1. Dog/MVI_8561.pkl,data/processed/landmarks/include50/DOG/b14b434d88ab.npz,67,0.0,0.0,0.5373,1.0,,
da18c2e0c98f,DOG,include50,video,,include:clip:da18c2e0c98f,data/external/include_pose/INCLUDE/Pose_Signs/Animals/1. Dog/MVI_3085.pkl,data/processed/landmarks/include50/DOG/da18c2e0c98f.npz,85,0.0,0.0,0.6706,1.0,,
aac3b3fc9681,DOG,include50,video,,include:clip:aac3b3fc9681,data/external/include_pose/INCLUDE/Pose_Signs/Animals/1. Dog/MVI_3030.pkl,data/processed/landmarks/include50/DOG/aac3b3fc9681.npz,103,0.0,0.0,0.9709,1.0,,
45d141ef5d92,DOG,include50,video,,include:clip:45d141ef5d92,data/external/include_pose/INCLUDE/Pose_Signs/Animals/1. Dog/MVI_4148.pkl,data/processed/landmarks/include50/DOG/45d141ef5d92.npz,71,0.0,0.0,1.0,1.0,,
542d737bfe6d,DOG,include50,video,,include:clip:542d737bfe6d,data/external/include_pose/INCLUDE/Pose_Signs/Animals/1. Dog/MVI_4146.pkl,data/processed/landmarks/include50/DOG/542d737bfe6d.npz,71,0.0,0.0,1.0,1.0,,
d08eab7a3666,DOG,include50,video,,include:clip:d08eab7a3666,data/external/include_pose/INCLUDE/Pose_Signs/Animals/1. Dog/MVI_3004.pkl,data/processed/landmarks/include50/DOG/d08eab7a3666.npz,87,0.0,0.0,0.931,1.0,,
8b16e37a0bdf,DOG,include50,video,,include:clip:8b16e37a0bdf,data/external/include_pose/INCLUDE/Pose_Signs/Animals/1. Dog/MVI_3028.pkl,data/processed/landmarks/include50/DOG/8b16e37a0bdf.npz,92,0.0,0.0,0.9022,1.0,,
3d63c488342d,DOG,include50,video,,include:clip:3d63c488342d,data/external/include_pose/INCLUDE/Pose_Signs/Animals/1. Dog/MVI_3002.pkl,data/processed/landmarks/include50/DOG/3d63c488342d.npz,87,0.0,0.0,0.931,1.0,,
136390d80304,DOG,include50,video,,include:clip:136390d80304,data/external/include_pose/INCLUDE/Pose_Signs/Animals/1. Dog/MVI_3003.pkl,data/processed/landmarks/include50/DOG/136390d80304.npz,92,0.0,0.0,0.9348,1.0,,
841b8528c938,DOG,include50,video,,include:clip:841b8528c938,data/external/include_pose/INCLUDE/Pose_Signs/Animals/1. Dog/MVI_3059.pkl,data/processed/landmarks/include50/DOG/841b8528c938.npz,75,0.0,0.0,0.92,1.0,,
649813fd3d44,DOG,include50,video,,include:clip:649813fd3d44,data/external/include_pose/INCLUDE/Pose_Signs/Animals/1. Dog/MVI_3061.pkl,data/processed/landmarks/include50/DOG/649813fd3d44.npz,83,0.0,0.0,0.9036,1.0,,
3e25434eb807,DOG,include50,video,,include:clip:3e25434eb807,data/external/include_pose/INCLUDE/Pose_Signs/Animals/1. Dog/MVI_3060.pkl,data/processed/landmarks/include50/DOG/3e25434eb807.npz,85,0.0,0.0,0.9059,1.0,,
60ad56d8c625,FALL,include50,video,,include:clip:60ad56d8c625,data/external/include_pose/INCLUDE/Pose_Signs/Seasons/64. Fall/MVI_5434.pkl,data/processed/landmarks/include50/FALL/60ad56d8c625.npz,53,0.0,0.0,1.0,1.0,,
4e4f22492d1a,FALL,include50,video,,include:clip:4e4f22492d1a,data/external/include_pose/INCLUDE/Pose_Signs/Seasons/64. Fall/MVI_9133.pkl,data/processed/landmarks/include50/FALL/4e4f22492d1a.npz,76,0.0,0.0,1.0,1.0,,
0c09bda3609a,FALL,include50,video,,include:clip:0c09bda3609a,data/external/include_pose/INCLUDE/Pose_Signs/Seasons/64. Fall/MVI_5436.pkl,data/processed/landmarks/include50/FALL/0c09bda3609a.npz,52,0.0,0.0,1.0,1.0,,
2dac46fdfa00,FALL,include50,video,,include:clip:2dac46fdfa00,data/external/include_pose/INCLUDE/Pose_Signs/Seasons/64. Fall/MVI_5433.pkl,data/processed/landmarks/include50/FALL/2dac46fdfa00.npz,55,0.0,0.0,1.0,1.0,,
c7245acaf27a,FALL,include50,video,,include:clip:c7245acaf27a,data/external/include_pose/INCLUDE/Pose_Signs/Seasons/64. Fall/MVI_9135.pkl,data/processed/landmarks/include50/FALL/c7245acaf27a.npz,71,0.0,0.0,1.0,1.0,,
aecd293ef2f8,FALL,include50,video,,include:clip:aecd293ef2f8,data/external/include_pose/INCLUDE/Pose_Signs/Seasons/64. Fall/MVI_9134.pkl,data/processed/landmarks/include50/FALL/aecd293ef2f8.npz,76,0.0,0.0,1.0,1.0,,
29d55e75e9e3,FALL,include50,video,,include:clip:29d55e75e9e3,data/external/include_pose/INCLUDE/Pose_Signs/Seasons/64. Fall/MVI_4577.pkl,data/processed/landmarks/include50/FALL/29d55e75e9e3.npz,71,0.0,0.0,0.9718,1.0,,
46b8ab13bb65,FALL,include50,video,,include:clip:46b8ab13bb65,data/external/include_pose/INCLUDE/Pose_Signs/Seasons/64. Fall/MVI_4580.pkl,data/processed/landmarks/include50/FALL/46b8ab13bb65.npz,60,0.0,0.0,1.0,1.0,,
6d36ca2f2af1,FALL,include50,video,,include:clip:6d36ca2f2af1,data/external/include_pose/INCLUDE/Pose_Signs/Seasons/64. Fall/MVI_4999.pkl,data/processed/landmarks/include50/FALL/6d36ca2f2af1.npz,44,0.0,0.0,1.0,1.0,,
43e175beaf2a,FALL,include50,video,,include:clip:43e175beaf2a,data/external/include_pose/INCLUDE/Pose_Signs/Seasons/64. Fall/MVI_4579.pkl,data/processed/landmarks/include50/FALL/43e175beaf2a.npz,64,0.0,0.0,1.0,1.0,,
f58a19a73fef,FALL,include50,video,,include:clip:f58a19a73fef,data/external/include_pose/INCLUDE/Pose_Signs/Seasons/64. Fall/MVI_5000.pkl,data/processed/landmarks/include50/FALL/f58a19a73fef.npz,38,0.0,0.0,1.0,1.0,,
339f0858ffac,FALL,include50,video,,include:clip:339f0858ffac,data/external/include_pose/INCLUDE/Pose_Signs/Seasons/64. Fall/MVI_5001.pkl,data/processed/landmarks/include50/FALL/339f0858ffac.npz,42,0.0,0.0,1.0,1.0,,
b1a9aa3658ef,FATHER,include50,video,,include:clip:b1a9aa3658ef,data/external/include_pose/INCLUDE/Pose_Signs/People/61. Father/MVI_3910.pkl,data/processed/landmarks/include50/FATHER/b1a9aa3658ef.npz,71,0.0,0.0,0.9577,1.0,,
018f291b3958,FATHER,include50,video,,include:clip:018f291b3958,data/external/include_pose/INCLUDE/Pose_Signs/People/61. Father/MVI_5227.pkl,data/processed/landmarks/include50/FATHER/018f291b3958.npz,50,0.0,0.0,0.98,1.0,,
306a7a50bdfc,FATHER,include50,video,,include:clip:306a7a50bdfc,data/external/include_pose/INCLUDE/Pose_Signs/People/61. Father/MVI_3912.pkl,data/processed/landmarks/include50/FATHER/306a7a50bdfc.npz,94,0.0,0.0,0.9894,1.0,,
87e396b38a8f,FATHER,include50,video,,include:clip:87e396b38a8f,data/external/include_pose/INCLUDE/Pose_Signs/People/61. Father/MVI_4062.pkl,data/processed/landmarks/include50/FATHER/87e396b38a8f.npz,56,0.0,0.0,0.9821,1.0,,
8b9e21d96a77,FATHER,include50,video,,include:clip:8b9e21d96a77,data/external/include_pose/INCLUDE/Pose_Signs/People/61. Father/MVI_4061.pkl,data/processed/landmarks/include50/FATHER/8b9e21d96a77.npz,57,0.0,0.0,0.9474,1.0,,
7421cff9fe38,FATHER,include50,video,,include:clip:7421cff9fe38,data/external/include_pose/INCLUDE/Pose_Signs/People/61. Father/MVI_4060.pkl,data/processed/landmarks/include50/FATHER/7421cff9fe38.npz,56,0.0,0.0,0.9643,1.0,,
2354566040be,FATHER,include50,video,,include:clip:2354566040be,data/external/include_pose/INCLUDE/Pose_Signs/People/61. Father/MVI_4940.pkl,data/processed/landmarks/include50/FATHER/2354566040be.npz,60,0.0,0.0,0.9833,1.0,,
b96b2187e9b0,FATHER,include50,video,,include:clip:b96b2187e9b0,data/external/include_pose/INCLUDE/Pose_Signs/People/61. Father/MVI_4941.pkl,data/processed/landmarks/include50/FATHER/b96b2187e9b0.npz,49,0.0,0.0,0.9592,1.0,,
53b03689fc8e,FATHER,include50,video,,include:clip:53b03689fc8e,data/external/include_pose/INCLUDE/Pose_Signs/People/61. Father/MVI_5081.pkl,data/processed/landmarks/include50/FATHER/53b03689fc8e.npz,60,0.0,0.0,0.9333,1.0,,
1ca7806b3519,FATHER,include50,video,,include:clip:1ca7806b3519,data/external/include_pose/INCLUDE/Pose_Signs/People/61. Father/MVI_4942.pkl,data/processed/landmarks/include50/FATHER/1ca7806b3519.npz,59,0.0,0.0,0.9492,1.0,,
9822af84e42d,FATHER,include50,video,,include:clip:9822af84e42d,data/external/include_pose/INCLUDE/Pose_Signs/People/61. Father/MVI_3763.pkl,data/processed/landmarks/include50/FATHER/9822af84e42d.npz,51,0.0,0.0,0.902,1.0,,
aa5e37c5a3b4,FATHER,include50,video,,include:clip:aa5e37c5a3b4,data/external/include_pose/INCLUDE/Pose_Signs/People/61. Father/MVI_4223.pkl,data/processed/landmarks/include50/FATHER/aa5e37c5a3b4.npz,63,0.0,0.0,0.9683,1.0,,
b3cbbd4ea7c8,FATHER,include50,video,,include:clip:b3cbbd4ea7c8,data/external/include_pose/INCLUDE/Pose_Signs/People/61. Father/MVI_3764.pkl,data/processed/landmarks/include50/FATHER/b3cbbd4ea7c8.npz,56,0.0,0.0,0.9821,1.0,,
9dbb47e3d535,FATHER,include50,video,,include:clip:9dbb47e3d535,data/external/include_pose/INCLUDE/Pose_Signs/People/61. Father/MVI_3765.pkl,data/processed/landmarks/include50/FATHER/9dbb47e3d535.npz,55,0.0,0.0,0.9091,1.0,,
2e8afa7f1d0b,FATHER,include50,video,,include:clip:2e8afa7f1d0b,data/external/include_pose/INCLUDE/Pose_Signs/People/61. Father/MVI_5229.pkl,data/processed/landmarks/include50/FATHER/2e8afa7f1d0b.npz,48,0.0,0.0,0.9792,1.0,,
3379fe74b6ed,FATHER,include50,video,,include:clip:3379fe74b6ed,data/external/include_pose/INCLUDE/Pose_Signs/People/61. Father/MVI_5228.pkl,data/processed/landmarks/include50/FATHER/3379fe74b6ed.npz,50,0.0,0.0,0.98,1.0,,
83345a35b897,FATHER,include50,video,,include:clip:83345a35b897,data/external/include_pose/INCLUDE/Pose_Signs/People/61. Father/MVI_8626.pkl,data/processed/landmarks/include50/FATHER/83345a35b897.npz,66,0.0,0.0,0.8333,1.0,,
7d1d7b518222,FATHER,include50,video,,include:clip:7d1d7b518222,data/external/include_pose/INCLUDE/Pose_Signs/People/61. Father/MVI_3909.pkl,data/processed/landmarks/include50/FATHER/7d1d7b518222.npz,71,0.0,0.0,0.9577,1.0,,
5847ec4f96d7,GOOD_MORNING,include50,video,,include:clip:5847ec4f96d7,data/external/include_pose/INCLUDE/Pose_Signs/Greetings/51. Good Morning/MVI_9970.pkl,data/processed/landmarks/include50/GOOD_MORNING/5847ec4f96d7.npz,82,0.0,0.0,1.0,1.0,,
be4d153e342c,GOOD_MORNING,include50,video,,include:clip:be4d153e342c,data/external/include_pose/INCLUDE/Pose_Signs/Greetings/51. Good Morning/MVI_0048.pkl,data/processed/landmarks/include50/GOOD_MORNING/be4d153e342c.npz,41,0.0,0.0,1.0,1.0,,
ef5f84d8e585,GOOD_MORNING,include50,video,,include:clip:ef5f84d8e585,data/external/include_pose/INCLUDE/Pose_Signs/Greetings/51. Good Morning/MVI_0100.pkl,data/processed/landmarks/include50/GOOD_MORNING/ef5f84d8e585.npz,63,0.0,0.0,1.0,1.0,,
71839094ec56,GOOD_MORNING,include50,video,,include:clip:71839094ec56,data/external/include_pose/INCLUDE/Pose_Signs/Greetings/51. Good Morning/MVI_0099.pkl,data/processed/landmarks/include50/GOOD_MORNING/71839094ec56.npz,66,0.0,0.0,1.0,1.0,,
c106e3b24e50,GOOD_MORNING,include50,video,,include:clip:c106e3b24e50,data/external/include_pose/INCLUDE/Pose_Signs/Greetings/51. Good Morning/MVI_0098.pkl,data/processed/landmarks/include50/GOOD_MORNING/c106e3b24e50.npz,66,0.0,0.0,1.0,1.0,,
c2ecf1f8f953,GOOD_MORNING,include50,video,,include:clip:c2ecf1f8f953,data/external/include_pose/INCLUDE/Pose_Signs/Greetings/51. Good Morning/MVI_0042.pkl,data/processed/landmarks/include50/GOOD_MORNING/c2ecf1f8f953.npz,85,0.0,0.0,1.0,1.0,,
697d44e9d39a,GOOD_MORNING,include50,video,,include:clip:697d44e9d39a,data/external/include_pose/INCLUDE/Pose_Signs/Greetings/51. Good Morning/MVI_9933.pkl,data/processed/landmarks/include50/GOOD_MORNING/697d44e9d39a.npz,53,0.0,0.0,1.0,1.0,,
58e8741332f2,GOOD_MORNING,include50,video,,include:clip:58e8741332f2,data/external/include_pose/INCLUDE/Pose_Signs/Greetings/51. Good Morning/MVI_9932.pkl,data/processed/landmarks/include50/GOOD_MORNING/58e8741332f2.npz,56,0.0,0.0,1.0,1.0,,
e53856c003f6,GOOD_MORNING,include50,video,,include:clip:e53856c003f6,data/external/include_pose/INCLUDE/Pose_Signs/Greetings/51. Good Morning/MVI_0043.pkl,data/processed/landmarks/include50/GOOD_MORNING/e53856c003f6.npz,83,0.0,0.0,1.0,1.0,,
694a4c9e2581,GOOD_MORNING,include50,video,,include:clip:694a4c9e2581,data/external/include_pose/INCLUDE/Pose_Signs/Greetings/51. Good Morning/MVI_0044.pkl,data/processed/landmarks/include50/GOOD_MORNING/694a4c9e2581.npz,85,0.0,0.0,1.0,1.0,,
0b3bb387ac45,GOOD_MORNING,include50,video,,include:clip:0b3bb387ac45,data/external/include_pose/INCLUDE/Pose_Signs/Greetings/51. Good Morning/MVI_9935.pkl,data/processed/landmarks/include50/GOOD_MORNING/0b3bb387ac45.npz,48,0.0,0.0,1.0,1.0,,
33d79dba9e42,GOOD_MORNING,include50,video,,include:clip:33d79dba9e42,data/external/include_pose/INCLUDE/Pose_Signs/Greetings/51. Good Morning/MVI_9934.pkl,data/processed/landmarks/include50/GOOD_MORNING/33d79dba9e42.npz,56,0.0,0.0,1.0,1.0,,
6a66d3753341,GOOD_MORNING,include50,video,,include:clip:6a66d3753341,data/external/include_pose/INCLUDE/Pose_Signs/Greetings/51. Good Morning/MVI_0045.pkl,data/processed/landmarks/include50/GOOD_MORNING/6a66d3753341.npz,90,0.0,0.0,1.0,1.0,,
72d5fdc6e763,GOOD_MORNING,include50,video,,include:clip:72d5fdc6e763,data/external/include_pose/INCLUDE/Pose_Signs/Greetings/51. Good Morning/MVI_0047.pkl,data/processed/landmarks/include50/GOOD_MORNING/72d5fdc6e763.npz,59,0.0,0.0,1.0,1.0,,
3cf4f0a88170,GOOD_MORNING,include50,video,,include:clip:3cf4f0a88170,data/external/include_pose/INCLUDE/Pose_Signs/Greetings/51. Good Morning/MVI_0046.pkl,data/processed/landmarks/include50/GOOD_MORNING/3cf4f0a88170.npz,62,0.0,0.0,1.0,1.0,,
2e85275498dd,GOOD_MORNING,include50,video,,include:clip:2e85275498dd,data/external/include_pose/INCLUDE/Pose_Signs/Greetings/51. Good Morning/MVI_9991.pkl,data/processed/landmarks/include50/GOOD_MORNING/2e85275498dd.npz,58,0.0,0.0,1.0,1.0,,
a6b30884be46,GOOD_MORNING,include50,video,,include:clip:a6b30884be46,data/external/include_pose/INCLUDE/Pose_Signs/Greetings/51. Good Morning/MVI_9968.pkl,data/processed/landmarks/include50/GOOD_MORNING/a6b30884be46.npz,70,0.0,0.0,1.0,1.0,,
c7cc03824b4d,RED,include50,video,,include:clip:c7cc03824b4d,data/external/include_pose/INCLUDE/Pose_Signs/Colours/47. Red/MVI_3720.pkl,data/processed/landmarks/include50/RED/c7cc03824b4d.npz,62,0.0,0.0,1.0,1.0,,
d97812f898a2,RED,include50,video,,include:clip:d97812f898a2,data/external/include_pose/INCLUDE/Pose_Signs/Colours/47. Red/MVI_5184.pkl,data/processed/landmarks/include50/RED/d97812f898a2.npz,50,0.0,0.0,1.0,1.0,,
5d3b0233f318,RED,include50,video,,include:clip:5d3b0233f318,data/external/include_pose/INCLUDE/Pose_Signs/Colours/47. Red/MVI_3867.pkl,data/processed/landmarks/include50/RED/5d3b0233f318.npz,66,0.0,0.0,1.0,1.0,,
467289be4ecf,RED,include50,video,,include:clip:467289be4ecf,data/external/include_pose/INCLUDE/Pose_Signs/Colours/47. Red/MVI_3866.pkl,data/processed/landmarks/include50/RED/467289be4ecf.npz,75,0.0,0.0,1.0,1.0,,
93fce47eff39,RED,include50,video,,include:clip:93fce47eff39,data/external/include_pose/INCLUDE/Pose_Signs/Colours/47. Red/MVI_5185.pkl,data/processed/landmarks/include50/RED/93fce47eff39.npz,49,0.0,0.0,1.0,1.0,,
4743e8c21f07,RED,include50,video,,include:clip:4743e8c21f07,data/external/include_pose/INCLUDE/Pose_Signs/Colours/47. Red/MVI_3721.pkl,data/processed/landmarks/include50/RED/4743e8c21f07.npz,54,0.0,0.0,1.0,1.0,,
b0ab529aadff,RED,include50,video,,include:clip:b0ab529aadff,data/external/include_pose/INCLUDE/Pose_Signs/Colours/47. Red/MVI_3719.pkl,data/processed/landmarks/include50/RED/b0ab529aadff.npz,58,0.0,0.0,1.0,1.0,,
3395054716a8,RED,include50,video,,include:clip:3395054716a8,data/external/include_pose/INCLUDE/Pose_Signs/Colours/47. Red/MVI_5037.pkl,data/processed/landmarks/include50/RED/3395054716a8.npz,52,0.0,0.0,0.9231,1.0,,
4d997fb402cd,RED,include50,video,,include:clip:4d997fb402cd,data/external/include_pose/INCLUDE/Pose_Signs/Colours/47. Red/MVI_4897.pkl,data/processed/landmarks/include50/RED/4d997fb402cd.npz,55,0.0,0.0,1.0,1.0,,
74a7d5dc75e9,RED,include50,video,,include:clip:74a7d5dc75e9,data/external/include_pose/INCLUDE/Pose_Signs/Colours/47. Red/MVI_8612.pkl,data/processed/landmarks/include50/RED/74a7d5dc75e9.npz,73,0.0,0.0,0.8356,1.0,,
d5708c24eae7,RED,include50,video,,include:clip:d5708c24eae7,data/external/include_pose/INCLUDE/Pose_Signs/Colours/47. Red/MVI_4207.pkl,data/processed/landmarks/include50/RED/d5708c24eae7.npz,44,0.0,0.0,1.0,1.0,,
7f0c7df375bc,RED,include50,video,,include:clip:7f0c7df375bc,data/external/include_pose/INCLUDE/Pose_Signs/Colours/47. Red/MVI_4017.pkl,data/processed/landmarks/include50/RED/7f0c7df375bc.npz,61,0.0,0.0,1.0,1.0,,
1d81337185f9,RED,include50,video,,include:clip:1d81337185f9,data/external/include_pose/INCLUDE/Pose_Signs/Colours/47. Red/MVI_4019.pkl,data/processed/landmarks/include50/RED/1d81337185f9.npz,64,0.0,0.0,1.0,1.0,,
07d5e3d6c7dc,RED,include50,video,,include:clip:07d5e3d6c7dc,data/external/include_pose/INCLUDE/Pose_Signs/Colours/47. Red/MVI_4018.pkl,data/processed/landmarks/include50/RED/07d5e3d6c7dc.npz,66,0.0,0.0,1.0,1.0,,
ff5199f31492,RED,include50,video,,include:clip:ff5199f31492,data/external/include_pose/INCLUDE/Pose_Signs/Colours/47. Red/MVI_5039.pkl,data/processed/landmarks/include50/RED/ff5199f31492.npz,59,0.0,0.0,0.9661,1.0,,
381647c9dc10,RED,include50,video,,include:clip:381647c9dc10,data/external/include_pose/INCLUDE/Pose_Signs/Colours/47. Red/MVI_5038.pkl,data/processed/landmarks/include50/RED/381647c9dc10.npz,59,0.0,0.0,0.9661,1.0,,
a7fdbf7eb7bf,RED,include50,video,,include:clip:a7fdbf7eb7bf,data/external/include_pose/INCLUDE/Pose_Signs/Colours/47. Red/MVI_4899.pkl,data/processed/landmarks/include50/RED/a7fdbf7eb7bf.npz,58,0.0,0.0,1.0,1.0,,
815e5587851e,RED,include50,video,,include:clip:815e5587851e,data/external/include_pose/INCLUDE/Pose_Signs/Colours/47. Red/MVI_3868.pkl,data/processed/landmarks/include50/RED/815e5587851e.npz,70,0.0,0.0,1.0,1.0,,
c70891c93377,SUMMER,include50,video,,include:clip:c70891c93377,data/external/include_pose/INCLUDE/Pose_Signs/Seasons/61. Summer/MVI_5420.pkl,data/processed/landmarks/include50/SUMMER/c70891c93377.npz,64,0.0,0.0,1.0,1.0,,
54590773907d,SUMMER,include50,video,,include:clip:54590773907d,data/external/include_pose/INCLUDE/Pose_Signs/Seasons/61. Summer/MVI_9124.pkl,data/processed/landmarks/include50/SUMMER/54590773907d.npz,75,0.0,0.0,1.0,1.0,,
808ccc317af3,SUMMER,include50,video,,include:clip:808ccc317af3,data/external/include_pose/INCLUDE/Pose_Signs/Seasons/61. Summer/MVI_5421.pkl,data/processed/landmarks/include50/SUMMER/808ccc317af3.npz,70,0.0,0.0,1.0,1.0,,
c1bf7285cc75,SUMMER,include50,video,,include:clip:c1bf7285cc75,data/external/include_pose/INCLUDE/Pose_Signs/Seasons/61. Summer/MVI_5422.pkl,data/processed/landmarks/include50/SUMMER/c1bf7285cc75.npz,58,0.0,0.0,1.0,1.0,,
f881083dd452,SUMMER,include50,video,,include:clip:f881083dd452,data/external/include_pose/INCLUDE/Pose_Signs/Seasons/61. Summer/MVI_9123.pkl,data/processed/landmarks/include50/SUMMER/f881083dd452.npz,71,0.0,0.0,1.0,1.0,,
a766009856e2,SUMMER,include50,video,,include:clip:a766009856e2,data/external/include_pose/INCLUDE/Pose_Signs/Seasons/61. Summer/MVI_5424.pkl,data/processed/landmarks/include50/SUMMER/a766009856e2.npz,58,0.0,0.0,1.0,1.0,,
b0571d9ac6ea,SUMMER,include50,video,,include:clip:b0571d9ac6ea,data/external/include_pose/INCLUDE/Pose_Signs/Seasons/61. Summer/MVI_4990.pkl,data/processed/landmarks/include50/SUMMER/b0571d9ac6ea.npz,63,0.0,0.0,1.0,1.0,,
9e045ca5dcd4,SUMMER,include50,video,,include:clip:9e045ca5dcd4,data/external/include_pose/INCLUDE/Pose_Signs/Seasons/61. Summer/MVI_4992.pkl,data/processed/landmarks/include50/SUMMER/9e045ca5dcd4.npz,60,0.0,0.0,1.0,1.0,,
3b032982172d,SUMMER,include50,video,,include:clip:3b032982172d,data/external/include_pose/INCLUDE/Pose_Signs/Seasons/61. Summer/MVI_4565.pkl,data/processed/landmarks/include50/SUMMER/3b032982172d.npz,78,0.0,0.0,1.0,1.0,,
a296b51419f8,SUMMER,include50,video,,include:clip:a296b51419f8,data/external/include_pose/INCLUDE/Pose_Signs/Seasons/61. Summer/MVI_4566.pkl,data/processed/landmarks/include50/SUMMER/a296b51419f8.npz,75,0.0,0.0,1.0,1.0,,
fc2d95703826,SUMMER,include50,video,,include:clip:fc2d95703826,data/external/include_pose/INCLUDE/Pose_Signs/Seasons/61. Summer/MVI_4567.pkl,data/processed/landmarks/include50/SUMMER/fc2d95703826.npz,67,0.0,0.0,0.9851,1.0,,
b9095514c870,WHITE,include50,video,,include:clip:b9095514c870,data/external/include_pose/INCLUDE/Pose_Signs/Colours/55. White/MVI_4923.pkl,data/processed/landmarks/include50/WHITE/b9095514c870.npz,43,0.0,0.0,1.0,1.0,,
a54ec061842b,WHITE,include50,video,,include:clip:a54ec061842b,data/external/include_pose/INCLUDE/Pose_Signs/Colours/55. White/MVI_5209.pkl,data/processed/landmarks/include50/WHITE/a54ec061842b.npz,48,0.0,0.0,1.0,1.0,,
f64a52ad3679,WHITE,include50,video,,include:clip:f64a52ad3679,data/external/include_pose/INCLUDE/Pose_Signs/Colours/55. White/MVI_4922.pkl,data/processed/landmarks/include50/WHITE/f64a52ad3679.npz,52,0.0,0.0,1.0,1.0,,
0b808c0f8362,WHITE,include50,video,,include:clip:0b808c0f8362,data/external/include_pose/INCLUDE/Pose_Signs/Colours/55. White/MVI_4921.pkl,data/processed/landmarks/include50/WHITE/0b808c0f8362.npz,49,0.0,0.0,1.0,1.0,,
e1296ec9d6a4,WHITE,include50,video,,include:clip:e1296ec9d6a4,data/external/include_pose/INCLUDE/Pose_Signs/Colours/55. White/MVI_3743.pkl,data/processed/landmarks/include50/WHITE/e1296ec9d6a4.npz,51,0.0,0.0,1.0,1.0,,
36fc04fdd5dd,WHITE,include50,video,,include:clip:36fc04fdd5dd,data/external/include_pose/INCLUDE/Pose_Signs/Colours/55. White/MVI_4216.pkl,data/processed/landmarks/include50/WHITE/36fc04fdd5dd.npz,43,0.0,0.0,1.0,1.0,,
862995d9a90a,WHITE,include50,video,,include:clip:862995d9a90a,data/external/include_pose/INCLUDE/Pose_Signs/Colours/55. White/MVI_3745.pkl,data/processed/landmarks/include50/WHITE/862995d9a90a.npz,45,0.0,0.0,1.0,1.0,,
e4847108d7e8,WHITE,include50,video,,include:clip:e4847108d7e8,data/external/include_pose/INCLUDE/Pose_Signs/Colours/55. White/MVI_3744.pkl,data/processed/landmarks/include50/WHITE/e4847108d7e8.npz,45,0.0,0.0,1.0,1.0,,
6fce232366e2,WHITE,include50,video,,include:clip:6fce232366e2,data/external/include_pose/INCLUDE/Pose_Signs/Colours/55. White/MVI_5061.pkl,data/processed/landmarks/include50/WHITE/6fce232366e2.npz,44,0.0,0.0,0.9545,1.0,,
881e63061ad2,WHITE,include50,video,,include:clip:881e63061ad2,data/external/include_pose/INCLUDE/Pose_Signs/Colours/55. White/MVI_5063.pkl,data/processed/landmarks/include50/WHITE/881e63061ad2.npz,51,0.0,0.0,1.0,1.0,,
ce6e05a369f0,WHITE,include50,video,,include:clip:ce6e05a369f0,data/external/include_pose/INCLUDE/Pose_Signs/Colours/55. White/MVI_5062.pkl,data/processed/landmarks/include50/WHITE/ce6e05a369f0.npz,47,0.0,0.0,0.9149,1.0,,
0ef8f0189524,WHITE,include50,video,,include:clip:0ef8f0189524,data/external/include_pose/INCLUDE/Pose_Signs/Colours/55. White/MVI_3892.pkl,data/processed/landmarks/include50/WHITE/0ef8f0189524.npz,69,0.0,0.0,1.0,1.0,,
1e1242419b5c,WHITE,include50,video,,include:clip:1e1242419b5c,data/external/include_pose/INCLUDE/Pose_Signs/Colours/55. White/MVI_4044.pkl,data/processed/landmarks/include50/WHITE/1e1242419b5c.npz,55,0.0,0.0,1.0,1.0,,
f8b5a3bdcce0,WHITE,include50,video,,include:clip:f8b5a3bdcce0,data/external/include_pose/INCLUDE/Pose_Signs/Colours/55. White/MVI_8620.pkl,data/processed/landmarks/include50/WHITE/f8b5a3bdcce0.npz,61,0.0,0.0,0.9672,1.0,,
c59cb4d63dc0,WHITE,include50,video,,include:clip:c59cb4d63dc0,data/external/include_pose/INCLUDE/Pose_Signs/Colours/55. White/MVI_5210.pkl,data/processed/landmarks/include50/WHITE/c59cb4d63dc0.npz,61,0.0,0.0,1.0,1.0,,
aa83713c5c68,WHITE,include50,video,,include:clip:aa83713c5c68,data/external/include_pose/INCLUDE/Pose_Signs/Colours/55. White/MVI_3891.pkl,data/processed/landmarks/include50/WHITE/aa83713c5c68.npz,85,0.0,0.0,1.0,1.0,,
ca5cd54f9a58,WHITE,include50,video,,include:clip:ca5cd54f9a58,data/external/include_pose/INCLUDE/Pose_Signs/Colours/55. White/MVI_3890.pkl,data/processed/landmarks/include50/WHITE/ca5cd54f9a58.npz,80,0.0,0.0,1.0,1.0,,
79eeabf33b03,WHITE,include50,video,,include:clip:79eeabf33b03,data/external/include_pose/INCLUDE/Pose_Signs/Colours/55. White/MVI_4043.pkl,data/processed/landmarks/include50/WHITE/79eeabf33b03.npz,57,0.0,0.0,1.0,1.0,,
afdc95c93789,WHITE,include50,video,,include:clip:afdc95c93789,data/external/include_pose/INCLUDE/Pose_Signs/Colours/55. White/MVI_4042.pkl,data/processed/landmarks/include50/WHITE/afdc95c93789.npz,57,0.0,0.0,1.0,1.0,,
ec35e7ba6783,LOUD,include50,video,,include:clip:ec35e7ba6783,data/external/include_pose/INCLUDE/Pose_Signs/Adjectives/1. loud/MVI_5178.pkl,data/processed/landmarks/include50/LOUD/ec35e7ba6783.npz,64,0.0,0.0,0.9219,1.0,,
cc566252234b,LOUD,include50,video,,include:clip:cc566252234b,data/external/include_pose/INCLUDE/Pose_Signs/Adjectives/1. loud/MVI_5179.pkl,data/processed/landmarks/include50/LOUD/cc566252234b.npz,66,0.0,0.0,0.9545,1.0,,
b38e9f33d9da,LOUD,include50,video,,include:clip:b38e9f33d9da,data/external/include_pose/INCLUDE/Pose_Signs/Adjectives/1. loud/MVI_9368.pkl,data/processed/landmarks/include50/LOUD/b38e9f33d9da.npz,47,0.0,0.0,0.8723,1.0,,
4bffb7caf412,LOUD,include50,video,,include:clip:4bffb7caf412,data/external/include_pose/INCLUDE/Pose_Signs/Adjectives/1. loud/MVI_9534.pkl,data/processed/landmarks/include50/LOUD/4bffb7caf412.npz,56,0.0,0.0,0.9821,1.0,,
08f65759b156,LOUD,include50,video,,include:clip:08f65759b156,data/external/include_pose/INCLUDE/Pose_Signs/Adjectives/1. loud/MVI_9291.pkl,data/processed/landmarks/include50/LOUD/08f65759b156.npz,63,0.0,0.0,0.9206,1.0,,
1abdf069ed95,LOUD,include50,video,,include:clip:1abdf069ed95,data/external/include_pose/INCLUDE/Pose_Signs/Adjectives/1. loud/MVI_9290.pkl,data/processed/landmarks/include50/LOUD/1abdf069ed95.npz,64,0.0,0.0,0.9219,1.0,,
0657ecf213dd,LOUD,include50,video,,include:clip:0657ecf213dd,data/external/include_pose/INCLUDE/Pose_Signs/Adjectives/1. loud/MVI_9535.pkl,data/processed/landmarks/include50/LOUD/0657ecf213dd.npz,65,0.0,0.0,0.9846,1.0,,
d89ab1cace74,LOUD,include50,video,,include:clip:d89ab1cace74,data/external/include_pose/INCLUDE/Pose_Signs/Adjectives/1. loud/MVI_5337.pkl,data/processed/landmarks/include50/LOUD/d89ab1cace74.npz,48,0.0,0.0,0.9583,1.0,,
814735be7219,LOUD,include50,video,,include:clip:814735be7219,data/external/include_pose/INCLUDE/Pose_Signs/Adjectives/1. loud/MVI_5257.pkl,data/processed/landmarks/include50/LOUD/814735be7219.npz,52,0.0,0.0,0.9615,1.0,,
ce69eb9a211c,LOUD,include50,video,,include:clip:ce69eb9a211c,data/external/include_pose/INCLUDE/Pose_Signs/Adjectives/1. loud/MVI_9450.pkl,data/processed/landmarks/include50/LOUD/ce69eb9a211c.npz,50,0.0,0.0,0.92,1.0,,
f7c712ebd311,LOUD,include50,video,,include:clip:f7c712ebd311,data/external/include_pose/INCLUDE/Pose_Signs/Adjectives/1. loud/MVI_5336.pkl,data/processed/landmarks/include50/LOUD/f7c712ebd311.npz,42,0.0,0.0,0.9524,1.0,,
caf175fcc0c8,LOUD,include50,video,,include:clip:caf175fcc0c8,data/external/include_pose/INCLUDE/Pose_Signs/Adjectives/1. loud/MVI_5335.pkl,data/processed/landmarks/include50/LOUD/caf175fcc0c8.npz,45,0.0,0.0,0.9333,1.0,,
115fe2c8accb,LOUD,include50,video,,include:clip:115fe2c8accb,data/external/include_pose/INCLUDE/Pose_Signs/Adjectives/1. loud/MVI_9449.pkl,data/processed/landmarks/include50/LOUD/115fe2c8accb.npz,47,0.0,0.0,0.9149,1.0,,
296474e2af74,LOUD,include50,video,,include:clip:296474e2af74,data/external/include_pose/INCLUDE/Pose_Signs/Adjectives/1. loud/MVI_9448.pkl,data/processed/landmarks/include50/LOUD/296474e2af74.npz,56,0.0,0.0,0.9464,1.0,,
e27fb65e7f3c,LOUD,include50,video,,include:clip:e27fb65e7f3c,data/external/include_pose/INCLUDE/Pose_Signs/Adjectives/1. loud/MVI_9370.pkl,data/processed/landmarks/include50/LOUD/e27fb65e7f3c.npz,46,0.0,0.0,0.913,1.0,,
4fe3a9df0484,QUIET,include50,video,,include:clip:4fe3a9df0484,data/external/include_pose/INCLUDE/Pose_Signs/Adjectives/2. quiet/MVI_5340.pkl,data/processed/landmarks/include50/QUIET/4fe3a9df0484.npz,53,0.0,0.0,1.0,1.0,,
72b81a4c87e8,QUIET,include50,video,,include:clip:72b81a4c87e8,data/external/include_pose/INCLUDE/Pose_Signs/Adjectives/2. quiet/MVI_5181.pkl,data/processed/landmarks/include50/QUIET/72b81a4c87e8.npz,74,0.0,0.0,1.0,1.0,,
46d3bbcf87ce,QUIET,include50,video,,include:clip:46d3bbcf87ce,data/external/include_pose/INCLUDE/Pose_Signs/Adjectives/2. quiet/MVI_5182.pkl,data/processed/landmarks/include50/QUIET/46d3bbcf87ce.npz,76,0.0,0.0,1.0,1.0,,
8889544ff4cf,QUIET,include50,video,,include:clip:8889544ff4cf,data/external/include_pose/INCLUDE/Pose_Signs/Adjectives/2. quiet/MVI_9537.pkl,data/processed/landmarks/include50/QUIET/8889544ff4cf.npz,69,0.0,0.0,1.0,1.0,,
52f2299afc30,QUIET,include50,video,,include:clip:52f2299afc30,data/external/include_pose/INCLUDE/Pose_Signs/Adjectives/2. quiet/MVI_9292.pkl,data/processed/landmarks/include50/QUIET/52f2299afc30.npz,53,0.0,0.0,1.0,1.0,,
349b329daad9,QUIET,include50,video,,include:clip:349b329daad9,data/external/include_pose/INCLUDE/Pose_Signs/Adjectives/2. quiet/MVI_9293.pkl,data/processed/landmarks/include50/QUIET/349b329daad9.npz,53,0.0,0.0,1.0,1.0,,
6a76bc81e6b7,QUIET,include50,video,,include:clip:6a76bc81e6b7,data/external/include_pose/INCLUDE/Pose_Signs/Adjectives/2. quiet/MVI_9294.pkl,data/processed/landmarks/include50/QUIET/6a76bc81e6b7.npz,56,0.0,0.0,1.0,1.0,,
c8f8005bf141,QUIET,include50,video,,include:clip:c8f8005bf141,data/external/include_pose/INCLUDE/Pose_Signs/Adjectives/2. quiet/MVI_9451.pkl,data/processed/landmarks/include50/QUIET/c8f8005bf141.npz,57,0.0,0.0,1.0,1.0,,
c07ad129d239,QUIET,include50,video,,include:clip:c07ad129d239,data/external/include_pose/INCLUDE/Pose_Signs/Adjectives/2. quiet/MVI_9452.pkl,data/processed/landmarks/include50/QUIET/c07ad129d239.npz,66,0.0,0.0,1.0,1.0,,
478713a7b21a,QUIET,include50,video,,include:clip:478713a7b21a,data/external/include_pose/INCLUDE/Pose_Signs/Adjectives/2. quiet/MVI_9453.pkl,data/processed/landmarks/include50/QUIET/478713a7b21a.npz,60,0.0,0.0,1.0,1.0,,
f07f8759a9bd,QUIET,include50,video,,include:clip:f07f8759a9bd,data/external/include_pose/INCLUDE/Pose_Signs/Adjectives/2. quiet/MVI_5338.pkl,data/processed/landmarks/include50/QUIET/f07f8759a9bd.npz,45,0.0,0.0,1.0,1.0,,
9f0538724ec6,QUIET,include50,video,,include:clip:9f0538724ec6,data/external/include_pose/INCLUDE/Pose_Signs/Adjectives/2. quiet/MVI_5339.pkl,data/processed/landmarks/include50/QUIET/9f0538724ec6.npz,52,0.0,0.0,1.0,1.0,,
484fb7c4a607,QUIET,include50,video,,include:clip:484fb7c4a607,data/external/include_pose/INCLUDE/Pose_Signs/Adjectives/2. quiet/MVI_9538.pkl,data/processed/landmarks/include50/QUIET/484fb7c4a607.npz,66,0.0,0.0,1.0,1.0,,
fc22c3f3abd0,QUIET,include50,video,,include:clip:fc22c3f3abd0,data/external/include_pose/INCLUDE/Pose_Signs/Adjectives/2. quiet/MVI_5262.pkl,data/processed/landmarks/include50/QUIET/fc22c3f3abd0.npz,66,0.0,0.0,1.0,1.0,,
a9132486cd53,QUIET,include50,video,,include:clip:a9132486cd53,data/external/include_pose/INCLUDE/Pose_Signs/Adjectives/2. quiet/MVI_5261.pkl,data/processed/landmarks/include50/QUIET/a9132486cd53.npz,63,0.0,0.0,1.0,1.0,,
7ef37057df9d,QUIET,include50,video,,include:clip:7ef37057df9d,data/external/include_pose/INCLUDE/Pose_Signs/Adjectives/2. quiet/MVI_5260.pkl,data/processed/landmarks/include50/QUIET/7ef37057df9d.npz,69,0.0,0.0,1.0,1.0,,
69ed27adc96b,QUIET,include50,video,,include:clip:69ed27adc96b,data/external/include_pose/INCLUDE/Pose_Signs/Adjectives/2. quiet/MVI_9373.pkl,data/processed/landmarks/include50/QUIET/69ed27adc96b.npz,47,0.0,0.0,1.0,1.0,,
46c937689182,QUIET,include50,video,,include:clip:46c937689182,data/external/include_pose/INCLUDE/Pose_Signs/Adjectives/2. quiet/MVI_9371.pkl,data/processed/landmarks/include50/QUIET/46c937689182.npz,48,0.0,0.0,0.9375,1.0,,
59b4f5b42acb,HAPPY,include50,video,,include:clip:59b4f5b42acb,data/external/include_pose/INCLUDE/Pose_Signs/Adjectives/3. happy/MVI_9540.pkl,data/processed/landmarks/include50/HAPPY/59b4f5b42acb.npz,50,0.0,0.0,0.88,1.0,,
950efc10160c,HAPPY,include50,video,,include:clip:950efc10160c,data/external/include_pose/INCLUDE/Pose_Signs/Adjectives/3. happy/MVI_9541.pkl,data/processed/landmarks/include50/HAPPY/950efc10160c.npz,57,0.0,0.0,0.9123,1.0,,
f22d1db56f20,HAPPY,include50,video,,include:clip:f22d1db56f20,data/external/include_pose/INCLUDE/Pose_Signs/Adjectives/3. happy/MVI_5184.pkl,data/processed/landmarks/include50/HAPPY/f22d1db56f20.npz,69,0.0,0.0,0.971,1.0,,
1a8454696bbf,HAPPY,include50,video,,include:clip:1a8454696bbf,data/external/include_pose/INCLUDE/Pose_Signs/Adjectives/3. happy/MVI_5185.pkl,data/processed/landmarks/include50/HAPPY/1a8454696bbf.npz,78,0.0,0.0,0.9487,1.0,,
30caa0c2176c,HAPPY,include50,video,,include:clip:30caa0c2176c,data/external/include_pose/INCLUDE/Pose_Signs/Adjectives/3. happy/MVI_9542.pkl,data/processed/landmarks/include50/HAPPY/30caa0c2176c.npz,58,0.0,0.0,0.8793,1.0,,
450c91bc5dca,HAPPY,include50,video,,include:clip:450c91bc5dca,data/external/include_pose/INCLUDE/Pose_Signs/Adjectives/3. happy/MVI_5341.pkl,data/processed/landmarks/include50/HAPPY/450c91bc5dca.npz,41,0.0,0.0,0.9268,1.0,,
6049af7f4d77,HAPPY,include50,video,,include:clip:6049af7f4d77,data/external/include_pose/INCLUDE/Pose_Signs/Adjectives/3. happy/MVI_5343.pkl,data/processed/landmarks/include50/HAPPY/6049af7f4d77.npz,73,0.0,0.0,0.9452,1.0,,
7ccebbb950e9,HAPPY,include50,video,,include:clip:7ccebbb950e9,data/external/include_pose/INCLUDE/Pose_Signs/Adjectives/3. happy/MVI_5342.pkl,data/processed/landmarks/include50/HAPPY/7ccebbb950e9.npz,53,0.0,0.0,0.9623,1.0,,
7a68675673c4,HAPPY,include50,video,,include:clip:7a68675673c4,data/external/include_pose/INCLUDE/Pose_Signs/Adjectives/3. happy/MVI_9456.pkl,data/processed/landmarks/include50/HAPPY/7a68675673c4.npz,43,0.0,0.0,0.8605,1.0,,
eb54655d934e,HAPPY,include50,video,,include:clip:eb54655d934e,data/external/include_pose/INCLUDE/Pose_Signs/Adjectives/3. happy/MVI_9454.pkl,data/processed/landmarks/include50/HAPPY/eb54655d934e.npz,44,0.0,0.0,0.9545,1.0,,
d3cb5148a3c4,HAPPY,include50,video,,include:clip:d3cb5148a3c4,data/external/include_pose/INCLUDE/Pose_Signs/Adjectives/3. happy/MVI_9455.pkl,data/processed/landmarks/include50/HAPPY/d3cb5148a3c4.npz,51,0.0,0.0,0.9412,1.0,,
fadfe3cf7ba7,HAPPY,include50,video,,include:clip:fadfe3cf7ba7,data/external/include_pose/INCLUDE/Pose_Signs/Adjectives/3. happy/MVI_9295.pkl,data/processed/landmarks/include50/HAPPY/fadfe3cf7ba7.npz,48,0.0,0.0,0.8125,1.0,,
f75ed53d2441,HAPPY,include50,video,,include:clip:f75ed53d2441,data/external/include_pose/INCLUDE/Pose_Signs/Adjectives/3. happy/MVI_9296.pkl,data/processed/landmarks/include50/HAPPY/f75ed53d2441.npz,50,0.0,0.0,0.84,1.0,,
a04180d74578,HAPPY,include50,video,,include:clip:a04180d74578,data/external/include_pose/INCLUDE/Pose_Signs/Adjectives/3. happy/MVI_5264.pkl,data/processed/landmarks/include50/HAPPY/a04180d74578.npz,56,0.0,0.0,0.9286,1.0,,
c9c6b41ea618,HAPPY,include50,video,,include:clip:c9c6b41ea618,data/external/include_pose/INCLUDE/Pose_Signs/Adjectives/3. happy/MVI_5265.pkl,data/processed/landmarks/include50/HAPPY/c9c6b41ea618.npz,48,0.0,0.0,0.9792,1.0,,
fb2aca07e0fd,HAPPY,include50,video,,include:clip:fb2aca07e0fd,data/external/include_pose/INCLUDE/Pose_Signs/Adjectives/3. happy/MVI_9375.pkl,data/processed/landmarks/include50/HAPPY/fb2aca07e0fd.npz,41,0.0,0.0,0.8537,1.0,,
4517d1207bf1,HAPPY,include50,video,,include:clip:4517d1207bf1,data/external/include_pose/INCLUDE/Pose_Signs/Adjectives/3. happy/MVI_9374.pkl,data/processed/landmarks/include50/HAPPY/4517d1207bf1.npz,45,0.0,0.0,0.9333,1.0,,
b501a5f176b5,HAPPY,include50,video,,include:clip:b501a5f176b5,data/external/include_pose/INCLUDE/Pose_Signs/Adjectives/3. happy/MVI_9376.pkl,data/processed/landmarks/include50/HAPPY/b501a5f176b5.npz,36,0.0,0.0,0.7778,1.0,,
43ea58ee8812,LONG,include50,video,,include:clip:43ea58ee8812,data/external/include_pose/INCLUDE/Pose_Signs/Adjectives/78. long/MVI_5187.pkl,data/processed/landmarks/include50/LONG/43ea58ee8812.npz,60,0.0,0.0,0.95,1.0,,
4b788955122f,LONG,include50,video,,include:clip:4b788955122f,data/external/include_pose/INCLUDE/Pose_Signs/Adjectives/78. long/MVI_5186.pkl,data/processed/landmarks/include50/LONG/4b788955122f.npz,64,0.0,0.0,0.9688,1.0,,
b6ab7eb1988d,LONG,include50,video,,include:clip:b6ab7eb1988d,data/external/include_pose/INCLUDE/Pose_Signs/Adjectives/78. long/MVI_9378.pkl,data/processed/landmarks/include50/LONG/b6ab7eb1988d.npz,52,0.0,0.0,0.9038,1.0,,
2971f69017d5,LONG,include50,video,,include:clip:2971f69017d5,data/external/include_pose/INCLUDE/Pose_Signs/Adjectives/78. long/MVI_9218.pkl,data/processed/landmarks/include50/LONG/2971f69017d5.npz,53,0.0,0.0,0.8302,1.0,,
01c0b77d8637,LONG,include50,video,,include:clip:01c0b77d8637,data/external/include_pose/INCLUDE/Pose_Signs/Adjectives/78. long/MVI_5108.pkl,data/processed/landmarks/include50/LONG/01c0b77d8637.npz,78,0.0,0.0,0.9487,1.0,,
03933e55e7b8,LONG,include50,video,,include:clip:03933e55e7b8,data/external/include_pose/INCLUDE/Pose_Signs/Adjectives/78. long/MVI_5107.pkl,data/processed/landmarks/include50/LONG/03933e55e7b8.npz,71,0.0,0.0,0.9577,1.0,,
f293689dae7b,LONG,include50,video,,include:clip:f293689dae7b,data/external/include_pose/INCLUDE/Pose_Signs/Adjectives/78. long/MVI_9298.pkl,data/processed/landmarks/include50/LONG/f293689dae7b.npz,53,0.0,0.0,0.9434,1.0,,
f245a1685a60,LONG,include50,video,,include:clip:f245a1685a60,data/external/include_pose/INCLUDE/Pose_Signs/Adjectives/78. long/MVI_5267.pkl,data/processed/landmarks/include50/LONG/f245a1685a60.npz,62,0.0,0.0,1.0,1.0,,
533146bbe534,LONG,include50,video,,include:clip:533146bbe534,data/external/include_pose/INCLUDE/Pose_Signs/Adjectives/78. long/MVI_9460.pkl,data/processed/landmarks/include50/LONG/533146bbe534.npz,52,0.0,0.0,0.9038,1.0,,
3a0ab04178a3,LONG,include50,video,,include:clip:3a0ab04178a3,data/external/include_pose/INCLUDE/Pose_Signs/Adjectives/78. long/MVI_5266.pkl,data/processed/landmarks/include50/LONG/3a0ab04178a3.npz,69,0.0,0.0,0.971,1.0,,
ef0be566fe30,LONG,include50,video,,include:clip:ef0be566fe30,data/external/include_pose/INCLUDE/Pose_Signs/Adjectives/78. long/MVI_9299.pkl,data/processed/landmarks/include50/LONG/ef0be566fe30.npz,50,0.0,0.0,0.88,1.0,,
0273e00f4700,LONG,include50,video,,include:clip:0273e00f4700,data/external/include_pose/INCLUDE/Pose_Signs/Adjectives/78. long/MVI_9458.pkl,data/processed/landmarks/include50/LONG/0273e00f4700.npz,56,0.0,0.0,0.8571,1.0,,
2a0e93d3843e,LONG,include50,video,,include:clip:2a0e93d3843e,data/external/include_pose/INCLUDE/Pose_Signs/Adjectives/78. long/MVI_9459.pkl,data/processed/landmarks/include50/LONG/2a0e93d3843e.npz,51,0.0,0.0,0.8824,1.0,,
d2a1a064deea,LONG,include50,video,,include:clip:d2a1a064deea,data/external/include_pose/INCLUDE/Pose_Signs/Adjectives/78. long/MVI_5188.pkl,data/processed/landmarks/include50/LONG/d2a1a064deea.npz,51,0.0,0.0,1.0,1.0,,
d59bba974e62,LONG,include50,video,,include:clip:d59bba974e62,data/external/include_pose/INCLUDE/Pose_Signs/Adjectives/78. long/MVI_9217.pkl,data/processed/landmarks/include50/LONG/d59bba974e62.npz,52,0.0,0.0,0.9231,1.0,,
469e78917230,SHORT,include50,video,,include:clip:469e78917230,data/external/include_pose/INCLUDE/Pose_Signs/Adjectives/79. short/MVI_5190.pkl,data/processed/landmarks/include50/SHORT/469e78917230.npz,56,0.0,0.0,1.0,1.0,,
0be0bc5dbd96,SHORT,include50,video,,include:clip:0be0bc5dbd96,data/external/include_pose/INCLUDE/Pose_Signs/Adjectives/79. short/MVI_9382.pkl,data/processed/landmarks/include50/SHORT/0be0bc5dbd96.npz,45,0.0,0.0,0.9556,1.0,,
c834704d82c4,SHORT,include50,video,,include:clip:c834704d82c4,data/external/include_pose/INCLUDE/Pose_Signs/Adjectives/79. short/MVI_9221.pkl,data/processed/landmarks/include50/SHORT/c834704d82c4.npz,44,0.0,0.0,0.8636,1.0,,
7a6032c6d4e2,SHORT,include50,video,,include:clip:7a6032c6d4e2,data/external/include_pose/INCLUDE/Pose_Signs/Adjectives/79. short/MVI_9380.pkl,data/processed/landmarks/include50/SHORT/7a6032c6d4e2.npz,53,0.0,0.0,0.9245,1.0,,
0a64e841bb4d,SHORT,include50,video,,include:clip:0a64e841bb4d,data/external/include_pose/INCLUDE/Pose_Signs/Adjectives/79. short/MVI_9381.pkl,data/processed/landmarks/include50/SHORT/0a64e841bb4d.npz,47,0.0,0.0,0.8723,1.0,,
c5507fdccdc4,SHORT,include50,video,,include:clip:c5507fdccdc4,data/external/include_pose/INCLUDE/Pose_Signs/Adjectives/79. short/MVI_5269.pkl,data/processed/landmarks/include50/SHORT/c5507fdccdc4.npz,51,0.0,0.0,0.9216,1.0,,
9bdcc8f4bc67,SHORT,include50,video,,include:clip:9bdcc8f4bc67,data/external/include_pose/INCLUDE/Pose_Signs/Adjectives/79. short/MVI_5112.pkl,data/processed/landmarks/include50/SHORT/9bdcc8f4bc67.npz,61,0.0,0.0,0.9672,1.0,,
87700b2f4dc7,SHORT,include50,video,,include:clip:87700b2f4dc7,data/external/include_pose/INCLUDE/Pose_Signs/Adjectives/79. short/MVI_5270.pkl,data/processed/landmarks/include50/SHORT/87700b2f4dc7.npz,51,0.0,0.0,0.9216,1.0,,
ed333c754054,SHORT,include50,video,,include:clip:ed333c754054,data/external/include_pose/INCLUDE/Pose_Signs/Adjectives/79. short/MVI_9463.pkl,data/processed/landmarks/include50/SHORT/ed333c754054.npz,56,0.0,0.0,0.9107,1.0,,
9115db2ef035,SHORT,include50,video,,include:clip:9115db2ef035,data/external/include_pose/INCLUDE/Pose_Signs/Adjectives/79. short/MVI_5111.pkl,data/processed/landmarks/include50/SHORT/9115db2ef035.npz,68,0.0,0.0,0.9412,1.0,,
a339c4184149,SHORT,include50,video,,include:clip:a339c4184149,data/external/include_pose/INCLUDE/Pose_Signs/Adjectives/79. short/MVI_9461.pkl,data/processed/landmarks/include50/SHORT/a339c4184149.npz,57,0.0,0.0,0.9298,1.0,,
86e9e1575caf,SHORT,include50,video,,include:clip:86e9e1575caf,data/external/include_pose/INCLUDE/Pose_Signs/Adjectives/79. short/MVI_5110.pkl,data/processed/landmarks/include50/SHORT/86e9e1575caf.npz,62,0.0,0.0,0.9516,1.0,,
d2e4e30e6c89,SHORT,include50,video,,include:clip:d2e4e30e6c89,data/external/include_pose/INCLUDE/Pose_Signs/Adjectives/79. short/extra/MVI_5192.pkl,data/processed/landmarks/include50/SHORT/d2e4e30e6c89.npz,59,0.0,0.0,0.9492,1.0,,
efa620a2f465,SHORT,include50,video,,include:clip:efa620a2f465,data/external/include_pose/INCLUDE/Pose_Signs/Adjectives/79. short/MVI_9302.pkl,data/processed/landmarks/include50/SHORT/efa620a2f465.npz,44,0.0,0.0,0.9091,1.0,,
98f115d23c9f,SHORT,include50,video,,include:clip:98f115d23c9f,data/external/include_pose/INCLUDE/Pose_Signs/Adjectives/79. short/MVI_9301.pkl,data/processed/landmarks/include50/SHORT/98f115d23c9f.npz,49,0.0,0.0,0.8571,1.0,,
629d3721f665,SHORT,include50,video,,include:clip:629d3721f665,data/external/include_pose/INCLUDE/Pose_Signs/Adjectives/79. short/MVI_5189.pkl,data/processed/landmarks/include50/SHORT/629d3721f665.npz,57,0.0,0.0,0.9649,1.0,,
37e6cb54d795,BIG_LARGE,include50,video,,include:clip:37e6cb54d795,data/external/include_pose/INCLUDE/Pose_Signs/Adjectives/83. big large/MVI_9233.pkl,data/processed/landmarks/include50/BIG_LARGE/37e6cb54d795.npz,48,0.0,0.0,0.75,1.0,,
b2f3b5ed9c78,BIG_LARGE,include50,video,,include:clip:b2f3b5ed9c78,data/external/include_pose/INCLUDE/Pose_Signs/Adjectives/83. big large/MVI_9234.pkl,data/processed/landmarks/include50/BIG_LARGE/b2f3b5ed9c78.npz,47,0.0,0.0,0.8085,1.0,,
2868a10f61b7,BIG_LARGE,include50,video,,include:clip:2868a10f61b7,data/external/include_pose/INCLUDE/Pose_Signs/Adjectives/83. big large/MVI_9396.pkl,data/processed/landmarks/include50/BIG_LARGE/2868a10f61b7.npz,56,0.0,0.0,0.8929,1.0,,
6f8dfdb24f06,BIG_LARGE,include50,video,,include:clip:6f8dfdb24f06,data/external/include_pose/INCLUDE/Pose_Signs/Adjectives/83. big large/MVI_9235.pkl,data/processed/landmarks/include50/BIG_LARGE/6f8dfdb24f06.npz,46,0.0,0.0,0.6957,1.0,,
a1735a2aa3bf,BIG_LARGE,include50,video,,include:clip:a1735a2aa3bf,data/external/include_pose/INCLUDE/Pose_Signs/Adjectives/83. big large/MVI_9394.pkl,data/processed/landmarks/include50/BIG_LARGE/a1735a2aa3bf.npz,59,0.0,0.0,0.8983,1.0,,
0c544a94d256,BIG_LARGE,include50,video,,include:clip:0c544a94d256,data/external/include_pose/INCLUDE/Pose_Signs/Adjectives/83. big large/MVI_9318.pkl,data/processed/landmarks/include50/BIG_LARGE/0c544a94d256.npz,49,0.0,0.0,0.8776,1.0,,
7d21f08d4a26,BIG_LARGE,include50,video,,include:clip:7d21f08d4a26,data/external/include_pose/INCLUDE/Pose_Signs/Adjectives/83. big large/MVI_5124.pkl,data/processed/landmarks/include50/BIG_LARGE/7d21f08d4a26.npz,61,0.0,0.0,0.9508,1.0,,
e8803bef3e89,BIG_LARGE,include50,video,,include:clip:e8803bef3e89,data/external/include_pose/INCLUDE/Pose_Signs/Adjectives/83. big large/MVI_5285.pkl,data/processed/landmarks/include50/BIG_LARGE/e8803bef3e89.npz,51,0.0,0.0,0.8431,1.0,,
bc3e3af0f089,BIG_LARGE,include50,video,,include:clip:bc3e3af0f089,data/external/include_pose/INCLUDE/Pose_Signs/Adjectives/83. big large/MVI_5284.pkl,data/processed/landmarks/include50/BIG_LARGE/bc3e3af0f089.npz,55,0.0,0.0,0.9091,1.0,,
f6cb7d906ec6,BIG_LARGE,include50,video,,include:clip:f6cb7d906ec6,data/external/include_pose/INCLUDE/Pose_Signs/Adjectives/83. big large/MVI_5125.pkl,data/processed/landmarks/include50/BIG_LARGE/f6cb7d906ec6.npz,71,0.0,0.0,0.9437,1.0,,
b141b1eba7fe,BIG_LARGE,include50,video,,include:clip:b141b1eba7fe,data/external/include_pose/INCLUDE/Pose_Signs/Adjectives/83. big large/MVI_5123.pkl,data/processed/landmarks/include50/BIG_LARGE/b141b1eba7fe.npz,54,0.0,0.0,0.9259,1.0,,
c064c4428ea5,BIG_LARGE,include50,video,,include:clip:c064c4428ea5,data/external/include_pose/INCLUDE/Pose_Signs/Adjectives/83. big large/MVI_9476.pkl,data/processed/landmarks/include50/BIG_LARGE/c064c4428ea5.npz,54,0.0,0.0,0.8704,1.0,,
f113cf0c147d,BIG_LARGE,include50,video,,include:clip:f113cf0c147d,data/external/include_pose/INCLUDE/Pose_Signs/Adjectives/83. big large/MVI_9477.pkl,data/processed/landmarks/include50/BIG_LARGE/f113cf0c147d.npz,56,0.0,0.0,0.8929,1.0,,
dab6d4e9bf3c,BIG_LARGE,include50,video,,include:clip:dab6d4e9bf3c,data/external/include_pose/INCLUDE/Pose_Signs/Adjectives/83. big large/MVI_9316.pkl,data/processed/landmarks/include50/BIG_LARGE/dab6d4e9bf3c.npz,44,0.0,0.0,0.7955,1.0,,
6bed3b9e88f6,BIG_LARGE,include50,video,,include:clip:6bed3b9e88f6,data/external/include_pose/INCLUDE/Pose_Signs/Adjectives/83. big large/MVI_9317.pkl,data/processed/landmarks/include50/BIG_LARGE/6bed3b9e88f6.npz,48,0.0,0.0,0.7917,1.0,,
951c6d794d08,BIG_LARGE,include50,video,,include:clip:951c6d794d08,data/external/include_pose/INCLUDE/Pose_Signs/Adjectives/83. big large/MVI_5204.pkl,data/processed/landmarks/include50/BIG_LARGE/951c6d794d08.npz,70,0.0,0.0,0.9143,1.0,,
ce57ba9e103e,BIG_LARGE,include50,video,,include:clip:ce57ba9e103e,data/external/include_pose/INCLUDE/Pose_Signs/Adjectives/83. big large/MVI_5205.pkl,data/processed/landmarks/include50/BIG_LARGE/ce57ba9e103e.npz,66,0.0,0.0,0.8788,1.0,,
39c474af04bf,SMALL_LITTLE,include50,video,,include:clip:39c474af04bf,data/external/include_pose/INCLUDE/Pose_Signs/Adjectives/84. small little/MVI_5208.pkl,data/processed/landmarks/include50/SMALL_LITTLE/39c474af04bf.npz,58,0.0,0.0,0.8966,1.0,,
e20c1411023f,SMALL_LITTLE,include50,video,,include:clip:e20c1411023f,data/external/include_pose/INCLUDE/Pose_Signs/Adjectives/84. small little/MVI_9237.pkl,data/processed/landmarks/include50/SMALL_LITTLE/e20c1411023f.npz,52,0.0,0.0,0.9231,1.0,,
d3aa3e0710bf,SMALL_LITTLE,include50,video,,include:clip:d3aa3e0710bf,data/external/include_pose/INCLUDE/Pose_Signs/Adjectives/84. small little/MVI_9236.pkl,data/processed/landmarks/include50/SMALL_LITTLE/d3aa3e0710bf.npz,44,0.0,0.0,0.9318,1.0,,
ff661781aa3f,SMALL_LITTLE,include50,video,,include:clip:ff661781aa3f,data/external/include_pose/INCLUDE/Pose_Signs/Adjectives/84. small little/MVI_9319.pkl,data/processed/landmarks/include50/SMALL_LITTLE/ff661781aa3f.npz,51,0.0,0.0,0.902,1.0,,
bd130ec49f22,SMALL_LITTLE,include50,video,,include:clip:bd130ec49f22,data/external/include_pose/INCLUDE/Pose_Signs/Adjectives/84. small little/MVI_5286.pkl,data/processed/landmarks/include50/SMALL_LITTLE/bd130ec49f22.npz,52,0.0,0.0,0.9615,1.0,,
fde2c6b6b1df,SMALL_LITTLE,include50,video,,include:clip:fde2c6b6b1df,data/external/include_pose/INCLUDE/Pose_Signs/Adjectives/84. small little/MVI_9480.pkl,data/processed/landmarks/include50/SMALL_LITTLE/fde2c6b6b1df.npz,55,0.0,0.0,0.9455,1.0,,
85480b3c2874,SMALL_LITTLE,include50,video,,include:clip:85480b3c2874,data/external/include_pose/INCLUDE/Pose_Signs/Adjectives/84. small little/MVI_5287.pkl,data/processed/landmarks/include50/SMALL_LITTLE/85480b3c2874.npz,54,0.0,0.0,0.9259,1.0,,
83d97c6cd83c,SMALL_LITTLE,include50,video,,include:clip:83d97c6cd83c,data/external/include_pose/INCLUDE/Pose_Signs/Adjectives/84. small little/MVI_5126.pkl,data/processed/landmarks/include50/SMALL_LITTLE/83d97c6cd83c.npz,83,0.0,0.0,0.9518,1.0,,
851dbd6661b8,SMALL_LITTLE,include50,video,,include:clip:851dbd6661b8,data/external/include_pose/INCLUDE/Pose_Signs/Adjectives/84. small little/MVI_9479.pkl,data/processed/landmarks/include50/SMALL_LITTLE/851dbd6661b8.npz,52,0.0,0.0,0.9231,1.0,,
70c2a0a76ff3,SMALL_LITTLE,include50,video,,include:clip:70c2a0a76ff3,data/external/include_pose/INCLUDE/Pose_Signs/Adjectives/84. small little/MVI_9478.pkl,data/processed/landmarks/include50/SMALL_LITTLE/70c2a0a76ff3.npz,54,0.0,0.0,0.9074,1.0,,
d912841640f7,SMALL_LITTLE,include50,video,,include:clip:d912841640f7,data/external/include_pose/INCLUDE/Pose_Signs/Adjectives/84. small little/MVI_9321.pkl,data/processed/landmarks/include50/SMALL_LITTLE/d912841640f7.npz,54,0.0,0.0,0.8704,1.0,,
12bbfd9ad90e,SMALL_LITTLE,include50,video,,include:clip:12bbfd9ad90e,data/external/include_pose/INCLUDE/Pose_Signs/Adjectives/84. small little/extra/MVI_5209.pkl,data/processed/landmarks/include50/SMALL_LITTLE/12bbfd9ad90e.npz,68,0.0,0.0,0.9559,1.0,,
ea67ab6d8855,SMALL_LITTLE,include50,video,,include:clip:ea67ab6d8855,data/external/include_pose/INCLUDE/Pose_Signs/Adjectives/84. small little/MVI_5128.pkl,data/processed/landmarks/include50/SMALL_LITTLE/ea67ab6d8855.npz,62,0.0,0.0,0.9516,1.0,,
d8f3a8ceb431,SMALL_LITTLE,include50,video,,include:clip:d8f3a8ceb431,data/external/include_pose/INCLUDE/Pose_Signs/Adjectives/84. small little/MVI_5288.pkl,data/processed/landmarks/include50/SMALL_LITTLE/d8f3a8ceb431.npz,38,0.0,0.0,0.9211,1.0,,
43294a0cdbe9,SMALL_LITTLE,include50,video,,include:clip:43294a0cdbe9,data/external/include_pose/INCLUDE/Pose_Signs/Adjectives/84. small little/MVI_5207.pkl,data/processed/landmarks/include50/SMALL_LITTLE/43294a0cdbe9.npz,57,0.0,0.0,0.9123,1.0,,
0ca565145727,SMALL_LITTLE,include50,video,,include:clip:0ca565145727,data/external/include_pose/INCLUDE/Pose_Signs/Adjectives/84. small little/MVI_9398.pkl,data/processed/landmarks/include50/SMALL_LITTLE/0ca565145727.npz,50,0.0,0.0,0.94,1.0,,
ef66b87623d3,SMALL_LITTLE,include50,video,,include:clip:ef66b87623d3,data/external/include_pose/INCLUDE/Pose_Signs/Adjectives/84. small little/MVI_9400.pkl,data/processed/landmarks/include50/SMALL_LITTLE/ef66b87623d3.npz,53,0.0,0.0,0.9623,1.0,,
0615b222fd1c,SMALL_LITTLE,include50,video,,include:clip:0615b222fd1c,data/external/include_pose/INCLUDE/Pose_Signs/Adjectives/84. small little/MVI_9238.pkl,data/processed/landmarks/include50/SMALL_LITTLE/0615b222fd1c.npz,51,0.0,0.0,0.9216,1.0,,
20ce330a3a1a,HOT,include50,video,,include:clip:20ce330a3a1a,data/external/include_pose/INCLUDE/Pose_Signs/Adjectives/87. hot/MVI_9409.pkl,data/processed/landmarks/include50/HOT/20ce330a3a1a.npz,66,0.0,0.0,0.9091,1.0,,
7b10b305f901,HOT,include50,video,,include:clip:7b10b305f901,data/external/include_pose/INCLUDE/Pose_Signs/Adjectives/87. hot/MVI_5218.pkl,data/processed/landmarks/include50/HOT/7b10b305f901.npz,66,0.0,0.0,0.9545,1.0,,
5f4e2259e379,HOT,include50,video,,include:clip:5f4e2259e379,data/external/include_pose/INCLUDE/Pose_Signs/Adjectives/87. hot/MVI_9330.pkl,data/processed/landmarks/include50/HOT/5f4e2259e379.npz,50,0.0,0.0,0.78,1.0,,
f544698827de,HOT,include50,video,,include:clip:f544698827de,data/external/include_pose/INCLUDE/Pose_Signs/Adjectives/87. hot/MVI_9247.pkl,data/processed/landmarks/include50/HOT/f544698827de.npz,55,0.0,0.0,0.8,1.0,,
953159390d1d,HOT,include50,video,,include:clip:953159390d1d,data/external/include_pose/INCLUDE/Pose_Signs/Adjectives/87. hot/MVI_5295.pkl,data/processed/landmarks/include50/HOT/953159390d1d.npz,56,0.0,0.0,0.9643,1.0,,
34f48f331cad,HOT,include50,video,,include:clip:34f48f331cad,data/external/include_pose/INCLUDE/Pose_Signs/Adjectives/87. hot/MVI_5136.pkl,data/processed/landmarks/include50/HOT/34f48f331cad.npz,71,0.0,0.0,0.9577,1.0,,
8b88071db2a1,HOT,include50,video,,include:clip:8b88071db2a1,data/external/include_pose/INCLUDE/Pose_Signs/Adjectives/87. hot/MVI_5297.pkl,data/processed/landmarks/include50/HOT/8b88071db2a1.npz,55,0.0,0.0,0.9636,1.0,,
1b201283078e,HOT,include50,video,,include:clip:1b201283078e,data/external/include_pose/INCLUDE/Pose_Signs/Adjectives/87. hot/MVI_5296.pkl,data/processed/landmarks/include50/HOT/1b201283078e.npz,56,0.0,0.0,0.9464,1.0,,
0affa2649eee,HOT,include50,video,,include:clip:0affa2649eee,data/external/include_pose/INCLUDE/Pose_Signs/Adjectives/87. hot/MVI_5137.pkl,data/processed/landmarks/include50/HOT/0affa2649eee.npz,56,0.0,0.0,0.9464,1.0,,
6392c87cd3e0,HOT,include50,video,,include:clip:6392c87cd3e0,data/external/include_pose/INCLUDE/Pose_Signs/Adjectives/87. hot/MVI_9488.pkl,data/processed/landmarks/include50/HOT/6392c87cd3e0.npz,65,0.0,0.0,1.0,1.0,,
2bbcac2dd296,HOT,include50,video,,include:clip:2bbcac2dd296,data/external/include_pose/INCLUDE/Pose_Signs/Adjectives/87. hot/MVI_5138.pkl,data/processed/landmarks/include50/HOT/2bbcac2dd296.npz,49,0.0,0.0,0.9796,1.0,,
99a09b1cfd69,HOT,include50,video,,include:clip:99a09b1cfd69,data/external/include_pose/INCLUDE/Pose_Signs/Adjectives/87. hot/MVI_9249.pkl,data/processed/landmarks/include50/HOT/99a09b1cfd69.npz,48,0.0,0.0,0.875,1.0,,
0524f5c6fffb,HOT,include50,video,,include:clip:0524f5c6fffb,data/external/include_pose/INCLUDE/Pose_Signs/Adjectives/87. hot/MVI_9328.pkl,data/processed/landmarks/include50/HOT/0524f5c6fffb.npz,52,0.0,0.0,0.8269,1.0,,
c64f159baae2,HOT,include50,video,,include:clip:c64f159baae2,data/external/include_pose/INCLUDE/Pose_Signs/Adjectives/87. hot/MVI_9410.pkl,data/processed/landmarks/include50/HOT/c64f159baae2.npz,56,0.0,0.0,0.9286,1.0,,
78440f881174,HOT,include50,video,,include:clip:78440f881174,data/external/include_pose/INCLUDE/Pose_Signs/Adjectives/87. hot/MVI_5217.pkl,data/processed/landmarks/include50/HOT/78440f881174.npz,66,0.0,0.0,0.9697,1.0,,
e1a39ce2b71a,NEW,include50,video,,include:clip:e1a39ce2b71a,data/external/include_pose/INCLUDE/Pose_Signs/Adjectives/91. new/MVI_9421.pkl,data/processed/landmarks/include50/NEW/e1a39ce2b71a.npz,63,0.0,0.0,1.0,1.0,,
550807a02a8a,NEW,include50,video,,include:clip:550807a02a8a,data/external/include_pose/INCLUDE/Pose_Signs/Adjectives/91. new/MVI_5151.pkl,data/processed/landmarks/include50/NEW/550807a02a8a.npz,59,0.0,0.0,1.0,1.0,,
92dc5ed1b5be,NEW,include50,video,,include:clip:92dc5ed1b5be,data/external/include_pose/INCLUDE/Pose_Signs/Adjectives/91. new/MVI_5231.pkl,data/processed/landmarks/include50/NEW/92dc5ed1b5be.npz,62,0.0,0.0,1.0,1.0,,
6708e757d915,NEW,include50,video,,include:clip:6708e757d915,data/external/include_pose/INCLUDE/Pose_Signs/Adjectives/91. new/MVI_9423.pkl,data/processed/landmarks/include50/NEW/6708e757d915.npz,49,0.0,0.0,1.0,1.0,,
07526318d42f,NEW,include50,video,,include:clip:07526318d42f,data/external/include_pose/INCLUDE/Pose_Signs/Adjectives/91. new/MVI_9422.pkl,data/processed/landmarks/include50/NEW/07526318d42f.npz,47,0.0,0.0,1.0,1.0,,
9acef749ee7e,NEW,include50,video,,include:clip:9acef749ee7e,data/external/include_pose/INCLUDE/Pose_Signs/Adjectives/91. new/MVI_9340.pkl,data/processed/landmarks/include50/NEW/9acef749ee7e.npz,49,0.0,0.0,1.0,1.0,,
f85e48a4d8e0,NEW,include50,video,,include:clip:f85e48a4d8e0,data/external/include_pose/INCLUDE/Pose_Signs/Adjectives/91. new/MVI_9341.pkl,data/processed/landmarks/include50/NEW/f85e48a4d8e0.npz,49,0.0,0.0,1.0,1.0,,
bc3a05f41948,NEW,include50,video,,include:clip:bc3a05f41948,data/external/include_pose/INCLUDE/Pose_Signs/Adjectives/91. new/MVI_9342.pkl,data/processed/landmarks/include50/NEW/bc3a05f41948.npz,47,0.0,0.0,1.0,1.0,,
d7e94f4605cf,NEW,include50,video,,include:clip:d7e94f4605cf,data/external/include_pose/INCLUDE/Pose_Signs/Adjectives/91. new/MVI_5308.pkl,data/processed/landmarks/include50/NEW/d7e94f4605cf.npz,42,0.0,0.0,1.0,1.0,,
dd468799538d,NEW,include50,video,,include:clip:dd468799538d,data/external/include_pose/INCLUDE/Pose_Signs/Adjectives/91. new/MVI_5309.pkl,data/processed/landmarks/include50/NEW/dd468799538d.npz,46,0.0,0.0,1.0,1.0,,
4c920298eb80,NEW,include50,video,,include:clip:4c920298eb80,data/external/include_pose/INCLUDE/Pose_Signs/Adjectives/91. new/MVI_9502.pkl,data/processed/landmarks/include50/NEW/4c920298eb80.npz,52,0.0,0.0,1.0,1.0,,
4a4b0033e8c2,NEW,include50,video,,include:clip:4a4b0033e8c2,data/external/include_pose/INCLUDE/Pose_Signs/Adjectives/91. new/MVI_9259.pkl,data/processed/landmarks/include50/NEW/4a4b0033e8c2.npz,46,0.0,0.0,1.0,1.0,,
dde1b36451b1,NEW,include50,video,,include:clip:dde1b36451b1,data/external/include_pose/INCLUDE/Pose_Signs/Adjectives/91. new/MVI_5307.pkl,data/processed/landmarks/include50/NEW/dde1b36451b1.npz,39,0.0,0.0,1.0,1.0,,
1c137e3cca88,NEW,include50,video,,include:clip:1c137e3cca88,data/external/include_pose/INCLUDE/Pose_Signs/Adjectives/91. new/MVI_9500.pkl,data/processed/landmarks/include50/NEW/1c137e3cca88.npz,56,0.0,0.0,1.0,1.0,,
eb8b203f504f,NEW,include50,video,,include:clip:eb8b203f504f,data/external/include_pose/INCLUDE/Pose_Signs/Adjectives/91. new/MVI_9261.pkl,data/processed/landmarks/include50/NEW/eb8b203f504f.npz,49,0.0,0.0,1.0,1.0,,
24dfd8f7c04c,NEW,include50,video,,include:clip:24dfd8f7c04c,data/external/include_pose/INCLUDE/Pose_Signs/Adjectives/91. new/MVI_9260.pkl,data/processed/landmarks/include50/NEW/24dfd8f7c04c.npz,49,0.0,0.0,1.0,1.0,,
9405b13a65d7,NEW,include50,video,,include:clip:9405b13a65d7,data/external/include_pose/INCLUDE/Pose_Signs/Adjectives/91. new/MVI_5229.pkl,data/processed/landmarks/include50/NEW/9405b13a65d7.npz,54,0.0,0.0,1.0,1.0,,
46adea171ec0,NEW,include50,video,,include:clip:46adea171ec0,data/external/include_pose/INCLUDE/Pose_Signs/Adjectives/91. new/MVI_5148.pkl,data/processed/landmarks/include50/NEW/46adea171ec0.npz,57,0.0,0.0,1.0,1.0,,
c89314f191da,DRY,include50,video,,include:clip:c89314f191da,data/external/include_pose/INCLUDE/Pose_Signs/Adjectives/97. dry/MVI_5169.pkl,data/processed/landmarks/include50/DRY/c89314f191da.npz,82,0.0,0.0,0.9878,1.0,,
5a3e56bc6a28,DRY,include50,video,,include:clip:5a3e56bc6a28,data/external/include_pose/INCLUDE/Pose_Signs/Adjectives/97. dry/MVI_5168.pkl,data/processed/landmarks/include50/DRY/5a3e56bc6a28.npz,80,0.0,0.0,1.0,1.0,,
c893a8d1a002,DRY,include50,video,,include:clip:c893a8d1a002,data/external/include_pose/INCLUDE/Pose_Signs/Adjectives/97. dry/MVI_9279.pkl,data/processed/landmarks/include50/DRY/c893a8d1a002.npz,56,0.0,0.0,0.8571,1.0,,
e3b8513adce5,DRY,include50,video,,include:clip:e3b8513adce5,data/external/include_pose/INCLUDE/Pose_Signs/Adjectives/97. dry/MVI_9523.pkl,data/processed/landmarks/include50/DRY/e3b8513adce5.npz,66,0.0,0.0,0.9697,1.0,,
33364d0ba5e7,DRY,include50,video,,include:clip:33364d0ba5e7,data/external/include_pose/INCLUDE/Pose_Signs/Adjectives/97. dry/MVI_5250.pkl,data/processed/landmarks/include50/DRY/33364d0ba5e7.npz,67,0.0,0.0,0.9552,1.0,,
b3479d8289ea,DRY,include50,video,,include:clip:b3479d8289ea,data/external/include_pose/INCLUDE/Pose_Signs/Adjectives/97. dry/MVI_9522.pkl,data/processed/landmarks/include50/DRY/b3479d8289ea.npz,64,0.0,0.0,0.9531,1.0,,
d40213ae008d,DRY,include50,video,,include:clip:d40213ae008d,data/external/include_pose/INCLUDE/Pose_Signs/Adjectives/97. dry/MVI_9278.pkl,data/processed/landmarks/include50/DRY/d40213ae008d.npz,62,0.0,0.0,0.9032,1.0,,
9f969c4baa24,DRY,include50,video,,include:clip:9f969c4baa24,data/external/include_pose/INCLUDE/Pose_Signs/Adjectives/97. dry/MVI_5326.pkl,data/processed/landmarks/include50/DRY/9f969c4baa24.npz,60,0.0,0.0,0.9667,1.0,,
63e092c146c1,DRY,include50,video,,include:clip:63e092c146c1,data/external/include_pose/INCLUDE/Pose_Signs/Adjectives/97. dry/MVI_9440.pkl,data/processed/landmarks/include50/DRY/63e092c146c1.npz,58,0.0,0.0,0.9138,1.0,,
500ab7ffe6fc,DRY,include50,video,,include:clip:500ab7ffe6fc,data/external/include_pose/INCLUDE/Pose_Signs/Adjectives/97. dry/MVI_9441.pkl,data/processed/landmarks/include50/DRY/500ab7ffe6fc.npz,57,0.0,0.0,0.9298,1.0,,
98fe9e10ca93,DRY,include50,video,,include:clip:98fe9e10ca93,data/external/include_pose/INCLUDE/Pose_Signs/Adjectives/97. dry/MVI_9521.pkl,data/processed/landmarks/include50/DRY/98fe9e10ca93.npz,63,0.0,0.0,0.9524,1.0,,
7a686337f76b,DRY,include50,video,,include:clip:7a686337f76b,data/external/include_pose/INCLUDE/Pose_Signs/Adjectives/97. dry/MVI_5327.pkl,data/processed/landmarks/include50/DRY/7a686337f76b.npz,58,0.0,0.0,0.9828,1.0,,
179206409278,DRY,include50,video,,include:clip:179206409278,data/external/include_pose/INCLUDE/Pose_Signs/Adjectives/97. dry/MVI_9277.pkl,data/processed/landmarks/include50/DRY/179206409278.npz,57,0.0,0.0,0.8421,1.0,,
bbe9986eaf59,DRY,include50,video,,include:clip:bbe9986eaf59,data/external/include_pose/INCLUDE/Pose_Signs/Adjectives/97. dry/MVI_5249.pkl,data/processed/landmarks/include50/DRY/bbe9986eaf59.npz,67,0.0,0.0,0.9403,1.0,,
bcaffbed4be2,DRY,include50,video,,include:clip:bcaffbed4be2,data/external/include_pose/INCLUDE/Pose_Signs/Adjectives/97. dry/MVI_5248.pkl,data/processed/landmarks/include50/DRY/bcaffbed4be2.npz,58,0.0,0.0,0.9828,1.0,,
df013d239169,DRY,include50,video,,include:clip:df013d239169,data/external/include_pose/INCLUDE/Pose_Signs/Adjectives/97. dry/MVI_5328.pkl,data/processed/landmarks/include50/DRY/df013d239169.npz,55,0.0,0.0,0.9636,1.0,,
b7edb804c516,DRY,include50,video,,include:clip:b7edb804c516,data/external/include_pose/INCLUDE/Pose_Signs/Adjectives/97. dry/MVI_9359.pkl,data/processed/landmarks/include50/DRY/b7edb804c516.npz,55,0.0,0.0,0.9455,1.0,,
b471aae59d3f,DRY,include50,video,,include:clip:b471aae59d3f,data/external/include_pose/INCLUDE/Pose_Signs/Adjectives/97. dry/MVI_5167.pkl,data/processed/landmarks/include50/DRY/b471aae59d3f.npz,68,0.0,0.0,0.9853,1.0,,
c17be25a0d98,DRY,include50,video,,include:clip:c17be25a0d98,data/external/include_pose/INCLUDE/Pose_Signs/Adjectives/97. dry/MVI_9361.pkl,data/processed/landmarks/include50/DRY/c17be25a0d98.npz,53,0.0,0.0,0.9434,1.0,,
f3106a4cf706,DRY,include50,video,,include:clip:f3106a4cf706,data/external/include_pose/INCLUDE/Pose_Signs/Adjectives/97. dry/MVI_9360.pkl,data/processed/landmarks/include50/DRY/f3106a4cf706.npz,53,0.0,0.0,0.9245,1.0,,
c29c7067c0fa,DRY,include50,video,,include:clip:c29c7067c0fa,data/external/include_pose/INCLUDE/Pose_Signs/Adjectives/97. dry/MVI_9439.pkl,data/processed/landmarks/include50/DRY/c29c7067c0fa.npz,63,0.0,0.0,0.9683,1.0,,
fbbf873186d8,GOOD,include50,video,,include:clip:fbbf873186d8,data/external/include_pose/INCLUDE/Pose_Signs/Adjectives/94. good/MVI_9351.pkl,data/processed/landmarks/include50/GOOD/fbbf873186d8.npz,50,0.0,0.0,1.0,1.0,,
798a2fbd074f,GOOD,include50,video,,include:clip:798a2fbd074f,data/external/include_pose/INCLUDE/Pose_Signs/Adjectives/94. good/MVI_9350.pkl,data/processed/landmarks/include50/GOOD/798a2fbd074f.npz,45,0.0,0.0,1.0,1.0,,
2a26510a18ad,GOOD,include50,video,,include:clip:2a26510a18ad,data/external/include_pose/INCLUDE/Pose_Signs/Adjectives/94. good/MVI_9432.pkl,data/processed/landmarks/include50/GOOD/2a26510a18ad.npz,59,0.0,0.0,1.0,1.0,,
acc2cb34daae,GOOD,include50,video,,include:clip:acc2cb34daae,data/external/include_pose/INCLUDE/Pose_Signs/Adjectives/94. good/MVI_9431.pkl,data/processed/landmarks/include50/GOOD/acc2cb34daae.npz,59,0.0,0.0,1.0,1.0,,
27749765a3c6,GOOD,include50,video,,include:clip:27749765a3c6,data/external/include_pose/INCLUDE/Pose_Signs/Adjectives/94. good/MVI_5318.pkl,data/processed/landmarks/include50/GOOD/27749765a3c6.npz,44,0.0,0.0,1.0,1.0,,
dd1e89404315,GOOD,include50,video,,include:clip:dd1e89404315,data/external/include_pose/INCLUDE/Pose_Signs/Adjectives/94. good/MVI_9268.pkl,data/processed/landmarks/include50/GOOD/dd1e89404315.npz,46,0.0,0.0,1.0,1.0,,
54961b0e9656,GOOD,include50,video,,include:clip:54961b0e9656,data/external/include_pose/INCLUDE/Pose_Signs/Adjectives/94. good/MVI_5240.pkl,data/processed/landmarks/include50/GOOD/54961b0e9656.npz,65,0.0,0.0,1.0,1.0,,
e5ae4baa5dfa,GOOD,include50,video,,include:clip:e5ae4baa5dfa,data/external/include_pose/INCLUDE/Pose_Signs/Adjectives/94. good/MVI_9269.pkl,data/processed/landmarks/include50/GOOD/e5ae4baa5dfa.npz,48,0.0,0.0,1.0,1.0,,
6af4f481bb6a,GOOD,include50,video,,include:clip:6af4f481bb6a,data/external/include_pose/INCLUDE/Pose_Signs/Adjectives/94. good/MVI_9270.pkl,data/processed/landmarks/include50/GOOD/6af4f481bb6a.npz,46,0.0,0.0,1.0,1.0,,
f6a5d1014be3,GOOD,include50,video,,include:clip:f6a5d1014be3,data/external/include_pose/INCLUDE/Pose_Signs/Adjectives/94. good/MVI_9510.pkl,data/processed/landmarks/include50/GOOD/f6a5d1014be3.npz,62,0.0,0.0,1.0,1.0,,
02b8e1248b9a,GOOD,include50,video,,include:clip:02b8e1248b9a,data/external/include_pose/INCLUDE/Pose_Signs/Adjectives/94. good/MVI_5316.pkl,data/processed/landmarks/include50/GOOD/02b8e1248b9a.npz,46,0.0,0.0,1.0,1.0,,
84c7ee74ba78,GOOD,include50,video,,include:clip:84c7ee74ba78,data/external/include_pose/INCLUDE/Pose_Signs/Adjectives/94. good/MVI_5317.pkl,data/processed/landmarks/include50/GOOD/84c7ee74ba78.npz,49,0.0,0.0,1.0,1.0,,
e4b7a0f9c7f9,GOOD,include50,video,,include:clip:e4b7a0f9c7f9,data/external/include_pose/INCLUDE/Pose_Signs/Adjectives/94. good/MVI_9511.pkl,data/processed/landmarks/include50/GOOD/e4b7a0f9c7f9.npz,56,0.0,0.0,1.0,1.0,,
2b2856d14df7,GOOD,include50,video,,include:clip:2b2856d14df7,data/external/include_pose/INCLUDE/Pose_Signs/Adjectives/94. good/MVI_9512.pkl,data/processed/landmarks/include50/GOOD/2b2856d14df7.npz,50,0.0,0.0,1.0,1.0,,
ce743588da79,GOOD,include50,video,,include:clip:ce743588da79,data/external/include_pose/INCLUDE/Pose_Signs/Adjectives/94. good/MVI_5159.pkl,data/processed/landmarks/include50/GOOD/ce743588da79.npz,63,0.0,0.0,1.0,1.0,,
5459b39bae16,GOOD,include50,video,,include:clip:5459b39bae16,data/external/include_pose/INCLUDE/Pose_Signs/Adjectives/94. good/MVI_5238.pkl,data/processed/landmarks/include50/GOOD/5459b39bae16.npz,49,0.0,0.0,1.0,1.0,,
398d89d4ebe4,GOOD,include50,video,,include:clip:398d89d4ebe4,data/external/include_pose/INCLUDE/Pose_Signs/Adjectives/94. good/MVI_9349.pkl,data/processed/landmarks/include50/GOOD/398d89d4ebe4.npz,41,0.0,0.0,1.0,1.0,,
ea2612c5d714,GOOD,include50,video,,include:clip:ea2612c5d714,data/external/include_pose/INCLUDE/Pose_Signs/Adjectives/94. good/MVI_5160.pkl,data/processed/landmarks/include50/GOOD/ea2612c5d714.npz,62,0.0,0.0,1.0,1.0,,
3cf07d2f26ff,COW,include50,video,,include:clip:3cf07d2f26ff,data/external/include_pose/INCLUDE/Pose_Signs/Animals/5. Cow/MVI_2992.pkl,data/processed/landmarks/include50/COW/3cf07d2f26ff.npz,91,0.0,0.0,0.9451,1.0,,
b3390e2f785b,COW,include50,video,,include:clip:b3390e2f785b,data/external/include_pose/INCLUDE/Pose_Signs/Animals/5. Cow/MVI_3046.pkl,data/processed/landmarks/include50/COW/b3390e2f785b.npz,78,0.0,0.0,0.9103,1.0,,
0864e4d1b7c4,COW,include50,video,,include:clip:0864e4d1b7c4,data/external/include_pose/INCLUDE/Pose_Signs/Animals/5. Cow/MVI_2990.pkl,data/processed/landmarks/include50/COW/0864e4d1b7c4.npz,73,0.0,0.0,0.8767,1.0,,
6356019c531e,COW,include50,video,,include:clip:6356019c531e,data/external/include_pose/INCLUDE/Pose_Signs/Animals/5. Cow/MVI_2991.pkl,data/processed/landmarks/include50/COW/6356019c531e.npz,65,0.0,0.0,0.8923,1.0,,
66775441e811,COW,include50,video,,include:clip:66775441e811,data/external/include_pose/INCLUDE/Pose_Signs/Animals/5. Cow/MVI_3047.pkl,data/processed/landmarks/include50/COW/66775441e811.npz,109,0.0,0.0,0.9358,1.0,,
0106bf68a913,COW,include50,video,,include:clip:0106bf68a913,data/external/include_pose/INCLUDE/Pose_Signs/Animals/5. Cow/MVI_3097.pkl,data/processed/landmarks/include50/COW/0106bf68a913.npz,76,0.0,0.0,0.8553,1.0,,
e1debb3f2682,COW,include50,video,,include:clip:e1debb3f2682,data/external/include_pose/INCLUDE/Pose_Signs/Animals/5. Cow/MVI_8570.pkl,data/processed/landmarks/include50/COW/e1debb3f2682.npz,75,0.0,0.0,0.5733,1.0,,
d250d6882065,COW,include50,video,,include:clip:d250d6882065,data/external/include_pose/INCLUDE/Pose_Signs/Animals/5. Cow/MVI_4158.pkl,data/processed/landmarks/include50/COW/d250d6882065.npz,59,0.0,0.0,0.8644,1.0,,
63277832393e,COW,include50,video,,include:clip:63277832393e,data/external/include_pose/INCLUDE/Pose_Signs/Animals/5. Cow/MVI_4159.pkl,data/processed/landmarks/include50/COW/63277832393e.npz,50,0.0,0.0,0.9,1.0,,
3ebb79e0afb5,COW,include50,video,,include:clip:3ebb79e0afb5,data/external/include_pose/INCLUDE/Pose_Signs/Animals/5. Cow/MVI_4160.pkl,data/processed/landmarks/include50/COW/3ebb79e0afb5.npz,57,0.0,0.0,0.8947,1.0,,
b2c176609ab7,COW,include50,video,,include:clip:b2c176609ab7,data/external/include_pose/INCLUDE/Pose_Signs/Animals/5. Cow/MVI_3015.pkl,data/processed/landmarks/include50/COW/b2c176609ab7.npz,99,0.0,0.0,0.9394,1.0,,
5a732e0a1a86,COW,include50,video,,include:clip:5a732e0a1a86,data/external/include_pose/INCLUDE/Pose_Signs/Animals/5. Cow/MVI_3017.pkl,data/processed/landmarks/include50/COW/5a732e0a1a86.npz,91,0.0,0.0,0.9341,1.0,,
5d96ff6c6960,COW,include50,video,,include:clip:5d96ff6c6960,data/external/include_pose/INCLUDE/Pose_Signs/Animals/5. Cow/MVI_8569.pkl,data/processed/landmarks/include50/COW/5d96ff6c6960.npz,80,0.0,0.0,0.5125,1.0,,
21911a843770,COW,include50,video,,include:clip:21911a843770,data/external/include_pose/INCLUDE/Pose_Signs/Animals/5. Cow/MVI_3098.pkl,data/processed/landmarks/include50/COW/21911a843770.npz,77,0.0,0.0,0.8831,1.0,,
4e6687883a42,COW,include50,video,,include:clip:4e6687883a42,data/external/include_pose/INCLUDE/Pose_Signs/Animals/5. Cow/MVI_3099.pkl,data/processed/landmarks/include50/COW/4e6687883a42.npz,76,0.0,0.0,0.8421,1.0,,
eeda89ab73da,COW,include50,video,,include:clip:eeda89ab73da,data/external/include_pose/INCLUDE/Pose_Signs/Animals/5. Cow/MVI_3049.pkl,data/processed/landmarks/include50/COW/eeda89ab73da.npz,100,0.0,0.0,0.95,1.0,,
90f7d9da7049,COW,include50,video,,include:clip:90f7d9da7049,data/external/include_pose/INCLUDE/Pose_Signs/Animals/5. Cow/MVI_3075.pkl,data/processed/landmarks/include50/COW/90f7d9da7049.npz,84,0.0,0.0,0.8929,1.0,,
e7a394d89e6c,COW,include50,video,,include:clip:e7a394d89e6c,data/external/include_pose/INCLUDE/Pose_Signs/Animals/5. Cow/MVI_3074.pkl,data/processed/landmarks/include50/COW/e7a394d89e6c.npz,84,0.0,0.0,0.8929,1.0,,
43484460f32c,HAT,include50,video,,include:clip:43484460f32c,data/external/include_pose/INCLUDE/Pose_Signs/Clothes/37. Hat/MVI_3691.pkl,data/processed/landmarks/include50/HAT/43484460f32c.npz,116,0.0,0.0,1.0,1.0,,
02aab9fd0848,HAT,include50,video,,include:clip:02aab9fd0848,data/external/include_pose/INCLUDE/Pose_Signs/Clothes/37. Hat/MVI_3690.pkl,data/processed/landmarks/include50/HAT/02aab9fd0848.npz,59,0.0,0.0,1.0,1.0,,
c7c122b13d93,HAT,include50,video,,include:clip:c7c122b13d93,data/external/include_pose/INCLUDE/Pose_Signs/Clothes/37. Hat/MVI_5008.pkl,data/processed/landmarks/include50/HAT/c7c122b13d93.npz,50,0.0,0.0,1.0,1.0,,
0ae8bb9077e8,HAT,include50,video,,include:clip:0ae8bb9077e8,data/external/include_pose/INCLUDE/Pose_Signs/Clothes/37. Hat/MVI_5154.pkl,data/processed/landmarks/include50/HAT/0ae8bb9077e8.npz,60,0.0,0.0,1.0,1.0,,
5c048720c09c,HAT,include50,video,,include:clip:5c048720c09c,data/external/include_pose/INCLUDE/Pose_Signs/Clothes/37. Hat/MVI_3985.pkl,data/processed/landmarks/include50/HAT/5c048720c09c.npz,59,0.0,0.0,1.0,1.0,,
630541bc2163,HAT,include50,video,,include:clip:630541bc2163,data/external/include_pose/INCLUDE/Pose_Signs/Clothes/37. Hat/MVI_3986.pkl,data/processed/landmarks/include50/HAT/630541bc2163.npz,101,0.0,0.0,1.0,1.0,,
90638b715fa8,HAT,include50,video,,include:clip:90638b715fa8,data/external/include_pose/INCLUDE/Pose_Signs/Clothes/37. Hat/MVI_4197.pkl,data/processed/landmarks/include50/HAT/90638b715fa8.npz,52,0.0,0.0,1.0,1.0,,
ca6ea0d88ed9,HAT,include50,video,,include:clip:ca6ea0d88ed9,data/external/include_pose/INCLUDE/Pose_Signs/Clothes/37. Hat/MVI_3835.pkl,data/processed/landmarks/include50/HAT/ca6ea0d88ed9.npz,70,0.0,0.0,1.0,1.0,,
b09b1c91497b,HAT,include50,video,,include:clip:b09b1c91497b,data/external/include_pose/INCLUDE/Pose_Signs/Clothes/37. Hat/MVI_3837.pkl,data/processed/landmarks/include50/HAT/b09b1c91497b.npz,40,0.0,0.0,1.0,1.0,,
3b406e9d2ff4,HAT,include50,video,,include:clip:3b406e9d2ff4,data/external/include_pose/INCLUDE/Pose_Signs/Clothes/37. Hat/MVI_3688.pkl,data/processed/landmarks/include50/HAT/3b406e9d2ff4.npz,69,0.0,0.0,1.0,1.0,,
b1cd972173e9,HAT,include50,video,,include:clip:b1cd972173e9,data/external/include_pose/INCLUDE/Pose_Signs/Clothes/37. Hat/MVI_5006.pkl,data/processed/landmarks/include50/HAT/b1cd972173e9.npz,60,0.0,0.0,1.0,1.0,,
f8d4eb24e2a9,HAT,include50,video,,include:clip:f8d4eb24e2a9,data/external/include_pose/INCLUDE/Pose_Signs/Clothes/37. Hat/MVI_4867.pkl,data/processed/landmarks/include50/HAT/f8d4eb24e2a9.npz,67,0.0,0.0,1.0,1.0,,
9ef0b5de9a79,HAT,include50,video,,include:clip:9ef0b5de9a79,data/external/include_pose/INCLUDE/Pose_Signs/Clothes/37. Hat/MVI_4866.pkl,data/processed/landmarks/include50/HAT/9ef0b5de9a79.npz,57,0.0,0.0,1.0,1.0,,
9b6b6441c58d,HAT,include50,video,,include:clip:9b6b6441c58d,data/external/include_pose/INCLUDE/Pose_Signs/Clothes/37. Hat/MVI_5007.pkl,data/processed/landmarks/include50/HAT/9b6b6441c58d.npz,50,0.0,0.0,1.0,1.0,,
34d496376b7b,T_SHIRT,include50,video,,include:clip:34d496376b7b,data/external/include_pose/INCLUDE/Pose_Signs/Clothes/42. T-Shirt/MVI_5022.pkl,data/processed/landmarks/include50/T_SHIRT/34d496376b7b.npz,76,0.0,0.0,0.8947,1.0,,
3bc068233122,T_SHIRT,include50,video,,include:clip:3bc068233122,data/external/include_pose/INCLUDE/Pose_Signs/Clothes/42. T-Shirt/MVI_4881.pkl,data/processed/landmarks/include50/T_SHIRT/3bc068233122.npz,77,0.0,0.0,0.961,1.0,,
e4e6cea49b62,T_SHIRT,include50,video,,include:clip:e4e6cea49b62,data/external/include_pose/INCLUDE/Pose_Signs/Clothes/42. T-Shirt/MVI_5023.pkl,data/processed/landmarks/include50/T_SHIRT/e4e6cea49b62.npz,79,0.0,0.0,0.9114,1.0,,
644f6760ee2f,T_SHIRT,include50,video,,include:clip:644f6760ee2f,data/external/include_pose/INCLUDE/Pose_Signs/Clothes/42. T-Shirt/MVI_5169.pkl,data/processed/landmarks/include50/T_SHIRT/644f6760ee2f.npz,60,0.0,0.0,0.9667,1.0,,
361774c09100,T_SHIRT,include50,video,,include:clip:361774c09100,data/external/include_pose/INCLUDE/Pose_Signs/Clothes/42. T-Shirt/MVI_5021.pkl,data/processed/landmarks/include50/T_SHIRT/361774c09100.npz,64,0.0,0.0,0.875,1.0,,
d0d09fc864dc,T_SHIRT,include50,video,,include:clip:d0d09fc864dc,data/external/include_pose/INCLUDE/Pose_Signs/Clothes/42. T-Shirt/MVI_4883.pkl,data/processed/landmarks/include50/T_SHIRT/d0d09fc864dc.npz,70,0.0,0.0,0.9857,1.0,,
9bc2dbe939b4,T_SHIRT,include50,video,,include:clip:9bc2dbe939b4,data/external/include_pose/INCLUDE/Pose_Signs/Clothes/42. T-Shirt/MVI_4882.pkl,data/processed/landmarks/include50/T_SHIRT/9bc2dbe939b4.npz,78,0.0,0.0,0.9615,1.0,,
f7cebb52855c,T_SHIRT,include50,video,,include:clip:f7cebb52855c,data/external/include_pose/INCLUDE/Pose_Signs/Clothes/42. T-Shirt/MVI_8606.pkl,data/processed/landmarks/include50/T_SHIRT/f7cebb52855c.npz,76,0.0,0.0,0.8684,1.0,,
9ac57fb4e204,T_SHIRT,include50,video,,include:clip:9ac57fb4e204,data/external/include_pose/INCLUDE/Pose_Signs/Clothes/42. T-Shirt/MVI_4202.pkl,data/processed/landmarks/include50/T_SHIRT/9ac57fb4e204.npz,61,0.0,0.0,0.9672,1.0,,
86dc647ef0ea,T_SHIRT,include50,video,,include:clip:86dc647ef0ea,data/external/include_pose/INCLUDE/Pose_Signs/Clothes/42. T-Shirt/MVI_4002.pkl,data/processed/landmarks/include50/T_SHIRT/86dc647ef0ea.npz,92,0.0,0.0,0.9565,1.0,,
6effa5be1895,T_SHIRT,include50,video,,include:clip:6effa5be1895,data/external/include_pose/INCLUDE/Pose_Signs/Clothes/42. T-Shirt/MVI_4003.pkl,data/processed/landmarks/include50/T_SHIRT/6effa5be1895.npz,85,0.0,0.0,0.8824,1.0,,
7df54dbe7848,T_SHIRT,include50,video,,include:clip:7df54dbe7848,data/external/include_pose/INCLUDE/Pose_Signs/Clothes/42. T-Shirt/MVI_5171.pkl,data/processed/landmarks/include50/T_SHIRT/7df54dbe7848.npz,65,0.0,0.0,0.9846,1.0,,
dba7d7217076,T_SHIRT,include50,video,,include:clip:dba7d7217076,data/external/include_pose/INCLUDE/Pose_Signs/Clothes/42. T-Shirt/MVI_3851.pkl,data/processed/landmarks/include50/T_SHIRT/dba7d7217076.npz,88,0.0,0.0,0.9545,1.0,,
9c38f7502ca5,T_SHIRT,include50,video,,include:clip:9c38f7502ca5,data/external/include_pose/INCLUDE/Pose_Signs/Clothes/42. T-Shirt/MVI_3850.pkl,data/processed/landmarks/include50/T_SHIRT/9c38f7502ca5.npz,106,0.0,0.0,0.9717,1.0,,
8f30003a00fb,T_SHIRT,include50,video,,include:clip:8f30003a00fb,data/external/include_pose/INCLUDE/Pose_Signs/Clothes/42. T-Shirt/MVI_5170.pkl,data/processed/landmarks/include50/T_SHIRT/8f30003a00fb.npz,66,0.0,0.0,1.0,1.0,,
9b70f9f0a21d,T_SHIRT,include50,video,,include:clip:9b70f9f0a21d,data/external/include_pose/INCLUDE/Pose_Signs/Clothes/42. T-Shirt/MVI_3705.pkl,data/processed/landmarks/include50/T_SHIRT/9b70f9f0a21d.npz,70,0.0,0.0,0.9429,1.0,,
e760a2495654,T_SHIRT,include50,video,,include:clip:e760a2495654,data/external/include_pose/INCLUDE/Pose_Signs/Clothes/42. T-Shirt/MVI_3706.pkl,data/processed/landmarks/include50/T_SHIRT/e760a2495654.npz,74,0.0,0.0,0.9595,1.0,,
9302a30d5c6c,SHOES,include50,video,,include:clip:9302a30d5c6c,data/external/include_pose/INCLUDE/Pose_Signs/Clothes/44. Shoes/MVI_5030.pkl,data/processed/landmarks/include50/SHOES/9302a30d5c6c.npz,72,0.0,0.0,0.8889,1.0,,
9459ff7dbf50,SHOES,include50,video,,include:clip:9459ff7dbf50,data/external/include_pose/INCLUDE/Pose_Signs/Clothes/44. Shoes/MVI_4887.pkl,data/processed/landmarks/include50/SHOES/9459ff7dbf50.npz,83,0.0,0.0,0.988,1.0,,
a5f5398be699,SHOES,include50,video,,include:clip:a5f5398be699,data/external/include_pose/INCLUDE/Pose_Signs/Clothes/44. Shoes/MVI_4204.pkl,data/processed/landmarks/include50/SHOES/a5f5398be699.npz,57,0.0,0.0,0.9649,1.0,,
9012543c6092,SHOES,include50,video,,include:clip:9012543c6092,data/external/include_pose/INCLUDE/Pose_Signs/Clothes/44. Shoes/MVI_4008.pkl,data/processed/landmarks/include50/SHOES/9012543c6092.npz,76,0.0,0.0,0.8816,1.0,,
c5cb27209961,SHOES,include50,video,,include:clip:c5cb27209961,data/external/include_pose/INCLUDE/Pose_Signs/Clothes/44. Shoes/MVI_4009.pkl,data/processed/landmarks/include50/SHOES/c5cb27209961.npz,69,0.0,0.0,0.913,1.0,,
2aa5076c4c2d,SHOES,include50,video,,include:clip:2aa5076c4c2d,data/external/include_pose/INCLUDE/Pose_Signs/Clothes/44. Shoes/MVI_8608.pkl,data/processed/landmarks/include50/SHOES/2aa5076c4c2d.npz,62,0.0,0.0,0.8387,1.0,,
8a13d0cc1412,SHOES,include50,video,,include:clip:8a13d0cc1412,data/external/include_pose/INCLUDE/Pose_Signs/Clothes/44. Shoes/MVI_3710.pkl,data/processed/landmarks/include50/SHOES/8a13d0cc1412.npz,65,0.0,0.0,0.9231,1.0,,
8caf487a6f86,SHOES,include50,video,,include:clip:8caf487a6f86,data/external/include_pose/INCLUDE/Pose_Signs/Clothes/44. Shoes/MVI_5177.pkl,data/processed/landmarks/include50/SHOES/8caf487a6f86.npz,60,0.0,0.0,0.9667,1.0,,
2d09113a622d,SHOES,include50,video,,include:clip:2d09113a622d,data/external/include_pose/INCLUDE/Pose_Signs/Clothes/44. Shoes/MVI_3857.pkl,data/processed/landmarks/include50/SHOES/2d09113a622d.npz,93,0.0,0.0,0.9677,1.0,,
63f2625c0246,SHOES,include50,video,,include:clip:63f2625c0246,data/external/include_pose/INCLUDE/Pose_Signs/Clothes/44. Shoes/MVI_3856.pkl,data/processed/landmarks/include50/SHOES/63f2625c0246.npz,83,0.0,0.0,0.9759,1.0,,
595d2c594902,SHOES,include50,video,,include:clip:595d2c594902,data/external/include_pose/INCLUDE/Pose_Signs/Clothes/44. Shoes/MVI_4888.pkl,data/processed/landmarks/include50/SHOES/595d2c594902.npz,80,0.0,0.0,0.9875,1.0,,
44125cfa8543,SHOES,include50,video,,include:clip:44125cfa8543,data/external/include_pose/INCLUDE/Pose_Signs/Clothes/44. Shoes/MVI_5176.pkl,data/processed/landmarks/include50/SHOES/44125cfa8543.npz,62,0.0,0.0,0.9677,1.0,,
f0c36603d662,SHOES,include50,video,,include:clip:f0c36603d662,data/external/include_pose/INCLUDE/Pose_Signs/Clothes/44. Shoes/MVI_3711.pkl,data/processed/landmarks/include50/SHOES/f0c36603d662.npz,69,0.0,0.0,0.8551,1.0,,
782e3cf32d81,SHOES,include50,video,,include:clip:782e3cf32d81,data/external/include_pose/INCLUDE/Pose_Signs/Clothes/44. Shoes/MVI_5028.pkl,data/processed/landmarks/include50/SHOES/782e3cf32d81.npz,64,0.0,0.0,0.875,1.0,,
713a4a9988fd,SHOES,include50,video,,include:clip:713a4a9988fd,data/external/include_pose/INCLUDE/Pose_Signs/Clothes/44. Shoes/MVI_5175.pkl,data/processed/landmarks/include50/SHOES/713a4a9988fd.npz,60,0.0,0.0,1.0,1.0,,
0d7ff6b30525,SHOES,include50,video,,include:clip:0d7ff6b30525,data/external/include_pose/INCLUDE/Pose_Signs/Clothes/44. Shoes/MVI_3712.pkl,data/processed/landmarks/include50/SHOES/0d7ff6b30525.npz,70,0.0,0.0,0.9286,1.0,,
f54bd83c7123,MONDAY,include50,video,,include:clip:f54bd83c7123,data/external/include_pose/INCLUDE/Pose_Signs/Days_and_Time/67. Monday/MVI_5009.pkl,data/processed/landmarks/include50/MONDAY/f54bd83c7123.npz,47,0.0,0.0,0.9149,1.0,,
5a91cbaeaa13,MONDAY,include50,video,,include:clip:5a91cbaeaa13,data/external/include_pose/INCLUDE/Pose_Signs/Days_and_Time/67. Monday/MVI_9144.pkl,data/processed/landmarks/include50/MONDAY/5a91cbaeaa13.npz,58,0.0,0.0,0.931,1.0,,
40c79c9269f9,MONDAY,include50,video,,include:clip:40c79c9269f9,data/external/include_pose/INCLUDE/Pose_Signs/Days_and_Time/67. Monday/MVI_5446.pkl,data/processed/landmarks/include50/MONDAY/40c79c9269f9.npz,52,0.0,0.0,0.9423,1.0,,
db4657cee140,MONDAY,include50,video,,include:clip:db4657cee140,data/external/include_pose/INCLUDE/Pose_Signs/Days_and_Time/67. Monday/MVI_9142.pkl,data/processed/landmarks/include50/MONDAY/db4657cee140.npz,63,0.0,0.0,0.9365,1.0,,
2b124330d810,MONDAY,include50,video,,include:clip:2b124330d810,data/external/include_pose/INCLUDE/Pose_Signs/Days_and_Time/67. Monday/MVI_9143.pkl,data/processed/landmarks/include50/MONDAY/2b124330d810.npz,70,0.0,0.0,0.9714,1.0,,
35282257058c,MONDAY,include50,video,,include:clip:35282257058c,data/external/include_pose/INCLUDE/Pose_Signs/Days_and_Time/67. Monday/MVI_4594.pkl,data/processed/landmarks/include50/MONDAY/35282257058c.npz,59,0.0,0.0,0.9322,1.0,,
59a2c80c21dc,MONDAY,include50,video,,include:clip:59a2c80c21dc,data/external/include_pose/INCLUDE/Pose_Signs/Days_and_Time/67. Monday/MVI_5449.pkl,data/processed/landmarks/include50/MONDAY/59a2c80c21dc.npz,51,0.0,0.0,0.902,1.0,,
1fa8a6e3b8fe,MONDAY,include50,video,,include:clip:1fa8a6e3b8fe,data/external/include_pose/INCLUDE/Pose_Signs/Days_and_Time/67. Monday/MVI_5448.pkl,data/processed/landmarks/include50/MONDAY/1fa8a6e3b8fe.npz,54,0.0,0.0,0.9259,1.0,,
3b5d786b7a1b,MONDAY,include50,video,,include:clip:3b5d786b7a1b,data/external/include_pose/INCLUDE/Pose_Signs/Days_and_Time/67. Monday/MVI_4592.pkl,data/processed/landmarks/include50/MONDAY/3b5d786b7a1b.npz,54,0.0,0.0,0.8704,1.0,,
00e8c37f3ed9,MONDAY,include50,video,,include:clip:00e8c37f3ed9,data/external/include_pose/INCLUDE/Pose_Signs/Days_and_Time/67. Monday/MVI_4591.pkl,data/processed/landmarks/include50/MONDAY/00e8c37f3ed9.npz,57,0.0,0.0,0.8947,1.0,,
9dbdee9fdf7a,MONDAY,include50,video,,include:clip:9dbdee9fdf7a,data/external/include_pose/INCLUDE/Pose_Signs/Days_and_Time/67. Monday/MVI_5011.pkl,data/processed/landmarks/include50/MONDAY/9dbdee9fdf7a.npz,54,0.0,0.0,0.8889,1.0,,
839d6d3c1066,MONDAY,include50,video,,include:clip:839d6d3c1066,data/external/include_pose/INCLUDE/Pose_Signs/Days_and_Time/67. Monday/MVI_5010.pkl,data/processed/landmarks/include50/MONDAY/839d6d3c1066.npz,47,0.0,0.0,0.8723,1.0,,
981ffb7a945f,YEAR,include50,video,,include:clip:981ffb7a945f,data/external/include_pose/INCLUDE/Pose_Signs/Days_and_Time/78. Year/MVI_5047.pkl,data/processed/landmarks/include50/YEAR/981ffb7a945f.npz,46,0.0,0.0,0.8913,1.0,,
2c83d49107e5,YEAR,include50,video,,include:clip:2c83d49107e5,data/external/include_pose/INCLUDE/Pose_Signs/Days_and_Time/78. Year/MVI_9178.pkl,data/processed/landmarks/include50/YEAR/2c83d49107e5.npz,69,0.0,0.0,0.9565,1.0,,
568b9269d6a7,YEAR,include50,video,,include:clip:568b9269d6a7,data/external/include_pose/INCLUDE/Pose_Signs/Days_and_Time/78. Year/MVI_5492.pkl,data/processed/landmarks/include50/YEAR/568b9269d6a7.npz,43,0.0,0.0,0.9767,1.0,,
62ab2867f440,YEAR,include50,video,,include:clip:62ab2867f440,data/external/include_pose/INCLUDE/Pose_Signs/Days_and_Time/78. Year/MVI_5493.pkl,data/processed/landmarks/include50/YEAR/62ab2867f440.npz,39,0.0,0.0,0.9487,1.0,,
fe4defd0a936,YEAR,include50,video,,include:clip:fe4defd0a936,data/external/include_pose/INCLUDE/Pose_Signs/Days_and_Time/78. Year/MVI_5491.pkl,data/processed/landmarks/include50/YEAR/fe4defd0a936.npz,46,0.0,0.0,1.0,1.0,,
15857608e6aa,YEAR,include50,video,,include:clip:15857608e6aa,data/external/include_pose/INCLUDE/Pose_Signs/Days_and_Time/78. Year/MVI_5048.pkl,data/processed/landmarks/include50/YEAR/15857608e6aa.npz,37,0.0,0.0,0.8378,1.0,,
64c1db800c48,YEAR,include50,video,,include:clip:64c1db800c48,data/external/include_pose/INCLUDE/Pose_Signs/Days_and_Time/78. Year/MVI_9175.pkl,data/processed/landmarks/include50/YEAR/64c1db800c48.npz,60,0.0,0.0,0.9333,1.0,,
fd92bab6c4d7,YEAR,include50,video,,include:clip:fd92bab6c4d7,data/external/include_pose/INCLUDE/Pose_Signs/Days_and_Time/78. Year/MVI_9176.pkl,data/processed/landmarks/include50/YEAR/fd92bab6c4d7.npz,61,0.0,0.0,0.8852,1.0,,
48522d6b1bc9,TIME,include50,video,,include:clip:48522d6b1bc9,data/external/include_pose/INCLUDE/Pose_Signs/Days_and_Time/86. Time/MVI_4670.pkl,data/processed/landmarks/include50/TIME/48522d6b1bc9.npz,66,0.0,0.0,0.9242,1.0,,
871fab8e97ae,TIME,include50,video,,include:clip:871fab8e97ae,data/external/include_pose/INCLUDE/Pose_Signs/Days_and_Time/86. Time/MVI_4667.pkl,data/processed/landmarks/include50/TIME/871fab8e97ae.npz,58,0.0,0.0,0.9483,1.0,,
7b9ecca5a9ec,TIME,include50,video,,include:clip:7b9ecca5a9ec,data/external/include_pose/INCLUDE/Pose_Signs/Days_and_Time/86. Time/MVI_5078.pkl,data/processed/landmarks/include50/TIME/7b9ecca5a9ec.npz,44,0.0,0.0,0.8636,1.0,,
e3f6afd36521,TIME,include50,video,,include:clip:e3f6afd36521,data/external/include_pose/INCLUDE/Pose_Signs/Days_and_Time/86. Time/MVI_5079.pkl,data/processed/landmarks/include50/TIME/e3f6afd36521.npz,42,0.0,0.0,0.9762,1.0,,
2159c3dfb917,TIME,include50,video,,include:clip:2159c3dfb917,data/external/include_pose/INCLUDE/Pose_Signs/Days_and_Time/86. Time/MVI_5524.pkl,data/processed/landmarks/include50/TIME/2159c3dfb917.npz,38,0.0,0.0,0.9211,1.0,,
a6b63e9e10e2,TIME,include50,video,,include:clip:a6b63e9e10e2,data/external/include_pose/INCLUDE/Pose_Signs/Days_and_Time/86. Time/MVI_5526.pkl,data/processed/landmarks/include50/TIME/a6b63e9e10e2.npz,43,0.0,0.0,1.0,1.0,,
c222c514b3f4,TIME,include50,video,,include:clip:c222c514b3f4,data/external/include_pose/INCLUDE/Pose_Signs/Days_and_Time/86. Time/MVI_9204.pkl,data/processed/landmarks/include50/TIME/c222c514b3f4.npz,57,0.0,0.0,0.9474,1.0,,
02bf719813bf,TIME,include50,video,,include:clip:02bf719813bf,data/external/include_pose/INCLUDE/Pose_Signs/Days_and_Time/86. Time/MVI_9202.pkl,data/processed/landmarks/include50/TIME/02bf719813bf.npz,58,0.0,0.0,0.931,1.0,,
4fe259f1e30a,TIME,include50,video,,include:clip:4fe259f1e30a,data/external/include_pose/INCLUDE/Pose_Signs/Days_and_Time/86. Time/MVI_9203.pkl,data/processed/landmarks/include50/TIME/4fe259f1e30a.npz,57,0.0,0.0,0.9649,1.0,,
e2e7fb1b0648,TIME,include50,video,,include:clip:e2e7fb1b0648,data/external/include_pose/INCLUDE/Pose_Signs/Days_and_Time/86. Time/MVI_9201.pkl,data/processed/landmarks/include50/TIME/e2e7fb1b0648.npz,64,0.0,0.0,0.9688,1.0,,
7ba8a440a647,TIME,include50,video,,include:clip:7ba8a440a647,data/external/include_pose/INCLUDE/Pose_Signs/Days_and_Time/86. Time/MVI_4668.pkl,data/processed/landmarks/include50/TIME/7ba8a440a647.npz,59,0.0,0.0,0.8983,1.0,,
9e8c4b581ed6,TIME,include50,video,,include:clip:9e8c4b581ed6,data/external/include_pose/INCLUDE/Pose_Signs/Days_and_Time/86. Time/MVI_4669.pkl,data/processed/landmarks/include50/TIME/9e8c4b581ed6.npz,73,0.0,0.0,0.9452,1.0,,
818fe851998f,FAN,include50,video,,include:clip:818fe851998f,data/external/include_pose/INCLUDE/Pose_Signs/Electronics/53. Fan/MVI_5390.pkl,data/processed/landmarks/include50/FAN/818fe851998f.npz,57,0.0,0.0,1.0,1.0,,
fc6fffc013df,FAN,include50,video,,include:clip:fc6fffc013df,data/external/include_pose/INCLUDE/Pose_Signs/Electronics/53. Fan/MVI_9097.pkl,data/processed/landmarks/include50/FAN/fc6fffc013df.npz,78,0.0,0.0,1.0,1.0,,
974e094dc8ea,FAN,include50,video,,include:clip:974e094dc8ea,data/external/include_pose/INCLUDE/Pose_Signs/Electronics/53. Fan/MVI_4966.pkl,data/processed/landmarks/include50/FAN/974e094dc8ea.npz,53,0.0,0.0,1.0,1.0,,
cbfc5286c1d9,FAN,include50,video,,include:clip:cbfc5286c1d9,data/external/include_pose/INCLUDE/Pose_Signs/Electronics/53. Fan/MVI_4964.pkl,data/processed/landmarks/include50/FAN/cbfc5286c1d9.npz,53,0.0,0.0,1.0,1.0,,
63c0ab3fd243,FAN,include50,video,,include:clip:63c0ab3fd243,data/external/include_pose/INCLUDE/Pose_Signs/Electronics/53. Fan/MVI_4965.pkl,data/processed/landmarks/include50/FAN/63c0ab3fd243.npz,56,0.0,0.0,1.0,1.0,,
18d2298cb74e,FAN,include50,video,,include:clip:18d2298cb74e,data/external/include_pose/INCLUDE/Pose_Signs/Electronics/53. Fan/MVI_4534.pkl,data/processed/landmarks/include50/FAN/18d2298cb74e.npz,59,0.0,0.0,0.9492,1.0,,
1a42b4148c0a,FAN,include50,video,,include:clip:1a42b4148c0a,data/external/include_pose/INCLUDE/Pose_Signs/Electronics/53. Fan/MVI_4536.pkl,data/processed/landmarks/include50/FAN/1a42b4148c0a.npz,64,0.0,0.0,0.8281,1.0,,
d1f31186f942,FAN,include50,video,,include:clip:d1f31186f942,data/external/include_pose/INCLUDE/Pose_Signs/Electronics/53. Fan/MVI_9099.pkl,data/processed/landmarks/include50/FAN/d1f31186f942.npz,87,0.0,0.0,1.0,1.0,,
629d3e18b839,FAN,include50,video,,include:clip:629d3e18b839,data/external/include_pose/INCLUDE/Pose_Signs/Electronics/53. Fan/MVI_9098.pkl,data/processed/landmarks/include50/FAN/629d3e18b839.npz,71,0.0,0.0,1.0,1.0,,
e5dec7b87b26,FAN,include50,video,,include:clip:e5dec7b87b26,data/external/include_pose/INCLUDE/Pose_Signs/Electronics/53. Fan/MVI_4533.pkl,data/processed/landmarks/include50/FAN/e5dec7b87b26.npz,65,0.0,0.0,0.9692,1.0,,
4d87c53d924b,FAN,include50,video,,include:clip:4d87c53d924b,data/external/include_pose/INCLUDE/Pose_Signs/Electronics/53. Fan/MVI_4532.pkl,data/processed/landmarks/include50/FAN/4d87c53d924b.npz,78,0.0,0.0,0.9872,1.0,,
0dd30c66fa8f,FAN,include50,video,,include:clip:0dd30c66fa8f,data/external/include_pose/INCLUDE/Pose_Signs/Electronics/53. Fan/MVI_5389.pkl,data/processed/landmarks/include50/FAN/0dd30c66fa8f.npz,55,0.0,0.0,1.0,1.0,,
2571435de9ef,CELL_PHONE,include50,video,,include:clip:2571435de9ef,data/external/include_pose/INCLUDE/Pose_Signs/Electronics/54. Cell phone/MVI_5391.pkl,data/processed/landmarks/include50/CELL_PHONE/2571435de9ef.npz,46,0.0,0.0,1.0,1.0,,
5b26bd754518,CELL_PHONE,include50,video,,include:clip:5b26bd754518,data/external/include_pose/INCLUDE/Pose_Signs/Electronics/54. Cell phone/MVI_5392.pkl,data/processed/landmarks/include50/CELL_PHONE/5b26bd754518.npz,53,0.0,0.0,1.0,1.0,,
81d10ab916d0,CELL_PHONE,include50,video,,include:clip:81d10ab916d0,data/external/include_pose/INCLUDE/Pose_Signs/Electronics/54. Cell phone/MVI_5394.pkl,data/processed/landmarks/include50/CELL_PHONE/81d10ab916d0.npz,60,0.0,0.0,1.0,1.0,,
5fb645a256ec,CELL_PHONE,include50,video,,include:clip:5fb645a256ec,data/external/include_pose/INCLUDE/Pose_Signs/Electronics/54. Cell phone/MVI_4539.pkl,data/processed/landmarks/include50/CELL_PHONE/5fb645a256ec.npz,53,0.0,0.0,1.0,1.0,,
47d0a7ebae5c,CELL_PHONE,include50,video,,include:clip:47d0a7ebae5c,data/external/include_pose/INCLUDE/Pose_Signs/Electronics/54. Cell phone/MVI_4538.pkl,data/processed/landmarks/include50/CELL_PHONE/47d0a7ebae5c.npz,47,0.0,0.0,1.0,1.0,,
00b994954e1b,CELL_PHONE,include50,video,,include:clip:00b994954e1b,data/external/include_pose/INCLUDE/Pose_Signs/Electronics/54. Cell phone/MVI_4968.pkl,data/processed/landmarks/include50/CELL_PHONE/00b994954e1b.npz,59,0.0,0.0,1.0,1.0,,
8b836a1789f1,CELL_PHONE,include50,video,,include:clip:8b836a1789f1,data/external/include_pose/INCLUDE/Pose_Signs/Electronics/54. Cell phone/MVI_4540.pkl,data/processed/landmarks/include50/CELL_PHONE/8b836a1789f1.npz,45,0.0,0.0,0.9778,1.0,,
61b70e8ac99b,CELL_PHONE,include50,video,,include:clip:61b70e8ac99b,data/external/include_pose/INCLUDE/Pose_Signs/Electronics/54. Cell phone/MVI_9102.pkl,data/processed/landmarks/include50/CELL_PHONE/61b70e8ac99b.npz,62,0.0,0.0,1.0,1.0,,
873b789d4380,CELL_PHONE,include50,video,,include:clip:873b789d4380,data/external/include_pose/INCLUDE/Pose_Signs/Electronics/54. Cell phone/MVI_9100.pkl,data/processed/landmarks/include50/CELL_PHONE/873b789d4380.npz,73,0.0,0.0,1.0,1.0,,
ad59f264be2b,CELL_PHONE,include50,video,,include:clip:ad59f264be2b,data/external/include_pose/INCLUDE/Pose_Signs/Electronics/54. Cell phone/MVI_9101.pkl,data/processed/landmarks/include50/CELL_PHONE/ad59f264be2b.npz,69,0.0,0.0,1.0,1.0,,
00186e65b71c,HELLO,include50,video,,include:clip:00186e65b71c,data/external/include_pose/INCLUDE/Pose_Signs/Greetings/48. Hello/MVI_0039.pkl,data/processed/landmarks/include50/HELLO/00186e65b71c.npz,52,0.0,0.0,1.0,1.0,,
76351c8f3553,HELLO,include50,video,,include:clip:76351c8f3553,data/external/include_pose/INCLUDE/Pose_Signs/Greetings/48. Hello/MVI_0038.pkl,data/processed/landmarks/include50/HELLO/76351c8f3553.npz,56,0.0,0.0,1.0,1.0,,
b9d67fdb472d,HELLO,include50,video,,include:clip:b9d67fdb472d,data/external/include_pose/INCLUDE/Pose_Signs/Greetings/48. Hello/MVI_0089.pkl,data/processed/landmarks/include50/HELLO/b9d67fdb472d.npz,68,0.0,0.0,1.0,1.0,,
d1224185ec1c,HELLO,include50,video,,include:clip:d1224185ec1c,data/external/include_pose/INCLUDE/Pose_Signs/Greetings/48. Hello/MVI_9914.pkl,data/processed/landmarks/include50/HELLO/d1224185ec1c.npz,53,0.0,0.0,1.0,1.0,,
2a72c56e7759,HELLO,include50,video,,include:clip:2a72c56e7759,data/external/include_pose/INCLUDE/Pose_Signs/Greetings/48. Hello/MVI_9917.pkl,data/processed/landmarks/include50/HELLO/2a72c56e7759.npz,49,0.0,0.0,1.0,1.0,,
08048e068302,HELLO,include50,video,,include:clip:08048e068302,data/external/include_pose/INCLUDE/Pose_Signs/Greetings/48. Hello/MVI_9916.pkl,data/processed/landmarks/include50/HELLO/08048e068302.npz,50,0.0,0.0,1.0,1.0,,
9a298b220cb1,HELLO,include50,video,,include:clip:9a298b220cb1,data/external/include_pose/INCLUDE/Pose_Signs/Greetings/48. Hello/MVI_0090.pkl,data/processed/landmarks/include50/HELLO/9a298b220cb1.npz,69,0.0,0.0,1.0,1.0,,
8516b3aae845,HELLO,include50,video,,include:clip:8516b3aae845,data/external/include_pose/INCLUDE/Pose_Signs/Greetings/48. Hello/MVI_9984.pkl,data/processed/landmarks/include50/HELLO/8516b3aae845.npz,47,0.0,0.0,1.0,1.0,,
308976e87c22,HELLO,include50,video,,include:clip:308976e87c22,data/external/include_pose/INCLUDE/Pose_Signs/Greetings/48. Hello/MVI_0037.pkl,data/processed/landmarks/include50/HELLO/308976e87c22.npz,49,0.0,0.0,1.0,1.0,,
385c471e8c88,HELLO,include50,video,,include:clip:385c471e8c88,data/external/include_pose/INCLUDE/Pose_Signs/Greetings/48. Hello/MVI_9956.pkl,data/processed/landmarks/include50/HELLO/385c471e8c88.npz,76,0.0,0.0,1.0,1.0,,
d73b20f7e5e2,HELLO,include50,video,,include:clip:d73b20f7e5e2,data/external/include_pose/INCLUDE/Pose_Signs/Greetings/48. Hello/MVI_0032.pkl,data/processed/landmarks/include50/HELLO/d73b20f7e5e2.npz,61,0.0,0.0,1.0,1.0,,
95f610793afa,HELLO,include50,video,,include:clip:95f610793afa,data/external/include_pose/INCLUDE/Pose_Signs/Greetings/48. Hello/MVI_9955.pkl,data/processed/landmarks/include50/HELLO/95f610793afa.npz,84,0.0,0.0,1.0,1.0,,
bba82de4a8d5,HELLO,include50,video,,include:clip:bba82de4a8d5,data/external/include_pose/INCLUDE/Pose_Signs/Greetings/48. Hello/MVI_9954.pkl,data/processed/landmarks/include50/HELLO/bba82de4a8d5.npz,69,0.0,0.0,1.0,1.0,,
405cd9b3fc50,HELLO,include50,video,,include:clip:405cd9b3fc50,data/external/include_pose/INCLUDE/Pose_Signs/Greetings/48. Hello/MVI_9983.pkl,data/processed/landmarks/include50/HELLO/405cd9b3fc50.npz,53,0.0,0.0,1.0,1.0,,
1f55f945f2c5,THANK_YOU,include50,video,,include:clip:1f55f945f2c5,data/external/include_pose/INCLUDE/Pose_Signs/Greetings/55. Thank you/MVI_0007.pkl,data/processed/landmarks/include50/THANK_YOU/1f55f945f2c5.npz,56,0.0,0.0,0.9643,1.0,,
8f6037f1b768,THANK_YOU,include50,video,,include:clip:8f6037f1b768,data/external/include_pose/INCLUDE/Pose_Signs/Greetings/55. Thank you/MVI_9949.pkl,data/processed/landmarks/include50/THANK_YOU/8f6037f1b768.npz,57,0.0,0.0,0.8947,1.0,,
a10c1071ff67,THANK_YOU,include50,video,,include:clip:a10c1071ff67,data/external/include_pose/INCLUDE/Pose_Signs/Greetings/55. Thank you/MVI_0063.pkl,data/processed/landmarks/include50/THANK_YOU/a10c1071ff67.npz,86,0.0,0.0,0.9535,1.0,,
fc334b72056a,THANK_YOU,include50,video,,include:clip:fc334b72056a,data/external/include_pose/INCLUDE/Pose_Signs/Greetings/55. Thank you/MVI_0062.pkl,data/processed/landmarks/include50/THANK_YOU/fc334b72056a.npz,79,0.0,0.0,0.8734,1.0,,
8a48bb2dd12b,THANK_YOU,include50,video,,include:clip:8a48bb2dd12b,data/external/include_pose/INCLUDE/Pose_Signs/Greetings/55. Thank you/MVI_0060.pkl,data/processed/landmarks/include50/THANK_YOU/8a48bb2dd12b.npz,56,0.0,0.0,0.9643,1.0,,
9676576f185c,THANK_YOU,include50,video,,include:clip:9676576f185c,data/external/include_pose/INCLUDE/Pose_Signs/Greetings/55. Thank you/MVI_0061.pkl,data/processed/landmarks/include50/THANK_YOU/9676576f185c.npz,82,0.0,0.0,0.9634,1.0,,
6dfbe8c2527f,THANK_YOU,include50,video,,include:clip:6dfbe8c2527f,data/external/include_pose/INCLUDE/Pose_Signs/Greetings/55. Thank you/MVI_0059.pkl,data/processed/landmarks/include50/THANK_YOU/6dfbe8c2527f.npz,56,0.0,0.0,0.9464,1.0,,
c619b4c354ca,THANK_YOU,include50,video,,include:clip:c619b4c354ca,data/external/include_pose/INCLUDE/Pose_Signs/Greetings/55. Thank you/MVI_0111.pkl,data/processed/landmarks/include50/THANK_YOU/c619b4c354ca.npz,62,0.0,0.0,0.9194,1.0,,
efd95f572ded,THANK_YOU,include50,video,,include:clip:efd95f572ded,data/external/include_pose/INCLUDE/Pose_Signs/Greetings/55. Thank you/MVI_0058.pkl,data/processed/landmarks/include50/THANK_YOU/efd95f572ded.npz,60,0.0,0.0,0.9,1.0,,
9cc661ab7eb1,THANK_YOU,include50,video,,include:clip:9cc661ab7eb1,data/external/include_pose/INCLUDE/Pose_Signs/Greetings/55. Thank you/MVI_0112.pkl,data/processed/landmarks/include50/THANK_YOU/9cc661ab7eb1.npz,75,0.0,0.0,0.9067,1.0,,
e7638922221b,THANK_YOU,include50,video,,include:clip:e7638922221b,data/external/include_pose/INCLUDE/Pose_Signs/Greetings/55. Thank you/MVI_9950.pkl,data/processed/landmarks/include50/THANK_YOU/e7638922221b.npz,52,0.0,0.0,0.9038,1.0,,
b5a2437b7e37,THANK_YOU,include50,video,,include:clip:b5a2437b7e37,data/external/include_pose/INCLUDE/Pose_Signs/Greetings/55. Thank you/MVI_9986.pkl,data/processed/landmarks/include50/THANK_YOU/b5a2437b7e37.npz,56,0.0,0.0,0.9286,1.0,,
45528c5a7dd6,THANK_YOU,include50,video,,include:clip:45528c5a7dd6,data/external/include_pose/INCLUDE/Pose_Signs/Greetings/55. Thank you/MVI_0008.pkl,data/processed/landmarks/include50/THANK_YOU/45528c5a7dd6.npz,57,0.0,0.0,0.9474,1.0,,
647823341a81,THANK_YOU,include50,video,,include:clip:647823341a81,data/external/include_pose/INCLUDE/Pose_Signs/Greetings/55. Thank you/MVI_9985.pkl,data/processed/landmarks/include50/THANK_YOU/647823341a81.npz,67,0.0,0.0,0.9254,1.0,,
c8959089a1eb,WINDOW,include50,video,,include:clip:c8959089a1eb,data/external/include_pose/INCLUDE/Pose_Signs/Home/28. Window/MVI_4881.pkl,data/processed/landmarks/include50/WINDOW/c8959089a1eb.npz,72,0.0,0.0,0.875,1.0,,
6c0ef2071481,WINDOW,include50,video,,include:clip:6c0ef2071481,data/external/include_pose/INCLUDE/Pose_Signs/Home/28. Window/MVI_8767.pkl,data/processed/landmarks/include50/WINDOW/6c0ef2071481.npz,99,0.0,0.0,0.5859,1.0,,
18a82262a9f9,WINDOW,include50,video,,include:clip:18a82262a9f9,data/external/include_pose/INCLUDE/Pose_Signs/Home/28. Window/MVI_4883.pkl,data/processed/landmarks/include50/WINDOW/18a82262a9f9.npz,66,0.0,0.0,0.8788,1.0,,
b63d7186aa10,WINDOW,include50,video,,include:clip:b63d7186aa10,data/external/include_pose/INCLUDE/Pose_Signs/Home/28. Window/MVI_4882.pkl,data/processed/landmarks/include50/WINDOW/b63d7186aa10.npz,67,0.0,0.0,0.8209,1.0,,
616a14943767,WINDOW,include50,video,,include:clip:616a14943767,data/external/include_pose/INCLUDE/Pose_Signs/Home/28. Window/MVI_8766.pkl,data/processed/landmarks/include50/WINDOW/616a14943767.npz,100,0.0,0.0,0.72,1.0,,
a39ffb9e75cc,WINDOW,include50,video,,include:clip:a39ffb9e75cc,data/external/include_pose/INCLUDE/Pose_Signs/Home/28. Window/MVI_4365.pkl,data/processed/landmarks/include50/WINDOW/a39ffb9e75cc.npz,81,0.0,0.0,0.9259,1.0,,
822fec50205c,WINDOW,include50,video,,include:clip:822fec50205c,data/external/include_pose/INCLUDE/Pose_Signs/Home/28. Window/MVI_4364.pkl,data/processed/landmarks/include50/WINDOW/822fec50205c.npz,87,0.0,0.0,0.954,1.0,,
d54edc2c36de,WINDOW,include50,video,,include:clip:d54edc2c36de,data/external/include_pose/INCLUDE/Pose_Signs/Home/28. Window/MVI_4362.pkl,data/processed/landmarks/include50/WINDOW/d54edc2c36de.npz,84,0.0,0.0,0.9286,1.0,,
030c86df598f,WINDOW,include50,video,,include:clip:030c86df598f,data/external/include_pose/INCLUDE/Pose_Signs/Home/28. Window/MVI_9013.pkl,data/processed/landmarks/include50/WINDOW/030c86df598f.npz,72,0.0,0.0,0.9306,1.0,,
578c38307f29,WINDOW,include50,video,,include:clip:578c38307f29,data/external/include_pose/INCLUDE/Pose_Signs/Home/28. Window/MVI_9014.pkl,data/processed/landmarks/include50/WINDOW/578c38307f29.npz,80,0.0,0.0,0.9,1.0,,
49ce74a9cf43,WINDOW,include50,video,,include:clip:49ce74a9cf43,data/external/include_pose/INCLUDE/Pose_Signs/Home/28. Window/MVI_8769.pkl,data/processed/landmarks/include50/WINDOW/49ce74a9cf43.npz,101,0.0,0.0,0.7921,1.0,,
8fb01695732f,PEN,include50,video,,include:clip:8fb01695732f,data/external/include_pose/INCLUDE/Pose_Signs/Home/34. Pen/MVI_4908.pkl,data/processed/landmarks/include50/PEN/8fb01695732f.npz,58,0.0,0.0,0.8621,1.0,,
79074380c26c,PEN,include50,video,,include:clip:79074380c26c,data/external/include_pose/INCLUDE/Pose_Signs/Home/34. Pen/MVI_9033.pkl,data/processed/landmarks/include50/PEN/79074380c26c.npz,68,0.0,0.0,1.0,1.0,,
4026de51841c,PEN,include50,video,,include:clip:4026de51841c,data/external/include_pose/INCLUDE/Pose_Signs/Home/34. Pen/MVI_9032.pkl,data/processed/landmarks/include50/PEN/4026de51841c.npz,63,0.0,0.0,1.0,1.0,,
18e6cf46c0a3,PEN,include50,video,,include:clip:18e6cf46c0a3,data/external/include_pose/INCLUDE/Pose_Signs/Home/34. Pen/MVI_4388.pkl,data/processed/landmarks/include50/PEN/18e6cf46c0a3.npz,53,0.0,0.0,1.0,1.0,,
a9ea159b915a,PEN,include50,video,,include:clip:a9ea159b915a,data/external/include_pose/INCLUDE/Pose_Signs/Home/34. Pen/MVI_9034.pkl,data/processed/landmarks/include50/PEN/a9ea159b915a.npz,59,0.0,0.0,1.0,1.0,,
ab45e1996b5f,PEN,include50,video,,include:clip:ab45e1996b5f,data/external/include_pose/INCLUDE/Pose_Signs/Home/34. Pen/MVI_4389.pkl,data/processed/landmarks/include50/PEN/ab45e1996b5f.npz,55,0.0,0.0,1.0,1.0,,
271ad028018b,PEN,include50,video,,include:clip:271ad028018b,data/external/include_pose/INCLUDE/Pose_Signs/Home/34. Pen/MVI_4387.pkl,data/processed/landmarks/include50/PEN/271ad028018b.npz,64,0.0,0.0,1.0,1.0,,
d818b73990d9,PEN,include50,video,,include:clip:d818b73990d9,data/external/include_pose/INCLUDE/Pose_Signs/Home/34. Pen/MVI_4390.pkl,data/processed/landmarks/include50/PEN/d818b73990d9.npz,57,0.0,0.0,1.0,1.0,,
6cc252ed1a90,PEN,include50,video,,include:clip:6cc252ed1a90,data/external/include_pose/INCLUDE/Pose_Signs/Home/34. Pen/MVI_8794.pkl,data/processed/landmarks/include50/PEN/6cc252ed1a90.npz,63,0.0,0.0,0.7302,1.0,,
7dd1e45dfaed,PEN,include50,video,,include:clip:7dd1e45dfaed,data/external/include_pose/INCLUDE/Pose_Signs/Home/34. Pen/MVI_8795.pkl,data/processed/landmarks/include50/PEN/7dd1e45dfaed.npz,62,0.0,0.0,0.4677,1.0,low_hand_detection,
aea6eacf9537,PEN,include50,video,,include:clip:aea6eacf9537,data/external/include_pose/INCLUDE/Pose_Signs/Home/34. Pen/MVI_4907.pkl,data/processed/landmarks/include50/PEN/aea6eacf9537.npz,48,0.0,0.0,1.0,1.0,,
aa4f2bb3eb92,PEN,include50,video,,include:clip:aa4f2bb3eb92,data/external/include_pose/INCLUDE/Pose_Signs/Home/34. Pen/MVI_8791.pkl,data/processed/landmarks/include50/PEN/aa4f2bb3eb92.npz,57,0.0,0.0,0.5088,1.0,,
32e51e2f0b00,PAINT,include50,video,,include:clip:32e51e2f0b00,data/external/include_pose/INCLUDE/Pose_Signs/Home/40. Paint/MVI_8819.pkl,data/processed/landmarks/include50/PAINT/32e51e2f0b00.npz,70,0.0,0.0,0.5429,1.0,,
745c153206a5,PAINT,include50,video,,include:clip:745c153206a5,data/external/include_pose/INCLUDE/Pose_Signs/Home/40. Paint/MVI_9051.pkl,data/processed/landmarks/include50/PAINT/745c153206a5.npz,70,0.0,0.0,0.8857,1.0,,
ea2e5bae05aa,PAINT,include50,video,,include:clip:ea2e5bae05aa,data/external/include_pose/INCLUDE/Pose_Signs/Home/40. Paint/MVI_8818.pkl,data/processed/landmarks/include50/PAINT/ea2e5bae05aa.npz,69,0.0,0.0,0.6522,1.0,,
9054cf75f75f,PAINT,include50,video,,include:clip:9054cf75f75f,data/external/include_pose/INCLUDE/Pose_Signs/Home/40. Paint/MVI_4926.pkl,data/processed/landmarks/include50/PAINT/9054cf75f75f.npz,64,0.0,0.0,0.8594,1.0,,
eb51362ef6a9,PAINT,include50,video,,include:clip:eb51362ef6a9,data/external/include_pose/INCLUDE/Pose_Signs/Home/40. Paint/MVI_9053.pkl,data/processed/landmarks/include50/PAINT/eb51362ef6a9.npz,72,0.0,0.0,0.8889,1.0,,
66db4e8fe83e,PAINT,include50,video,,include:clip:66db4e8fe83e,data/external/include_pose/INCLUDE/Pose_Signs/Home/40. Paint/MVI_9052.pkl,data/processed/landmarks/include50/PAINT/66db4e8fe83e.npz,68,0.0,0.0,0.8676,1.0,,
1d2b71743566,PAINT,include50,video,,include:clip:1d2b71743566,data/external/include_pose/INCLUDE/Pose_Signs/Home/40. Paint/MVI_4927.pkl,data/processed/landmarks/include50/PAINT/1d2b71743566.npz,65,0.0,0.0,0.8615,1.0,,
f95c03fb80ce,PAINT,include50,video,,include:clip:f95c03fb80ce,data/external/include_pose/INCLUDE/Pose_Signs/Home/40. Paint/MVI_8820.pkl,data/processed/landmarks/include50/PAINT/f95c03fb80ce.npz,66,0.0,0.0,0.6818,1.0,,
0e87eef5d680,PAINT,include50,video,,include:clip:0e87eef5d680,data/external/include_pose/INCLUDE/Pose_Signs/Home/40. Paint/MVI_4414.pkl,data/processed/landmarks/include50/PAINT/0e87eef5d680.npz,54,0.0,0.0,0.8704,1.0,,
66ffbac03ac2,PAINT,include50,video,,include:clip:66ffbac03ac2,data/external/include_pose/INCLUDE/Pose_Signs/Home/40. Paint/MVI_4412.pkl,data/processed/landmarks/include50/PAINT/66ffbac03ac2.npz,56,0.0,0.0,0.875,1.0,,
5f22ea250e49,PAINT,include50,video,,include:clip:5f22ea250e49,data/external/include_pose/INCLUDE/Pose_Signs/Home/40. Paint/MVI_4413.pkl,data/processed/landmarks/include50/PAINT/5f22ea250e49.npz,54,0.0,0.0,0.8519,1.0,,
eb2dba49f588,PAINT,include50,video,,include:clip:eb2dba49f588,data/external/include_pose/INCLUDE/Pose_Signs/Home/40. Paint/MVI_4928.pkl,data/processed/landmarks/include50/PAINT/eb2dba49f588.npz,57,0.0,0.0,0.9123,1.0,,
9824efc705a5,TEACHER,include50,video,,include:clip:9824efc705a5,data/external/include_pose/INCLUDE/Pose_Signs/Jobs/84. Teacher/MVI_4459.pkl,data/processed/landmarks/include50/TEACHER/9824efc705a5.npz,79,0.0,0.0,0.8861,1.0,,
b66a2bc2f136,TEACHER,include50,video,,include:clip:b66a2bc2f136,data/external/include_pose/INCLUDE/Pose_Signs/Jobs/84. Teacher/MVI_4458.pkl,data/processed/landmarks/include50/TEACHER/b66a2bc2f136.npz,73,0.0,0.0,0.9041,1.0,,
2d945da314b7,TEACHER,include50,video,,include:clip:2d945da314b7,data/external/include_pose/INCLUDE/Pose_Signs/Jobs/84. Teacher/MVI_5310.pkl,data/processed/landmarks/include50/TEACHER/2d945da314b7.npz,61,0.0,0.0,1.0,1.0,,
28214c5a668d,TEACHER,include50,video,,include:clip:28214c5a668d,data/external/include_pose/INCLUDE/Pose_Signs/Jobs/84. Teacher/MVI_8866.pkl,data/processed/landmarks/include50/TEACHER/28214c5a668d.npz,61,0.0,0.0,0.9508,1.0,,
70fb8d170082,TEACHER,include50,video,,include:clip:70fb8d170082,data/external/include_pose/INCLUDE/Pose_Signs/Jobs/84. Teacher/MVI_5311.pkl,data/processed/landmarks/include50/TEACHER/70fb8d170082.npz,50,0.0,0.0,0.98,1.0,,
c0142636a21a,TEACHER,include50,video,,include:clip:c0142636a21a,data/external/include_pose/INCLUDE/Pose_Signs/Jobs/84. Teacher/MVI_8864.pkl,data/processed/landmarks/include50/TEACHER/c0142636a21a.npz,73,0.0,0.0,0.9589,1.0,,
206334aba8fd,TEACHER,include50,video,,include:clip:206334aba8fd,data/external/include_pose/INCLUDE/Pose_Signs/Jobs/84. Teacher/MVI_8865.pkl,data/processed/landmarks/include50/TEACHER/206334aba8fd.npz,60,0.0,0.0,0.9667,1.0,,
dcec0f87136f,TEACHER,include50,video,,include:clip:dcec0f87136f,data/external/include_pose/INCLUDE/Pose_Signs/Jobs/84. Teacher/MVI_5312.pkl,data/processed/landmarks/include50/TEACHER/dcec0f87136f.npz,51,0.0,0.0,0.9412,1.0,,
af829ccf19c3,TEACHER,include50,video,,include:clip:af829ccf19c3,data/external/include_pose/INCLUDE/Pose_Signs/Jobs/84. Teacher/MVI_4746.pkl,data/processed/landmarks/include50/TEACHER/af829ccf19c3.npz,59,0.0,0.0,0.9322,1.0,,
6543aa6e8827,TEACHER,include50,video,,include:clip:6543aa6e8827,data/external/include_pose/INCLUDE/Pose_Signs/Jobs/84. Teacher/MVI_4745.pkl,data/processed/landmarks/include50/TEACHER/6543aa6e8827.npz,64,0.0,0.0,0.9375,1.0,,
23220c97e9ff,TEACHER,include50,video,,include:clip:23220c97e9ff,data/external/include_pose/INCLUDE/Pose_Signs/Jobs/84. Teacher/MVI_4744.pkl,data/processed/landmarks/include50/TEACHER/23220c97e9ff.npz,53,0.0,0.0,0.9434,1.0,,
f84c4eb13b28,PRIEST,include50,video,,include:clip:f84c4eb13b28,data/external/include_pose/INCLUDE/Pose_Signs/Jobs/91. Priest/MVI_5345.pkl,data/processed/landmarks/include50/PRIEST/f84c4eb13b28.npz,45,0.0,0.0,1.0,1.0,,
d0d1e5f2ef61,PRIEST,include50,video,,include:clip:d0d1e5f2ef61,data/external/include_pose/INCLUDE/Pose_Signs/Jobs/91. Priest/MVI_4488.pkl,data/processed/landmarks/include50/PRIEST/d0d1e5f2ef61.npz,78,0.0,0.0,1.0,1.0,,
c341cfc4555a,PRIEST,include50,video,,include:clip:c341cfc4555a,data/external/include_pose/INCLUDE/Pose_Signs/Jobs/91. Priest/MVI_4489.pkl,data/processed/landmarks/include50/PRIEST/c341cfc4555a.npz,60,0.0,0.0,1.0,1.0,,
503dd2f9d600,PRIEST,include50,video,,include:clip:503dd2f9d600,data/external/include_pose/INCLUDE/Pose_Signs/Jobs/91. Priest/MVI_5344.pkl,data/processed/landmarks/include50/PRIEST/503dd2f9d600.npz,47,0.0,0.0,1.0,1.0,,
58309a358eb1,PRIEST,include50,video,,include:clip:58309a358eb1,data/external/include_pose/INCLUDE/Pose_Signs/Jobs/91. Priest/MVI_5343.pkl,data/processed/landmarks/include50/PRIEST/58309a358eb1.npz,53,0.0,0.0,1.0,1.0,,
c419469e64be,PRIEST,include50,video,,include:clip:c419469e64be,data/external/include_pose/INCLUDE/Pose_Signs/Jobs/91. Priest/MVI_5342.pkl,data/processed/landmarks/include50/PRIEST/c419469e64be.npz,53,0.0,0.0,1.0,1.0,,
780147a5175f,PRIEST,include50,video,,include:clip:780147a5175f,data/external/include_pose/INCLUDE/Pose_Signs/Jobs/91. Priest/MVI_8887.pkl,data/processed/landmarks/include50/PRIEST/780147a5175f.npz,61,0.0,0.0,1.0,1.0,,
01272ba12a17,PRIEST,include50,video,,include:clip:01272ba12a17,data/external/include_pose/INCLUDE/Pose_Signs/Jobs/91. Priest/MVI_4770.pkl,data/processed/landmarks/include50/PRIEST/01272ba12a17.npz,61,0.0,0.0,1.0,1.0,,
f3d4d4c53506,PRIEST,include50,video,,include:clip:f3d4d4c53506,data/external/include_pose/INCLUDE/Pose_Signs/Jobs/91. Priest/MVI_4771.pkl,data/processed/landmarks/include50/PRIEST/f3d4d4c53506.npz,56,0.0,0.0,1.0,1.0,,
a44b452a28b9,PRIEST,include50,video,,include:clip:a44b452a28b9,data/external/include_pose/INCLUDE/Pose_Signs/Jobs/91. Priest/MVI_8889.pkl,data/processed/landmarks/include50/PRIEST/a44b452a28b9.npz,65,0.0,0.0,1.0,1.0,,
16a5aac0ab83,PRIEST,include50,video,,include:clip:16a5aac0ab83,data/external/include_pose/INCLUDE/Pose_Signs/Jobs/91. Priest/MVI_8888.pkl,data/processed/landmarks/include50/PRIEST/16a5aac0ab83.npz,63,0.0,0.0,1.0,1.0,,
252e4a6d2e57,PRIEST,include50,video,,include:clip:252e4a6d2e57,data/external/include_pose/INCLUDE/Pose_Signs/Jobs/91. Priest/MVI_4490.pkl,data/processed/landmarks/include50/PRIEST/252e4a6d2e57.npz,73,0.0,0.0,1.0,1.0,,
42b73e894964,PRIEST,include50,video,,include:clip:42b73e894964,data/external/include_pose/INCLUDE/Pose_Signs/Jobs/91. Priest/MVI_4487.pkl,data/processed/landmarks/include50/PRIEST/42b73e894964.npz,64,0.0,0.0,1.0,1.0,,
b74ee81db7ed,PRIEST,include50,video,,include:clip:b74ee81db7ed,data/external/include_pose/INCLUDE/Pose_Signs/Jobs/91. Priest/MVI_4486.pkl,data/processed/landmarks/include50/PRIEST/b74ee81db7ed.npz,79,0.0,0.0,1.0,1.0,,
30ad9c5bb489,TRAIN_TICKET,include50,video,,include:clip:30ad9c5bb489,data/external/include_pose/INCLUDE/Pose_Signs/Means_of_Transportation/16. train ticket/MVI_3133.pkl,data/processed/landmarks/include50/TRAIN_TICKET/30ad9c5bb489.npz,102,0.0,0.0,0.951,1.0,,
be7d9e0ff676,TRAIN_TICKET,include50,video,,include:clip:be7d9e0ff676,data/external/include_pose/INCLUDE/Pose_Signs/Means_of_Transportation/16. train ticket/MVI_3255.pkl,data/processed/landmarks/include50/TRAIN_TICKET/be7d9e0ff676.npz,81,0.0,0.0,0.9753,1.0,,
8956cd03703e,TRAIN_TICKET,include50,video,,include:clip:8956cd03703e,data/external/include_pose/INCLUDE/Pose_Signs/Means_of_Transportation/16. train ticket/MVI_3254.pkl,data/processed/landmarks/include50/TRAIN_TICKET/8956cd03703e.npz,75,0.0,0.0,0.9333,1.0,,
7afc0c2d5dba,TRAIN_TICKET,include50,video,,include:clip:7afc0c2d5dba,data/external/include_pose/INCLUDE/Pose_Signs/Means_of_Transportation/16. train ticket/MVI_3134.pkl,data/processed/landmarks/include50/TRAIN_TICKET/7afc0c2d5dba.npz,99,0.0,0.0,0.9293,1.0,,
b1b1e175890a,TRAIN_TICKET,include50,video,,include:clip:b1b1e175890a,data/external/include_pose/INCLUDE/Pose_Signs/Means_of_Transportation/16. train ticket/MVI_3224.pkl,data/processed/landmarks/include50/TRAIN_TICKET/b1b1e175890a.npz,91,0.0,0.0,0.978,1.0,,
06b51fa38ec1,TRAIN_TICKET,include50,video,,include:clip:06b51fa38ec1,data/external/include_pose/INCLUDE/Pose_Signs/Means_of_Transportation/16. train ticket/MVI_3226.pkl,data/processed/landmarks/include50/TRAIN_TICKET/06b51fa38ec1.npz,81,0.0,0.0,0.9877,1.0,,
fe77ec29efd1,TRAIN_TICKET,include50,video,,include:clip:fe77ec29efd1,data/external/include_pose/INCLUDE/Pose_Signs/Means_of_Transportation/16. train ticket/MVI_3196.pkl,data/processed/landmarks/include50/TRAIN_TICKET/fe77ec29efd1.npz,102,0.0,0.0,0.9804,1.0,,
d958714ad68e,TRAIN_TICKET,include50,video,,include:clip:d958714ad68e,data/external/include_pose/INCLUDE/Pose_Signs/Means_of_Transportation/16. train ticket/MVI_3194.pkl,data/processed/landmarks/include50/TRAIN_TICKET/d958714ad68e.npz,99,0.0,0.0,0.9697,1.0,,
c47d20d2fb99,TRAIN_TICKET,include50,video,,include:clip:c47d20d2fb99,data/external/include_pose/INCLUDE/Pose_Signs/Means_of_Transportation/16. train ticket/MVI_4191.pkl,data/processed/landmarks/include50/TRAIN_TICKET/c47d20d2fb99.npz,77,0.0,0.0,0.9481,1.0,,
45c6e2c9f530,TRAIN_TICKET,include50,video,,include:clip:45c6e2c9f530,data/external/include_pose/INCLUDE/Pose_Signs/Means_of_Transportation/16. train ticket/MVI_3164.pkl,data/processed/landmarks/include50/TRAIN_TICKET/45c6e2c9f530.npz,111,0.0,0.0,0.8468,1.0,,
e9eb050d1057,TRAIN_TICKET,include50,video,,include:clip:e9eb050d1057,data/external/include_pose/INCLUDE/Pose_Signs/Means_of_Transportation/16. train ticket/MVI_4192.pkl,data/processed/landmarks/include50/TRAIN_TICKET/e9eb050d1057.npz,79,0.0,0.0,0.9747,1.0,,
ba260433da16,TRAIN_TICKET,include50,video,,include:clip:ba260433da16,data/external/include_pose/INCLUDE/Pose_Signs/Means_of_Transportation/16. train ticket/MVI_3162.pkl,data/processed/landmarks/include50/TRAIN_TICKET/ba260433da16.npz,85,0.0,0.0,0.8,1.0,,
badc22002b11,TRAIN_TICKET,include50,video,,include:clip:badc22002b11,data/external/include_pose/INCLUDE/Pose_Signs/Means_of_Transportation/16. train ticket/MVI_8596.pkl,data/processed/landmarks/include50/TRAIN_TICKET/badc22002b11.npz,101,0.0,0.0,0.8515,1.0,,
086301af0ccf,BROTHER,include50,video,,include:clip:086301af0ccf,data/external/include_pose/INCLUDE/Pose_Signs/People/66. Brother/MVI_4076.pkl,data/processed/landmarks/include50/BROTHER/086301af0ccf.npz,56,0.0,0.0,1.0,1.0,,
5cb856b1ea93,BROTHER,include50,video,,include:clip:5cb856b1ea93,data/external/include_pose/INCLUDE/Pose_Signs/People/66. Brother/MVI_4075.pkl,data/processed/landmarks/include50/BROTHER/5cb856b1ea93.npz,61,0.0,0.0,1.0,1.0,,
c983d2d94b27,BROTHER,include50,video,,include:clip:c983d2d94b27,data/external/include_pose/INCLUDE/Pose_Signs/People/66. Brother/MVI_3928.pkl,data/processed/landmarks/include50/BROTHER/c983d2d94b27.npz,85,0.0,0.0,1.0,1.0,,
3a129ea1a008,BROTHER,include50,video,,include:clip:3a129ea1a008,data/external/include_pose/INCLUDE/Pose_Signs/People/66. Brother/MVI_5245.pkl,data/processed/landmarks/include50/BROTHER/3a129ea1a008.npz,62,0.0,0.0,1.0,1.0,,
d4609bb1067e,BROTHER,include50,video,,include:clip:d4609bb1067e,data/external/include_pose/INCLUDE/Pose_Signs/People/66. Brother/MVI_5244.pkl,data/processed/landmarks/include50/BROTHER/d4609bb1067e.npz,61,0.0,0.0,1.0,1.0,,
27ccd8103f6e,BROTHER,include50,video,,include:clip:27ccd8103f6e,data/external/include_pose/INCLUDE/Pose_Signs/People/66. Brother/MVI_3780.pkl,data/processed/landmarks/include50/BROTHER/27ccd8103f6e.npz,58,0.0,0.0,1.0,1.0,,
19e457b6ca20,BROTHER,include50,video,,include:clip:19e457b6ca20,data/external/include_pose/INCLUDE/Pose_Signs/People/66. Brother/MVI_3781.pkl,data/processed/landmarks/include50/BROTHER/19e457b6ca20.npz,61,0.0,0.0,1.0,1.0,,
326d5d6ec721,BROTHER,include50,video,,include:clip:326d5d6ec721,data/external/include_pose/INCLUDE/Pose_Signs/People/66. Brother/MVI_5096.pkl,data/processed/landmarks/include50/BROTHER/326d5d6ec721.npz,63,0.0,0.0,0.9683,1.0,,
3caf3e4e62c3,BROTHER,include50,video,,include:clip:3caf3e4e62c3,data/external/include_pose/INCLUDE/Pose_Signs/People/66. Brother/MVI_5243.pkl,data/processed/landmarks/include50/BROTHER/3caf3e4e62c3.npz,57,0.0,0.0,1.0,1.0,,
e6d76a025831,BROTHER,include50,video,,include:clip:e6d76a025831,data/external/include_pose/INCLUDE/Pose_Signs/People/66. Brother/MVI_4955.pkl,data/processed/landmarks/include50/BROTHER/e6d76a025831.npz,41,0.0,0.0,1.0,1.0,,
16fb270c51e2,BROTHER,include50,video,,include:clip:16fb270c51e2,data/external/include_pose/INCLUDE/Pose_Signs/People/66. Brother/MVI_4957.pkl,data/processed/landmarks/include50/BROTHER/16fb270c51e2.npz,54,0.0,0.0,1.0,1.0,,
0fcf0364f89a,BROTHER,include50,video,,include:clip:0fcf0364f89a,data/external/include_pose/INCLUDE/Pose_Signs/People/66. Brother/MVI_5095.pkl,data/processed/landmarks/include50/BROTHER/0fcf0364f89a.npz,59,0.0,0.0,0.9661,1.0,,
9ca89311eb1c,BROTHER,include50,video,,include:clip:9ca89311eb1c,data/external/include_pose/INCLUDE/Pose_Signs/People/66. Brother/MVI_4956.pkl,data/processed/landmarks/include50/BROTHER/9ca89311eb1c.npz,52,0.0,0.0,1.0,1.0,,
db023d95d825,BROTHER,include50,video,,include:clip:db023d95d825,data/external/include_pose/INCLUDE/Pose_Signs/People/66. Brother/MVI_3778.pkl,data/processed/landmarks/include50/BROTHER/db023d95d825.npz,59,0.0,0.0,1.0,1.0,,
5d1a77d85606,BROTHER,include50,video,,include:clip:5d1a77d85606,data/external/include_pose/INCLUDE/Pose_Signs/People/66. Brother/MVI_4230.pkl,data/processed/landmarks/include50/BROTHER/5d1a77d85606.npz,51,0.0,0.0,1.0,1.0,,
acad286c3f7f,BROTHER,include50,video,,include:clip:acad286c3f7f,data/external/include_pose/INCLUDE/Pose_Signs/People/66. Brother/MVI_8631.pkl,data/processed/landmarks/include50/BROTHER/acad286c3f7f.npz,63,0.0,0.0,0.7143,1.0,,
d79653ef150e,BOY,include50,video,,include:clip:d79653ef150e,data/external/include_pose/INCLUDE/Pose_Signs/People/77. Boy/MVI_4110.pkl,data/processed/landmarks/include50/BOY/d79653ef150e.npz,66,0.0,0.0,1.0,1.0,,
9b4b80c14c40,BOY,include50,video,,include:clip:9b4b80c14c40,data/external/include_pose/INCLUDE/Pose_Signs/People/77. Boy/MVI_4112.pkl,data/processed/landmarks/include50/BOY/9b4b80c14c40.npz,66,0.0,0.0,1.0,1.0,,
a0b47cae21e0,BOY,include50,video,,include:clip:a0b47cae21e0,data/external/include_pose/INCLUDE/Pose_Signs/People/77. Boy/MVI_5133.pkl,data/processed/landmarks/include50/BOY/a0b47cae21e0.npz,58,0.0,0.0,1.0,1.0,,
24acdce4fd37,BOY,include50,video,,include:clip:24acdce4fd37,data/external/include_pose/INCLUDE/Pose_Signs/People/77. Boy/MVI_5286.pkl,data/processed/landmarks/include50/BOY/24acdce4fd37.npz,52,0.0,0.0,1.0,1.0,,
f7d43288473e,BOY,include50,video,,include:clip:f7d43288473e,data/external/include_pose/INCLUDE/Pose_Signs/People/77. Boy/MVI_5132.pkl,data/processed/landmarks/include50/BOY/f7d43288473e.npz,59,0.0,0.0,0.8983,1.0,,
e0dcf402917a,BOY,include50,video,,include:clip:e0dcf402917a,data/external/include_pose/INCLUDE/Pose_Signs/People/77. Boy/MVI_3964.pkl,data/processed/landmarks/include50/BOY/e0dcf402917a.npz,68,0.0,0.0,1.0,1.0,,
dd74dcea5439,BOY,include50,video,,include:clip:dd74dcea5439,data/external/include_pose/INCLUDE/Pose_Signs/People/77. Boy/MVI_5285.pkl,data/processed/landmarks/include50/BOY/dd74dcea5439.npz,55,0.0,0.0,1.0,1.0,,
226afe6f4657,BOY,include50,video,,include:clip:226afe6f4657,data/external/include_pose/INCLUDE/Pose_Signs/People/77. Boy/MVI_4983.pkl,data/processed/landmarks/include50/BOY/226afe6f4657.npz,50,0.0,0.0,1.0,1.0,,
373bfff648cc,BOY,include50,video,,include:clip:373bfff648cc,data/external/include_pose/INCLUDE/Pose_Signs/People/77. Boy/MVI_3815.pkl,data/processed/landmarks/include50/BOY/373bfff648cc.npz,58,0.0,0.0,1.0,1.0,,
5c0faf659c60,BOY,include50,video,,include:clip:5c0faf659c60,data/external/include_pose/INCLUDE/Pose_Signs/People/77. Boy/MVI_3814.pkl,data/processed/landmarks/include50/BOY/5c0faf659c60.npz,63,0.0,0.0,1.0,1.0,,
c227589208f2,BOY,include50,video,,include:clip:c227589208f2,data/external/include_pose/INCLUDE/Pose_Signs/People/77. Boy/MVI_4982.pkl,data/processed/landmarks/include50/BOY/c227589208f2.npz,51,0.0,0.0,1.0,1.0,,
082d7af48043,BOY,include50,video,,include:clip:082d7af48043,data/external/include_pose/INCLUDE/Pose_Signs/People/77. Boy/MVI_3962.pkl,data/processed/landmarks/include50/BOY/082d7af48043.npz,71,0.0,0.0,1.0,1.0,,
3bc13f058604,BOY,include50,video,,include:clip:3bc13f058604,data/external/include_pose/INCLUDE/Pose_Signs/People/77. Boy/MVI_3816.pkl,data/processed/landmarks/include50/BOY/3bc13f058604.npz,54,0.0,0.0,1.0,1.0,,
a55714470ad6,BOY,include50,video,,include:clip:a55714470ad6,data/external/include_pose/INCLUDE/Pose_Signs/People/77. Boy/MVI_3963.pkl,data/processed/landmarks/include50/BOY/a55714470ad6.npz,81,0.0,0.0,1.0,1.0,,
af93a9d032d9,BOY,include50,video,,include:clip:af93a9d032d9,data/external/include_pose/INCLUDE/Pose_Signs/People/77. Boy/MVI_4981.pkl,data/processed/landmarks/include50/BOY/af93a9d032d9.npz,54,0.0,0.0,1.0,1.0,,
011d3b812e23,BOY,include50,video,,include:clip:011d3b812e23,data/external/include_pose/INCLUDE/Pose_Signs/People/77. Boy/MVI_4242.pkl,data/processed/landmarks/include50/BOY/011d3b812e23.npz,63,0.0,0.0,1.0,1.0,,
2be0ab04874c,BOY,include50,video,,include:clip:2be0ab04874c,data/external/include_pose/INCLUDE/Pose_Signs/People/77. Boy/MVI_4109.pkl,data/processed/landmarks/include50/BOY/2be0ab04874c.npz,72,0.0,0.0,1.0,1.0,,
7f9a98070602,GIRL,include50,video,,include:clip:7f9a98070602,data/external/include_pose/INCLUDE/Pose_Signs/People/78. Girl/MVI_4113.pkl,data/processed/landmarks/include50/GIRL/7f9a98070602.npz,53,0.0,0.0,1.0,1.0,,
fa45e9d4bf95,GIRL,include50,video,,include:clip:fa45e9d4bf95,data/external/include_pose/INCLUDE/Pose_Signs/People/78. Girl/MVI_4115.pkl,data/processed/landmarks/include50/GIRL/fa45e9d4bf95.npz,92,0.0,0.0,1.0,1.0,,
7655326c376d,GIRL,include50,video,,include:clip:7655326c376d,data/external/include_pose/INCLUDE/Pose_Signs/People/78. Girl/MVI_4114.pkl,data/processed/landmarks/include50/GIRL/7655326c376d.npz,65,0.0,0.0,1.0,1.0,,
7dd76d4a6abe,GIRL,include50,video,,include:clip:7dd76d4a6abe,data/external/include_pose/INCLUDE/Pose_Signs/People/78. Girl/MVI_3967.pkl,data/processed/landmarks/include50/GIRL/7dd76d4a6abe.npz,75,0.0,0.0,1.0,1.0,,
ac3ab2e7663d,GIRL,include50,video,,include:clip:ac3ab2e7663d,data/external/include_pose/INCLUDE/Pose_Signs/People/78. Girl/MVI_3966.pkl,data/processed/landmarks/include50/GIRL/ac3ab2e7663d.npz,68,0.0,0.0,1.0,1.0,,
b57cd84abf72,GIRL,include50,video,,include:clip:b57cd84abf72,data/external/include_pose/INCLUDE/Pose_Signs/People/78. Girl/MVI_4984.pkl,data/processed/landmarks/include50/GIRL/b57cd84abf72.npz,48,0.0,0.0,1.0,1.0,,
5642a0b8579e,GIRL,include50,video,,include:clip:5642a0b8579e,data/external/include_pose/INCLUDE/Pose_Signs/People/78. Girl/MVI_4986.pkl,data/processed/landmarks/include50/GIRL/5642a0b8579e.npz,44,0.0,0.0,1.0,1.0,,
5fb92dee7db5,GIRL,include50,video,,include:clip:5fb92dee7db5,data/external/include_pose/INCLUDE/Pose_Signs/People/78. Girl/MVI_5290.pkl,data/processed/landmarks/include50/GIRL/5fb92dee7db5.npz,57,0.0,0.0,1.0,1.0,,
f67c7c7d9804,GIRL,include50,video,,include:clip:f67c7c7d9804,data/external/include_pose/INCLUDE/Pose_Signs/People/78. Girl/MVI_3965.pkl,data/processed/landmarks/include50/GIRL/f67c7c7d9804.npz,74,0.0,0.0,1.0,1.0,,
b6c32bf3b14a,GIRL,include50,video,,include:clip:b6c32bf3b14a,data/external/include_pose/INCLUDE/Pose_Signs/People/78. Girl/MVI_5135.pkl,data/processed/landmarks/include50/GIRL/b6c32bf3b14a.npz,54,0.0,0.0,1.0,1.0,,
a7d0c776d24c,GIRL,include50,video,,include:clip:a7d0c776d24c,data/external/include_pose/INCLUDE/Pose_Signs/People/78. Girl/MVI_3817.pkl,data/processed/landmarks/include50/GIRL/a7d0c776d24c.npz,51,0.0,0.0,1.0,1.0,,
ffe431865ff4,GIRL,include50,video,,include:clip:ffe431865ff4,data/external/include_pose/INCLUDE/Pose_Signs/People/78. Girl/MVI_5137.pkl,data/processed/landmarks/include50/GIRL/ffe431865ff4.npz,58,0.0,0.0,1.0,1.0,,
48a8e5fbecfc,GIRL,include50,video,,include:clip:48a8e5fbecfc,data/external/include_pose/INCLUDE/Pose_Signs/People/78. Girl/MVI_3819.pkl,data/processed/landmarks/include50/GIRL/48a8e5fbecfc.npz,58,0.0,0.0,1.0,1.0,,
819018c62c3c,GIRL,include50,video,,include:clip:819018c62c3c,data/external/include_pose/INCLUDE/Pose_Signs/People/78. Girl/MVI_3818.pkl,data/processed/landmarks/include50/GIRL/819018c62c3c.npz,52,0.0,0.0,1.0,1.0,,
5f3e79f3407e,GIRL,include50,video,,include:clip:5f3e79f3407e,data/external/include_pose/INCLUDE/Pose_Signs/People/78. Girl/MVI_5289.pkl,data/processed/landmarks/include50/GIRL/5f3e79f3407e.npz,49,0.0,0.0,1.0,1.0,,
98309d7b54f1,GIRL,include50,video,,include:clip:98309d7b54f1,data/external/include_pose/INCLUDE/Pose_Signs/People/78. Girl/MVI_5288.pkl,data/processed/landmarks/include50/GIRL/98309d7b54f1.npz,48,0.0,0.0,1.0,1.0,,
a43039367294,GIRL,include50,video,,include:clip:a43039367294,data/external/include_pose/INCLUDE/Pose_Signs/People/78. Girl/MVI_8645.pkl,data/processed/landmarks/include50/GIRL/a43039367294.npz,62,0.0,0.0,0.5161,1.0,,
ce764605346c,GIRL,include50,video,,include:clip:ce764605346c,data/external/include_pose/INCLUDE/Pose_Signs/People/78. Girl/MVI_4243.pkl,data/processed/landmarks/include50/GIRL/ce764605346c.npz,64,0.0,0.0,1.0,1.0,,
ee9176d372fd,COURT,include50,video,,include:clip:ee9176d372fd,data/external/include_pose/INCLUDE/Pose_Signs/Places/23. Court/MVI_3284.pkl,data/processed/landmarks/include50/COURT/ee9176d372fd.npz,74,0.0,0.0,0.9054,1.0,,
8af93566135e,COURT,include50,video,,include:clip:8af93566135e,data/external/include_pose/INCLUDE/Pose_Signs/Places/23. Court/MVI_3455.pkl,data/processed/landmarks/include50/COURT/8af93566135e.npz,59,0.0,0.0,0.9831,1.0,,
61e73fe225bb,COURT,include50,video,,include:clip:61e73fe225bb,data/external/include_pose/INCLUDE/Pose_Signs/Places/23. Court/MVI_3454.pkl,data/processed/landmarks/include50/COURT/61e73fe225bb.npz,59,0.0,0.0,0.9661,1.0,,
7d783418ebbb,COURT,include50,video,,include:clip:7d783418ebbb,data/external/include_pose/INCLUDE/Pose_Signs/Places/23. Court/MVI_3285.pkl,data/processed/landmarks/include50/COURT/7d783418ebbb.npz,68,0.0,0.0,0.9118,1.0,,
34cf9e8370b2,COURT,include50,video,,include:clip:34cf9e8370b2,data/external/include_pose/INCLUDE/Pose_Signs/Places/23. Court/MVI_3534.pkl,data/processed/landmarks/include50/COURT/34cf9e8370b2.npz,60,0.0,0.0,0.9,1.0,,
b15ed553e906,COURT,include50,video,,include:clip:b15ed553e906,data/external/include_pose/INCLUDE/Pose_Signs/Places/23. Court/MVI_3287.pkl,data/processed/landmarks/include50/COURT/b15ed553e906.npz,84,0.0,0.0,0.9286,1.0,,
036fcf4ca322,COURT,include50,video,,include:clip:036fcf4ca322,data/external/include_pose/INCLUDE/Pose_Signs/Places/23. Court/MVI_3533.pkl,data/processed/landmarks/include50/COURT/036fcf4ca322.npz,54,0.0,0.0,0.8704,1.0,,
4a403409bb89,COURT,include50,video,,include:clip:4a403409bb89,data/external/include_pose/INCLUDE/Pose_Signs/Places/23. Court/MVI_3453.pkl,data/processed/landmarks/include50/COURT/4a403409bb89.npz,58,0.0,0.0,0.9828,1.0,,
2fd198a73327,COURT,include50,video,,include:clip:2fd198a73327,data/external/include_pose/INCLUDE/Pose_Signs/Places/23. Court/MVI_3452.pkl,data/processed/landmarks/include50/COURT/2fd198a73327.npz,68,0.0,0.0,0.9412,1.0,,
83b68b672bcf,COURT,include50,video,,include:clip:83b68b672bcf,data/external/include_pose/INCLUDE/Pose_Signs/Places/23. Court/MVI_3532.pkl,data/processed/landmarks/include50/COURT/83b68b672bcf.npz,56,0.0,0.0,0.9286,1.0,,
7922f42c8851,COURT,include50,video,,include:clip:7922f42c8851,data/external/include_pose/INCLUDE/Pose_Signs/Places/23. Court/MVI_3531.pkl,data/processed/landmarks/include50/COURT/7922f42c8851.npz,70,0.0,0.0,0.9714,1.0,,
8cc56db958d0,COURT,include50,video,,include:clip:8cc56db958d0,data/external/include_pose/INCLUDE/Pose_Signs/Places/23. Court/MVI_3609.pkl,data/processed/landmarks/include50/COURT/8cc56db958d0.npz,62,0.0,0.0,0.9355,1.0,,
6fa85ccfd674,COURT,include50,video,,include:clip:6fa85ccfd674,data/external/include_pose/INCLUDE/Pose_Signs/Places/23. Court/MVI_3370.pkl,data/processed/landmarks/include50/COURT/6fa85ccfd674.npz,81,0.0,0.0,0.9383,1.0,,
005e071bd364,COURT,include50,video,,include:clip:005e071bd364,data/external/include_pose/INCLUDE/Pose_Signs/Places/23. Court/MVI_3366.pkl,data/processed/landmarks/include50/COURT/005e071bd364.npz,61,0.0,0.0,0.918,1.0,,
d418819cdc47,COURT,include50,video,,include:clip:d418819cdc47,data/external/include_pose/INCLUDE/Pose_Signs/Places/23. Court/MVI_3367.pkl,data/processed/landmarks/include50/COURT/d418819cdc47.npz,69,0.0,0.0,0.971,1.0,,
9c3d0763fb51,COURT,include50,video,,include:clip:9c3d0763fb51,data/external/include_pose/INCLUDE/Pose_Signs/Places/23. Court/Extra/MVI_3368.pkl,data/processed/landmarks/include50/COURT/9c3d0763fb51.npz,66,0.0,0.0,0.9091,1.0,,
88c2f838752a,COURT,include50,video,,include:clip:88c2f838752a,data/external/include_pose/INCLUDE/Pose_Signs/Places/23. Court/Extra/MVI_3613.pkl,data/processed/landmarks/include50/COURT/88c2f838752a.npz,66,0.0,0.0,0.9697,1.0,,
4e806e2a846e,COURT,include50,video,,include:clip:4e806e2a846e,data/external/include_pose/INCLUDE/Pose_Signs/Places/23. Court/Extra/MVI_3288.pkl,data/processed/landmarks/include50/COURT/4e806e2a846e.npz,76,0.0,0.0,0.9342,1.0,,
34916770b12c,COURT,include50,video,,include:clip:34916770b12c,data/external/include_pose/INCLUDE/Pose_Signs/Places/23. Court/MVI_3612.pkl,data/processed/landmarks/include50/COURT/34916770b12c.npz,61,0.0,0.0,1.0,1.0,,
38e051df4d19,COURT,include50,video,,include:clip:38e051df4d19,data/external/include_pose/INCLUDE/Pose_Signs/Places/23. Court/MVI_3610.pkl,data/processed/landmarks/include50/COURT/38e051df4d19.npz,56,0.0,0.0,0.9821,1.0,,
383af869ac22,HOUSE,include50,video,,include:clip:383af869ac22,data/external/include_pose/INCLUDE/Pose_Signs/Places/19. House/MVI_3269.pkl,data/processed/landmarks/include50/HOUSE/383af869ac22.npz,61,0.0,0.0,0.8689,1.0,,
0e660df172ea,HOUSE,include50,video,,include:clip:0e660df172ea,data/external/include_pose/INCLUDE/Pose_Signs/Places/19. House/MVI_3268.pkl,data/processed/landmarks/include50/HOUSE/0e660df172ea.npz,75,0.0,0.0,0.9067,1.0,,
21aaf8fb29a8,HOUSE,include50,video,,include:clip:21aaf8fb29a8,data/external/include_pose/INCLUDE/Pose_Signs/Places/19. House/MVI_3595.pkl,data/processed/landmarks/include50/HOUSE/21aaf8fb29a8.npz,58,0.0,0.0,0.9483,1.0,,
6f553e14088c,HOUSE,include50,video,,include:clip:6f553e14088c,data/external/include_pose/INCLUDE/Pose_Signs/Places/19. House/MVI_3436.pkl,data/processed/landmarks/include50/HOUSE/6f553e14088c.npz,64,0.0,0.0,0.9375,1.0,,
af492a151e59,HOUSE,include50,video,,include:clip:af492a151e59,data/external/include_pose/INCLUDE/Pose_Signs/Places/19. House/MVI_3350.pkl,data/processed/landmarks/include50/HOUSE/af492a151e59.npz,54,0.0,0.0,0.8889,1.0,,
443ef36a3229,HOUSE,include50,video,,include:clip:443ef36a3229,data/external/include_pose/INCLUDE/Pose_Signs/Places/19. House/MVI_3437.pkl,data/processed/landmarks/include50/HOUSE/443ef36a3229.npz,67,0.0,0.0,0.9403,1.0,,
4b4369bea5a4,HOUSE,include50,video,,include:clip:4b4369bea5a4,data/external/include_pose/INCLUDE/Pose_Signs/Places/19. House/MVI_3351.pkl,data/processed/landmarks/include50/HOUSE/4b4369bea5a4.npz,58,0.0,0.0,0.9655,1.0,,
b94cdd1c7a28,HOUSE,include50,video,,include:clip:b94cdd1c7a28,data/external/include_pose/INCLUDE/Pose_Signs/Places/19. House/MVI_3594.pkl,data/processed/landmarks/include50/HOUSE/b94cdd1c7a28.npz,57,0.0,0.0,0.9474,1.0,,
2439eec51b9a,HOUSE,include50,video,,include:clip:2439eec51b9a,data/external/include_pose/INCLUDE/Pose_Signs/Places/19. House/MVI_3596.pkl,data/processed/landmarks/include50/HOUSE/2439eec51b9a.npz,54,0.0,0.0,0.9074,1.0,,
f4d3aebcde05,HOUSE,include50,video,,include:clip:f4d3aebcde05,data/external/include_pose/INCLUDE/Pose_Signs/Places/19. House/MVI_3435.pkl,data/processed/landmarks/include50/HOUSE/f4d3aebcde05.npz,65,0.0,0.0,0.8615,1.0,,
0eb62ba27fd0,HOUSE,include50,video,,include:clip:0eb62ba27fd0,data/external/include_pose/INCLUDE/Pose_Signs/Places/19. House/MVI_3352.pkl,data/processed/landmarks/include50/HOUSE/0eb62ba27fd0.npz,56,0.0,0.0,0.9107,1.0,,
dd75af873f7c,HOUSE,include50,video,,include:clip:dd75af873f7c,data/external/include_pose/INCLUDE/Pose_Signs/Places/19. House/MVI_3593.pkl,data/processed/landmarks/include50/HOUSE/dd75af873f7c.npz,63,0.0,0.0,0.9365,1.0,,
2b1662e806d5,HOUSE,include50,video,,include:clip:2b1662e806d5,data/external/include_pose/INCLUDE/Pose_Signs/Places/19. House/MVI_3438.pkl,data/processed/landmarks/include50/HOUSE/2b1662e806d5.npz,58,0.0,0.0,0.8966,1.0,,
0909a83f9cf3,HOUSE,include50,video,,include:clip:0909a83f9cf3,data/external/include_pose/INCLUDE/Pose_Signs/Places/19. House/MVI_3349.pkl,data/processed/landmarks/include50/HOUSE/0909a83f9cf3.npz,66,0.0,0.0,0.9545,1.0,,
a8acd623d306,HOUSE,include50,video,,include:clip:a8acd623d306,data/external/include_pose/INCLUDE/Pose_Signs/Places/19. House/MVI_3514.pkl,data/processed/landmarks/include50/HOUSE/a8acd623d306.npz,48,0.0,0.0,0.8542,1.0,,
96fa7147bdf0,HOUSE,include50,video,,include:clip:96fa7147bdf0,data/external/include_pose/INCLUDE/Pose_Signs/Places/19. House/MVI_3515.pkl,data/processed/landmarks/include50/HOUSE/96fa7147bdf0.npz,45,0.0,0.0,0.8,1.0,,
11e62a17db10,HOUSE,include50,video,,include:clip:11e62a17db10,data/external/include_pose/INCLUDE/Pose_Signs/Places/19. House/MVI_3267.pkl,data/processed/landmarks/include50/HOUSE/11e62a17db10.npz,78,0.0,0.0,0.8974,1.0,,
961e66da3e91,HOUSE,include50,video,,include:clip:961e66da3e91,data/external/include_pose/INCLUDE/Pose_Signs/Places/19. House/MVI_3270.pkl,data/processed/landmarks/include50/HOUSE/961e66da3e91.npz,74,0.0,0.0,0.9324,1.0,,
3d376ca6f97c,HOUSE,include50,video,,include:clip:3d376ca6f97c,data/external/include_pose/INCLUDE/Pose_Signs/Places/19. House/MVI_3516.pkl,data/processed/landmarks/include50/HOUSE/3d376ca6f97c.npz,48,0.0,0.0,0.7083,1.0,,
384bb61f90b0,HOUSE,include50,video,,include:clip:384bb61f90b0,data/external/include_pose/INCLUDE/Pose_Signs/Places/19. House/MVI_3513.pkl,data/processed/landmarks/include50/HOUSE/384bb61f90b0.npz,53,0.0,0.0,0.8679,1.0,,
633644662c70,STORE_OR_SHOP,include50,video,,include:clip:633644662c70,data/external/include_pose/INCLUDE/Pose_Signs/Places/28. Store or Shop/MVI_3309.pkl,data/processed/landmarks/include50/STORE_OR_SHOP/633644662c70.npz,63,0.0,0.0,0.7937,1.0,,
5ec69e56a6f6,STORE_OR_SHOP,include50,video,,include:clip:5ec69e56a6f6,data/external/include_pose/INCLUDE/Pose_Signs/Places/28. Store or Shop/MVI_3308.pkl,data/processed/landmarks/include50/STORE_OR_SHOP/5ec69e56a6f6.npz,61,0.0,0.0,0.8033,1.0,,
4439607f0a32,STORE_OR_SHOP,include50,video,,include:clip:4439607f0a32,data/external/include_pose/INCLUDE/Pose_Signs/Places/28. Store or Shop/MVI_3387.pkl,data/processed/landmarks/include50/STORE_OR_SHOP/4439607f0a32.npz,52,0.0,0.0,0.5385,1.0,,
1c59a98989bc,STORE_OR_SHOP,include50,video,,include:clip:1c59a98989bc,data/external/include_pose/INCLUDE/Pose_Signs/Places/28. Store or Shop/MVI_3635.pkl,data/processed/landmarks/include50/STORE_OR_SHOP/1c59a98989bc.npz,52,0.0,0.0,0.9423,1.0,,
93e1445d9c66,STORE_OR_SHOP,include50,video,,include:clip:93e1445d9c66,data/external/include_pose/INCLUDE/Pose_Signs/Places/28. Store or Shop/MVI_3386.pkl,data/processed/landmarks/include50/STORE_OR_SHOP/93e1445d9c66.npz,59,0.0,0.0,0.6441,1.0,,
83c79914fb0c,STORE_OR_SHOP,include50,video,,include:clip:83c79914fb0c,data/external/include_pose/INCLUDE/Pose_Signs/Places/28. Store or Shop/MVI_3555.pkl,data/processed/landmarks/include50/STORE_OR_SHOP/83c79914fb0c.npz,52,0.0,0.0,0.8846,1.0,,
bfb54d97fb84,STORE_OR_SHOP,include50,video,,include:clip:bfb54d97fb84,data/external/include_pose/INCLUDE/Pose_Signs/Places/28. Store or Shop/MVI_3385.pkl,data/processed/landmarks/include50/STORE_OR_SHOP/bfb54d97fb84.npz,64,0.0,0.0,0.6562,1.0,,
a93af218a29c,STORE_OR_SHOP,include50,video,,include:clip:a93af218a29c,data/external/include_pose/INCLUDE/Pose_Signs/Places/28. Store or Shop/MVI_3554.pkl,data/processed/landmarks/include50/STORE_OR_SHOP/a93af218a29c.npz,56,0.0,0.0,0.8571,1.0,,
495420c59dd5,STORE_OR_SHOP,include50,video,,include:clip:495420c59dd5,data/external/include_pose/INCLUDE/Pose_Signs/Places/28. Store or Shop/MVI_3632.pkl,data/processed/landmarks/include50/STORE_OR_SHOP/495420c59dd5.npz,54,0.0,0.0,0.9815,1.0,,
d528f38a714c,STORE_OR_SHOP,include50,video,,include:clip:d528f38a714c,data/external/include_pose/INCLUDE/Pose_Signs/Places/28. Store or Shop/MVI_3633.pkl,data/processed/landmarks/include50/STORE_OR_SHOP/d528f38a714c.npz,49,0.0,0.0,0.9796,1.0,,
be4b81643b7a,STORE_OR_SHOP,include50,video,,include:clip:be4b81643b7a,data/external/include_pose/INCLUDE/Pose_Signs/Places/28. Store or Shop/MVI_3553.pkl,data/processed/landmarks/include50/STORE_OR_SHOP/be4b81643b7a.npz,49,0.0,0.0,0.898,1.0,,
7883a91a6ff2,STORE_OR_SHOP,include50,video,,include:clip:7883a91a6ff2,data/external/include_pose/INCLUDE/Pose_Signs/Places/28. Store or Shop/Extra/MVI_3637.pkl,data/processed/landmarks/include50/STORE_OR_SHOP/7883a91a6ff2.npz,48,0.0,0.0,0.9792,1.0,,
63bdad938618,STORE_OR_SHOP,include50,video,,include:clip:63bdad938618,data/external/include_pose/INCLUDE/Pose_Signs/Places/28. Store or Shop/Extra/MVI_3636.pkl,data/processed/landmarks/include50/STORE_OR_SHOP/63bdad938618.npz,46,0.0,0.0,0.9565,1.0,,
72a510e44974,STORE_OR_SHOP,include50,video,,include:clip:72a510e44974,data/external/include_pose/INCLUDE/Pose_Signs/Places/28. Store or Shop/MVI_3474.pkl,data/processed/landmarks/include50/STORE_OR_SHOP/72a510e44974.npz,45,0.0,0.0,0.9556,1.0,,
605114b0eeda,STORE_OR_SHOP,include50,video,,include:clip:605114b0eeda,data/external/include_pose/INCLUDE/Pose_Signs/Places/28. Store or Shop/MVI_3307.pkl,data/processed/landmarks/include50/STORE_OR_SHOP/605114b0eeda.npz,59,0.0,0.0,0.7119,1.0,,
91e882905a84,STORE_OR_SHOP,include50,video,,include:clip:91e882905a84,data/external/include_pose/INCLUDE/Pose_Signs/Places/28. Store or Shop/MVI_3475.pkl,data/processed/landmarks/include50/STORE_OR_SHOP/91e882905a84.npz,46,0.0,0.0,0.9565,1.0,,
04a40778ca57,STORE_OR_SHOP,include50,video,,include:clip:04a40778ca57,data/external/include_pose/INCLUDE/Pose_Signs/Places/28. Store or Shop/MVI_3310.pkl,data/processed/landmarks/include50/STORE_OR_SHOP/04a40778ca57.npz,56,0.0,0.0,0.7857,1.0,,
2285547f4169,STORE_OR_SHOP,include50,video,,include:clip:2285547f4169,data/external/include_pose/INCLUDE/Pose_Signs/Places/28. Store or Shop/MVI_3473.pkl,data/processed/landmarks/include50/STORE_OR_SHOP/2285547f4169.npz,43,0.0,0.0,0.9767,1.0,,
739b495f373a,BANK,include50,video,,include:clip:739b495f373a,data/external/include_pose/INCLUDE/Pose_Signs/Places/35. Bank/MVI_3336.pkl,data/processed/landmarks/include50/BANK/739b495f373a.npz,63,0.0,0.0,0.873,1.0,,
44ebaab31c6b,BANK,include50,video,,include:clip:44ebaab31c6b,data/external/include_pose/INCLUDE/Pose_Signs/Places/35. Bank/MVI_3337.pkl,data/processed/landmarks/include50/BANK/44ebaab31c6b.npz,62,0.0,0.0,0.9032,1.0,,
e8b17c79a74b,BANK,include50,video,,include:clip:e8b17c79a74b,data/external/include_pose/INCLUDE/Pose_Signs/Places/35. Bank/MVI_3422.pkl,data/processed/landmarks/include50/BANK/e8b17c79a74b.npz,59,0.0,0.0,0.9322,1.0,,
146723e805df,BANK,include50,video,,include:clip:146723e805df,data/external/include_pose/INCLUDE/Pose_Signs/Places/35. Bank/MVI_3423.pkl,data/processed/landmarks/include50/BANK/146723e805df.npz,70,0.0,0.0,0.9429,1.0,,
aa0d3dfb766c,BANK,include50,video,,include:clip:aa0d3dfb766c,data/external/include_pose/INCLUDE/Pose_Signs/Places/35. Bank/MVI_3582.pkl,data/processed/landmarks/include50/BANK/aa0d3dfb766c.npz,51,0.0,0.0,0.8824,1.0,,
f8f8b8840bba,BANK,include50,video,,include:clip:f8f8b8840bba,data/external/include_pose/INCLUDE/Pose_Signs/Places/35. Bank/MVI_3421.pkl,data/processed/landmarks/include50/BANK/f8f8b8840bba.npz,59,0.0,0.0,0.9153,1.0,,
c6b8fe8f19a3,BANK,include50,video,,include:clip:c6b8fe8f19a3,data/external/include_pose/INCLUDE/Pose_Signs/Places/35. Bank/MVI_3583.pkl,data/processed/landmarks/include50/BANK/c6b8fe8f19a3.npz,45,0.0,0.0,0.8667,1.0,,
70b817a8a5d3,BANK,include50,video,,include:clip:70b817a8a5d3,data/external/include_pose/INCLUDE/Pose_Signs/Places/35. Bank/Extra/MVI_3420.pkl,data/processed/landmarks/include50/BANK/70b817a8a5d3.npz,66,0.0,0.0,0.8788,1.0,,
63b28704dde1,BANK,include50,video,,include:clip:63b28704dde1,data/external/include_pose/INCLUDE/Pose_Signs/Places/35. Bank/Extra/MVI_3339.pkl,data/processed/landmarks/include50/BANK/63b28704dde1.npz,63,0.0,0.0,0.9206,1.0,,
e01afe32b01f,BANK,include50,video,,include:clip:e01afe32b01f,data/external/include_pose/INCLUDE/Pose_Signs/Places/35. Bank/MVI_3500.pkl,data/processed/landmarks/include50/BANK/e01afe32b01f.npz,44,0.0,0.0,0.9773,1.0,,
380d702c4c0f,BANK,include50,video,,include:clip:380d702c4c0f,data/external/include_pose/INCLUDE/Pose_Signs/Places/35. Bank/MVI_3662.pkl,data/processed/landmarks/include50/BANK/380d702c4c0f.npz,43,0.0,0.0,0.907,1.0,,
44149265e97c,BANK,include50,video,,include:clip:44149265e97c,data/external/include_pose/INCLUDE/Pose_Signs/Places/35. Bank/MVI_3663.pkl,data/processed/landmarks/include50/BANK/44149265e97c.npz,44,0.0,0.0,0.9545,1.0,,
4895d3b8037a,BANK,include50,video,,include:clip:4895d3b8037a,data/external/include_pose/INCLUDE/Pose_Signs/Places/35. Bank/MVI_3501.pkl,data/processed/landmarks/include50/BANK/4895d3b8037a.npz,41,0.0,0.0,0.9512,1.0,,
1fd0aa9c5433,BANK,include50,video,,include:clip:1fd0aa9c5433,data/external/include_pose/INCLUDE/Pose_Signs/Places/35. Bank/MVI_3661.pkl,data/processed/landmarks/include50/BANK/1fd0aa9c5433.npz,44,0.0,0.0,0.9091,1.0,,
9c05c5a94909,BANK,include50,video,,include:clip:9c05c5a94909,data/external/include_pose/INCLUDE/Pose_Signs/Places/35. Bank/MVI_3502.pkl,data/processed/landmarks/include50/BANK/9c05c5a94909.npz,48,0.0,0.0,1.0,1.0,,
4af16d1a91eb,BANK,include50,video,,include:clip:4af16d1a91eb,data/external/include_pose/INCLUDE/Pose_Signs/Places/35. Bank/MVI_3664.pkl,data/processed/landmarks/include50/BANK/4af16d1a91eb.npz,47,0.0,0.0,0.9362,1.0,,
6ce997fbd44c,I,include50,video,,include:clip:6ce997fbd44c,data/external/include_pose/INCLUDE/Pose_Signs/Pronouns/40. I/MVI_9959.pkl,data/processed/landmarks/include50/I/6ce997fbd44c.npz,50,0.0,0.0,1.0,1.0,,
9c88448e509d,I,include50,video,,include:clip:9c88448e509d,data/external/include_pose/INCLUDE/Pose_Signs/Pronouns/40. I/MVI_9958.pkl,data/processed/landmarks/include50/I/9c88448e509d.npz,47,0.0,0.0,1.0,1.0,,
a62d974e2f26,I,include50,video,,include:clip:a62d974e2f26,data/external/include_pose/INCLUDE/Pose_Signs/Pronouns/40. I/MVI_0001.pkl,data/processed/landmarks/include50/I/a62d974e2f26.npz,66,0.0,0.0,1.0,1.0,,
d0c59b57a85a,I,include50,video,,include:clip:d0c59b57a85a,data/external/include_pose/INCLUDE/Pose_Signs/Pronouns/40. I/MVI_0003.pkl,data/processed/landmarks/include50/I/d0c59b57a85a.npz,52,0.0,0.0,1.0,1.0,,
6f5018be780a,I,include50,video,,include:clip:6f5018be780a,data/external/include_pose/INCLUDE/Pose_Signs/Pronouns/40. I/MVI_0002.pkl,data/processed/landmarks/include50/I/6f5018be780a.npz,89,0.0,0.0,1.0,1.0,,
42e2527038e9,I,include50,video,,include:clip:42e2527038e9,data/external/include_pose/INCLUDE/Pose_Signs/Pronouns/40. I/MVI_0012.pkl,data/processed/landmarks/include50/I/42e2527038e9.npz,45,0.0,0.0,1.0,1.0,,
f969b7daa37e,I,include50,video,,include:clip:f969b7daa37e,data/external/include_pose/INCLUDE/Pose_Signs/Pronouns/40. I/MVI_0013.pkl,data/processed/landmarks/include50/I/f969b7daa37e.npz,43,0.0,0.0,1.0,1.0,,
400e0d22eb37,I,include50,video,,include:clip:400e0d22eb37,data/external/include_pose/INCLUDE/Pose_Signs/Pronouns/40. I/MVI_0065.pkl,data/processed/landmarks/include50/I/400e0d22eb37.npz,71,0.0,0.0,1.0,1.0,,
8b97b821f889,I,include50,video,,include:clip:8b97b821f889,data/external/include_pose/INCLUDE/Pose_Signs/Pronouns/40. I/MVI_0066.pkl,data/processed/landmarks/include50/I/8b97b821f889.npz,65,0.0,0.0,1.0,1.0,,
be5b0ac57acc,I,include50,video,,include:clip:be5b0ac57acc,data/external/include_pose/INCLUDE/Pose_Signs/Pronouns/40. I/MVI_9918.pkl,data/processed/landmarks/include50/I/be5b0ac57acc.npz,83,0.0,0.0,1.0,1.0,,
424e0f201e23,I,include50,video,,include:clip:424e0f201e23,data/external/include_pose/INCLUDE/Pose_Signs/Pronouns/40. I/MVI_9878.pkl,data/processed/landmarks/include50/I/424e0f201e23.npz,48,0.0,0.0,1.0,1.0,,
5119c6c07e08,I,include50,video,,include:clip:5119c6c07e08,data/external/include_pose/INCLUDE/Pose_Signs/Pronouns/40. I/MVI_9879.pkl,data/processed/landmarks/include50/I/5119c6c07e08.npz,53,0.0,0.0,1.0,1.0,,
cd233d9be1e7,I,include50,video,,include:clip:cd233d9be1e7,data/external/include_pose/INCLUDE/Pose_Signs/Pronouns/40. I/MVI_9919.pkl,data/processed/landmarks/include50/I/cd233d9be1e7.npz,81,0.0,0.0,1.0,1.0,,
75ec5d0f3ff2,I,include50,video,,include:clip:75ec5d0f3ff2,data/external/include_pose/INCLUDE/Pose_Signs/Pronouns/40. I/MVI_9920.pkl,data/processed/landmarks/include50/I/75ec5d0f3ff2.npz,80,0.0,0.0,1.0,1.0,,
15e52bcae45a,I,include50,video,,include:clip:15e52bcae45a,data/external/include_pose/INCLUDE/Pose_Signs/Pronouns/40. I/MVI_9922.pkl,data/processed/landmarks/include50/I/15e52bcae45a.npz,68,0.0,0.0,1.0,1.0,,
5951c6498a77,I,include50,video,,include:clip:5951c6498a77,data/external/include_pose/INCLUDE/Pose_Signs/Pronouns/40. I/MVI_9881.pkl,data/processed/landmarks/include50/I/5951c6498a77.npz,50,0.0,0.0,1.0,1.0,,
fc2279996cc9,I,include50,video,,include:clip:fc2279996cc9,data/external/include_pose/INCLUDE/Pose_Signs/Pronouns/40. I/MVI_9995.pkl,data/processed/landmarks/include50/I/fc2279996cc9.npz,74,0.0,0.0,1.0,1.0,,
76ce41b6ae4c,I,include50,video,,include:clip:76ce41b6ae4c,data/external/include_pose/INCLUDE/Pose_Signs/Pronouns/40. I/MVI_9957.pkl,data/processed/landmarks/include50/I/76ce41b6ae4c.npz,46,0.0,0.0,1.0,1.0,,
9bc203d787b3,IT,include50,video,,include:clip:9bc203d787b3,data/external/include_pose/INCLUDE/Pose_Signs/Pronouns/44. it/MVI_0014.pkl,data/processed/landmarks/include50/IT/9bc203d787b3.npz,78,0.0,0.0,1.0,1.0,,
565e80abeca3,IT,include50,video,,include:clip:565e80abeca3,data/external/include_pose/INCLUDE/Pose_Signs/Pronouns/44. it/MVI_9970.pkl,data/processed/landmarks/include50/IT/565e80abeca3.npz,48,0.0,0.0,1.0,1.0,,
bad248539488,IT,include50,video,,include:clip:bad248539488,data/external/include_pose/INCLUDE/Pose_Signs/Pronouns/44. it/MVI_0016.pkl,data/processed/landmarks/include50/IT/bad248539488.npz,70,0.0,0.0,1.0,1.0,,
b725ad080d3b,IT,include50,video,,include:clip:b725ad080d3b,data/external/include_pose/INCLUDE/Pose_Signs/Pronouns/44. it/MVI_0013.pkl,data/processed/landmarks/include50/IT/b725ad080d3b.npz,66,0.0,0.0,1.0,1.0,,
2595ca3291e9,IT,include50,video,,include:clip:2595ca3291e9,data/external/include_pose/INCLUDE/Pose_Signs/Pronouns/44. it/MVI_9898.pkl,data/processed/landmarks/include50/IT/2595ca3291e9.npz,46,0.0,0.0,1.0,1.0,,
a5bcb4dae6a9,IT,include50,video,,include:clip:a5bcb4dae6a9,data/external/include_pose/INCLUDE/Pose_Signs/Pronouns/44. it/MVI_9939.pkl,data/processed/landmarks/include50/IT/a5bcb4dae6a9.npz,74,0.0,0.0,1.0,1.0,,
d5d2d289345d,IT,include50,video,,include:clip:d5d2d289345d,data/external/include_pose/INCLUDE/Pose_Signs/Pronouns/44. it/MVI_9938.pkl,data/processed/landmarks/include50/IT/d5d2d289345d.npz,68,0.0,0.0,1.0,1.0,,
5683648d1900,IT,include50,video,,include:clip:5683648d1900,data/external/include_pose/INCLUDE/Pose_Signs/Pronouns/44. it/MVI_0078.pkl,data/processed/landmarks/include50/IT/5683648d1900.npz,58,0.0,0.0,1.0,1.0,,
04c5555bb231,IT,include50,video,,include:clip:04c5555bb231,data/external/include_pose/INCLUDE/Pose_Signs/Pronouns/44. it/MVI_9897.pkl,data/processed/landmarks/include50/IT/04c5555bb231.npz,44,0.0,0.0,1.0,1.0,,
589f5f817239,IT,include50,video,,include:clip:589f5f817239,data/external/include_pose/INCLUDE/Pose_Signs/Pronouns/44. it/MVI_9936.pkl,data/processed/landmarks/include50/IT/589f5f817239.npz,74,0.0,0.0,1.0,1.0,,
1417ef73c042,IT,include50,video,,include:clip:1417ef73c042,data/external/include_pose/INCLUDE/Pose_Signs/Pronouns/44. it/MVI_9937.pkl,data/processed/landmarks/include50/IT/1417ef73c042.npz,87,0.0,0.0,1.0,1.0,,
24061f831afb,IT,include50,video,,include:clip:24061f831afb,data/external/include_pose/INCLUDE/Pose_Signs/Pronouns/44. it/MVI_0025.pkl,data/processed/landmarks/include50/IT/24061f831afb.npz,40,0.0,0.0,1.0,1.0,,
7472caf3ca2f,YOU_PLURAL,include50,video,,include:clip:7472caf3ca2f,data/external/include_pose/INCLUDE/Pose_Signs/Pronouns/46. you (plural)/MVI_9977.pkl,data/processed/landmarks/include50/YOU_PLURAL/7472caf3ca2f.npz,80,0.0,0.0,0.95,1.0,,
a3b3b4cc6164,YOU_PLURAL,include50,video,,include:clip:a3b3b4cc6164,data/external/include_pose/INCLUDE/Pose_Signs/Pronouns/46. you (plural)/MVI_9976.pkl,data/processed/landmarks/include50/YOU_PLURAL/a3b3b4cc6164.npz,74,0.0,0.0,1.0,1.0,,
9a7954d0c992,YOU_PLURAL,include50,video,,include:clip:9a7954d0c992,data/external/include_pose/INCLUDE/Pose_Signs/Pronouns/46. you (plural)/MVI_9975.pkl,data/processed/landmarks/include50/YOU_PLURAL/9a7954d0c992.npz,73,0.0,0.0,1.0,1.0,,
a390174d1c0c,YOU_PLURAL,include50,video,,include:clip:a390174d1c0c,data/external/include_pose/INCLUDE/Pose_Signs/Pronouns/46. you (plural)/MVI_0082.pkl,data/processed/landmarks/include50/YOU_PLURAL/a390174d1c0c.npz,70,0.0,0.0,1.0,1.0,,
b7a8056a0795,YOU_PLURAL,include50,video,,include:clip:b7a8056a0795,data/external/include_pose/INCLUDE/Pose_Signs/Pronouns/46. you (plural)/MVI_0083.pkl,data/processed/landmarks/include50/YOU_PLURAL/b7a8056a0795.npz,78,0.0,0.0,1.0,1.0,,
798a5f6c2304,YOU_PLURAL,include50,video,,include:clip:798a5f6c2304,data/external/include_pose/INCLUDE/Pose_Signs/Pronouns/46. you (plural)/MVI_9909.pkl,data/processed/landmarks/include50/YOU_PLURAL/798a5f6c2304.npz,57,0.0,0.0,1.0,1.0,,
e53f2dd513c5,YOU_PLURAL,include50,video,,include:clip:e53f2dd513c5,data/external/include_pose/INCLUDE/Pose_Signs/Pronouns/46. you (plural)/MVI_9908.pkl,data/processed/landmarks/include50/YOU_PLURAL/e53f2dd513c5.npz,51,0.0,0.0,1.0,1.0,,
8565e090b057,YOU_PLURAL,include50,video,,include:clip:8565e090b057,data/external/include_pose/INCLUDE/Pose_Signs/Pronouns/46. you (plural)/MVI_0084.pkl,data/processed/landmarks/include50/YOU_PLURAL/8565e090b057.npz,72,0.0,0.0,1.0,1.0,,
b29aea353a8b,YOU_PLURAL,include50,video,,include:clip:b29aea353a8b,data/external/include_pose/INCLUDE/Pose_Signs/Pronouns/46. you (plural)/MVI_0021.pkl,data/processed/landmarks/include50/YOU_PLURAL/b29aea353a8b.npz,75,0.0,0.0,1.0,1.0,,
89c4fd20f64c,YOU_PLURAL,include50,video,,include:clip:89c4fd20f64c,data/external/include_pose/INCLUDE/Pose_Signs/Pronouns/46. you (plural)/MVI_9945.pkl,data/processed/landmarks/include50/YOU_PLURAL/89c4fd20f64c.npz,72,0.0,0.0,1.0,1.0,,
f8a7d2d8c445,YOU_PLURAL,include50,video,,include:clip:f8a7d2d8c445,data/external/include_pose/INCLUDE/Pose_Signs/Pronouns/46. you (plural)/MVI_0022.pkl,data/processed/landmarks/include50/YOU_PLURAL/f8a7d2d8c445.npz,84,0.0,0.0,1.0,1.0,,
d4d303715939,YOU_PLURAL,include50,video,,include:clip:d4d303715939,data/external/include_pose/INCLUDE/Pose_Signs/Pronouns/46. you (plural)/MVI_9947.pkl,data/processed/landmarks/include50/YOU_PLURAL/d4d303715939.npz,64,0.0,0.0,1.0,1.0,,
a6ab3eca9289,YOU_PLURAL,include50,video,,include:clip:a6ab3eca9289,data/external/include_pose/INCLUDE/Pose_Signs/Pronouns/46. you (plural)/MVI_9946.pkl,data/processed/landmarks/include50/YOU_PLURAL/a6ab3eca9289.npz,87,0.0,0.0,1.0,1.0,,
530e077547b8,YOU_PLURAL,include50,video,,include:clip:530e077547b8,data/external/include_pose/INCLUDE/Pose_Signs/Pronouns/46. you (plural)/MVI_0023.pkl,data/processed/landmarks/include50/YOU_PLURAL/530e077547b8.npz,92,0.0,0.0,1.0,1.0,,
9386253c79fb,YOU_PLURAL,include50,video,,include:clip:9386253c79fb,data/external/include_pose/INCLUDE/Pose_Signs/Pronouns/46. you (plural)/MVI_0032.pkl,data/processed/landmarks/include50/YOU_PLURAL/9386253c79fb.npz,56,0.0,0.0,1.0,1.0,,
3957cc9ce8c4,YOU_PLURAL,include50,video,,include:clip:3957cc9ce8c4,data/external/include_pose/INCLUDE/Pose_Signs/Pronouns/46. you (plural)/MVI_0030.pkl,data/processed/landmarks/include50/YOU_PLURAL/3957cc9ce8c4.npz,61,0.0,0.0,1.0,1.0,,
5f6c28783df7,YOU_PLURAL,include50,video,,include:clip:5f6c28783df7,data/external/include_pose/INCLUDE/Pose_Signs/Pronouns/46. you (plural)/MVI_0024.pkl,data/processed/landmarks/include50/YOU_PLURAL/5f6c28783df7.npz,74,0.0,0.0,1.0,1.0,,
2af917723094,YOU_PLURAL,include50,video,,include:clip:2af917723094,data/external/include_pose/INCLUDE/Pose_Signs/Pronouns/46. you (plural)/MVI_0031.pkl,data/processed/landmarks/include50/YOU_PLURAL/2af917723094.npz,61,0.0,0.0,1.0,1.0,,
2a161a6f196b,ELECTION,include50,video,,include:clip:2a161a6f196b,data/external/include_pose/INCLUDE/Pose_Signs/Society/14. Election/MVI_4306.pkl,data/processed/landmarks/include50/ELECTION/2a161a6f196b.npz,76,0.0,0.0,0.9737,1.0,,
d5706c030a6e,ELECTION,include50,video,,include:clip:d5706c030a6e,data/external/include_pose/INCLUDE/Pose_Signs/Society/14. Election/MVI_4307.pkl,data/processed/landmarks/include50/ELECTION/d5706c030a6e.npz,73,0.0,0.0,0.9863,1.0,,
8c0d70076b85,ELECTION,include50,video,,include:clip:8c0d70076b85,data/external/include_pose/INCLUDE/Pose_Signs/Society/14. Election/MVI_4305.pkl,data/processed/landmarks/include50/ELECTION/8c0d70076b85.npz,80,0.0,0.0,1.0,1.0,,
e8a5c0403efd,ELECTION,include50,video,,include:clip:e8a5c0403efd,data/external/include_pose/INCLUDE/Pose_Signs/Society/14. Election/MVI_4304.pkl,data/processed/landmarks/include50/ELECTION/e8a5c0403efd.npz,72,0.0,0.0,1.0,1.0,,
513016f98564,ELECTION,include50,video,,include:clip:513016f98564,data/external/include_pose/INCLUDE/Pose_Signs/Society/14. Election/MVI_8968.pkl,data/processed/landmarks/include50/ELECTION/513016f98564.npz,75,0.0,0.0,0.9333,1.0,,
67ee4c5b4b7f,ELECTION,include50,video,,include:clip:67ee4c5b4b7f,data/external/include_pose/INCLUDE/Pose_Signs/Society/14. Election/MVI_4840.pkl,data/processed/landmarks/include50/ELECTION/67ee4c5b4b7f.npz,65,0.0,0.0,0.8462,1.0,,
fad1716be6cd,ELECTION,include50,video,,include:clip:fad1716be6cd,data/external/include_pose/INCLUDE/Pose_Signs/Society/14. Election/MVI_8969.pkl,data/processed/landmarks/include50/ELECTION/fad1716be6cd.npz,71,0.0,0.0,0.9577,1.0,,
bff8cd002365,ELECTION,include50,video,,include:clip:bff8cd002365,data/external/include_pose/INCLUDE/Pose_Signs/Society/14. Election/MVI_8713.pkl,data/processed/landmarks/include50/ELECTION/bff8cd002365.npz,68,0.0,0.0,0.8529,1.0,,
9226dbb25c25,ELECTION,include50,video,,include:clip:9226dbb25c25,data/external/include_pose/INCLUDE/Pose_Signs/Society/14. Election/MVI_8712.pkl,data/processed/landmarks/include50/ELECTION/9226dbb25c25.npz,83,0.0,0.0,0.7349,1.0,,
2ae47e2cabdf,ELECTION,include50,video,,include:clip:2ae47e2cabdf,data/external/include_pose/INCLUDE/Pose_Signs/Society/14. Election/MVI_8710.pkl,data/processed/landmarks/include50/ELECTION/2ae47e2cabdf.npz,76,0.0,0.0,0.7237,1.0,,
afc9d84f2692,ELECTION,include50,video,,include:clip:afc9d84f2692,data/external/include_pose/INCLUDE/Pose_Signs/Society/14. Election/MVI_8711.pkl,data/processed/landmarks/include50/ELECTION/afc9d84f2692.npz,78,0.0,0.0,0.6154,1.0,,
3df2c48d2982,ELECTION,include50,video,,include:clip:3df2c48d2982,data/external/include_pose/INCLUDE/Pose_Signs/Society/14. Election/MVI_4839.pkl,data/processed/landmarks/include50/ELECTION/3df2c48d2982.npz,73,0.0,0.0,0.8767,1.0,,
8cdc390247a3,DEATH,include50,video,,include:clip:8cdc390247a3,data/external/include_pose/INCLUDE/Pose_Signs/Society/2. Death/MVI_4258.pkl,data/processed/landmarks/include50/DEATH/8cdc390247a3.npz,59,0.0,0.0,0.9661,1.0,,
d35209849459,DEATH,include50,video,,include:clip:d35209849459,data/external/include_pose/INCLUDE/Pose_Signs/Society/2. Death/MVI_8932.pkl,data/processed/landmarks/include50/DEATH/d35209849459.npz,71,0.0,0.0,0.9296,1.0,,
61d01e20bb7f,DEATH,include50,video,,include:clip:61d01e20bb7f,data/external/include_pose/INCLUDE/Pose_Signs/Society/2. Death/MVI_8661.pkl,data/processed/landmarks/include50/DEATH/61d01e20bb7f.npz,92,0.0,0.0,0.8696,1.0,,
8110f66c08e8,DEATH,include50,video,,include:clip:8110f66c08e8,data/external/include_pose/INCLUDE/Pose_Signs/Society/2. Death/MVI_8662.pkl,data/processed/landmarks/include50/DEATH/8110f66c08e8.npz,82,0.0,0.0,0.7805,1.0,,
2a5711097504,DEATH,include50,video,,include:clip:2a5711097504,data/external/include_pose/INCLUDE/Pose_Signs/Society/2. Death/MVI_8663.pkl,data/processed/landmarks/include50/DEATH/2a5711097504.npz,86,0.0,0.0,0.7907,1.0,,
b62979926220,DEATH,include50,video,,include:clip:b62979926220,data/external/include_pose/INCLUDE/Pose_Signs/Society/2. Death/MVI_8930.pkl,data/processed/landmarks/include50/DEATH/b62979926220.npz,67,0.0,0.0,0.9552,1.0,,
82fe12cfdb27,DEATH,include50,video,,include:clip:82fe12cfdb27,data/external/include_pose/INCLUDE/Pose_Signs/Society/2. Death/MVI_8664.pkl,data/processed/landmarks/include50/DEATH/82fe12cfdb27.npz,92,0.0,0.0,0.8043,1.0,,
d6fd582d1ee7,DEATH,include50,video,,include:clip:d6fd582d1ee7,data/external/include_pose/INCLUDE/Pose_Signs/Society/2. Death/MVI_4802.pkl,data/processed/landmarks/include50/DEATH/d6fd582d1ee7.npz,61,0.0,0.0,0.9508,1.0,,
df8c3fd26fd6,DEATH,include50,video,,include:clip:df8c3fd26fd6,data/external/include_pose/INCLUDE/Pose_Signs/Society/2. Death/MVI_4257.pkl,data/processed/landmarks/include50/DEATH/df8c3fd26fd6.npz,116,0.0,0.0,0.9655,1.0,,
7a7c7d70fd1d,BIRD,include50,video,,include:clip:7a7c7d70fd1d,data/external/include_pose/INCLUDE/Pose_Signs/Animals/4. Bird/MVI_2988.pkl,data/processed/landmarks/include50/BIRD/7a7c7d70fd1d.npz,83,0.0,0.0,0.9277,1.0,,test
e742fa512cb4,BLACK,include50,video,,include:clip:e742fa512cb4,data/external/include_pose/INCLUDE/Pose_Signs/Colours/54. Black/MVI_4920.pkl,data/processed/landmarks/include50/BLACK/e742fa512cb4.npz,54,0.0,0.0,1.0,1.0,,test
7ca9774d3617,BLACK,include50,video,,include:clip:7ca9774d3617,data/external/include_pose/INCLUDE/Pose_Signs/Colours/54. Black/MVI_3740.pkl,data/processed/landmarks/include50/BLACK/7ca9774d3617.npz,44,0.0,0.0,1.0,1.0,,test
5a2ef1eddbab,BLACK,include50,video,,include:clip:5a2ef1eddbab,data/external/include_pose/INCLUDE/Pose_Signs/Colours/54. Black/MVI_3742.pkl,data/processed/landmarks/include50/BLACK/5a2ef1eddbab.npz,46,0.0,0.0,1.0,1.0,,test
eb03127056a7,BLACK,include50,video,,include:clip:eb03127056a7,data/external/include_pose/INCLUDE/Pose_Signs/Colours/54. Black/MVI_5207.pkl,data/processed/landmarks/include50/BLACK/eb03127056a7.npz,54,0.0,0.0,1.0,1.0,,test
d4eb030f9eae,BLACK,include50,video,,include:clip:d4eb030f9eae,data/external/include_pose/INCLUDE/Pose_Signs/Colours/54. Black/MVI_4041.pkl,data/processed/landmarks/include50/BLACK/d4eb030f9eae.npz,53,0.0,0.0,1.0,1.0,,test
151223754ebf,CAR,include50,video,,include:clip:151223754ebf,data/external/include_pose/INCLUDE/Pose_Signs/Means_of_Transportation/11. Car/MVI_3145.pkl,data/processed/landmarks/include50/CAR/151223754ebf.npz,138,0.0,0.0,0.8913,1.0,,test
ed6abc5a620f,CAR,include50,video,,include:clip:ed6abc5a620f,data/external/include_pose/INCLUDE/Pose_Signs/Means_of_Transportation/11. Car/MVI_3174.pkl,data/processed/landmarks/include50/CAR/ed6abc5a620f.npz,97,0.0,0.0,0.9485,1.0,,test
d7a1d72de1f7,CAR,include50,video,,include:clip:d7a1d72de1f7,data/external/include_pose/INCLUDE/Pose_Signs/Means_of_Transportation/11. Car/MVI_3176.pkl,data/processed/landmarks/include50/CAR/d7a1d72de1f7.npz,95,0.0,0.0,0.9895,1.0,,test
6fd420e0e65c,CAR,include50,video,,include:clip:6fd420e0e65c,data/external/include_pose/INCLUDE/Pose_Signs/Means_of_Transportation/11. Car/MVI_3116.pkl,data/processed/landmarks/include50/CAR/6fd420e0e65c.npz,106,0.0,0.0,0.8585,1.0,,test
a9e01f40840d,DOG,include50,video,,include:clip:a9e01f40840d,data/external/include_pose/INCLUDE/Pose_Signs/Animals/1. Dog/MVI_3086.pkl,data/processed/landmarks/include50/DOG/a9e01f40840d.npz,83,0.0,0.0,0.6024,1.0,,test
5ebe27eb1bbd,DOG,include50,video,,include:clip:5ebe27eb1bbd,data/external/include_pose/INCLUDE/Pose_Signs/Animals/1. Dog/MVI_8560.pkl,data/processed/landmarks/include50/DOG/5ebe27eb1bbd.npz,83,0.0,0.0,0.4578,1.0,low_hand_detection,test
390a8a1a563f,DOG,include50,video,,include:clip:390a8a1a563f,data/external/include_pose/INCLUDE/Pose_Signs/Animals/1. Dog/MVI_2978.pkl,data/processed/landmarks/include50/DOG/390a8a1a563f.npz,117,0.0,0.0,0.8291,1.0,,test
e6a3796d01b5,DOG,include50,video,,include:clip:e6a3796d01b5,data/external/include_pose/INCLUDE/Pose_Signs/Animals/1. Dog/MVI_3087.pkl,data/processed/landmarks/include50/DOG/e6a3796d01b5.npz,75,0.0,0.0,0.6,1.0,,test
244307fd116f,DOG,include50,video,,include:clip:244307fd116f,data/external/include_pose/INCLUDE/Pose_Signs/Animals/1. Dog/MVI_2980.pkl,data/processed/landmarks/include50/DOG/244307fd116f.npz,89,0.0,0.0,0.9438,1.0,,test
8d0f2ce0a138,DOG,include50,video,,include:clip:8d0f2ce0a138,data/external/include_pose/INCLUDE/Pose_Signs/Animals/1. Dog/MVI_4147.pkl,data/processed/landmarks/include50/DOG/8d0f2ce0a138.npz,68,0.0,0.0,0.9706,1.0,,test
d2b37c775f1d,DOG,include50,video,,include:clip:d2b37c775f1d,data/external/include_pose/INCLUDE/Pose_Signs/Animals/1. Dog/MVI_3029.pkl,data/processed/landmarks/include50/DOG/d2b37c775f1d.npz,97,0.0,0.0,0.9691,1.0,,test
20e0befada09,FALL,include50,video,,include:clip:20e0befada09,data/external/include_pose/INCLUDE/Pose_Signs/Seasons/64. Fall/MVI_5435.pkl,data/processed/landmarks/include50/FALL/20e0befada09.npz,59,0.0,0.0,1.0,1.0,,test
0a247649374c,FALL,include50,video,,include:clip:0a247649374c,data/external/include_pose/INCLUDE/Pose_Signs/Seasons/64. Fall/MVI_9132.pkl,data/processed/landmarks/include50/FALL/0a247649374c.npz,68,0.0,0.0,1.0,1.0,,test
37e2aa6c2ecf,FALL,include50,video,,include:clip:37e2aa6c2ecf,data/external/include_pose/INCLUDE/Pose_Signs/Seasons/64. Fall/MVI_4578.pkl,data/processed/landmarks/include50/FALL/37e2aa6c2ecf.npz,57,0.0,0.0,1.0,1.0,,test
5d16dcc08645,FATHER,include50,video,,include:clip:5d16dcc08645,data/external/include_pose/INCLUDE/Pose_Signs/People/61. Father/MVI_5082.pkl,data/processed/landmarks/include50/FATHER/5d16dcc08645.npz,66,0.0,0.0,0.8939,1.0,,test
17d5234abb05,FATHER,include50,video,,include:clip:17d5234abb05,data/external/include_pose/INCLUDE/Pose_Signs/People/61. Father/MVI_5080.pkl,data/processed/landmarks/include50/FATHER/17d5234abb05.npz,58,0.0,0.0,0.931,1.0,,test
19280975d32c,GOOD_MORNING,include50,video,,include:clip:19280975d32c,data/external/include_pose/INCLUDE/Pose_Signs/Greetings/51. Good Morning/MVI_9971.pkl,data/processed/landmarks/include50/GOOD_MORNING/19280975d32c.npz,75,0.0,0.0,1.0,1.0,,test
275aba9b7fdc,GOOD_MORNING,include50,video,,include:clip:275aba9b7fdc,data/external/include_pose/INCLUDE/Pose_Signs/Greetings/51. Good Morning/MVI_9993.pkl,data/processed/landmarks/include50/GOOD_MORNING/275aba9b7fdc.npz,64,0.0,0.0,1.0,1.0,,test
24f452634e87,GOOD_MORNING,include50,video,,include:clip:24f452634e87,data/external/include_pose/INCLUDE/Pose_Signs/Greetings/51. Good Morning/MVI_9992.pkl,data/processed/landmarks/include50/GOOD_MORNING/24f452634e87.npz,58,0.0,0.0,1.0,1.0,,test
ea0885537339,GOOD_MORNING,include50,video,,include:clip:ea0885537339,data/external/include_pose/INCLUDE/Pose_Signs/Greetings/51. Good Morning/MVI_9969.pkl,data/processed/landmarks/include50/GOOD_MORNING/ea0885537339.npz,80,0.0,0.0,1.0,1.0,,test
3d10ff8f194c,RED,include50,video,,include:clip:3d10ff8f194c,data/external/include_pose/INCLUDE/Pose_Signs/Colours/47. Red/MVI_5186.pkl,data/processed/landmarks/include50/RED/3d10ff8f194c.npz,49,0.0,0.0,1.0,1.0,,test
893ce14a620f,RED,include50,video,,include:clip:893ce14a620f,data/external/include_pose/INCLUDE/Pose_Signs/Colours/47. Red/MVI_4898.pkl,data/processed/landmarks/include50/RED/893ce14a620f.npz,60,0.0,0.0,1.0,1.0,,test
426949ecdb22,SUMMER,include50,video,,include:clip:426949ecdb22,data/external/include_pose/INCLUDE/Pose_Signs/Seasons/61. Summer/MVI_9122.pkl,data/processed/landmarks/include50/SUMMER/426949ecdb22.npz,74,0.0,0.0,1.0,1.0,,test
510b917c199b,SUMMER,include50,video,,include:clip:510b917c199b,data/external/include_pose/INCLUDE/Pose_Signs/Seasons/61. Summer/MVI_4991.pkl,data/processed/landmarks/include50/SUMMER/510b917c199b.npz,61,0.0,0.0,1.0,1.0,,test
6acfca47d5a8,SUMMER,include50,video,,include:clip:6acfca47d5a8,data/external/include_pose/INCLUDE/Pose_Signs/Seasons/61. Summer/MVI_4568.pkl,data/processed/landmarks/include50/SUMMER/6acfca47d5a8.npz,80,0.0,0.0,0.8625,1.0,,test
0447b9bb062a,WHITE,include50,video,,include:clip:0447b9bb062a,data/external/include_pose/INCLUDE/Pose_Signs/Colours/55. White/MVI_5211.pkl,data/processed/landmarks/include50/WHITE/0447b9bb062a.npz,56,0.0,0.0,1.0,1.0,,test
1f16830a2942,LOUD,include50,video,,include:clip:1f16830a2942,data/external/include_pose/INCLUDE/Pose_Signs/Adjectives/1. loud/MVI_9369.pkl,data/processed/landmarks/include50/LOUD/1f16830a2942.npz,48,0.0,0.0,0.8958,1.0,,test
c7688bb945ad,LOUD,include50,video,,include:clip:c7688bb945ad,data/external/include_pose/INCLUDE/Pose_Signs/Adjectives/1. loud/MVI_9536.pkl,data/processed/landmarks/include50/LOUD/c7688bb945ad.npz,57,0.0,0.0,0.9825,1.0,,test
9ca8033ae6fa,LOUD,include50,video,,include:clip:9ca8033ae6fa,data/external/include_pose/INCLUDE/Pose_Signs/Adjectives/1. loud/MVI_5258.pkl,data/processed/landmarks/include50/LOUD/9ca8033ae6fa.npz,76,0.0,0.0,0.9605,1.0,,test
c10f3f6869ce,LOUD,include50,video,,include:clip:c10f3f6869ce,data/external/include_pose/INCLUDE/Pose_Signs/Adjectives/1. loud/MVI_5259.pkl,data/processed/landmarks/include50/LOUD/c10f3f6869ce.npz,64,0.0,0.0,0.9531,1.0,,test
4ef416796e93,LOUD,include50,video,,include:clip:4ef416796e93,data/external/include_pose/INCLUDE/Pose_Signs/Adjectives/1. loud/MVI_9289.pkl,data/processed/landmarks/include50/LOUD/4ef416796e93.npz,55,0.0,0.0,0.8727,1.0,,test
faf3e9fa7b6d,LOUD,include50,video,,include:clip:faf3e9fa7b6d,data/external/include_pose/INCLUDE/Pose_Signs/Adjectives/1. loud/MVI_5177.pkl,data/processed/landmarks/include50/LOUD/faf3e9fa7b6d.npz,56,0.0,0.0,1.0,1.0,,test
7989a242b973,QUIET,include50,video,,include:clip:7989a242b973,data/external/include_pose/INCLUDE/Pose_Signs/Adjectives/2. quiet/MVI_5180.pkl,data/processed/landmarks/include50/QUIET/7989a242b973.npz,68,0.0,0.0,1.0,1.0,,test
158e85e24ca4,QUIET,include50,video,,include:clip:158e85e24ca4,data/external/include_pose/INCLUDE/Pose_Signs/Adjectives/2. quiet/MVI_9539.pkl,data/processed/landmarks/include50/QUIET/158e85e24ca4.npz,65,0.0,0.0,1.0,1.0,,test
b4f0bbe54d49,QUIET,include50,video,,include:clip:b4f0bbe54d49,data/external/include_pose/INCLUDE/Pose_Signs/Adjectives/2. quiet/MVI_9372.pkl,data/processed/landmarks/include50/QUIET/b4f0bbe54d49.npz,47,0.0,0.0,1.0,1.0,,test
c507c50cf606,HAPPY,include50,video,,include:clip:c507c50cf606,data/external/include_pose/INCLUDE/Pose_Signs/Adjectives/3. happy/MVI_5183.pkl,data/processed/landmarks/include50/HAPPY/c507c50cf606.npz,71,0.0,0.0,0.9437,1.0,,test
eee009e32d4c,HAPPY,include50,video,,include:clip:eee009e32d4c,data/external/include_pose/INCLUDE/Pose_Signs/Adjectives/3. happy/MVI_9297.pkl,data/processed/landmarks/include50/HAPPY/eee009e32d4c.npz,48,0.0,0.0,0.8542,1.0,,test
a7187cfb373c,HAPPY,include50,video,,include:clip:a7187cfb373c,data/external/include_pose/INCLUDE/Pose_Signs/Adjectives/3. happy/MVI_5263.pkl,data/processed/landmarks/include50/HAPPY/a7187cfb373c.npz,53,0.0,0.0,0.9057,1.0,,test
5917fbac7827,LONG,include50,video,,include:clip:5917fbac7827,data/external/include_pose/INCLUDE/Pose_Signs/Adjectives/78. long/MVI_9219.pkl,data/processed/landmarks/include50/LONG/5917fbac7827.npz,53,0.0,0.0,0.8491,1.0,,test
d43861696b50,LONG,include50,video,,include:clip:d43861696b50,data/external/include_pose/INCLUDE/Pose_Signs/Adjectives/78. long/MVI_9379.pkl,data/processed/landmarks/include50/LONG/d43861696b50.npz,52,0.0,0.0,0.9808,1.0,,test
9b4db3960e90,LONG,include50,video,,include:clip:9b4db3960e90,data/external/include_pose/INCLUDE/Pose_Signs/Adjectives/78. long/MVI_5268.pkl,data/processed/landmarks/include50/LONG/9b4db3960e90.npz,60,0.0,0.0,1.0,1.0,,test
96b8ea4f7211,LONG,include50,video,,include:clip:96b8ea4f7211,data/external/include_pose/INCLUDE/Pose_Signs/Adjectives/78. long/MVI_5106.pkl,data/processed/landmarks/include50/LONG/96b8ea4f7211.npz,68,0.0,0.0,0.9412,1.0,,test
2e5b7705a047,LONG,include50,video,,include:clip:2e5b7705a047,data/external/include_pose/INCLUDE/Pose_Signs/Adjectives/78. long/MVI_9300.pkl,data/processed/landmarks/include50/LONG/2e5b7705a047.npz,56,0.0,0.0,0.9821,1.0,,test
30b43ab53fc4,LONG,include50,video,,include:clip:30b43ab53fc4,data/external/include_pose/INCLUDE/Pose_Signs/Adjectives/78. long/MVI_9377.pkl,data/processed/landmarks/include50/LONG/30b43ab53fc4.npz,53,0.0,0.0,0.9811,1.0,,test
dac458a42d16,SHORT,include50,video,,include:clip:dac458a42d16,data/external/include_pose/INCLUDE/Pose_Signs/Adjectives/79. short/MVI_5191.pkl,data/processed/landmarks/include50/SHORT/dac458a42d16.npz,64,0.0,0.0,0.9062,1.0,,test
24ddbb77c7fa,SHORT,include50,video,,include:clip:24ddbb77c7fa,data/external/include_pose/INCLUDE/Pose_Signs/Adjectives/79. short/MVI_9220.pkl,data/processed/landmarks/include50/SHORT/24ddbb77c7fa.npz,49,0.0,0.0,0.8163,1.0,,test
f9f31efd3ba1,SHORT,include50,video,,include:clip:f9f31efd3ba1,data/external/include_pose/INCLUDE/Pose_Signs/Adjectives/79. short/MVI_9222.pkl,data/processed/landmarks/include50/SHORT/f9f31efd3ba1.npz,49,0.0,0.0,0.8571,1.0,,test
6767f77a2e51,SHORT,include50,video,,include:clip:6767f77a2e51,data/external/include_pose/INCLUDE/Pose_Signs/Adjectives/79. short/MVI_9462.pkl,data/processed/landmarks/include50/SHORT/6767f77a2e51.npz,54,0.0,0.0,0.9074,1.0,,test
d65d204e87ce,SHORT,include50,video,,include:clip:d65d204e87ce,data/external/include_pose/INCLUDE/Pose_Signs/Adjectives/79. short/MVI_5271.pkl,data/processed/landmarks/include50/SHORT/d65d204e87ce.npz,52,0.0,0.0,0.9615,1.0,,test
7849924f37f1,SHORT,include50,video,,include:clip:7849924f37f1,data/external/include_pose/INCLUDE/Pose_Signs/Adjectives/79. short/MVI_9303.pkl,data/processed/landmarks/include50/SHORT/7849924f37f1.npz,49,0.0,0.0,0.8776,1.0,,test
19f764f8dd5d,BIG_LARGE,include50,video,,include:clip:19f764f8dd5d,data/external/include_pose/INCLUDE/Pose_Signs/Adjectives/83. big large/MVI_9395.pkl,data/processed/landmarks/include50/BIG_LARGE/19f764f8dd5d.npz,57,0.0,0.0,0.9123,1.0,,test
2ed75e5e5dcb,BIG_LARGE,include50,video,,include:clip:2ed75e5e5dcb,data/external/include_pose/INCLUDE/Pose_Signs/Adjectives/83. big large/MVI_5283.pkl,data/processed/landmarks/include50/BIG_LARGE/2ed75e5e5dcb.npz,57,0.0,0.0,0.8596,1.0,,test
dd8fe0e12efe,BIG_LARGE,include50,video,,include:clip:dd8fe0e12efe,data/external/include_pose/INCLUDE/Pose_Signs/Adjectives/83. big large/MVI_9475.pkl,data/processed/landmarks/include50/BIG_LARGE/dd8fe0e12efe.npz,54,0.0,0.0,0.9074,1.0,,test
ea22f52ed380,BIG_LARGE,include50,video,,include:clip:ea22f52ed380,data/external/include_pose/INCLUDE/Pose_Signs/Adjectives/83. big large/MVI_5203.pkl,data/processed/landmarks/include50/BIG_LARGE/ea22f52ed380.npz,65,0.0,0.0,0.9385,1.0,,test
9fbd824bf30d,SMALL_LITTLE,include50,video,,include:clip:9fbd824bf30d,data/external/include_pose/INCLUDE/Pose_Signs/Adjectives/84. small little/MVI_9397.pkl,data/processed/landmarks/include50/SMALL_LITTLE/9fbd824bf30d.npz,51,0.0,0.0,0.902,1.0,,test
fcc4543c93b2,SMALL_LITTLE,include50,video,,include:clip:fcc4543c93b2,data/external/include_pose/INCLUDE/Pose_Signs/Adjectives/84. small little/MVI_5127.pkl,data/processed/landmarks/include50/SMALL_LITTLE/fcc4543c93b2.npz,80,0.0,0.0,0.9625,1.0,,test
c89e78d90637,SMALL_LITTLE,include50,video,,include:clip:c89e78d90637,data/external/include_pose/INCLUDE/Pose_Signs/Adjectives/84. small little/MVI_9320.pkl,data/processed/landmarks/include50/SMALL_LITTLE/c89e78d90637.npz,52,0.0,0.0,0.7885,1.0,,test
2101bfd44bd8,SMALL_LITTLE,include50,video,,include:clip:2101bfd44bd8,data/external/include_pose/INCLUDE/Pose_Signs/Adjectives/84. small little/MVI_5206.pkl,data/processed/landmarks/include50/SMALL_LITTLE/2101bfd44bd8.npz,53,0.0,0.0,0.9623,1.0,,test
9702ffb34ce7,HOT,include50,video,,include:clip:9702ffb34ce7,data/external/include_pose/INCLUDE/Pose_Signs/Adjectives/87. hot/MVI_9408.pkl,data/processed/landmarks/include50/HOT/9702ffb34ce7.npz,63,0.0,0.0,0.8889,1.0,,test
0c780937757d,HOT,include50,video,,include:clip:0c780937757d,data/external/include_pose/INCLUDE/Pose_Signs/Adjectives/87. hot/MVI_9487.pkl,data/processed/landmarks/include50/HOT/0c780937757d.npz,63,0.0,0.0,0.9683,1.0,,test
49d6e8b6c0ea,HOT,include50,video,,include:clip:49d6e8b6c0ea,data/external/include_pose/INCLUDE/Pose_Signs/Adjectives/87. hot/MVI_9489.pkl,data/processed/landmarks/include50/HOT/49d6e8b6c0ea.npz,62,0.0,0.0,0.9355,1.0,,test
10a775145989,HOT,include50,video,,include:clip:10a775145989,data/external/include_pose/INCLUDE/Pose_Signs/Adjectives/87. hot/MVI_9329.pkl,data/processed/landmarks/include50/HOT/10a775145989.npz,53,0.0,0.0,0.8679,1.0,,test
0bc30fa90293,HOT,include50,video,,include:clip:0bc30fa90293,data/external/include_pose/INCLUDE/Pose_Signs/Adjectives/87. hot/MVI_9248.pkl,data/processed/landmarks/include50/HOT/0bc30fa90293.npz,48,0.0,0.0,0.875,1.0,,test
8c45eae121e8,HOT,include50,video,,include:clip:8c45eae121e8,data/external/include_pose/INCLUDE/Pose_Signs/Adjectives/87. hot/MVI_5216.pkl,data/processed/landmarks/include50/HOT/8c45eae121e8.npz,57,0.0,0.0,0.9825,1.0,,test
5f5b3f4c0227,NEW,include50,video,,include:clip:5f5b3f4c0227,data/external/include_pose/INCLUDE/Pose_Signs/Adjectives/91. new/MVI_5150.pkl,data/processed/landmarks/include50/NEW/5f5b3f4c0227.npz,64,0.0,0.0,1.0,1.0,,test
80b5c9d398cc,NEW,include50,video,,include:clip:80b5c9d398cc,data/external/include_pose/INCLUDE/Pose_Signs/Adjectives/91. new/MVI_5230.pkl,data/processed/landmarks/include50/NEW/80b5c9d398cc.npz,57,0.0,0.0,1.0,1.0,,test
763680d5a775,NEW,include50,video,,include:clip:763680d5a775,data/external/include_pose/INCLUDE/Pose_Signs/Adjectives/91. new/MVI_9501.pkl,data/processed/landmarks/include50/NEW/763680d5a775.npz,49,0.0,0.0,1.0,1.0,,test
d95de985455f,GOOD,include50,video,,include:clip:d95de985455f,data/external/include_pose/INCLUDE/Pose_Signs/Adjectives/94. good/MVI_9430.pkl,data/processed/landmarks/include50/GOOD/d95de985455f.npz,67,0.0,0.0,0.9851,1.0,,test
3b29f3ba47d2,GOOD,include50,video,,include:clip:3b29f3ba47d2,data/external/include_pose/INCLUDE/Pose_Signs/Adjectives/94. good/MVI_5158.pkl,data/processed/landmarks/include50/GOOD/3b29f3ba47d2.npz,73,0.0,0.0,1.0,1.0,,test
2ca4d8ee745e,GOOD,include50,video,,include:clip:2ca4d8ee745e,data/external/include_pose/INCLUDE/Pose_Signs/Adjectives/94. good/MVI_5239.pkl,data/processed/landmarks/include50/GOOD/2ca4d8ee745e.npz,56,0.0,0.0,1.0,1.0,,test
da5974da048f,COW,include50,video,,include:clip:da5974da048f,data/external/include_pose/INCLUDE/Pose_Signs/Animals/5. Cow/MVI_3016.pkl,data/processed/landmarks/include50/COW/da5974da048f.npz,100,0.0,0.0,0.98,1.0,,test
62d1f600eaf0,COW,include50,video,,include:clip:62d1f600eaf0,data/external/include_pose/INCLUDE/Pose_Signs/Animals/5. Cow/MVI_3073.pkl,data/processed/landmarks/include50/COW/62d1f600eaf0.npz,87,0.0,0.0,0.9195,1.0,,test
357a007be22e,COW,include50,video,,include:clip:357a007be22e,data/external/include_pose/INCLUDE/Pose_Signs/Animals/5. Cow/MVI_3048.pkl,data/processed/landmarks/include50/COW/357a007be22e.npz,123,0.0,0.0,0.9756,1.0,,test
7f2b7b0ea0ad,HAT,include50,video,,include:clip:7f2b7b0ea0ad,data/external/include_pose/INCLUDE/Pose_Signs/Clothes/37. Hat/MVI_8600.pkl,data/processed/landmarks/include50/HAT/7f2b7b0ea0ad.npz,51,0.0,0.0,0.9216,1.0,,test
419e409a1258,HAT,include50,video,,include:clip:419e409a1258,data/external/include_pose/INCLUDE/Pose_Signs/Clothes/37. Hat/MVI_5156.pkl,data/processed/landmarks/include50/HAT/419e409a1258.npz,51,0.0,0.0,1.0,1.0,,test
96bcfa62979f,HAT,include50,video,,include:clip:96bcfa62979f,data/external/include_pose/INCLUDE/Pose_Signs/Clothes/37. Hat/MVI_5155.pkl,data/processed/landmarks/include50/HAT/96bcfa62979f.npz,61,0.0,0.0,1.0,1.0,,test
2dcda3b042e6,HAT,include50,video,,include:clip:2dcda3b042e6,data/external/include_pose/INCLUDE/Pose_Signs/Clothes/37. Hat/MVI_3984.pkl,data/processed/landmarks/include50/HAT/2dcda3b042e6.npz,57,0.0,0.0,1.0,1.0,,test
2d422ef9dbda,HAT,include50,video,,include:clip:2d422ef9dbda,data/external/include_pose/INCLUDE/Pose_Signs/Clothes/37. Hat/MVI_3836.pkl,data/processed/landmarks/include50/HAT/2d422ef9dbda.npz,44,0.0,0.0,1.0,1.0,,test
8f55f8ad2b41,HAT,include50,video,,include:clip:8f55f8ad2b41,data/external/include_pose/INCLUDE/Pose_Signs/Clothes/37. Hat/MVI_4865.pkl,data/processed/landmarks/include50/HAT/8f55f8ad2b41.npz,78,0.0,0.0,1.0,1.0,,test
ce06a9077f08,T_SHIRT,include50,video,,include:clip:ce06a9077f08,data/external/include_pose/INCLUDE/Pose_Signs/Clothes/42. T-Shirt/MVI_4004.pkl,data/processed/landmarks/include50/T_SHIRT/ce06a9077f08.npz,81,0.0,0.0,0.8765,1.0,,test
ff4e404ed6fd,T_SHIRT,include50,video,,include:clip:ff4e404ed6fd,data/external/include_pose/INCLUDE/Pose_Signs/Clothes/42. T-Shirt/MVI_3852.pkl,data/processed/landmarks/include50/T_SHIRT/ff4e404ed6fd.npz,92,0.0,0.0,0.9674,1.0,,test
85cf3d4fe0eb,T_SHIRT,include50,video,,include:clip:85cf3d4fe0eb,data/external/include_pose/INCLUDE/Pose_Signs/Clothes/42. T-Shirt/MVI_3704.pkl,data/processed/landmarks/include50/T_SHIRT/85cf3d4fe0eb.npz,84,0.0,0.0,0.9643,1.0,,test
d7dd8214d8ee,SHOES,include50,video,,include:clip:d7dd8214d8ee,data/external/include_pose/INCLUDE/Pose_Signs/Clothes/44. Shoes/MVI_3858.pkl,data/processed/landmarks/include50/SHOES/d7dd8214d8ee.npz,92,0.0,0.0,0.9783,1.0,,test
8bfa07e31cce,SHOES,include50,video,,include:clip:8bfa07e31cce,data/external/include_pose/INCLUDE/Pose_Signs/Clothes/44. Shoes/MVI_4010.pkl,data/processed/landmarks/include50/SHOES/8bfa07e31cce.npz,75,0.0,0.0,0.9467,1.0,,test
c134e38cb310,SHOES,include50,video,,include:clip:c134e38cb310,data/external/include_pose/INCLUDE/Pose_Signs/Clothes/44. Shoes/MVI_4889.pkl,data/processed/landmarks/include50/SHOES/c134e38cb310.npz,74,0.0,0.0,1.0,1.0,,test
9af98472a576,SHOES,include50,video,,include:clip:9af98472a576,data/external/include_pose/INCLUDE/Pose_Signs/Clothes/44. Shoes/MVI_5029.pkl,data/processed/landmarks/include50/SHOES/9af98472a576.npz,69,0.0,0.0,0.9275,1.0,,test
151cc868850b,MONDAY,include50,video,,include:clip:151cc868850b,data/external/include_pose/INCLUDE/Pose_Signs/Days_and_Time/67. Monday/MVI_5447.pkl,data/processed/landmarks/include50/MONDAY/151cc868850b.npz,53,0.0,0.0,0.9434,1.0,,test
51ee267deb30,MONDAY,include50,video,,include:clip:51ee267deb30,data/external/include_pose/INCLUDE/Pose_Signs/Days_and_Time/67. Monday/MVI_4593.pkl,data/processed/landmarks/include50/MONDAY/51ee267deb30.npz,60,0.0,0.0,0.8833,1.0,,test
5ccd79c54a0c,YEAR,include50,video,,include:clip:5ccd79c54a0c,data/external/include_pose/INCLUDE/Pose_Signs/Days_and_Time/78. Year/MVI_5494.pkl,data/processed/landmarks/include50/YEAR/5ccd79c54a0c.npz,46,0.0,0.0,0.9783,1.0,,test
dfe72a80db03,YEAR,include50,video,,include:clip:dfe72a80db03,data/external/include_pose/INCLUDE/Pose_Signs/Days_and_Time/78. Year/MVI_4638.pkl,data/processed/landmarks/include50/YEAR/dfe72a80db03.npz,51,0.0,0.0,0.9216,1.0,,test
ee9d1ff2eeaf,YEAR,include50,video,,include:clip:ee9d1ff2eeaf,data/external/include_pose/INCLUDE/Pose_Signs/Days_and_Time/78. Year/MVI_4635.pkl,data/processed/landmarks/include50/YEAR/ee9d1ff2eeaf.npz,56,0.0,0.0,0.8571,1.0,,test
f9af8bb2bf97,YEAR,include50,video,,include:clip:f9af8bb2bf97,data/external/include_pose/INCLUDE/Pose_Signs/Days_and_Time/78. Year/MVI_4637.pkl,data/processed/landmarks/include50/YEAR/f9af8bb2bf97.npz,50,0.0,0.0,0.92,1.0,,test
f8568e5ced53,YEAR,include50,video,,include:clip:f8568e5ced53,data/external/include_pose/INCLUDE/Pose_Signs/Days_and_Time/78. Year/MVI_4636.pkl,data/processed/landmarks/include50/YEAR/f8568e5ced53.npz,53,0.0,0.0,0.8868,1.0,,test
2dc45d1689b2,YEAR,include50,video,,include:clip:2dc45d1689b2,data/external/include_pose/INCLUDE/Pose_Signs/Days_and_Time/78. Year/MVI_5049.pkl,data/processed/landmarks/include50/YEAR/2dc45d1689b2.npz,51,0.0,0.0,0.8431,1.0,,test
9f52ef6acf1e,YEAR,include50,video,,include:clip:9f52ef6acf1e,data/external/include_pose/INCLUDE/Pose_Signs/Days_and_Time/78. Year/MVI_9177.pkl,data/processed/landmarks/include50/YEAR/9f52ef6acf1e.npz,57,0.0,0.0,0.9298,1.0,,test
6da91412a407,TIME,include50,video,,include:clip:6da91412a407,data/external/include_pose/INCLUDE/Pose_Signs/Days_and_Time/86. Time/MVI_5525.pkl,data/processed/landmarks/include50/TIME/6da91412a407.npz,42,0.0,0.0,0.9762,1.0,,test
719ff921c4cb,TIME,include50,video,,include:clip:719ff921c4cb,data/external/include_pose/INCLUDE/Pose_Signs/Days_and_Time/86. Time/MVI_5527.pkl,data/processed/landmarks/include50/TIME/719ff921c4cb.npz,41,0.0,0.0,0.9756,1.0,,test
c2a24c957798,TIME,include50,video,,include:clip:c2a24c957798,data/external/include_pose/INCLUDE/Pose_Signs/Days_and_Time/86. Time/MVI_5077.pkl,data/processed/landmarks/include50/TIME/c2a24c957798.npz,45,0.0,0.0,0.8667,1.0,,test
cccdcd369853,FAN,include50,video,,include:clip:cccdcd369853,data/external/include_pose/INCLUDE/Pose_Signs/Electronics/53. Fan/MVI_5387.pkl,data/processed/landmarks/include50/FAN/cccdcd369853.npz,56,0.0,0.0,1.0,1.0,,test
5d1264c2e940,FAN,include50,video,,include:clip:5d1264c2e940,data/external/include_pose/INCLUDE/Pose_Signs/Electronics/53. Fan/MVI_4535.pkl,data/processed/landmarks/include50/FAN/5d1264c2e940.npz,58,0.0,0.0,0.9138,1.0,,test
d1c46f7e88f1,FAN,include50,video,,include:clip:d1c46f7e88f1,data/external/include_pose/INCLUDE/Pose_Signs/Electronics/53. Fan/MVI_5388.pkl,data/processed/landmarks/include50/FAN/d1c46f7e88f1.npz,53,0.0,0.0,1.0,1.0,,test
2ce930e99242,CELL_PHONE,include50,video,,include:clip:2ce930e99242,data/external/include_pose/INCLUDE/Pose_Signs/Electronics/54. Cell phone/MVI_5393.pkl,data/processed/landmarks/include50/CELL_PHONE/2ce930e99242.npz,53,0.0,0.0,1.0,1.0,,test
533c882b50c8,CELL_PHONE,include50,video,,include:clip:533c882b50c8,data/external/include_pose/INCLUDE/Pose_Signs/Electronics/54. Cell phone/MVI_4969.pkl,data/processed/landmarks/include50/CELL_PHONE/533c882b50c8.npz,68,0.0,0.0,1.0,1.0,,test
e9bd4e3599a4,CELL_PHONE,include50,video,,include:clip:e9bd4e3599a4,data/external/include_pose/INCLUDE/Pose_Signs/Electronics/54. Cell phone/MVI_4967.pkl,data/processed/landmarks/include50/CELL_PHONE/e9bd4e3599a4.npz,55,0.0,0.0,1.0,1.0,,test
d220e5189fe7,CELL_PHONE,include50,video,,include:clip:d220e5189fe7,data/external/include_pose/INCLUDE/Pose_Signs/Electronics/54. Cell phone/MVI_4537.pkl,data/processed/landmarks/include50/CELL_PHONE/d220e5189fe7.npz,48,0.0,0.0,1.0,1.0,,test
3765133b1906,HELLO,include50,video,,include:clip:3765133b1906,data/external/include_pose/INCLUDE/Pose_Signs/Greetings/48. Hello/MVI_0029.pkl,data/processed/landmarks/include50/HELLO/3765133b1906.npz,63,0.0,0.0,1.0,1.0,,test
418cc0265319,HELLO,include50,video,,include:clip:418cc0265319,data/external/include_pose/INCLUDE/Pose_Signs/Greetings/48. Hello/MVI_9915.pkl,data/processed/landmarks/include50/HELLO/418cc0265319.npz,52,0.0,0.0,1.0,1.0,,test
a83106c7f920,HELLO,include50,video,,include:clip:a83106c7f920,data/external/include_pose/INCLUDE/Pose_Signs/Greetings/48. Hello/MVI_0091.pkl,data/processed/landmarks/include50/HELLO/a83106c7f920.npz,80,0.0,0.0,1.0,1.0,,test
e5edfe55cdef,HELLO,include50,video,,include:clip:e5edfe55cdef,data/external/include_pose/INCLUDE/Pose_Signs/Greetings/48. Hello/MVI_9957.pkl,data/processed/landmarks/include50/HELLO/e5edfe55cdef.npz,79,0.0,0.0,1.0,1.0,,test
25fb785e114c,HELLO,include50,video,,include:clip:25fb785e114c,data/external/include_pose/INCLUDE/Pose_Signs/Greetings/48. Hello/MVI_0030.pkl,data/processed/landmarks/include50/HELLO/25fb785e114c.npz,74,0.0,0.0,1.0,1.0,,test
c9279ad5db99,HELLO,include50,video,,include:clip:c9279ad5db99,data/external/include_pose/INCLUDE/Pose_Signs/Greetings/48. Hello/MVI_9982.pkl,data/processed/landmarks/include50/HELLO/c9279ad5db99.npz,51,0.0,0.0,1.0,1.0,,test
9f5ecb34151c,HELLO,include50,video,,include:clip:9f5ecb34151c,data/external/include_pose/INCLUDE/Pose_Signs/Greetings/48. Hello/MVI_0031.pkl,data/processed/landmarks/include50/HELLO/9f5ecb34151c.npz,65,0.0,0.0,1.0,1.0,,test
7a2cd626fee1,THANK_YOU,include50,video,,include:clip:7a2cd626fee1,data/external/include_pose/INCLUDE/Pose_Signs/Greetings/55. Thank you/MVI_0006.pkl,data/processed/landmarks/include50/THANK_YOU/7a2cd626fee1.npz,53,0.0,0.0,0.9245,1.0,,test
e7e2b57802e1,THANK_YOU,include50,video,,include:clip:e7e2b57802e1,data/external/include_pose/INCLUDE/Pose_Signs/Greetings/55. Thank you/MVI_9948.pkl,data/processed/landmarks/include50/THANK_YOU/e7e2b57802e1.npz,53,0.0,0.0,0.9245,1.0,,test
7c04c0104c2e,THANK_YOU,include50,video,,include:clip:7c04c0104c2e,data/external/include_pose/INCLUDE/Pose_Signs/Greetings/55. Thank you/MVI_0113.pkl,data/processed/landmarks/include50/THANK_YOU/7c04c0104c2e.npz,79,0.0,0.0,0.9114,1.0,,test
87337bdb4885,THANK_YOU,include50,video,,include:clip:87337bdb4885,data/external/include_pose/INCLUDE/Pose_Signs/Greetings/55. Thank you/MVI_9987.pkl,data/processed/landmarks/include50/THANK_YOU/87337bdb4885.npz,63,0.0,0.0,0.9365,1.0,,test
cbc9ce672304,THANK_YOU,include50,video,,include:clip:cbc9ce672304,data/external/include_pose/INCLUDE/Pose_Signs/Greetings/55. Thank you/MVI_9951.pkl,data/processed/landmarks/include50/THANK_YOU/cbc9ce672304.npz,54,0.0,0.0,0.8704,1.0,,test
2d32e87a83c4,THANK_YOU,include50,video,,include:clip:2d32e87a83c4,data/external/include_pose/INCLUDE/Pose_Signs/Greetings/55. Thank you/MVI_9984.pkl,data/processed/landmarks/include50/THANK_YOU/2d32e87a83c4.npz,61,0.0,0.0,0.918,1.0,,test
f7db206f8ae0,THANK_YOU,include50,video,,include:clip:f7db206f8ae0,data/external/include_pose/INCLUDE/Pose_Signs/Greetings/55. Thank you/MVI_0060_.pkl,data/processed/landmarks/include50/THANK_YOU/f7db206f8ae0.npz,81,0.0,0.0,0.9506,1.0,,test
7859b09c7b6f,WINDOW,include50,video,,include:clip:7859b09c7b6f,data/external/include_pose/INCLUDE/Pose_Signs/Home/28. Window/MVI_4363.pkl,data/processed/landmarks/include50/WINDOW/7859b09c7b6f.npz,70,0.0,0.0,0.8857,1.0,,test
baa72ba887cc,WINDOW,include50,video,,include:clip:baa72ba887cc,data/external/include_pose/INCLUDE/Pose_Signs/Home/28. Window/MVI_9015.pkl,data/processed/landmarks/include50/WINDOW/baa72ba887cc.npz,85,0.0,0.0,0.9059,1.0,,test
eadf1290803c,WINDOW,include50,video,,include:clip:eadf1290803c,data/external/include_pose/INCLUDE/Pose_Signs/Home/28. Window/MVI_8768.pkl,data/processed/landmarks/include50/WINDOW/eadf1290803c.npz,104,0.0,0.0,0.8173,1.0,,test
ac5d6dc4e973,PEN,include50,video,,include:clip:ac5d6dc4e973,data/external/include_pose/INCLUDE/Pose_Signs/Home/34. Pen/MVI_4906.pkl,data/processed/landmarks/include50/PEN/ac5d6dc4e973.npz,52,0.0,0.0,1.0,1.0,,test
e1f89431d05e,PEN,include50,video,,include:clip:e1f89431d05e,data/external/include_pose/INCLUDE/Pose_Signs/Home/34. Pen/MVI_8793.pkl,data/processed/landmarks/include50/PEN/e1f89431d05e.npz,69,0.0,0.0,0.5072,1.0,,test
78c50e8510d1,PAINT,include50,video,,include:clip:78c50e8510d1,data/external/include_pose/INCLUDE/Pose_Signs/Home/40. Paint/MVI_8821.pkl,data/processed/landmarks/include50/PAINT/78c50e8510d1.npz,73,0.0,0.0,0.6027,1.0,,test
9cebab536667,PAINT,include50,video,,include:clip:9cebab536667,data/external/include_pose/INCLUDE/Pose_Signs/Home/40. Paint/MVI_4415.pkl,data/processed/landmarks/include50/PAINT/9cebab536667.npz,58,0.0,0.0,0.9483,1.0,,test
191a6e4ed80a,PAINT,include50,video,,include:clip:191a6e4ed80a,data/external/include_pose/INCLUDE/Pose_Signs/Home/40. Paint/MVI_8817.pkl,data/processed/landmarks/include50/PAINT/191a6e4ed80a.npz,76,0.0,0.0,0.6184,1.0,,test
95a1174fc13c,TEACHER,include50,video,,include:clip:95a1174fc13c,data/external/include_pose/INCLUDE/Pose_Signs/Jobs/84. Teacher/MVI_4460.pkl,data/processed/landmarks/include50/TEACHER/95a1174fc13c.npz,68,0.0,0.0,0.8676,1.0,,test
2d2d3826ce32,TEACHER,include50,video,,include:clip:2d2d3826ce32,data/external/include_pose/INCLUDE/Pose_Signs/Jobs/84. Teacher/MVI_5313.pkl,data/processed/landmarks/include50/TEACHER/2d2d3826ce32.npz,55,0.0,0.0,0.9818,1.0,,test
bd8a404997e1,TEACHER,include50,video,,include:clip:bd8a404997e1,data/external/include_pose/INCLUDE/Pose_Signs/Jobs/84. Teacher/MVI_4457.pkl,data/processed/landmarks/include50/TEACHER/bd8a404997e1.npz,67,0.0,0.0,0.806,1.0,,test
70b77fcb41de,PRIEST,include50,video,,include:clip:70b77fcb41de,data/external/include_pose/INCLUDE/Pose_Signs/Jobs/91. Priest/MVI_4772.pkl,data/processed/landmarks/include50/PRIEST/70b77fcb41de.npz,49,0.0,0.0,1.0,1.0,,test
0a16d69afcdd,TRAIN_TICKET,include50,video,,include:clip:0a16d69afcdd,data/external/include_pose/INCLUDE/Pose_Signs/Means_of_Transportation/16. train ticket/MVI_3253.pkl,data/processed/landmarks/include50/TRAIN_TICKET/0a16d69afcdd.npz,76,0.0,0.0,0.9605,1.0,,test
8d6336c898f4,TRAIN_TICKET,include50,video,,include:clip:8d6336c898f4,data/external/include_pose/INCLUDE/Pose_Signs/Means_of_Transportation/16. train ticket/MVI_3132.pkl,data/processed/landmarks/include50/TRAIN_TICKET/8d6336c898f4.npz,88,0.0,0.0,0.9091,1.0,,test
fe6fbed0e64e,TRAIN_TICKET,include50,video,,include:clip:fe6fbed0e64e,data/external/include_pose/INCLUDE/Pose_Signs/Means_of_Transportation/16. train ticket/MVI_3225.pkl,data/processed/landmarks/include50/TRAIN_TICKET/fe6fbed0e64e.npz,98,0.0,0.0,0.9796,1.0,,test
0309dbddb4ce,TRAIN_TICKET,include50,video,,include:clip:0309dbddb4ce,data/external/include_pose/INCLUDE/Pose_Signs/Means_of_Transportation/16. train ticket/MVI_3197.pkl,data/processed/landmarks/include50/TRAIN_TICKET/0309dbddb4ce.npz,102,0.0,0.0,0.9804,1.0,,test
370bdc0751a6,TRAIN_TICKET,include50,video,,include:clip:370bdc0751a6,data/external/include_pose/INCLUDE/Pose_Signs/Means_of_Transportation/16. train ticket/MVI_3195.pkl,data/processed/landmarks/include50/TRAIN_TICKET/370bdc0751a6.npz,100,0.0,0.0,0.96,1.0,,test
13f6f3e291e4,TRAIN_TICKET,include50,video,,include:clip:13f6f3e291e4,data/external/include_pose/INCLUDE/Pose_Signs/Means_of_Transportation/16. train ticket/MVI_4193.pkl,data/processed/landmarks/include50/TRAIN_TICKET/13f6f3e291e4.npz,76,0.0,0.0,0.9737,1.0,,test
db3d40a55df5,TRAIN_TICKET,include50,video,,include:clip:db3d40a55df5,data/external/include_pose/INCLUDE/Pose_Signs/Means_of_Transportation/16. train ticket/MVI_3163.pkl,data/processed/landmarks/include50/TRAIN_TICKET/db3d40a55df5.npz,88,0.0,0.0,0.8409,1.0,,test
0aa0068f6966,TRAIN_TICKET,include50,video,,include:clip:0aa0068f6966,data/external/include_pose/INCLUDE/Pose_Signs/Means_of_Transportation/16. train ticket/MVI_8597.pkl,data/processed/landmarks/include50/TRAIN_TICKET/0aa0068f6966.npz,87,0.0,0.0,0.8736,1.0,,test
a421bdf2db77,BROTHER,include50,video,,include:clip:a421bdf2db77,data/external/include_pose/INCLUDE/Pose_Signs/People/66. Brother/MVI_4077.pkl,data/processed/landmarks/include50/BROTHER/a421bdf2db77.npz,53,0.0,0.0,1.0,1.0,,test
7172faaf538f,BROTHER,include50,video,,include:clip:7172faaf538f,data/external/include_pose/INCLUDE/Pose_Signs/People/66. Brother/MVI_3929.pkl,data/processed/landmarks/include50/BROTHER/7172faaf538f.npz,72,0.0,0.0,1.0,1.0,,test
4da6a87cf8c6,BROTHER,include50,video,,include:clip:4da6a87cf8c6,data/external/include_pose/INCLUDE/Pose_Signs/People/66. Brother/MVI_5097.pkl,data/processed/landmarks/include50/BROTHER/4da6a87cf8c6.npz,67,0.0,0.0,0.9701,1.0,,test
bf6d6701c38d,BROTHER,include50,video,,include:clip:bf6d6701c38d,data/external/include_pose/INCLUDE/Pose_Signs/People/66. Brother/MVI_3779.pkl,data/processed/landmarks/include50/BROTHER/bf6d6701c38d.npz,57,0.0,0.0,1.0,1.0,,test
3b3c257042e7,BROTHER,include50,video,,include:clip:3b3c257042e7,data/external/include_pose/INCLUDE/Pose_Signs/People/66. Brother/MVI_3927.pkl,data/processed/landmarks/include50/BROTHER/3b3c257042e7.npz,83,0.0,0.0,1.0,1.0,,test
7005bf65a611,BOY,include50,video,,include:clip:7005bf65a611,data/external/include_pose/INCLUDE/Pose_Signs/People/77. Boy/MVI_4111.pkl,data/processed/landmarks/include50/BOY/7005bf65a611.npz,63,0.0,0.0,1.0,1.0,,test
1e454953cabd,BOY,include50,video,,include:clip:1e454953cabd,data/external/include_pose/INCLUDE/Pose_Signs/People/77. Boy/MVI_5287.pkl,data/processed/landmarks/include50/BOY/1e454953cabd.npz,52,0.0,0.0,1.0,1.0,,test
0453150c253c,BOY,include50,video,,include:clip:0453150c253c,data/external/include_pose/INCLUDE/Pose_Signs/People/77. Boy/MVI_5134.pkl,data/processed/landmarks/include50/BOY/0453150c253c.npz,60,0.0,0.0,1.0,1.0,,test
3e2d7de2a2fd,BOY,include50,video,,include:clip:3e2d7de2a2fd,data/external/include_pose/INCLUDE/Pose_Signs/People/77. Boy/MVI_8644.pkl,data/processed/landmarks/include50/BOY/3e2d7de2a2fd.npz,68,0.0,0.0,0.6618,1.0,,test
c5912daf1e4c,GIRL,include50,video,,include:clip:c5912daf1e4c,data/external/include_pose/INCLUDE/Pose_Signs/People/78. Girl/MVI_4985.pkl,data/processed/landmarks/include50/GIRL/c5912daf1e4c.npz,46,0.0,0.0,1.0,1.0,,test
1d3baa7afefc,GIRL,include50,video,,include:clip:1d3baa7afefc,data/external/include_pose/INCLUDE/Pose_Signs/People/78. Girl/MVI_5136.pkl,data/processed/landmarks/include50/GIRL/1d3baa7afefc.npz,50,0.0,0.0,1.0,1.0,,test
891e08df399d,COURT,include50,video,,include:clip:891e08df399d,data/external/include_pose/INCLUDE/Pose_Signs/Places/23. Court/MVI_3286.pkl,data/processed/landmarks/include50/COURT/891e08df399d.npz,68,0.0,0.0,0.9265,1.0,,test
cca22d16f5aa,COURT,include50,video,,include:clip:cca22d16f5aa,data/external/include_pose/INCLUDE/Pose_Signs/Places/23. Court/MVI_3365.pkl,data/processed/landmarks/include50/COURT/cca22d16f5aa.npz,87,0.0,0.0,0.9425,1.0,,test
6abbe2a85fe5,COURT,include50,video,,include:clip:6abbe2a85fe5,data/external/include_pose/INCLUDE/Pose_Signs/Places/23. Court/MVI_3611.pkl,data/processed/landmarks/include50/COURT/6abbe2a85fe5.npz,58,0.0,0.0,0.9655,1.0,,test
0fb9706bf84b,HOUSE,include50,video,,include:clip:0fb9706bf84b,data/external/include_pose/INCLUDE/Pose_Signs/Places/19. House/Extra/MVI_3439.pkl,data/processed/landmarks/include50/HOUSE/0fb9706bf84b.npz,57,0.0,0.0,0.8947,1.0,,test
4974914d0652,STORE_OR_SHOP,include50,video,,include:clip:4974914d0652,data/external/include_pose/INCLUDE/Pose_Signs/Places/28. Store or Shop/MVI_3634.pkl,data/processed/landmarks/include50/STORE_OR_SHOP/4974914d0652.npz,50,0.0,0.0,0.96,1.0,,test
0bcd43692e5b,STORE_OR_SHOP,include50,video,,include:clip:0bcd43692e5b,data/external/include_pose/INCLUDE/Pose_Signs/Places/28. Store or Shop/MVI_3384.pkl,data/processed/landmarks/include50/STORE_OR_SHOP/0bcd43692e5b.npz,62,0.0,0.0,0.6774,1.0,,test
e6049eb163db,STORE_OR_SHOP,include50,video,,include:clip:e6049eb163db,data/external/include_pose/INCLUDE/Pose_Signs/Places/28. Store or Shop/MVI_3552.pkl,data/processed/landmarks/include50/STORE_OR_SHOP/e6049eb163db.npz,46,0.0,0.0,0.8478,1.0,,test
0c1ae851aec4,STORE_OR_SHOP,include50,video,,include:clip:0c1ae851aec4,data/external/include_pose/INCLUDE/Pose_Signs/Places/28. Store or Shop/MVI_3472.pkl,data/processed/landmarks/include50/STORE_OR_SHOP/0c1ae851aec4.npz,50,0.0,0.0,0.96,1.0,,test
84b17f94e348,BANK,include50,video,,include:clip:84b17f94e348,data/external/include_pose/INCLUDE/Pose_Signs/Places/35. Bank/MVI_3335.pkl,data/processed/landmarks/include50/BANK/84b17f94e348.npz,74,0.0,0.0,0.8919,1.0,,test
bcd05bfef6f8,BANK,include50,video,,include:clip:bcd05bfef6f8,data/external/include_pose/INCLUDE/Pose_Signs/Places/35. Bank/MVI_3581.pkl,data/processed/landmarks/include50/BANK/bcd05bfef6f8.npz,50,0.0,0.0,0.92,1.0,,test
418f569b4ed5,BANK,include50,video,,include:clip:418f569b4ed5,data/external/include_pose/INCLUDE/Pose_Signs/Places/35. Bank/MVI_3419.pkl,data/processed/landmarks/include50/BANK/418f569b4ed5.npz,82,0.0,0.0,0.9146,1.0,,test
f9a07a61347e,BANK,include50,video,,include:clip:f9a07a61347e,data/external/include_pose/INCLUDE/Pose_Signs/Places/35. Bank/MVI_3584.pkl,data/processed/landmarks/include50/BANK/f9a07a61347e.npz,50,0.0,0.0,0.78,1.0,,test
9cc05cf1f7a6,BANK,include50,video,,include:clip:9cc05cf1f7a6,data/external/include_pose/INCLUDE/Pose_Signs/Places/35. Bank/MVI_3503.pkl,data/processed/landmarks/include50/BANK/9cc05cf1f7a6.npz,45,0.0,0.0,1.0,1.0,,test
2ac5568b3750,BANK,include50,video,,include:clip:2ac5568b3750,data/external/include_pose/INCLUDE/Pose_Signs/Places/35. Bank/MVI_3338.pkl,data/processed/landmarks/include50/BANK/2ac5568b3750.npz,63,0.0,0.0,0.9524,1.0,,test
e486d3e700ac,I,include50,video,,include:clip:e486d3e700ac,data/external/include_pose/INCLUDE/Pose_Signs/Pronouns/40. I/MVI_0014.pkl,data/processed/landmarks/include50/I/e486d3e700ac.npz,45,0.0,0.0,1.0,1.0,,test
95fd0c7bd5ac,I,include50,video,,include:clip:95fd0c7bd5ac,data/external/include_pose/INCLUDE/Pose_Signs/Pronouns/40. I/MVI_0064.pkl,data/processed/landmarks/include50/I/95fd0c7bd5ac.npz,65,0.0,0.0,1.0,1.0,,test
a2bc820177e9,I,include50,video,,include:clip:a2bc820177e9,data/external/include_pose/INCLUDE/Pose_Signs/Pronouns/40. I/MVI_9880.pkl,data/processed/landmarks/include50/I/a2bc820177e9.npz,54,0.0,0.0,1.0,1.0,,test
bb2bb9e41f2c,IT,include50,video,,include:clip:bb2bb9e41f2c,data/external/include_pose/INCLUDE/Pose_Signs/Pronouns/44. it/MVI_9971.pkl,data/processed/landmarks/include50/IT/bb2bb9e41f2c.npz,47,0.0,0.0,1.0,1.0,,test
4225c896540d,IT,include50,video,,include:clip:4225c896540d,data/external/include_pose/INCLUDE/Pose_Signs/Pronouns/44. it/MVI_0015.pkl,data/processed/landmarks/include50/IT/4225c896540d.npz,73,0.0,0.0,1.0,1.0,,test
453b2588acef,IT,include50,video,,include:clip:453b2588acef,data/external/include_pose/INCLUDE/Pose_Signs/Pronouns/44. it/MVI_0077.pkl,data/processed/landmarks/include50/IT/453b2588acef.npz,68,0.0,0.0,1.0,1.0,,test
6f6f9c60d1de,IT,include50,video,,include:clip:6f6f9c60d1de,data/external/include_pose/INCLUDE/Pose_Signs/Pronouns/44. it/MVI_9899.pkl,data/processed/landmarks/include50/IT/6f6f9c60d1de.npz,44,0.0,0.0,1.0,1.0,,test
f85a7c83107e,IT,include50,video,,include:clip:f85a7c83107e,data/external/include_pose/INCLUDE/Pose_Signs/Pronouns/44. it/MVI_0076.pkl,data/processed/landmarks/include50/IT/f85a7c83107e.npz,61,0.0,0.0,1.0,1.0,,test
e3f88f251a24,IT,include50,video,,include:clip:e3f88f251a24,data/external/include_pose/INCLUDE/Pose_Signs/Pronouns/44. it/MVI_9900.pkl,data/processed/landmarks/include50/IT/e3f88f251a24.npz,50,0.0,0.0,1.0,1.0,,test
a5e8c2123e5b,IT,include50,video,,include:clip:a5e8c2123e5b,data/external/include_pose/INCLUDE/Pose_Signs/Pronouns/44. it/MVI_0026.pkl,data/processed/landmarks/include50/IT/a5e8c2123e5b.npz,43,0.0,0.0,1.0,1.0,,test
213ccb558bf7,IT,include50,video,,include:clip:213ccb558bf7,data/external/include_pose/INCLUDE/Pose_Signs/Pronouns/44. it/MVI_0024.pkl,data/processed/landmarks/include50/IT/213ccb558bf7.npz,43,0.0,0.0,1.0,1.0,,test
fe843a9f9d2f,IT,include50,video,,include:clip:fe843a9f9d2f,data/external/include_pose/INCLUDE/Pose_Signs/Pronouns/44. it/MVI_9969.pkl,data/processed/landmarks/include50/IT/fe843a9f9d2f.npz,44,0.0,0.0,1.0,1.0,,test
cc71694becfa,YOU_PLURAL,include50,video,,include:clip:cc71694becfa,data/external/include_pose/INCLUDE/Pose_Signs/Pronouns/46. you (plural)/MVI_9948.pkl,data/processed/landmarks/include50/YOU_PLURAL/cc71694becfa.npz,93,0.0,0.0,1.0,1.0,,test
d2f5967a3da7,YOU_PLURAL,include50,video,,include:clip:d2f5967a3da7,data/external/include_pose/INCLUDE/Pose_Signs/Pronouns/46. you (plural)/MVI_9907.pkl,data/processed/landmarks/include50/YOU_PLURAL/d2f5967a3da7.npz,53,0.0,0.0,1.0,1.0,,test
d92e0190517f,YOU_PLURAL,include50,video,,include:clip:d92e0190517f,data/external/include_pose/INCLUDE/Pose_Signs/Pronouns/46. you (plural)/MVI_9905.pkl,data/processed/landmarks/include50/YOU_PLURAL/d92e0190517f.npz,56,0.0,0.0,1.0,1.0,,test
9d2089d82a35,ELECTION,include50,video,,include:clip:9d2089d82a35,data/external/include_pose/INCLUDE/Pose_Signs/Society/14. Election/MVI_4841.pkl,data/processed/landmarks/include50/ELECTION/9d2089d82a35.npz,62,0.0,0.0,0.871,1.0,,test
5b0dfe05e78c,ELECTION,include50,video,,include:clip:5b0dfe05e78c,data/external/include_pose/INCLUDE/Pose_Signs/Society/14. Election/MVI_8967.pkl,data/processed/landmarks/include50/ELECTION/5b0dfe05e78c.npz,63,0.0,0.0,0.9365,1.0,,test
e768f43baa04,DEATH,include50,video,,include:clip:e768f43baa04,data/external/include_pose/INCLUDE/Pose_Signs/Society/2. Death/MVI_8931.pkl,data/processed/landmarks/include50/DEATH/e768f43baa04.npz,68,0.0,0.0,0.9706,1.0,,test
c56e66052b14,DEATH,include50,video,,include:clip:c56e66052b14,data/external/include_pose/INCLUDE/Pose_Signs/Society/2. Death/MVI_4801.pkl,data/processed/landmarks/include50/DEATH/c56e66052b14.npz,71,0.0,0.0,0.9577,1.0,,test
683c0bd0d882,DEATH,include50,video,,include:clip:683c0bd0d882,data/external/include_pose/INCLUDE/Pose_Signs/Society/2. Death/MVI_4800.pkl,data/processed/landmarks/include50/DEATH/683c0bd0d882.npz,62,0.0,0.0,0.9677,1.0,,test
eddb1bf505e8,DEATH,include50,video,,include:clip:eddb1bf505e8,data/external/include_pose/INCLUDE/Pose_Signs/Society/2. Death/MVI_4255.pkl,data/processed/landmarks/include50/DEATH/eddb1bf505e8.npz,63,0.0,0.0,1.0,1.0,,test
8ed2ac2722d6,DEATH,include50,video,,include:clip:8ed2ac2722d6,data/external/include_pose/INCLUDE/Pose_Signs/Society/2. Death/MVI_4256.pkl,data/processed/landmarks/include50/DEATH/8ed2ac2722d6.npz,58,0.0,0.0,0.9828,1.0,,test
