sample_id,label,source,kind,signer_id,group_id,raw_path,landmarks_path,num_frames,fps,duration_s,any_hand_rate,pose_rate,quality_flag,split
537f611f19f2,BEAR,islwords,video,,islwords:rec:e5c686854f52,C:\ISL\archive\Video_Dataset\Video_Dataset\Bear\WIN_20231102_12_38_17_Pro.mp4,data/processed/landmarks/islwords/BEAR/537f611f19f2.npz,205,30.0,6.833,1.0,1.0,,
461e852bf0bb,BEAR,islwords,video,,islwords:rec:9440e14cdb7f,C:\ISL\archive\Video_Dataset\Video_Dataset\Bear\WIN_20231102_12_38_27_Pro.mp4,data/processed/landmarks/islwords/BEAR/461e852bf0bb.npz,202,30.0,6.733,1.0,1.0,,
a372a907225a,BEAR,islwords,video,,islwords:rec:561d3da8f866,C:\ISL\archive\Video_Dataset\Video_Dataset\Bear\WIN_20231102_12_38_49_Pro.mp4,data/processed/landmarks/islwords/BEAR/a372a907225a.npz,209,30.0,6.967,1.0,1.0,,
6b17b7ad2c61,BEAR,islwords,video,,islwords:rec:d08d40552a90,C:\ISL\archive\Video_Dataset\Video_Dataset\Bear\WIN_20231102_12_38_57_Pro.mp4,data/processed/landmarks/islwords/BEAR/6b17b7ad2c61.npz,190,30.0,6.333,1.0,1.0,,
2fb214f0c84e,BEAR,islwords,video,,islwords:rec:918797193f1b,C:\ISL\archive\Video_Dataset\Video_Dataset\Bear\WIN_20231102_12_39_05_Pro.mp4,data/processed/landmarks/islwords/BEAR/2fb214f0c84e.npz,190,30.0,6.333,1.0,1.0,,
a06b0736dce3,BEAR,islwords,video,,islwords:rec:c4e1bac66024,C:\ISL\archive\Video_Dataset\Video_Dataset\Bear\WIN_20231102_12_39_24_Pro.mp4,data/processed/landmarks/islwords/BEAR/a06b0736dce3.npz,198,30.0,6.6,1.0,1.0,,
435a8626ca28,BEAR,islwords,video,,islwords:rec:7dbc8baab48b,C:\ISL\archive\Video_Dataset\Video_Dataset\Bear\WIN_20231102_12_39_47_Pro.mp4,data/processed/landmarks/islwords/BEAR/435a8626ca28.npz,193,30.0,6.433,1.0,1.0,,
5d5842145f1b,BEAR,islwords,video,,islwords:rec:3c869e036607,C:\ISL\archive\Video_Dataset\Video_Dataset\Bear\WIN_20231102_12_40_34_Pro.mp4,data/processed/landmarks/islwords/BEAR/5d5842145f1b.npz,210,30.0,7.0,1.0,1.0,,
7e9855f64f67,BEAR,islwords,video,,islwords:rec:300905392465,C:\ISL\archive\Video_Dataset\Video_Dataset\Bear\WIN_20231102_12_40_43_Pro.mp4,data/processed/landmarks/islwords/BEAR/7e9855f64f67.npz,212,30.0,7.067,1.0,1.0,,
c879906415c7,BEAR,islwords,video,,islwords:rec:9cfeba60237d,C:\ISL\archive\Video_Dataset\Video_Dataset\Bear\WIN_20231102_12_40_52_Pro.mp4,data/processed/landmarks/islwords/BEAR/c879906415c7.npz,216,30.0,7.2,1.0,1.0,,
fd26c78aff8b,BEAR,islwords,video,,islwords:rec:4aa139c000df,C:\ISL\archive\Video_Dataset\Video_Dataset\Bear\WIN_20231102_12_41_20_Pro.mp4,data/processed/landmarks/islwords/BEAR/fd26c78aff8b.npz,199,30.0,6.633,1.0,1.0,,
0736aa8f2fe7,BEAR,islwords,video,,islwords:rec:27f1aa3bf2ea,C:\ISL\archive\Video_Dataset\Video_Dataset\Bear\WIN_20231102_12_41_29_Pro.mp4,data/processed/landmarks/islwords/BEAR/0736aa8f2fe7.npz,199,30.0,6.633,1.0,1.0,,
08582632ca3c,BEAR,islwords,video,,islwords:rec:a08d042e9b91,C:\ISL\archive\Video_Dataset\Video_Dataset\Bear\WIN_20231102_12_41_37_Pro.mp4,data/processed/landmarks/islwords/BEAR/08582632ca3c.npz,191,30.0,6.367,1.0,1.0,,
9ed325a197af,BEAR,islwords,video,,islwords:rec:ee9a6be73ffd,C:\ISL\archive\Video_Dataset\Video_Dataset\Bear\WIN_20231102_12_41_45_Pro.mp4,data/processed/landmarks/islwords/BEAR/9ed325a197af.npz,186,30.0,6.2,1.0,1.0,,
afab7a63f277,BEAR,islwords,video,,islwords:rec:72823402a402,C:\ISL\archive\Video_Dataset\Video_Dataset\Bear\WIN_20231102_12_41_54_Pro.mp4,data/processed/landmarks/islwords/BEAR/afab7a63f277.npz,178,30.0,5.933,1.0,1.0,,
005a8fdfd0e5,BEAR,islwords,video,,islwords:rec:07749b8f15bd,C:\ISL\archive\Video_Dataset\Video_Dataset\Bear\WIN_20231102_12_42_18_Pro.mp4,data/processed/landmarks/islwords/BEAR/005a8fdfd0e5.npz,183,30.0,6.1,1.0,1.0,,
d80d4b5920b7,BEAR,islwords,video,,islwords:rec:565ac2118b00,C:\ISL\archive\Video_Dataset\Video_Dataset\Bear\WIN_20231102_12_42_27_Pro.mp4,data/processed/landmarks/islwords/BEAR/d80d4b5920b7.npz,207,30.0,6.9,1.0,1.0,,
a9e302148aeb,BEAR,islwords,video,,islwords:rec:006b23fe1baf,C:\ISL\archive\Video_Dataset\Video_Dataset\Bear\WIN_20231102_12_42_36_Pro.mp4,data/processed/landmarks/islwords/BEAR/a9e302148aeb.npz,216,30.0,7.2,1.0,1.0,,
ce4570bbf194,BEAR,islwords,video,,islwords:rec:04b95cba5f56,C:\ISL\archive\Video_Dataset\Video_Dataset\Bear\WIN_20231102_12_42_45_Pro.mp4,data/processed/landmarks/islwords/BEAR/ce4570bbf194.npz,222,30.0,7.4,1.0,1.0,,
8d9cc5bdf09c,BEAR,islwords,video,,islwords:rec:653e82952a41,C:\ISL\archive\Video_Dataset\Video_Dataset\Bear\WIN_20231102_12_42_54_Pro.mp4,data/processed/landmarks/islwords/BEAR/8d9cc5bdf09c.npz,208,30.0,6.933,1.0,1.0,,
a1b095ebae3d,BREAK,islwords,video,,islwords:rec:b680c8fc6dc1,C:\ISL\archive\Video_Dataset\Video_Dataset\Break\WIN_20231102_13_29_56_Pro.mp4,data/processed/landmarks/islwords/BREAK/a1b095ebae3d.npz,161,30.0,5.367,1.0,1.0,,
7a035b0bcd0d,BREAK,islwords,video,,islwords:rec:977413aeffb5,C:\ISL\archive\Video_Dataset\Video_Dataset\Break\WIN_20231102_13_30_04_Pro.mp4,data/processed/landmarks/islwords/BREAK/7a035b0bcd0d.npz,142,30.0,4.733,1.0,1.0,,
5b62d4e6c9d1,BREAK,islwords,video,,islwords:rec:f58874fc598c,C:\ISL\archive\Video_Dataset\Video_Dataset\Break\WIN_20231102_13_30_11_Pro.mp4,data/processed/landmarks/islwords/BREAK/5b62d4e6c9d1.npz,138,30.0,4.6,1.0,1.0,,
3928ff97f8fd,BREAK,islwords,video,,islwords:rec:92eb1146445e,C:\ISL\archive\Video_Dataset\Video_Dataset\Break\WIN_20231102_13_30_19_Pro.mp4,data/processed/landmarks/islwords/BREAK/3928ff97f8fd.npz,152,30.0,5.067,1.0,1.0,,
e1843f327846,BREAK,islwords,video,,islwords:rec:8791feaeefae,C:\ISL\archive\Video_Dataset\Video_Dataset\Break\WIN_20231102_13_30_27_Pro.mp4,data/processed/landmarks/islwords/BREAK/e1843f327846.npz,135,30.0,4.5,1.0,1.0,,
7c8c93b6be6b,BREAK,islwords,video,,islwords:rec:c229cf953a39,C:\ISL\archive\Video_Dataset\Video_Dataset\Break\WIN_20231102_13_30_59_Pro.mp4,data/processed/landmarks/islwords/BREAK/7c8c93b6be6b.npz,123,30.0,4.1,1.0,1.0,,
5f5f163cd397,BREAK,islwords,video,,islwords:rec:22217633833b,C:\ISL\archive\Video_Dataset\Video_Dataset\Break\WIN_20231102_13_31_06_Pro.mp4,data/processed/landmarks/islwords/BREAK/5f5f163cd397.npz,122,30.0,4.067,0.9754,1.0,,
9acc7b0e6dae,BREAK,islwords,video,,islwords:rec:9232d34239f0,C:\ISL\archive\Video_Dataset\Video_Dataset\Break\WIN_20231102_13_31_13_Pro.mp4,data/processed/landmarks/islwords/BREAK/9acc7b0e6dae.npz,117,30.0,3.9,0.9915,1.0,,
7fe17ba9b32a,BREAK,islwords,video,,islwords:rec:66e94b072d86,C:\ISL\archive\Video_Dataset\Video_Dataset\Break\WIN_20231102_13_31_37_Pro.mp4,data/processed/landmarks/islwords/BREAK/7fe17ba9b32a.npz,116,30.0,3.867,0.9914,1.0,,
8a70a49dcbfe,BREAK,islwords,video,,islwords:rec:4d7da1a32ea9,C:\ISL\archive\Video_Dataset\Video_Dataset\Break\WIN_20231102_13_31_43_Pro.mp4,data/processed/landmarks/islwords/BREAK/8a70a49dcbfe.npz,126,30.0,4.2,0.9921,1.0,,
574136d3be1d,BREAK,islwords,video,,islwords:rec:da84280a5276,C:\ISL\archive\Video_Dataset\Video_Dataset\Break\WIN_20231102_13_33_37_Pro.mp4,data/processed/landmarks/islwords/BREAK/574136d3be1d.npz,112,30.0,3.733,1.0,1.0,,
28c4d0c42faf,BREAK,islwords,video,,islwords:rec:2dabd795d58c,C:\ISL\archive\Video_Dataset\Video_Dataset\Break\WIN_20231102_13_33_50_Pro.mp4,data/processed/landmarks/islwords/BREAK/28c4d0c42faf.npz,129,30.0,4.3,1.0,1.0,,
c73dac70fbd8,BREAK,islwords,video,,islwords:rec:ce3376f09b97,C:\ISL\archive\Video_Dataset\Video_Dataset\Break\WIN_20231102_13_34_10_Pro.mp4,data/processed/landmarks/islwords/BREAK/c73dac70fbd8.npz,106,30.0,3.533,1.0,1.0,,
9d4856209837,BREAK,islwords,video,,islwords:rec:6decb0f10ff6,C:\ISL\archive\Video_Dataset\Video_Dataset\Break\WIN_20231102_13_34_49_Pro.mp4,data/processed/landmarks/islwords/BREAK/9d4856209837.npz,140,30.0,4.667,1.0,1.0,,
52c63a448037,BREAK,islwords,video,,islwords:rec:4c3217c3522a,C:\ISL\archive\Video_Dataset\Video_Dataset\Break\WIN_20231102_13_34_57_Pro.mp4,data/processed/landmarks/islwords/BREAK/52c63a448037.npz,116,30.0,3.867,1.0,1.0,,
aefb6691df46,BREAK,islwords,video,,islwords:rec:36ef3316fb17,C:\ISL\archive\Video_Dataset\Video_Dataset\Break\WIN_20231102_14_00_24_Pro.mp4,data/processed/landmarks/islwords/BREAK/aefb6691df46.npz,125,30.0,4.167,0.992,1.0,,
5988a0eadb76,BREAK,islwords,video,,islwords:rec:e746c1fba4ba,C:\ISL\archive\Video_Dataset\Video_Dataset\Break\WIN_20231102_14_00_31_Pro.mp4,data/processed/landmarks/islwords/BREAK/5988a0eadb76.npz,114,30.0,3.8,1.0,1.0,,
2564e9445d66,BREAK,islwords,video,,islwords:rec:c9378e577e98,C:\ISL\archive\Video_Dataset\Video_Dataset\Break\WIN_20231102_14_00_37_Pro.mp4,data/processed/landmarks/islwords/BREAK/2564e9445d66.npz,113,30.0,3.767,1.0,1.0,,
d61e6c30bec6,BREAK,islwords,video,,islwords:rec:de81fd5d373c,C:\ISL\archive\Video_Dataset\Video_Dataset\Break\WIN_20231102_14_00_42_Pro.mp4,data/processed/landmarks/islwords/BREAK/d61e6c30bec6.npz,115,30.0,3.833,1.0,1.0,,
734cf0368f58,BREAK,islwords,video,,islwords:rec:545d37213956,C:\ISL\archive\Video_Dataset\Video_Dataset\Break\WIN_20231102_14_00_48_Pro.mp4,data/processed/landmarks/islwords/BREAK/734cf0368f58.npz,112,30.0,3.733,1.0,1.0,,
ac6ca1dd6161,BRINJAL,islwords,video,,islwords:rec:1766ef802fa2,C:\ISL\archive\Video_Dataset\Video_Dataset\Brinjal\WIN_20231102_10_52_48_Pro.mp4,data/processed/landmarks/islwords/BRINJAL/ac6ca1dd6161.npz,144,30.0,4.8,1.0,1.0,,
9bc03be4346a,BRINJAL,islwords,video,,islwords:rec:4cb36d324e10,C:\ISL\archive\Video_Dataset\Video_Dataset\Brinjal\WIN_20231102_10_53_27_Pro.mp4,data/processed/landmarks/islwords/BRINJAL/9bc03be4346a.npz,156,30.0,5.2,1.0,1.0,,
c3e0a90da0a0,BRINJAL,islwords,video,,islwords:rec:e4a5effaa6e3,C:\ISL\archive\Video_Dataset\Video_Dataset\Brinjal\WIN_20231102_10_53_34_Pro.mp4,data/processed/landmarks/islwords/BRINJAL/c3e0a90da0a0.npz,165,30.0,5.5,1.0,1.0,,
017cc72895ac,BRINJAL,islwords,video,,islwords:rec:b8b0bbbd01e1,C:\ISL\archive\Video_Dataset\Video_Dataset\Brinjal\WIN_20231102_10_53_42_Pro.mp4,data/processed/landmarks/islwords/BRINJAL/017cc72895ac.npz,161,30.0,5.367,1.0,1.0,,
6e297fb11c7f,BRINJAL,islwords,video,,islwords:rec:b26e56133113,C:\ISL\archive\Video_Dataset\Video_Dataset\Brinjal\WIN_20231102_10_53_51_Pro.mp4,data/processed/landmarks/islwords/BRINJAL/6e297fb11c7f.npz,167,30.0,5.567,1.0,1.0,,
e1fc29e4a266,BRINJAL,islwords,video,,islwords:rec:c58633810247,C:\ISL\archive\Video_Dataset\Video_Dataset\Brinjal\WIN_20231102_10_56_38_Pro.mp4,data/processed/landmarks/islwords/BRINJAL/e1fc29e4a266.npz,158,30.0,5.267,1.0,1.0,,
1729698a4cc1,BRINJAL,islwords,video,,islwords:rec:52a2bbdaaa88,C:\ISL\archive\Video_Dataset\Video_Dataset\Brinjal\WIN_20231102_10_57_26_Pro.mp4,data/processed/landmarks/islwords/BRINJAL/1729698a4cc1.npz,201,30.0,6.7,1.0,1.0,,
e6471ab9c8bb,BRINJAL,islwords,video,,islwords:rec:07c270a7fd9d,C:\ISL\archive\Video_Dataset\Video_Dataset\Brinjal\WIN_20231102_10_57_38_Pro.mp4,data/processed/landmarks/islwords/BRINJAL/e6471ab9c8bb.npz,216,30.0,7.2,1.0,1.0,,
2e00d522ddaa,BRINJAL,islwords,video,,islwords:rec:9a7a1a56cdd3,C:\ISL\archive\Video_Dataset\Video_Dataset\Brinjal\WIN_20231102_10_57_46_Pro.mp4,data/processed/landmarks/islwords/BRINJAL/2e00d522ddaa.npz,200,30.0,6.667,1.0,1.0,,
1d998eb4d440,BRINJAL,islwords,video,,islwords:rec:84c0ca63c88d,C:\ISL\archive\Video_Dataset\Video_Dataset\Brinjal\WIN_20231102_10_57_54_Pro.mp4,data/processed/landmarks/islwords/BRINJAL/1d998eb4d440.npz,205,30.0,6.833,1.0,1.0,,
54a0f3629362,BRINJAL,islwords,video,,islwords:rec:ef95ee80ac4e,C:\ISL\archive\Video_Dataset\Video_Dataset\Brinjal\WIN_20231102_10_59_14_Pro.mp4,data/processed/landmarks/islwords/BRINJAL/54a0f3629362.npz,195,30.0,6.5,1.0,1.0,,
4c1522835015,BRINJAL,islwords,video,,islwords:rec:81a04c02346d,C:\ISL\archive\Video_Dataset\Video_Dataset\Brinjal\WIN_20231102_10_59_23_Pro.mp4,data/processed/landmarks/islwords/BRINJAL/4c1522835015.npz,187,30.0,6.233,1.0,1.0,,
7e45e82ae68a,BRINJAL,islwords,video,,islwords:rec:36871ff17da2,C:\ISL\archive\Video_Dataset\Video_Dataset\Brinjal\WIN_20231102_10_59_30_Pro.mp4,data/processed/landmarks/islwords/BRINJAL/7e45e82ae68a.npz,169,30.0,5.633,1.0,1.0,,
683c6143682a,BRINJAL,islwords,video,,islwords:rec:6bb1e80df4a7,C:\ISL\archive\Video_Dataset\Video_Dataset\Brinjal\WIN_20231102_10_59_42_Pro.mp4,data/processed/landmarks/islwords/BRINJAL/683c6143682a.npz,175,30.0,5.833,1.0,1.0,,
1b1daec630c7,BRINJAL,islwords,video,,islwords:rec:b286014ca275,C:\ISL\archive\Video_Dataset\Video_Dataset\Brinjal\WIN_20231102_10_59_49_Pro.mp4,data/processed/landmarks/islwords/BRINJAL/1b1daec630c7.npz,164,30.0,5.467,1.0,1.0,,
8f6dd90f475e,BRINJAL,islwords,video,,islwords:rec:97e9ef33241a,C:\ISL\archive\Video_Dataset\Video_Dataset\Brinjal\WIN_20231102_11_00_36_Pro.mp4,data/processed/landmarks/islwords/BRINJAL/8f6dd90f475e.npz,171,30.0,5.7,1.0,1.0,,
848321d426c7,BRINJAL,islwords,video,,islwords:rec:ee4a67787b9b,C:\ISL\archive\Video_Dataset\Video_Dataset\Brinjal\WIN_20231102_11_01_34_Pro.mp4,data/processed/landmarks/islwords/BRINJAL/848321d426c7.npz,165,30.0,5.5,1.0,1.0,,
584782780764,BRINJAL,islwords,video,,islwords:rec:7398a55ea712,C:\ISL\archive\Video_Dataset\Video_Dataset\Brinjal\WIN_20231102_11_01_42_Pro.mp4,data/processed/landmarks/islwords/BRINJAL/584782780764.npz,164,30.0,5.467,1.0,1.0,,
96778af24cf9,BRINJAL,islwords,video,,islwords:rec:18a197e9433f,C:\ISL\archive\Video_Dataset\Video_Dataset\Brinjal\WIN_20231102_11_01_49_Pro.mp4,data/processed/landmarks/islwords/BRINJAL/96778af24cf9.npz,164,30.0,5.467,1.0,1.0,,
0702f230003d,BRINJAL,islwords,video,,islwords:rec:86c09e0e61a4,C:\ISL\archive\Video_Dataset\Video_Dataset\Brinjal\WIN_20231102_11_01_56_Pro.mp4,data/processed/landmarks/islwords/BRINJAL/0702f230003d.npz,159,30.0,5.3,1.0,1.0,,
e2e4361c5a50,BUDGET,islwords,video,,islwords:rec:f85f62f137a0,C:\ISL\archive\Video_Dataset\Video_Dataset\Budget\WIN_20230901_09_29_50_Pro.mp4,data/processed/landmarks/islwords/BUDGET/e2e4361c5a50.npz,145,30.0,4.833,1.0,1.0,,
f1eab7fd0aaa,BUDGET,islwords,video,,islwords:rec:b1184a01a5fc,C:\ISL\archive\Video_Dataset\Video_Dataset\Budget\WIN_20230901_09_29_57_Pro.mp4,data/processed/landmarks/islwords/BUDGET/f1eab7fd0aaa.npz,157,30.0,5.233,1.0,1.0,,
d65c778ef727,BUDGET,islwords,video,,islwords:rec:68e62141257f,C:\ISL\archive\Video_Dataset\Video_Dataset\Budget\WIN_20230901_09_30_04_Pro.mp4,data/processed/landmarks/islwords/BUDGET/d65c778ef727.npz,147,30.0,4.9,1.0,1.0,,
ba1a67bafe85,BUDGET,islwords,video,,islwords:rec:77a265639921,C:\ISL\archive\Video_Dataset\Video_Dataset\Budget\WIN_20230901_09_30_10_Pro.mp4,data/processed/landmarks/islwords/BUDGET/ba1a67bafe85.npz,140,30.0,4.667,1.0,1.0,,
7e6b3d458e66,BUDGET,islwords,video,,islwords:rec:58add1fedcc1,C:\ISL\archive\Video_Dataset\Video_Dataset\Budget\WIN_20230901_09_30_16_Pro.mp4,data/processed/landmarks/islwords/BUDGET/7e6b3d458e66.npz,136,30.0,4.533,1.0,1.0,,
5bac19dc453c,BUDGET,islwords,video,,islwords:rec:9be82b62230a,C:\ISL\archive\Video_Dataset\Video_Dataset\Budget\WIN_20230901_09_30_41_Pro.mp4,data/processed/landmarks/islwords/BUDGET/5bac19dc453c.npz,147,30.0,4.9,1.0,1.0,,
99de1055a921,BUDGET,islwords,video,,islwords:rec:15ef3a50eb68,C:\ISL\archive\Video_Dataset\Video_Dataset\Budget\WIN_20230901_09_30_49_Pro.mp4,data/processed/landmarks/islwords/BUDGET/99de1055a921.npz,160,30.0,5.333,1.0,1.0,,
11e89d1adc88,BUDGET,islwords,video,,islwords:rec:bdfe8db3c280,C:\ISL\archive\Video_Dataset\Video_Dataset\Budget\WIN_20230901_09_30_56_Pro.mp4,data/processed/landmarks/islwords/BUDGET/11e89d1adc88.npz,169,30.0,5.633,1.0,1.0,,
d2cc30bad857,BUDGET,islwords,video,,islwords:rec:259afdcfb5df,C:\ISL\archive\Video_Dataset\Video_Dataset\Budget\WIN_20230901_09_31_05_Pro.mp4,data/processed/landmarks/islwords/BUDGET/d2cc30bad857.npz,154,30.0,5.133,1.0,1.0,,
81c7f4a7663b,BUDGET,islwords,video,,islwords:rec:c98a36ea244d,C:\ISL\archive\Video_Dataset\Video_Dataset\Budget\WIN_20230901_09_31_13_Pro.mp4,data/processed/landmarks/islwords/BUDGET/81c7f4a7663b.npz,154,30.0,5.133,1.0,1.0,,
c4b2c4a4326d,BUDGET,islwords,video,,islwords:rec:9a3d031409c5,C:\ISL\archive\Video_Dataset\Video_Dataset\Budget\WIN_20230901_09_31_28_Pro.mp4,data/processed/landmarks/islwords/BUDGET/c4b2c4a4326d.npz,190,30.0,6.333,1.0,1.0,,
347d42a57666,BUDGET,islwords,video,,islwords:rec:c23c070281b6,C:\ISL\archive\Video_Dataset\Video_Dataset\Budget\WIN_20230901_09_32_33_Pro.mp4,data/processed/landmarks/islwords/BUDGET/347d42a57666.npz,179,30.0,5.967,1.0,1.0,,
331ae6f7f162,BUDGET,islwords,video,,islwords:rec:8fe149568bba,C:\ISL\archive\Video_Dataset\Video_Dataset\Budget\WIN_20230901_09_32_40_Pro.mp4,data/processed/landmarks/islwords/BUDGET/331ae6f7f162.npz,200,30.0,6.667,1.0,1.0,,
8a0be157864d,BUDGET,islwords,video,,islwords:rec:24505c8ba00a,C:\ISL\archive\Video_Dataset\Video_Dataset\Budget\WIN_20230901_09_32_48_Pro.mp4,data/processed/landmarks/islwords/BUDGET/8a0be157864d.npz,199,30.0,6.633,1.0,1.0,,
f56eaac9410f,BUDGET,islwords,video,,islwords:rec:40cdc46b0fb6,C:\ISL\archive\Video_Dataset\Video_Dataset\Budget\WIN_20230901_09_32_56_Pro.mp4,data/processed/landmarks/islwords/BUDGET/f56eaac9410f.npz,199,30.0,6.633,1.0,1.0,,
389319ede3fa,BUDGET,islwords,video,,islwords:rec:6fddfa499e7a,C:\ISL\archive\Video_Dataset\Video_Dataset\Budget\WIN_20230926_11_20_56_Pro_Trim_cropped.mp4,data/processed/landmarks/islwords/BUDGET/389319ede3fa.npz,174,30.0,5.8,1.0,1.0,,
47285ad493dc,BUDGET,islwords,video,,islwords:rec:fd7c67082b5f,C:\ISL\archive\Video_Dataset\Video_Dataset\Budget\WIN_20230926_11_21_22_Pro_Trim_cropped.mp4,data/processed/landmarks/islwords/BUDGET/47285ad493dc.npz,176,30.0,5.867,1.0,1.0,,
e47c9334fcdb,BUDGET,islwords,video,,islwords:rec:71eec6427b7e,C:\ISL\archive\Video_Dataset\Video_Dataset\Budget\WIN_20230926_11_21_40_Pro_Trim_cropped.mp4,data/processed/landmarks/islwords/BUDGET/e47c9334fcdb.npz,201,30.0,6.7,1.0,1.0,,
36cc876d4c02,BUDGET,islwords,video,,islwords:rec:a878b237233f,C:\ISL\archive\Video_Dataset\Video_Dataset\Budget\WIN_20230926_11_21_55_Pro_Trim_cropped.mp4,data/processed/landmarks/islwords/BUDGET/36cc876d4c02.npz,173,30.0,5.767,1.0,1.0,,
bff1a8f891c3,BUDGET,islwords,video,,islwords:rec:4211b538315b,C:\ISL\archive\Video_Dataset\Video_Dataset\Budget\WIN_20230926_11_22_11_Pro_Trim_cropped.mp4,data/processed/landmarks/islwords/BUDGET/bff1a8f891c3.npz,188,30.0,6.267,1.0,1.0,,
49c5131a8294,BUSY,islwords,video,,islwords:rec:d10ee142320f,C:\ISL\archive\Video_Dataset\Video_Dataset\Busy\WIN_20230831_14_45_26_Pro.mp4,data/processed/landmarks/islwords/BUSY/49c5131a8294.npz,132,30.0,4.4,1.0,1.0,,
ca7608da3d0e,BUSY,islwords,video,,islwords:rec:80fdae9c535d,C:\ISL\archive\Video_Dataset\Video_Dataset\Busy\WIN_20230831_14_45_32_Pro.mp4,data/processed/landmarks/islwords/BUSY/ca7608da3d0e.npz,134,30.0,4.467,1.0,1.0,,
6b58d9da544b,BUSY,islwords,video,,islwords:rec:a573ef272d14,C:\ISL\archive\Video_Dataset\Video_Dataset\Busy\WIN_20230831_14_45_38_Pro.mp4,data/processed/landmarks/islwords/BUSY/6b58d9da544b.npz,128,30.0,4.267,1.0,1.0,,
f497cf9d4008,BUSY,islwords,video,,islwords:rec:6368c076e618,C:\ISL\archive\Video_Dataset\Video_Dataset\Busy\WIN_20230831_14_45_44_Pro.mp4,data/processed/landmarks/islwords/BUSY/f497cf9d4008.npz,132,30.0,4.4,1.0,1.0,,
9797dbe34a9c,BUSY,islwords,video,,islwords:rec:57033c3f5b2c,C:\ISL\archive\Video_Dataset\Video_Dataset\Busy\WIN_20230831_14_45_50_Pro.mp4,data/processed/landmarks/islwords/BUSY/9797dbe34a9c.npz,154,30.0,5.133,1.0,1.0,,
f4db65d74636,BUSY,islwords,video,,islwords:rec:2f8de9fdb293,C:\ISL\archive\Video_Dataset\Video_Dataset\Busy\WIN_20230831_14_46_17_Pro.mp4,data/processed/landmarks/islwords/BUSY/f4db65d74636.npz,152,30.0,5.067,1.0,1.0,,
f08ead664efb,BUSY,islwords,video,,islwords:rec:facd6b5594c9,C:\ISL\archive\Video_Dataset\Video_Dataset\Busy\WIN_20230831_14_46_36_Pro.mp4,data/processed/landmarks/islwords/BUSY/f08ead664efb.npz,147,30.0,4.9,1.0,1.0,,
fb89431d3b4b,BUSY,islwords,video,,islwords:rec:aa05b20301f4,C:\ISL\archive\Video_Dataset\Video_Dataset\Busy\WIN_20230831_14_46_42_Pro.mp4,data/processed/landmarks/islwords/BUSY/fb89431d3b4b.npz,157,30.0,5.233,1.0,1.0,,
bb179933323d,BUSY,islwords,video,,islwords:rec:895148431bdc,C:\ISL\archive\Video_Dataset\Video_Dataset\Busy\WIN_20230831_14_46_49_Pro.mp4,data/processed/landmarks/islwords/BUSY/bb179933323d.npz,152,30.0,5.067,1.0,1.0,,
31d81c9d8df0,BUSY,islwords,video,,islwords:rec:36c8a2541249,C:\ISL\archive\Video_Dataset\Video_Dataset\Busy\WIN_20230831_14_46_55_Pro.mp4,data/processed/landmarks/islwords/BUSY/31d81c9d8df0.npz,151,30.0,5.033,1.0,1.0,,
629e9cb778a5,BUSY,islwords,video,,islwords:rec:28e90af21959,C:\ISL\archive\Video_Dataset\Video_Dataset\Busy\WIN_20230831_14_47_14_Pro.mp4,data/processed/landmarks/islwords/BUSY/629e9cb778a5.npz,133,30.0,4.433,1.0,1.0,,
4470ae619fea,BUSY,islwords,video,,islwords:rec:68ed23e87069,C:\ISL\archive\Video_Dataset\Video_Dataset\Busy\WIN_20230831_14_47_20_Pro.mp4,data/processed/landmarks/islwords/BUSY/4470ae619fea.npz,147,30.0,4.9,1.0,1.0,,
45cd6b143088,BUSY,islwords,video,,islwords:rec:417a76cbfe54,C:\ISL\archive\Video_Dataset\Video_Dataset\Busy\WIN_20230831_14_47_27_Pro.mp4,data/processed/landmarks/islwords/BUSY/45cd6b143088.npz,156,30.0,5.2,1.0,1.0,,
62a61a3868aa,BUSY,islwords,video,,islwords:rec:524210472f13,C:\ISL\archive\Video_Dataset\Video_Dataset\Busy\WIN_20230831_14_47_34_Pro.mp4,data/processed/landmarks/islwords/BUSY/62a61a3868aa.npz,133,30.0,4.433,1.0,1.0,,
f8a297443819,BUSY,islwords,video,,islwords:rec:ba83bfd9aa40,C:\ISL\archive\Video_Dataset\Video_Dataset\Busy\WIN_20230831_14_47_41_Pro.mp4,data/processed/landmarks/islwords/BUSY/f8a297443819.npz,156,30.0,5.2,1.0,1.0,,
b1ef9deaa77c,BUSY,islwords,video,,islwords:rec:2d32eb9a9609,C:\ISL\archive\Video_Dataset\Video_Dataset\Busy\WIN_20230926_11_25_20_Pro_Trim_cropped.mp4,data/processed/landmarks/islwords/BUSY/b1ef9deaa77c.npz,223,30.0,7.433,1.0,1.0,,
a9368d057d89,BUSY,islwords,video,,islwords:rec:47e8d83b140a,C:\ISL\archive\Video_Dataset\Video_Dataset\Busy\WIN_20230926_11_25_44_Pro_Trim_cropped.mp4,data/processed/landmarks/islwords/BUSY/a9368d057d89.npz,188,30.0,6.267,1.0,1.0,,
fe55e9010951,BUSY,islwords,video,,islwords:rec:61f34f88c89e,C:\ISL\archive\Video_Dataset\Video_Dataset\Busy\WIN_20230926_11_25_59_Pro_Trim_cropped.mp4,data/processed/landmarks/islwords/BUSY/fe55e9010951.npz,175,30.0,5.833,1.0,1.0,,
7e8da856ebf2,BUSY,islwords,video,,islwords:rec:0ef99cbcd531,C:\ISL\archive\Video_Dataset\Video_Dataset\Busy\WIN_20230926_11_26_12_Pro_Trim_cropped.mp4,data/processed/landmarks/islwords/BUSY/7e8da856ebf2.npz,165,30.0,5.5,0.9939,1.0,,
23c5d490785a,BUSY,islwords,video,,islwords:rec:b996a8730ff4,C:\ISL\archive\Video_Dataset\Video_Dataset\Busy\WIN_20230926_11_26_26_Pro_Trim_cropped.mp4,data/processed/landmarks/islwords/BUSY/23c5d490785a.npz,193,30.0,6.433,1.0,1.0,,
1699c59b280b,CABBAGE,islwords,video,,islwords:rec:728050269be1,C:\ISL\archive\Video_Dataset\Video_Dataset\Cabbage\WIN_20231102_11_05_03_Pro.mp4,data/processed/landmarks/islwords/CABBAGE/1699c59b280b.npz,180,30.0,6.0,1.0,1.0,,
67cb904d5000,CABBAGE,islwords,video,,islwords:rec:63a8714804fc,C:\ISL\archive\Video_Dataset\Video_Dataset\Cabbage\WIN_20231102_11_05_17_Pro.mp4,data/processed/landmarks/islwords/CABBAGE/67cb904d5000.npz,181,30.0,6.033,0.9945,1.0,,
4e06793a4cd0,CABBAGE,islwords,video,,islwords:rec:18fc1366ff5b,C:\ISL\archive\Video_Dataset\Video_Dataset\Cabbage\WIN_20231102_11_05_25_Pro.mp4,data/processed/landmarks/islwords/CABBAGE/4e06793a4cd0.npz,164,30.0,5.467,0.9939,1.0,,
0e83fd24da73,CABBAGE,islwords,video,,islwords:rec:bc587caab774,C:\ISL\archive\Video_Dataset\Video_Dataset\Cabbage\WIN_20231102_11_05_34_Pro.mp4,data/processed/landmarks/islwords/CABBAGE/0e83fd24da73.npz,194,30.0,6.467,1.0,1.0,,
28729ffb6385,CABBAGE,islwords,video,,islwords:rec:012e506e2026,C:\ISL\archive\Video_Dataset\Video_Dataset\Cabbage\WIN_20231102_11_05_42_Pro.mp4,data/processed/landmarks/islwords/CABBAGE/28729ffb6385.npz,181,30.0,6.033,0.989,1.0,,
35a5448ffa9e,CABBAGE,islwords,video,,islwords:rec:1f1120745a89,C:\ISL\archive\Video_Dataset\Video_Dataset\Cabbage\WIN_20231102_11_08_18_Pro.mp4,data/processed/landmarks/islwords/CABBAGE/35a5448ffa9e.npz,203,30.0,6.767,1.0,1.0,,
56bceb405fb2,CABBAGE,islwords,video,,islwords:rec:f1f4e9efba14,C:\ISL\archive\Video_Dataset\Video_Dataset\Cabbage\WIN_20231102_11_08_28_Pro.mp4,data/processed/landmarks/islwords/CABBAGE/56bceb405fb2.npz,209,30.0,6.967,1.0,1.0,,
419fb52bb526,CABBAGE,islwords,video,,islwords:rec:bcea066e591a,C:\ISL\archive\Video_Dataset\Video_Dataset\Cabbage\WIN_20231102_11_08_36_Pro.mp4,data/processed/landmarks/islwords/CABBAGE/419fb52bb526.npz,201,30.0,6.7,1.0,1.0,,
d4d75fd26511,CABBAGE,islwords,video,,islwords:rec:304c51a4c996,C:\ISL\archive\Video_Dataset\Video_Dataset\Cabbage\WIN_20231102_11_08_45_Pro.mp4,data/processed/landmarks/islwords/CABBAGE/d4d75fd26511.npz,217,30.0,7.233,1.0,1.0,,
1ca9dded7158,CABBAGE,islwords,video,,islwords:rec:61fe0ccfd7ab,C:\ISL\archive\Video_Dataset\Video_Dataset\Cabbage\WIN_20231102_11_08_54_Pro.mp4,data/processed/landmarks/islwords/CABBAGE/1ca9dded7158.npz,199,30.0,6.633,1.0,1.0,,
02b82e9f2591,CABBAGE,islwords,video,,islwords:rec:6bac27d60971,C:\ISL\archive\Video_Dataset\Video_Dataset\Cabbage\WIN_20231102_11_09_36_Pro.mp4,data/processed/landmarks/islwords/CABBAGE/02b82e9f2591.npz,202,30.0,6.733,1.0,1.0,,
b4fbe63a7677,CABBAGE,islwords,video,,islwords:rec:098671307242,C:\ISL\archive\Video_Dataset\Video_Dataset\Cabbage\WIN_20231102_11_09_45_Pro.mp4,data/processed/landmarks/islwords/CABBAGE/b4fbe63a7677.npz,188,30.0,6.267,1.0,1.0,,
a61502acf9b3,CABBAGE,islwords,video,,islwords:rec:6ffec0d6d957,C:\ISL\archive\Video_Dataset\Video_Dataset\Cabbage\WIN_20231102_11_09_52_Pro.mp4,data/processed/landmarks/islwords/CABBAGE/a61502acf9b3.npz,185,30.0,6.167,1.0,1.0,,
660a4dd177c5,CABBAGE,islwords,video,,islwords:rec:73ef6b81e7a2,C:\ISL\archive\Video_Dataset\Video_Dataset\Cabbage\WIN_20231102_11_10_00_Pro.mp4,data/processed/landmarks/islwords/CABBAGE/660a4dd177c5.npz,181,30.0,6.033,1.0,1.0,,
2241759291b9,CABBAGE,islwords,video,,islwords:rec:1e3e50b6e35b,C:\ISL\archive\Video_Dataset\Video_Dataset\Cabbage\WIN_20231102_11_10_08_Pro.mp4,data/processed/landmarks/islwords/CABBAGE/2241759291b9.npz,169,30.0,5.633,1.0,1.0,,
9a7e8b9fd91d,CABBAGE,islwords,video,,islwords:rec:b365fca6e922,C:\ISL\archive\Video_Dataset\Video_Dataset\Cabbage\WIN_20231102_11_10_34_Pro.mp4,data/processed/landmarks/islwords/CABBAGE/9a7e8b9fd91d.npz,186,30.0,6.2,1.0,1.0,,
6ecac192e7b4,CABBAGE,islwords,video,,islwords:rec:99a020426938,C:\ISL\archive\Video_Dataset\Video_Dataset\Cabbage\WIN_20231102_11_10_42_Pro.mp4,data/processed/landmarks/islwords/CABBAGE/6ecac192e7b4.npz,186,30.0,6.2,0.9946,1.0,,
20af67fc10a5,CABBAGE,islwords,video,,islwords:rec:ead35b42192c,C:\ISL\archive\Video_Dataset\Video_Dataset\Cabbage\WIN_20231102_11_10_50_Pro.mp4,data/processed/landmarks/islwords/CABBAGE/20af67fc10a5.npz,178,30.0,5.933,1.0,1.0,,
da58d52baae0,CABBAGE,islwords,video,,islwords:rec:6798b20cefbb,C:\ISL\archive\Video_Dataset\Video_Dataset\Cabbage\WIN_20231102_11_10_57_Pro.mp4,data/processed/landmarks/islwords/CABBAGE/da58d52baae0.npz,174,30.0,5.8,1.0,1.0,,
ad0e8f86c267,CABBAGE,islwords,video,,islwords:rec:8a2a2ed4e229,C:\ISL\archive\Video_Dataset\Video_Dataset\Cabbage\WIN_20231102_11_11_40_Pro.mp4,data/processed/landmarks/islwords/CABBAGE/ad0e8f86c267.npz,186,30.0,6.2,0.9946,1.0,,
a1b21e110b29,CARROT,islwords,video,,islwords:rec:35fa1ade98bf,C:\ISL\archive\Video_Dataset\Video_Dataset\Carrot\WIN_20231102_11_18_27_Pro.mp4,data/processed/landmarks/islwords/CARROT/a1b21e110b29.npz,130,30.0,4.333,1.0,1.0,,
91cd553f1c9d,CARROT,islwords,video,,islwords:rec:6e41b2ecf7ea,C:\ISL\archive\Video_Dataset\Video_Dataset\Carrot\WIN_20231102_11_18_34_Pro.mp4,data/processed/landmarks/islwords/CARROT/91cd553f1c9d.npz,122,30.0,4.067,1.0,1.0,,
9442f04da340,CARROT,islwords,video,,islwords:rec:fb99ee996733,C:\ISL\archive\Video_Dataset\Video_Dataset\Carrot\WIN_20231102_11_18_41_Pro.mp4,data/processed/landmarks/islwords/CARROT/9442f04da340.npz,141,30.0,4.7,1.0,1.0,,
7ae255808006,CARROT,islwords,video,,islwords:rec:8ed83e8629c3,C:\ISL\archive\Video_Dataset\Video_Dataset\Carrot\WIN_20231102_11_18_50_Pro.mp4,data/processed/landmarks/islwords/CARROT/7ae255808006.npz,137,30.0,4.567,1.0,1.0,,
37a85a3e1ec3,CARROT,islwords,video,,islwords:rec:6eaef32242aa,C:\ISL\archive\Video_Dataset\Video_Dataset\Carrot\WIN_20231102_11_18_56_Pro.mp4,data/processed/landmarks/islwords/CARROT/37a85a3e1ec3.npz,124,30.0,4.133,1.0,1.0,,
979f92c507cc,CARROT,islwords,video,,islwords:rec:b9f5bb21f73b,C:\ISL\archive\Video_Dataset\Video_Dataset\Carrot\WIN_20231102_11_19_28_Pro.mp4,data/processed/landmarks/islwords/CARROT/979f92c507cc.npz,177,30.0,5.9,1.0,1.0,,
acfed4103e7a,CARROT,islwords,video,,islwords:rec:ff4423eacd28,C:\ISL\archive\Video_Dataset\Video_Dataset\Carrot\WIN_20231102_11_19_36_Pro.mp4,data/processed/landmarks/islwords/CARROT/acfed4103e7a.npz,175,30.0,5.833,1.0,1.0,,
f4a6bd550659,CARROT,islwords,video,,islwords:rec:0b7a9a428b31,C:\ISL\archive\Video_Dataset\Video_Dataset\Carrot\WIN_20231102_11_19_44_Pro.mp4,data/processed/landmarks/islwords/CARROT/f4a6bd550659.npz,166,30.0,5.533,1.0,1.0,,
2cc6893ccff1,CARROT,islwords,video,,islwords:rec:5890711fef4c,C:\ISL\archive\Video_Dataset\Video_Dataset\Carrot\WIN_20231102_11_19_51_Pro.mp4,data/processed/landmarks/islwords/CARROT/2cc6893ccff1.npz,158,30.0,5.267,1.0,1.0,,
8f9e13bcc728,CARROT,islwords,video,,islwords:rec:5eeb42885f21,C:\ISL\archive\Video_Dataset\Video_Dataset\Carrot\WIN_20231102_11_19_58_Pro.mp4,data/processed/landmarks/islwords/CARROT/8f9e13bcc728.npz,158,30.0,5.267,1.0,1.0,,
d8f30cbe117c,CARROT,islwords,video,,islwords:rec:2bb5c3a62f70,C:\ISL\archive\Video_Dataset\Video_Dataset\Carrot\WIN_20231102_11_20_24_Pro.mp4,data/processed/landmarks/islwords/CARROT/d8f30cbe117c.npz,148,30.0,4.933,1.0,1.0,,
ab6e08741c0c,CARROT,islwords,video,,islwords:rec:b8c26a447ed1,C:\ISL\archive\Video_Dataset\Video_Dataset\Carrot\WIN_20231102_11_20_32_Pro.mp4,data/processed/landmarks/islwords/CARROT/ab6e08741c0c.npz,137,30.0,4.567,1.0,1.0,,
cc1d3a5be7f9,CARROT,islwords,video,,islwords:rec:de2ad002ee0c,C:\ISL\archive\Video_Dataset\Video_Dataset\Carrot\WIN_20231102_11_20_39_Pro.mp4,data/processed/landmarks/islwords/CARROT/cc1d3a5be7f9.npz,135,30.0,4.5,1.0,1.0,,
62e16d6dad5e,CARROT,islwords,video,,islwords:rec:04c265413dfa,C:\ISL\archive\Video_Dataset\Video_Dataset\Carrot\WIN_20231102_11_20_48_Pro.mp4,data/processed/landmarks/islwords/CARROT/62e16d6dad5e.npz,124,30.0,4.133,1.0,1.0,,
3d73636ac500,CARROT,islwords,video,,islwords:rec:6dce15fbe764,C:\ISL\archive\Video_Dataset\Video_Dataset\Carrot\WIN_20231102_11_20_54_Pro.mp4,data/processed/landmarks/islwords/CARROT/3d73636ac500.npz,132,30.0,4.4,1.0,1.0,,
d059e4dfef86,CARROT,islwords,video,,islwords:rec:c96dc2df14ba,C:\ISL\archive\Video_Dataset\Video_Dataset\Carrot\WIN_20231102_11_30_10_Pro.mp4,data/processed/landmarks/islwords/CARROT/d059e4dfef86.npz,148,30.0,4.933,1.0,1.0,,
8c6cbfd7caf6,CARROT,islwords,video,,islwords:rec:b672582e9f6c,C:\ISL\archive\Video_Dataset\Video_Dataset\Carrot\WIN_20231102_11_30_17_Pro.mp4,data/processed/landmarks/islwords/CARROT/8c6cbfd7caf6.npz,175,30.0,5.833,1.0,1.0,,
e67809cfff73,CARROT,islwords,video,,islwords:rec:62e0e76ea898,C:\ISL\archive\Video_Dataset\Video_Dataset\Carrot\WIN_20231102_11_30_29_Pro.mp4,data/processed/landmarks/islwords/CARROT/e67809cfff73.npz,170,30.0,5.667,1.0,1.0,,
d302d3b328d6,CARROT,islwords,video,,islwords:rec:e84bef7bb1bc,C:\ISL\archive\Video_Dataset\Video_Dataset\Carrot\WIN_20231102_11_30_37_Pro.mp4,data/processed/landmarks/islwords/CARROT/d302d3b328d6.npz,163,30.0,5.433,1.0,1.0,,
888b499f7093,CARROT,islwords,video,,islwords:rec:c1668780a988,C:\ISL\archive\Video_Dataset\Video_Dataset\Carrot\WIN_20231102_11_31_12_Pro.mp4,data/processed/landmarks/islwords/CARROT/888b499f7093.npz,176,30.0,5.867,1.0,1.0,,
74d63263e0e2,CAULIFLOWER,islwords,video,,islwords:rec:3442d3f226c8,C:\ISL\archive\Video_Dataset\Video_Dataset\Cauliflower\WIN_20231102_11_34_51_Pro.mp4,data/processed/landmarks/islwords/CAULIFLOWER/74d63263e0e2.npz,169,30.0,5.633,0.9941,1.0,,
4ccc1e6964fc,CAULIFLOWER,islwords,video,,islwords:rec:1bc2d506c790,C:\ISL\archive\Video_Dataset\Video_Dataset\Cauliflower\WIN_20231102_11_35_11_Pro.mp4,data/processed/landmarks/islwords/CAULIFLOWER/4ccc1e6964fc.npz,174,30.0,5.8,1.0,1.0,,
e87542e8ef69,CAULIFLOWER,islwords,video,,islwords:rec:e2758e37b959,C:\ISL\archive\Video_Dataset\Video_Dataset\Cauliflower\WIN_20231102_11_35_19_Pro.mp4,data/processed/landmarks/islwords/CAULIFLOWER/e87542e8ef69.npz,162,30.0,5.4,1.0,1.0,,
d88d78c3b161,CAULIFLOWER,islwords,video,,islwords:rec:fb8a2a729386,C:\ISL\archive\Video_Dataset\Video_Dataset\Cauliflower\WIN_20231102_11_35_26_Pro.mp4,data/processed/landmarks/islwords/CAULIFLOWER/d88d78c3b161.npz,166,30.0,5.533,0.988,1.0,,
1b61f184a75c,CAULIFLOWER,islwords,video,,islwords:rec:8c796c69fe1f,C:\ISL\archive\Video_Dataset\Video_Dataset\Cauliflower\WIN_20231102_11_35_34_Pro.mp4,data/processed/landmarks/islwords/CAULIFLOWER/1b61f184a75c.npz,160,30.0,5.333,0.9875,1.0,,
2272d3d2c32c,CAULIFLOWER,islwords,video,,islwords:rec:6f0772cc2939,C:\ISL\archive\Video_Dataset\Video_Dataset\Cauliflower\WIN_20231102_11_40_50_Pro.mp4,data/processed/landmarks/islwords/CAULIFLOWER/2272d3d2c32c.npz,207,30.0,6.9,1.0,1.0,,
616b57f545f5,CAULIFLOWER,islwords,video,,islwords:rec:ef226ec71b7b,C:\ISL\archive\Video_Dataset\Video_Dataset\Cauliflower\WIN_20231102_11_41_06_Pro.mp4,data/processed/landmarks/islwords/CAULIFLOWER/616b57f545f5.npz,206,30.0,6.867,1.0,1.0,,
aec46d8b93ad,CAULIFLOWER,islwords,video,,islwords:rec:916a3ae82198,C:\ISL\archive\Video_Dataset\Video_Dataset\Cauliflower\WIN_20231102_11_41_14_Pro.mp4,data/processed/landmarks/islwords/CAULIFLOWER/aec46d8b93ad.npz,208,30.0,6.933,1.0,1.0,,
49e90609ee5e,CAULIFLOWER,islwords,video,,islwords:rec:4b69d3ef305c,C:\ISL\archive\Video_Dataset\Video_Dataset\Cauliflower\WIN_20231102_11_41_23_Pro.mp4,data/processed/landmarks/islwords/CAULIFLOWER/49e90609ee5e.npz,194,30.0,6.467,1.0,1.0,,
4c81009ae718,CAULIFLOWER,islwords,video,,islwords:rec:1d8371b4a65a,C:\ISL\archive\Video_Dataset\Video_Dataset\Cauliflower\WIN_20231102_11_41_31_Pro.mp4,data/processed/landmarks/islwords/CAULIFLOWER/4c81009ae718.npz,182,30.0,6.067,1.0,1.0,,
fa00421646b9,CAULIFLOWER,islwords,video,,islwords:rec:5521566a61fa,C:\ISL\archive\Video_Dataset\Video_Dataset\Cauliflower\WIN_20231102_11_43_01_Pro.mp4,data/processed/landmarks/islwords/CAULIFLOWER/fa00421646b9.npz,171,30.0,5.7,1.0,1.0,,
93f3d161857c,CAULIFLOWER,islwords,video,,islwords:rec:04745e96ca55,C:\ISL\archive\Video_Dataset\Video_Dataset\Cauliflower\WIN_20231102_11_43_08_Pro.mp4,data/processed/landmarks/islwords/CAULIFLOWER/93f3d161857c.npz,175,30.0,5.833,1.0,1.0,,
2bbd29e2b42a,CAULIFLOWER,islwords,video,,islwords:rec:1af6415519dd,C:\ISL\archive\Video_Dataset\Video_Dataset\Cauliflower\WIN_20231102_11_43_25_Pro.mp4,data/processed/landmarks/islwords/CAULIFLOWER/2bbd29e2b42a.npz,184,30.0,6.133,1.0,1.0,,
824940e82ec8,CAULIFLOWER,islwords,video,,islwords:rec:344494ce3ae1,C:\ISL\archive\Video_Dataset\Video_Dataset\Cauliflower\WIN_20231102_11_43_34_Pro.mp4,data/processed/landmarks/islwords/CAULIFLOWER/824940e82ec8.npz,178,30.0,5.933,1.0,1.0,,
7fd164ed219c,CAULIFLOWER,islwords,video,,islwords:rec:3581a87f5210,C:\ISL\archive\Video_Dataset\Video_Dataset\Cauliflower\WIN_20231102_11_43_42_Pro.mp4,data/processed/landmarks/islwords/CAULIFLOWER/7fd164ed219c.npz,154,30.0,5.133,1.0,1.0,,
d1ec6d348ebf,CAULIFLOWER,islwords,video,,islwords:rec:540d311481b9,C:\ISL\archive\Video_Dataset\Video_Dataset\Cauliflower\WIN_20231102_11_44_13_Pro.mp4,data/processed/landmarks/islwords/CAULIFLOWER/d1ec6d348ebf.npz,153,30.0,5.1,1.0,1.0,,
b61010d2b491,CAULIFLOWER,islwords,video,,islwords:rec:05ab622bc2ba,C:\ISL\archive\Video_Dataset\Video_Dataset\Cauliflower\WIN_20231102_11_44_21_Pro.mp4,data/processed/landmarks/islwords/CAULIFLOWER/b61010d2b491.npz,152,30.0,5.067,1.0,1.0,,
578f4c810e60,CAULIFLOWER,islwords,video,,islwords:rec:2f456633dac8,C:\ISL\archive\Video_Dataset\Video_Dataset\Cauliflower\WIN_20231102_11_44_27_Pro.mp4,data/processed/landmarks/islwords/CAULIFLOWER/578f4c810e60.npz,144,30.0,4.8,1.0,1.0,,
11ba976edc2a,CAULIFLOWER,islwords,video,,islwords:rec:2564538681b9,C:\ISL\archive\Video_Dataset\Video_Dataset\Cauliflower\WIN_20231102_11_44_34_Pro.mp4,data/processed/landmarks/islwords/CAULIFLOWER/11ba976edc2a.npz,137,30.0,4.567,1.0,1.0,,
5e60caa2f004,CAULIFLOWER,islwords,video,,islwords:rec:4f903fca705a,C:\ISL\archive\Video_Dataset\Video_Dataset\Cauliflower\WIN_20231102_11_44_58_Pro.mp4,data/processed/landmarks/islwords/CAULIFLOWER/5e60caa2f004.npz,136,30.0,4.533,0.9926,1.0,,
e1a99d66a98b,CHILLI,islwords,video,,islwords:rec:5b5dcbe99432,C:\ISL\archive\Video_Dataset\Video_Dataset\Chilli\WIN_20231102_11_47_32_Pro.mp4,data/processed/landmarks/islwords/CHILLI/e1a99d66a98b.npz,130,30.0,4.333,1.0,1.0,,
da7ef88c1d76,CHILLI,islwords,video,,islwords:rec:db316b293c69,C:\ISL\archive\Video_Dataset\Video_Dataset\Chilli\WIN_20231102_11_47_53_Pro.mp4,data/processed/landmarks/islwords/CHILLI/da7ef88c1d76.npz,148,30.0,4.933,1.0,1.0,,
118ee90f336f,CHILLI,islwords,video,,islwords:rec:59948e1bd42a,C:\ISL\archive\Video_Dataset\Video_Dataset\Chilli\WIN_20231102_11_48_00_Pro.mp4,data/processed/landmarks/islwords/CHILLI/118ee90f336f.npz,126,30.0,4.2,1.0,1.0,,
a45cc5460581,CHILLI,islwords,video,,islwords:rec:bf3d7afa1f6a,C:\ISL\archive\Video_Dataset\Video_Dataset\Chilli\WIN_20231102_11_48_08_Pro.mp4,data/processed/landmarks/islwords/CHILLI/a45cc5460581.npz,142,30.0,4.733,1.0,1.0,,
9d588e703e34,CHILLI,islwords,video,,islwords:rec:833cc57ddec3,C:\ISL\archive\Video_Dataset\Video_Dataset\Chilli\WIN_20231102_11_48_15_Pro.mp4,data/processed/landmarks/islwords/CHILLI/9d588e703e34.npz,139,30.0,4.633,1.0,1.0,,
ab5f58c656a2,CHILLI,islwords,video,,islwords:rec:96091ff2f490,C:\ISL\archive\Video_Dataset\Video_Dataset\Chilli\WIN_20231102_11_48_53_Pro.mp4,data/processed/landmarks/islwords/CHILLI/ab5f58c656a2.npz,146,30.0,4.867,1.0,1.0,,
ac22f52753b2,CHILLI,islwords,video,,islwords:rec:24ea939b1083,C:\ISL\archive\Video_Dataset\Video_Dataset\Chilli\WIN_20231102_11_48_59_Pro.mp4,data/processed/landmarks/islwords/CHILLI/ac22f52753b2.npz,144,30.0,4.8,1.0,1.0,,
21691095acf1,CHILLI,islwords,video,,islwords:rec:ed27cdc59a68,C:\ISL\archive\Video_Dataset\Video_Dataset\Chilli\WIN_20231102_11_49_06_Pro.mp4,data/processed/landmarks/islwords/CHILLI/21691095acf1.npz,140,30.0,4.667,1.0,1.0,,
cd4f38899b8e,CHILLI,islwords,video,,islwords:rec:82b6e561a4ca,C:\ISL\archive\Video_Dataset\Video_Dataset\Chilli\WIN_20231102_11_49_12_Pro.mp4,data/processed/landmarks/islwords/CHILLI/cd4f38899b8e.npz,136,30.0,4.533,1.0,1.0,,
857bfcee3326,CHILLI,islwords,video,,islwords:rec:20c7cffda4a6,C:\ISL\archive\Video_Dataset\Video_Dataset\Chilli\WIN_20231102_11_49_18_Pro.mp4,data/processed/landmarks/islwords/CHILLI/857bfcee3326.npz,144,30.0,4.8,1.0,1.0,,
a25768ba9739,CHILLI,islwords,video,,islwords:rec:4907749bad26,C:\ISL\archive\Video_Dataset\Video_Dataset\Chilli\WIN_20231102_11_50_45_Pro.mp4,data/processed/landmarks/islwords/CHILLI/a25768ba9739.npz,131,30.0,4.367,1.0,1.0,,
9b6b795d9e47,CHILLI,islwords,video,,islwords:rec:4998ceb833b3,C:\ISL\archive\Video_Dataset\Video_Dataset\Chilli\WIN_20231102_11_50_52_Pro.mp4,data/processed/landmarks/islwords/CHILLI/9b6b795d9e47.npz,135,30.0,4.5,1.0,1.0,,
06c7b4a38833,CHILLI,islwords,video,,islwords:rec:0f2406656fd4,C:\ISL\archive\Video_Dataset\Video_Dataset\Chilli\WIN_20231102_11_50_58_Pro.mp4,data/processed/landmarks/islwords/CHILLI/06c7b4a38833.npz,130,30.0,4.333,1.0,1.0,,
22c798d8e819,CHILLI,islwords,video,,islwords:rec:7f7fc74d6bb6,C:\ISL\archive\Video_Dataset\Video_Dataset\Chilli\WIN_20231102_11_51_04_Pro.mp4,data/processed/landmarks/islwords/CHILLI/22c798d8e819.npz,164,30.0,5.467,1.0,1.0,,
a02645ba5ff3,CHILLI,islwords,video,,islwords:rec:10efb6735430,C:\ISL\archive\Video_Dataset\Video_Dataset\Chilli\WIN_20231102_11_51_36_Pro.mp4,data/processed/landmarks/islwords/CHILLI/a02645ba5ff3.npz,130,30.0,4.333,1.0,1.0,,
98edac66a65c,CHILLI,islwords,video,,islwords:rec:d112e2b5f256,C:\ISL\archive\Video_Dataset\Video_Dataset\Chilli\WIN_20231102_11_52_53_Pro.mp4,data/processed/landmarks/islwords/CHILLI/98edac66a65c.npz,126,30.0,4.2,1.0,1.0,,
fafd33a016d8,CHILLI,islwords,video,,islwords:rec:d6eb87e14feb,C:\ISL\archive\Video_Dataset\Video_Dataset\Chilli\WIN_20231102_11_53_01_Pro.mp4,data/processed/landmarks/islwords/CHILLI/fafd33a016d8.npz,120,30.0,4.0,1.0,1.0,,
146232a44b37,CHILLI,islwords,video,,islwords:rec:19d924d14d40,C:\ISL\archive\Video_Dataset\Video_Dataset\Chilli\WIN_20231102_11_53_08_Pro.mp4,data/processed/landmarks/islwords/CHILLI/146232a44b37.npz,114,30.0,3.8,1.0,1.0,,
e71b65d8ad2d,CHILLI,islwords,video,,islwords:rec:930c52e40f52,C:\ISL\archive\Video_Dataset\Video_Dataset\Chilli\WIN_20231102_11_53_14_Pro.mp4,data/processed/landmarks/islwords/CHILLI/e71b65d8ad2d.npz,97,30.0,3.233,1.0,1.0,,
4854cbbbef97,CHILLI,islwords,video,,islwords:rec:826a49a2fbd7,C:\ISL\archive\Video_Dataset\Video_Dataset\Chilli\WIN_20231102_11_53_32_Pro.mp4,data/processed/landmarks/islwords/CHILLI/4854cbbbef97.npz,119,30.0,3.967,1.0,1.0,,
ecefc361d967,CLEAN,islwords,video,,islwords:rec:aca4d4d27bfd,C:\ISL\archive\Video_Dataset\Video_Dataset\Clean\WIN_20231103_10_29_32_Pro.mp4,data/processed/landmarks/islwords/CLEAN/ecefc361d967.npz,181,30.0,6.033,1.0,1.0,,
e0e1798f6c92,CLEAN,islwords,video,,islwords:rec:23b835a2083f,C:\ISL\archive\Video_Dataset\Video_Dataset\Clean\WIN_20231103_10_29_42_Pro.mp4,data/processed/landmarks/islwords/CLEAN/e0e1798f6c92.npz,142,30.0,4.733,1.0,1.0,,
12e01588c0e9,CLEAN,islwords,video,,islwords:rec:120c59f6fc7e,C:\ISL\archive\Video_Dataset\Video_Dataset\Clean\WIN_20231103_10_29_48_Pro.mp4,data/processed/landmarks/islwords/CLEAN/12e01588c0e9.npz,140,30.0,4.667,1.0,1.0,,
a32200600c8d,CLEAN,islwords,video,,islwords:rec:370268721eae,C:\ISL\archive\Video_Dataset\Video_Dataset\Clean\WIN_20231103_10_29_55_Pro.mp4,data/processed/landmarks/islwords/CLEAN/a32200600c8d.npz,140,30.0,4.667,1.0,1.0,,
2b071cf6e681,CLEAN,islwords,video,,islwords:rec:33d6a054600d,C:\ISL\archive\Video_Dataset\Video_Dataset\Clean\WIN_20231103_10_30_05_Pro.mp4,data/processed/landmarks/islwords/CLEAN/2b071cf6e681.npz,132,30.0,4.4,1.0,1.0,,
6ea354cb09b3,CLEAN,islwords,video,,islwords:rec:387672c4e073,C:\ISL\archive\Video_Dataset\Video_Dataset\Clean\WIN_20231103_10_30_22_Pro.mp4,data/processed/landmarks/islwords/CLEAN/6ea354cb09b3.npz,137,30.0,4.567,1.0,1.0,,
a03c1af4f272,CLEAN,islwords,video,,islwords:rec:b25f5816f47e,C:\ISL\archive\Video_Dataset\Video_Dataset\Clean\WIN_20231103_10_30_28_Pro.mp4,data/processed/landmarks/islwords/CLEAN/a03c1af4f272.npz,131,30.0,4.367,1.0,1.0,,
9ba7695d3a65,CLEAN,islwords,video,,islwords:rec:64041ebfd282,C:\ISL\archive\Video_Dataset\Video_Dataset\Clean\WIN_20231103_10_30_34_Pro.mp4,data/processed/landmarks/islwords/CLEAN/9ba7695d3a65.npz,135,30.0,4.5,1.0,1.0,,
b1703c030e6a,CLEAN,islwords,video,,islwords:rec:f2b8be929f85,C:\ISL\archive\Video_Dataset\Video_Dataset\Clean\WIN_20231103_10_30_40_Pro.mp4,data/processed/landmarks/islwords/CLEAN/b1703c030e6a.npz,124,30.0,4.133,1.0,1.0,,
ccc1c1bc157d,CLEAN,islwords,video,,islwords:rec:43ef0fc498af,C:\ISL\archive\Video_Dataset\Video_Dataset\Clean\WIN_20231103_10_30_45_Pro.mp4,data/processed/landmarks/islwords/CLEAN/ccc1c1bc157d.npz,137,30.0,4.567,1.0,1.0,,
313650df89ad,CLEAN,islwords,video,,islwords:rec:d4e844bb2bef,C:\ISL\archive\Video_Dataset\Video_Dataset\Clean\WIN_20231103_10_30_56_Pro.mp4,data/processed/landmarks/islwords/CLEAN/313650df89ad.npz,158,30.0,5.267,1.0,1.0,,
c5ee2f902126,CLEAN,islwords,video,,islwords:rec:d61740aa0c53,C:\ISL\archive\Video_Dataset\Video_Dataset\Clean\WIN_20231103_10_31_02_Pro.mp4,data/processed/landmarks/islwords/CLEAN/c5ee2f902126.npz,175,30.0,5.833,1.0,1.0,,
5067f62c56ca,CLEAN,islwords,video,,islwords:rec:a77b31815abd,C:\ISL\archive\Video_Dataset\Video_Dataset\Clean\WIN_20231103_10_31_13_Pro.mp4,data/processed/landmarks/islwords/CLEAN/5067f62c56ca.npz,169,30.0,5.633,1.0,1.0,,
3b74f40de50f,CLEAN,islwords,video,,islwords:rec:40e6aaa7336f,C:\ISL\archive\Video_Dataset\Video_Dataset\Clean\WIN_20231103_10_31_20_Pro.mp4,data/processed/landmarks/islwords/CLEAN/3b74f40de50f.npz,178,30.0,5.933,1.0,1.0,,
6336d01c3107,CLEAN,islwords,video,,islwords:rec:7f6ebc4f4eb2,C:\ISL\archive\Video_Dataset\Video_Dataset\Clean\WIN_20231103_10_31_29_Pro.mp4,data/processed/landmarks/islwords/CLEAN/6336d01c3107.npz,195,30.0,6.5,1.0,1.0,,
7ebf60c37bea,CLEAN,islwords,video,,islwords:rec:8b6d3647675d,C:\ISL\archive\Video_Dataset\Video_Dataset\Clean\WIN_20231103_10_32_02_Pro.mp4,data/processed/landmarks/islwords/CLEAN/7ebf60c37bea.npz,137,30.0,4.567,1.0,1.0,,
d3e56d26c401,CLEAN,islwords,video,,islwords:rec:ecbc94b7cd38,C:\ISL\archive\Video_Dataset\Video_Dataset\Clean\WIN_20231103_10_32_09_Pro.mp4,data/processed/landmarks/islwords/CLEAN/d3e56d26c401.npz,134,30.0,4.467,1.0,1.0,,
1b225376f366,CLEAN,islwords,video,,islwords:rec:e5a50b2ae968,C:\ISL\archive\Video_Dataset\Video_Dataset\Clean\WIN_20231103_10_32_15_Pro.mp4,data/processed/landmarks/islwords/CLEAN/1b225376f366.npz,152,30.0,5.067,1.0,1.0,,
d0efedbf2aaa,CLEAN,islwords,video,,islwords:rec:beb279e8a09e,C:\ISL\archive\Video_Dataset\Video_Dataset\Clean\WIN_20231103_10_32_22_Pro.mp4,data/processed/landmarks/islwords/CLEAN/d0efedbf2aaa.npz,146,30.0,4.867,1.0,1.0,,
c2f149b854d0,CLEAN,islwords,video,,islwords:rec:688507482d7b,C:\ISL\archive\Video_Dataset\Video_Dataset\Clean\WIN_20231103_10_32_29_Pro.mp4,data/processed/landmarks/islwords/CLEAN/c2f149b854d0.npz,139,30.0,4.633,1.0,1.0,,
587480a0e688,CLOSE,islwords,video,,islwords:rec:78b7800e39e9,C:\ISL\archive\Video_Dataset\Video_Dataset\Close\WIN_20231103_10_35_06_Pro.mp4,data/processed/landmarks/islwords/CLOSE/587480a0e688.npz,126,30.0,4.2,1.0,1.0,,
a43b1fad5fb1,CLOSE,islwords,video,,islwords:rec:641fe80d16b6,C:\ISL\archive\Video_Dataset\Video_Dataset\Close\WIN_20231103_10_35_13_Pro.mp4,data/processed/landmarks/islwords/CLOSE/a43b1fad5fb1.npz,110,30.0,3.667,1.0,1.0,,
4d4a91fbae59,CLOSE,islwords,video,,islwords:rec:d1d31b63b89c,C:\ISL\archive\Video_Dataset\Video_Dataset\Close\WIN_20231103_10_35_18_Pro.mp4,data/processed/landmarks/islwords/CLOSE/4d4a91fbae59.npz,111,30.0,3.7,0.991,1.0,,
9aa8dae3ce41,CLOSE,islwords,video,,islwords:rec:94388afce153,C:\ISL\archive\Video_Dataset\Video_Dataset\Close\WIN_20231103_10_35_23_Pro.mp4,data/processed/landmarks/islwords/CLOSE/9aa8dae3ce41.npz,111,30.0,3.7,1.0,1.0,,
656994577915,CLOSE,islwords,video,,islwords:rec:1fe1521d167a,C:\ISL\archive\Video_Dataset\Video_Dataset\Close\WIN_20231103_10_35_28_Pro.mp4,data/processed/landmarks/islwords/CLOSE/656994577915.npz,101,30.0,3.367,1.0,1.0,,
662609070c08,CLOSE,islwords,video,,islwords:rec:de04726770d6,C:\ISL\archive\Video_Dataset\Video_Dataset\Close\WIN_20231103_10_36_14_Pro.mp4,data/processed/landmarks/islwords/CLOSE/662609070c08.npz,112,30.0,3.733,0.9911,1.0,,
617f815bc760,CLOSE,islwords,video,,islwords:rec:287cc4f9a85b,C:\ISL\archive\Video_Dataset\Video_Dataset\Close\WIN_20231103_10_36_19_Pro.mp4,data/processed/landmarks/islwords/CLOSE/617f815bc760.npz,119,30.0,3.967,1.0,1.0,,
3026056937bb,CLOSE,islwords,video,,islwords:rec:4d23444efdf1,C:\ISL\archive\Video_Dataset\Video_Dataset\Close\WIN_20231103_10_36_40_Pro.mp4,data/processed/landmarks/islwords/CLOSE/3026056937bb.npz,126,30.0,4.2,1.0,1.0,,
bc532aa16f46,CLOSE,islwords,video,,islwords:rec:2d28c4984077,C:\ISL\archive\Video_Dataset\Video_Dataset\Close\WIN_20231103_10_36_57_Pro.mp4,data/processed/landmarks/islwords/CLOSE/bc532aa16f46.npz,109,30.0,3.633,1.0,1.0,,
28a0619237bd,CLOSE,islwords,video,,islwords:rec:b9547fa2173c,C:\ISL\archive\Video_Dataset\Video_Dataset\Close\WIN_20231103_10_37_04_Pro.mp4,data/processed/landmarks/islwords/CLOSE/28a0619237bd.npz,108,30.0,3.6,1.0,1.0,,
19fea33230fd,CLOSE,islwords,video,,islwords:rec:cd6d5f446a1e,C:\ISL\archive\Video_Dataset\Video_Dataset\Close\WIN_20231103_10_37_15_Pro.mp4,data/processed/landmarks/islwords/CLOSE/19fea33230fd.npz,150,30.0,5.0,1.0,1.0,,
fc9a37011380,CLOSE,islwords,video,,islwords:rec:e6be238db071,C:\ISL\archive\Video_Dataset\Video_Dataset\Close\WIN_20231103_10_37_21_Pro.mp4,data/processed/landmarks/islwords/CLOSE/fc9a37011380.npz,187,30.0,6.233,1.0,1.0,,
b2da27382dc2,CLOSE,islwords,video,,islwords:rec:a3505adfdc0d,C:\ISL\archive\Video_Dataset\Video_Dataset\Close\WIN_20231103_10_37_28_Pro.mp4,data/processed/landmarks/islwords/CLOSE/b2da27382dc2.npz,196,30.0,6.533,1.0,1.0,,
ae06ef5af31c,CLOSE,islwords,video,,islwords:rec:933fb26a23d8,C:\ISL\archive\Video_Dataset\Video_Dataset\Close\WIN_20231103_10_37_36_Pro.mp4,data/processed/landmarks/islwords/CLOSE/ae06ef5af31c.npz,194,30.0,6.467,1.0,1.0,,
60bbf2bc30e8,CLOSE,islwords,video,,islwords:rec:61a3bc0fd43c,C:\ISL\archive\Video_Dataset\Video_Dataset\Close\WIN_20231103_10_37_44_Pro.mp4,data/processed/landmarks/islwords/CLOSE/60bbf2bc30e8.npz,162,30.0,5.4,1.0,1.0,,
15c9d958009d,CLOSE,islwords,video,,islwords:rec:3a84419a6bdf,C:\ISL\archive\Video_Dataset\Video_Dataset\Close\WIN_20231103_10_39_40_Pro.mp4,data/processed/landmarks/islwords/CLOSE/15c9d958009d.npz,122,30.0,4.067,0.9836,1.0,,
3dea9bec211c,CLOSE,islwords,video,,islwords:rec:9c3fedd46e13,C:\ISL\archive\Video_Dataset\Video_Dataset\Close\WIN_20231103_10_39_51_Pro.mp4,data/processed/landmarks/islwords/CLOSE/3dea9bec211c.npz,123,30.0,4.1,0.9919,1.0,,
c786dec37175,CLOSE,islwords,video,,islwords:rec:c88bfff00d73,C:\ISL\archive\Video_Dataset\Video_Dataset\Close\WIN_20231103_10_39_57_Pro.mp4,data/processed/landmarks/islwords/CLOSE/c786dec37175.npz,129,30.0,4.3,1.0,1.0,,
5c21f5b09286,CLOSE,islwords,video,,islwords:rec:6b96ded4b87b,C:\ISL\archive\Video_Dataset\Video_Dataset\Close\WIN_20231103_10_40_03_Pro.mp4,data/processed/landmarks/islwords/CLOSE/5c21f5b09286.npz,146,30.0,4.867,0.9863,1.0,,
a535c30484d1,CLOSE,islwords,video,,islwords:rec:f9fffe280d68,C:\ISL\archive\Video_Dataset\Video_Dataset\Close\WIN_20231103_10_40_10_Pro.mp4,data/processed/landmarks/islwords/CLOSE/a535c30484d1.npz,140,30.0,4.667,1.0,1.0,,
ba0e69930742,COME,islwords,video,,islwords:rec:86c6de0e13de,C:\ISL\archive\Video_Dataset\Video_Dataset\Come\WIN_20231103_10_41_41_Pro.mp4,data/processed/landmarks/islwords/COME/ba0e69930742.npz,130,30.0,4.333,1.0,1.0,,
22cd36b92b42,COME,islwords,video,,islwords:rec:cd1b4a0f4007,C:\ISL\archive\Video_Dataset\Video_Dataset\Come\WIN_20231103_10_41_47_Pro.mp4,data/processed/landmarks/islwords/COME/22cd36b92b42.npz,144,30.0,4.8,1.0,1.0,,
58a96774f4c2,COME,islwords,video,,islwords:rec:0e3a74c01e5e,C:\ISL\archive\Video_Dataset\Video_Dataset\Come\WIN_20231103_10_41_53_Pro.mp4,data/processed/landmarks/islwords/COME/58a96774f4c2.npz,139,30.0,4.633,1.0,1.0,,
8d8e45563763,COME,islwords,video,,islwords:rec:48031ca451df,C:\ISL\archive\Video_Dataset\Video_Dataset\Come\WIN_20231103_10_41_58_Pro.mp4,data/processed/landmarks/islwords/COME/8d8e45563763.npz,128,30.0,4.267,1.0,1.0,,
60d220cf84c9,COME,islwords,video,,islwords:rec:7e5aa4d16bd4,C:\ISL\archive\Video_Dataset\Video_Dataset\Come\WIN_20231103_10_42_34_Pro.mp4,data/processed/landmarks/islwords/COME/60d220cf84c9.npz,116,30.0,3.867,1.0,1.0,,
eec363066a86,COME,islwords,video,,islwords:rec:b09bb7620fda,C:\ISL\archive\Video_Dataset\Video_Dataset\Come\WIN_20231103_10_42_51_Pro.mp4,data/processed/landmarks/islwords/COME/eec363066a86.npz,106,30.0,3.533,1.0,1.0,,
58bdd827807b,COME,islwords,video,,islwords:rec:cc7e66d15a8a,C:\ISL\archive\Video_Dataset\Video_Dataset\Come\WIN_20231103_10_42_56_Pro.mp4,data/processed/landmarks/islwords/COME/58bdd827807b.npz,105,30.0,3.5,1.0,1.0,,
495f879a8c37,COME,islwords,video,,islwords:rec:5418146a99dd,C:\ISL\archive\Video_Dataset\Video_Dataset\Come\WIN_20231103_10_43_00_Pro.mp4,data/processed/landmarks/islwords/COME/495f879a8c37.npz,103,30.0,3.433,1.0,1.0,,
4c2e08e16275,COME,islwords,video,,islwords:rec:106203efd3e0,C:\ISL\archive\Video_Dataset\Video_Dataset\Come\WIN_20231103_10_43_05_Pro.mp4,data/processed/landmarks/islwords/COME/4c2e08e16275.npz,108,30.0,3.6,1.0,1.0,,
1bda3cefa1fd,COME,islwords,video,,islwords:rec:e6ec86489125,C:\ISL\archive\Video_Dataset\Video_Dataset\Come\WIN_20231103_10_43_10_Pro.mp4,data/processed/landmarks/islwords/COME/1bda3cefa1fd.npz,99,30.0,3.3,1.0,1.0,,
e18c51b0f77a,COME,islwords,video,,islwords:rec:9f84c0b7bdb0,C:\ISL\archive\Video_Dataset\Video_Dataset\Come\WIN_20231103_10_43_24_Pro.mp4,data/processed/landmarks/islwords/COME/e18c51b0f77a.npz,119,30.0,3.967,1.0,1.0,,
d3eae3d26636,COME,islwords,video,,islwords:rec:85d4560972a4,C:\ISL\archive\Video_Dataset\Video_Dataset\Come\WIN_20231103_10_43_30_Pro.mp4,data/processed/landmarks/islwords/COME/d3eae3d26636.npz,124,30.0,4.133,1.0,1.0,,
4d7a279f1e7c,COME,islwords,video,,islwords:rec:47cfe5460721,C:\ISL\archive\Video_Dataset\Video_Dataset\Come\WIN_20231103_10_43_50_Pro.mp4,data/processed/landmarks/islwords/COME/4d7a279f1e7c.npz,136,30.0,4.533,1.0,1.0,,
ff0474bcf23c,COME,islwords,video,,islwords:rec:f4edcc84f08d,C:\ISL\archive\Video_Dataset\Video_Dataset\Come\WIN_20231103_10_43_56_Pro.mp4,data/processed/landmarks/islwords/COME/ff0474bcf23c.npz,124,30.0,4.133,1.0,1.0,,
84b7ff5e6708,COME,islwords,video,,islwords:rec:b7d480d0bd99,C:\ISL\archive\Video_Dataset\Video_Dataset\Come\WIN_20231103_10_44_08_Pro.mp4,data/processed/landmarks/islwords/COME/84b7ff5e6708.npz,126,30.0,4.2,1.0,1.0,,
93944952e967,COME,islwords,video,,islwords:rec:fe5ca65dd290,C:\ISL\archive\Video_Dataset\Video_Dataset\Come\WIN_20231103_10_44_25_Pro.mp4,data/processed/landmarks/islwords/COME/93944952e967.npz,131,30.0,4.367,1.0,1.0,,
4f0b0ccacd4c,COME,islwords,video,,islwords:rec:425d491d96f9,C:\ISL\archive\Video_Dataset\Video_Dataset\Come\WIN_20231103_10_44_32_Pro.mp4,data/processed/landmarks/islwords/COME/4f0b0ccacd4c.npz,116,30.0,3.867,1.0,1.0,,
f0217259b1c9,COME,islwords,video,,islwords:rec:24858e5873e0,C:\ISL\archive\Video_Dataset\Video_Dataset\Come\WIN_20231103_10_44_37_Pro.mp4,data/processed/landmarks/islwords/COME/f0217259b1c9.npz,120,30.0,4.0,1.0,1.0,,
35bba1908b32,COME,islwords,video,,islwords:rec:9c8ca909cc10,C:\ISL\archive\Video_Dataset\Video_Dataset\Come\WIN_20231103_10_44_43_Pro.mp4,data/processed/landmarks/islwords/COME/35bba1908b32.npz,130,30.0,4.333,1.0,1.0,,
bf8035b2ad00,COME,islwords,video,,islwords:rec:9ac6e2521bed,C:\ISL\archive\Video_Dataset\Video_Dataset\Come\WIN_20231103_10_44_49_Pro.mp4,data/processed/landmarks/islwords/COME/bf8035b2ad00.npz,113,30.0,3.767,1.0,1.0,,
877a7289a1e5,COOK,islwords,video,,islwords:rec:ecfea088cf77,C:\ISL\archive\Video_Dataset\Video_Dataset\Cook\WIN_20231103_10_45_35_Pro.mp4,data/processed/landmarks/islwords/COOK/877a7289a1e5.npz,166,30.0,5.533,1.0,1.0,,
1a057f19297a,COOK,islwords,video,,islwords:rec:e86089cebb91,C:\ISL\archive\Video_Dataset\Video_Dataset\Cook\WIN_20231103_10_46_07_Pro.mp4,data/processed/landmarks/islwords/COOK/1a057f19297a.npz,204,30.0,6.8,1.0,1.0,,
65c7fea7dbb7,COOK,islwords,video,,islwords:rec:173d7ff3d9eb,C:\ISL\archive\Video_Dataset\Video_Dataset\Cook\WIN_20231103_10_46_17_Pro.mp4,data/processed/landmarks/islwords/COOK/65c7fea7dbb7.npz,192,30.0,6.4,1.0,1.0,,
3644af1d2454,COOK,islwords,video,,islwords:rec:6e8430500e52,C:\ISL\archive\Video_Dataset\Video_Dataset\Cook\WIN_20231103_10_46_24_Pro.mp4,data/processed/landmarks/islwords/COOK/3644af1d2454.npz,205,30.0,6.833,1.0,1.0,,
672849dc4c63,COOK,islwords,video,,islwords:rec:49a461ef21e2,C:\ISL\archive\Video_Dataset\Video_Dataset\Cook\WIN_20231103_10_46_32_Pro.mp4,data/processed/landmarks/islwords/COOK/672849dc4c63.npz,181,30.0,6.033,1.0,1.0,,
2fbe8131034a,COOK,islwords,video,,islwords:rec:55ad955072a1,C:\ISL\archive\Video_Dataset\Video_Dataset\Cook\WIN_20231103_10_46_52_Pro.mp4,data/processed/landmarks/islwords/COOK/2fbe8131034a.npz,181,30.0,6.033,1.0,1.0,,
3959d3e2fcf4,COOK,islwords,video,,islwords:rec:01c6679efd21,C:\ISL\archive\Video_Dataset\Video_Dataset\Cook\WIN_20231103_10_47_00_Pro.mp4,data/processed/landmarks/islwords/COOK/3959d3e2fcf4.npz,200,30.0,6.667,1.0,1.0,,
934b4d2e04c5,COOK,islwords,video,,islwords:rec:4ce8444aeed0,C:\ISL\archive\Video_Dataset\Video_Dataset\Cook\WIN_20231103_10_47_08_Pro.mp4,data/processed/landmarks/islwords/COOK/934b4d2e04c5.npz,182,30.0,6.067,1.0,1.0,,
c24bd5c6c3e7,COOK,islwords,video,,islwords:rec:77b8282dad1c,C:\ISL\archive\Video_Dataset\Video_Dataset\Cook\WIN_20231103_10_47_15_Pro.mp4,data/processed/landmarks/islwords/COOK/c24bd5c6c3e7.npz,192,30.0,6.4,1.0,1.0,,
5fa3b33e7e91,COOK,islwords,video,,islwords:rec:d293bce1c574,C:\ISL\archive\Video_Dataset\Video_Dataset\Cook\WIN_20231103_10_47_23_Pro.mp4,data/processed/landmarks/islwords/COOK/5fa3b33e7e91.npz,196,30.0,6.533,1.0,1.0,,
0b3d3cad6d81,COOK,islwords,video,,islwords:rec:9f1cd78c4a49,C:\ISL\archive\Video_Dataset\Video_Dataset\Cook\WIN_20231103_10_48_17_Pro.mp4,data/processed/landmarks/islwords/COOK/0b3d3cad6d81.npz,261,30.0,8.7,1.0,1.0,,
d1b867864db5,COOK,islwords,video,,islwords:rec:9fe160c57037,C:\ISL\archive\Video_Dataset\Video_Dataset\Cook\WIN_20231103_10_48_58_Pro.mp4,data/processed/landmarks/islwords/COOK/d1b867864db5.npz,292,30.0,9.733,1.0,1.0,,
2615312ea024,COOK,islwords,video,,islwords:rec:d4f72ec05746,C:\ISL\archive\Video_Dataset\Video_Dataset\Cook\WIN_20231103_10_49_09_Pro.mp4,data/processed/landmarks/islwords/COOK/2615312ea024.npz,300,30.0,10.0,1.0,1.0,,
8d5b844f6cde,COOK,islwords,video,,islwords:rec:539d6d4e61ad,C:\ISL\archive\Video_Dataset\Video_Dataset\Cook\WIN_20231103_10_49_20_Pro.mp4,data/processed/landmarks/islwords/COOK/8d5b844f6cde.npz,308,30.0,10.267,1.0,1.0,,
5e6d7cbc9bfb,COOK,islwords,video,,islwords:rec:6c3183275dd7,C:\ISL\archive\Video_Dataset\Video_Dataset\Cook\WIN_20231103_10_49_33_Pro.mp4,data/processed/landmarks/islwords/COOK/5e6d7cbc9bfb.npz,301,30.0,10.033,1.0,1.0,,
35ac69e9940d,COOK,islwords,video,,islwords:rec:4cca71246cd9,C:\ISL\archive\Video_Dataset\Video_Dataset\Cook\WIN_20231103_10_50_08_Pro.mp4,data/processed/landmarks/islwords/COOK/35ac69e9940d.npz,219,30.0,7.3,1.0,1.0,,
5f1665fabeae,COOK,islwords,video,,islwords:rec:819d6c7af253,C:\ISL\archive\Video_Dataset\Video_Dataset\Cook\WIN_20231103_10_50_18_Pro.mp4,data/processed/landmarks/islwords/COOK/5f1665fabeae.npz,203,30.0,6.767,1.0,1.0,,
a1c0a323ec0e,COOK,islwords,video,,islwords:rec:570f408f3962,C:\ISL\archive\Video_Dataset\Video_Dataset\Cook\WIN_20231103_10_50_26_Pro.mp4,data/processed/landmarks/islwords/COOK/a1c0a323ec0e.npz,212,30.0,7.067,1.0,1.0,,
9a5c1f653e6f,COOK,islwords,video,,islwords:rec:e14704c34164,C:\ISL\archive\Video_Dataset\Video_Dataset\Cook\WIN_20231103_10_50_35_Pro.mp4,data/processed/landmarks/islwords/COOK/9a5c1f653e6f.npz,227,30.0,7.567,1.0,1.0,,
0455a5f677e3,COOK,islwords,video,,islwords:rec:3c074bde220f,C:\ISL\archive\Video_Dataset\Video_Dataset\Cook\WIN_20231103_10_50_44_Pro.mp4,data/processed/landmarks/islwords/COOK/0455a5f677e3.npz,230,30.0,7.667,1.0,1.0,,
a01386f0df2f,CROCODILE,islwords,video,,islwords:rec:82fde3398abf,C:\ISL\archive\Video_Dataset\Video_Dataset\Crocodile\WIN_20231102_12_46_01_Pro.mp4,data/processed/landmarks/islwords/CROCODILE/a01386f0df2f.npz,221,30.0,7.367,0.905,1.0,,
a1d347adef72,CROCODILE,islwords,video,,islwords:rec:6b011699d021,C:\ISL\archive\Video_Dataset\Video_Dataset\Crocodile\WIN_20231102_12_46_10_Pro.mp4,data/processed/landmarks/islwords/CROCODILE/a1d347adef72.npz,222,30.0,7.4,1.0,1.0,,
4e5ea069ef9a,CROCODILE,islwords,video,,islwords:rec:7181beaf51f7,C:\ISL\archive\Video_Dataset\Video_Dataset\Crocodile\WIN_20231102_12_46_19_Pro.mp4,data/processed/landmarks/islwords/CROCODILE/4e5ea069ef9a.npz,201,30.0,6.7,0.995,1.0,,
c3b245f622d2,CROCODILE,islwords,video,,islwords:rec:b73ab1894bc7,C:\ISL\archive\Video_Dataset\Video_Dataset\Crocodile\WIN_20231102_12_46_27_Pro.mp4,data/processed/landmarks/islwords/CROCODILE/c3b245f622d2.npz,228,30.0,7.6,0.9912,1.0,,
12d437ae7871,CROCODILE,islwords,video,,islwords:rec:3a8614e87961,C:\ISL\archive\Video_Dataset\Video_Dataset\Crocodile\WIN_20231102_12_46_36_Pro.mp4,data/processed/landmarks/islwords/CROCODILE/12d437ae7871.npz,211,30.0,7.033,0.981,1.0,,
6c0f014fdbcc,CROCODILE,islwords,video,,islwords:rec:4e2396e3b863,C:\ISL\archive\Video_Dataset\Video_Dataset\Crocodile\WIN_20231102_12_46_55_Pro.mp4,data/processed/landmarks/islwords/CROCODILE/6c0f014fdbcc.npz,228,30.0,7.6,1.0,1.0,,
2223357ef6d9,CROCODILE,islwords,video,,islwords:rec:d0a2cc357b73,C:\ISL\archive\Video_Dataset\Video_Dataset\Crocodile\WIN_20231102_12_47_04_Pro.mp4,data/processed/landmarks/islwords/CROCODILE/2223357ef6d9.npz,251,30.0,8.367,1.0,1.0,,
d7f289e91e20,CROCODILE,islwords,video,,islwords:rec:9188a7a28d26,C:\ISL\archive\Video_Dataset\Video_Dataset\Crocodile\WIN_20231102_12_47_24_Pro.mp4,data/processed/landmarks/islwords/CROCODILE/d7f289e91e20.npz,225,30.0,7.5,1.0,1.0,,
eb52d50f9288,CROCODILE,islwords,video,,islwords:rec:dd38e5cbbd86,C:\ISL\archive\Video_Dataset\Video_Dataset\Crocodile\WIN_20231102_12_47_56_Pro.mp4,data/processed/landmarks/islwords/CROCODILE/eb52d50f9288.npz,231,30.0,7.7,1.0,1.0,,
eceaf3ac43f5,CROCODILE,islwords,video,,islwords:rec:43d52bded532,C:\ISL\archive\Video_Dataset\Video_Dataset\Crocodile\WIN_20231102_12_48_07_Pro.mp4,data/processed/landmarks/islwords/CROCODILE/eceaf3ac43f5.npz,218,30.0,7.267,1.0,1.0,,
4b4e57787d3d,CROCODILE,islwords,video,,islwords:rec:b9bcab263b5d,C:\ISL\archive\Video_Dataset\Video_Dataset\Crocodile\WIN_20231102_12_48_40_Pro.mp4,data/processed/landmarks/islwords/CROCODILE/4b4e57787d3d.npz,233,30.0,7.767,1.0,1.0,,
9a75ff01f0f4,CROCODILE,islwords,video,,islwords:rec:6c04d414d511,C:\ISL\archive\Video_Dataset\Video_Dataset\Crocodile\WIN_20231102_12_48_50_Pro.mp4,data/processed/landmarks/islwords/CROCODILE/9a75ff01f0f4.npz,206,30.0,6.867,1.0,1.0,,
f612eb274f11,CROCODILE,islwords,video,,islwords:rec:505a02ede9e4,C:\ISL\archive\Video_Dataset\Video_Dataset\Crocodile\WIN_20231102_12_48_59_Pro.mp4,data/processed/landmarks/islwords/CROCODILE/f612eb274f11.npz,215,30.0,7.167,1.0,1.0,,
48adf4413ca4,CROCODILE,islwords,video,,islwords:rec:82ce3cf2d337,C:\ISL\archive\Video_Dataset\Video_Dataset\Crocodile\WIN_20231102_12_49_08_Pro.mp4,data/processed/landmarks/islwords/CROCODILE/48adf4413ca4.npz,219,30.0,7.3,0.9954,1.0,,
b07ffa20e598,CROCODILE,islwords,video,,islwords:rec:9a365f8933b2,C:\ISL\archive\Video_Dataset\Video_Dataset\Crocodile\WIN_20231102_12_49_17_Pro.mp4,data/processed/landmarks/islwords/CROCODILE/b07ffa20e598.npz,213,30.0,7.1,0.9953,1.0,,
9002069be09f,CROCODILE,islwords,video,,islwords:rec:3d0f3d96cb8b,C:\ISL\archive\Video_Dataset\Video_Dataset\Crocodile\WIN_20231102_12_49_34_Pro.mp4,data/processed/landmarks/islwords/CROCODILE/9002069be09f.npz,225,30.0,7.5,1.0,1.0,,
5756efb795fb,CROCODILE,islwords,video,,islwords:rec:9911f9c09d89,C:\ISL\archive\Video_Dataset\Video_Dataset\Crocodile\WIN_20231102_12_49_47_Pro.mp4,data/processed/landmarks/islwords/CROCODILE/5756efb795fb.npz,253,30.0,8.433,0.996,1.0,,
6de56d5645fa,CROCODILE,islwords,video,,islwords:rec:0dce9b36c3a9,C:\ISL\archive\Video_Dataset\Video_Dataset\Crocodile\WIN_20231102_12_49_57_Pro.mp4,data/processed/landmarks/islwords/CROCODILE/6de56d5645fa.npz,254,30.0,8.467,1.0,1.0,,
7dff512ac0b2,CROCODILE,islwords,video,,islwords:rec:0b16fb64f19c,C:\ISL\archive\Video_Dataset\Video_Dataset\Crocodile\WIN_20231102_12_50_07_Pro.mp4,data/processed/landmarks/islwords/CROCODILE/7dff512ac0b2.npz,270,30.0,9.0,1.0,1.0,,
9ef3c191e784,CROCODILE,islwords,video,,islwords:rec:8488427a6ef6,C:\ISL\archive\Video_Dataset\Video_Dataset\Crocodile\WIN_20231102_12_50_17_Pro.mp4,data/processed/landmarks/islwords/CROCODILE/9ef3c191e784.npz,259,30.0,8.633,1.0,1.0,,
60e686cf67c7,CRY,islwords,video,,islwords:rec:b8073d5632f0,C:\ISL\archive\Video_Dataset\Video_Dataset\Cry\WIN_20231103_10_51_30_Pro.mp4,data/processed/landmarks/islwords/CRY/60e686cf67c7.npz,134,30.0,4.467,1.0,1.0,,
912aefdfb7b5,CRY,islwords,video,,islwords:rec:7cb579d4cb08,C:\ISL\archive\Video_Dataset\Video_Dataset\Cry\WIN_20231103_10_51_37_Pro.mp4,data/processed/landmarks/islwords/CRY/912aefdfb7b5.npz,153,30.0,5.1,1.0,1.0,,
fb1b2f411998,CRY,islwords,video,,islwords:rec:e1f40f44dc34,C:\ISL\archive\Video_Dataset\Video_Dataset\Cry\WIN_20231103_10_51_45_Pro.mp4,data/processed/landmarks/islwords/CRY/fb1b2f411998.npz,140,30.0,4.667,1.0,1.0,,
ccdfffef4758,CRY,islwords,video,,islwords:rec:e7a992cc89fd,C:\ISL\archive\Video_Dataset\Video_Dataset\Cry\WIN_20231103_10_51_51_Pro.mp4,data/processed/landmarks/islwords/CRY/ccdfffef4758.npz,151,30.0,5.033,1.0,1.0,,
6340323c0d41,CRY,islwords,video,,islwords:rec:547c47224a65,C:\ISL\archive\Video_Dataset\Video_Dataset\Cry\WIN_20231103_10_51_58_Pro.mp4,data/processed/landmarks/islwords/CRY/6340323c0d41.npz,149,30.0,4.967,1.0,1.0,,
bfb65c083362,CRY,islwords,video,,islwords:rec:af17ac17a499,C:\ISL\archive\Video_Dataset\Video_Dataset\Cry\WIN_20231103_10_52_10_Pro.mp4,data/processed/landmarks/islwords/CRY/bfb65c083362.npz,130,30.0,4.333,1.0,1.0,,
2781b544789f,CRY,islwords,video,,islwords:rec:89b7c9c4a386,C:\ISL\archive\Video_Dataset\Video_Dataset\Cry\WIN_20231103_10_52_15_Pro.mp4,data/processed/landmarks/islwords/CRY/2781b544789f.npz,135,30.0,4.5,1.0,1.0,,
f22ebcfb760b,CRY,islwords,video,,islwords:rec:cf406cdc2507,C:\ISL\archive\Video_Dataset\Video_Dataset\Cry\WIN_20231103_10_52_22_Pro.mp4,data/processed/landmarks/islwords/CRY/f22ebcfb760b.npz,134,30.0,4.467,1.0,1.0,,
b4882341640d,CRY,islwords,video,,islwords:rec:8fb0492ad59a,C:\ISL\archive\Video_Dataset\Video_Dataset\Cry\WIN_20231103_10_52_27_Pro.mp4,data/processed/landmarks/islwords/CRY/b4882341640d.npz,137,30.0,4.567,1.0,1.0,,
c99af2998fa7,CRY,islwords,video,,islwords:rec:0b961e2f6190,C:\ISL\archive\Video_Dataset\Video_Dataset\Cry\WIN_20231103_10_52_51_Pro.mp4,data/processed/landmarks/islwords/CRY/c99af2998fa7.npz,142,30.0,4.733,1.0,1.0,,
77eb19fd7b0d,CRY,islwords,video,,islwords:rec:9cc3837d51ff,C:\ISL\archive\Video_Dataset\Video_Dataset\Cry\WIN_20231103_10_53_04_Pro.mp4,data/processed/landmarks/islwords/CRY/77eb19fd7b0d.npz,186,30.0,6.2,1.0,1.0,,
1613e12a9f58,CRY,islwords,video,,islwords:rec:ed523291e223,C:\ISL\archive\Video_Dataset\Video_Dataset\Cry\WIN_20231103_10_53_11_Pro.mp4,data/processed/landmarks/islwords/CRY/1613e12a9f58.npz,192,30.0,6.4,1.0,1.0,,
f63da598d53a,CRY,islwords,video,,islwords:rec:ffb49b2698ce,C:\ISL\archive\Video_Dataset\Video_Dataset\Cry\WIN_20231103_10_53_19_Pro.mp4,data/processed/landmarks/islwords/CRY/f63da598d53a.npz,181,30.0,6.033,1.0,1.0,,
1d655aa853ed,CRY,islwords,video,,islwords:rec:5162ffe618a9,C:\ISL\archive\Video_Dataset\Video_Dataset\Cry\WIN_20231103_10_53_26_Pro.mp4,data/processed/landmarks/islwords/CRY/1d655aa853ed.npz,208,30.0,6.933,1.0,1.0,,
626d902e3b4b,CRY,islwords,video,,islwords:rec:b1a11020b998,C:\ISL\archive\Video_Dataset\Video_Dataset\Cry\WIN_20231103_10_53_34_Pro.mp4,data/processed/landmarks/islwords/CRY/626d902e3b4b.npz,213,30.0,7.1,1.0,1.0,,
05dc4799d2e6,CRY,islwords,video,,islwords:rec:c83f123f0a3f,C:\ISL\archive\Video_Dataset\Video_Dataset\Cry\WIN_20231103_10_53_55_Pro.mp4,data/processed/landmarks/islwords/CRY/05dc4799d2e6.npz,166,30.0,5.533,1.0,1.0,,
ac131dfcc74d,CRY,islwords,video,,islwords:rec:933cc8079f97,C:\ISL\archive\Video_Dataset\Video_Dataset\Cry\WIN_20231103_10_54_03_Pro.mp4,data/processed/landmarks/islwords/CRY/ac131dfcc74d.npz,177,30.0,5.9,1.0,1.0,,
0b6c4be14551,CRY,islwords,video,,islwords:rec:d0dfe817e4cf,C:\ISL\archive\Video_Dataset\Video_Dataset\Cry\WIN_20231103_10_54_10_Pro.mp4,data/processed/landmarks/islwords/CRY/0b6c4be14551.npz,173,30.0,5.767,1.0,1.0,,
c89d8ccdea24,CRY,islwords,video,,islwords:rec:5b24be6df11d,C:\ISL\archive\Video_Dataset\Video_Dataset\Cry\WIN_20231103_10_54_18_Pro.mp4,data/processed/landmarks/islwords/CRY/c89d8ccdea24.npz,157,30.0,5.233,1.0,1.0,,
23bac05e1514,CRY,islwords,video,,islwords:rec:f68176d36967,C:\ISL\archive\Video_Dataset\Video_Dataset\Cry\WIN_20231103_10_54_25_Pro.mp4,data/processed/landmarks/islwords/CRY/23bac05e1514.npz,163,30.0,5.433,1.0,1.0,,
a99760f3d384,CUCUMBER,islwords,video,,islwords:rec:d6fed589e58c,C:\ISL\archive\Video_Dataset\Video_Dataset\Cucumber\WIN_20231102_11_56_56_Pro.mp4,data/processed/landmarks/islwords/CUCUMBER/a99760f3d384.npz,199,30.0,6.633,1.0,1.0,,
7f3a91d964fa,CUCUMBER,islwords,video,,islwords:rec:98e35976ff90,C:\ISL\archive\Video_Dataset\Video_Dataset\Cucumber\WIN_20231102_11_57_07_Pro.mp4,data/processed/landmarks/islwords/CUCUMBER/7f3a91d964fa.npz,204,30.0,6.8,0.9951,1.0,,
c6649466a6ee,CUCUMBER,islwords,video,,islwords:rec:24c7b22e62e7,C:\ISL\archive\Video_Dataset\Video_Dataset\Cucumber\WIN_20231102_11_57_21_Pro.mp4,data/processed/landmarks/islwords/CUCUMBER/c6649466a6ee.npz,198,30.0,6.6,0.9949,1.0,,
6d3e8f50c4bb,CUCUMBER,islwords,video,,islwords:rec:1a18c073a4fd,C:\ISL\archive\Video_Dataset\Video_Dataset\Cucumber\WIN_20231102_11_57_30_Pro.mp4,data/processed/landmarks/islwords/CUCUMBER/6d3e8f50c4bb.npz,207,30.0,6.9,0.9952,1.0,,
fc968be5818d,CUCUMBER,islwords,video,,islwords:rec:4f0083d71894,C:\ISL\archive\Video_Dataset\Video_Dataset\Cucumber\WIN_20231102_11_58_11_Pro.mp4,data/processed/landmarks/islwords/CUCUMBER/fc968be5818d.npz,220,30.0,7.333,1.0,1.0,,
981dd4fee00e,CUCUMBER,islwords,video,,islwords:rec:6bc9918f4231,C:\ISL\archive\Video_Dataset\Video_Dataset\Cucumber\WIN_20231102_11_58_56_Pro.mp4,data/processed/landmarks/islwords/CUCUMBER/981dd4fee00e.npz,225,30.0,7.5,0.9956,1.0,,
316783fefdeb,CUCUMBER,islwords,video,,islwords:rec:81f3a8c837f4,C:\ISL\archive\Video_Dataset\Video_Dataset\Cucumber\WIN_20231102_11_59_06_Pro.mp4,data/processed/landmarks/islwords/CUCUMBER/316783fefdeb.npz,197,30.0,6.567,1.0,1.0,,
991243c9f856,CUCUMBER,islwords,video,,islwords:rec:4baee3596120,C:\ISL\archive\Video_Dataset\Video_Dataset\Cucumber\WIN_20231102_11_59_14_Pro.mp4,data/processed/landmarks/islwords/CUCUMBER/991243c9f856.npz,211,30.0,7.033,1.0,1.0,,
dd275b5d0819,CUCUMBER,islwords,video,,islwords:rec:b05e67b4e59e,C:\ISL\archive\Video_Dataset\Video_Dataset\Cucumber\WIN_20231102_11_59_23_Pro.mp4,data/processed/landmarks/islwords/CUCUMBER/dd275b5d0819.npz,209,30.0,6.967,1.0,1.0,,
5aa6cdb560b1,CUCUMBER,islwords,video,,islwords:rec:8adffd14cbeb,C:\ISL\archive\Video_Dataset\Video_Dataset\Cucumber\WIN_20231102_11_59_31_Pro.mp4,data/processed/landmarks/islwords/CUCUMBER/5aa6cdb560b1.npz,209,30.0,6.967,1.0,1.0,,
22a4b7db086c,CUCUMBER,islwords,video,,islwords:rec:8445cb070bfe,C:\ISL\archive\Video_Dataset\Video_Dataset\Cucumber\WIN_20231102_12_00_01_Pro.mp4,data/processed/landmarks/islwords/CUCUMBER/22a4b7db086c.npz,196,30.0,6.533,1.0,1.0,,
11fb786e7823,CUCUMBER,islwords,video,,islwords:rec:f0e1f6859836,C:\ISL\archive\Video_Dataset\Video_Dataset\Cucumber\WIN_20231102_12_00_19_Pro.mp4,data/processed/landmarks/islwords/CUCUMBER/11fb786e7823.npz,229,30.0,7.633,1.0,1.0,,
16a26db67f72,CUCUMBER,islwords,video,,islwords:rec:a11f7b228aea,C:\ISL\archive\Video_Dataset\Video_Dataset\Cucumber\WIN_20231102_12_00_28_Pro.mp4,data/processed/landmarks/islwords/CUCUMBER/16a26db67f72.npz,211,30.0,7.033,1.0,1.0,,
652c0d52cde9,CUCUMBER,islwords,video,,islwords:rec:ed3272aa50a6,C:\ISL\archive\Video_Dataset\Video_Dataset\Cucumber\WIN_20231102_12_00_36_Pro.mp4,data/processed/landmarks/islwords/CUCUMBER/652c0d52cde9.npz,220,30.0,7.333,1.0,1.0,,
b52b4c536d59,CUCUMBER,islwords,video,,islwords:rec:15c4ea21169e,C:\ISL\archive\Video_Dataset\Video_Dataset\Cucumber\WIN_20231102_12_00_45_Pro.mp4,data/processed/landmarks/islwords/CUCUMBER/b52b4c536d59.npz,205,30.0,6.833,1.0,1.0,,
8c9db56c8d7d,CUCUMBER,islwords,video,,islwords:rec:77246da6087e,C:\ISL\archive\Video_Dataset\Video_Dataset\Cucumber\WIN_20231102_12_01_06_Pro.mp4,data/processed/landmarks/islwords/CUCUMBER/8c9db56c8d7d.npz,197,30.0,6.567,1.0,1.0,,
5627ba5580fe,CUCUMBER,islwords,video,,islwords:rec:bdcb1979b8de,C:\ISL\archive\Video_Dataset\Video_Dataset\Cucumber\WIN_20231102_12_01_14_Pro.mp4,data/processed/landmarks/islwords/CUCUMBER/5627ba5580fe.npz,195,30.0,6.5,0.9897,1.0,,
6ef4d12130d8,CUCUMBER,islwords,video,,islwords:rec:1fd3c602517e,C:\ISL\archive\Video_Dataset\Video_Dataset\Cucumber\WIN_20231102_12_01_31_Pro.mp4,data/processed/landmarks/islwords/CUCUMBER/6ef4d12130d8.npz,185,30.0,6.167,0.9946,1.0,,
a44eec287a14,CUCUMBER,islwords,video,,islwords:rec:e1bfad3a58aa,C:\ISL\archive\Video_Dataset\Video_Dataset\Cucumber\WIN_20231102_12_01_39_Pro.mp4,data/processed/landmarks/islwords/CUCUMBER/a44eec287a14.npz,213,30.0,7.1,1.0,1.0,,
0e62db3892b2,CUCUMBER,islwords,video,,islwords:rec:0a31f7a198a4,C:\ISL\archive\Video_Dataset\Video_Dataset\Cucumber\WIN_20231102_12_01_49_Pro.mp4,data/processed/landmarks/islwords/CUCUMBER/0e62db3892b2.npz,194,30.0,6.467,1.0,1.0,,
af9e780ca5dc,DEER,islwords,video,,islwords:rec:ec2301cf3a49,C:\ISL\archive\Video_Dataset\Video_Dataset\Deer\WIN_20231102_12_52_30_Pro.mp4,data/processed/landmarks/islwords/DEER/af9e780ca5dc.npz,208,30.0,6.933,1.0,1.0,,
f77e565afceb,DEER,islwords,video,,islwords:rec:983dab7b2197,C:\ISL\archive\Video_Dataset\Video_Dataset\Deer\WIN_20231102_12_52_54_Pro.mp4,data/processed/landmarks/islwords/DEER/f77e565afceb.npz,217,30.0,7.233,1.0,1.0,,
796feeb4153b,DEER,islwords,video,,islwords:rec:24913d8a6709,C:\ISL\archive\Video_Dataset\Video_Dataset\Deer\WIN_20231102_12_53_04_Pro.mp4,data/processed/landmarks/islwords/DEER/796feeb4153b.npz,210,30.0,7.0,1.0,1.0,,
f74a0bd6c0cf,DEER,islwords,video,,islwords:rec:0131d93b3a55,C:\ISL\archive\Video_Dataset\Video_Dataset\Deer\WIN_20231102_12_53_12_Pro.mp4,data/processed/landmarks/islwords/DEER/f74a0bd6c0cf.npz,201,30.0,6.7,1.0,1.0,,
8867478806b5,DEER,islwords,video,,islwords:rec:6ef956469867,C:\ISL\archive\Video_Dataset\Video_Dataset\Deer\WIN_20231102_12_53_22_Pro.mp4,data/processed/landmarks/islwords/DEER/8867478806b5.npz,209,30.0,6.967,1.0,1.0,,
768b4684c500,DEER,islwords,video,,islwords:rec:0cb7ad107e1f,C:\ISL\archive\Video_Dataset\Video_Dataset\Deer\WIN_20231102_12_55_17_Pro.mp4,data/processed/landmarks/islwords/DEER/768b4684c500.npz,168,30.0,5.6,1.0,1.0,,
cce7026eff9c,DEER,islwords,video,,islwords:rec:2517e6f6115a,C:\ISL\archive\Video_Dataset\Video_Dataset\Deer\WIN_20231102_12_55_24_Pro.mp4,data/processed/landmarks/islwords/DEER/cce7026eff9c.npz,143,30.0,4.767,1.0,1.0,,
52df20289802,DEER,islwords,video,,islwords:rec:df609b830942,C:\ISL\archive\Video_Dataset\Video_Dataset\Deer\WIN_20231102_12_55_31_Pro.mp4,data/processed/landmarks/islwords/DEER/52df20289802.npz,133,30.0,4.433,1.0,1.0,,
2adae615c880,DEER,islwords,video,,islwords:rec:fdc1a4134670,C:\ISL\archive\Video_Dataset\Video_Dataset\Deer\WIN_20231102_12_55_37_Pro.mp4,data/processed/landmarks/islwords/DEER/2adae615c880.npz,143,30.0,4.767,1.0,1.0,,
303a26461e74,DEER,islwords,video,,islwords:rec:180d6ba0ae3c,C:\ISL\archive\Video_Dataset\Video_Dataset\Deer\WIN_20231102_12_55_44_Pro.mp4,data/processed/landmarks/islwords/DEER/303a26461e74.npz,157,30.0,5.233,1.0,1.0,,
f6c8724fc985,DEER,islwords,video,,islwords:rec:f6b3146a5763,C:\ISL\archive\Video_Dataset\Video_Dataset\Deer\WIN_20231102_12_56_13_Pro.mp4,data/processed/landmarks/islwords/DEER/f6c8724fc985.npz,189,30.0,6.3,1.0,1.0,,
e6aa384e7046,DEER,islwords,video,,islwords:rec:b5c1a401d4c0,C:\ISL\archive\Video_Dataset\Video_Dataset\Deer\WIN_20231102_12_56_27_Pro.mp4,data/processed/landmarks/islwords/DEER/e6aa384e7046.npz,180,30.0,6.0,1.0,1.0,,
212822b13b7e,DEER,islwords,video,,islwords:rec:6155a9e8fc47,C:\ISL\archive\Video_Dataset\Video_Dataset\Deer\WIN_20231102_12_56_34_Pro.mp4,data/processed/landmarks/islwords/DEER/212822b13b7e.npz,190,30.0,6.333,1.0,1.0,,
585a3bdb4bb4,DEER,islwords,video,,islwords:rec:b77a99c701bd,C:\ISL\archive\Video_Dataset\Video_Dataset\Deer\WIN_20231102_12_56_42_Pro.mp4,data/processed/landmarks/islwords/DEER/585a3bdb4bb4.npz,173,30.0,5.767,1.0,1.0,,
6bf25ddfdaa0,DEER,islwords,video,,islwords:rec:eecec0c2091e,C:\ISL\archive\Video_Dataset\Video_Dataset\Deer\WIN_20231102_12_56_49_Pro.mp4,data/processed/landmarks/islwords/DEER/6bf25ddfdaa0.npz,188,30.0,6.267,1.0,1.0,,
3412520f3fd1,DEER,islwords,video,,islwords:rec:2a503739800e,C:\ISL\archive\Video_Dataset\Video_Dataset\Deer\WIN_20231102_12_57_08_Pro.mp4,data/processed/landmarks/islwords/DEER/3412520f3fd1.npz,160,30.0,5.333,1.0,1.0,,
4832dc13f0f0,DEER,islwords,video,,islwords:rec:8dc2fb6b7c8d,C:\ISL\archive\Video_Dataset\Video_Dataset\Deer\WIN_20231102_12_57_20_Pro.mp4,data/processed/landmarks/islwords/DEER/4832dc13f0f0.npz,136,30.0,4.533,1.0,1.0,,
1541cfa1f255,DEER,islwords,video,,islwords:rec:5ce46c747b7a,C:\ISL\archive\Video_Dataset\Video_Dataset\Deer\WIN_20231102_12_57_26_Pro.mp4,data/processed/landmarks/islwords/DEER/1541cfa1f255.npz,147,30.0,4.9,1.0,1.0,,
c2643b484dfa,DEER,islwords,video,,islwords:rec:65db40b7dc70,C:\ISL\archive\Video_Dataset\Video_Dataset\Deer\WIN_20231102_12_57_34_Pro.mp4,data/processed/landmarks/islwords/DEER/c2643b484dfa.npz,145,30.0,4.833,1.0,1.0,,
e24b35a88d67,DEER,islwords,video,,islwords:rec:af5263a98f4e,C:\ISL\archive\Video_Dataset\Video_Dataset\Deer\WIN_20231102_12_57_40_Pro.mp4,data/processed/landmarks/islwords/DEER/e24b35a88d67.npz,138,30.0,4.6,1.0,1.0,,
003ea657cfe0,DRINK,islwords,video,,islwords:rec:6cdea914d8cc,C:\ISL\archive\Video_Dataset\Video_Dataset\Drink\WIN_20231103_10_55_48_Pro.mp4,data/processed/landmarks/islwords/DRINK/003ea657cfe0.npz,144,30.0,4.8,1.0,1.0,,
6d337cf92805,DRINK,islwords,video,,islwords:rec:a27ef6f89208,C:\ISL\archive\Video_Dataset\Video_Dataset\Drink\WIN_20231103_10_55_55_Pro.mp4,data/processed/landmarks/islwords/DRINK/6d337cf92805.npz,125,30.0,4.167,1.0,1.0,,
3be299574c89,DRINK,islwords,video,,islwords:rec:1a8797579a96,C:\ISL\archive\Video_Dataset\Video_Dataset\Drink\WIN_20231103_10_56_00_Pro.mp4,data/processed/landmarks/islwords/DRINK/3be299574c89.npz,146,30.0,4.867,1.0,1.0,,
c087d43212f2,DRINK,islwords,video,,islwords:rec:bd4cf021783e,C:\ISL\archive\Video_Dataset\Video_Dataset\Drink\WIN_20231103_10_56_06_Pro.mp4,data/processed/landmarks/islwords/DRINK/c087d43212f2.npz,120,30.0,4.0,1.0,1.0,,
9c64814f005d,DRINK,islwords,video,,islwords:rec:a338026d67fa,C:\ISL\archive\Video_Dataset\Video_Dataset\Drink\WIN_20231103_10_56_11_Pro.mp4,data/processed/landmarks/islwords/DRINK/9c64814f005d.npz,124,30.0,4.133,1.0,1.0,,
cb978db25243,DRINK,islwords,video,,islwords:rec:973e6a9d1e35,C:\ISL\archive\Video_Dataset\Video_Dataset\Drink\WIN_20231103_10_56_24_Pro.mp4,data/processed/landmarks/islwords/DRINK/cb978db25243.npz,122,30.0,4.067,1.0,1.0,,
2611de70b308,DRINK,islwords,video,,islwords:rec:c97482c279b3,C:\ISL\archive\Video_Dataset\Video_Dataset\Drink\WIN_20231103_10_56_29_Pro.mp4,data/processed/landmarks/islwords/DRINK/2611de70b308.npz,127,30.0,4.233,1.0,1.0,,
4b7cb824bdd0,DRINK,islwords,video,,islwords:rec:49621ba388ef,C:\ISL\archive\Video_Dataset\Video_Dataset\Drink\WIN_20231103_10_56_35_Pro.mp4,data/processed/landmarks/islwords/DRINK/4b7cb824bdd0.npz,136,30.0,4.533,1.0,1.0,,
42849d7dba15,DRINK,islwords,video,,islwords:rec:60b899f41762,C:\ISL\archive\Video_Dataset\Video_Dataset\Drink\WIN_20231103_10_56_54_Pro.mp4,data/processed/landmarks/islwords/DRINK/42849d7dba15.npz,131,30.0,4.367,1.0,1.0,,
b5c8c7b933d4,DRINK,islwords,video,,islwords:rec:0d9c62b0f505,C:\ISL\archive\Video_Dataset\Video_Dataset\Drink\WIN_20231103_10_57_00_Pro.mp4,data/processed/landmarks/islwords/DRINK/b5c8c7b933d4.npz,131,30.0,4.367,1.0,1.0,,
29459d476ed1,DRINK,islwords,video,,islwords:rec:206281630dc1,C:\ISL\archive\Video_Dataset\Video_Dataset\Drink\WIN_20231103_10_57_14_Pro.mp4,data/processed/landmarks/islwords/DRINK/29459d476ed1.npz,143,30.0,4.767,1.0,1.0,,
574cf6dd71ae,DRINK,islwords,video,,islwords:rec:390a5dd4b927,C:\ISL\archive\Video_Dataset\Video_Dataset\Drink\WIN_20231103_10_57_20_Pro.mp4,data/processed/landmarks/islwords/DRINK/574cf6dd71ae.npz,157,30.0,5.233,1.0,1.0,,
65ce5ebb749d,DRINK,islwords,video,,islwords:rec:9030d8b47e2c,C:\ISL\archive\Video_Dataset\Video_Dataset\Drink\WIN_20231103_10_57_27_Pro.mp4,data/processed/landmarks/islwords/DRINK/65ce5ebb749d.npz,180,30.0,6.0,1.0,1.0,,
908b89983586,DRINK,islwords,video,,islwords:rec:d76f7f9e0b53,C:\ISL\archive\Video_Dataset\Video_Dataset\Drink\WIN_20231103_10_57_34_Pro.mp4,data/processed/landmarks/islwords/DRINK/908b89983586.npz,180,30.0,6.0,1.0,1.0,,
2dcae8ee5e8b,DRINK,islwords,video,,islwords:rec:acd2988395f4,C:\ISL\archive\Video_Dataset\Video_Dataset\Drink\WIN_20231103_10_57_54_Pro.mp4,data/processed/landmarks/islwords/DRINK/2dcae8ee5e8b.npz,148,30.0,4.933,1.0,1.0,,
7da7bc2a8e56,DRINK,islwords,video,,islwords:rec:ca720cb96b05,C:\ISL\archive\Video_Dataset\Video_Dataset\Drink\WIN_20231103_10_58_11_Pro.mp4,data/processed/landmarks/islwords/DRINK/7da7bc2a8e56.npz,139,30.0,4.633,1.0,1.0,,
fed0569237a5,DRINK,islwords,video,,islwords:rec:151c92cd12a7,C:\ISL\archive\Video_Dataset\Video_Dataset\Drink\WIN_20231103_10_58_18_Pro.mp4,data/processed/landmarks/islwords/DRINK/fed0569237a5.npz,123,30.0,4.1,1.0,1.0,,
20bdf2c206b0,DRINK,islwords,video,,islwords:rec:a840ffcbb76c,C:\ISL\archive\Video_Dataset\Video_Dataset\Drink\WIN_20231103_10_58_24_Pro.mp4,data/processed/landmarks/islwords/DRINK/20bdf2c206b0.npz,109,30.0,3.633,1.0,1.0,,
fd4f0928fb56,DRINK,islwords,video,,islwords:rec:b5ec3d12a4f1,C:\ISL\archive\Video_Dataset\Video_Dataset\Drink\WIN_20231103_10_58_29_Pro.mp4,data/processed/landmarks/islwords/DRINK/fd4f0928fb56.npz,131,30.0,4.367,1.0,1.0,,
41aca0558436,DRINK,islwords,video,,islwords:rec:2d4c602bae49,C:\ISL\archive\Video_Dataset\Video_Dataset\Drink\WIN_20231103_10_58_35_Pro.mp4,data/processed/landmarks/islwords/DRINK/41aca0558436.npz,101,30.0,3.367,1.0,1.0,,
b33b4771f987,ELEPHANT,islwords,video,,islwords:rec:4b70a0b9ebc0,C:\ISL\archive\Video_Dataset\Video_Dataset\Elephant\WIN_20231102_12_59_25_Pro.mp4,data/processed/landmarks/islwords/ELEPHANT/b33b4771f987.npz,204,30.0,6.8,1.0,1.0,,
d574b63ecd0e,ELEPHANT,islwords,video,,islwords:rec:c1c0ab20835a,C:\ISL\archive\Video_Dataset\Video_Dataset\Elephant\WIN_20231102_12_59_34_Pro.mp4,data/processed/landmarks/islwords/ELEPHANT/d574b63ecd0e.npz,193,30.0,6.433,1.0,1.0,,
c37c511400db,ELEPHANT,islwords,video,,islwords:rec:d44e3fc2ce4b,C:\ISL\archive\Video_Dataset\Video_Dataset\Elephant\WIN_20231102_12_59_43_Pro.mp4,data/processed/landmarks/islwords/ELEPHANT/c37c511400db.npz,221,30.0,7.367,1.0,1.0,,
a07692d40e04,ELEPHANT,islwords,video,,islwords:rec:5e34b6382401,C:\ISL\archive\Video_Dataset\Video_Dataset\Elephant\WIN_20231102_12_59_56_Pro.mp4,data/processed/landmarks/islwords/ELEPHANT/a07692d40e04.npz,220,30.0,7.333,1.0,1.0,,
3919f5814517,ELEPHANT,islwords,video,,islwords:rec:2a52200589a0,C:\ISL\archive\Video_Dataset\Video_Dataset\Elephant\WIN_20231102_13_00_08_Pro.mp4,data/processed/landmarks/islwords/ELEPHANT/3919f5814517.npz,204,30.0,6.8,1.0,1.0,,
35cb2ddd3d4a,ELEPHANT,islwords,video,,islwords:rec:3b658c01ba52,C:\ISL\archive\Video_Dataset\Video_Dataset\Elephant\WIN_20231102_13_00_43_Pro.mp4,data/processed/landmarks/islwords/ELEPHANT/35cb2ddd3d4a.npz,172,30.0,5.733,1.0,1.0,,
343fd8282109,ELEPHANT,islwords,video,,islwords:rec:4f4e488495b5,C:\ISL\archive\Video_Dataset\Video_Dataset\Elephant\WIN_20231102_13_00_50_Pro.mp4,data/processed/landmarks/islwords/ELEPHANT/343fd8282109.npz,162,30.0,5.4,1.0,1.0,,
8a0817b9d6c4,ELEPHANT,islwords,video,,islwords:rec:1ac6942218e4,C:\ISL\archive\Video_Dataset\Video_Dataset\Elephant\WIN_20231102_13_00_58_Pro.mp4,data/processed/landmarks/islwords/ELEPHANT/8a0817b9d6c4.npz,134,30.0,4.467,1.0,1.0,,
451ccea5a171,ELEPHANT,islwords,video,,islwords:rec:30dc3c1138f2,C:\ISL\archive\Video_Dataset\Video_Dataset\Elephant\WIN_20231102_13_01_11_Pro.mp4,data/processed/landmarks/islwords/ELEPHANT/451ccea5a171.npz,128,30.0,4.267,1.0,1.0,,
0cbb8b0f8480,ELEPHANT,islwords,video,,islwords:rec:2fe442f286bb,C:\ISL\archive\Video_Dataset\Video_Dataset\Elephant\WIN_20231102_13_01_17_Pro.mp4,data/processed/landmarks/islwords/ELEPHANT/0cbb8b0f8480.npz,147,30.0,4.9,1.0,1.0,,
a227f994e2eb,ELEPHANT,islwords,video,,islwords:rec:a57ca18d43ab,C:\ISL\archive\Video_Dataset\Video_Dataset\Elephant\WIN_20231102_13_01_36_Pro.mp4,data/processed/landmarks/islwords/ELEPHANT/a227f994e2eb.npz,156,30.0,5.2,1.0,1.0,,
1b2bbb2e2bcd,ELEPHANT,islwords,video,,islwords:rec:9fb71e42df37,C:\ISL\archive\Video_Dataset\Video_Dataset\Elephant\WIN_20231102_13_02_01_Pro.mp4,data/processed/landmarks/islwords/ELEPHANT/1b2bbb2e2bcd.npz,164,30.0,5.467,1.0,1.0,,
7863aed1c38f,ELEPHANT,islwords,video,,islwords:rec:7910bc8f9eb3,C:\ISL\archive\Video_Dataset\Video_Dataset\Elephant\WIN_20231102_13_02_08_Pro.mp4,data/processed/landmarks/islwords/ELEPHANT/7863aed1c38f.npz,171,30.0,5.7,1.0,1.0,,
2725417dd15e,ELEPHANT,islwords,video,,islwords:rec:01c719b4aaf1,C:\ISL\archive\Video_Dataset\Video_Dataset\Elephant\WIN_20231102_13_03_43_Pro.mp4,data/processed/landmarks/islwords/ELEPHANT/2725417dd15e.npz,200,30.0,6.667,1.0,1.0,,
a2dbd5fcded5,ELEPHANT,islwords,video,,islwords:rec:1927811ac289,C:\ISL\archive\Video_Dataset\Video_Dataset\Elephant\WIN_20231102_13_03_52_Pro.mp4,data/processed/landmarks/islwords/ELEPHANT/a2dbd5fcded5.npz,195,30.0,6.5,1.0,1.0,,
a3d4b7aca1e4,ELEPHANT,islwords,video,,islwords:rec:cfa5faadcf76,C:\ISL\archive\Video_Dataset\Video_Dataset\Elephant\WIN_20231102_13_39_57_Pro.mp4,data/processed/landmarks/islwords/ELEPHANT/a3d4b7aca1e4.npz,186,30.0,6.2,1.0,1.0,,
f22f558fcf59,ELEPHANT,islwords,video,,islwords:rec:f917953b14b4,C:\ISL\archive\Video_Dataset\Video_Dataset\Elephant\WIN_20231102_13_40_08_Pro.mp4,data/processed/landmarks/islwords/ELEPHANT/f22f558fcf59.npz,170,30.0,5.667,1.0,1.0,,
1a58cdf9cb17,ELEPHANT,islwords,video,,islwords:rec:08fd4528dcf6,C:\ISL\archive\Video_Dataset\Video_Dataset\Elephant\WIN_20231102_13_40_16_Pro.mp4,data/processed/landmarks/islwords/ELEPHANT/1a58cdf9cb17.npz,159,30.0,5.3,1.0,1.0,,
80df07065ae0,ELEPHANT,islwords,video,,islwords:rec:29c7c1d00fde,C:\ISL\archive\Video_Dataset\Video_Dataset\Elephant\WIN_20231102_13_40_24_Pro.mp4,data/processed/landmarks/islwords/ELEPHANT/80df07065ae0.npz,148,30.0,4.933,1.0,1.0,,
56af4df3c88e,ELEPHANT,islwords,video,,islwords:rec:fcc26b8b0803,C:\ISL\archive\Video_Dataset\Video_Dataset\Elephant\WIN_20231102_13_40_32_Pro.mp4,data/processed/landmarks/islwords/ELEPHANT/56af4df3c88e.npz,137,30.0,4.567,1.0,1.0,,
56bfb14fabf6,EXAM,islwords,video,,islwords:rec:d6d24a7f8929,C:\ISL\archive\Video_Dataset\Video_Dataset\Exam\WIN_20231103_11_20_16_Pro.mp4,data/processed/landmarks/islwords/EXAM/56bfb14fabf6.npz,150,30.0,5.0,1.0,1.0,,
31b90c6b292b,EXAM,islwords,video,,islwords:rec:316ce90a4db6,C:\ISL\archive\Video_Dataset\Video_Dataset\Exam\WIN_20231103_11_20_35_Pro.mp4,data/processed/landmarks/islwords/EXAM/31b90c6b292b.npz,153,30.0,5.1,1.0,1.0,,
d8ef374c2220,EXAM,islwords,video,,islwords:rec:02981baa7fcd,C:\ISL\archive\Video_Dataset\Video_Dataset\Exam\WIN_20231103_11_20_41_Pro.mp4,data/processed/landmarks/islwords/EXAM/d8ef374c2220.npz,145,30.0,4.833,1.0,1.0,,
b2dd49b5a5f0,EXAM,islwords,video,,islwords:rec:8dee96ebcb20,C:\ISL\archive\Video_Dataset\Video_Dataset\Exam\WIN_20231103_11_20_48_Pro.mp4,data/processed/landmarks/islwords/EXAM/b2dd49b5a5f0.npz,139,30.0,4.633,1.0,1.0,,
7b6ad40563cc,EXAM,islwords,video,,islwords:rec:2ceec663e8b1,C:\ISL\archive\Video_Dataset\Video_Dataset\Exam\WIN_20231103_11_20_57_Pro.mp4,data/processed/landmarks/islwords/EXAM/7b6ad40563cc.npz,146,30.0,4.867,1.0,1.0,,
b0a4c916e66e,EXAM,islwords,video,,islwords:rec:5e80ba27f8c8,C:\ISL\archive\Video_Dataset\Video_Dataset\Exam\WIN_20231103_11_21_28_Pro.mp4,data/processed/landmarks/islwords/EXAM/b0a4c916e66e.npz,127,30.0,4.233,1.0,1.0,,
16474719a386,EXAM,islwords,video,,islwords:rec:163f16ba25f8,C:\ISL\archive\Video_Dataset\Video_Dataset\Exam\WIN_20231103_11_21_57_Pro.mp4,data/processed/landmarks/islwords/EXAM/16474719a386.npz,138,30.0,4.6,1.0,1.0,,
a806ce231ac6,EXAM,islwords,video,,islwords:rec:59bffa5c940c,C:\ISL\archive\Video_Dataset\Video_Dataset\Exam\WIN_20231103_11_22_04_Pro.mp4,data/processed/landmarks/islwords/EXAM/a806ce231ac6.npz,140,30.0,4.667,1.0,1.0,,
fd665b407258,EXAM,islwords,video,,islwords:rec:4ab5a631923e,C:\ISL\archive\Video_Dataset\Video_Dataset\Exam\WIN_20231103_11_22_10_Pro.mp4,data/processed/landmarks/islwords/EXAM/fd665b407258.npz,138,30.0,4.6,1.0,1.0,,
967649cda60e,EXAM,islwords,video,,islwords:rec:2252973d693e,C:\ISL\archive\Video_Dataset\Video_Dataset\Exam\WIN_20231103_11_22_17_Pro.mp4,data/processed/landmarks/islwords/EXAM/967649cda60e.npz,115,30.0,3.833,1.0,1.0,,
8ea4b2c90e22,EXAM,islwords,video,,islwords:rec:24c52e593966,C:\ISL\archive\Video_Dataset\Video_Dataset\Exam\WIN_20231103_11_23_51_Pro.mp4,data/processed/landmarks/islwords/EXAM/8ea4b2c90e22.npz,167,30.0,5.567,1.0,1.0,,
f19573792a12,EXAM,islwords,video,,islwords:rec:7937d3e58003,C:\ISL\archive\Video_Dataset\Video_Dataset\Exam\WIN_20231103_11_23_58_Pro.mp4,data/processed/landmarks/islwords/EXAM/f19573792a12.npz,151,30.0,5.033,1.0,1.0,,
17887723d50f,EXAM,islwords,video,,islwords:rec:7676f56cd0ac,C:\ISL\archive\Video_Dataset\Video_Dataset\Exam\WIN_20231103_11_24_10_Pro.mp4,data/processed/landmarks/islwords/EXAM/17887723d50f.npz,192,30.0,6.4,1.0,1.0,,
d1f515e195ca,EXAM,islwords,video,,islwords:rec:ceece034495f,C:\ISL\archive\Video_Dataset\Video_Dataset\Exam\WIN_20231103_11_24_17_Pro.mp4,data/processed/landmarks/islwords/EXAM/d1f515e195ca.npz,191,30.0,6.367,1.0,1.0,,
42ae068c2cd0,EXAM,islwords,video,,islwords:rec:7c44220f5b39,C:\ISL\archive\Video_Dataset\Video_Dataset\Exam\WIN_20231103_11_24_54_Pro.mp4,data/processed/landmarks/islwords/EXAM/42ae068c2cd0.npz,190,30.0,6.333,1.0,1.0,,
7960277afe88,EXAM,islwords,video,,islwords:rec:513cc0474329,C:\ISL\archive\Video_Dataset\Video_Dataset\Exam\WIN_20231103_11_25_19_Pro.mp4,data/processed/landmarks/islwords/EXAM/7960277afe88.npz,171,30.0,5.7,1.0,1.0,,
f5f8dc6128ff,EXAM,islwords,video,,islwords:rec:8021e51202da,C:\ISL\archive\Video_Dataset\Video_Dataset\Exam\WIN_20231103_11_25_26_Pro.mp4,data/processed/landmarks/islwords/EXAM/f5f8dc6128ff.npz,169,30.0,5.633,1.0,1.0,,
dc2fca0fbd4f,EXAM,islwords,video,,islwords:rec:32538d4a7cc7,C:\ISL\archive\Video_Dataset\Video_Dataset\Exam\WIN_20231103_11_25_34_Pro.mp4,data/processed/landmarks/islwords/EXAM/dc2fca0fbd4f.npz,163,30.0,5.433,1.0,1.0,,
c22cee9fb132,EXAM,islwords,video,,islwords:rec:be22de125df8,C:\ISL\archive\Video_Dataset\Video_Dataset\Exam\WIN_20231103_11_25_41_Pro.mp4,data/processed/landmarks/islwords/EXAM/c22cee9fb132.npz,163,30.0,5.433,1.0,1.0,,
a8dd1b0d9643,EXAM,islwords,video,,islwords:rec:6ed8bb8ad643,C:\ISL\archive\Video_Dataset\Video_Dataset\Exam\WIN_20231103_11_25_49_Pro.mp4,data/processed/landmarks/islwords/EXAM/a8dd1b0d9643.npz,142,30.0,4.733,1.0,1.0,,
70dd7aa6dc03,FEDUP,islwords,video,,islwords:rec:5de29ef7302f,C:\ISL\archive\Video_Dataset\Video_Dataset\Fedup\WIN_20231103_13_02_30_Pro.mp4,data/processed/landmarks/islwords/FEDUP/70dd7aa6dc03.npz,129,30.0,4.3,1.0,1.0,,
f3e7382a5f06,FEDUP,islwords,video,,islwords:rec:46db29923305,C:\ISL\archive\Video_Dataset\Video_Dataset\Fedup\WIN_20231103_13_03_36_Pro.mp4,data/processed/landmarks/islwords/FEDUP/f3e7382a5f06.npz,121,30.0,4.033,1.0,1.0,,
2c8529f44a4f,FEDUP,islwords,video,,islwords:rec:70e7c03a8e3b,C:\ISL\archive\Video_Dataset\Video_Dataset\Fedup\WIN_20231103_13_03_42_Pro.mp4,data/processed/landmarks/islwords/FEDUP/2c8529f44a4f.npz,99,30.0,3.3,1.0,1.0,,
43dd86eeb08b,FEDUP,islwords,video,,islwords:rec:1dd6a004e84c,C:\ISL\archive\Video_Dataset\Video_Dataset\Fedup\WIN_20231103_13_04_01_Pro.mp4,data/processed/landmarks/islwords/FEDUP/43dd86eeb08b.npz,116,30.0,3.867,1.0,1.0,,
4de21fad31b5,FEDUP,islwords,video,,islwords:rec:e0493662a146,C:\ISL\archive\Video_Dataset\Video_Dataset\Fedup\WIN_20231103_13_04_06_Pro.mp4,data/processed/landmarks/islwords/FEDUP/4de21fad31b5.npz,113,30.0,3.767,1.0,1.0,,
9382ecbb58d5,FEDUP,islwords,video,,islwords:rec:de6390ba781a,C:\ISL\archive\Video_Dataset\Video_Dataset\Fedup\WIN_20231103_13_05_37_Pro.mp4,data/processed/landmarks/islwords/FEDUP/9382ecbb58d5.npz,143,30.0,4.767,1.0,1.0,,
ad2da9c0b6b2,FEDUP,islwords,video,,islwords:rec:d3cb17fa10b4,C:\ISL\archive\Video_Dataset\Video_Dataset\Fedup\WIN_20231103_13_05_43_Pro.mp4,data/processed/landmarks/islwords/FEDUP/ad2da9c0b6b2.npz,112,30.0,3.733,1.0,1.0,,
126d5e5a13d0,FEDUP,islwords,video,,islwords:rec:7972b1d34c35,C:\ISL\archive\Video_Dataset\Video_Dataset\Fedup\WIN_20231103_13_05_48_Pro.mp4,data/processed/landmarks/islwords/FEDUP/126d5e5a13d0.npz,131,30.0,4.367,1.0,1.0,,
2d972e59fa7c,FEDUP,islwords,video,,islwords:rec:c79a2f7fa789,C:\ISL\archive\Video_Dataset\Video_Dataset\Fedup\WIN_20231103_13_05_54_Pro.mp4,data/processed/landmarks/islwords/FEDUP/2d972e59fa7c.npz,120,30.0,4.0,1.0,1.0,,
386340d4d5db,FEDUP,islwords,video,,islwords:rec:0f9de93af1da,C:\ISL\archive\Video_Dataset\Video_Dataset\Fedup\WIN_20231103_13_05_59_Pro.mp4,data/processed/landmarks/islwords/FEDUP/386340d4d5db.npz,126,30.0,4.2,1.0,1.0,,
62e7a3f404b0,FEDUP,islwords,video,,islwords:rec:dd338dbfe11b,C:\ISL\archive\Video_Dataset\Video_Dataset\Fedup\WIN_20231103_13_06_17_Pro.mp4,data/processed/landmarks/islwords/FEDUP/62e7a3f404b0.npz,132,30.0,4.4,1.0,1.0,,
351e04d31fb3,FEDUP,islwords,video,,islwords:rec:d100b63f63e5,C:\ISL\archive\Video_Dataset\Video_Dataset\Fedup\WIN_20231103_13_07_05_Pro.mp4,data/processed/landmarks/islwords/FEDUP/351e04d31fb3.npz,137,30.0,4.567,1.0,1.0,,
e0ee2c4212b8,FEDUP,islwords,video,,islwords:rec:dcb4c2a10d4c,C:\ISL\archive\Video_Dataset\Video_Dataset\Fedup\WIN_20231103_13_07_12_Pro.mp4,data/processed/landmarks/islwords/FEDUP/e0ee2c4212b8.npz,109,30.0,3.633,1.0,1.0,,
34d9516f9a0a,FEDUP,islwords,video,,islwords:rec:7b6259dae7c0,C:\ISL\archive\Video_Dataset\Video_Dataset\Fedup\WIN_20231103_13_07_17_Pro.mp4,data/processed/landmarks/islwords/FEDUP/34d9516f9a0a.npz,121,30.0,4.033,1.0,1.0,,
f05bc51d4012,FEDUP,islwords,video,,islwords:rec:2e46257f9375,C:\ISL\archive\Video_Dataset\Video_Dataset\Fedup\WIN_20231103_13_07_22_Pro.mp4,data/processed/landmarks/islwords/FEDUP/f05bc51d4012.npz,111,30.0,3.7,1.0,1.0,,
719a8f1cb3bc,FEDUP,islwords,video,,islwords:rec:b95fc908a584,C:\ISL\archive\Video_Dataset\Video_Dataset\Fedup\WIN_20231103_13_44_15_Pro.mp4,data/processed/landmarks/islwords/FEDUP/719a8f1cb3bc.npz,154,30.0,5.133,1.0,1.0,,
1173482a8803,FEDUP,islwords,video,,islwords:rec:2a1fab658fa9,C:\ISL\archive\Video_Dataset\Video_Dataset\Fedup\WIN_20231103_13_44_23_Pro.mp4,data/processed/landmarks/islwords/FEDUP/1173482a8803.npz,132,30.0,4.4,1.0,1.0,,
0e9c41ba6124,FEDUP,islwords,video,,islwords:rec:7be57fb39854,C:\ISL\archive\Video_Dataset\Video_Dataset\Fedup\WIN_20231103_13_44_29_Pro.mp4,data/processed/landmarks/islwords/FEDUP/0e9c41ba6124.npz,133,30.0,4.433,1.0,1.0,,
3564937a4aca,FEDUP,islwords,video,,islwords:rec:55c7112580f5,C:\ISL\archive\Video_Dataset\Video_Dataset\Fedup\WIN_20231103_13_44_35_Pro.mp4,data/processed/landmarks/islwords/FEDUP/3564937a4aca.npz,112,30.0,3.733,1.0,1.0,,
a4f8a54d9748,FEDUP,islwords,video,,islwords:rec:9f0e2a29ccbf,C:\ISL\archive\Video_Dataset\Video_Dataset\Fedup\WIN_20231103_13_44_40_Pro.mp4,data/processed/landmarks/islwords/FEDUP/a4f8a54d9748.npz,126,30.0,4.2,1.0,1.0,,
44f41edba11d,FEVER,islwords,video,,islwords:rec:b5bd4b1008d6,C:\ISL\archive\Video_Dataset\Video_Dataset\Fever\WIN_20230901_10_05_26_Pro.mp4,data/processed/landmarks/islwords/FEVER/44f41edba11d.npz,180,30.0,6.0,1.0,1.0,,
804678dc781c,FEVER,islwords,video,,islwords:rec:74a6f7496258,C:\ISL\archive\Video_Dataset\Video_Dataset\Fever\WIN_20230901_10_05_35_Pro.mp4,data/processed/landmarks/islwords/FEVER/804678dc781c.npz,145,30.0,4.833,1.0,1.0,,
ad20f5c6ee97,FEVER,islwords,video,,islwords:rec:b2229a760a87,C:\ISL\archive\Video_Dataset\Video_Dataset\Fever\WIN_20230901_10_05_57_Pro.mp4,data/processed/landmarks/islwords/FEVER/ad20f5c6ee97.npz,165,30.0,5.5,1.0,1.0,,
600809a120e9,FEVER,islwords,video,,islwords:rec:3d8e46bfe585,C:\ISL\archive\Video_Dataset\Video_Dataset\Fever\WIN_20230901_10_06_05_Pro.mp4,data/processed/landmarks/islwords/FEVER/600809a120e9.npz,152,30.0,5.067,1.0,1.0,,
15f3a00a085e,FEVER,islwords,video,,islwords:rec:39d1e0866145,C:\ISL\archive\Video_Dataset\Video_Dataset\Fever\WIN_20230901_10_06_12_Pro.mp4,data/processed/landmarks/islwords/FEVER/15f3a00a085e.npz,145,30.0,4.833,1.0,1.0,,
bb1bc5cf1592,FEVER,islwords,video,,islwords:rec:2e39b159db52,C:\ISL\archive\Video_Dataset\Video_Dataset\Fever\WIN_20230901_10_06_44_Pro.mp4,data/processed/landmarks/islwords/FEVER/bb1bc5cf1592.npz,168,30.0,5.6,1.0,1.0,,
e5b4c715cb9d,FEVER,islwords,video,,islwords:rec:025423bf4d7f,C:\ISL\archive\Video_Dataset\Video_Dataset\Fever\WIN_20230901_10_06_52_Pro.mp4,data/processed/landmarks/islwords/FEVER/e5b4c715cb9d.npz,146,30.0,4.867,1.0,1.0,,
8a39f9666d60,FEVER,islwords,video,,islwords:rec:3590a8bf8502,C:\ISL\archive\Video_Dataset\Video_Dataset\Fever\WIN_20230901_10_06_58_Pro.mp4,data/processed/landmarks/islwords/FEVER/8a39f9666d60.npz,157,30.0,5.233,1.0,1.0,,
1505775423ad,FEVER,islwords,video,,islwords:rec:738944795acd,C:\ISL\archive\Video_Dataset\Video_Dataset\Fever\WIN_20230901_10_07_05_Pro.mp4,data/processed/landmarks/islwords/FEVER/1505775423ad.npz,156,30.0,5.2,1.0,1.0,,
20c45ed3e005,FEVER,islwords,video,,islwords:rec:2a735471a2c3,C:\ISL\archive\Video_Dataset\Video_Dataset\Fever\WIN_20230901_10_07_12_Pro.mp4,data/processed/landmarks/islwords/FEVER/20c45ed3e005.npz,156,30.0,5.2,1.0,1.0,,
580ab5f0ca92,FEVER,islwords,video,,islwords:rec:e4b81af6afba,C:\ISL\archive\Video_Dataset\Video_Dataset\Fever\WIN_20230901_10_07_53_Pro.mp4,data/processed/landmarks/islwords/FEVER/580ab5f0ca92.npz,170,30.0,5.667,1.0,1.0,,
24362c8e07a4,FEVER,islwords,video,,islwords:rec:f185ca651c5d,C:\ISL\archive\Video_Dataset\Video_Dataset\Fever\WIN_20230901_10_08_00_Pro.mp4,data/processed/landmarks/islwords/FEVER/24362c8e07a4.npz,202,30.0,6.733,1.0,1.0,,
5f22d27a411d,FEVER,islwords,video,,islwords:rec:21422f336665,C:\ISL\archive\Video_Dataset\Video_Dataset\Fever\WIN_20230901_10_08_08_Pro.mp4,data/processed/landmarks/islwords/FEVER/5f22d27a411d.npz,198,30.0,6.6,1.0,1.0,,
f04e223cf303,FEVER,islwords,video,,islwords:rec:48fb21fa4c4a,C:\ISL\archive\Video_Dataset\Video_Dataset\Fever\WIN_20230901_10_08_16_Pro.mp4,data/processed/landmarks/islwords/FEVER/f04e223cf303.npz,226,30.0,7.533,1.0,1.0,,
8dedbb3d6bb0,FEVER,islwords,video,,islwords:rec:2bafd31d33d3,C:\ISL\archive\Video_Dataset\Video_Dataset\Fever\WIN_20230901_10_08_25_Pro.mp4,data/processed/landmarks/islwords/FEVER/8dedbb3d6bb0.npz,233,30.0,7.767,1.0,1.0,,
b378659d65ea,FEVER,islwords,video,,islwords:rec:2628d324ae0b,C:\ISL\archive\Video_Dataset\Video_Dataset\Fever\WIN_20230926_11_27_24_Pro_Trim_cropped.mp4,data/processed/landmarks/islwords/FEVER/b378659d65ea.npz,203,30.0,6.767,1.0,1.0,,
f95daa2121f3,FEVER,islwords,video,,islwords:rec:b05209918508,C:\ISL\archive\Video_Dataset\Video_Dataset\Fever\WIN_20230926_11_27_43_Pro_Trim_cropped.mp4,data/processed/landmarks/islwords/FEVER/f95daa2121f3.npz,204,30.0,6.8,1.0,1.0,,
68f467de8ff9,FEVER,islwords,video,,islwords:rec:dd1925812137,C:\ISL\archive\Video_Dataset\Video_Dataset\Fever\WIN_20230926_11_28_02_Pro_Trim_cropped.mp4,data/processed/landmarks/islwords/FEVER/68f467de8ff9.npz,199,30.0,6.633,1.0,1.0,,
fb010aaa10f1,FEVER,islwords,video,,islwords:rec:b5b7e5b369bd,C:\ISL\archive\Video_Dataset\Video_Dataset\Fever\WIN_20230926_11_28_14_Pro_Trim_cropped.mp4,data/processed/landmarks/islwords/FEVER/fb010aaa10f1.npz,193,30.0,6.433,1.0,1.0,,
4130d596c633,FEVER,islwords,video,,islwords:rec:ea1ea6f1a2a9,C:\ISL\archive\Video_Dataset\Video_Dataset\Fever\WIN_20230926_11_28_27_Pro_Trim_cropped.mp4,data/processed/landmarks/islwords/FEVER/4130d596c633.npz,183,30.0,6.1,1.0,1.0,,
e269fc963d67,GIRAFFE,islwords,video,,islwords:rec:287c95cf88ed,C:\ISL\archive\Video_Dataset\Video_Dataset\Giraffe\WIN_20231102_13_05_27_Pro.mp4,data/processed/landmarks/islwords/GIRAFFE/e269fc963d67.npz,272,30.0,9.067,1.0,1.0,,
c69131ee74e3,GIRAFFE,islwords,video,,islwords:rec:8c05db09aad6,C:\ISL\archive\Video_Dataset\Video_Dataset\Giraffe\WIN_20231102_13_05_38_Pro.mp4,data/processed/landmarks/islwords/GIRAFFE/c69131ee74e3.npz,247,30.0,8.233,1.0,1.0,,
0a83d7f2004f,GIRAFFE,islwords,video,,islwords:rec:fed07bb8af39,C:\ISL\archive\Video_Dataset\Video_Dataset\Giraffe\WIN_20231102_13_05_48_Pro.mp4,data/processed/landmarks/islwords/GIRAFFE/0a83d7f2004f.npz,247,30.0,8.233,1.0,1.0,,
0ee6d531289f,GIRAFFE,islwords,video,,islwords:rec:7ac99d736534,C:\ISL\archive\Video_Dataset\Video_Dataset\Giraffe\WIN_20231102_13_05_59_Pro.mp4,data/processed/landmarks/islwords/GIRAFFE/0ee6d531289f.npz,240,30.0,8.0,1.0,1.0,,
6e10b66abef5,GIRAFFE,islwords,video,,islwords:rec:56b76dbc08e4,C:\ISL\archive\Video_Dataset\Video_Dataset\Giraffe\WIN_20231102_13_06_28_Pro.mp4,data/processed/landmarks/islwords/GIRAFFE/6e10b66abef5.npz,228,30.0,7.6,1.0,1.0,,
1c402035e14e,GIRAFFE,islwords,video,,islwords:rec:2a918f62fef7,C:\ISL\archive\Video_Dataset\Video_Dataset\Giraffe\WIN_20231102_13_07_32_Pro.mp4,data/processed/landmarks/islwords/GIRAFFE/1c402035e14e.npz,160,30.0,5.333,1.0,1.0,,
1db5a03013f1,GIRAFFE,islwords,video,,islwords:rec:5810ae1ae3c3,C:\ISL\archive\Video_Dataset\Video_Dataset\Giraffe\WIN_20231102_13_07_40_Pro.mp4,data/processed/landmarks/islwords/GIRAFFE/1db5a03013f1.npz,189,30.0,6.3,1.0,1.0,,
26901e750e92,GIRAFFE,islwords,video,,islwords:rec:402e8ea5d6bf,C:\ISL\archive\Video_Dataset\Video_Dataset\Giraffe\WIN_20231102_13_07_48_Pro.mp4,data/processed/landmarks/islwords/GIRAFFE/26901e750e92.npz,183,30.0,6.1,1.0,1.0,,
bb0f1344688b,GIRAFFE,islwords,video,,islwords:rec:b77ec4b8a9a1,C:\ISL\archive\Video_Dataset\Video_Dataset\Giraffe\WIN_20231102_13_07_55_Pro.mp4,data/processed/landmarks/islwords/GIRAFFE/bb0f1344688b.npz,185,30.0,6.167,1.0,1.0,,
bb108f1b69da,GIRAFFE,islwords,video,,islwords:rec:8eff691f3470,C:\ISL\archive\Video_Dataset\Video_Dataset\Giraffe\WIN_20231102_13_08_03_Pro.mp4,data/processed/landmarks/islwords/GIRAFFE/bb108f1b69da.npz,187,30.0,6.233,1.0,1.0,,
054f34d67d26,GIRAFFE,islwords,video,,islwords:rec:57d5e278d303,C:\ISL\archive\Video_Dataset\Video_Dataset\Giraffe\WIN_20231102_13_08_25_Pro.mp4,data/processed/landmarks/islwords/GIRAFFE/054f34d67d26.npz,229,30.0,7.633,1.0,1.0,,
129dba6735d6,GIRAFFE,islwords,video,,islwords:rec:b5ed2d01cd3b,C:\ISL\archive\Video_Dataset\Video_Dataset\Giraffe\WIN_20231102_13_08_34_Pro.mp4,data/processed/landmarks/islwords/GIRAFFE/129dba6735d6.npz,241,30.0,8.033,1.0,1.0,,
22dfa7c78fc9,GIRAFFE,islwords,video,,islwords:rec:c5b7d835b82a,C:\ISL\archive\Video_Dataset\Video_Dataset\Giraffe\WIN_20231102_13_08_44_Pro.mp4,data/processed/landmarks/islwords/GIRAFFE/22dfa7c78fc9.npz,234,30.0,7.8,1.0,1.0,,
4e2f9432887d,GIRAFFE,islwords,video,,islwords:rec:00db8d5e8a4f,C:\ISL\archive\Video_Dataset\Video_Dataset\Giraffe\WIN_20231102_13_08_54_Pro.mp4,data/processed/landmarks/islwords/GIRAFFE/4e2f9432887d.npz,278,30.0,9.267,1.0,1.0,,
d9f8230761ac,GIRAFFE,islwords,video,,islwords:rec:ca34865fb901,C:\ISL\archive\Video_Dataset\Video_Dataset\Giraffe\WIN_20231102_13_09_05_Pro.mp4,data/processed/landmarks/islwords/GIRAFFE/d9f8230761ac.npz,272,30.0,9.067,1.0,1.0,,
95e6ffdf2543,GIRAFFE,islwords,video,,islwords:rec:ed0eadbf3d38,C:\ISL\archive\Video_Dataset\Video_Dataset\Giraffe\WIN_20231102_13_43_43_Pro.mp4,data/processed/landmarks/islwords/GIRAFFE/95e6ffdf2543.npz,257,30.0,8.567,1.0,1.0,,
8e6f01855435,GIRAFFE,islwords,video,,islwords:rec:4d8d131d14d6,C:\ISL\archive\Video_Dataset\Video_Dataset\Giraffe\WIN_20231102_13_43_57_Pro.mp4,data/processed/landmarks/islwords/GIRAFFE/8e6f01855435.npz,219,30.0,7.3,1.0,1.0,,
61e505575b40,GIRAFFE,islwords,video,,islwords:rec:0887c5d46d7a,C:\ISL\archive\Video_Dataset\Video_Dataset\Giraffe\WIN_20231102_13_44_15_Pro.mp4,data/processed/landmarks/islwords/GIRAFFE/61e505575b40.npz,242,30.0,8.067,1.0,1.0,,
3d08a8bae85a,GIRAFFE,islwords,video,,islwords:rec:0756c5cd94f0,C:\ISL\archive\Video_Dataset\Video_Dataset\Giraffe\WIN_20231102_13_44_25_Pro.mp4,data/processed/landmarks/islwords/GIRAFFE/3d08a8bae85a.npz,226,30.0,7.533,1.0,1.0,,
979d3cea7e42,GIRAFFE,islwords,video,,islwords:rec:bae5860b6924,C:\ISL\archive\Video_Dataset\Video_Dataset\Giraffe\WIN_20231102_13_44_38_Pro.mp4,data/processed/landmarks/islwords/GIRAFFE/979d3cea7e42.npz,225,30.0,7.5,1.0,1.0,,
56d6fef4e3d7,GIVE,islwords,video,,islwords:rec:b3b066c60f8a,C:\ISL\archive\Video_Dataset\Video_Dataset\Give\WIN_20231103_10_59_37_Pro.mp4,data/processed/landmarks/islwords/GIVE/56d6fef4e3d7.npz,116,30.0,3.867,1.0,1.0,,
89a1c21d4d4b,GIVE,islwords,video,,islwords:rec:d79d9c91f382,C:\ISL\archive\Video_Dataset\Video_Dataset\Give\WIN_20231103_10_59_43_Pro.mp4,data/processed/landmarks/islwords/GIVE/89a1c21d4d4b.npz,126,30.0,4.2,1.0,1.0,,
80971ad4ccf3,GIVE,islwords,video,,islwords:rec:3f80dd4bc5e7,C:\ISL\archive\Video_Dataset\Video_Dataset\Give\WIN_20231103_11_00_23_Pro.mp4,data/processed/landmarks/islwords/GIVE/80971ad4ccf3.npz,121,30.0,4.033,1.0,1.0,,
52fb93c57bd1,GIVE,islwords,video,,islwords:rec:9395e49e2fae,C:\ISL\archive\Video_Dataset\Video_Dataset\Give\WIN_20231103_11_00_29_Pro.mp4,data/processed/landmarks/islwords/GIVE/52fb93c57bd1.npz,140,30.0,4.667,1.0,1.0,,
5187d5d1c456,GIVE,islwords,video,,islwords:rec:651d9da49fb6,C:\ISL\archive\Video_Dataset\Video_Dataset\Give\WIN_20231103_11_00_35_Pro.mp4,data/processed/landmarks/islwords/GIVE/5187d5d1c456.npz,115,30.0,3.833,1.0,1.0,,
f9ce3d6374a9,GIVE,islwords,video,,islwords:rec:6eddec1b6905,C:\ISL\archive\Video_Dataset\Video_Dataset\Give\WIN_20231103_11_00_55_Pro.mp4,data/processed/landmarks/islwords/GIVE/f9ce3d6374a9.npz,127,30.0,4.233,1.0,1.0,,
7162ccaf4a68,GIVE,islwords,video,,islwords:rec:e4818faaa963,C:\ISL\archive\Video_Dataset\Video_Dataset\Give\WIN_20231103_11_01_01_Pro.mp4,data/processed/landmarks/islwords/GIVE/7162ccaf4a68.npz,128,30.0,4.267,1.0,1.0,,
569ca304776e,GIVE,islwords,video,,islwords:rec:d3df12dc13c6,C:\ISL\archive\Video_Dataset\Video_Dataset\Give\WIN_20231103_11_01_06_Pro.mp4,data/processed/landmarks/islwords/GIVE/569ca304776e.npz,124,30.0,4.133,1.0,1.0,,
7ee2b02b9893,GIVE,islwords,video,,islwords:rec:413ddec51f5f,C:\ISL\archive\Video_Dataset\Video_Dataset\Give\WIN_20231103_11_01_12_Pro.mp4,data/processed/landmarks/islwords/GIVE/7ee2b02b9893.npz,115,30.0,3.833,1.0,1.0,,
ce9918103e84,GIVE,islwords,video,,islwords:rec:4fefa92f652d,C:\ISL\archive\Video_Dataset\Video_Dataset\Give\WIN_20231103_11_01_17_Pro.mp4,data/processed/landmarks/islwords/GIVE/ce9918103e84.npz,114,30.0,3.8,1.0,1.0,,
68ab90976313,GIVE,islwords,video,,islwords:rec:adcae30ea460,C:\ISL\archive\Video_Dataset\Video_Dataset\Give\WIN_20231103_11_01_36_Pro.mp4,data/processed/landmarks/islwords/GIVE/68ab90976313.npz,122,30.0,4.067,1.0,1.0,,
52093b04d2c5,GIVE,islwords,video,,islwords:rec:d3982a7b6e23,C:\ISL\archive\Video_Dataset\Video_Dataset\Give\WIN_20231103_11_01_41_Pro.mp4,data/processed/landmarks/islwords/GIVE/52093b04d2c5.npz,109,30.0,3.633,1.0,1.0,,
79067cde1916,GIVE,islwords,video,,islwords:rec:4f6645ae7384,C:\ISL\archive\Video_Dataset\Video_Dataset\Give\WIN_20231103_11_01_46_Pro.mp4,data/processed/landmarks/islwords/GIVE/79067cde1916.npz,114,30.0,3.8,1.0,1.0,,
3f623de15b90,GIVE,islwords,video,,islwords:rec:766fa1e39141,C:\ISL\archive\Video_Dataset\Video_Dataset\Give\WIN_20231103_11_01_51_Pro.mp4,data/processed/landmarks/islwords/GIVE/3f623de15b90.npz,118,30.0,3.933,1.0,1.0,,
3f37f8076133,GIVE,islwords,video,,islwords:rec:9290b41c036c,C:\ISL\archive\Video_Dataset\Video_Dataset\Give\WIN_20231103_11_01_56_Pro.mp4,data/processed/landmarks/islwords/GIVE/3f37f8076133.npz,111,30.0,3.7,1.0,1.0,,
32746e955a31,GIVE,islwords,video,,islwords:rec:305bd74e9539,C:\ISL\archive\Video_Dataset\Video_Dataset\Give\WIN_20231103_11_02_22_Pro.mp4,data/processed/landmarks/islwords/GIVE/32746e955a31.npz,128,30.0,4.267,1.0,1.0,,
7c40c80027e6,GIVE,islwords,video,,islwords:rec:2d2533fa0572,C:\ISL\archive\Video_Dataset\Video_Dataset\Give\WIN_20231103_11_02_28_Pro.mp4,data/processed/landmarks/islwords/GIVE/7c40c80027e6.npz,122,30.0,4.067,1.0,1.0,,
d934c93bb130,GIVE,islwords,video,,islwords:rec:9c112eceb712,C:\ISL\archive\Video_Dataset\Video_Dataset\Give\WIN_20231103_11_02_34_Pro.mp4,data/processed/landmarks/islwords/GIVE/d934c93bb130.npz,116,30.0,3.867,1.0,1.0,,
3ee339b6d18a,GIVE,islwords,video,,islwords:rec:919dcbf95557,C:\ISL\archive\Video_Dataset\Video_Dataset\Give\WIN_20231103_11_02_40_Pro.mp4,data/processed/landmarks/islwords/GIVE/3ee339b6d18a.npz,105,30.0,3.5,1.0,1.0,,
beea0662a3cb,GIVE,islwords,video,,islwords:rec:1d5b37dccc34,C:\ISL\archive\Video_Dataset\Video_Dataset\Give\WIN_20231103_11_02_45_Pro.mp4,data/processed/landmarks/islwords/GIVE/beea0662a3cb.npz,104,30.0,3.467,1.0,1.0,,
77d4ff4156d4,GOOD_AFTERNOON,islwords,video,,islwords:rec:4fc5c7b5c386,C:\ISL\archive\Video_Dataset\Video_Dataset\Good afternoon\WIN_20231103_13_08_56_Pro.mp4,data/processed/landmarks/islwords/GOOD_AFTERNOON/77d4ff4156d4.npz,146,30.0,4.867,1.0,1.0,,
d13fb7e6f0e0,GOOD_AFTERNOON,islwords,video,,islwords:rec:fab597bc5dfc,C:\ISL\archive\Video_Dataset\Video_Dataset\Good afternoon\WIN_20231103_13_09_03_Pro.mp4,data/processed/landmarks/islwords/GOOD_AFTERNOON/d13fb7e6f0e0.npz,129,30.0,4.3,1.0,1.0,,
808e1d879918,GOOD_AFTERNOON,islwords,video,,islwords:rec:9cf97d843969,C:\ISL\archive\Video_Dataset\Video_Dataset\Good afternoon\WIN_20231103_13_09_09_Pro.mp4,data/processed/landmarks/islwords/GOOD_AFTERNOON/808e1d879918.npz,138,30.0,4.6,1.0,1.0,,
6c7bc54b62c3,GOOD_AFTERNOON,islwords,video,,islwords:rec:e3aa622059e7,C:\ISL\archive\Video_Dataset\Video_Dataset\Good afternoon\WIN_20231103_13_09_15_Pro.mp4,data/processed/landmarks/islwords/GOOD_AFTERNOON/6c7bc54b62c3.npz,120,30.0,4.0,1.0,1.0,,
e7dc747a306c,GOOD_AFTERNOON,islwords,video,,islwords:rec:886f391e7e30,C:\ISL\archive\Video_Dataset\Video_Dataset\Good afternoon\WIN_20231103_13_09_24_Pro.mp4,data/processed/landmarks/islwords/GOOD_AFTERNOON/e7dc747a306c.npz,116,30.0,3.867,1.0,1.0,,
393f5b38e74a,GOOD_AFTERNOON,islwords,video,,islwords:rec:9a9936afb041,C:\ISL\archive\Video_Dataset\Video_Dataset\Good afternoon\WIN_20231103_13_09_46_Pro.mp4,data/processed/landmarks/islwords/GOOD_AFTERNOON/393f5b38e74a.npz,163,30.0,5.433,1.0,1.0,,
9269c5ba25b7,GOOD_AFTERNOON,islwords,video,,islwords:rec:b7e479dc1d49,C:\ISL\archive\Video_Dataset\Video_Dataset\Good afternoon\WIN_20231103_13_09_53_Pro.mp4,data/processed/landmarks/islwords/GOOD_AFTERNOON/9269c5ba25b7.npz,159,30.0,5.3,1.0,1.0,,
734df3b896c7,GOOD_AFTERNOON,islwords,video,,islwords:rec:d98e6b82c9e8,C:\ISL\archive\Video_Dataset\Video_Dataset\Good afternoon\WIN_20231103_13_10_01_Pro.mp4,data/processed/landmarks/islwords/GOOD_AFTERNOON/734df3b896c7.npz,145,30.0,4.833,1.0,1.0,,
3e471db66ecc,GOOD_AFTERNOON,islwords,video,,islwords:rec:f60658cb9990,C:\ISL\archive\Video_Dataset\Video_Dataset\Good afternoon\WIN_20231103_13_10_08_Pro.mp4,data/processed/landmarks/islwords/GOOD_AFTERNOON/3e471db66ecc.npz,147,30.0,4.9,1.0,1.0,,
ec7508d337f1,GOOD_AFTERNOON,islwords,video,,islwords:rec:338c11dac2ba,C:\ISL\archive\Video_Dataset\Video_Dataset\Good afternoon\WIN_20231103_13_11_01_Pro.mp4,data/processed/landmarks/islwords/GOOD_AFTERNOON/ec7508d337f1.npz,147,30.0,4.9,1.0,1.0,,
338a853c1ab6,GOOD_AFTERNOON,islwords,video,,islwords:rec:b4cf67b1a43b,C:\ISL\archive\Video_Dataset\Video_Dataset\Good afternoon\WIN_20231103_13_11_19_Pro.mp4,data/processed/landmarks/islwords/GOOD_AFTERNOON/338a853c1ab6.npz,171,30.0,5.7,1.0,1.0,,
24d64959d8c3,GOOD_AFTERNOON,islwords,video,,islwords:rec:be375338975e,C:\ISL\archive\Video_Dataset\Video_Dataset\Good afternoon\WIN_20231103_13_11_29_Pro.mp4,data/processed/landmarks/islwords/GOOD_AFTERNOON/24d64959d8c3.npz,182,30.0,6.067,1.0,1.0,,
46d049a7c2ea,GOOD_AFTERNOON,islwords,video,,islwords:rec:2b1f68309008,C:\ISL\archive\Video_Dataset\Video_Dataset\Good afternoon\WIN_20231103_13_11_43_Pro.mp4,data/processed/landmarks/islwords/GOOD_AFTERNOON/46d049a7c2ea.npz,176,30.0,5.867,1.0,1.0,,
f6f9ebb1e7bb,GOOD_AFTERNOON,islwords,video,,islwords:rec:e68071148886,C:\ISL\archive\Video_Dataset\Video_Dataset\Good afternoon\WIN_20231103_13_11_50_Pro.mp4,data/processed/landmarks/islwords/GOOD_AFTERNOON/f6f9ebb1e7bb.npz,198,30.0,6.6,1.0,1.0,,
b40981ed0426,GOOD_AFTERNOON,islwords,video,,islwords:rec:800dae7fef3e,C:\ISL\archive\Video_Dataset\Video_Dataset\Good afternoon\WIN_20231103_13_11_58_Pro.mp4,data/processed/landmarks/islwords/GOOD_AFTERNOON/b40981ed0426.npz,196,30.0,6.533,1.0,1.0,,
28116b3e7c28,GOOD_AFTERNOON,islwords,video,,islwords:rec:2b5987610b39,C:\ISL\archive\Video_Dataset\Video_Dataset\Good afternoon\WIN_20231103_13_45_45_Pro.mp4,data/processed/landmarks/islwords/GOOD_AFTERNOON/28116b3e7c28.npz,164,30.0,5.467,1.0,1.0,,
8629663e488c,GOOD_AFTERNOON,islwords,video,,islwords:rec:910ca2c35273,C:\ISL\archive\Video_Dataset\Video_Dataset\Good afternoon\WIN_20231103_13_46_26_Pro.mp4,data/processed/landmarks/islwords/GOOD_AFTERNOON/8629663e488c.npz,167,30.0,5.567,1.0,1.0,,
268bc731f35e,GOOD_AFTERNOON,islwords,video,,islwords:rec:e5ac0ee95355,C:\ISL\archive\Video_Dataset\Video_Dataset\Good afternoon\WIN_20231103_13_46_33_Pro.mp4,data/processed/landmarks/islwords/GOOD_AFTERNOON/268bc731f35e.npz,180,30.0,6.0,1.0,1.0,,
a6024a031c2d,GOOD_AFTERNOON,islwords,video,,islwords:rec:82d21ea50cc1,C:\ISL\archive\Video_Dataset\Video_Dataset\Good afternoon\WIN_20231103_13_46_41_Pro.mp4,data/processed/landmarks/islwords/GOOD_AFTERNOON/a6024a031c2d.npz,153,30.0,5.1,1.0,1.0,,
07a0046d11ff,GOOD_AFTERNOON,islwords,video,,islwords:rec:686f244893f0,C:\ISL\archive\Video_Dataset\Video_Dataset\Good afternoon\WIN_20231103_13_46_48_Pro.mp4,data/processed/landmarks/islwords/GOOD_AFTERNOON/07a0046d11ff.npz,136,30.0,4.533,1.0,1.0,,
950aaf851e0e,GOOD_MORNING,islwords,video,,islwords:rec:995b37875737,C:\ISL\archive\Video_Dataset\Video_Dataset\Good Morning\WIN_20231103_13_17_04_Pro.mp4,data/processed/landmarks/islwords/GOOD_MORNING/950aaf851e0e.npz,156,30.0,5.2,1.0,1.0,,
0b59175d831e,GOOD_MORNING,islwords,video,,islwords:rec:5010b4034926,C:\ISL\archive\Video_Dataset\Video_Dataset\Good Morning\WIN_20231103_13_17_24_Pro.mp4,data/processed/landmarks/islwords/GOOD_MORNING/0b59175d831e.npz,137,30.0,4.567,1.0,1.0,,
c3307454421c,GOOD_MORNING,islwords,video,,islwords:rec:a7e1586cabd4,C:\ISL\archive\Video_Dataset\Video_Dataset\Good Morning\WIN_20231103_13_17_37_Pro.mp4,data/processed/landmarks/islwords/GOOD_MORNING/c3307454421c.npz,134,30.0,4.467,1.0,1.0,,
0618e7d44bf7,GOOD_MORNING,islwords,video,,islwords:rec:96ccf9d18b35,C:\ISL\archive\Video_Dataset\Video_Dataset\Good Morning\WIN_20231103_13_17_43_Pro.mp4,data/processed/landmarks/islwords/GOOD_MORNING/0618e7d44bf7.npz,149,30.0,4.967,1.0,1.0,,
3fd1df985c2f,GOOD_MORNING,islwords,video,,islwords:rec:f62ec677b062,C:\ISL\archive\Video_Dataset\Video_Dataset\Good Morning\WIN_20231103_13_17_49_Pro.mp4,data/processed/landmarks/islwords/GOOD_MORNING/3fd1df985c2f.npz,150,30.0,5.0,1.0,1.0,,
21adc397a29e,GOOD_MORNING,islwords,video,,islwords:rec:03f29fceef6d,C:\ISL\archive\Video_Dataset\Video_Dataset\Good Morning\WIN_20231103_13_18_18_Pro.mp4,data/processed/landmarks/islwords/GOOD_MORNING/21adc397a29e.npz,135,30.0,4.5,1.0,1.0,,
d9d12961bf3d,GOOD_MORNING,islwords,video,,islwords:rec:30b6ae98c077,C:\ISL\archive\Video_Dataset\Video_Dataset\Good Morning\WIN_20231103_13_18_25_Pro.mp4,data/processed/landmarks/islwords/GOOD_MORNING/d9d12961bf3d.npz,128,30.0,4.267,1.0,1.0,,
87bb49ed16bf,GOOD_MORNING,islwords,video,,islwords:rec:9b7cd24f638f,C:\ISL\archive\Video_Dataset\Video_Dataset\Good Morning\WIN_20231103_13_18_31_Pro.mp4,data/processed/landmarks/islwords/GOOD_MORNING/87bb49ed16bf.npz,148,30.0,4.933,1.0,1.0,,
7d64b8daf725,GOOD_MORNING,islwords,video,,islwords:rec:ca21fb8a1d91,C:\ISL\archive\Video_Dataset\Video_Dataset\Good Morning\WIN_20231103_13_18_37_Pro.mp4,data/processed/landmarks/islwords/GOOD_MORNING/7d64b8daf725.npz,140,30.0,4.667,1.0,1.0,,
7b549ee2e7e2,GOOD_MORNING,islwords,video,,islwords:rec:ecc857ff546c,C:\ISL\archive\Video_Dataset\Video_Dataset\Good Morning\WIN_20231103_13_18_44_Pro.mp4,data/processed/landmarks/islwords/GOOD_MORNING/7b549ee2e7e2.npz,149,30.0,4.967,1.0,1.0,,
0428a849f9e5,GOOD_MORNING,islwords,video,,islwords:rec:723cad4e7a35,C:\ISL\archive\Video_Dataset\Video_Dataset\Good Morning\WIN_20231103_13_19_35_Pro.mp4,data/processed/landmarks/islwords/GOOD_MORNING/0428a849f9e5.npz,171,30.0,5.7,1.0,1.0,,
d4a5d59cccc2,GOOD_MORNING,islwords,video,,islwords:rec:e5db8c75cabb,C:\ISL\archive\Video_Dataset\Video_Dataset\Good Morning\WIN_20231103_13_19_46_Pro.mp4,data/processed/landmarks/islwords/GOOD_MORNING/d4a5d59cccc2.npz,202,30.0,6.733,1.0,1.0,,
4a121116de12,GOOD_MORNING,islwords,video,,islwords:rec:24af8fef3599,C:\ISL\archive\Video_Dataset\Video_Dataset\Good Morning\WIN_20231103_13_20_27_Pro.mp4,data/processed/landmarks/islwords/GOOD_MORNING/4a121116de12.npz,181,30.0,6.033,1.0,1.0,,
130f41a9a00d,GOOD_MORNING,islwords,video,,islwords:rec:d928bcbdf401,C:\ISL\archive\Video_Dataset\Video_Dataset\Good Morning\WIN_20231103_13_20_36_Pro.mp4,data/processed/landmarks/islwords/GOOD_MORNING/130f41a9a00d.npz,183,30.0,6.1,1.0,1.0,,
0c20bf8fa51d,GOOD_MORNING,islwords,video,,islwords:rec:f4bc697a8ab4,C:\ISL\archive\Video_Dataset\Video_Dataset\Good Morning\WIN_20231103_13_20_43_Pro.mp4,data/processed/landmarks/islwords/GOOD_MORNING/0c20bf8fa51d.npz,188,30.0,6.267,1.0,1.0,,
95fdcae5d34e,GOOD_MORNING,islwords,video,,islwords:rec:30d00ff682d9,C:\ISL\archive\Video_Dataset\Video_Dataset\Good Morning\WIN_20231103_13_49_57_Pro.mp4,data/processed/landmarks/islwords/GOOD_MORNING/95fdcae5d34e.npz,137,30.0,4.567,1.0,1.0,,
0a9df62d756a,GOOD_MORNING,islwords,video,,islwords:rec:1b7c10c5b3de,C:\ISL\archive\Video_Dataset\Video_Dataset\Good Morning\WIN_20231103_13_50_03_Pro.mp4,data/processed/landmarks/islwords/GOOD_MORNING/0a9df62d756a.npz,153,30.0,5.1,1.0,1.0,,
60bf9f29582e,GOOD_MORNING,islwords,video,,islwords:rec:b3978aeae29d,C:\ISL\archive\Video_Dataset\Video_Dataset\Good Morning\WIN_20231103_13_50_15_Pro.mp4,data/processed/landmarks/islwords/GOOD_MORNING/60bf9f29582e.npz,139,30.0,4.633,1.0,1.0,,
fa8db2f06322,GOOD_MORNING,islwords,video,,islwords:rec:ed9916aade6b,C:\ISL\archive\Video_Dataset\Video_Dataset\Good Morning\WIN_20231103_13_50_22_Pro.mp4,data/processed/landmarks/islwords/GOOD_MORNING/fa8db2f06322.npz,126,30.0,4.2,1.0,1.0,,
dd644249e568,GOOD_MORNING,islwords,video,,islwords:rec:a2d47de814dd,C:\ISL\archive\Video_Dataset\Video_Dataset\Good Morning\WIN_20231103_13_50_28_Pro.mp4,data/processed/landmarks/islwords/GOOD_MORNING/dd644249e568.npz,134,30.0,4.467,1.0,1.0,,
eb3e0c26bc98,HELLO,islwords,video,,islwords:rec:93a3421cd493,C:\ISL\archive\Video_Dataset\Video_Dataset\Hello\WIN_20231103_13_22_45_Pro.mp4,data/processed/landmarks/islwords/HELLO/eb3e0c26bc98.npz,118,30.0,3.933,1.0,1.0,,
34abac8d5ef4,HELLO,islwords,video,,islwords:rec:61ecd1405dac,C:\ISL\archive\Video_Dataset\Video_Dataset\Hello\WIN_20231103_13_22_54_Pro.mp4,data/processed/landmarks/islwords/HELLO/34abac8d5ef4.npz,122,30.0,4.067,1.0,1.0,,
91cb4e5ad7ce,HELLO,islwords,video,,islwords:rec:2ef8817dca7a,C:\ISL\archive\Video_Dataset\Video_Dataset\Hello\WIN_20231103_13_23_00_Pro.mp4,data/processed/landmarks/islwords/HELLO/91cb4e5ad7ce.npz,144,30.0,4.8,1.0,1.0,,
d9267ec57cfd,HELLO,islwords,video,,islwords:rec:ecff4e041c8f,C:\ISL\archive\Video_Dataset\Video_Dataset\Hello\WIN_20231103_13_23_06_Pro.mp4,data/processed/landmarks/islwords/HELLO/d9267ec57cfd.npz,139,30.0,4.633,1.0,1.0,,
0c7cc890340c,HELLO,islwords,video,,islwords:rec:4800965eebb7,C:\ISL\archive\Video_Dataset\Video_Dataset\Hello\WIN_20231103_13_23_13_Pro.mp4,data/processed/landmarks/islwords/HELLO/0c7cc890340c.npz,138,30.0,4.6,1.0,1.0,,
e94eac80d0a7,HELLO,islwords,video,,islwords:rec:25ecad7c859f,C:\ISL\archive\Video_Dataset\Video_Dataset\Hello\WIN_20231103_13_23_41_Pro.mp4,data/processed/landmarks/islwords/HELLO/e94eac80d0a7.npz,117,30.0,3.9,1.0,1.0,,
d23c6deaefa1,HELLO,islwords,video,,islwords:rec:22a47eab9f9f,C:\ISL\archive\Video_Dataset\Video_Dataset\Hello\WIN_20231103_13_23_47_Pro.mp4,data/processed/landmarks/islwords/HELLO/d23c6deaefa1.npz,126,30.0,4.2,1.0,1.0,,
d096495d4bd9,HELLO,islwords,video,,islwords:rec:5ccec0f4d84a,C:\ISL\archive\Video_Dataset\Video_Dataset\Hello\WIN_20231103_13_23_52_Pro.mp4,data/processed/landmarks/islwords/HELLO/d096495d4bd9.npz,127,30.0,4.233,1.0,1.0,,
ea116d2cad27,HELLO,islwords,video,,islwords:rec:87ac51900b56,C:\ISL\archive\Video_Dataset\Video_Dataset\Hello\WIN_20231103_13_23_58_Pro.mp4,data/processed/landmarks/islwords/HELLO/ea116d2cad27.npz,123,30.0,4.1,1.0,1.0,,
054cd071ed09,HELLO,islwords,video,,islwords:rec:01ab3297b65f,C:\ISL\archive\Video_Dataset\Video_Dataset\Hello\WIN_20231103_13_24_03_Pro.mp4,data/processed/landmarks/islwords/HELLO/054cd071ed09.npz,115,30.0,3.833,1.0,1.0,,
3f1c0566c602,HELLO,islwords,video,,islwords:rec:041b98e6bd4f,C:\ISL\archive\Video_Dataset\Video_Dataset\Hello\WIN_20231103_13_24_31_Pro.mp4,data/processed/landmarks/islwords/HELLO/3f1c0566c602.npz,118,30.0,3.933,1.0,1.0,,
c5eeaefe895d,HELLO,islwords,video,,islwords:rec:3df450fe2cec,C:\ISL\archive\Video_Dataset\Video_Dataset\Hello\WIN_20231103_13_24_38_Pro.mp4,data/processed/landmarks/islwords/HELLO/c5eeaefe895d.npz,133,30.0,4.433,1.0,1.0,,
a9a5d6335dd9,HELLO,islwords,video,,islwords:rec:9228af814001,C:\ISL\archive\Video_Dataset\Video_Dataset\Hello\WIN_20231103_13_24_44_Pro.mp4,data/processed/landmarks/islwords/HELLO/a9a5d6335dd9.npz,123,30.0,4.1,1.0,1.0,,
3dc870448f2b,HELLO,islwords,video,,islwords:rec:54079d0cd49f,C:\ISL\archive\Video_Dataset\Video_Dataset\Hello\WIN_20231103_13_24_49_Pro.mp4,data/processed/landmarks/islwords/HELLO/3dc870448f2b.npz,119,30.0,3.967,1.0,1.0,,
9fd30d7b2fa7,HELLO,islwords,video,,islwords:rec:cbbf8b4c9c7a,C:\ISL\archive\Video_Dataset\Video_Dataset\Hello\WIN_20231103_13_24_55_Pro.mp4,data/processed/landmarks/islwords/HELLO/9fd30d7b2fa7.npz,109,30.0,3.633,1.0,1.0,,
b402f936b3a3,HELLO,islwords,video,,islwords:rec:c5442fff131f,C:\ISL\archive\Video_Dataset\Video_Dataset\Hello\WIN_20231103_13_51_16_Pro.mp4,data/processed/landmarks/islwords/HELLO/b402f936b3a3.npz,117,30.0,3.9,1.0,1.0,,
5be0a90f628b,HELLO,islwords,video,,islwords:rec:147dec0e1056,C:\ISL\archive\Video_Dataset\Video_Dataset\Hello\WIN_20231103_13_51_22_Pro.mp4,data/processed/landmarks/islwords/HELLO/5be0a90f628b.npz,127,30.0,4.233,1.0,1.0,,
8e0a2461d626,HELLO,islwords,video,,islwords:rec:cda8124513ce,C:\ISL\archive\Video_Dataset\Video_Dataset\Hello\WIN_20231103_13_51_28_Pro.mp4,data/processed/landmarks/islwords/HELLO/8e0a2461d626.npz,147,30.0,4.9,1.0,1.0,,
9df996b706fa,HELLO,islwords,video,,islwords:rec:4f04b2a950aa,C:\ISL\archive\Video_Dataset\Video_Dataset\Hello\WIN_20231103_13_51_35_Pro.mp4,data/processed/landmarks/islwords/HELLO/9df996b706fa.npz,122,30.0,4.067,1.0,1.0,,
55abd0904bbb,HELLO,islwords,video,,islwords:rec:7f1bfd394dea,C:\ISL\archive\Video_Dataset\Video_Dataset\Hello\WIN_20231103_13_51_41_Pro.mp4,data/processed/landmarks/islwords/HELLO/55abd0904bbb.npz,99,30.0,3.3,1.0,1.0,,
2f4883eb07d8,HUG,islwords,video,,islwords:rec:59942e9b018b,C:\ISL\archive\Video_Dataset\Video_Dataset\Hug\WIN_20230831_14_29_40_Pro.mp4,data/processed/landmarks/islwords/HUG/2f4883eb07d8.npz,124,30.0,4.133,1.0,1.0,,
f41febd2d707,HUG,islwords,video,,islwords:rec:0213ca156340,C:\ISL\archive\Video_Dataset\Video_Dataset\Hug\WIN_20230831_14_29_46_Pro.mp4,data/processed/landmarks/islwords/HUG/f41febd2d707.npz,125,30.0,4.167,1.0,1.0,,
f31885814a03,HUG,islwords,video,,islwords:rec:8b46cdd940c6,C:\ISL\archive\Video_Dataset\Video_Dataset\Hug\WIN_20230831_14_29_58_Pro.mp4,data/processed/landmarks/islwords/HUG/f31885814a03.npz,143,30.0,4.767,1.0,1.0,,
16fd27466cbc,HUG,islwords,video,,islwords:rec:eecc0d5c44f1,C:\ISL\archive\Video_Dataset\Video_Dataset\Hug\WIN_20230831_14_33_08_Pro.mp4,data/processed/landmarks/islwords/HUG/16fd27466cbc.npz,144,30.0,4.8,1.0,1.0,,
535b9d1d32de,HUG,islwords,video,,islwords:rec:e4aaf570d7cd,C:\ISL\archive\Video_Dataset\Video_Dataset\Hug\WIN_20230831_14_33_15_Pro.mp4,data/processed/landmarks/islwords/HUG/535b9d1d32de.npz,126,30.0,4.2,1.0,1.0,,
1948ee6b3317,HUG,islwords,video,,islwords:rec:b17334df9509,C:\ISL\archive\Video_Dataset\Video_Dataset\Hug\WIN_20230831_14_36_40_Pro.mp4,data/processed/landmarks/islwords/HUG/1948ee6b3317.npz,160,30.0,5.333,1.0,1.0,,
345117db9f9d,HUG,islwords,video,,islwords:rec:4e3f7a8a888a,C:\ISL\archive\Video_Dataset\Video_Dataset\Hug\WIN_20230831_14_36_48_Pro.mp4,data/processed/landmarks/islwords/HUG/345117db9f9d.npz,145,30.0,4.833,1.0,1.0,,
41d0702241d8,HUG,islwords,video,,islwords:rec:5f06805d0e9a,C:\ISL\archive\Video_Dataset\Video_Dataset\Hug\WIN_20230831_14_36_55_Pro.mp4,data/processed/landmarks/islwords/HUG/41d0702241d8.npz,138,30.0,4.6,1.0,1.0,,
460ce3f871a5,HUG,islwords,video,,islwords:rec:dbceca4d6171,C:\ISL\archive\Video_Dataset\Video_Dataset\Hug\WIN_20230831_14_37_02_Pro.mp4,data/processed/landmarks/islwords/HUG/460ce3f871a5.npz,128,30.0,4.267,0.9922,1.0,,
b21c59bf8e92,HUG,islwords,video,,islwords:rec:fed2b5b2e29e,C:\ISL\archive\Video_Dataset\Video_Dataset\Hug\WIN_20230831_14_37_09_Pro.mp4,data/processed/landmarks/islwords/HUG/b21c59bf8e92.npz,131,30.0,4.367,1.0,1.0,,
02a64ed753dc,HUG,islwords,video,,islwords:rec:d5496541ee72,C:\ISL\archive\Video_Dataset\Video_Dataset\Hug\WIN_20230831_14_39_02_Pro.mp4,data/processed/landmarks/islwords/HUG/02a64ed753dc.npz,161,30.0,5.367,0.9876,1.0,,
8fa889db0b91,HUG,islwords,video,,islwords:rec:9e19c93282fa,C:\ISL\archive\Video_Dataset\Video_Dataset\Hug\WIN_20230831_14_39_13_Pro.mp4,data/processed/landmarks/islwords/HUG/8fa889db0b91.npz,183,30.0,6.1,0.9945,1.0,,
fe65bb1ec408,HUG,islwords,video,,islwords:rec:aa5ec677c3ab,C:\ISL\archive\Video_Dataset\Video_Dataset\Hug\WIN_20230831_14_39_28_Pro.mp4,data/processed/landmarks/islwords/HUG/fe65bb1ec408.npz,205,30.0,6.833,0.9317,1.0,,
1d9095c7795b,HUG,islwords,video,,islwords:rec:390d66d1cd6f,C:\ISL\archive\Video_Dataset\Video_Dataset\Hug\WIN_20230831_14_39_39_Pro.mp4,data/processed/landmarks/islwords/HUG/1d9095c7795b.npz,202,30.0,6.733,0.9554,1.0,,
4e9db73f414b,HUG,islwords,video,,islwords:rec:7ffd06e16ec1,C:\ISL\archive\Video_Dataset\Video_Dataset\Hug\WIN_20230831_14_39_48_Pro.mp4,data/processed/landmarks/islwords/HUG/4e9db73f414b.npz,216,30.0,7.2,0.8843,1.0,,
a11f7df149d2,HUG,islwords,video,,islwords:rec:1634b269282d,C:\ISL\archive\Video_Dataset\Video_Dataset\Hug\WIN_20230926_11_29_08_Pro_Trim_cropped.mp4,data/processed/landmarks/islwords/HUG/a11f7df149d2.npz,143,30.0,4.767,1.0,1.0,,
b04825b809ab,HUG,islwords,video,,islwords:rec:a2d4db803a2b,C:\ISL\archive\Video_Dataset\Video_Dataset\Hug\WIN_20230926_11_29_21_Pro_Trim_cropped.mp4,data/processed/landmarks/islwords/HUG/b04825b809ab.npz,177,30.0,5.9,0.9944,1.0,,
18db18dd911b,HUG,islwords,video,,islwords:rec:b6ee21605d2d,C:\ISL\archive\Video_Dataset\Video_Dataset\Hug\WIN_20230926_11_29_33_Pro_Trim_cropped.mp4,data/processed/landmarks/islwords/HUG/18db18dd911b.npz,146,30.0,4.867,0.9932,1.0,,
d58181e9324f,HUG,islwords,video,,islwords:rec:42b3ae0d9319,C:\ISL\archive\Video_Dataset\Video_Dataset\Hug\WIN_20230926_11_29_45_Pro_Trim_cropped.mp4,data/processed/landmarks/islwords/HUG/d58181e9324f.npz,142,30.0,4.733,1.0,1.0,,
c8cbf0517d7f,HUG,islwords,video,,islwords:rec:3bb1ae158cb9,C:\ISL\archive\Video_Dataset\Video_Dataset\Hug\WIN_20230926_11_29_56_Pro_Trim_cropped.mp4,data/processed/landmarks/islwords/HUG/c8cbf0517d7f.npz,138,30.0,4.6,0.971,1.0,,
c030c26ea188,INJURY,islwords,video,,islwords:rec:12c9b3b97b24,C:\ISL\archive\Video_Dataset\Video_Dataset\Injury\WIN_20230831_14_19_14_Pro.mp4,data/processed/landmarks/islwords/INJURY/c030c26ea188.npz,111,30.0,3.7,0.991,1.0,,
d3566f59e352,INJURY,islwords,video,,islwords:rec:c0321db0bf9d,C:\ISL\archive\Video_Dataset\Video_Dataset\Injury\WIN_20230831_14_19_20_Pro.mp4,data/processed/landmarks/islwords/INJURY/d3566f59e352.npz,114,30.0,3.8,0.9912,1.0,,
9350590b7d28,INJURY,islwords,video,,islwords:rec:4b825dfc5ee2,C:\ISL\archive\Video_Dataset\Video_Dataset\Injury\WIN_20230831_14_19_32_Pro.mp4,data/processed/landmarks/islwords/INJURY/9350590b7d28.npz,136,30.0,4.533,1.0,1.0,,
96e84c079aed,INJURY,islwords,video,,islwords:rec:96035bcba6a5,C:\ISL\archive\Video_Dataset\Video_Dataset\Injury\WIN_20230831_14_19_37_Pro.mp4,data/processed/landmarks/islwords/INJURY/96e84c079aed.npz,136,30.0,4.533,1.0,1.0,,
57a61a4cb30d,INJURY,islwords,video,,islwords:rec:4d9876fee5c6,C:\ISL\archive\Video_Dataset\Video_Dataset\Injury\WIN_20230831_14_20_27_Pro.mp4,data/processed/landmarks/islwords/INJURY/57a61a4cb30d.npz,142,30.0,4.733,0.993,1.0,,
dcc790cb5fd7,INJURY,islwords,video,,islwords:rec:2a022bd6ff83,C:\ISL\archive\Video_Dataset\Video_Dataset\Injury\WIN_20230831_14_21_03_Pro.mp4,data/processed/landmarks/islwords/INJURY/dcc790cb5fd7.npz,137,30.0,4.567,1.0,1.0,,
16ea4b1904b5,INJURY,islwords,video,,islwords:rec:db21d7430697,C:\ISL\archive\Video_Dataset\Video_Dataset\Injury\WIN_20230831_14_21_11_Pro.mp4,data/processed/landmarks/islwords/INJURY/16ea4b1904b5.npz,137,30.0,4.567,1.0,1.0,,
2cabbee2a428,INJURY,islwords,video,,islwords:rec:d8943f1b7daa,C:\ISL\archive\Video_Dataset\Video_Dataset\Injury\WIN_20230831_14_21_17_Pro.mp4,data/processed/landmarks/islwords/INJURY/2cabbee2a428.npz,129,30.0,4.3,1.0,1.0,,
848315fd4464,INJURY,islwords,video,,islwords:rec:40dc0ba0f583,C:\ISL\archive\Video_Dataset\Video_Dataset\Injury\WIN_20230831_14_21_25_Pro.mp4,data/processed/landmarks/islwords/INJURY/848315fd4464.npz,123,30.0,4.1,1.0,1.0,,
eb724a549bbe,INJURY,islwords,video,,islwords:rec:5d9d29c05cfd,C:\ISL\archive\Video_Dataset\Video_Dataset\Injury\WIN_20230831_14_21_31_Pro.mp4,data/processed/landmarks/islwords/INJURY/eb724a549bbe.npz,135,30.0,4.5,1.0,1.0,,
4a06f39872da,INJURY,islwords,video,,islwords:rec:b328cf2a9024,C:\ISL\archive\Video_Dataset\Video_Dataset\Injury\WIN_20230831_14_26_25_Pro.mp4,data/processed/landmarks/islwords/INJURY/4a06f39872da.npz,138,30.0,4.6,1.0,1.0,,
43271b9bb4d1,INJURY,islwords,video,,islwords:rec:a08a83bae439,C:\ISL\archive\Video_Dataset\Video_Dataset\Injury\WIN_20230831_14_26_53_Pro.mp4,data/processed/landmarks/islwords/INJURY/43271b9bb4d1.npz,138,30.0,4.6,1.0,1.0,,
0aabd994f398,INJURY,islwords,video,,islwords:rec:8e9839377ac9,C:\ISL\archive\Video_Dataset\Video_Dataset\Injury\WIN_20230831_14_27_00_Pro.mp4,data/processed/landmarks/islwords/INJURY/0aabd994f398.npz,149,30.0,4.967,1.0,1.0,,
8d654d9dc1b8,INJURY,islwords,video,,islwords:rec:7e448680ccd1,C:\ISL\archive\Video_Dataset\Video_Dataset\Injury\WIN_20230831_14_27_06_Pro.mp4,data/processed/landmarks/islwords/INJURY/8d654d9dc1b8.npz,150,30.0,5.0,1.0,1.0,,
50079083e7d7,INJURY,islwords,video,,islwords:rec:2a5491beec92,C:\ISL\archive\Video_Dataset\Video_Dataset\Injury\WIN_20230831_14_27_13_Pro.mp4,data/processed/landmarks/islwords/INJURY/50079083e7d7.npz,145,30.0,4.833,1.0,1.0,,
6c72a1187735,INJURY,islwords,video,,islwords:rec:dcad5e1d2e72,C:\ISL\archive\Video_Dataset\Video_Dataset\Injury\WIN_20230927_07_27_44_Pro_Trim_cropped.mp4,data/processed/landmarks/islwords/INJURY/6c72a1187735.npz,160,30.0,5.333,1.0,1.0,,
77e2bbf7533f,INJURY,islwords,video,,islwords:rec:7ba8c7a112ab,C:\ISL\archive\Video_Dataset\Video_Dataset\Injury\WIN_20230927_07_28_19_Pro_Trim_cropped.mp4,data/processed/landmarks/islwords/INJURY/77e2bbf7533f.npz,125,30.0,4.167,0.992,1.0,,
7743ec208f90,INJURY,islwords,video,,islwords:rec:6334c1660c67,C:\ISL\archive\Video_Dataset\Video_Dataset\Injury\WIN_20230927_07_28_32_Pro_Trim_cropped.mp4,data/processed/landmarks/islwords/INJURY/7743ec208f90.npz,130,30.0,4.333,0.9769,1.0,,
102425000429,INJURY,islwords,video,,islwords:rec:92d13bcf61ea,C:\ISL\archive\Video_Dataset\Video_Dataset\Injury\WIN_20230927_07_28_46_Pro_Trim_cropped.mp4,data/processed/landmarks/islwords/INJURY/102425000429.npz,128,30.0,4.267,0.9922,1.0,,
9961d31a3da2,INJURY,islwords,video,,islwords:rec:b21ca982816f,C:\ISL\archive\Video_Dataset\Video_Dataset\Injury\WIN_20230927_07_28_47_Pro_Trim_cropped.mp4,data/processed/landmarks/islwords/INJURY/9961d31a3da2.npz,128,30.0,4.267,0.9922,1.0,,
1d58facdb879,INTERVIEW,islwords,video,,islwords:rec:74dadbeb9275,C:\ISL\archive\Video_Dataset\Video_Dataset\Interview\WIN_20230901_09_45_57_Pro.mp4,data/processed/landmarks/islwords/INTERVIEW/1d58facdb879.npz,158,30.0,5.267,0.9937,1.0,,
7a0ca4deec60,INTERVIEW,islwords,video,,islwords:rec:13b31b4c409a,C:\ISL\archive\Video_Dataset\Video_Dataset\Interview\WIN_20230901_09_46_11_Pro.mp4,data/processed/landmarks/islwords/INTERVIEW/7a0ca4deec60.npz,156,30.0,5.2,0.9936,1.0,,
9fb3d8f629c7,INTERVIEW,islwords,video,,islwords:rec:e205306a096c,C:\ISL\archive\Video_Dataset\Video_Dataset\Interview\WIN_20230901_09_46_18_Pro.mp4,data/processed/landmarks/islwords/INTERVIEW/9fb3d8f629c7.npz,164,30.0,5.467,0.9939,1.0,,
8600fb437809,INTERVIEW,islwords,video,,islwords:rec:709c17637673,C:\ISL\archive\Video_Dataset\Video_Dataset\Interview\WIN_20230901_09_46_24_Pro.mp4,data/processed/landmarks/islwords/INTERVIEW/8600fb437809.npz,159,30.0,5.3,1.0,1.0,,
692b0ac5b5f3,INTERVIEW,islwords,video,,islwords:rec:6b25d1d82319,C:\ISL\archive\Video_Dataset\Video_Dataset\Interview\WIN_20230901_09_46_31_Pro.mp4,data/processed/landmarks/islwords/INTERVIEW/692b0ac5b5f3.npz,149,30.0,4.967,0.9933,1.0,,
be8badc6b78e,INTERVIEW,islwords,video,,islwords:rec:67a837cf52c9,C:\ISL\archive\Video_Dataset\Video_Dataset\Interview\WIN_20230901_09_46_48_Pro.mp4,data/processed/landmarks/islwords/INTERVIEW/be8badc6b78e.npz,135,30.0,4.5,1.0,1.0,,
658e048550eb,INTERVIEW,islwords,video,,islwords:rec:794c50d708d1,C:\ISL\archive\Video_Dataset\Video_Dataset\Interview\WIN_20230901_09_46_54_Pro.mp4,data/processed/landmarks/islwords/INTERVIEW/658e048550eb.npz,132,30.0,4.4,1.0,1.0,,
47cc4df945d7,INTERVIEW,islwords,video,,islwords:rec:d96087479786,C:\ISL\archive\Video_Dataset\Video_Dataset\Interview\WIN_20230901_09_47_07_Pro.mp4,data/processed/landmarks/islwords/INTERVIEW/47cc4df945d7.npz,134,30.0,4.467,1.0,1.0,,
9c1608c78062,INTERVIEW,islwords,video,,islwords:rec:65c4df303b78,C:\ISL\archive\Video_Dataset\Video_Dataset\Interview\WIN_20230901_09_47_14_Pro.mp4,data/processed/landmarks/islwords/INTERVIEW/9c1608c78062.npz,140,30.0,4.667,1.0,1.0,,
f2eae754be80,INTERVIEW,islwords,video,,islwords:rec:1c230062a8fe,C:\ISL\archive\Video_Dataset\Video_Dataset\Interview\WIN_20230901_09_47_21_Pro.mp4,data/processed/landmarks/islwords/INTERVIEW/f2eae754be80.npz,133,30.0,4.433,1.0,1.0,,
d73454a4b03f,INTERVIEW,islwords,video,,islwords:rec:b99015f2234f,C:\ISL\archive\Video_Dataset\Video_Dataset\Interview\WIN_20230901_09_48_20_Pro.mp4,data/processed/landmarks/islwords/INTERVIEW/d73454a4b03f.npz,145,30.0,4.833,1.0,1.0,,
a16e774ed633,INTERVIEW,islwords,video,,islwords:rec:d88efebe47bd,C:\ISL\archive\Video_Dataset\Video_Dataset\Interview\WIN_20230901_09_48_27_Pro.mp4,data/processed/landmarks/islwords/INTERVIEW/a16e774ed633.npz,157,30.0,5.233,1.0,1.0,,
df7d7f56a5a1,INTERVIEW,islwords,video,,islwords:rec:cba73a8e6261,C:\ISL\archive\Video_Dataset\Video_Dataset\Interview\WIN_20230901_09_48_33_Pro.mp4,data/processed/landmarks/islwords/INTERVIEW/df7d7f56a5a1.npz,178,30.0,5.933,1.0,1.0,,
0b7e2a27d8c1,INTERVIEW,islwords,video,,islwords:rec:1b8fb8c34aee,C:\ISL\archive\Video_Dataset\Video_Dataset\Interview\WIN_20230901_09_48_40_Pro.mp4,data/processed/landmarks/islwords/INTERVIEW/0b7e2a27d8c1.npz,168,30.0,5.6,1.0,1.0,,
1a3a8378f6d4,INTERVIEW,islwords,video,,islwords:rec:a6255cbb8fa6,C:\ISL\archive\Video_Dataset\Video_Dataset\Interview\WIN_20230901_09_48_47_Pro.mp4,data/processed/landmarks/islwords/INTERVIEW/1a3a8378f6d4.npz,168,30.0,5.6,1.0,1.0,,
7e40119f8fc7,INTERVIEW,islwords,video,,islwords:rec:75224dc94515,C:\ISL\archive\Video_Dataset\Video_Dataset\Interview\WIN_20230927_07_30_06_Pro_Trim_cropped.mp4,data/processed/landmarks/islwords/INTERVIEW/7e40119f8fc7.npz,167,30.0,5.567,1.0,1.0,,
2252e2c2b76f,INTERVIEW,islwords,video,,islwords:rec:511c08d80f2e,C:\ISL\archive\Video_Dataset\Video_Dataset\Interview\WIN_20230927_07_30_27_Pro_Trim_cropped.mp4,data/processed/landmarks/islwords/INTERVIEW/2252e2c2b76f.npz,170,30.0,5.667,1.0,1.0,,
d14d4e1c1fc8,INTERVIEW,islwords,video,,islwords:rec:bf9da0416fd2,C:\ISL\archive\Video_Dataset\Video_Dataset\Interview\WIN_20230927_07_30_41_Pro_Trim_cropped.mp4,data/processed/landmarks/islwords/INTERVIEW/d14d4e1c1fc8.npz,137,30.0,4.567,0.9635,1.0,,
ca7fe8e61851,INTERVIEW,islwords,video,,islwords:rec:7700d0b1a771,C:\ISL\archive\Video_Dataset\Video_Dataset\Interview\WIN_20230927_07_30_57_Pro_Trim_cropped.mp4,data/processed/landmarks/islwords/INTERVIEW/ca7fe8e61851.npz,137,30.0,4.567,0.9927,1.0,,
2a2342a7624c,INTERVIEW,islwords,video,,islwords:rec:5b59015e2f69,C:\ISL\archive\Video_Dataset\Video_Dataset\Interview\WIN_20230927_07_31_09_Pro_Trim_cropped.mp4,data/processed/landmarks/islwords/INTERVIEW/2a2342a7624c.npz,129,30.0,4.3,0.9845,1.0,,
6e279f98c3ae,JUMP,islwords,video,,islwords:rec:6f43e27f2d76,C:\ISL\archive\Video_Dataset\Video_Dataset\Jump\WIN_20231103_11_03_33_Pro.mp4,data/processed/landmarks/islwords/JUMP/6e279f98c3ae.npz,162,30.0,5.4,1.0,1.0,,
690d4a2731f6,JUMP,islwords,video,,islwords:rec:f0ed1e0e5732,C:\ISL\archive\Video_Dataset\Video_Dataset\Jump\WIN_20231103_11_03_40_Pro.mp4,data/processed/landmarks/islwords/JUMP/690d4a2731f6.npz,195,30.0,6.5,1.0,1.0,,
2180b27fe3d3,JUMP,islwords,video,,islwords:rec:63b76cc63f97,C:\ISL\archive\Video_Dataset\Video_Dataset\Jump\WIN_20231103_11_03_48_Pro.mp4,data/processed/landmarks/islwords/JUMP/2180b27fe3d3.npz,200,30.0,6.667,1.0,1.0,,
670429508e22,JUMP,islwords,video,,islwords:rec:6d6368d638f8,C:\ISL\archive\Video_Dataset\Video_Dataset\Jump\WIN_20231103_11_03_56_Pro.mp4,data/processed/landmarks/islwords/JUMP/670429508e22.npz,195,30.0,6.5,1.0,1.0,,
b0f5c7346717,JUMP,islwords,video,,islwords:rec:360562c57315,C:\ISL\archive\Video_Dataset\Video_Dataset\Jump\WIN_20231103_11_04_04_Pro.mp4,data/processed/landmarks/islwords/JUMP/b0f5c7346717.npz,188,30.0,6.267,1.0,1.0,,
6a090741d4ea,JUMP,islwords,video,,islwords:rec:236bf34e4fe6,C:\ISL\archive\Video_Dataset\Video_Dataset\Jump\WIN_20231103_11_04_31_Pro.mp4,data/processed/landmarks/islwords/JUMP/6a090741d4ea.npz,180,30.0,6.0,1.0,1.0,,
7eb537f616ed,JUMP,islwords,video,,islwords:rec:8024fe457684,C:\ISL\archive\Video_Dataset\Video_Dataset\Jump\WIN_20231103_11_04_38_Pro.mp4,data/processed/landmarks/islwords/JUMP/7eb537f616ed.npz,182,30.0,6.067,1.0,1.0,,
a4c20c02d696,JUMP,islwords,video,,islwords:rec:01998334645c,C:\ISL\archive\Video_Dataset\Video_Dataset\Jump\WIN_20231103_11_04_53_Pro.mp4,data/processed/landmarks/islwords/JUMP/a4c20c02d696.npz,188,30.0,6.267,1.0,1.0,,
762bdfff4400,JUMP,islwords,video,,islwords:rec:371b6823404d,C:\ISL\archive\Video_Dataset\Video_Dataset\Jump\WIN_20231103_11_05_01_Pro.mp4,data/processed/landmarks/islwords/JUMP/762bdfff4400.npz,196,30.0,6.533,1.0,1.0,,
b6014ebbb5c0,JUMP,islwords,video,,islwords:rec:1e80123db407,C:\ISL\archive\Video_Dataset\Video_Dataset\Jump\WIN_20231103_11_05_09_Pro.mp4,data/processed/landmarks/islwords/JUMP/b6014ebbb5c0.npz,192,30.0,6.4,1.0,1.0,,
7b4a47445eed,JUMP,islwords,video,,islwords:rec:d1e0fb533edd,C:\ISL\archive\Video_Dataset\Video_Dataset\Jump\WIN_20231103_11_05_56_Pro.mp4,data/processed/landmarks/islwords/JUMP/7b4a47445eed.npz,298,30.0,9.933,1.0,1.0,,
806a62b0c4f0,JUMP,islwords,video,,islwords:rec:02efd3230822,C:\ISL\archive\Video_Dataset\Video_Dataset\Jump\WIN_20231103_11_06_14_Pro.mp4,data/processed/landmarks/islwords/JUMP/806a62b0c4f0.npz,268,30.0,8.933,1.0,1.0,,
30b6af51d8b5,JUMP,islwords,video,,islwords:rec:aaff922b49a5,C:\ISL\archive\Video_Dataset\Video_Dataset\Jump\WIN_20231103_11_06_24_Pro.mp4,data/processed/landmarks/islwords/JUMP/30b6af51d8b5.npz,219,30.0,7.3,1.0,1.0,,
69d748670927,JUMP,islwords,video,,islwords:rec:5bee130a16b4,C:\ISL\archive\Video_Dataset\Video_Dataset\Jump\WIN_20231103_11_06_33_Pro.mp4,data/processed/landmarks/islwords/JUMP/69d748670927.npz,200,30.0,6.667,1.0,1.0,,
e11c341a393a,JUMP,islwords,video,,islwords:rec:faf303cc3bd6,C:\ISL\archive\Video_Dataset\Video_Dataset\Jump\WIN_20231103_11_06_40_Pro.mp4,data/processed/landmarks/islwords/JUMP/e11c341a393a.npz,191,30.0,6.367,1.0,1.0,,
dfc5164b7448,JUMP,islwords,video,,islwords:rec:dcad2e3813ce,C:\ISL\archive\Video_Dataset\Video_Dataset\Jump\WIN_20231103_11_07_02_Pro.mp4,data/processed/landmarks/islwords/JUMP/dfc5164b7448.npz,206,30.0,6.867,1.0,1.0,,
a2f63444463d,JUMP,islwords,video,,islwords:rec:ec60d94b191b,C:\ISL\archive\Video_Dataset\Video_Dataset\Jump\WIN_20231103_11_07_11_Pro.mp4,data/processed/landmarks/islwords/JUMP/a2f63444463d.npz,206,30.0,6.867,1.0,1.0,,
232d1ada0a5e,JUMP,islwords,video,,islwords:rec:086ec0cf39d7,C:\ISL\archive\Video_Dataset\Video_Dataset\Jump\WIN_20231103_11_07_44_Pro.mp4,data/processed/landmarks/islwords/JUMP/232d1ada0a5e.npz,197,30.0,6.567,1.0,1.0,,
93de21747b4f,JUMP,islwords,video,,islwords:rec:f32cca696d16,C:\ISL\archive\Video_Dataset\Video_Dataset\Jump\WIN_20231103_11_07_52_Pro.mp4,data/processed/landmarks/islwords/JUMP/93de21747b4f.npz,198,30.0,6.6,1.0,1.0,,
188a58e3f427,JUMP,islwords,video,,islwords:rec:9a634bd77a9a,C:\ISL\archive\Video_Dataset\Video_Dataset\Jump\WIN_20231103_11_08_11_Pro.mp4,data/processed/landmarks/islwords/JUMP/188a58e3f427.npz,196,30.0,6.533,1.0,1.0,,
a11a3f7471a4,KARNATAKA,islwords,video,,islwords:rec:9002f9af3224,C:\ISL\archive\Video_Dataset\Video_Dataset\Karnataka\WIN_20231103_11_14_01_Pro.mp4,data/processed/landmarks/islwords/KARNATAKA/a11a3f7471a4.npz,121,30.0,4.033,1.0,1.0,,
e0cf4a478572,KARNATAKA,islwords,video,,islwords:rec:55f57b2c6056,C:\ISL\archive\Video_Dataset\Video_Dataset\Karnataka\WIN_20231103_11_14_07_Pro.mp4,data/processed/landmarks/islwords/KARNATAKA/e0cf4a478572.npz,117,30.0,3.9,1.0,1.0,,
e014b524ece3,KARNATAKA,islwords,video,,islwords:rec:c65c9a66ce4b,C:\ISL\archive\Video_Dataset\Video_Dataset\Karnataka\WIN_20231103_11_14_12_Pro.mp4,data/processed/landmarks/islwords/KARNATAKA/e014b524ece3.npz,135,30.0,4.5,1.0,1.0,,
3d859702f84d,KARNATAKA,islwords,video,,islwords:rec:e988b7f92a65,C:\ISL\archive\Video_Dataset\Video_Dataset\Karnataka\WIN_20231103_11_14_18_Pro.mp4,data/processed/landmarks/islwords/KARNATAKA/3d859702f84d.npz,100,30.0,3.333,1.0,1.0,,
7ed39c738aa7,KARNATAKA,islwords,video,,islwords:rec:4a2c3b4dc243,C:\ISL\archive\Video_Dataset\Video_Dataset\Karnataka\WIN_20231103_11_14_23_Pro.mp4,data/processed/landmarks/islwords/KARNATAKA/7ed39c738aa7.npz,126,30.0,4.2,1.0,1.0,,
1b8d02d802ff,KARNATAKA,islwords,video,,islwords:rec:bcf1d1aba36c,C:\ISL\archive\Video_Dataset\Video_Dataset\Karnataka\WIN_20231103_11_14_57_Pro.mp4,data/processed/landmarks/islwords/KARNATAKA/1b8d02d802ff.npz,158,30.0,5.267,1.0,1.0,,
34e68ef959c9,KARNATAKA,islwords,video,,islwords:rec:4a3a5d56a042,C:\ISL\archive\Video_Dataset\Video_Dataset\Karnataka\WIN_20231103_11_15_04_Pro.mp4,data/processed/landmarks/islwords/KARNATAKA/34e68ef959c9.npz,160,30.0,5.333,1.0,1.0,,
6f64822fc008,KARNATAKA,islwords,video,,islwords:rec:e36e0366fd6d,C:\ISL\archive\Video_Dataset\Video_Dataset\Karnataka\WIN_20231103_11_15_13_Pro.mp4,data/processed/landmarks/islwords/KARNATAKA/6f64822fc008.npz,157,30.0,5.233,1.0,1.0,,
9723e7c7262c,KARNATAKA,islwords,video,,islwords:rec:1cc1615adb04,C:\ISL\archive\Video_Dataset\Video_Dataset\Karnataka\WIN_20231103_11_15_20_Pro.mp4,data/processed/landmarks/islwords/KARNATAKA/9723e7c7262c.npz,151,30.0,5.033,1.0,1.0,,
9a147adaf5b7,KARNATAKA,islwords,video,,islwords:rec:0b86edc8bc92,C:\ISL\archive\Video_Dataset\Video_Dataset\Karnataka\WIN_20231103_11_15_26_Pro.mp4,data/processed/landmarks/islwords/KARNATAKA/9a147adaf5b7.npz,168,30.0,5.6,1.0,1.0,,
d722621693ee,KARNATAKA,islwords,video,,islwords:rec:a4e09c078c41,C:\ISL\archive\Video_Dataset\Video_Dataset\Karnataka\WIN_20231103_11_15_44_Pro.mp4,data/processed/landmarks/islwords/KARNATAKA/d722621693ee.npz,147,30.0,4.9,1.0,1.0,,
c2142d58163f,KARNATAKA,islwords,video,,islwords:rec:f613fca2a835,C:\ISL\archive\Video_Dataset\Video_Dataset\Karnataka\WIN_20231103_11_15_50_Pro.mp4,data/processed/landmarks/islwords/KARNATAKA/c2142d58163f.npz,147,30.0,4.9,1.0,1.0,,
04e31597a56b,KARNATAKA,islwords,video,,islwords:rec:fda2f0205053,C:\ISL\archive\Video_Dataset\Video_Dataset\Karnataka\WIN_20231103_11_15_56_Pro.mp4,data/processed/landmarks/islwords/KARNATAKA/04e31597a56b.npz,143,30.0,4.767,1.0,1.0,,
338935dc218b,KARNATAKA,islwords,video,,islwords:rec:ff221aaddbb9,C:\ISL\archive\Video_Dataset\Video_Dataset\Karnataka\WIN_20231103_11_16_02_Pro.mp4,data/processed/landmarks/islwords/KARNATAKA/338935dc218b.npz,144,30.0,4.8,1.0,1.0,,
4c24fe55a505,KARNATAKA,islwords,video,,islwords:rec:a8e71e19bff3,C:\ISL\archive\Video_Dataset\Video_Dataset\Karnataka\WIN_20231103_11_16_08_Pro.mp4,data/processed/landmarks/islwords/KARNATAKA/4c24fe55a505.npz,146,30.0,4.867,1.0,1.0,,
4bdf4e6a00c1,KARNATAKA,islwords,video,,islwords:rec:66badf1d6ee1,C:\ISL\archive\Video_Dataset\Video_Dataset\Karnataka\WIN_20231103_11_16_43_Pro.mp4,data/processed/landmarks/islwords/KARNATAKA/4bdf4e6a00c1.npz,137,30.0,4.567,1.0,1.0,,
f1f1e0c267db,KARNATAKA,islwords,video,,islwords:rec:724a021da7f4,C:\ISL\archive\Video_Dataset\Video_Dataset\Karnataka\WIN_20231103_11_16_51_Pro.mp4,data/processed/landmarks/islwords/KARNATAKA/f1f1e0c267db.npz,144,30.0,4.8,1.0,1.0,,
c314fdbc4dd0,KARNATAKA,islwords,video,,islwords:rec:cc1d62e2763e,C:\ISL\archive\Video_Dataset\Video_Dataset\Karnataka\WIN_20231103_11_16_58_Pro.mp4,data/processed/landmarks/islwords/KARNATAKA/c314fdbc4dd0.npz,123,30.0,4.1,1.0,1.0,,
a555bdc68cfd,KARNATAKA,islwords,video,,islwords:rec:2b3c1a622ae7,C:\ISL\archive\Video_Dataset\Video_Dataset\Karnataka\WIN_20231103_11_17_04_Pro.mp4,data/processed/landmarks/islwords/KARNATAKA/a555bdc68cfd.npz,109,30.0,3.633,1.0,1.0,,
987a90fbbdc7,KARNATAKA,islwords,video,,islwords:rec:cbf266546ac2,C:\ISL\archive\Video_Dataset\Video_Dataset\Karnataka\WIN_20231103_11_17_10_Pro.mp4,data/processed/landmarks/islwords/KARNATAKA/987a90fbbdc7.npz,126,30.0,4.2,1.0,1.0,,
81c25a651a62,KEY,islwords,video,,islwords:rec:be3c79f01001,C:\ISL\archive\Video_Dataset\Video_Dataset\Key\WIN_20230901_09_22_12_Pro.mp4,data/processed/landmarks/islwords/KEY/81c25a651a62.npz,124,30.0,4.133,1.0,1.0,,
01736dd8694a,KEY,islwords,video,,islwords:rec:7a5c3d4f9eea,C:\ISL\archive\Video_Dataset\Video_Dataset\Key\WIN_20230901_09_22_19_Pro.mp4,data/processed/landmarks/islwords/KEY/01736dd8694a.npz,136,30.0,4.533,1.0,1.0,,
a878f2dab2de,KEY,islwords,video,,islwords:rec:d93c4941ba63,C:\ISL\archive\Video_Dataset\Video_Dataset\Key\WIN_20230901_09_22_42_Pro.mp4,data/processed/landmarks/islwords/KEY/a878f2dab2de.npz,116,30.0,3.867,1.0,1.0,,
3eff9b2fd6a5,KEY,islwords,video,,islwords:rec:65123e359a93,C:\ISL\archive\Video_Dataset\Video_Dataset\Key\WIN_20230901_09_22_47_Pro.mp4,data/processed/landmarks/islwords/KEY/3eff9b2fd6a5.npz,126,30.0,4.2,1.0,1.0,,
aed7a1358574,KEY,islwords,video,,islwords:rec:c57c206a72ec,C:\ISL\archive\Video_Dataset\Video_Dataset\Key\WIN_20230901_09_22_52_Pro.mp4,data/processed/landmarks/islwords/KEY/aed7a1358574.npz,127,30.0,4.233,1.0,1.0,,
9b05042ca2dc,KEY,islwords,video,,islwords:rec:f29ef0b8cb4f,C:\ISL\archive\Video_Dataset\Video_Dataset\Key\WIN_20230901_09_23_19_Pro.mp4,data/processed/landmarks/islwords/KEY/9b05042ca2dc.npz,134,30.0,4.467,1.0,1.0,,
97c0afc0c286,KEY,islwords,video,,islwords:rec:2d18087da18c,C:\ISL\archive\Video_Dataset\Video_Dataset\Key\WIN_20230901_09_23_26_Pro.mp4,data/processed/landmarks/islwords/KEY/97c0afc0c286.npz,128,30.0,4.267,1.0,1.0,,
2b1ca1457738,KEY,islwords,video,,islwords:rec:fd402e671a32,C:\ISL\archive\Video_Dataset\Video_Dataset\Key\WIN_20230901_09_23_33_Pro.mp4,data/processed/landmarks/islwords/KEY/2b1ca1457738.npz,145,30.0,4.833,1.0,1.0,,
fbb291b5fd26,KEY,islwords,video,,islwords:rec:502a39086e8a,C:\ISL\archive\Video_Dataset\Video_Dataset\Key\WIN_20230901_09_23_40_Pro.mp4,data/processed/landmarks/islwords/KEY/fbb291b5fd26.npz,127,30.0,4.233,1.0,1.0,,
79c18f550be8,KEY,islwords,video,,islwords:rec:1306d2d798ca,C:\ISL\archive\Video_Dataset\Video_Dataset\Key\WIN_20230901_09_23_46_Pro.mp4,data/processed/landmarks/islwords/KEY/79c18f550be8.npz,119,30.0,3.967,1.0,1.0,,
4ea34d2f272a,KEY,islwords,video,,islwords:rec:b51c40e7d413,C:\ISL\archive\Video_Dataset\Video_Dataset\Key\WIN_20230901_09_24_01_Pro.mp4,data/processed/landmarks/islwords/KEY/4ea34d2f272a.npz,170,30.0,5.667,1.0,1.0,,
682f199bf70f,KEY,islwords,video,,islwords:rec:1aa18e9a1d5a,C:\ISL\archive\Video_Dataset\Video_Dataset\Key\WIN_20230901_09_24_08_Pro.mp4,data/processed/landmarks/islwords/KEY/682f199bf70f.npz,156,30.0,5.2,1.0,1.0,,
fdee949f6eb7,KEY,islwords,video,,islwords:rec:b0789f1e262d,C:\ISL\archive\Video_Dataset\Video_Dataset\Key\WIN_20230901_09_24_15_Pro.mp4,data/processed/landmarks/islwords/KEY/fdee949f6eb7.npz,186,30.0,6.2,1.0,1.0,,
44227380d3c8,KEY,islwords,video,,islwords:rec:63c02f6095ed,C:\ISL\archive\Video_Dataset\Video_Dataset\Key\WIN_20230901_09_24_23_Pro.mp4,data/processed/landmarks/islwords/KEY/44227380d3c8.npz,178,30.0,5.933,1.0,1.0,,
06b4e8ce0b80,KEY,islwords,video,,islwords:rec:580cbcf21caf,C:\ISL\archive\Video_Dataset\Video_Dataset\Key\WIN_20230901_09_24_30_Pro.mp4,data/processed/landmarks/islwords/KEY/06b4e8ce0b80.npz,210,30.0,7.0,1.0,1.0,,
523775fdd584,KEY,islwords,video,,islwords:rec:7b94017510ce,C:\ISL\archive\Video_Dataset\Video_Dataset\Key\WIN_20230927_07_32_58_Pro_Trim_cropped.mp4,data/processed/landmarks/islwords/KEY/523775fdd584.npz,199,30.0,6.633,1.0,1.0,,
6185bfcbd485,KEY,islwords,video,,islwords:rec:eaeadc01e541,C:\ISL\archive\Video_Dataset\Video_Dataset\Key\WIN_20230927_07_33_15_Pro_Trim_cropped.mp4,data/processed/landmarks/islwords/KEY/6185bfcbd485.npz,209,30.0,6.967,1.0,1.0,,
17228f992fb3,KEY,islwords,video,,islwords:rec:d47d042e2469,C:\ISL\archive\Video_Dataset\Video_Dataset\Key\WIN_20230927_07_33_28_Pro_Trim_cropped.mp4,data/processed/landmarks/islwords/KEY/17228f992fb3.npz,159,30.0,5.3,1.0,1.0,,
bee58b2865b3,KEY,islwords,video,,islwords:rec:5951ae9a1da2,C:\ISL\archive\Video_Dataset\Video_Dataset\Key\WIN_20230927_07_33_40_Pro_Trim_cropped.mp4,data/processed/landmarks/islwords/KEY/bee58b2865b3.npz,136,30.0,4.533,1.0,1.0,,
794711095698,KEY,islwords,video,,islwords:rec:faa21ef27d37,C:\ISL\archive\Video_Dataset\Video_Dataset\Key\WIN_20230927_07_33_51_Pro_Trim_cropped.mp4,data/processed/landmarks/islwords/KEY/794711095698.npz,159,30.0,5.3,1.0,1.0,,
d229cc4c8a98,KNIFE,islwords,video,,islwords:rec:27a1e3d0064f,C:\ISL\archive\Video_Dataset\Video_Dataset\Knife\WIN_20230831_12_40_43_Pro.mp4,data/processed/landmarks/islwords/KNIFE/d229cc4c8a98.npz,197,30.0,6.567,1.0,1.0,,
4a6120b3900e,KNIFE,islwords,video,,islwords:rec:6cb2c875d0ad,C:\ISL\archive\Video_Dataset\Video_Dataset\Knife\WIN_20230831_12_40_52_Pro.mp4,data/processed/landmarks/islwords/KNIFE/4a6120b3900e.npz,195,30.0,6.5,1.0,1.0,,
bd48d5aaa2d4,KNIFE,islwords,video,,islwords:rec:2419220ae42e,C:\ISL\archive\Video_Dataset\Video_Dataset\Knife\WIN_20230831_12_41_03_Pro.mp4,data/processed/landmarks/islwords/KNIFE/bd48d5aaa2d4.npz,161,30.0,5.367,1.0,1.0,,
88f70321241f,KNIFE,islwords,video,,islwords:rec:ca9bb7e462a7,C:\ISL\archive\Video_Dataset\Video_Dataset\Knife\WIN_20230831_12_41_12_Pro.mp4,data/processed/landmarks/islwords/KNIFE/88f70321241f.npz,171,30.0,5.7,1.0,1.0,,
2fd7165aff3c,KNIFE,islwords,video,,islwords:rec:9ab949e24796,C:\ISL\archive\Video_Dataset\Video_Dataset\Knife\WIN_20230831_12_41_19_Pro.mp4,data/processed/landmarks/islwords/KNIFE/2fd7165aff3c.npz,168,30.0,5.6,1.0,1.0,,
9f44384bad97,KNIFE,islwords,video,,islwords:rec:76247603524a,C:\ISL\archive\Video_Dataset\Video_Dataset\Knife\WIN_20230831_12_42_54_Pro.mp4,data/processed/landmarks/islwords/KNIFE/9f44384bad97.npz,179,30.0,5.967,1.0,1.0,,
2777ec071454,KNIFE,islwords,video,,islwords:rec:1b7bf08c199b,C:\ISL\archive\Video_Dataset\Video_Dataset\Knife\WIN_20230831_12_43_02_Pro.mp4,data/processed/landmarks/islwords/KNIFE/2777ec071454.npz,180,30.0,6.0,1.0,1.0,,
b0338f781013,KNIFE,islwords,video,,islwords:rec:3743d820570c,C:\ISL\archive\Video_Dataset\Video_Dataset\Knife\WIN_20230831_12_43_13_Pro.mp4,data/processed/landmarks/islwords/KNIFE/b0338f781013.npz,168,30.0,5.6,1.0,1.0,,
2483219c6a9a,KNIFE,islwords,video,,islwords:rec:f95519431aa5,C:\ISL\archive\Video_Dataset\Video_Dataset\Knife\WIN_20230831_12_43_22_Pro.mp4,data/processed/landmarks/islwords/KNIFE/2483219c6a9a.npz,156,30.0,5.2,1.0,1.0,,
2e03b7c1a222,KNIFE,islwords,video,,islwords:rec:fa222d13ade6,C:\ISL\archive\Video_Dataset\Video_Dataset\Knife\WIN_20230831_12_43_32_Pro.mp4,data/processed/landmarks/islwords/KNIFE/2e03b7c1a222.npz,158,30.0,5.267,1.0,1.0,,
961598dbff20,KNIFE,islwords,video,,islwords:rec:11d5cbfcef1d,C:\ISL\archive\Video_Dataset\Video_Dataset\Knife\WIN_20230831_12_44_45_Pro.mp4,data/processed/landmarks/islwords/KNIFE/961598dbff20.npz,182,30.0,6.067,1.0,1.0,,
b50743f03f8f,KNIFE,islwords,video,,islwords:rec:f16b30f1cdf3,C:\ISL\archive\Video_Dataset\Video_Dataset\Knife\WIN_20230831_12_44_56_Pro.mp4,data/processed/landmarks/islwords/KNIFE/b50743f03f8f.npz,178,30.0,5.933,1.0,1.0,,
fb62b50bd4b6,KNIFE,islwords,video,,islwords:rec:09821b20147a,C:\ISL\archive\Video_Dataset\Video_Dataset\Knife\WIN_20230831_12_45_04_Pro.mp4,data/processed/landmarks/islwords/KNIFE/fb62b50bd4b6.npz,172,30.0,5.733,1.0,1.0,,
7677767d24c3,KNIFE,islwords,video,,islwords:rec:40fa45869594,C:\ISL\archive\Video_Dataset\Video_Dataset\Knife\WIN_20230831_12_45_13_Pro.mp4,data/processed/landmarks/islwords/KNIFE/7677767d24c3.npz,175,30.0,5.833,1.0,1.0,,
65517ba17112,KNIFE,islwords,video,,islwords:rec:a0cfdf1cc493,C:\ISL\archive\Video_Dataset\Video_Dataset\Knife\WIN_20230831_12_45_46_Pro.mp4,data/processed/landmarks/islwords/KNIFE/65517ba17112.npz,168,30.0,5.6,1.0,1.0,,
267e0c8cd175,KNIFE,islwords,video,,islwords:rec:c0926c9c5202,C:\ISL\archive\Video_Dataset\Video_Dataset\Knife\WIN_20230927_07_34_47_Pro_Trim_cropped.mp4,data/processed/landmarks/islwords/KNIFE/267e0c8cd175.npz,233,30.0,7.767,1.0,1.0,,
18d0d094590b,KNIFE,islwords,video,,islwords:rec:81af061293a3,C:\ISL\archive\Video_Dataset\Video_Dataset\Knife\WIN_20230927_07_35_01_Pro_Trim_cropped.mp4,data/processed/landmarks/islwords/KNIFE/18d0d094590b.npz,180,30.0,6.0,1.0,1.0,,
8506d994450a,KNIFE,islwords,video,,islwords:rec:f7dccd36fc61,C:\ISL\archive\Video_Dataset\Video_Dataset\Knife\WIN_20230927_07_35_15_Pro_Trim_cropped.mp4,data/processed/landmarks/islwords/KNIFE/8506d994450a.npz,185,30.0,6.167,1.0,1.0,,
838f8cdb38ac,KNIFE,islwords,video,,islwords:rec:9a53e3ff521f,C:\ISL\archive\Video_Dataset\Video_Dataset\Knife\WIN_20230927_07_35_27_Pro_Trim_cropped.mp4,data/processed/landmarks/islwords/KNIFE/838f8cdb38ac.npz,177,30.0,5.9,1.0,1.0,,
1ab194cb4335,KNIFE,islwords,video,,islwords:rec:db6e6db385ed,C:\ISL\archive\Video_Dataset\Video_Dataset\Knife\WIN_20230927_07_35_39_Pro_Trim_cropped.mp4,data/processed/landmarks/islwords/KNIFE/1ab194cb4335.npz,152,30.0,5.067,1.0,1.0,,
64e4235ceb0a,LEMON,islwords,video,,islwords:rec:c821e304b403,C:\ISL\archive\Video_Dataset\Video_Dataset\Lemon\WIN_20231102_12_03_42_Pro.mp4,data/processed/landmarks/islwords/LEMON/64e4235ceb0a.npz,137,30.0,4.567,1.0,1.0,,
be9747f4ce6d,LEMON,islwords,video,,islwords:rec:f0d081adadbd,C:\ISL\archive\Video_Dataset\Video_Dataset\Lemon\WIN_20231102_12_04_36_Pro.mp4,data/processed/landmarks/islwords/LEMON/be9747f4ce6d.npz,144,30.0,4.8,1.0,1.0,,
ffc685c3deee,LEMON,islwords,video,,islwords:rec:0c67cac03867,C:\ISL\archive\Video_Dataset\Video_Dataset\Lemon\WIN_20231102_12_04_42_Pro.mp4,data/processed/landmarks/islwords/LEMON/ffc685c3deee.npz,136,30.0,4.533,1.0,1.0,,
2d2cf309ba18,LEMON,islwords,video,,islwords:rec:44e59a43a2fa,C:\ISL\archive\Video_Dataset\Video_Dataset\Lemon\WIN_20231102_12_05_07_Pro.mp4,data/processed/landmarks/islwords/LEMON/2d2cf309ba18.npz,150,30.0,5.0,1.0,1.0,,
61c79abec21e,LEMON,islwords,video,,islwords:rec:53be9658f2fd,C:\ISL\archive\Video_Dataset\Video_Dataset\Lemon\WIN_20231102_12_05_29_Pro.mp4,data/processed/landmarks/islwords/LEMON/61c79abec21e.npz,148,30.0,4.933,1.0,1.0,,
8cca0a1cdbd1,LEMON,islwords,video,,islwords:rec:45c85900a1c2,C:\ISL\archive\Video_Dataset\Video_Dataset\Lemon\WIN_20231102_12_06_30_Pro.mp4,data/processed/landmarks/islwords/LEMON/8cca0a1cdbd1.npz,164,30.0,5.467,1.0,1.0,,
e08fec7d802c,LEMON,islwords,video,,islwords:rec:9a002b809810,C:\ISL\archive\Video_Dataset\Video_Dataset\Lemon\WIN_20231102_12_06_38_Pro.mp4,data/processed/landmarks/islwords/LEMON/e08fec7d802c.npz,159,30.0,5.3,1.0,1.0,,
4a022ec911ef,LEMON,islwords,video,,islwords:rec:0baff4820c42,C:\ISL\archive\Video_Dataset\Video_Dataset\Lemon\WIN_20231102_12_06_48_Pro.mp4,data/processed/landmarks/islwords/LEMON/4a022ec911ef.npz,145,30.0,4.833,1.0,1.0,,
64d10c1c691e,LEMON,islwords,video,,islwords:rec:3c2c7de07048,C:\ISL\archive\Video_Dataset\Video_Dataset\Lemon\WIN_20231102_12_06_55_Pro.mp4,data/processed/landmarks/islwords/LEMON/64d10c1c691e.npz,147,30.0,4.9,1.0,1.0,,
20f49e91a00e,LEMON,islwords,video,,islwords:rec:7825d54d6633,C:\ISL\archive\Video_Dataset\Video_Dataset\Lemon\WIN_20231102_12_07_01_Pro.mp4,data/processed/landmarks/islwords/LEMON/20f49e91a00e.npz,138,30.0,4.6,1.0,1.0,,
356acc4fcfe8,LEMON,islwords,video,,islwords:rec:3318b7bd2b41,C:\ISL\archive\Video_Dataset\Video_Dataset\Lemon\WIN_20231102_12_09_30_Pro.mp4,data/processed/landmarks/islwords/LEMON/356acc4fcfe8.npz,138,30.0,4.6,1.0,1.0,,
7a149edb8545,LEMON,islwords,video,,islwords:rec:a3b3abea753a,C:\ISL\archive\Video_Dataset\Video_Dataset\Lemon\WIN_20231102_12_09_36_Pro.mp4,data/processed/landmarks/islwords/LEMON/7a149edb8545.npz,124,30.0,4.133,1.0,1.0,,
54c23f9be960,LEMON,islwords,video,,islwords:rec:04e3f789a08f,C:\ISL\archive\Video_Dataset\Video_Dataset\Lemon\WIN_20231102_12_09_42_Pro.mp4,data/processed/landmarks/islwords/LEMON/54c23f9be960.npz,134,30.0,4.467,1.0,1.0,,
7a1194126214,LEMON,islwords,video,,islwords:rec:e1e42e9f5838,C:\ISL\archive\Video_Dataset\Video_Dataset\Lemon\WIN_20231102_12_09_48_Pro.mp4,data/processed/landmarks/islwords/LEMON/7a1194126214.npz,126,30.0,4.2,1.0,1.0,,
692f85590eb9,LEMON,islwords,video,,islwords:rec:0fdeb3c56861,C:\ISL\archive\Video_Dataset\Video_Dataset\Lemon\WIN_20231102_12_09_54_Pro.mp4,data/processed/landmarks/islwords/LEMON/692f85590eb9.npz,126,30.0,4.2,1.0,1.0,,
8a0fec472bd9,LEMON,islwords,video,,islwords:rec:b1c4497b4394,C:\ISL\archive\Video_Dataset\Video_Dataset\Lemon\WIN_20231102_12_10_14_Pro.mp4,data/processed/landmarks/islwords/LEMON/8a0fec472bd9.npz,120,30.0,4.0,1.0,1.0,,
732c2ff79f2b,LEMON,islwords,video,,islwords:rec:554cffc72a41,C:\ISL\archive\Video_Dataset\Video_Dataset\Lemon\WIN_20231102_12_10_20_Pro.mp4,data/processed/landmarks/islwords/LEMON/732c2ff79f2b.npz,140,30.0,4.667,1.0,1.0,,
867b89e04bad,LEMON,islwords,video,,islwords:rec:20cc0a8e02c3,C:\ISL\archive\Video_Dataset\Video_Dataset\Lemon\WIN_20231102_12_10_40_Pro.mp4,data/processed/landmarks/islwords/LEMON/867b89e04bad.npz,123,30.0,4.1,1.0,1.0,,
fbbb5aa1c29d,LEMON,islwords,video,,islwords:rec:cce6fae50b1a,C:\ISL\archive\Video_Dataset\Video_Dataset\Lemon\WIN_20231102_12_10_52_Pro.mp4,data/processed/landmarks/islwords/LEMON/fbbb5aa1c29d.npz,113,30.0,3.767,1.0,1.0,,
35cecffc3785,LEMON,islwords,video,,islwords:rec:3a7d5e396970,C:\ISL\archive\Video_Dataset\Video_Dataset\Lemon\WIN_20231102_12_10_58_Pro.mp4,data/processed/landmarks/islwords/LEMON/35cecffc3785.npz,138,30.0,4.6,1.0,1.0,,
0bf02763628f,LION,islwords,video,,islwords:rec:ba073bbf6971,C:\ISL\archive\Video_Dataset\Video_Dataset\Lion\WIN_20231102_13_10_25_Pro.mp4,data/processed/landmarks/islwords/LION/0bf02763628f.npz,155,30.0,5.167,1.0,1.0,,
2132d68a2575,LION,islwords,video,,islwords:rec:2894c2996679,C:\ISL\archive\Video_Dataset\Video_Dataset\Lion\WIN_20231102_13_10_32_Pro.mp4,data/processed/landmarks/islwords/LION/2132d68a2575.npz,142,30.0,4.733,1.0,1.0,,
0744174f12dd,LION,islwords,video,,islwords:rec:b2025268586a,C:\ISL\archive\Video_Dataset\Video_Dataset\Lion\WIN_20231102_13_10_39_Pro.mp4,data/processed/landmarks/islwords/LION/0744174f12dd.npz,149,30.0,4.967,1.0,1.0,,
a2e5722aaa5f,LION,islwords,video,,islwords:rec:2fa78207e0e8,C:\ISL\archive\Video_Dataset\Video_Dataset\Lion\WIN_20231102_13_10_45_Pro.mp4,data/processed/landmarks/islwords/LION/a2e5722aaa5f.npz,152,30.0,5.067,1.0,1.0,,
3a8e4b3ac08d,LION,islwords,video,,islwords:rec:38555325f1d4,C:\ISL\archive\Video_Dataset\Video_Dataset\Lion\WIN_20231102_13_10_52_Pro.mp4,data/processed/landmarks/islwords/LION/3a8e4b3ac08d.npz,124,30.0,4.133,1.0,1.0,,
a98309d9499b,LION,islwords,video,,islwords:rec:436a85035f58,C:\ISL\archive\Video_Dataset\Video_Dataset\Lion\WIN_20231102_13_12_11_Pro.mp4,data/processed/landmarks/islwords/LION/a98309d9499b.npz,159,30.0,5.3,1.0,1.0,,
665f38b9f693,LION,islwords,video,,islwords:rec:448cb2d74920,C:\ISL\archive\Video_Dataset\Video_Dataset\Lion\WIN_20231102_13_12_18_Pro.mp4,data/processed/landmarks/islwords/LION/665f38b9f693.npz,159,30.0,5.3,0.9937,1.0,,
279da2a82e0a,LION,islwords,video,,islwords:rec:357160877886,C:\ISL\archive\Video_Dataset\Video_Dataset\Lion\WIN_20231102_13_12_26_Pro.mp4,data/processed/landmarks/islwords/LION/279da2a82e0a.npz,134,30.0,4.467,0.9925,1.0,,
1dd89f4a8948,LION,islwords,video,,islwords:rec:6e1a3ea34fb3,C:\ISL\archive\Video_Dataset\Video_Dataset\Lion\WIN_20231102_13_12_32_Pro.mp4,data/processed/landmarks/islwords/LION/1dd89f4a8948.npz,143,30.0,4.767,1.0,1.0,,
4b52fd00a08c,LION,islwords,video,,islwords:rec:3e2a410b3731,C:\ISL\archive\Video_Dataset\Video_Dataset\Lion\WIN_20231102_13_12_38_Pro.mp4,data/processed/landmarks/islwords/LION/4b52fd00a08c.npz,122,30.0,4.067,1.0,1.0,,
62724160cf07,LION,islwords,video,,islwords:rec:fbc403c73571,C:\ISL\archive\Video_Dataset\Video_Dataset\Lion\WIN_20231102_13_13_00_Pro.mp4,data/processed/landmarks/islwords/LION/62724160cf07.npz,153,30.0,5.1,1.0,1.0,,
530fbc2fe44b,LION,islwords,video,,islwords:rec:160f5f30e6cc,C:\ISL\archive\Video_Dataset\Video_Dataset\Lion\WIN_20231102_13_13_07_Pro.mp4,data/processed/landmarks/islwords/LION/530fbc2fe44b.npz,175,30.0,5.833,1.0,1.0,,
76ab7f30c767,LION,islwords,video,,islwords:rec:44c8e3be7eb4,C:\ISL\archive\Video_Dataset\Video_Dataset\Lion\WIN_20231102_13_13_17_Pro.mp4,data/processed/landmarks/islwords/LION/76ab7f30c767.npz,183,30.0,6.1,1.0,1.0,,
63ca34c71b11,LION,islwords,video,,islwords:rec:fc64d9403486,C:\ISL\archive\Video_Dataset\Video_Dataset\Lion\WIN_20231102_13_13_36_Pro.mp4,data/processed/landmarks/islwords/LION/63ca34c71b11.npz,193,30.0,6.433,1.0,1.0,,
c2bb94fa1b5a,LION,islwords,video,,islwords:rec:2d47e6bcf1fa,C:\ISL\archive\Video_Dataset\Video_Dataset\Lion\WIN_20231102_13_13_44_Pro.mp4,data/processed/landmarks/islwords/LION/c2bb94fa1b5a.npz,218,30.0,7.267,1.0,1.0,,
4464c9138373,LION,islwords,video,,islwords:rec:861bee6b0550,C:\ISL\archive\Video_Dataset\Video_Dataset\Lion\WIN_20231102_13_47_26_Pro.mp4,data/processed/landmarks/islwords/LION/4464c9138373.npz,158,30.0,5.267,1.0,1.0,,
baa02cb6d5a0,LION,islwords,video,,islwords:rec:df3187d9410b,C:\ISL\archive\Video_Dataset\Video_Dataset\Lion\WIN_20231102_13_47_34_Pro.mp4,data/processed/landmarks/islwords/LION/baa02cb6d5a0.npz,132,30.0,4.4,1.0,1.0,,
e2d6fbf3980d,LION,islwords,video,,islwords:rec:d9c5df8f856d,C:\ISL\archive\Video_Dataset\Video_Dataset\Lion\WIN_20231102_13_47_41_Pro.mp4,data/processed/landmarks/islwords/LION/e2d6fbf3980d.npz,162,30.0,5.4,1.0,1.0,,
90a796887a87,LION,islwords,video,,islwords:rec:410d1831c794,C:\ISL\archive\Video_Dataset\Video_Dataset\Lion\WIN_20231102_13_47_48_Pro.mp4,data/processed/landmarks/islwords/LION/90a796887a87.npz,140,30.0,4.667,1.0,1.0,,
99787391708a,LION,islwords,video,,islwords:rec:5bfa7232406b,C:\ISL\archive\Video_Dataset\Video_Dataset\Lion\WIN_20231102_13_47_58_Pro.mp4,data/processed/landmarks/islwords/LION/99787391708a.npz,144,30.0,4.8,1.0,1.0,,
b7c5cfc4836f,MAN,islwords,video,,islwords:rec:88378c05f99d,C:\ISL\archive\Video_Dataset\Video_Dataset\Man\WIN_20230831_12_29_00_Pro.mp4,data/processed/landmarks/islwords/MAN/b7c5cfc4836f.npz,148,30.0,4.933,1.0,1.0,,
7a665a3eb0b9,MAN,islwords,video,,islwords:rec:a2b7eaf079df,C:\ISL\archive\Video_Dataset\Video_Dataset\Man\WIN_20230831_12_29_11_Pro.mp4,data/processed/landmarks/islwords/MAN/7a665a3eb0b9.npz,153,30.0,5.1,1.0,1.0,,
656174ce9630,MAN,islwords,video,,islwords:rec:7f9db32edd05,C:\ISL\archive\Video_Dataset\Video_Dataset\Man\WIN_20230831_12_29_18_Pro.mp4,data/processed/landmarks/islwords/MAN/656174ce9630.npz,146,30.0,4.867,1.0,1.0,,
165eb52764f8,MAN,islwords,video,,islwords:rec:e44d3c0506bd,C:\ISL\archive\Video_Dataset\Video_Dataset\Man\WIN_20230831_12_29_26_Pro.mp4,data/processed/landmarks/islwords/MAN/165eb52764f8.npz,129,30.0,4.3,1.0,1.0,,
3c0766aa0794,MAN,islwords,video,,islwords:rec:32583f1a4a82,C:\ISL\archive\Video_Dataset\Video_Dataset\Man\WIN_20230831_12_29_33_Pro.mp4,data/processed/landmarks/islwords/MAN/3c0766aa0794.npz,181,30.0,6.033,1.0,1.0,,
5a303c28d8bc,MAN,islwords,video,,islwords:rec:f98fd39bc9e7,C:\ISL\archive\Video_Dataset\Video_Dataset\Man\WIN_20230831_12_29_54_Pro.mp4,data/processed/landmarks/islwords/MAN/5a303c28d8bc.npz,158,30.0,5.267,1.0,1.0,,
ccd1e78f7d01,MAN,islwords,video,,islwords:rec:21f66353a505,C:\ISL\archive\Video_Dataset\Video_Dataset\Man\WIN_20230831_12_32_07_Pro.mp4,data/processed/landmarks/islwords/MAN/ccd1e78f7d01.npz,129,30.0,4.3,1.0,1.0,,
739fed6b381f,MAN,islwords,video,,islwords:rec:8ef473854b49,C:\ISL\archive\Video_Dataset\Video_Dataset\Man\WIN_20230831_12_32_17_Pro.mp4,data/processed/landmarks/islwords/MAN/739fed6b381f.npz,145,30.0,4.833,1.0,1.0,,
63326ad757a2,MAN,islwords,video,,islwords:rec:86486f189f30,C:\ISL\archive\Video_Dataset\Video_Dataset\Man\WIN_20230831_12_32_24_Pro.mp4,data/processed/landmarks/islwords/MAN/63326ad757a2.npz,162,30.0,5.4,1.0,1.0,,
99dd6729fcf0,MAN,islwords,video,,islwords:rec:90b33c28609a,C:\ISL\archive\Video_Dataset\Video_Dataset\Man\WIN_20230831_12_32_32_Pro.mp4,data/processed/landmarks/islwords/MAN/99dd6729fcf0.npz,139,30.0,4.633,1.0,1.0,,
a78a142660c0,MAN,islwords,video,,islwords:rec:d9e4f76c157d,C:\ISL\archive\Video_Dataset\Video_Dataset\Man\WIN_20230831_12_32_47_Pro.mp4,data/processed/landmarks/islwords/MAN/a78a142660c0.npz,177,30.0,5.9,1.0,1.0,,
c8fb6b691aaa,MAN,islwords,video,,islwords:rec:ab38cefa64e0,C:\ISL\archive\Video_Dataset\Video_Dataset\Man\WIN_20230831_12_32_55_Pro.mp4,data/processed/landmarks/islwords/MAN/c8fb6b691aaa.npz,173,30.0,5.767,1.0,1.0,,
9436cbd2e380,MAN,islwords,video,,islwords:rec:7cd500810591,C:\ISL\archive\Video_Dataset\Video_Dataset\Man\WIN_20230831_12_33_03_Pro.mp4,data/processed/landmarks/islwords/MAN/9436cbd2e380.npz,179,30.0,5.967,1.0,1.0,,
85625da24106,MAN,islwords,video,,islwords:rec:663ab088bb00,C:\ISL\archive\Video_Dataset\Video_Dataset\Man\WIN_20230831_12_33_11_Pro.mp4,data/processed/landmarks/islwords/MAN/85625da24106.npz,166,30.0,5.533,1.0,1.0,,
a2456ee995c7,MAN,islwords,video,,islwords:rec:fc218584d666,C:\ISL\archive\Video_Dataset\Video_Dataset\Man\WIN_20230831_12_33_19_Pro.mp4,data/processed/landmarks/islwords/MAN/a2456ee995c7.npz,186,30.0,6.2,1.0,1.0,,
2234e8698430,MAN,islwords,video,,islwords:rec:b50945a0fc11,C:\ISL\archive\Video_Dataset\Video_Dataset\Man\WIN_20230927_07_38_55_Pro_Trim_cropped.mp4,data/processed/landmarks/islwords/MAN/2234e8698430.npz,164,30.0,5.467,1.0,1.0,,
efea96235e64,MAN,islwords,video,,islwords:rec:5c2aa522d50b,C:\ISL\archive\Video_Dataset\Video_Dataset\Man\WIN_20230927_07_39_08_Pro_Trim_cropped.mp4,data/processed/landmarks/islwords/MAN/efea96235e64.npz,155,30.0,5.167,1.0,1.0,,
7ccbd1fed64a,MAN,islwords,video,,islwords:rec:86cea484b6d4,C:\ISL\archive\Video_Dataset\Video_Dataset\Man\WIN_20230927_07_39_18_Pro_Trim_cropped.mp4,data/processed/landmarks/islwords/MAN/7ccbd1fed64a.npz,141,30.0,4.7,1.0,1.0,,
4b3fbc1dcbf0,MAN,islwords,video,,islwords:rec:c8b4a9ec2ac3,C:\ISL\archive\Video_Dataset\Video_Dataset\Man\WIN_20230927_07_39_28_Pro_Trim_cropped.mp4,data/processed/landmarks/islwords/MAN/4b3fbc1dcbf0.npz,142,30.0,4.733,1.0,1.0,,
5160ef92923d,MAN,islwords,video,,islwords:rec:7c92eecc8957,C:\ISL\archive\Video_Dataset\Video_Dataset\Man\WIN_20230927_07_39_38_Pro_Trim_cropped.mp4,data/processed/landmarks/islwords/MAN/5160ef92923d.npz,155,30.0,5.167,1.0,1.0,,
29b8faa02d34,MATHS,islwords,video,,islwords:rec:58eafba657f8,C:\ISL\archive\Video_Dataset\Video_Dataset\Maths\WIN_20230901_09_38_10_Pro.mp4,data/processed/landmarks/islwords/MATHS/29b8faa02d34.npz,149,30.0,4.967,1.0,1.0,,
a11073b235b1,MATHS,islwords,video,,islwords:rec:a6dfd01acaf8,C:\ISL\archive\Video_Dataset\Video_Dataset\Maths\WIN_20230901_09_38_17_Pro.mp4,data/processed/landmarks/islwords/MATHS/a11073b235b1.npz,131,30.0,4.367,0.9847,1.0,,
f11432a8b42e,MATHS,islwords,video,,islwords:rec:e588dd7b18f0,C:\ISL\archive\Video_Dataset\Video_Dataset\Maths\WIN_20230901_09_38_29_Pro.mp4,data/processed/landmarks/islwords/MATHS/f11432a8b42e.npz,145,30.0,4.833,0.9931,1.0,,
12b0e825052e,MATHS,islwords,video,,islwords:rec:b12e12bc663e,C:\ISL\archive\Video_Dataset\Video_Dataset\Maths\WIN_20230901_09_38_35_Pro.mp4,data/processed/landmarks/islwords/MATHS/12b0e825052e.npz,159,30.0,5.3,1.0,1.0,,
acf4d745d97e,MATHS,islwords,video,,islwords:rec:5514bf8fb100,C:\ISL\archive\Video_Dataset\Video_Dataset\Maths\WIN_20230901_09_39_09_Pro.mp4,data/processed/landmarks/islwords/MATHS/acf4d745d97e.npz,167,30.0,5.567,1.0,1.0,,
7283801e2d15,MATHS,islwords,video,,islwords:rec:f4b6eed73932,C:\ISL\archive\Video_Dataset\Video_Dataset\Maths\WIN_20230901_09_39_36_Pro.mp4,data/processed/landmarks/islwords/MATHS/7283801e2d15.npz,129,30.0,4.3,0.9922,1.0,,
d1db7b76f750,MATHS,islwords,video,,islwords:rec:58a41c158332,C:\ISL\archive\Video_Dataset\Video_Dataset\Maths\WIN_20230901_09_39_45_Pro.mp4,data/processed/landmarks/islwords/MATHS/d1db7b76f750.npz,118,30.0,3.933,1.0,1.0,,
a2c0c1f66342,MATHS,islwords,video,,islwords:rec:3e0a33eae9ac,C:\ISL\archive\Video_Dataset\Video_Dataset\Maths\WIN_20230901_09_39_52_Pro.mp4,data/processed/landmarks/islwords/MATHS/a2c0c1f66342.npz,116,30.0,3.867,0.9914,1.0,,
9c0a5d227829,MATHS,islwords,video,,islwords:rec:45558dfba882,C:\ISL\archive\Video_Dataset\Video_Dataset\Maths\WIN_20230901_09_39_58_Pro.mp4,data/processed/landmarks/islwords/MATHS/9c0a5d227829.npz,105,30.0,3.5,1.0,1.0,,
b743bf6544bb,MATHS,islwords,video,,islwords:rec:b969fa24cde9,C:\ISL\archive\Video_Dataset\Video_Dataset\Maths\WIN_20230901_09_40_04_Pro.mp4,data/processed/landmarks/islwords/MATHS/b743bf6544bb.npz,127,30.0,4.233,0.9921,1.0,,
1b6153bb3010,MATHS,islwords,video,,islwords:rec:27877fbd9ca2,C:\ISL\archive\Video_Dataset\Video_Dataset\Maths\WIN_20230901_09_40_39_Pro.mp4,data/processed/landmarks/islwords/MATHS/1b6153bb3010.npz,178,30.0,5.933,1.0,1.0,,
209b063e3056,MATHS,islwords,video,,islwords:rec:6e7e8b2105b2,C:\ISL\archive\Video_Dataset\Video_Dataset\Maths\WIN_20230901_09_40_56_Pro.mp4,data/processed/landmarks/islwords/MATHS/209b063e3056.npz,153,30.0,5.1,1.0,1.0,,
9fd4e6a404ae,MATHS,islwords,video,,islwords:rec:ccad8595e2a9,C:\ISL\archive\Video_Dataset\Video_Dataset\Maths\WIN_20230901_09_42_05_Pro.mp4,data/processed/landmarks/islwords/MATHS/9fd4e6a404ae.npz,142,30.0,4.733,1.0,1.0,,
d05e86764f30,MATHS,islwords,video,,islwords:rec:8a1b17f4943d,C:\ISL\archive\Video_Dataset\Video_Dataset\Maths\WIN_20230901_09_42_11_Pro.mp4,data/processed/landmarks/islwords/MATHS/d05e86764f30.npz,150,30.0,5.0,1.0,1.0,,
b5af7978b42f,MATHS,islwords,video,,islwords:rec:a396df79fa38,C:\ISL\archive\Video_Dataset\Video_Dataset\Maths\WIN_20230901_09_42_17_Pro.mp4,data/processed/landmarks/islwords/MATHS/b5af7978b42f.npz,161,30.0,5.367,1.0,1.0,,
b233d0ab2d3a,MATHS,islwords,video,,islwords:rec:51bcb363fbe4,C:\ISL\archive\Video_Dataset\Video_Dataset\Maths\WIN_20230927_07_40_26_Pro_Trim_cropped.mp4,data/processed/landmarks/islwords/MATHS/b233d0ab2d3a.npz,144,30.0,4.8,0.9861,1.0,,
766d8e10ed4e,MATHS,islwords,video,,islwords:rec:f9492757505c,C:\ISL\archive\Video_Dataset\Video_Dataset\Maths\WIN_20230927_07_40_41_Pro_Trim_cropped.mp4,data/processed/landmarks/islwords/MATHS/766d8e10ed4e.npz,152,30.0,5.067,0.9803,1.0,,
22ecbc348f4f,MATHS,islwords,video,,islwords:rec:6378010135c4,C:\ISL\archive\Video_Dataset\Video_Dataset\Maths\WIN_20230927_07_40_53_Pro_Trim_cropped.mp4,data/processed/landmarks/islwords/MATHS/22ecbc348f4f.npz,153,30.0,5.1,0.9869,1.0,,
4939db2e41d7,MATHS,islwords,video,,islwords:rec:065d93490616,C:\ISL\archive\Video_Dataset\Video_Dataset\Maths\WIN_20230927_07_41_04_Pro_Trim_cropped.mp4,data/processed/landmarks/islwords/MATHS/4939db2e41d7.npz,159,30.0,5.3,0.9811,1.0,,
22287f8defe0,MATHS,islwords,video,,islwords:rec:06b662316292,C:\ISL\archive\Video_Dataset\Video_Dataset\Maths\WIN_20230927_07_41_16_Pro_Trim_cropped.mp4,data/processed/landmarks/islwords/MATHS/22287f8defe0.npz,152,30.0,5.067,0.9934,1.0,,
1ecc6dd4ea48,MAYBE,islwords,video,,islwords:rec:c6744b2e49f6,C:\ISL\archive\Video_Dataset\Video_Dataset\Maybe\WIN_20230901_09_17_49_Pro.mp4,data/processed/landmarks/islwords/MAYBE/1ecc6dd4ea48.npz,132,30.0,4.4,1.0,1.0,,
9fbdc2368aaf,MAYBE,islwords,video,,islwords:rec:d5a063cc2ed5,C:\ISL\archive\Video_Dataset\Video_Dataset\Maybe\WIN_20230901_09_17_56_Pro.mp4,data/processed/landmarks/islwords/MAYBE/9fbdc2368aaf.npz,133,30.0,4.433,1.0,1.0,,
7c21263a73b2,MAYBE,islwords,video,,islwords:rec:fa96e9d5953f,C:\ISL\archive\Video_Dataset\Video_Dataset\Maybe\WIN_20230901_09_18_02_Pro.mp4,data/processed/landmarks/islwords/MAYBE/7c21263a73b2.npz,144,30.0,4.8,1.0,1.0,,
7d9794d0161c,MAYBE,islwords,video,,islwords:rec:2f597f2316cb,C:\ISL\archive\Video_Dataset\Video_Dataset\Maybe\WIN_20230901_09_18_08_Pro.mp4,data/processed/landmarks/islwords/MAYBE/7d9794d0161c.npz,143,30.0,4.767,1.0,1.0,,
0c4c57d327b3,MAYBE,islwords,video,,islwords:rec:74f3a3e7af88,C:\ISL\archive\Video_Dataset\Video_Dataset\Maybe\WIN_20230901_09_18_14_Pro.mp4,data/processed/landmarks/islwords/MAYBE/0c4c57d327b3.npz,146,30.0,4.867,1.0,1.0,,
183f0aec7c34,MAYBE,islwords,video,,islwords:rec:d2e442136a51,C:\ISL\archive\Video_Dataset\Video_Dataset\Maybe\WIN_20230901_09_18_59_Pro.mp4,data/processed/landmarks/islwords/MAYBE/183f0aec7c34.npz,143,30.0,4.767,1.0,1.0,,
1dd10a1586e2,MAYBE,islwords,video,,islwords:rec:cce36ffd58d4,C:\ISL\archive\Video_Dataset\Video_Dataset\Maybe\WIN_20230901_09_19_07_Pro.mp4,data/processed/landmarks/islwords/MAYBE/1dd10a1586e2.npz,144,30.0,4.8,0.9861,1.0,,
990a308b2baf,MAYBE,islwords,video,,islwords:rec:5ede62edd929,C:\ISL\archive\Video_Dataset\Video_Dataset\Maybe\WIN_20230901_09_19_39_Pro.mp4,data/processed/landmarks/islwords/MAYBE/990a308b2baf.npz,148,30.0,4.933,1.0,1.0,,
670cd1401a16,MAYBE,islwords,video,,islwords:rec:b2dcf561683d,C:\ISL\archive\Video_Dataset\Video_Dataset\Maybe\WIN_20230901_09_19_46_Pro.mp4,data/processed/landmarks/islwords/MAYBE/670cd1401a16.npz,135,30.0,4.5,1.0,1.0,,
b12430506393,MAYBE,islwords,video,,islwords:rec:28356405dc56,C:\ISL\archive\Video_Dataset\Video_Dataset\Maybe\WIN_20230901_09_19_55_Pro.mp4,data/processed/landmarks/islwords/MAYBE/b12430506393.npz,120,30.0,4.0,1.0,1.0,,
78db2e260d41,MAYBE,islwords,video,,islwords:rec:ceb78e545839,C:\ISL\archive\Video_Dataset\Video_Dataset\Maybe\WIN_20230901_09_20_08_Pro.mp4,data/processed/landmarks/islwords/MAYBE/78db2e260d41.npz,168,30.0,5.6,1.0,1.0,,
8e43317126b4,MAYBE,islwords,video,,islwords:rec:6a90c24808f6,C:\ISL\archive\Video_Dataset\Video_Dataset\Maybe\WIN_20230901_09_20_15_Pro.mp4,data/processed/landmarks/islwords/MAYBE/8e43317126b4.npz,170,30.0,5.667,1.0,1.0,,
217f98de5e03,MAYBE,islwords,video,,islwords:rec:481317d77e21,C:\ISL\archive\Video_Dataset\Video_Dataset\Maybe\WIN_20230901_09_20_22_Pro.mp4,data/processed/landmarks/islwords/MAYBE/217f98de5e03.npz,169,30.0,5.633,1.0,1.0,,
1220a05cb6f2,MAYBE,islwords,video,,islwords:rec:b87776f95252,C:\ISL\archive\Video_Dataset\Video_Dataset\Maybe\WIN_20230901_09_20_29_Pro.mp4,data/processed/landmarks/islwords/MAYBE/1220a05cb6f2.npz,195,30.0,6.5,1.0,1.0,,
7d1934b79561,MAYBE,islwords,video,,islwords:rec:2744f004ef33,C:\ISL\archive\Video_Dataset\Video_Dataset\Maybe\WIN_20230901_09_20_37_Pro.mp4,data/processed/landmarks/islwords/MAYBE/7d1934b79561.npz,177,30.0,5.9,1.0,1.0,,
9336bb62b11b,MAYBE,islwords,video,,islwords:rec:0c6b0a5cc75f,C:\ISL\archive\Video_Dataset\Video_Dataset\Maybe\WIN_20230927_07_42_43_Pro_Trim_cropped.mp4,data/processed/landmarks/islwords/MAYBE/9336bb62b11b.npz,182,30.0,6.067,1.0,1.0,,
0076b564883d,MAYBE,islwords,video,,islwords:rec:36f4e0989695,C:\ISL\archive\Video_Dataset\Video_Dataset\Maybe\WIN_20230927_07_43_00_Pro_Trim_cropped.mp4,data/processed/landmarks/islwords/MAYBE/0076b564883d.npz,184,30.0,6.133,1.0,1.0,,
e131be6ecf0d,MAYBE,islwords,video,,islwords:rec:5130d69c2ba3,C:\ISL\archive\Video_Dataset\Video_Dataset\Maybe\WIN_20230927_07_43_12_Pro_Trim_cropped.mp4,data/processed/landmarks/islwords/MAYBE/e131be6ecf0d.npz,134,30.0,4.467,0.9925,1.0,,
a9d719299c25,MAYBE,islwords,video,,islwords:rec:d8ed16169735,C:\ISL\archive\Video_Dataset\Video_Dataset\Maybe\WIN_20230927_07_43_23_Pro_Trim_cropped.mp4,data/processed/landmarks/islwords/MAYBE/a9d719299c25.npz,124,30.0,4.133,0.9919,1.0,,
b2423849794c,MAYBE,islwords,video,,islwords:rec:8423c83b8b74,C:\ISL\archive\Video_Dataset\Video_Dataset\Maybe\WIN_20230927_07_43_33_Pro_Trim_cropped.mp4,data/processed/landmarks/islwords/MAYBE/b2423849794c.npz,146,30.0,4.867,0.9932,1.0,,
383e3c94d22f,MONKEY,islwords,video,,islwords:rec:a34b8d2b5284,C:\ISL\archive\Video_Dataset\Video_Dataset\Monkey\WIN_20231102_13_15_07_Pro.mp4,data/processed/landmarks/islwords/MONKEY/383e3c94d22f.npz,141,30.0,4.7,1.0,1.0,,
105aafa2e6ea,MONKEY,islwords,video,,islwords:rec:4785e8f15759,C:\ISL\archive\Video_Dataset\Video_Dataset\Monkey\WIN_20231102_13_15_19_Pro.mp4,data/processed/landmarks/islwords/MONKEY/105aafa2e6ea.npz,155,30.0,5.167,1.0,1.0,,
60f15cea7cba,MONKEY,islwords,video,,islwords:rec:724833280777,C:\ISL\archive\Video_Dataset\Video_Dataset\Monkey\WIN_20231102_13_15_31_Pro.mp4,data/processed/landmarks/islwords/MONKEY/60f15cea7cba.npz,154,30.0,5.133,1.0,1.0,,
4bb19fa3b953,MONKEY,islwords,video,,islwords:rec:e88b3beccac3,C:\ISL\archive\Video_Dataset\Video_Dataset\Monkey\WIN_20231102_13_15_42_Pro.mp4,data/processed/landmarks/islwords/MONKEY/4bb19fa3b953.npz,151,30.0,5.033,1.0,1.0,,
1b212507cec4,MONKEY,islwords,video,,islwords:rec:304b16959411,C:\ISL\archive\Video_Dataset\Video_Dataset\Monkey\WIN_20231102_13_15_49_Pro.mp4,data/processed/landmarks/islwords/MONKEY/1b212507cec4.npz,153,30.0,5.1,1.0,1.0,,
58ed54988cd1,MONKEY,islwords,video,,islwords:rec:d53911ccaf3d,C:\ISL\archive\Video_Dataset\Video_Dataset\Monkey\WIN_20231102_13_16_37_Pro.mp4,data/processed/landmarks/islwords/MONKEY/58ed54988cd1.npz,151,30.0,5.033,1.0,1.0,,
e95b9253bfb9,MONKEY,islwords,video,,islwords:rec:57f11bb85783,C:\ISL\archive\Video_Dataset\Video_Dataset\Monkey\WIN_20231102_13_16_44_Pro.mp4,data/processed/landmarks/islwords/MONKEY/e95b9253bfb9.npz,135,30.0,4.5,0.9926,1.0,,
0549aabdfb92,MONKEY,islwords,video,,islwords:rec:2dffe057379c,C:\ISL\archive\Video_Dataset\Video_Dataset\Monkey\WIN_20231102_13_16_50_Pro.mp4,data/processed/landmarks/islwords/MONKEY/0549aabdfb92.npz,137,30.0,4.567,1.0,1.0,,
88b12611c226,MONKEY,islwords,video,,islwords:rec:f5f53ab4cb18,C:\ISL\archive\Video_Dataset\Video_Dataset\Monkey\WIN_20231102_13_16_57_Pro.mp4,data/processed/landmarks/islwords/MONKEY/88b12611c226.npz,136,30.0,4.533,0.9926,1.0,,
49da7cfe5653,MONKEY,islwords,video,,islwords:rec:70a675970fcf,C:\ISL\archive\Video_Dataset\Video_Dataset\Monkey\WIN_20231102_13_17_03_Pro.mp4,data/processed/landmarks/islwords/MONKEY/49da7cfe5653.npz,118,30.0,3.933,1.0,1.0,,
305a4cd72419,MONKEY,islwords,video,,islwords:rec:3472e751ac40,C:\ISL\archive\Video_Dataset\Video_Dataset\Monkey\WIN_20231102_13_17_25_Pro.mp4,data/processed/landmarks/islwords/MONKEY/305a4cd72419.npz,152,30.0,5.067,1.0,1.0,,
adcf7b5d3a22,MONKEY,islwords,video,,islwords:rec:7c0b2c8e3ffb,C:\ISL\archive\Video_Dataset\Video_Dataset\Monkey\WIN_20231102_13_17_32_Pro.mp4,data/processed/landmarks/islwords/MONKEY/adcf7b5d3a22.npz,150,30.0,5.0,1.0,1.0,,
180129f99659,MONKEY,islwords,video,,islwords:rec:2bc5e6b55c37,C:\ISL\archive\Video_Dataset\Video_Dataset\Monkey\WIN_20231102_13_17_45_Pro.mp4,data/processed/landmarks/islwords/MONKEY/180129f99659.npz,159,30.0,5.3,1.0,1.0,,
75c813c68f9d,MONKEY,islwords,video,,islwords:rec:4aea34d5d85c,C:\ISL\archive\Video_Dataset\Video_Dataset\Monkey\WIN_20231102_13_17_53_Pro.mp4,data/processed/landmarks/islwords/MONKEY/75c813c68f9d.npz,186,30.0,6.2,1.0,1.0,,
24f0021ff2a4,MONKEY,islwords,video,,islwords:rec:aecd718e9aea,C:\ISL\archive\Video_Dataset\Video_Dataset\Monkey\WIN_20231102_13_18_00_Pro.mp4,data/processed/landmarks/islwords/MONKEY/24f0021ff2a4.npz,165,30.0,5.5,1.0,1.0,,
f69f3e739d85,MONKEY,islwords,video,,islwords:rec:d016375ae512,C:\ISL\archive\Video_Dataset\Video_Dataset\Monkey\WIN_20231102_13_52_23_Pro.mp4,data/processed/landmarks/islwords/MONKEY/f69f3e739d85.npz,127,30.0,4.233,1.0,1.0,,
4b216f4debf9,MONKEY,islwords,video,,islwords:rec:0b6a26a1d970,C:\ISL\archive\Video_Dataset\Video_Dataset\Monkey\WIN_20231102_13_53_00_Pro.mp4,data/processed/landmarks/islwords/MONKEY/4b216f4debf9.npz,129,30.0,4.3,1.0,1.0,,
f901a40cecd8,MONKEY,islwords,video,,islwords:rec:481005ceb087,C:\ISL\archive\Video_Dataset\Video_Dataset\Monkey\WIN_20231102_13_53_07_Pro.mp4,data/processed/landmarks/islwords/MONKEY/f901a40cecd8.npz,153,30.0,5.1,1.0,1.0,,
0a269fb44a9d,MONKEY,islwords,video,,islwords:rec:242ddd9a9fdb,C:\ISL\archive\Video_Dataset\Video_Dataset\Monkey\WIN_20231102_13_53_14_Pro.mp4,data/processed/landmarks/islwords/MONKEY/0a269fb44a9d.npz,123,30.0,4.1,1.0,1.0,,
ab7d1a1e8142,MONKEY,islwords,video,,islwords:rec:7f71d8c68f35,C:\ISL\archive\Video_Dataset\Video_Dataset\Monkey\WIN_20231102_13_53_24_Pro.mp4,data/processed/landmarks/islwords/MONKEY/ab7d1a1e8142.npz,132,30.0,4.4,1.0,1.0,,
780d0a9d69b9,ONION,islwords,video,,islwords:rec:2e079a5bc161,C:\ISL\archive\Video_Dataset\Video_Dataset\Onion\WIN_20231102_12_12_33_Pro.mp4,data/processed/landmarks/islwords/ONION/780d0a9d69b9.npz,175,30.0,5.833,1.0,1.0,,
6bb6820e79cc,ONION,islwords,video,,islwords:rec:8e64e844c758,C:\ISL\archive\Video_Dataset\Video_Dataset\Onion\WIN_20231102_12_12_50_Pro.mp4,data/processed/landmarks/islwords/ONION/6bb6820e79cc.npz,153,30.0,5.1,1.0,1.0,,
e2bada495971,ONION,islwords,video,,islwords:rec:5ac122abd032,C:\ISL\archive\Video_Dataset\Video_Dataset\Onion\WIN_20231102_12_13_53_Pro.mp4,data/processed/landmarks/islwords/ONION/e2bada495971.npz,167,30.0,5.567,1.0,1.0,,
26a92b27ddf3,ONION,islwords,video,,islwords:rec:d4ee05518745,C:\ISL\archive\Video_Dataset\Video_Dataset\Onion\WIN_20231102_12_14_53_Pro.mp4,data/processed/landmarks/islwords/ONION/26a92b27ddf3.npz,150,30.0,5.0,1.0,1.0,,
b22c86af7819,ONION,islwords,video,,islwords:rec:d0eb78802c84,C:\ISL\archive\Video_Dataset\Video_Dataset\Onion\WIN_20231102_12_16_18_Pro.mp4,data/processed/landmarks/islwords/ONION/b22c86af7819.npz,168,30.0,5.6,1.0,1.0,,
4290064b6335,ONION,islwords,video,,islwords:rec:e63023596044,C:\ISL\archive\Video_Dataset\Video_Dataset\Onion\WIN_20231102_12_16_44_Pro.mp4,data/processed/landmarks/islwords/ONION/4290064b6335.npz,197,30.0,6.567,1.0,1.0,,
6233d68e6be6,ONION,islwords,video,,islwords:rec:e6a90543ce8a,C:\ISL\archive\Video_Dataset\Video_Dataset\Onion\WIN_20231102_12_18_06_Pro.mp4,data/processed/landmarks/islwords/ONION/6233d68e6be6.npz,184,30.0,6.133,1.0,1.0,,
580f6dbc6199,ONION,islwords,video,,islwords:rec:7cafda87a076,C:\ISL\archive\Video_Dataset\Video_Dataset\Onion\WIN_20231102_12_18_14_Pro.mp4,data/processed/landmarks/islwords/ONION/580f6dbc6199.npz,177,30.0,5.9,1.0,1.0,,
11ccb332906d,ONION,islwords,video,,islwords:rec:a72422fb43f0,C:\ISL\archive\Video_Dataset\Video_Dataset\Onion\WIN_20231102_12_18_22_Pro.mp4,data/processed/landmarks/islwords/ONION/11ccb332906d.npz,172,30.0,5.733,1.0,1.0,,
6d2c440e5dcf,ONION,islwords,video,,islwords:rec:810f896e7112,C:\ISL\archive\Video_Dataset\Video_Dataset\Onion\WIN_20231102_12_20_24_Pro.mp4,data/processed/landmarks/islwords/ONION/6d2c440e5dcf.npz,177,30.0,5.9,1.0,1.0,,
1a8a4e50e44f,ONION,islwords,video,,islwords:rec:0acebc50a803,C:\ISL\archive\Video_Dataset\Video_Dataset\Onion\WIN_20231102_12_23_22_Pro.mp4,data/processed/landmarks/islwords/ONION/1a8a4e50e44f.npz,134,30.0,4.467,1.0,1.0,,
d3ba2eb9622c,ONION,islwords,video,,islwords:rec:6df6360564f2,C:\ISL\archive\Video_Dataset\Video_Dataset\Onion\WIN_20231102_12_23_28_Pro.mp4,data/processed/landmarks/islwords/ONION/d3ba2eb9622c.npz,127,30.0,4.233,1.0,1.0,,
6b5caa35cee0,ONION,islwords,video,,islwords:rec:571192b86ab3,C:\ISL\archive\Video_Dataset\Video_Dataset\Onion\WIN_20231102_12_23_33_Pro.mp4,data/processed/landmarks/islwords/ONION/6b5caa35cee0.npz,135,30.0,4.5,1.0,1.0,,
564a442d8d7a,ONION,islwords,video,,islwords:rec:636fd7fdec14,C:\ISL\archive\Video_Dataset\Video_Dataset\Onion\WIN_20231102_12_23_39_Pro.mp4,data/processed/landmarks/islwords/ONION/564a442d8d7a.npz,131,30.0,4.367,1.0,1.0,,
86d91deaa7cf,ONION,islwords,video,,islwords:rec:ed59706404bf,C:\ISL\archive\Video_Dataset\Video_Dataset\Onion\WIN_20231102_12_23_45_Pro.mp4,data/processed/landmarks/islwords/ONION/86d91deaa7cf.npz,154,30.0,5.133,1.0,1.0,,
4fac832b7ee3,ONION,islwords,video,,islwords:rec:0a88d46f3c5a,C:\ISL\archive\Video_Dataset\Video_Dataset\Onion\WIN_20231102_12_24_19_Pro.mp4,data/processed/landmarks/islwords/ONION/4fac832b7ee3.npz,128,30.0,4.267,1.0,1.0,,
e676c9be7d3a,ONION,islwords,video,,islwords:rec:49a078c6aa64,C:\ISL\archive\Video_Dataset\Video_Dataset\Onion\WIN_20231102_12_24_25_Pro.mp4,data/processed/landmarks/islwords/ONION/e676c9be7d3a.npz,147,30.0,4.9,1.0,1.0,,
fb93a1f226e9,ONION,islwords,video,,islwords:rec:f2b9a6c0e99a,C:\ISL\archive\Video_Dataset\Video_Dataset\Onion\WIN_20231102_12_24_32_Pro.mp4,data/processed/landmarks/islwords/ONION/fb93a1f226e9.npz,122,30.0,4.067,1.0,1.0,,
19acf367f431,ONION,islwords,video,,islwords:rec:9cc89239a865,C:\ISL\archive\Video_Dataset\Video_Dataset\Onion\WIN_20231102_12_24_37_Pro.mp4,data/processed/landmarks/islwords/ONION/19acf367f431.npz,123,30.0,4.1,1.0,1.0,,
f9de116897dc,ONION,islwords,video,,islwords:rec:ae32ac912e09,C:\ISL\archive\Video_Dataset\Video_Dataset\Onion\WIN_20231102_12_24_43_Pro.mp4,data/processed/landmarks/islwords/ONION/f9de116897dc.npz,127,30.0,4.233,1.0,1.0,,
c168d3d3dadd,PEACOCK,islwords,video,,islwords:rec:063cff73b602,C:\ISL\archive\Video_Dataset\Video_Dataset\Peacock\WIN_20231103_12_51_54_Pro.mp4,data/processed/landmarks/islwords/PEACOCK/c168d3d3dadd.npz,115,30.0,3.833,1.0,1.0,,
0b4b5025d83c,PEACOCK,islwords,video,,islwords:rec:d82ad71a72e8,C:\ISL\archive\Video_Dataset\Video_Dataset\Peacock\WIN_20231103_12_52_00_Pro.mp4,data/processed/landmarks/islwords/PEACOCK/0b4b5025d83c.npz,104,30.0,3.467,1.0,1.0,,
f6634183b779,PEACOCK,islwords,video,,islwords:rec:e07ff582b332,C:\ISL\archive\Video_Dataset\Video_Dataset\Peacock\WIN_20231103_12_52_05_Pro.mp4,data/processed/landmarks/islwords/PEACOCK/f6634183b779.npz,96,30.0,3.2,0.9896,1.0,,
b90f12d6f85b,PEACOCK,islwords,video,,islwords:rec:ea47099aea4a,C:\ISL\archive\Video_Dataset\Video_Dataset\Peacock\WIN_20231103_12_52_10_Pro.mp4,data/processed/landmarks/islwords/PEACOCK/b90f12d6f85b.npz,115,30.0,3.833,0.9913,1.0,,
e82e3e598dcd,PEACOCK,islwords,video,,islwords:rec:86452d1d3e42,C:\ISL\archive\Video_Dataset\Video_Dataset\Peacock\WIN_20231103_12_52_15_Pro.mp4,data/processed/landmarks/islwords/PEACOCK/e82e3e598dcd.npz,110,30.0,3.667,1.0,1.0,,
2d13c5aaeaf2,PEACOCK,islwords,video,,islwords:rec:aca7bc213cd2,C:\ISL\archive\Video_Dataset\Video_Dataset\Peacock\WIN_20231103_12_52_28_Pro.mp4,data/processed/landmarks/islwords/PEACOCK/2d13c5aaeaf2.npz,159,30.0,5.3,1.0,1.0,,
203443ca7661,PEACOCK,islwords,video,,islwords:rec:d07ab4f8055b,C:\ISL\archive\Video_Dataset\Video_Dataset\Peacock\WIN_20231103_12_52_35_Pro.mp4,data/processed/landmarks/islwords/PEACOCK/203443ca7661.npz,139,30.0,4.633,1.0,1.0,,
875b5ce103c0,PEACOCK,islwords,video,,islwords:rec:299ac6d0504b,C:\ISL\archive\Video_Dataset\Video_Dataset\Peacock\WIN_20231103_12_52_41_Pro.mp4,data/processed/landmarks/islwords/PEACOCK/875b5ce103c0.npz,174,30.0,5.8,1.0,1.0,,
c7d7093f3ce3,PEACOCK,islwords,video,,islwords:rec:a023af756f78,C:\ISL\archive\Video_Dataset\Video_Dataset\Peacock\WIN_20231103_12_52_48_Pro.mp4,data/processed/landmarks/islwords/PEACOCK/c7d7093f3ce3.npz,161,30.0,5.367,1.0,1.0,,
149f6575d8d2,PEACOCK,islwords,video,,islwords:rec:815c9a2fe7bd,C:\ISL\archive\Video_Dataset\Video_Dataset\Peacock\WIN_20231103_12_52_54_Pro.mp4,data/processed/landmarks/islwords/PEACOCK/149f6575d8d2.npz,169,30.0,5.633,0.9941,1.0,,
6a2896986969,PEACOCK,islwords,video,,islwords:rec:ff03d36582c1,C:\ISL\archive\Video_Dataset\Video_Dataset\Peacock\WIN_20231103_12_53_21_Pro.mp4,data/processed/landmarks/islwords/PEACOCK/6a2896986969.npz,156,30.0,5.2,0.9936,1.0,,
1f60fd91eeea,PEACOCK,islwords,video,,islwords:rec:382f84a61841,C:\ISL\archive\Video_Dataset\Video_Dataset\Peacock\WIN_20231103_12_53_28_Pro.mp4,data/processed/landmarks/islwords/PEACOCK/1f60fd91eeea.npz,158,30.0,5.267,0.9937,1.0,,
80c0e69ecd89,PEACOCK,islwords,video,,islwords:rec:7ea45b35b2d1,C:\ISL\archive\Video_Dataset\Video_Dataset\Peacock\WIN_20231103_12_53_35_Pro.mp4,data/processed/landmarks/islwords/PEACOCK/80c0e69ecd89.npz,152,30.0,5.067,0.9934,1.0,,
28ec8bfb0ff8,PEACOCK,islwords,video,,islwords:rec:016277f82101,C:\ISL\archive\Video_Dataset\Video_Dataset\Peacock\WIN_20231103_12_53_42_Pro.mp4,data/processed/landmarks/islwords/PEACOCK/28ec8bfb0ff8.npz,132,30.0,4.4,0.9924,1.0,,
ebc2bed29853,PEACOCK,islwords,video,,islwords:rec:59839087c585,C:\ISL\archive\Video_Dataset\Video_Dataset\Peacock\WIN_20231103_12_53_48_Pro.mp4,data/processed/landmarks/islwords/PEACOCK/ebc2bed29853.npz,135,30.0,4.5,0.9926,1.0,,
a9609812aabd,PEACOCK,islwords,video,,islwords:rec:c85c4da0b53e,C:\ISL\archive\Video_Dataset\Video_Dataset\Peacock\WIN_20231103_13_37_23_Pro.mp4,data/processed/landmarks/islwords/PEACOCK/a9609812aabd.npz,214,30.0,7.133,0.9953,1.0,,
9fb6e6d57694,PEACOCK,islwords,video,,islwords:rec:591f8cf0b7c1,C:\ISL\archive\Video_Dataset\Video_Dataset\Peacock\WIN_20231103_13_37_34_Pro.mp4,data/processed/landmarks/islwords/PEACOCK/9fb6e6d57694.npz,178,30.0,5.933,1.0,1.0,,
c97e17c41115,PEACOCK,islwords,video,,islwords:rec:d46f9f6078f6,C:\ISL\archive\Video_Dataset\Video_Dataset\Peacock\WIN_20231103_13_37_42_Pro.mp4,data/processed/landmarks/islwords/PEACOCK/c97e17c41115.npz,159,30.0,5.3,1.0,1.0,,
9b5ee212bad8,PEACOCK,islwords,video,,islwords:rec:30a8d2ddf6db,C:\ISL\archive\Video_Dataset\Video_Dataset\Peacock\WIN_20231103_13_37_49_Pro.mp4,data/processed/landmarks/islwords/PEACOCK/9b5ee212bad8.npz,149,30.0,4.967,0.9933,1.0,,
a386c6837d81,PEACOCK,islwords,video,,islwords:rec:e0a544439eea,C:\ISL\archive\Video_Dataset\Video_Dataset\Peacock\WIN_20231103_13_37_56_Pro.mp4,data/processed/landmarks/islwords/PEACOCK/a386c6837d81.npz,166,30.0,5.533,0.994,1.0,,
cbaa8ef8111d,PIGEON,islwords,video,,islwords:rec:e4acbc46aa13,C:\ISL\archive\Video_Dataset\Video_Dataset\Pigeon\WIN_20231103_12_54_54_Pro.mp4,data/processed/landmarks/islwords/PIGEON/cbaa8ef8111d.npz,155,30.0,5.167,1.0,1.0,,
aa75b6ad5b53,PIGEON,islwords,video,,islwords:rec:6c716783069f,C:\ISL\archive\Video_Dataset\Video_Dataset\Pigeon\WIN_20231103_12_55_01_Pro.mp4,data/processed/landmarks/islwords/PIGEON/aa75b6ad5b53.npz,147,30.0,4.9,1.0,1.0,,
fdaf5e9b549a,PIGEON,islwords,video,,islwords:rec:86ea6aa34f57,C:\ISL\archive\Video_Dataset\Video_Dataset\Pigeon\WIN_20231103_12_55_08_Pro.mp4,data/processed/landmarks/islwords/PIGEON/fdaf5e9b549a.npz,162,30.0,5.4,1.0,1.0,,
82e82bf38aae,PIGEON,islwords,video,,islwords:rec:e944af449a64,C:\ISL\archive\Video_Dataset\Video_Dataset\Pigeon\WIN_20231103_12_55_15_Pro.mp4,data/processed/landmarks/islwords/PIGEON/82e82bf38aae.npz,166,30.0,5.533,1.0,1.0,,
3ca759ab8cf8,PIGEON,islwords,video,,islwords:rec:3c2b0f5c53f0,C:\ISL\archive\Video_Dataset\Video_Dataset\Pigeon\WIN_20231103_12_55_21_Pro.mp4,data/processed/landmarks/islwords/PIGEON/3ca759ab8cf8.npz,151,30.0,5.033,1.0,1.0,,
a77ca71a48c0,PIGEON,islwords,video,,islwords:rec:5ed472638665,C:\ISL\archive\Video_Dataset\Video_Dataset\Pigeon\WIN_20231103_12_55_52_Pro.mp4,data/processed/landmarks/islwords/PIGEON/a77ca71a48c0.npz,237,30.0,7.9,1.0,1.0,,
5e5e1f7438e0,PIGEON,islwords,video,,islwords:rec:d0c1a481b3f4,C:\ISL\archive\Video_Dataset\Video_Dataset\Pigeon\WIN_20231103_12_56_05_Pro.mp4,data/processed/landmarks/islwords/PIGEON/5e5e1f7438e0.npz,276,30.0,9.2,1.0,1.0,,
bbb95c68c120,PIGEON,islwords,video,,islwords:rec:e684292bbf3e,C:\ISL\archive\Video_Dataset\Video_Dataset\Pigeon\WIN_20231103_12_56_15_Pro.mp4,data/processed/landmarks/islwords/PIGEON/bbb95c68c120.npz,239,30.0,7.967,1.0,1.0,,
42626a7a8806,PIGEON,islwords,video,,islwords:rec:75c95e7abb24,C:\ISL\archive\Video_Dataset\Video_Dataset\Pigeon\WIN_20231103_12_56_24_Pro.mp4,data/processed/landmarks/islwords/PIGEON/42626a7a8806.npz,260,30.0,8.667,1.0,1.0,,
79d862c0139d,PIGEON,islwords,video,,islwords:rec:e46b27ba0d59,C:\ISL\archive\Video_Dataset\Video_Dataset\Pigeon\WIN_20231103_12_56_34_Pro.mp4,data/processed/landmarks/islwords/PIGEON/79d862c0139d.npz,272,30.0,9.067,1.0,1.0,,
fee1c85d7290,PIGEON,islwords,video,,islwords:rec:894e29125072,C:\ISL\archive\Video_Dataset\Video_Dataset\Pigeon\WIN_20231103_12_57_12_Pro.mp4,data/processed/landmarks/islwords/PIGEON/fee1c85d7290.npz,215,30.0,7.167,1.0,1.0,,
10d8fe823e09,PIGEON,islwords,video,,islwords:rec:fcf808dd77bd,C:\ISL\archive\Video_Dataset\Video_Dataset\Pigeon\WIN_20231103_12_57_21_Pro.mp4,data/processed/landmarks/islwords/PIGEON/10d8fe823e09.npz,197,30.0,6.567,0.9949,1.0,,
a94edd001c3e,PIGEON,islwords,video,,islwords:rec:aa548a2df2bb,C:\ISL\archive\Video_Dataset\Video_Dataset\Pigeon\WIN_20231103_12_57_30_Pro.mp4,data/processed/landmarks/islwords/PIGEON/a94edd001c3e.npz,197,30.0,6.567,0.9898,1.0,,
a184ff5ef4e6,PIGEON,islwords,video,,islwords:rec:1369a5fb56c4,C:\ISL\archive\Video_Dataset\Video_Dataset\Pigeon\WIN_20231103_12_57_39_Pro.mp4,data/processed/landmarks/islwords/PIGEON/a184ff5ef4e6.npz,199,30.0,6.633,0.995,1.0,,
539b6308c847,PIGEON,islwords,video,,islwords:rec:7d0407adaf95,C:\ISL\archive\Video_Dataset\Video_Dataset\Pigeon\WIN_20231103_12_57_48_Pro.mp4,data/processed/landmarks/islwords/PIGEON/539b6308c847.npz,200,30.0,6.667,0.995,1.0,,
f46044747b8f,PIGEON,islwords,video,,islwords:rec:8c575368b628,C:\ISL\archive\Video_Dataset\Video_Dataset\Pigeon\WIN_20231103_13_39_01_Pro.mp4,data/processed/landmarks/islwords/PIGEON/f46044747b8f.npz,197,30.0,6.567,1.0,1.0,,
89ffc0dd573b,PIGEON,islwords,video,,islwords:rec:a980102bcd4a,C:\ISL\archive\Video_Dataset\Video_Dataset\Pigeon\WIN_20231103_13_39_37_Pro.mp4,data/processed/landmarks/islwords/PIGEON/89ffc0dd573b.npz,199,30.0,6.633,1.0,1.0,,
869ae3388d81,PIGEON,islwords,video,,islwords:rec:4800eada777e,C:\ISL\archive\Video_Dataset\Video_Dataset\Pigeon\WIN_20231103_13_39_46_Pro.mp4,data/processed/landmarks/islwords/PIGEON/869ae3388d81.npz,212,30.0,7.067,1.0,1.0,,
50f559095297,PIGEON,islwords,video,,islwords:rec:b9c677b797da,C:\ISL\archive\Video_Dataset\Video_Dataset\Pigeon\WIN_20231103_13_39_55_Pro.mp4,data/processed/landmarks/islwords/PIGEON/50f559095297.npz,206,30.0,6.867,1.0,1.0,,
029a691000d0,PIGEON,islwords,video,,islwords:rec:66178030467d,C:\ISL\archive\Video_Dataset\Video_Dataset\Pigeon\WIN_20231103_13_40_04_Pro.mp4,data/processed/landmarks/islwords/PIGEON/029a691000d0.npz,213,30.0,7.1,1.0,1.0,,
081092aadc08,POUR,islwords,video,,islwords:rec:aa534c41e410,C:\ISL\archive\Video_Dataset\Video_Dataset\Pour\WIN_20231103_11_09_17_Pro.mp4,data/processed/landmarks/islwords/POUR/081092aadc08.npz,149,30.0,4.967,1.0,1.0,,
110ac405789d,POUR,islwords,video,,islwords:rec:d6a4717e037a,C:\ISL\archive\Video_Dataset\Video_Dataset\Pour\WIN_20231103_11_09_24_Pro.mp4,data/processed/landmarks/islwords/POUR/110ac405789d.npz,124,30.0,4.133,1.0,1.0,,
44a4266eaf54,POUR,islwords,video,,islwords:rec:dafba0a2a245,C:\ISL\archive\Video_Dataset\Video_Dataset\Pour\WIN_20231103_11_09_29_Pro.mp4,data/processed/landmarks/islwords/POUR/44a4266eaf54.npz,163,30.0,5.433,1.0,1.0,,
2f9933d65364,POUR,islwords,video,,islwords:rec:a71ee6bfb231,C:\ISL\archive\Video_Dataset\Video_Dataset\Pour\WIN_20231103_11_09_35_Pro.mp4,data/processed/landmarks/islwords/POUR/2f9933d65364.npz,137,30.0,4.567,1.0,1.0,,
ddb42936759a,POUR,islwords,video,,islwords:rec:7949090836d3,C:\ISL\archive\Video_Dataset\Video_Dataset\Pour\WIN_20231103_11_09_41_Pro.mp4,data/processed/landmarks/islwords/POUR/ddb42936759a.npz,136,30.0,4.533,1.0,1.0,,
d608bc78cc9d,POUR,islwords,video,,islwords:rec:420c691faa55,C:\ISL\archive\Video_Dataset\Video_Dataset\Pour\WIN_20231103_11_09_55_Pro.mp4,data/processed/landmarks/islwords/POUR/d608bc78cc9d.npz,130,30.0,4.333,1.0,1.0,,
fd102709ffbe,POUR,islwords,video,,islwords:rec:c477c728f1ab,C:\ISL\archive\Video_Dataset\Video_Dataset\Pour\WIN_20231103_11_10_01_Pro.mp4,data/processed/landmarks/islwords/POUR/fd102709ffbe.npz,116,30.0,3.867,1.0,1.0,,
f5882418cdf3,POUR,islwords,video,,islwords:rec:b720e6d9e93b,C:\ISL\archive\Video_Dataset\Video_Dataset\Pour\WIN_20231103_11_10_06_Pro.mp4,data/processed/landmarks/islwords/POUR/f5882418cdf3.npz,116,30.0,3.867,1.0,1.0,,
ef5f996368e7,POUR,islwords,video,,islwords:rec:fcb227adb96c,C:\ISL\archive\Video_Dataset\Video_Dataset\Pour\WIN_20231103_11_10_11_Pro.mp4,data/processed/landmarks/islwords/POUR/ef5f996368e7.npz,106,30.0,3.533,1.0,1.0,,
72323b85ce25,POUR,islwords,video,,islwords:rec:f96e596496cf,C:\ISL\archive\Video_Dataset\Video_Dataset\Pour\WIN_20231103_11_10_15_Pro.mp4,data/processed/landmarks/islwords/POUR/72323b85ce25.npz,110,30.0,3.667,1.0,1.0,,
b9a20567fa96,POUR,islwords,video,,islwords:rec:f6cb680a7e50,C:\ISL\archive\Video_Dataset\Video_Dataset\Pour\WIN_20231103_11_10_28_Pro.mp4,data/processed/landmarks/islwords/POUR/b9a20567fa96.npz,138,30.0,4.6,1.0,1.0,,
852bb576633f,POUR,islwords,video,,islwords:rec:d25f771e27b0,C:\ISL\archive\Video_Dataset\Video_Dataset\Pour\WIN_20231103_11_10_34_Pro.mp4,data/processed/landmarks/islwords/POUR/852bb576633f.npz,127,30.0,4.233,1.0,1.0,,
3653d6a9a3ad,POUR,islwords,video,,islwords:rec:9805bf4b1d18,C:\ISL\archive\Video_Dataset\Video_Dataset\Pour\WIN_20231103_11_10_39_Pro.mp4,data/processed/landmarks/islwords/POUR/3653d6a9a3ad.npz,143,30.0,4.767,1.0,1.0,,
ea52c2f22266,POUR,islwords,video,,islwords:rec:2810c7fb8f23,C:\ISL\archive\Video_Dataset\Video_Dataset\Pour\WIN_20231103_11_11_35_Pro.mp4,data/processed/landmarks/islwords/POUR/ea52c2f22266.npz,139,30.0,4.633,1.0,1.0,,
717f4b225389,POUR,islwords,video,,islwords:rec:e8e0d30bf198,C:\ISL\archive\Video_Dataset\Video_Dataset\Pour\WIN_20231103_11_11_41_Pro.mp4,data/processed/landmarks/islwords/POUR/717f4b225389.npz,151,30.0,5.033,1.0,1.0,,
79b53b5add62,POUR,islwords,video,,islwords:rec:0e62670746d0,C:\ISL\archive\Video_Dataset\Video_Dataset\Pour\WIN_20231103_11_12_18_Pro.mp4,data/processed/landmarks/islwords/POUR/79b53b5add62.npz,146,30.0,4.867,1.0,1.0,,
36bb829a7923,POUR,islwords,video,,islwords:rec:2b77b7a97a27,C:\ISL\archive\Video_Dataset\Video_Dataset\Pour\WIN_20231103_11_12_28_Pro.mp4,data/processed/landmarks/islwords/POUR/36bb829a7923.npz,139,30.0,4.633,1.0,1.0,,
de23ab275f39,POUR,islwords,video,,islwords:rec:c62ed60fd1e0,C:\ISL\archive\Video_Dataset\Video_Dataset\Pour\WIN_20231103_11_12_34_Pro.mp4,data/processed/landmarks/islwords/POUR/de23ab275f39.npz,138,30.0,4.6,1.0,1.0,,
70b8a641db44,POUR,islwords,video,,islwords:rec:f1b90db9104f,C:\ISL\archive\Video_Dataset\Video_Dataset\Pour\WIN_20231103_11_12_41_Pro.mp4,data/processed/landmarks/islwords/POUR/70b8a641db44.npz,135,30.0,4.5,1.0,1.0,,
2fc091c6a6d3,POUR,islwords,video,,islwords:rec:2b1b750e07ec,C:\ISL\archive\Video_Dataset\Video_Dataset\Pour\WIN_20231103_11_12_47_Pro.mp4,data/processed/landmarks/islwords/POUR/2fc091c6a6d3.npz,125,30.0,4.167,1.0,1.0,,
940de3c7b277,RADISH,islwords,video,,islwords:rec:c718985d18cc,C:\ISL\archive\Video_Dataset\Video_Dataset\Radish\WIN_20231102_12_26_37_Pro.mp4,data/processed/landmarks/islwords/RADISH/940de3c7b277.npz,159,30.0,5.3,1.0,1.0,,
2e52cb899182,RADISH,islwords,video,,islwords:rec:280b259d2ed4,C:\ISL\archive\Video_Dataset\Video_Dataset\Radish\WIN_20231102_12_26_45_Pro.mp4,data/processed/landmarks/islwords/RADISH/2e52cb899182.npz,157,30.0,5.233,1.0,1.0,,
4b27b8603535,RADISH,islwords,video,,islwords:rec:f2414c05a612,C:\ISL\archive\Video_Dataset\Video_Dataset\Radish\WIN_20231102_12_26_51_Pro.mp4,data/processed/landmarks/islwords/RADISH/4b27b8603535.npz,144,30.0,4.8,1.0,1.0,,
d0f6ddf63f9a,RADISH,islwords,video,,islwords:rec:d72e3be82820,C:\ISL\archive\Video_Dataset\Video_Dataset\Radish\WIN_20231102_12_26_58_Pro.mp4,data/processed/landmarks/islwords/RADISH/d0f6ddf63f9a.npz,123,30.0,4.1,1.0,1.0,,
567e1f6871c5,RADISH,islwords,video,,islwords:rec:b6fe8a52857d,C:\ISL\archive\Video_Dataset\Video_Dataset\Radish\WIN_20231102_12_27_07_Pro.mp4,data/processed/landmarks/islwords/RADISH/567e1f6871c5.npz,140,30.0,4.667,1.0,1.0,,
a60e7d6bc2cf,RADISH,islwords,video,,islwords:rec:a86e7b4269da,C:\ISL\archive\Video_Dataset\Video_Dataset\Radish\WIN_20231102_12_27_39_Pro.mp4,data/processed/landmarks/islwords/RADISH/a60e7d6bc2cf.npz,129,30.0,4.3,1.0,1.0,,
5f4144158d6c,RADISH,islwords,video,,islwords:rec:c351498d3540,C:\ISL\archive\Video_Dataset\Video_Dataset\Radish\WIN_20231102_12_27_46_Pro.mp4,data/processed/landmarks/islwords/RADISH/5f4144158d6c.npz,122,30.0,4.067,1.0,1.0,,
41df7d5f55c6,RADISH,islwords,video,,islwords:rec:dfe602a7e41a,C:\ISL\archive\Video_Dataset\Video_Dataset\Radish\WIN_20231102_12_28_24_Pro.mp4,data/processed/landmarks/islwords/RADISH/41df7d5f55c6.npz,129,30.0,4.3,1.0,1.0,,
699301c6aede,RADISH,islwords,video,,islwords:rec:90c4a5675220,C:\ISL\archive\Video_Dataset\Video_Dataset\Radish\WIN_20231102_12_28_31_Pro.mp4,data/processed/landmarks/islwords/RADISH/699301c6aede.npz,135,30.0,4.5,1.0,1.0,,
bd1ce8b5f02c,RADISH,islwords,video,,islwords:rec:1c7acb59994d,C:\ISL\archive\Video_Dataset\Video_Dataset\Radish\WIN_20231102_12_28_37_Pro.mp4,data/processed/landmarks/islwords/RADISH/bd1ce8b5f02c.npz,132,30.0,4.4,1.0,1.0,,
e6f614c3edd0,RADISH,islwords,video,,islwords:rec:183e7b88f69c,C:\ISL\archive\Video_Dataset\Video_Dataset\Radish\WIN_20231102_12_29_22_Pro.mp4,data/processed/landmarks/islwords/RADISH/e6f614c3edd0.npz,169,30.0,5.633,1.0,1.0,,
0b40000cb3ab,RADISH,islwords,video,,islwords:rec:749d9f1097e6,C:\ISL\archive\Video_Dataset\Video_Dataset\Radish\WIN_20231102_12_29_32_Pro.mp4,data/processed/landmarks/islwords/RADISH/0b40000cb3ab.npz,161,30.0,5.367,1.0,1.0,,
cb8f8741ac40,RADISH,islwords,video,,islwords:rec:5d47e81a3de7,C:\ISL\archive\Video_Dataset\Video_Dataset\Radish\WIN_20231102_12_29_39_Pro.mp4,data/processed/landmarks/islwords/RADISH/cb8f8741ac40.npz,185,30.0,6.167,1.0,1.0,,
fbadba7bcfdc,RADISH,islwords,video,,islwords:rec:6d892951e4ae,C:\ISL\archive\Video_Dataset\Video_Dataset\Radish\WIN_20231102_12_29_47_Pro.mp4,data/processed/landmarks/islwords/RADISH/fbadba7bcfdc.npz,173,30.0,5.767,1.0,1.0,,
34c9377755c6,RADISH,islwords,video,,islwords:rec:9f115282ccbc,C:\ISL\archive\Video_Dataset\Video_Dataset\Radish\WIN_20231102_12_29_58_Pro.mp4,data/processed/landmarks/islwords/RADISH/34c9377755c6.npz,161,30.0,5.367,1.0,1.0,,
31198e622f8a,RADISH,islwords,video,,islwords:rec:5a3c16f855a6,C:\ISL\archive\Video_Dataset\Video_Dataset\Radish\WIN_20231102_12_30_17_Pro.mp4,data/processed/landmarks/islwords/RADISH/31198e622f8a.npz,121,30.0,4.033,1.0,1.0,,
32e6776a90c1,RADISH,islwords,video,,islwords:rec:532724b9f696,C:\ISL\archive\Video_Dataset\Video_Dataset\Radish\WIN_20231102_12_30_22_Pro.mp4,data/processed/landmarks/islwords/RADISH/32e6776a90c1.npz,124,30.0,4.133,1.0,1.0,,
f493f7695cd3,RADISH,islwords,video,,islwords:rec:02c9bf5565f0,C:\ISL\archive\Video_Dataset\Video_Dataset\Radish\WIN_20231102_12_30_28_Pro.mp4,data/processed/landmarks/islwords/RADISH/f493f7695cd3.npz,131,30.0,4.367,1.0,1.0,,
87573c5b7c9e,RADISH,islwords,video,,islwords:rec:b3e1c7e35479,C:\ISL\archive\Video_Dataset\Video_Dataset\Radish\WIN_20231102_12_30_34_Pro.mp4,data/processed/landmarks/islwords/RADISH/87573c5b7c9e.npz,111,30.0,3.7,1.0,1.0,,
dbd273efb802,RADISH,islwords,video,,islwords:rec:7f5cfd8e6695,C:\ISL\archive\Video_Dataset\Video_Dataset\Radish\WIN_20231102_12_30_42_Pro.mp4,data/processed/landmarks/islwords/RADISH/dbd273efb802.npz,109,30.0,3.633,1.0,1.0,,
1a257cc727bb,SPARROW,islwords,video,,islwords:rec:3e8eb53a4cf4,C:\ISL\archive\Video_Dataset\Video_Dataset\Sparrow\WIN_20231103_12_58_35_Pro.mp4,data/processed/landmarks/islwords/SPARROW/1a257cc727bb.npz,171,30.0,5.7,1.0,1.0,,
31e8975f0632,SPARROW,islwords,video,,islwords:rec:dfdeb14b774b,C:\ISL\archive\Video_Dataset\Video_Dataset\Sparrow\WIN_20231103_12_58_44_Pro.mp4,data/processed/landmarks/islwords/SPARROW/31e8975f0632.npz,167,30.0,5.567,0.994,1.0,,
69c322f4db52,SPARROW,islwords,video,,islwords:rec:c79b675b1996,C:\ISL\archive\Video_Dataset\Video_Dataset\Sparrow\WIN_20231103_12_58_51_Pro.mp4,data/processed/landmarks/islwords/SPARROW/69c322f4db52.npz,169,30.0,5.633,1.0,1.0,,
c1f329da2d00,SPARROW,islwords,video,,islwords:rec:e8cff77c77f6,C:\ISL\archive\Video_Dataset\Video_Dataset\Sparrow\WIN_20231103_12_58_58_Pro.mp4,data/processed/landmarks/islwords/SPARROW/c1f329da2d00.npz,168,30.0,5.6,1.0,1.0,,
04015925d723,SPARROW,islwords,video,,islwords:rec:5b3ff28be63e,C:\ISL\archive\Video_Dataset\Video_Dataset\Sparrow\WIN_20231103_12_59_05_Pro.mp4,data/processed/landmarks/islwords/SPARROW/04015925d723.npz,166,30.0,5.533,0.994,1.0,,
0237764c66f8,SPARROW,islwords,video,,islwords:rec:b9f8e3652ab7,C:\ISL\archive\Video_Dataset\Video_Dataset\Sparrow\WIN_20231103_12_59_31_Pro.mp4,data/processed/landmarks/islwords/SPARROW/0237764c66f8.npz,174,30.0,5.8,1.0,1.0,,
01c704ebe6ce,SPARROW,islwords,video,,islwords:rec:dcd4e499a7e7,C:\ISL\archive\Video_Dataset\Video_Dataset\Sparrow\WIN_20231103_12_59_39_Pro.mp4,data/processed/landmarks/islwords/SPARROW/01c704ebe6ce.npz,190,30.0,6.333,1.0,1.0,,
486d67b6e90c,SPARROW,islwords,video,,islwords:rec:e01074341ec8,C:\ISL\archive\Video_Dataset\Video_Dataset\Sparrow\WIN_20231103_12_59_47_Pro.mp4,data/processed/landmarks/islwords/SPARROW/486d67b6e90c.npz,193,30.0,6.433,1.0,1.0,,
cf0f60506a97,SPARROW,islwords,video,,islwords:rec:fdb693d526b3,C:\ISL\archive\Video_Dataset\Video_Dataset\Sparrow\WIN_20231103_12_59_56_Pro.mp4,data/processed/landmarks/islwords/SPARROW/cf0f60506a97.npz,192,30.0,6.4,1.0,1.0,,
67f3aa631de2,SPARROW,islwords,video,,islwords:rec:52b1d5e13909,C:\ISL\archive\Video_Dataset\Video_Dataset\Sparrow\WIN_20231103_13_00_05_Pro.mp4,data/processed/landmarks/islwords/SPARROW/67f3aa631de2.npz,213,30.0,7.1,1.0,1.0,,
a6ea2417fe6f,SPARROW,islwords,video,,islwords:rec:19c0be56aace,C:\ISL\archive\Video_Dataset\Video_Dataset\Sparrow\WIN_20231103_13_01_04_Pro.mp4,data/processed/landmarks/islwords/SPARROW/a6ea2417fe6f.npz,201,30.0,6.7,1.0,1.0,,
6e806d15ff12,SPARROW,islwords,video,,islwords:rec:188d3e93b104,C:\ISL\archive\Video_Dataset\Video_Dataset\Sparrow\WIN_20231103_13_01_12_Pro.mp4,data/processed/landmarks/islwords/SPARROW/6e806d15ff12.npz,207,30.0,6.9,1.0,1.0,,
217ee48b08fa,SPARROW,islwords,video,,islwords:rec:389eea518d7c,C:\ISL\archive\Video_Dataset\Video_Dataset\Sparrow\WIN_20231103_13_01_21_Pro.mp4,data/processed/landmarks/islwords/SPARROW/217ee48b08fa.npz,218,30.0,7.267,1.0,1.0,,
f8f3c5a34e49,SPARROW,islwords,video,,islwords:rec:cf25d64b3a4d,C:\ISL\archive\Video_Dataset\Video_Dataset\Sparrow\WIN_20231103_13_01_39_Pro.mp4,data/processed/landmarks/islwords/SPARROW/f8f3c5a34e49.npz,235,30.0,7.833,1.0,1.0,,
fab4e0010073,SPARROW,islwords,video,,islwords:rec:72e03a120cb0,C:\ISL\archive\Video_Dataset\Video_Dataset\Sparrow\WIN_20231103_13_01_49_Pro.mp4,data/processed/landmarks/islwords/SPARROW/fab4e0010073.npz,239,30.0,7.967,1.0,1.0,,
9091fdc71c43,SPARROW,islwords,video,,islwords:rec:0113a1633788,C:\ISL\archive\Video_Dataset\Video_Dataset\Sparrow\WIN_20231103_13_41_59_Pro.mp4,data/processed/landmarks/islwords/SPARROW/9091fdc71c43.npz,212,30.0,7.067,1.0,1.0,,
56cdce06bfb6,SPARROW,islwords,video,,islwords:rec:bd6f649bbb4d,C:\ISL\archive\Video_Dataset\Video_Dataset\Sparrow\WIN_20231103_13_42_09_Pro.mp4,data/processed/landmarks/islwords/SPARROW/56cdce06bfb6.npz,209,30.0,6.967,1.0,1.0,,
b77f82bb1a5b,SPARROW,islwords,video,,islwords:rec:de1a63774794,C:\ISL\archive\Video_Dataset\Video_Dataset\Sparrow\WIN_20231103_13_42_17_Pro.mp4,data/processed/landmarks/islwords/SPARROW/b77f82bb1a5b.npz,201,30.0,6.7,1.0,1.0,,
d5fad02eff8c,SPARROW,islwords,video,,islwords:rec:4e3df8c81bcb,C:\ISL\archive\Video_Dataset\Video_Dataset\Sparrow\WIN_20231103_13_42_26_Pro.mp4,data/processed/landmarks/islwords/SPARROW/d5fad02eff8c.npz,183,30.0,6.1,1.0,1.0,,
648c3feb852d,SPARROW,islwords,video,,islwords:rec:d9f5e53cdce6,C:\ISL\archive\Video_Dataset\Video_Dataset\Sparrow\WIN_20231103_13_42_33_Pro.mp4,data/processed/landmarks/islwords/SPARROW/648c3feb852d.npz,193,30.0,6.433,0.9948,1.0,,
926069de5eff,STILL,islwords,video,,islwords:rec:b617f640cb83,C:\ISL\archive\Video_Dataset\Video_Dataset\Still\WIN_20231014_19_04_36_Pro_Trim - Copy_cropped.mp4,data/processed/landmarks/islwords/STILL/926069de5eff.npz,224,30.0,7.467,1.0,1.0,,
a8eb9de682f8,STILL,islwords,video,,islwords:rec:c596bbc806a5,C:\ISL\archive\Video_Dataset\Video_Dataset\Still\WIN_20231014_19_04_36_Pro_Trim_cropped.mp4,data/processed/landmarks/islwords/STILL/a8eb9de682f8.npz,224,30.0,7.467,1.0,1.0,,
a28e826bcdda,STILL,islwords,video,,islwords:rec:170f59eeae55,C:\ISL\archive\Video_Dataset\Video_Dataset\Still\WIN_20231014_19_04_54_Pro_Trim - Copy_cropped.mp4,data/processed/landmarks/islwords/STILL/a28e826bcdda.npz,212,30.0,7.067,1.0,1.0,,
b0bde89b7002,STILL,islwords,video,,islwords:rec:79ab79b31491,C:\ISL\archive\Video_Dataset\Video_Dataset\Still\WIN_20231014_19_04_54_Pro_Trim_cropped.mp4,data/processed/landmarks/islwords/STILL/b0bde89b7002.npz,212,30.0,7.067,1.0,1.0,,
734f556c5845,STILL,islwords,video,,islwords:rec:958c1813600e,C:\ISL\archive\Video_Dataset\Video_Dataset\Still\WIN_20231014_19_05_10_Pro_Trim - Copy_cropped.mp4,data/processed/landmarks/islwords/STILL/734f556c5845.npz,215,30.0,7.167,1.0,1.0,,
c2230b98cd95,STILL,islwords,video,,islwords:rec:d8b54e2fa4df,C:\ISL\archive\Video_Dataset\Video_Dataset\Still\WIN_20231014_19_05_10_Pro_Trim_cropped.mp4,data/processed/landmarks/islwords/STILL/c2230b98cd95.npz,215,30.0,7.167,1.0,1.0,,
0290c3550404,STILL,islwords,video,,islwords:rec:e72189e4eddf,C:\ISL\archive\Video_Dataset\Video_Dataset\Still\WIN_20231014_19_05_24_Pro_Trim - Copy_cropped.mp4,data/processed/landmarks/islwords/STILL/0290c3550404.npz,238,30.0,7.933,1.0,1.0,,
8f33204d2a70,STILL,islwords,video,,islwords:rec:3b6b752883cd,C:\ISL\archive\Video_Dataset\Video_Dataset\Still\WIN_20231014_19_05_24_Pro_Trim_cropped.mp4,data/processed/landmarks/islwords/STILL/8f33204d2a70.npz,238,30.0,7.933,1.0,1.0,,
f3c918bfafdc,STILL,islwords,video,,islwords:rec:2e292ebfaf4d,C:\ISL\archive\Video_Dataset\Video_Dataset\Still\WIN_20231014_19_05_39_Pro_Trim - Copy_cropped.mp4,data/processed/landmarks/islwords/STILL/f3c918bfafdc.npz,213,30.0,7.1,1.0,1.0,,
49b32dad8bc6,STILL,islwords,video,,islwords:rec:9e821847a942,C:\ISL\archive\Video_Dataset\Video_Dataset\Still\WIN_20231014_19_05_39_Pro_Trim_cropped.mp4,data/processed/landmarks/islwords/STILL/49b32dad8bc6.npz,213,30.0,7.1,1.0,1.0,,
794579b34a4e,SWITCH,islwords,video,,islwords:rec:6851164a1cb6,C:\ISL\archive\Video_Dataset\Video_Dataset\Switch\WIN_20230901_09_08_23_Pro.mp4,data/processed/landmarks/islwords/SWITCH/794579b34a4e.npz,131,30.0,4.367,1.0,1.0,,
681a7bfabb84,SWITCH,islwords,video,,islwords:rec:23f50d79c9b1,C:\ISL\archive\Video_Dataset\Video_Dataset\Switch\WIN_20230901_09_08_32_Pro.mp4,data/processed/landmarks/islwords/SWITCH/681a7bfabb84.npz,125,30.0,4.167,1.0,1.0,,
470998924982,SWITCH,islwords,video,,islwords:rec:fcf52a5e3685,C:\ISL\archive\Video_Dataset\Video_Dataset\Switch\WIN_20230901_09_08_39_Pro.mp4,data/processed/landmarks/islwords/SWITCH/470998924982.npz,90,30.0,3.0,1.0,1.0,,
8f5aab5f60c2,SWITCH,islwords,video,,islwords:rec:ef9a77e8f010,C:\ISL\archive\Video_Dataset\Video_Dataset\Switch\WIN_20230901_09_09_21_Pro.mp4,data/processed/landmarks/islwords/SWITCH/8f5aab5f60c2.npz,123,30.0,4.1,1.0,1.0,,
90c0db1469b2,SWITCH,islwords,video,,islwords:rec:c8ea2e880724,C:\ISL\archive\Video_Dataset\Video_Dataset\Switch\WIN_20230901_09_09_27_Pro.mp4,data/processed/landmarks/islwords/SWITCH/90c0db1469b2.npz,129,30.0,4.3,1.0,1.0,,
692fafeace99,SWITCH,islwords,video,,islwords:rec:b0c4983c2f34,C:\ISL\archive\Video_Dataset\Video_Dataset\Switch\WIN_20230901_09_09_53_Pro.mp4,data/processed/landmarks/islwords/SWITCH/692fafeace99.npz,108,30.0,3.6,1.0,1.0,,
36afd004ba8b,SWITCH,islwords,video,,islwords:rec:4ca47f9086c3,C:\ISL\archive\Video_Dataset\Video_Dataset\Switch\WIN_20230901_09_10_08_Pro.mp4,data/processed/landmarks/islwords/SWITCH/36afd004ba8b.npz,136,30.0,4.533,1.0,1.0,,
9ba8ddec25f9,SWITCH,islwords,video,,islwords:rec:bd135545cf0f,C:\ISL\archive\Video_Dataset\Video_Dataset\Switch\WIN_20230901_09_10_21_Pro.mp4,data/processed/landmarks/islwords/SWITCH/9ba8ddec25f9.npz,125,30.0,4.167,1.0,1.0,,
481e8297608e,SWITCH,islwords,video,,islwords:rec:603a3c74bbff,C:\ISL\archive\Video_Dataset\Video_Dataset\Switch\WIN_20230901_09_10_29_Pro.mp4,data/processed/landmarks/islwords/SWITCH/481e8297608e.npz,128,30.0,4.267,1.0,1.0,,
651c334d002f,SWITCH,islwords,video,,islwords:rec:4dee33bd455a,C:\ISL\archive\Video_Dataset\Video_Dataset\Switch\WIN_20230901_09_10_36_Pro.mp4,data/processed/landmarks/islwords/SWITCH/651c334d002f.npz,138,30.0,4.6,1.0,1.0,,
7b2e5b6377e9,SWITCH,islwords,video,,islwords:rec:be97b8cf3f0e,C:\ISL\archive\Video_Dataset\Video_Dataset\Switch\WIN_20230901_09_12_44_Pro.mp4,data/processed/landmarks/islwords/SWITCH/7b2e5b6377e9.npz,184,30.0,6.133,1.0,1.0,,
f34082b17d94,SWITCH,islwords,video,,islwords:rec:2ebdd4ce16e5,C:\ISL\archive\Video_Dataset\Video_Dataset\Switch\WIN_20230901_09_12_53_Pro.mp4,data/processed/landmarks/islwords/SWITCH/f34082b17d94.npz,171,30.0,5.7,1.0,1.0,,
d3419bf64851,SWITCH,islwords,video,,islwords:rec:6bb856ce6f0d,C:\ISL\archive\Video_Dataset\Video_Dataset\Switch\WIN_20230901_09_13_02_Pro.mp4,data/processed/landmarks/islwords/SWITCH/d3419bf64851.npz,210,30.0,7.0,1.0,1.0,,
86652c38effc,SWITCH,islwords,video,,islwords:rec:0510b2867b03,C:\ISL\archive\Video_Dataset\Video_Dataset\Switch\WIN_20230901_09_13_10_Pro.mp4,data/processed/landmarks/islwords/SWITCH/86652c38effc.npz,202,30.0,6.733,1.0,1.0,,
9e75669a1415,SWITCH,islwords,video,,islwords:rec:c958ea3786f1,C:\ISL\archive\Video_Dataset\Video_Dataset\Switch\WIN_20230901_09_13_21_Pro.mp4,data/processed/landmarks/islwords/SWITCH/9e75669a1415.npz,153,30.0,5.1,1.0,1.0,,
3579058ed36b,SWITCH,islwords,video,,islwords:rec:9eb5deb1b9cf,C:\ISL\archive\Video_Dataset\Video_Dataset\Switch\WIN_20230927_07_44_35_Pro_Trim_cropped.mp4,data/processed/landmarks/islwords/SWITCH/3579058ed36b.npz,159,30.0,5.3,1.0,1.0,,
db04b47d5ffb,SWITCH,islwords,video,,islwords:rec:f274dcd1cf50,C:\ISL\archive\Video_Dataset\Video_Dataset\Switch\WIN_20230927_07_44_58_Pro_Trim_cropped.mp4,data/processed/landmarks/islwords/SWITCH/db04b47d5ffb.npz,116,30.0,3.867,1.0,1.0,,
211ca2520f50,SWITCH,islwords,video,,islwords:rec:47893085b6dd,C:\ISL\archive\Video_Dataset\Video_Dataset\Switch\WIN_20230927_07_45_07_Pro_Trim_cropped.mp4,data/processed/landmarks/islwords/SWITCH/211ca2520f50.npz,124,30.0,4.133,1.0,1.0,,
ada538992c9c,SWITCH,islwords,video,,islwords:rec:c036fb04b70b,C:\ISL\archive\Video_Dataset\Video_Dataset\Switch\WIN_20230927_07_45_17_Pro_Trim_cropped.mp4,data/processed/landmarks/islwords/SWITCH/ada538992c9c.npz,133,30.0,4.433,1.0,1.0,,
c47101ef00bd,SWITCH,islwords,video,,islwords:rec:a4b373afc9b2,C:\ISL\archive\Video_Dataset\Video_Dataset\Switch\WIN_20230927_07_45_28_Pro_Trim_cropped.mp4,data/processed/landmarks/islwords/SWITCH/c47101ef00bd.npz,117,30.0,3.9,1.0,1.0,,
6a5a54d4c7f1,TEA,islwords,video,,islwords:rec:327f4396b375,C:\ISL\archive\Video_Dataset\Video_Dataset\Tea\WIN_20230831_12_01_07_Pro.mp4,data/processed/landmarks/islwords/TEA/6a5a54d4c7f1.npz,253,30.0,8.433,1.0,1.0,,
b09f489b536a,TEA,islwords,video,,islwords:rec:50e41aa5716c,C:\ISL\archive\Video_Dataset\Video_Dataset\Tea\WIN_20230831_12_02_10_Pro.mp4,data/processed/landmarks/islwords/TEA/b09f489b536a.npz,223,30.0,7.433,1.0,1.0,,
ede0b7914a11,TEA,islwords,video,,islwords:rec:92abe29e6400,C:\ISL\archive\Video_Dataset\Video_Dataset\Tea\WIN_20230831_12_02_47_Pro.mp4,data/processed/landmarks/islwords/TEA/ede0b7914a11.npz,192,30.0,6.4,1.0,1.0,,
7a097066fba0,TEA,islwords,video,,islwords:rec:3c1c4fb97851,C:\ISL\archive\Video_Dataset\Video_Dataset\Tea\WIN_20230831_12_03_04_Pro.mp4,data/processed/landmarks/islwords/TEA/7a097066fba0.npz,234,30.0,7.8,1.0,1.0,,
2bc9197d083e,TEA,islwords,video,,islwords:rec:8036afe39695,C:\ISL\archive\Video_Dataset\Video_Dataset\Tea\WIN_20230831_12_03_16_Pro.mp4,data/processed/landmarks/islwords/TEA/2bc9197d083e.npz,183,30.0,6.1,1.0,1.0,,
4afe62c569a8,TEA,islwords,video,,islwords:rec:c6d356e3dbee,C:\ISL\archive\Video_Dataset\Video_Dataset\Tea\WIN_20230831_12_03_54_Pro.mp4,data/processed/landmarks/islwords/TEA/4afe62c569a8.npz,216,30.0,7.2,1.0,1.0,,
c777471e7542,TEA,islwords,video,,islwords:rec:ab7e70391caa,C:\ISL\archive\Video_Dataset\Video_Dataset\Tea\WIN_20230831_12_04_12_Pro.mp4,data/processed/landmarks/islwords/TEA/c777471e7542.npz,187,30.0,6.233,1.0,1.0,,
b8536a68ba60,TEA,islwords,video,,islwords:rec:c7b2bbedd0f7,C:\ISL\archive\Video_Dataset\Video_Dataset\Tea\WIN_20230831_12_04_20_Pro.mp4,data/processed/landmarks/islwords/TEA/b8536a68ba60.npz,191,30.0,6.367,1.0,1.0,,
7586207698d5,TEA,islwords,video,,islwords:rec:511324f9e2f2,C:\ISL\archive\Video_Dataset\Video_Dataset\Tea\WIN_20230831_12_04_36_Pro.mp4,data/processed/landmarks/islwords/TEA/7586207698d5.npz,221,30.0,7.367,1.0,1.0,,
dd705c07e050,TEA,islwords,video,,islwords:rec:890e4490ea0e,C:\ISL\archive\Video_Dataset\Video_Dataset\Tea\WIN_20230831_12_04_48_Pro.mp4,data/processed/landmarks/islwords/TEA/dd705c07e050.npz,197,30.0,6.567,1.0,1.0,,
e2f8c3899847,TEA,islwords,video,,islwords:rec:2733c75beb5c,C:\ISL\archive\Video_Dataset\Video_Dataset\Tea\WIN_20230831_12_05_38_Pro.mp4,data/processed/landmarks/islwords/TEA/e2f8c3899847.npz,253,30.0,8.433,1.0,1.0,,
692ba734ecd6,TEA,islwords,video,,islwords:rec:1e6e4f9de206,C:\ISL\archive\Video_Dataset\Video_Dataset\Tea\WIN_20230831_12_05_52_Pro.mp4,data/processed/landmarks/islwords/TEA/692ba734ecd6.npz,348,30.0,11.6,1.0,1.0,,
f767c17fcfd0,TEA,islwords,video,,islwords:rec:36f8a52a20ac,C:\ISL\archive\Video_Dataset\Video_Dataset\Tea\WIN_20230831_12_06_16_Pro.mp4,data/processed/landmarks/islwords/TEA/f767c17fcfd0.npz,361,30.0,12.033,1.0,1.0,,
f1f4f37f12c6,TEA,islwords,video,,islwords:rec:bfd8dae4c45a,C:\ISL\archive\Video_Dataset\Video_Dataset\Tea\WIN_20230831_12_06_37_Pro.mp4,data/processed/landmarks/islwords/TEA/f1f4f37f12c6.npz,242,30.0,8.067,1.0,1.0,,
d3e56580b38f,TEA,islwords,video,,islwords:rec:441a103ba5c4,C:\ISL\archive\Video_Dataset\Video_Dataset\Tea\WIN_20230831_12_06_49_Pro.mp4,data/processed/landmarks/islwords/TEA/d3e56580b38f.npz,266,30.0,8.867,1.0,1.0,,
82c3cdd6d6a9,TEA,islwords,video,,islwords:rec:642df7c4a86b,C:\ISL\archive\Video_Dataset\Video_Dataset\Tea\WIN_20230927_07_46_25_Pro_Trim_cropped.mp4,data/processed/landmarks/islwords/TEA/82c3cdd6d6a9.npz,237,30.0,7.9,1.0,1.0,,
1e369cc4eb89,TEA,islwords,video,,islwords:rec:1df227fb67dc,C:\ISL\archive\Video_Dataset\Video_Dataset\Tea\WIN_20230927_07_46_41_Pro_Trim_cropped.mp4,data/processed/landmarks/islwords/TEA/1e369cc4eb89.npz,197,30.0,6.567,1.0,1.0,,
63e85ccf9c65,TEA,islwords,video,,islwords:rec:2959f7b202b2,C:\ISL\archive\Video_Dataset\Video_Dataset\Tea\WIN_20230927_07_46_55_Pro_Trim_cropped.mp4,data/processed/landmarks/islwords/TEA/63e85ccf9c65.npz,205,30.0,6.833,1.0,1.0,,
c076dd721ff8,TEA,islwords,video,,islwords:rec:3756de8eaffb,C:\ISL\archive\Video_Dataset\Video_Dataset\Tea\WIN_20230927_07_47_09_Pro_Trim_cropped.mp4,data/processed/landmarks/islwords/TEA/c076dd721ff8.npz,191,30.0,6.367,1.0,1.0,,
56c67e0855b8,TEA,islwords,video,,islwords:rec:d987a867f3d7,C:\ISL\archive\Video_Dataset\Video_Dataset\Tea\WIN_20230927_07_47_22_Pro_Trim_cropped.mp4,data/processed/landmarks/islwords/TEA/56c67e0855b8.npz,140,30.0,4.667,1.0,1.0,,
d5d744b5f20b,TEMPLE,islwords,video,,islwords:rec:551a5d425290,C:\ISL\archive\Video_Dataset\Video_Dataset\Temple\WIN_20230831_12_12_59_Pro.mp4,data/processed/landmarks/islwords/TEMPLE/d5d744b5f20b.npz,240,30.0,8.0,0.8417,1.0,,
9fc0d813a400,TEMPLE,islwords,video,,islwords:rec:5e55f036aa2a,C:\ISL\archive\Video_Dataset\Video_Dataset\Temple\WIN_20230831_12_13_10_Pro.mp4,data/processed/landmarks/islwords/TEMPLE/9fc0d813a400.npz,244,30.0,8.133,0.9467,1.0,,
57dff615415f,TEMPLE,islwords,video,,islwords:rec:c76beee5c5be,C:\ISL\archive\Video_Dataset\Video_Dataset\Temple\WIN_20230831_12_14_54_Pro.mp4,data/processed/landmarks/islwords/TEMPLE/57dff615415f.npz,190,30.0,6.333,0.7579,1.0,,
641283d0b747,TEMPLE,islwords,video,,islwords:rec:a3b685b5e94c,C:\ISL\archive\Video_Dataset\Video_Dataset\Temple\WIN_20230831_12_15_06_Pro.mp4,data/processed/landmarks/islwords/TEMPLE/641283d0b747.npz,211,30.0,7.033,0.8341,1.0,,
ce4e643c65c1,TEMPLE,islwords,video,,islwords:rec:218da0355850,C:\ISL\archive\Video_Dataset\Video_Dataset\Temple\WIN_20230831_12_15_19_Pro.mp4,data/processed/landmarks/islwords/TEMPLE/ce4e643c65c1.npz,214,30.0,7.133,0.785,1.0,,
68f06b3e4e3f,TEMPLE,islwords,video,,islwords:rec:f983cc7db4a9,C:\ISL\archive\Video_Dataset\Video_Dataset\Temple\WIN_20230831_12_16_02_Pro.mp4,data/processed/landmarks/islwords/TEMPLE/68f06b3e4e3f.npz,237,30.0,7.9,1.0,1.0,,
d1fefdef2d76,TEMPLE,islwords,video,,islwords:rec:c8cf5feb6444,C:\ISL\archive\Video_Dataset\Video_Dataset\Temple\WIN_20230831_12_16_13_Pro.mp4,data/processed/landmarks/islwords/TEMPLE/d1fefdef2d76.npz,229,30.0,7.633,1.0,1.0,,
7ebb4c9d28bc,TEMPLE,islwords,video,,islwords:rec:4090d17ae4ab,C:\ISL\archive\Video_Dataset\Video_Dataset\Temple\WIN_20230831_12_16_23_Pro.mp4,data/processed/landmarks/islwords/TEMPLE/7ebb4c9d28bc.npz,248,30.0,8.267,1.0,1.0,,
b0e3754756b6,TEMPLE,islwords,video,,islwords:rec:9b1fde24d9cb,C:\ISL\archive\Video_Dataset\Video_Dataset\Temple\WIN_20230831_12_16_35_Pro.mp4,data/processed/landmarks/islwords/TEMPLE/b0e3754756b6.npz,208,30.0,6.933,1.0,1.0,,
5d2b20c8f5b5,TEMPLE,islwords,video,,islwords:rec:fac814ae05b3,C:\ISL\archive\Video_Dataset\Video_Dataset\Temple\WIN_20230831_12_16_47_Pro.mp4,data/processed/landmarks/islwords/TEMPLE/5d2b20c8f5b5.npz,209,30.0,6.967,1.0,1.0,,
acffc998fef1,TEMPLE,islwords,video,,islwords:rec:b168ec6f4649,C:\ISL\archive\Video_Dataset\Video_Dataset\Temple\WIN_20230831_12_19_41_Pro.mp4,data/processed/landmarks/islwords/TEMPLE/acffc998fef1.npz,255,30.0,8.5,1.0,1.0,,
d655232d2adb,TEMPLE,islwords,video,,islwords:rec:6c3e01a3c14a,C:\ISL\archive\Video_Dataset\Video_Dataset\Temple\WIN_20230831_12_19_57_Pro.mp4,data/processed/landmarks/islwords/TEMPLE/d655232d2adb.npz,309,30.0,10.3,1.0,1.0,,
df687cc3bd82,TEMPLE,islwords,video,,islwords:rec:ad119c6990af,C:\ISL\archive\Video_Dataset\Video_Dataset\Temple\WIN_20230831_12_20_13_Pro.mp4,data/processed/landmarks/islwords/TEMPLE/df687cc3bd82.npz,324,30.0,10.8,1.0,1.0,,
6c2c227a1155,TEMPLE,islwords,video,,islwords:rec:edb059d6bb37,C:\ISL\archive\Video_Dataset\Video_Dataset\Temple\WIN_20230831_12_20_27_Pro.mp4,data/processed/landmarks/islwords/TEMPLE/6c2c227a1155.npz,310,30.0,10.333,1.0,1.0,,
09b923cd927d,TEMPLE,islwords,video,,islwords:rec:87bb4378c3f0,C:\ISL\archive\Video_Dataset\Video_Dataset\Temple\WIN_20230831_12_20_43_Pro.mp4,data/processed/landmarks/islwords/TEMPLE/09b923cd927d.npz,299,30.0,9.967,1.0,1.0,,
5502535f3663,TEMPLE,islwords,video,,islwords:rec:5eebf0ef81c3,C:\ISL\archive\Video_Dataset\Video_Dataset\Temple\WIN_20230927_07_48_15_Pro_Trim_cropped.mp4,data/processed/landmarks/islwords/TEMPLE/5502535f3663.npz,228,30.0,7.6,0.9956,1.0,,
c226f8cd2768,TEMPLE,islwords,video,,islwords:rec:6452458d7393,C:\ISL\archive\Video_Dataset\Video_Dataset\Temple\WIN_20230927_07_48_33_Pro_Trim_cropped.mp4,data/processed/landmarks/islwords/TEMPLE/c226f8cd2768.npz,269,30.0,8.967,1.0,1.0,,
5662a121c772,TEMPLE,islwords,video,,islwords:rec:52b0a7ae9beb,C:\ISL\archive\Video_Dataset\Video_Dataset\Temple\WIN_20230927_07_48_48_Pro_Trim_cropped.mp4,data/processed/landmarks/islwords/TEMPLE/5662a121c772.npz,180,30.0,6.0,0.9889,1.0,,
d6ac61e22e13,TEMPLE,islwords,video,,islwords:rec:d08ff574830d,C:\ISL\archive\Video_Dataset\Video_Dataset\Temple\WIN_20230927_07_49_00_Pro_Trim_cropped.mp4,data/processed/landmarks/islwords/TEMPLE/d6ac61e22e13.npz,186,30.0,6.2,0.9946,1.0,,
ff080be33be1,TEMPLE,islwords,video,,islwords:rec:ca677f0da052,C:\ISL\archive\Video_Dataset\Video_Dataset\Temple\WIN_20230927_07_49_12_Pro_Trim_cropped.mp4,data/processed/landmarks/islwords/TEMPLE/ff080be33be1.npz,182,30.0,6.067,0.9945,1.0,,
1451db738296,THANK_YOU,islwords,video,,islwords:rec:cb237cf7cc42,C:\ISL\archive\Video_Dataset\Video_Dataset\Thank you\WIN_20231103_13_12_51_Pro.mp4,data/processed/landmarks/islwords/THANK_YOU/1451db738296.npz,113,30.0,3.767,1.0,1.0,,
f57f33115407,THANK_YOU,islwords,video,,islwords:rec:8f50ea223d43,C:\ISL\archive\Video_Dataset\Video_Dataset\Thank you\WIN_20231103_13_13_18_Pro.mp4,data/processed/landmarks/islwords/THANK_YOU/f57f33115407.npz,126,30.0,4.2,1.0,1.0,,
155b60a5e878,THANK_YOU,islwords,video,,islwords:rec:5f2a6933ca18,C:\ISL\archive\Video_Dataset\Video_Dataset\Thank you\WIN_20231103_13_13_25_Pro.mp4,data/processed/landmarks/islwords/THANK_YOU/155b60a5e878.npz,117,30.0,3.9,1.0,1.0,,
218d34396780,THANK_YOU,islwords,video,,islwords:rec:73cbc8bcded2,C:\ISL\archive\Video_Dataset\Video_Dataset\Thank you\WIN_20231103_13_13_31_Pro.mp4,data/processed/landmarks/islwords/THANK_YOU/218d34396780.npz,113,30.0,3.767,1.0,1.0,,
2fd65ea61f6b,THANK_YOU,islwords,video,,islwords:rec:a8bc04bd01a2,C:\ISL\archive\Video_Dataset\Video_Dataset\Thank you\WIN_20231103_13_13_36_Pro.mp4,data/processed/landmarks/islwords/THANK_YOU/2fd65ea61f6b.npz,113,30.0,3.767,1.0,1.0,,
364da6f508a7,THANK_YOU,islwords,video,,islwords:rec:16952d03c048,C:\ISL\archive\Video_Dataset\Video_Dataset\Thank you\WIN_20231103_13_13_58_Pro.mp4,data/processed/landmarks/islwords/THANK_YOU/364da6f508a7.npz,130,30.0,4.333,1.0,1.0,,
b5f0c041783c,THANK_YOU,islwords,video,,islwords:rec:895598b4b166,C:\ISL\archive\Video_Dataset\Video_Dataset\Thank you\WIN_20231103_13_14_04_Pro.mp4,data/processed/landmarks/islwords/THANK_YOU/b5f0c041783c.npz,123,30.0,4.1,1.0,1.0,,
4e74d90e30c3,THANK_YOU,islwords,video,,islwords:rec:ff75c89f1aac,C:\ISL\archive\Video_Dataset\Video_Dataset\Thank you\WIN_20231103_13_14_09_Pro.mp4,data/processed/landmarks/islwords/THANK_YOU/4e74d90e30c3.npz,132,30.0,4.4,1.0,1.0,,
fe916b79cc6f,THANK_YOU,islwords,video,,islwords:rec:753a04bfe373,C:\ISL\archive\Video_Dataset\Video_Dataset\Thank you\WIN_20231103_13_14_15_Pro.mp4,data/processed/landmarks/islwords/THANK_YOU/fe916b79cc6f.npz,147,30.0,4.9,1.0,1.0,,
14662ab29097,THANK_YOU,islwords,video,,islwords:rec:6cbd9b9061a8,C:\ISL\archive\Video_Dataset\Video_Dataset\Thank you\WIN_20231103_13_14_23_Pro.mp4,data/processed/landmarks/islwords/THANK_YOU/14662ab29097.npz,142,30.0,4.733,1.0,1.0,,
81c343b88873,THANK_YOU,islwords,video,,islwords:rec:ab2c4c9df63b,C:\ISL\archive\Video_Dataset\Video_Dataset\Thank you\WIN_20231103_13_14_54_Pro.mp4,data/processed/landmarks/islwords/THANK_YOU/81c343b88873.npz,124,30.0,4.133,1.0,1.0,,
e69929014142,THANK_YOU,islwords,video,,islwords:rec:71e11c5e2edb,C:\ISL\archive\Video_Dataset\Video_Dataset\Thank you\WIN_20231103_13_15_00_Pro.mp4,data/processed/landmarks/islwords/THANK_YOU/e69929014142.npz,121,30.0,4.033,1.0,1.0,,
6bccb38e4cef,THANK_YOU,islwords,video,,islwords:rec:bfdb9fa71208,C:\ISL\archive\Video_Dataset\Video_Dataset\Thank you\WIN_20231103_13_15_06_Pro.mp4,data/processed/landmarks/islwords/THANK_YOU/6bccb38e4cef.npz,128,30.0,4.267,1.0,1.0,,
4013599e079e,THANK_YOU,islwords,video,,islwords:rec:f3cdf780964c,C:\ISL\archive\Video_Dataset\Video_Dataset\Thank you\WIN_20231103_13_15_23_Pro.mp4,data/processed/landmarks/islwords/THANK_YOU/4013599e079e.npz,117,30.0,3.9,1.0,1.0,,
48752375a3bf,THANK_YOU,islwords,video,,islwords:rec:613d451115a4,C:\ISL\archive\Video_Dataset\Video_Dataset\Thank you\WIN_20231103_13_16_09_Pro.mp4,data/processed/landmarks/islwords/THANK_YOU/48752375a3bf.npz,109,30.0,3.633,1.0,1.0,,
b85101e962f8,THANK_YOU,islwords,video,,islwords:rec:e0ea911729c6,C:\ISL\archive\Video_Dataset\Video_Dataset\Thank you\WIN_20231103_13_47_41_Pro.mp4,data/processed/landmarks/islwords/THANK_YOU/b85101e962f8.npz,144,30.0,4.8,1.0,1.0,,
bf073469fdb8,THANK_YOU,islwords,video,,islwords:rec:f702138a1538,C:\ISL\archive\Video_Dataset\Video_Dataset\Thank you\WIN_20231103_13_47_48_Pro.mp4,data/processed/landmarks/islwords/THANK_YOU/bf073469fdb8.npz,140,30.0,4.667,1.0,1.0,,
2ae512e6a12b,THANK_YOU,islwords,video,,islwords:rec:805078540d48,C:\ISL\archive\Video_Dataset\Video_Dataset\Thank you\WIN_20231103_13_47_54_Pro.mp4,data/processed/landmarks/islwords/THANK_YOU/2ae512e6a12b.npz,150,30.0,5.0,1.0,1.0,,
41b04eed7781,THANK_YOU,islwords,video,,islwords:rec:eb7dc79d1200,C:\ISL\archive\Video_Dataset\Video_Dataset\Thank you\WIN_20231103_13_48_28_Pro.mp4,data/processed/landmarks/islwords/THANK_YOU/41b04eed7781.npz,144,30.0,4.8,1.0,1.0,,
fb7a73a51aa7,THANK_YOU,islwords,video,,islwords:rec:c07993380c20,C:\ISL\archive\Video_Dataset\Video_Dataset\Thank you\WIN_20231103_13_48_35_Pro.mp4,data/processed/landmarks/islwords/THANK_YOU/fb7a73a51aa7.npz,128,30.0,4.267,1.0,1.0,,
6adf97bad8d1,TIGER,islwords,video,,islwords:rec:9537ac8f46a3,C:\ISL\archive\Video_Dataset\Video_Dataset\Tiger\WIN_20231102_13_18_43_Pro.mp4,data/processed/landmarks/islwords/TIGER/6adf97bad8d1.npz,190,30.0,6.333,1.0,1.0,,
c8a7b949a99f,TIGER,islwords,video,,islwords:rec:c3eb5630821c,C:\ISL\archive\Video_Dataset\Video_Dataset\Tiger\WIN_20231102_13_18_52_Pro.mp4,data/processed/landmarks/islwords/TIGER/c8a7b949a99f.npz,200,30.0,6.667,1.0,1.0,,
aff9657a07ce,TIGER,islwords,video,,islwords:rec:5f769d8f7a38,C:\ISL\archive\Video_Dataset\Video_Dataset\Tiger\WIN_20231102_13_19_00_Pro.mp4,data/processed/landmarks/islwords/TIGER/aff9657a07ce.npz,202,30.0,6.733,1.0,1.0,,
c01d7267e879,TIGER,islwords,video,,islwords:rec:c319fda61331,C:\ISL\archive\Video_Dataset\Video_Dataset\Tiger\WIN_20231102_13_19_15_Pro.mp4,data/processed/landmarks/islwords/TIGER/c01d7267e879.npz,206,30.0,6.867,1.0,1.0,,
f1585619caad,TIGER,islwords,video,,islwords:rec:b5b3b17c422d,C:\ISL\archive\Video_Dataset\Video_Dataset\Tiger\WIN_20231102_13_19_24_Pro.mp4,data/processed/landmarks/islwords/TIGER/f1585619caad.npz,215,30.0,7.167,1.0,1.0,,
911205e855db,TIGER,islwords,video,,islwords:rec:cda23db133a6,C:\ISL\archive\Video_Dataset\Video_Dataset\Tiger\WIN_20231102_13_20_40_Pro.mp4,data/processed/landmarks/islwords/TIGER/911205e855db.npz,169,30.0,5.633,1.0,1.0,,
d116a6d46249,TIGER,islwords,video,,islwords:rec:d195a4ba8504,C:\ISL\archive\Video_Dataset\Video_Dataset\Tiger\WIN_20231102_13_20_51_Pro.mp4,data/processed/landmarks/islwords/TIGER/d116a6d46249.npz,147,30.0,4.9,1.0,1.0,,
f7b7f4afcaf5,TIGER,islwords,video,,islwords:rec:f1e9294a1078,C:\ISL\archive\Video_Dataset\Video_Dataset\Tiger\WIN_20231102_13_20_59_Pro.mp4,data/processed/landmarks/islwords/TIGER/f7b7f4afcaf5.npz,167,30.0,5.567,0.994,1.0,,
fdd7c326c5a7,TIGER,islwords,video,,islwords:rec:f8c6952b0e3f,C:\ISL\archive\Video_Dataset\Video_Dataset\Tiger\WIN_20231102_13_21_07_Pro.mp4,data/processed/landmarks/islwords/TIGER/fdd7c326c5a7.npz,164,30.0,5.467,1.0,1.0,,
e7502e5969b2,TIGER,islwords,video,,islwords:rec:57c78fee9e19,C:\ISL\archive\Video_Dataset\Video_Dataset\Tiger\WIN_20231102_13_21_14_Pro.mp4,data/processed/landmarks/islwords/TIGER/e7502e5969b2.npz,167,30.0,5.567,1.0,1.0,,
21d2d07a3fd2,TIGER,islwords,video,,islwords:rec:c6b16a41638b,C:\ISL\archive\Video_Dataset\Video_Dataset\Tiger\WIN_20231102_13_21_34_Pro.mp4,data/processed/landmarks/islwords/TIGER/21d2d07a3fd2.npz,171,30.0,5.7,1.0,1.0,,
5f7afdadd4b8,TIGER,islwords,video,,islwords:rec:0f6bdb1c3996,C:\ISL\archive\Video_Dataset\Video_Dataset\Tiger\WIN_20231102_13_21_42_Pro.mp4,data/processed/landmarks/islwords/TIGER/5f7afdadd4b8.npz,188,30.0,6.267,1.0,1.0,,
42055afb950a,TIGER,islwords,video,,islwords:rec:6ca61d7d3281,C:\ISL\archive\Video_Dataset\Video_Dataset\Tiger\WIN_20231102_13_21_50_Pro.mp4,data/processed/landmarks/islwords/TIGER/42055afb950a.npz,213,30.0,7.1,1.0,1.0,,
5fd8371acf52,TIGER,islwords,video,,islwords:rec:416e68600f4f,C:\ISL\archive\Video_Dataset\Video_Dataset\Tiger\WIN_20231102_13_22_28_Pro.mp4,data/processed/landmarks/islwords/TIGER/5fd8371acf52.npz,190,30.0,6.333,1.0,1.0,,
eb95286a21fd,TIGER,islwords,video,,islwords:rec:9f0ec63a0bae,C:\ISL\archive\Video_Dataset\Video_Dataset\Tiger\WIN_20231102_13_22_36_Pro.mp4,data/processed/landmarks/islwords/TIGER/eb95286a21fd.npz,192,30.0,6.4,1.0,1.0,,
552a797eef89,TIGER,islwords,video,,islwords:rec:07973a0c3fc7,C:\ISL\archive\Video_Dataset\Video_Dataset\Tiger\WIN_20231102_13_55_22_Pro.mp4,data/processed/landmarks/islwords/TIGER/552a797eef89.npz,155,30.0,5.167,1.0,1.0,,
55924e89e431,TIGER,islwords,video,,islwords:rec:82132c4bf5a6,C:\ISL\archive\Video_Dataset\Video_Dataset\Tiger\WIN_20231102_13_55_45_Pro.mp4,data/processed/landmarks/islwords/TIGER/55924e89e431.npz,162,30.0,5.4,1.0,1.0,,
a9cca340464d,TIGER,islwords,video,,islwords:rec:b8023d5484fb,C:\ISL\archive\Video_Dataset\Video_Dataset\Tiger\WIN_20231102_13_55_52_Pro.mp4,data/processed/landmarks/islwords/TIGER/a9cca340464d.npz,169,30.0,5.633,1.0,1.0,,
608617f42db1,TIGER,islwords,video,,islwords:rec:eae2f3e66ef0,C:\ISL\archive\Video_Dataset\Video_Dataset\Tiger\WIN_20231102_13_56_01_Pro.mp4,data/processed/landmarks/islwords/TIGER/608617f42db1.npz,153,30.0,5.1,1.0,1.0,,
d8d9495a1f31,TIGER,islwords,video,,islwords:rec:72402e5dd3c5,C:\ISL\archive\Video_Dataset\Video_Dataset\Tiger\WIN_20231102_13_56_08_Pro.mp4,data/processed/landmarks/islwords/TIGER/d8d9495a1f31.npz,158,30.0,5.267,1.0,1.0,,
0d2ff2ab6dd4,TURTLE,islwords,video,,islwords:rec:15b6992e75b7,C:\ISL\archive\Video_Dataset\Video_Dataset\Turtle\WIN_20231102_13_23_44_Pro.mp4,data/processed/landmarks/islwords/TURTLE/0d2ff2ab6dd4.npz,172,30.0,5.733,1.0,1.0,,
704f2ac7cddc,TURTLE,islwords,video,,islwords:rec:8b7bda7399fa,C:\ISL\archive\Video_Dataset\Video_Dataset\Turtle\WIN_20231102_13_23_53_Pro.mp4,data/processed/landmarks/islwords/TURTLE/704f2ac7cddc.npz,170,30.0,5.667,1.0,1.0,,
7d5580c23b88,TURTLE,islwords,video,,islwords:rec:7e895aa28ec3,C:\ISL\archive\Video_Dataset\Video_Dataset\Turtle\WIN_20231102_13_24_00_Pro.mp4,data/processed/landmarks/islwords/TURTLE/7d5580c23b88.npz,181,30.0,6.033,1.0,1.0,,
c23f97ee02c2,TURTLE,islwords,video,,islwords:rec:a447c57916f3,C:\ISL\archive\Video_Dataset\Video_Dataset\Turtle\WIN_20231102_13_24_08_Pro.mp4,data/processed/landmarks/islwords/TURTLE/c23f97ee02c2.npz,202,30.0,6.733,1.0,1.0,,
9b32ea2bd9e0,TURTLE,islwords,video,,islwords:rec:1fd9157ea292,C:\ISL\archive\Video_Dataset\Video_Dataset\Turtle\WIN_20231102_13_24_17_Pro.mp4,data/processed/landmarks/islwords/TURTLE/9b32ea2bd9e0.npz,176,30.0,5.867,1.0,1.0,,
d0bd00842aa7,TURTLE,islwords,video,,islwords:rec:9e1bc0b0bce6,C:\ISL\archive\Video_Dataset\Video_Dataset\Turtle\WIN_20231102_13_25_27_Pro.mp4,data/processed/landmarks/islwords/TURTLE/d0bd00842aa7.npz,169,30.0,5.633,1.0,1.0,,
c8a168fccb96,TURTLE,islwords,video,,islwords:rec:1c6ea2ef8e91,C:\ISL\archive\Video_Dataset\Video_Dataset\Turtle\WIN_20231102_13_25_35_Pro.mp4,data/processed/landmarks/islwords/TURTLE/c8a168fccb96.npz,150,30.0,5.0,1.0,1.0,,
129b219ea886,TURTLE,islwords,video,,islwords:rec:840acfc1cfb8,C:\ISL\archive\Video_Dataset\Video_Dataset\Turtle\WIN_20231102_13_25_42_Pro.mp4,data/processed/landmarks/islwords/TURTLE/129b219ea886.npz,161,30.0,5.367,1.0,1.0,,
ab2877a7fd51,TURTLE,islwords,video,,islwords:rec:0d09608daedd,C:\ISL\archive\Video_Dataset\Video_Dataset\Turtle\WIN_20231102_13_25_49_Pro.mp4,data/processed/landmarks/islwords/TURTLE/ab2877a7fd51.npz,159,30.0,5.3,1.0,1.0,,
a3939c25a74f,TURTLE,islwords,video,,islwords:rec:f761d6210690,C:\ISL\archive\Video_Dataset\Video_Dataset\Turtle\WIN_20231102_13_25_56_Pro.mp4,data/processed/landmarks/islwords/TURTLE/a3939c25a74f.npz,169,30.0,5.633,1.0,1.0,,
052de42c5de2,TURTLE,islwords,video,,islwords:rec:630bba21a128,C:\ISL\archive\Video_Dataset\Video_Dataset\Turtle\WIN_20231102_13_27_47_Pro.mp4,data/processed/landmarks/islwords/TURTLE/052de42c5de2.npz,189,30.0,6.3,1.0,1.0,,
2369c995d01f,TURTLE,islwords,video,,islwords:rec:762f91e796fb,C:\ISL\archive\Video_Dataset\Video_Dataset\Turtle\WIN_20231102_13_27_56_Pro.mp4,data/processed/landmarks/islwords/TURTLE/2369c995d01f.npz,209,30.0,6.967,1.0,1.0,,
b61b8ad24f92,TURTLE,islwords,video,,islwords:rec:ba2cf3ae55f4,C:\ISL\archive\Video_Dataset\Video_Dataset\Turtle\WIN_20231102_13_28_05_Pro.mp4,data/processed/landmarks/islwords/TURTLE/b61b8ad24f92.npz,194,30.0,6.467,1.0,1.0,,
a2891b87e8c9,TURTLE,islwords,video,,islwords:rec:af09ba595801,C:\ISL\archive\Video_Dataset\Video_Dataset\Turtle\WIN_20231102_13_28_13_Pro.mp4,data/processed/landmarks/islwords/TURTLE/a2891b87e8c9.npz,211,30.0,7.033,1.0,1.0,,
036ec695d6d1,TURTLE,islwords,video,,islwords:rec:7ea1d173a7be,C:\ISL\archive\Video_Dataset\Video_Dataset\Turtle\WIN_20231102_13_28_22_Pro.mp4,data/processed/landmarks/islwords/TURTLE/036ec695d6d1.npz,226,30.0,7.533,1.0,1.0,,
0abd02b4ea6d,TURTLE,islwords,video,,islwords:rec:b5e49421dddb,C:\ISL\archive\Video_Dataset\Video_Dataset\Turtle\WIN_20231102_13_57_27_Pro.mp4,data/processed/landmarks/islwords/TURTLE/0abd02b4ea6d.npz,151,30.0,5.033,1.0,1.0,,
262f77f76c66,TURTLE,islwords,video,,islwords:rec:e893c129ddfe,C:\ISL\archive\Video_Dataset\Video_Dataset\Turtle\WIN_20231102_13_57_35_Pro.mp4,data/processed/landmarks/islwords/TURTLE/262f77f76c66.npz,178,30.0,5.933,1.0,1.0,,
c51f561b5440,TURTLE,islwords,video,,islwords:rec:2ffd0e256eb0,C:\ISL\archive\Video_Dataset\Video_Dataset\Turtle\WIN_20231102_13_57_44_Pro.mp4,data/processed/landmarks/islwords/TURTLE/c51f561b5440.npz,186,30.0,6.2,1.0,1.0,,
b7b84e076123,TURTLE,islwords,video,,islwords:rec:21811870e63f,C:\ISL\archive\Video_Dataset\Video_Dataset\Turtle\WIN_20231102_13_57_52_Pro.mp4,data/processed/landmarks/islwords/TURTLE/b7b84e076123.npz,171,30.0,5.7,1.0,1.0,,
fe7153c3fea1,TURTLE,islwords,video,,islwords:rec:62062109c0c1,C:\ISL\archive\Video_Dataset\Video_Dataset\Turtle\WIN_20231102_13_58_00_Pro.mp4,data/processed/landmarks/islwords/TURTLE/fe7153c3fea1.npz,169,30.0,5.633,1.0,1.0,,
67b9aa83b0b8,UMBRELLA,islwords,video,,islwords:rec:35fb0556e491,C:\ISL\archive\Video_Dataset\Video_Dataset\Umbrella\WIN_20230831_13_06_19_Pro.mp4,data/processed/landmarks/islwords/UMBRELLA/67b9aa83b0b8.npz,170,30.0,5.667,1.0,1.0,,
4a83442f26d8,UMBRELLA,islwords,video,,islwords:rec:44125eb7a254,C:\ISL\archive\Video_Dataset\Video_Dataset\Umbrella\WIN_20230831_13_06_28_Pro.mp4,data/processed/landmarks/islwords/UMBRELLA/4a83442f26d8.npz,143,30.0,4.767,1.0,1.0,,
e8646788c576,UMBRELLA,islwords,video,,islwords:rec:3edf40f87d78,C:\ISL\archive\Video_Dataset\Video_Dataset\Umbrella\WIN_20230831_13_06_35_Pro.mp4,data/processed/landmarks/islwords/UMBRELLA/e8646788c576.npz,145,30.0,4.833,0.9931,1.0,,
27243df92bbf,UMBRELLA,islwords,video,,islwords:rec:dd04716f2ebc,C:\ISL\archive\Video_Dataset\Video_Dataset\Umbrella\WIN_20230831_13_06_42_Pro.mp4,data/processed/landmarks/islwords/UMBRELLA/27243df92bbf.npz,158,30.0,5.267,1.0,1.0,,
e6d239c4b2b8,UMBRELLA,islwords,video,,islwords:rec:31ffda45d7b9,C:\ISL\archive\Video_Dataset\Video_Dataset\Umbrella\WIN_20230831_13_06_52_Pro.mp4,data/processed/landmarks/islwords/UMBRELLA/e6d239c4b2b8.npz,137,30.0,4.567,1.0,1.0,,
0513c3147e60,UMBRELLA,islwords,video,,islwords:rec:c42454e06e12,C:\ISL\archive\Video_Dataset\Video_Dataset\Umbrella\WIN_20230831_13_07_31_Pro.mp4,data/processed/landmarks/islwords/UMBRELLA/0513c3147e60.npz,159,30.0,5.3,1.0,1.0,,
eaf2ed627f8f,UMBRELLA,islwords,video,,islwords:rec:062ecba313e7,C:\ISL\archive\Video_Dataset\Video_Dataset\Umbrella\WIN_20230831_13_07_39_Pro.mp4,data/processed/landmarks/islwords/UMBRELLA/eaf2ed627f8f.npz,169,30.0,5.633,1.0,1.0,,
7bb133eafe0c,UMBRELLA,islwords,video,,islwords:rec:a759d6412943,C:\ISL\archive\Video_Dataset\Video_Dataset\Umbrella\WIN_20230831_13_07_47_Pro.mp4,data/processed/landmarks/islwords/UMBRELLA/7bb133eafe0c.npz,162,30.0,5.4,1.0,1.0,,
56c2e36b3c7b,UMBRELLA,islwords,video,,islwords:rec:d721b5ceb406,C:\ISL\archive\Video_Dataset\Video_Dataset\Umbrella\WIN_20230831_13_07_54_Pro.mp4,data/processed/landmarks/islwords/UMBRELLA/56c2e36b3c7b.npz,177,30.0,5.9,1.0,1.0,,
ba36f299eec5,UMBRELLA,islwords,video,,islwords:rec:7f15ca2c6ad6,C:\ISL\archive\Video_Dataset\Video_Dataset\Umbrella\WIN_20230831_13_08_03_Pro.mp4,data/processed/landmarks/islwords/UMBRELLA/ba36f299eec5.npz,150,30.0,5.0,0.9933,1.0,,
1cf6ebfda4ea,UMBRELLA,islwords,video,,islwords:rec:efabe7c1950e,C:\ISL\archive\Video_Dataset\Video_Dataset\Umbrella\WIN_20230831_13_09_40_Pro.mp4,data/processed/landmarks/islwords/UMBRELLA/1cf6ebfda4ea.npz,202,30.0,6.733,1.0,1.0,,
aefec8fd6ed4,UMBRELLA,islwords,video,,islwords:rec:0857a21c0f02,C:\ISL\archive\Video_Dataset\Video_Dataset\Umbrella\WIN_20230831_13_09_49_Pro.mp4,data/processed/landmarks/islwords/UMBRELLA/aefec8fd6ed4.npz,209,30.0,6.967,1.0,1.0,,
33729151e1b7,UMBRELLA,islwords,video,,islwords:rec:e7e11f4a14d7,C:\ISL\archive\Video_Dataset\Video_Dataset\Umbrella\WIN_20230831_13_09_58_Pro.mp4,data/processed/landmarks/islwords/UMBRELLA/33729151e1b7.npz,221,30.0,7.367,1.0,1.0,,
e35e943c4535,UMBRELLA,islwords,video,,islwords:rec:491ec54110a1,C:\ISL\archive\Video_Dataset\Video_Dataset\Umbrella\WIN_20230831_13_10_07_Pro.mp4,data/processed/landmarks/islwords/UMBRELLA/e35e943c4535.npz,209,30.0,6.967,1.0,1.0,,
4fb1faa0e765,UMBRELLA,islwords,video,,islwords:rec:fbba8c7ca8fd,C:\ISL\archive\Video_Dataset\Video_Dataset\Umbrella\WIN_20230831_13_10_40_Pro.mp4,data/processed/landmarks/islwords/UMBRELLA/4fb1faa0e765.npz,196,30.0,6.533,1.0,1.0,,
31460cfd0948,UMBRELLA,islwords,video,,islwords:rec:424fb261167b,C:\ISL\archive\Video_Dataset\Video_Dataset\Umbrella\WIN_20230927_07_55_05_Pro_Trim_cropped.mp4,data/processed/landmarks/islwords/UMBRELLA/31460cfd0948.npz,140,30.0,4.667,1.0,1.0,,
c66955263f3a,UMBRELLA,islwords,video,,islwords:rec:347495c9215e,C:\ISL\archive\Video_Dataset\Video_Dataset\Umbrella\WIN_20230927_07_55_16_Pro_Trim_cropped.mp4,data/processed/landmarks/islwords/UMBRELLA/c66955263f3a.npz,144,30.0,4.8,1.0,1.0,,
f4dce729fe23,UMBRELLA,islwords,video,,islwords:rec:819f2026c56f,C:\ISL\archive\Video_Dataset\Video_Dataset\Umbrella\WIN_20230927_07_55_27_Pro_Trim_cropped.mp4,data/processed/landmarks/islwords/UMBRELLA/f4dce729fe23.npz,149,30.0,4.967,1.0,1.0,,
6a64e0049997,UMBRELLA,islwords,video,,islwords:rec:1db2e60996fe,C:\ISL\archive\Video_Dataset\Video_Dataset\Umbrella\WIN_20230927_07_55_41_Pro_Trim_cropped.mp4,data/processed/landmarks/islwords/UMBRELLA/6a64e0049997.npz,143,30.0,4.767,1.0,1.0,,
c92b3b9d9e11,UMBRELLA,islwords,video,,islwords:rec:6d2d5f09ae3d,C:\ISL\archive\Video_Dataset\Video_Dataset\Umbrella\WIN_20230927_07_55_53_Pro_Trim_cropped.mp4,data/processed/landmarks/islwords/UMBRELLA/c92b3b9d9e11.npz,150,30.0,5.0,1.0,1.0,,
1bb8b6ef788f,UNCLE,islwords,video,,islwords:rec:826fe1738a95,C:\ISL\archive\Video_Dataset\Video_Dataset\Uncle\WIN_20230831_12_55_07_Pro.mp4,data/processed/landmarks/islwords/UNCLE/1bb8b6ef788f.npz,170,30.0,5.667,1.0,1.0,,
8ecac7d607a0,UNCLE,islwords,video,,islwords:rec:392c8eb83273,C:\ISL\archive\Video_Dataset\Video_Dataset\Uncle\WIN_20230831_12_55_15_Pro.mp4,data/processed/landmarks/islwords/UNCLE/8ecac7d607a0.npz,151,30.0,5.033,1.0,1.0,,
396eb197356e,UNCLE,islwords,video,,islwords:rec:bec52a3754f9,C:\ISL\archive\Video_Dataset\Video_Dataset\Uncle\WIN_20230831_12_57_06_Pro.mp4,data/processed/landmarks/islwords/UNCLE/396eb197356e.npz,176,30.0,5.867,1.0,1.0,,
98ffd207a701,UNCLE,islwords,video,,islwords:rec:aefa27a5fd35,C:\ISL\archive\Video_Dataset\Video_Dataset\Uncle\WIN_20230831_12_57_13_Pro.mp4,data/processed/landmarks/islwords/UNCLE/98ffd207a701.npz,161,30.0,5.367,1.0,1.0,,
1725f2d26114,UNCLE,islwords,video,,islwords:rec:89faed1e50c4,C:\ISL\archive\Video_Dataset\Video_Dataset\Uncle\WIN_20230831_12_57_20_Pro.mp4,data/processed/landmarks/islwords/UNCLE/1725f2d26114.npz,147,30.0,4.9,1.0,1.0,,
3ef96b27a83e,UNCLE,islwords,video,,islwords:rec:d53cfe07ed21,C:\ISL\archive\Video_Dataset\Video_Dataset\Uncle\WIN_20230831_12_58_05_Pro.mp4,data/processed/landmarks/islwords/UNCLE/3ef96b27a83e.npz,185,30.0,6.167,1.0,1.0,,
2fcfe9ad3523,UNCLE,islwords,video,,islwords:rec:8737c5c4e5ca,C:\ISL\archive\Video_Dataset\Video_Dataset\Uncle\WIN_20230831_12_58_15_Pro.mp4,data/processed/landmarks/islwords/UNCLE/2fcfe9ad3523.npz,188,30.0,6.267,1.0,1.0,,
c19ee3ada792,UNCLE,islwords,video,,islwords:rec:c0758866d4cd,C:\ISL\archive\Video_Dataset\Video_Dataset\Uncle\WIN_20230831_12_58_23_Pro.mp4,data/processed/landmarks/islwords/UNCLE/c19ee3ada792.npz,188,30.0,6.267,1.0,1.0,,
be1e696d249d,UNCLE,islwords,video,,islwords:rec:73c2a2845c53,C:\ISL\archive\Video_Dataset\Video_Dataset\Uncle\WIN_20230831_12_58_32_Pro.mp4,data/processed/landmarks/islwords/UNCLE/be1e696d249d.npz,209,30.0,6.967,1.0,1.0,,
27780e18fa5c,UNCLE,islwords,video,,islwords:rec:f3abcc475a83,C:\ISL\archive\Video_Dataset\Video_Dataset\Uncle\WIN_20230831_12_58_41_Pro.mp4,data/processed/landmarks/islwords/UNCLE/27780e18fa5c.npz,188,30.0,6.267,1.0,1.0,,
987934c8197f,UNCLE,islwords,video,,islwords:rec:c02d04b2737c,C:\ISL\archive\Video_Dataset\Video_Dataset\Uncle\WIN_20230831_12_59_35_Pro.mp4,data/processed/landmarks/islwords/UNCLE/987934c8197f.npz,232,30.0,7.733,1.0,1.0,,
6cc8781eb988,UNCLE,islwords,video,,islwords:rec:54031b261deb,C:\ISL\archive\Video_Dataset\Video_Dataset\Uncle\WIN_20230831_12_59_49_Pro.mp4,data/processed/landmarks/islwords/UNCLE/6cc8781eb988.npz,200,30.0,6.667,1.0,1.0,,
fe855b708728,UNCLE,islwords,video,,islwords:rec:1be669d1898c,C:\ISL\archive\Video_Dataset\Video_Dataset\Uncle\WIN_20230831_13_00_00_Pro.mp4,data/processed/landmarks/islwords/UNCLE/fe855b708728.npz,211,30.0,7.033,1.0,1.0,,
ee49d8e24a21,UNCLE,islwords,video,,islwords:rec:b61fbdd58858,C:\ISL\archive\Video_Dataset\Video_Dataset\Uncle\WIN_20230831_13_00_09_Pro.mp4,data/processed/landmarks/islwords/UNCLE/ee49d8e24a21.npz,237,30.0,7.9,1.0,1.0,,
e2e52e99af3b,UNCLE,islwords,video,,islwords:rec:c632cf2e8e7e,C:\ISL\archive\Video_Dataset\Video_Dataset\Uncle\WIN_20230831_13_00_19_Pro.mp4,data/processed/landmarks/islwords/UNCLE/e2e52e99af3b.npz,253,30.0,8.433,1.0,1.0,,
a7e04da2e09a,UNCLE,islwords,video,,islwords:rec:77a73f9f1430,C:\ISL\archive\Video_Dataset\Video_Dataset\Uncle\WIN_20230927_08_02_17_Pro_Trim_cropped.mp4,data/processed/landmarks/islwords/UNCLE/a7e04da2e09a.npz,147,30.0,4.9,1.0,1.0,,
7c6511c24d2d,UNCLE,islwords,video,,islwords:rec:2e76adb80daa,C:\ISL\archive\Video_Dataset\Video_Dataset\Uncle\WIN_20230927_08_02_31_Pro_Trim_cropped.mp4,data/processed/landmarks/islwords/UNCLE/7c6511c24d2d.npz,155,30.0,5.167,1.0,1.0,,
4ada3b4c9b43,UNCLE,islwords,video,,islwords:rec:7bc8e9121210,C:\ISL\archive\Video_Dataset\Video_Dataset\Uncle\WIN_20230927_08_02_43_Pro_Trim_cropped.mp4,data/processed/landmarks/islwords/UNCLE/4ada3b4c9b43.npz,164,30.0,5.467,1.0,1.0,,
517036f18465,UNCLE,islwords,video,,islwords:rec:23c730567a10,C:\ISL\archive\Video_Dataset\Video_Dataset\Uncle\WIN_20230927_08_02_57_Pro_Trim_cropped.mp4,data/processed/landmarks/islwords/UNCLE/517036f18465.npz,148,30.0,4.933,1.0,1.0,,
6c07485dc7df,UNCLE,islwords,video,,islwords:rec:98a9d904c72b,C:\ISL\archive\Video_Dataset\Video_Dataset\Uncle\WIN_20230927_08_03_09_Pro_Trim_cropped.mp4,data/processed/landmarks/islwords/UNCLE/6c07485dc7df.npz,149,30.0,4.967,1.0,1.0,,
ecac58b5a6bd,VEGETABLES,islwords,video,,islwords:rec:027aa44d31d3,C:\ISL\archive\Video_Dataset\Video_Dataset\Vegetables\WIN_20231102_10_40_49_Pro.mp4,data/processed/landmarks/islwords/VEGETABLES/ecac58b5a6bd.npz,178,30.0,5.933,0.9944,1.0,,
f2c6358105ea,VEGETABLES,islwords,video,,islwords:rec:be35486172b6,C:\ISL\archive\Video_Dataset\Video_Dataset\Vegetables\WIN_20231102_10_40_57_Pro.mp4,data/processed/landmarks/islwords/VEGETABLES/f2c6358105ea.npz,188,30.0,6.267,1.0,1.0,,
9aab922c6c44,VEGETABLES,islwords,video,,islwords:rec:39041cf05d83,C:\ISL\archive\Video_Dataset\Video_Dataset\Vegetables\WIN_20231102_10_41_10_Pro.mp4,data/processed/landmarks/islwords/VEGETABLES/9aab922c6c44.npz,192,30.0,6.4,0.9948,1.0,,
aeff7a263f62,VEGETABLES,islwords,video,,islwords:rec:81788192e34d,C:\ISL\archive\Video_Dataset\Video_Dataset\Vegetables\WIN_20231102_10_41_19_Pro.mp4,data/processed/landmarks/islwords/VEGETABLES/aeff7a263f62.npz,176,30.0,5.867,0.9943,1.0,,
dcba96d6e201,VEGETABLES,islwords,video,,islwords:rec:304e20140c18,C:\ISL\archive\Video_Dataset\Video_Dataset\Vegetables\WIN_20231102_10_41_26_Pro.mp4,data/processed/landmarks/islwords/VEGETABLES/dcba96d6e201.npz,180,30.0,6.0,1.0,1.0,,
6b7526104167,VEGETABLES,islwords,video,,islwords:rec:1085da16fcc8,C:\ISL\archive\Video_Dataset\Video_Dataset\Vegetables\WIN_20231102_10_44_37_Pro.mp4,data/processed/landmarks/islwords/VEGETABLES/6b7526104167.npz,170,30.0,5.667,1.0,1.0,,
86b0d478d2b8,VEGETABLES,islwords,video,,islwords:rec:435e37a4d7f1,C:\ISL\archive\Video_Dataset\Video_Dataset\Vegetables\WIN_20231102_10_44_45_Pro.mp4,data/processed/landmarks/islwords/VEGETABLES/86b0d478d2b8.npz,209,30.0,6.967,0.9952,1.0,,
6423bff96c9d,VEGETABLES,islwords,video,,islwords:rec:8334f3465dfa,C:\ISL\archive\Video_Dataset\Video_Dataset\Vegetables\WIN_20231102_10_44_54_Pro.mp4,data/processed/landmarks/islwords/VEGETABLES/6423bff96c9d.npz,200,30.0,6.667,1.0,1.0,,
a8b402a7c382,VEGETABLES,islwords,video,,islwords:rec:f148a6301f3d,C:\ISL\archive\Video_Dataset\Video_Dataset\Vegetables\WIN_20231102_10_45_04_Pro.mp4,data/processed/landmarks/islwords/VEGETABLES/a8b402a7c382.npz,225,30.0,7.5,1.0,1.0,,
47c69fc51816,VEGETABLES,islwords,video,,islwords:rec:8c82bbd72d74,C:\ISL\archive\Video_Dataset\Video_Dataset\Vegetables\WIN_20231102_10_45_22_Pro.mp4,data/processed/landmarks/islwords/VEGETABLES/47c69fc51816.npz,218,30.0,7.267,1.0,1.0,,
02a2b1ed26a4,VEGETABLES,islwords,video,,islwords:rec:523465d9b02e,C:\ISL\archive\Video_Dataset\Video_Dataset\Vegetables\WIN_20231102_10_46_40_Pro.mp4,data/processed/landmarks/islwords/VEGETABLES/02a2b1ed26a4.npz,191,30.0,6.367,1.0,1.0,,
b495014a8038,VEGETABLES,islwords,video,,islwords:rec:a9990522b946,C:\ISL\archive\Video_Dataset\Video_Dataset\Vegetables\WIN_20231102_10_46_49_Pro.mp4,data/processed/landmarks/islwords/VEGETABLES/b495014a8038.npz,176,30.0,5.867,1.0,1.0,,
77359a6dbbec,VEGETABLES,islwords,video,,islwords:rec:1a15e21d2107,C:\ISL\archive\Video_Dataset\Video_Dataset\Vegetables\WIN_20231102_10_46_56_Pro.mp4,data/processed/landmarks/islwords/VEGETABLES/77359a6dbbec.npz,174,30.0,5.8,1.0,1.0,,
c89ce95582a2,VEGETABLES,islwords,video,,islwords:rec:86e25283436e,C:\ISL\archive\Video_Dataset\Video_Dataset\Vegetables\WIN_20231102_10_47_03_Pro.mp4,data/processed/landmarks/islwords/VEGETABLES/c89ce95582a2.npz,169,30.0,5.633,1.0,1.0,,
9323c5b79fb4,VEGETABLES,islwords,video,,islwords:rec:c198fbc178a7,C:\ISL\archive\Video_Dataset\Video_Dataset\Vegetables\WIN_20231102_10_47_11_Pro.mp4,data/processed/landmarks/islwords/VEGETABLES/9323c5b79fb4.npz,161,30.0,5.367,1.0,1.0,,
3271788a530e,VEGETABLES,islwords,video,,islwords:rec:d4a50eaea77e,C:\ISL\archive\Video_Dataset\Video_Dataset\Vegetables\WIN_20231102_10_49_24_Pro.mp4,data/processed/landmarks/islwords/VEGETABLES/3271788a530e.npz,184,30.0,6.133,1.0,1.0,,
a8caa78c0556,VEGETABLES,islwords,video,,islwords:rec:2bfabb598ef9,C:\ISL\archive\Video_Dataset\Video_Dataset\Vegetables\WIN_20231102_10_49_33_Pro.mp4,data/processed/landmarks/islwords/VEGETABLES/a8caa78c0556.npz,188,30.0,6.267,1.0,1.0,,
c83fce572e4b,VEGETABLES,islwords,video,,islwords:rec:1e133a65332b,C:\ISL\archive\Video_Dataset\Video_Dataset\Vegetables\WIN_20231102_10_49_41_Pro.mp4,data/processed/landmarks/islwords/VEGETABLES/c83fce572e4b.npz,203,30.0,6.767,1.0,1.0,,
d3540f4f84cf,VEGETABLES,islwords,video,,islwords:rec:75cc8b80258d,C:\ISL\archive\Video_Dataset\Video_Dataset\Vegetables\WIN_20231102_10_49_51_Pro.mp4,data/processed/landmarks/islwords/VEGETABLES/d3540f4f84cf.npz,196,30.0,6.533,1.0,1.0,,
fb479b0ee349,VEGETABLES,islwords,video,,islwords:rec:17d40764201c,C:\ISL\archive\Video_Dataset\Video_Dataset\Vegetables\WIN_20231102_10_50_00_Pro.mp4,data/processed/landmarks/islwords/VEGETABLES/fb479b0ee349.npz,193,30.0,6.433,1.0,1.0,,
6c3190b75937,VOLCANO,islwords,video,,islwords:rec:22662de8252c,C:\ISL\archive\Video_Dataset\Video_Dataset\Volcano\WIN_20231103_11_28_58_Pro.mp4,data/processed/landmarks/islwords/VOLCANO/6c3190b75937.npz,135,30.0,4.5,1.0,1.0,,
e7c261a8b7a1,VOLCANO,islwords,video,,islwords:rec:f01e3013c83f,C:\ISL\archive\Video_Dataset\Video_Dataset\Volcano\WIN_20231103_11_29_04_Pro.mp4,data/processed/landmarks/islwords/VOLCANO/e7c261a8b7a1.npz,120,30.0,4.0,1.0,1.0,,
c6372f6db7e1,VOLCANO,islwords,video,,islwords:rec:2f791bfe2fe7,C:\ISL\archive\Video_Dataset\Video_Dataset\Volcano\WIN_20231103_11_29_32_Pro.mp4,data/processed/landmarks/islwords/VOLCANO/c6372f6db7e1.npz,128,30.0,4.267,0.9922,1.0,,
7f7e407b07c9,VOLCANO,islwords,video,,islwords:rec:bec39d64f4e7,C:\ISL\archive\Video_Dataset\Video_Dataset\Volcano\WIN_20231103_11_29_38_Pro.mp4,data/processed/landmarks/islwords/VOLCANO/7f7e407b07c9.npz,136,30.0,4.533,1.0,1.0,,
d3461e6e9f38,VOLCANO,islwords,video,,islwords:rec:b89d4e4305d2,C:\ISL\archive\Video_Dataset\Video_Dataset\Volcano\WIN_20231103_11_29_44_Pro.mp4,data/processed/landmarks/islwords/VOLCANO/d3461e6e9f38.npz,123,30.0,4.1,1.0,1.0,,
366264ad8a60,VOLCANO,islwords,video,,islwords:rec:66f9234845de,C:\ISL\archive\Video_Dataset\Video_Dataset\Volcano\WIN_20231103_11_30_24_Pro.mp4,data/processed/landmarks/islwords/VOLCANO/366264ad8a60.npz,155,30.0,5.167,1.0,1.0,,
bf17167be953,VOLCANO,islwords,video,,islwords:rec:eb84aa087e98,C:\ISL\archive\Video_Dataset\Video_Dataset\Volcano\WIN_20231103_11_30_42_Pro.mp4,data/processed/landmarks/islwords/VOLCANO/bf17167be953.npz,202,30.0,6.733,1.0,1.0,,
48332369ffd3,VOLCANO,islwords,video,,islwords:rec:6d12c0f28bd1,C:\ISL\archive\Video_Dataset\Video_Dataset\Volcano\WIN_20231103_11_30_50_Pro.mp4,data/processed/landmarks/islwords/VOLCANO/48332369ffd3.npz,197,30.0,6.567,1.0,1.0,,
2438fc7f45a8,VOLCANO,islwords,video,,islwords:rec:738db7f2b49c,C:\ISL\archive\Video_Dataset\Video_Dataset\Volcano\WIN_20231103_11_31_57_Pro.mp4,data/processed/landmarks/islwords/VOLCANO/2438fc7f45a8.npz,211,30.0,7.033,1.0,1.0,,
3afe12494521,VOLCANO,islwords,video,,islwords:rec:ed318bb7bfaf,C:\ISL\archive\Video_Dataset\Video_Dataset\Volcano\WIN_20231103_11_32_10_Pro.mp4,data/processed/landmarks/islwords/VOLCANO/3afe12494521.npz,201,30.0,6.7,1.0,1.0,,
0b440d8df3be,VOLCANO,islwords,video,,islwords:rec:8bac8701ab39,C:\ISL\archive\Video_Dataset\Video_Dataset\Volcano\WIN_20231103_11_32_36_Pro.mp4,data/processed/landmarks/islwords/VOLCANO/0b440d8df3be.npz,169,30.0,5.633,1.0,1.0,,
0fe9878cf89b,VOLCANO,islwords,video,,islwords:rec:2b4b068d7fac,C:\ISL\archive\Video_Dataset\Video_Dataset\Volcano\WIN_20231103_11_32_43_Pro.mp4,data/processed/landmarks/islwords/VOLCANO/0fe9878cf89b.npz,161,30.0,5.367,1.0,1.0,,
8c0056855d7c,VOLCANO,islwords,video,,islwords:rec:f248ef27a9e9,C:\ISL\archive\Video_Dataset\Video_Dataset\Volcano\WIN_20231103_11_32_50_Pro.mp4,data/processed/landmarks/islwords/VOLCANO/8c0056855d7c.npz,162,30.0,5.4,1.0,1.0,,
b56efd402ea7,VOLCANO,islwords,video,,islwords:rec:9bcff58e5308,C:\ISL\archive\Video_Dataset\Video_Dataset\Volcano\WIN_20231103_11_32_58_Pro.mp4,data/processed/landmarks/islwords/VOLCANO/b56efd402ea7.npz,159,30.0,5.3,1.0,1.0,,
d7c87606d0c3,VOLCANO,islwords,video,,islwords:rec:a0f6f9746c68,C:\ISL\archive\Video_Dataset\Video_Dataset\Volcano\WIN_20231103_11_33_05_Pro.mp4,data/processed/landmarks/islwords/VOLCANO/d7c87606d0c3.npz,151,30.0,5.033,1.0,1.0,,
f228b8ebd19c,VOLCANO,islwords,video,,islwords:rec:703345d552c4,C:\ISL\archive\Video_Dataset\Video_Dataset\Volcano\WIN_20231103_11_34_41_Pro.mp4,data/processed/landmarks/islwords/VOLCANO/f228b8ebd19c.npz,145,30.0,4.833,1.0,1.0,,
842588913759,VOLCANO,islwords,video,,islwords:rec:fabbe554bfee,C:\ISL\archive\Video_Dataset\Video_Dataset\Volcano\WIN_20231103_11_34_48_Pro.mp4,data/processed/landmarks/islwords/VOLCANO/842588913759.npz,143,30.0,4.767,1.0,1.0,,
21a1b6daacae,VOLCANO,islwords,video,,islwords:rec:394f1d1a94a5,C:\ISL\archive\Video_Dataset\Video_Dataset\Volcano\WIN_20231103_11_34_54_Pro.mp4,data/processed/landmarks/islwords/VOLCANO/21a1b6daacae.npz,148,30.0,4.933,0.9932,1.0,,
535494669ddb,VOLCANO,islwords,video,,islwords:rec:12630216e0c5,C:\ISL\archive\Video_Dataset\Video_Dataset\Volcano\WIN_20231103_11_35_01_Pro.mp4,data/processed/landmarks/islwords/VOLCANO/535494669ddb.npz,152,30.0,5.067,1.0,1.0,,
4e148f3f6753,VOLCANO,islwords,video,,islwords:rec:17fc1447ab74,C:\ISL\archive\Video_Dataset\Video_Dataset\Volcano\WIN_20231103_11_35_08_Pro.mp4,data/processed/landmarks/islwords/VOLCANO/4e148f3f6753.npz,155,30.0,5.167,1.0,1.0,,
9f70e57cacef,WHAT_IS_YOUR_NAME,islwords,video,,islwords:rec:2587233d0770,C:\ISL\archive\Video_Dataset\Video_Dataset\What is your Name\WIN_20230901_09_59_01_Pro.mp4,data/processed/landmarks/islwords/WHAT_IS_YOUR_NAME/9f70e57cacef.npz,193,30.0,6.433,1.0,1.0,,
e2a7c1a2cea8,WHAT_IS_YOUR_NAME,islwords,video,,islwords:rec:81fb3c8bbedd,C:\ISL\archive\Video_Dataset\Video_Dataset\What is your Name\WIN_20230901_09_59_09_Pro.mp4,data/processed/landmarks/islwords/WHAT_IS_YOUR_NAME/e2a7c1a2cea8.npz,211,30.0,7.033,1.0,1.0,,
644bfb8c0cf9,WHAT_IS_YOUR_NAME,islwords,video,,islwords:rec:334a1bc3c950,C:\ISL\archive\Video_Dataset\Video_Dataset\What is your Name\WIN_20230901_09_59_18_Pro.mp4,data/processed/landmarks/islwords/WHAT_IS_YOUR_NAME/644bfb8c0cf9.npz,216,30.0,7.2,1.0,1.0,,
272c9e17c38f,WHAT_IS_YOUR_NAME,islwords,video,,islwords:rec:0661e434ab9a,C:\ISL\archive\Video_Dataset\Video_Dataset\What is your Name\WIN_20230901_09_59_26_Pro.mp4,data/processed/landmarks/islwords/WHAT_IS_YOUR_NAME/272c9e17c38f.npz,205,30.0,6.833,1.0,1.0,,
636cc877f76f,WHAT_IS_YOUR_NAME,islwords,video,,islwords:rec:592f2c591455,C:\ISL\archive\Video_Dataset\Video_Dataset\What is your Name\WIN_20230901_09_59_36_Pro.mp4,data/processed/landmarks/islwords/WHAT_IS_YOUR_NAME/636cc877f76f.npz,220,30.0,7.333,1.0,1.0,,
60ff51c4a231,WHAT_IS_YOUR_NAME,islwords,video,,islwords:rec:ad9c0c3b81af,C:\ISL\archive\Video_Dataset\Video_Dataset\What is your Name\WIN_20230901_09_59_53_Pro.mp4,data/processed/landmarks/islwords/WHAT_IS_YOUR_NAME/60ff51c4a231.npz,147,30.0,4.9,1.0,1.0,,
4e4728f7569d,WHAT_IS_YOUR_NAME,islwords,video,,islwords:rec:34ae2f44b7b9,C:\ISL\archive\Video_Dataset\Video_Dataset\What is your Name\WIN_20230901_10_00_00_Pro.mp4,data/processed/landmarks/islwords/WHAT_IS_YOUR_NAME/4e4728f7569d.npz,160,30.0,5.333,1.0,1.0,,
4c8b63becd0b,WHAT_IS_YOUR_NAME,islwords,video,,islwords:rec:5b35176fec31,C:\ISL\archive\Video_Dataset\Video_Dataset\What is your Name\WIN_20230901_10_00_42_Pro.mp4,data/processed/landmarks/islwords/WHAT_IS_YOUR_NAME/4c8b63becd0b.npz,155,30.0,5.167,0.9935,1.0,,
8c44f90b1781,WHAT_IS_YOUR_NAME,islwords,video,,islwords:rec:bf558c10c95b,C:\ISL\archive\Video_Dataset\Video_Dataset\What is your Name\WIN_20230901_10_00_49_Pro.mp4,data/processed/landmarks/islwords/WHAT_IS_YOUR_NAME/8c44f90b1781.npz,145,30.0,4.833,1.0,1.0,,
5c7160600485,WHAT_IS_YOUR_NAME,islwords,video,,islwords:rec:9c533c3618e1,C:\ISL\archive\Video_Dataset\Video_Dataset\What is your Name\WIN_20230901_10_00_55_Pro.mp4,data/processed/landmarks/islwords/WHAT_IS_YOUR_NAME/5c7160600485.npz,135,30.0,4.5,1.0,1.0,,
e76431d7f3c7,WHAT_IS_YOUR_NAME,islwords,video,,islwords:rec:87d49704f421,C:\ISL\archive\Video_Dataset\Video_Dataset\What is your Name\WIN_20230901_10_01_56_Pro.mp4,data/processed/landmarks/islwords/WHAT_IS_YOUR_NAME/e76431d7f3c7.npz,165,30.0,5.5,1.0,1.0,,
58f8e2247984,WHAT_IS_YOUR_NAME,islwords,video,,islwords:rec:5ed58883e251,C:\ISL\archive\Video_Dataset\Video_Dataset\What is your Name\WIN_20230901_10_02_08_Pro.mp4,data/processed/landmarks/islwords/WHAT_IS_YOUR_NAME/58f8e2247984.npz,156,30.0,5.2,1.0,1.0,,
46c94720a6c1,WHAT_IS_YOUR_NAME,islwords,video,,islwords:rec:6e48044d8304,C:\ISL\archive\Video_Dataset\Video_Dataset\What is your Name\WIN_20230901_10_02_14_Pro.mp4,data/processed/landmarks/islwords/WHAT_IS_YOUR_NAME/46c94720a6c1.npz,131,30.0,4.367,1.0,1.0,,
d1073b3e588d,WHAT_IS_YOUR_NAME,islwords,video,,islwords:rec:eaab8c500c3e,C:\ISL\archive\Video_Dataset\Video_Dataset\What is your Name\WIN_20230901_10_02_21_Pro.mp4,data/processed/landmarks/islwords/WHAT_IS_YOUR_NAME/d1073b3e588d.npz,157,30.0,5.233,1.0,1.0,,
a95fae7d15fd,WHAT_IS_YOUR_NAME,islwords,video,,islwords:rec:db476f434f12,C:\ISL\archive\Video_Dataset\Video_Dataset\What is your Name\WIN_20230901_10_02_28_Pro.mp4,data/processed/landmarks/islwords/WHAT_IS_YOUR_NAME/a95fae7d15fd.npz,147,30.0,4.9,1.0,1.0,,
c39f4082aba9,WHAT_IS_YOUR_NAME,islwords,video,,islwords:rec:743152bb6386,C:\ISL\archive\Video_Dataset\Video_Dataset\What is your Name\WIN_20230927_08_04_48_Pro_Trim_cropped.mp4,data/processed/landmarks/islwords/WHAT_IS_YOUR_NAME/c39f4082aba9.npz,206,30.0,6.867,0.9951,1.0,,
9b38f05ca216,WHAT_IS_YOUR_NAME,islwords,video,,islwords:rec:d8ffa3d17cf0,C:\ISL\archive\Video_Dataset\Video_Dataset\What is your Name\WIN_20230927_08_05_01_Pro_Trim_cropped.mp4,data/processed/landmarks/islwords/WHAT_IS_YOUR_NAME/9b38f05ca216.npz,190,30.0,6.333,1.0,1.0,,
5ed7a3f8b4db,WHAT_IS_YOUR_NAME,islwords,video,,islwords:rec:9937020978a2,C:\ISL\archive\Video_Dataset\Video_Dataset\What is your Name\WIN_20230927_08_05_15_Pro_Trim_cropped.mp4,data/processed/landmarks/islwords/WHAT_IS_YOUR_NAME/5ed7a3f8b4db.npz,201,30.0,6.7,0.995,1.0,,
538021892135,WHAT_IS_YOUR_NAME,islwords,video,,islwords:rec:470583acdc36,C:\ISL\archive\Video_Dataset\Video_Dataset\What is your Name\WIN_20230927_08_05_27_Pro_Trim_cropped.mp4,data/processed/landmarks/islwords/WHAT_IS_YOUR_NAME/538021892135.npz,213,30.0,7.1,0.9953,1.0,,
b38f94a47715,WHAT_IS_YOUR_NAME,islwords,video,,islwords:rec:ce3b640f1121,C:\ISL\archive\Video_Dataset\Video_Dataset\What is your Name\WIN_20230927_08_05_40_Pro_Trim_cropped.mp4,data/processed/landmarks/islwords/WHAT_IS_YOUR_NAME/b38f94a47715.npz,210,30.0,7.0,0.9952,1.0,,
c3cfe9855227,WIFE,islwords,video,,islwords:rec:72a5b8c55c8e,C:\ISL\archive\Video_Dataset\Video_Dataset\Wife\WIN_20230901_08_57_39_Pro.mp4,data/processed/landmarks/islwords/WIFE/c3cfe9855227.npz,192,30.0,6.4,1.0,1.0,,
a24bc26dfb5f,WIFE,islwords,video,,islwords:rec:d5e856cb6b64,C:\ISL\archive\Video_Dataset\Video_Dataset\Wife\WIN_20230901_08_57_48_Pro.mp4,data/processed/landmarks/islwords/WIFE/a24bc26dfb5f.npz,186,30.0,6.2,1.0,1.0,,
5f44fc7e9aff,WIFE,islwords,video,,islwords:rec:d051808a9eee,C:\ISL\archive\Video_Dataset\Video_Dataset\Wife\WIN_20230901_08_57_56_Pro.mp4,data/processed/landmarks/islwords/WIFE/5f44fc7e9aff.npz,177,30.0,5.9,1.0,1.0,,
4890a322fbc7,WIFE,islwords,video,,islwords:rec:0249c711e66f,C:\ISL\archive\Video_Dataset\Video_Dataset\Wife\WIN_20230901_08_58_04_Pro.mp4,data/processed/landmarks/islwords/WIFE/4890a322fbc7.npz,183,30.0,6.1,1.0,1.0,,
a23fe8e2268f,WIFE,islwords,video,,islwords:rec:f56dc829c12e,C:\ISL\archive\Video_Dataset\Video_Dataset\Wife\WIN_20230901_08_58_11_Pro.mp4,data/processed/landmarks/islwords/WIFE/a23fe8e2268f.npz,169,30.0,5.633,1.0,1.0,,
4647a79f50a2,WIFE,islwords,video,,islwords:rec:0b767c842a9b,C:\ISL\archive\Video_Dataset\Video_Dataset\Wife\WIN_20230901_09_00_09_Pro.mp4,data/processed/landmarks/islwords/WIFE/4647a79f50a2.npz,158,30.0,5.267,1.0,1.0,,
31d57b6d492f,WIFE,islwords,video,,islwords:rec:0dd8fff46b2e,C:\ISL\archive\Video_Dataset\Video_Dataset\Wife\WIN_20230901_09_00_16_Pro.mp4,data/processed/landmarks/islwords/WIFE/31d57b6d492f.npz,154,30.0,5.133,0.9935,1.0,,
0696c043ff11,WIFE,islwords,video,,islwords:rec:411741a7146f,C:\ISL\archive\Video_Dataset\Video_Dataset\Wife\WIN_20230901_09_00_24_Pro.mp4,data/processed/landmarks/islwords/WIFE/0696c043ff11.npz,141,30.0,4.7,1.0,1.0,,
eb791d7f58c8,WIFE,islwords,video,,islwords:rec:2b6c0e7506a8,C:\ISL\archive\Video_Dataset\Video_Dataset\Wife\WIN_20230901_09_00_30_Pro.mp4,data/processed/landmarks/islwords/WIFE/eb791d7f58c8.npz,154,30.0,5.133,1.0,1.0,,
1a50aa327021,WIFE,islwords,video,,islwords:rec:e7b23b8e4e3f,C:\ISL\archive\Video_Dataset\Video_Dataset\Wife\WIN_20230901_09_00_38_Pro.mp4,data/processed/landmarks/islwords/WIFE/1a50aa327021.npz,151,30.0,5.033,1.0,1.0,,
4db65f5b6d61,WIFE,islwords,video,,islwords:rec:e4b5c5fd2016,C:\ISL\archive\Video_Dataset\Video_Dataset\Wife\WIN_20230901_09_02_24_Pro.mp4,data/processed/landmarks/islwords/WIFE/4db65f5b6d61.npz,188,30.0,6.267,1.0,1.0,,
daaa8aed98f1,WIFE,islwords,video,,islwords:rec:23fb22a97c14,C:\ISL\archive\Video_Dataset\Video_Dataset\Wife\WIN_20230901_09_02_32_Pro.mp4,data/processed/landmarks/islwords/WIFE/daaa8aed98f1.npz,221,30.0,7.367,1.0,1.0,,
ba3e60707e05,WIFE,islwords,video,,islwords:rec:a7a8e04f7d84,C:\ISL\archive\Video_Dataset\Video_Dataset\Wife\WIN_20230901_09_02_42_Pro.mp4,data/processed/landmarks/islwords/WIFE/ba3e60707e05.npz,192,30.0,6.4,1.0,1.0,,
a161d197aef1,WIFE,islwords,video,,islwords:rec:fd690eeb5c12,C:\ISL\archive\Video_Dataset\Video_Dataset\Wife\WIN_20230901_09_02_49_Pro.mp4,data/processed/landmarks/islwords/WIFE/a161d197aef1.npz,228,30.0,7.6,1.0,1.0,,
a4055ac69036,WIFE,islwords,video,,islwords:rec:7deaa2fb0d14,C:\ISL\archive\Video_Dataset\Video_Dataset\Wife\WIN_20230901_09_02_59_Pro.mp4,data/processed/landmarks/islwords/WIFE/a4055ac69036.npz,223,30.0,7.433,1.0,1.0,,
e7790d362b81,WIFE,islwords,video,,islwords:rec:8cbb13cf225c,C:\ISL\archive\Video_Dataset\Video_Dataset\Wife\WIN_20230927_08_06_31_Pro_Trim_cropped.mp4,data/processed/landmarks/islwords/WIFE/e7790d362b81.npz,153,30.0,5.1,1.0,1.0,,
f18387f5da02,WIFE,islwords,video,,islwords:rec:5e65c1cf145f,C:\ISL\archive\Video_Dataset\Video_Dataset\Wife\WIN_20230927_08_06_43_Pro_Trim_cropped.mp4,data/processed/landmarks/islwords/WIFE/f18387f5da02.npz,159,30.0,5.3,1.0,1.0,,
a0179fddb96b,WIFE,islwords,video,,islwords:rec:e83728f5d554,C:\ISL\archive\Video_Dataset\Video_Dataset\Wife\WIN_20230927_08_06_55_Pro_Trim_cropped.mp4,data/processed/landmarks/islwords/WIFE/a0179fddb96b.npz,201,30.0,6.7,1.0,1.0,,
add2efbed0f4,WIFE,islwords,video,,islwords:rec:ae1a5726437f,C:\ISL\archive\Video_Dataset\Video_Dataset\Wife\WIN_20230927_08_07_08_Pro_Trim_cropped.mp4,data/processed/landmarks/islwords/WIFE/add2efbed0f4.npz,177,30.0,5.9,1.0,1.0,,
70ee077f24a0,WIFE,islwords,video,,islwords:rec:00b3997e0d9e,C:\ISL\archive\Video_Dataset\Video_Dataset\Wife\WIN_20230927_08_07_21_Pro_Trim_cropped.mp4,data/processed/landmarks/islwords/WIFE/70ee077f24a0.npz,183,30.0,6.1,1.0,1.0,,
277e5a6dda2b,WRITER,islwords,video,,islwords:rec:27a5a9f002b1,C:\ISL\archive\Video_Dataset\Video_Dataset\Writer\WIN_20230901_09_50_19_Pro.mp4,data/processed/landmarks/islwords/WRITER/277e5a6dda2b.npz,156,30.0,5.2,1.0,1.0,,
f9d3da39282a,WRITER,islwords,video,,islwords:rec:064942e0d6ee,C:\ISL\archive\Video_Dataset\Video_Dataset\Writer\WIN_20230901_09_50_38_Pro.mp4,data/processed/landmarks/islwords/WRITER/f9d3da39282a.npz,148,30.0,4.933,1.0,1.0,,
a1199926948b,WRITER,islwords,video,,islwords:rec:38f0da35ca42,C:\ISL\archive\Video_Dataset\Video_Dataset\Writer\WIN_20230901_09_50_44_Pro.mp4,data/processed/landmarks/islwords/WRITER/a1199926948b.npz,139,30.0,4.633,1.0,1.0,,
7ec2f3669a57,WRITER,islwords,video,,islwords:rec:4fcdad9b9e26,C:\ISL\archive\Video_Dataset\Video_Dataset\Writer\WIN_20230901_09_50_50_Pro.mp4,data/processed/landmarks/islwords/WRITER/7ec2f3669a57.npz,133,30.0,4.433,1.0,1.0,,
2b4d68adafde,WRITER,islwords,video,,islwords:rec:c9b56b6c0691,C:\ISL\archive\Video_Dataset\Video_Dataset\Writer\WIN_20230901_09_53_27_Pro.mp4,data/processed/landmarks/islwords/WRITER/2b4d68adafde.npz,163,30.0,5.433,1.0,1.0,,
e360f3b657b7,WRITER,islwords,video,,islwords:rec:988b77ff0a1b,C:\ISL\archive\Video_Dataset\Video_Dataset\Writer\WIN_20230901_09_53_44_Pro.mp4,data/processed/landmarks/islwords/WRITER/e360f3b657b7.npz,144,30.0,4.8,1.0,1.0,,
6875842d33bf,WRITER,islwords,video,,islwords:rec:27789438e592,C:\ISL\archive\Video_Dataset\Video_Dataset\Writer\WIN_20230901_09_53_51_Pro.mp4,data/processed/landmarks/islwords/WRITER/6875842d33bf.npz,131,30.0,4.367,0.9924,1.0,,
0e1b781cd16a,WRITER,islwords,video,,islwords:rec:8ad8b6fa63b4,C:\ISL\archive\Video_Dataset\Video_Dataset\Writer\WIN_20230901_09_53_57_Pro.mp4,data/processed/landmarks/islwords/WRITER/0e1b781cd16a.npz,145,30.0,4.833,1.0,1.0,,
3151ac863b41,WRITER,islwords,video,,islwords:rec:1d6381201bf4,C:\ISL\archive\Video_Dataset\Video_Dataset\Writer\WIN_20230901_09_54_03_Pro.mp4,data/processed/landmarks/islwords/WRITER/3151ac863b41.npz,125,30.0,4.167,1.0,1.0,,
3e960962640e,WRITER,islwords,video,,islwords:rec:ee6e1e1462fc,C:\ISL\archive\Video_Dataset\Video_Dataset\Writer\WIN_20230901_09_54_11_Pro.mp4,data/processed/landmarks/islwords/WRITER/3e960962640e.npz,140,30.0,4.667,1.0,1.0,,
97cd1deb639f,WRITER,islwords,video,,islwords:rec:c8d5c4141c1b,C:\ISL\archive\Video_Dataset\Video_Dataset\Writer\WIN_20230901_09_54_51_Pro.mp4,data/processed/landmarks/islwords/WRITER/97cd1deb639f.npz,186,30.0,6.2,1.0,1.0,,
c01cd649da88,WRITER,islwords,video,,islwords:rec:523f56957964,C:\ISL\archive\Video_Dataset\Video_Dataset\Writer\WIN_20230901_09_54_58_Pro.mp4,data/processed/landmarks/islwords/WRITER/c01cd649da88.npz,180,30.0,6.0,1.0,1.0,,
88df6ef6b283,WRITER,islwords,video,,islwords:rec:386b71a00b76,C:\ISL\archive\Video_Dataset\Video_Dataset\Writer\WIN_20230901_09_55_06_Pro.mp4,data/processed/landmarks/islwords/WRITER/88df6ef6b283.npz,185,30.0,6.167,1.0,1.0,,
1cfed70bb00b,WRITER,islwords,video,,islwords:rec:ba49852d0282,C:\ISL\archive\Video_Dataset\Video_Dataset\Writer\WIN_20230901_09_55_13_Pro.mp4,data/processed/landmarks/islwords/WRITER/1cfed70bb00b.npz,175,30.0,5.833,1.0,1.0,,
de0d89beced1,WRITER,islwords,video,,islwords:rec:1e89b8f57617,C:\ISL\archive\Video_Dataset\Video_Dataset\Writer\WIN_20230901_09_55_20_Pro.mp4,data/processed/landmarks/islwords/WRITER/de0d89beced1.npz,163,30.0,5.433,1.0,1.0,,
12911687c71f,WRITER,islwords,video,,islwords:rec:455f72938bef,C:\ISL\archive\Video_Dataset\Video_Dataset\Writer\WIN_20230927_08_08_23_Pro_Trim_cropped.mp4,data/processed/landmarks/islwords/WRITER/12911687c71f.npz,162,30.0,5.4,0.9938,1.0,,
fd06cb463251,WRITER,islwords,video,,islwords:rec:c0e432b1f2a5,C:\ISL\archive\Video_Dataset\Video_Dataset\Writer\WIN_20230927_08_08_37_Pro_Trim_cropped.mp4,data/processed/landmarks/islwords/WRITER/fd06cb463251.npz,127,30.0,4.233,1.0,1.0,,
acd809b8b6b1,WRITER,islwords,video,,islwords:rec:ce8177b8e17c,C:\ISL\archive\Video_Dataset\Video_Dataset\Writer\WIN_20230927_08_08_48_Pro_Trim_cropped.mp4,data/processed/landmarks/islwords/WRITER/acd809b8b6b1.npz,169,30.0,5.633,1.0,1.0,,
b0faaf2693f9,WRITER,islwords,video,,islwords:rec:2e958eba8311,C:\ISL\archive\Video_Dataset\Video_Dataset\Writer\WIN_20230927_08_09_01_Pro_Trim_cropped.mp4,data/processed/landmarks/islwords/WRITER/b0faaf2693f9.npz,137,30.0,4.567,0.9927,1.0,,
cae95fac3879,WRITER,islwords,video,,islwords:rec:117a4b8897f1,C:\ISL\archive\Video_Dataset\Video_Dataset\Writer\WIN_20230927_08_09_16_Pro_Trim_cropped.mp4,data/processed/landmarks/islwords/WRITER/cae95fac3879.npz,140,30.0,4.667,0.9857,1.0,,
5a91adab8416,WRONG,islwords,video,,islwords:rec:bc15cff3ece2,C:\ISL\archive\Video_Dataset\Video_Dataset\Wrong\WIN_20230831_13_16_16_Pro.mp4,data/processed/landmarks/islwords/WRONG/5a91adab8416.npz,168,30.0,5.6,1.0,1.0,,
db13ca2e397a,WRONG,islwords,video,,islwords:rec:1168395ca599,C:\ISL\archive\Video_Dataset\Video_Dataset\Wrong\WIN_20230831_13_16_23_Pro.mp4,data/processed/landmarks/islwords/WRONG/db13ca2e397a.npz,144,30.0,4.8,1.0,1.0,,
561234b2f67a,WRONG,islwords,video,,islwords:rec:f541f7a3b28d,C:\ISL\archive\Video_Dataset\Video_Dataset\Wrong\WIN_20230831_13_16_40_Pro.mp4,data/processed/landmarks/islwords/WRONG/561234b2f67a.npz,146,30.0,4.867,1.0,1.0,,
d9b830c68203,WRONG,islwords,video,,islwords:rec:c02b019e34da,C:\ISL\archive\Video_Dataset\Video_Dataset\Wrong\WIN_20230831_13_16_46_Pro.mp4,data/processed/landmarks/islwords/WRONG/d9b830c68203.npz,138,30.0,4.6,1.0,1.0,,
452d82f81f1e,WRONG,islwords,video,,islwords:rec:305de0d3c5a1,C:\ISL\archive\Video_Dataset\Video_Dataset\Wrong\WIN_20230831_13_16_52_Pro.mp4,data/processed/landmarks/islwords/WRONG/452d82f81f1e.npz,141,30.0,4.7,1.0,1.0,,
1decdf1de77f,WRONG,islwords,video,,islwords:rec:20829d5989cb,C:\ISL\archive\Video_Dataset\Video_Dataset\Wrong\WIN_20230831_13_18_20_Pro.mp4,data/processed/landmarks/islwords/WRONG/1decdf1de77f.npz,159,30.0,5.3,1.0,1.0,,
2b24d8226d70,WRONG,islwords,video,,islwords:rec:153fb4266d92,C:\ISL\archive\Video_Dataset\Video_Dataset\Wrong\WIN_20230831_13_18_28_Pro.mp4,data/processed/landmarks/islwords/WRONG/2b24d8226d70.npz,154,30.0,5.133,1.0,1.0,,
7d8450612c3e,WRONG,islwords,video,,islwords:rec:b804dcf1e1ee,C:\ISL\archive\Video_Dataset\Video_Dataset\Wrong\WIN_20230831_13_18_36_Pro.mp4,data/processed/landmarks/islwords/WRONG/7d8450612c3e.npz,150,30.0,5.0,1.0,1.0,,
1bb12d4d3457,WRONG,islwords,video,,islwords:rec:4eb15bbda734,C:\ISL\archive\Video_Dataset\Video_Dataset\Wrong\WIN_20230831_13_18_43_Pro.mp4,data/processed/landmarks/islwords/WRONG/1bb12d4d3457.npz,163,30.0,5.433,1.0,1.0,,
a03692a6904f,WRONG,islwords,video,,islwords:rec:01e6b0f9aa43,C:\ISL\archive\Video_Dataset\Video_Dataset\Wrong\WIN_20230831_13_18_52_Pro.mp4,data/processed/landmarks/islwords/WRONG/a03692a6904f.npz,152,30.0,5.067,1.0,1.0,,
361330bc8abd,WRONG,islwords,video,,islwords:rec:bae1e54b6afb,C:\ISL\archive\Video_Dataset\Video_Dataset\Wrong\WIN_20230831_13_22_21_Pro.mp4,data/processed/landmarks/islwords/WRONG/361330bc8abd.npz,181,30.0,6.033,1.0,1.0,,
027b04c48580,WRONG,islwords,video,,islwords:rec:03b94c177512,C:\ISL\archive\Video_Dataset\Video_Dataset\Wrong\WIN_20230831_13_22_29_Pro.mp4,data/processed/landmarks/islwords/WRONG/027b04c48580.npz,178,30.0,5.933,1.0,1.0,,
eb6340920764,WRONG,islwords,video,,islwords:rec:006700acfb08,C:\ISL\archive\Video_Dataset\Video_Dataset\Wrong\WIN_20230831_13_22_37_Pro.mp4,data/processed/landmarks/islwords/WRONG/eb6340920764.npz,159,30.0,5.3,1.0,1.0,,
3dd53f47248a,WRONG,islwords,video,,islwords:rec:68fdfefbed4c,C:\ISL\archive\Video_Dataset\Video_Dataset\Wrong\WIN_20230831_13_22_47_Pro.mp4,data/processed/landmarks/islwords/WRONG/3dd53f47248a.npz,188,30.0,6.267,1.0,1.0,,
4d692a591375,WRONG,islwords,video,,islwords:rec:9d34aa2dfa36,C:\ISL\archive\Video_Dataset\Video_Dataset\Wrong\WIN_20230831_13_22_55_Pro.mp4,data/processed/landmarks/islwords/WRONG/4d692a591375.npz,178,30.0,5.933,1.0,1.0,,
8b46f9b8fc68,WRONG,islwords,video,,islwords:rec:c28b9796d2cf,C:\ISL\archive\Video_Dataset\Video_Dataset\Wrong\WIN_20230927_08_10_16_Pro_Trim_cropped.mp4,data/processed/landmarks/islwords/WRONG/8b46f9b8fc68.npz,136,30.0,4.533,1.0,1.0,,
a08209935254,WRONG,islwords,video,,islwords:rec:d679fe4b36bd,C:\ISL\archive\Video_Dataset\Video_Dataset\Wrong\WIN_20230927_08_10_26_Pro_Trim_cropped.mp4,data/processed/landmarks/islwords/WRONG/a08209935254.npz,141,30.0,4.7,1.0,1.0,,
02533cbfedd4,WRONG,islwords,video,,islwords:rec:62ad0018cfd4,C:\ISL\archive\Video_Dataset\Video_Dataset\Wrong\WIN_20230927_08_10_36_Pro_Trim_cropped.mp4,data/processed/landmarks/islwords/WRONG/02533cbfedd4.npz,139,30.0,4.633,1.0,1.0,,
e615cef95905,WRONG,islwords,video,,islwords:rec:091ddbc9b0b5,C:\ISL\archive\Video_Dataset\Video_Dataset\Wrong\WIN_20230927_08_10_46_Pro_Trim_cropped.mp4,data/processed/landmarks/islwords/WRONG/e615cef95905.npz,127,30.0,4.233,1.0,1.0,,
62f96c03f30b,WRONG,islwords,video,,islwords:rec:9e2f0501d4d4,C:\ISL\archive\Video_Dataset\Video_Dataset\Wrong\WIN_20230927_08_10_57_Pro_Trim_cropped.mp4,data/processed/landmarks/islwords/WRONG/62f96c03f30b.npz,140,30.0,4.667,1.0,1.0,,
