sample_id,label,source,kind,signer_id,group_id,raw_path,landmarks_path,num_frames,fps,duration_s,any_hand_rate,pose_rate,quality_flag,split
545f12a98828,ACTOR,include_video,video,,include_video:clip:545f12a98828,data/raw/include_video/Jobs/98. Actor/MVI_4516.MOV,data/processed/landmarks/include_video/ACTOR/545f12a98828.npz,67,25.0,2.68,0.7313,1.0,,
a14e9976e63b,ACTOR,include_video,video,,include_video:clip:a14e9976e63b,data/raw/include_video/Jobs/98. Actor/MVI_4517.MOV,data/processed/landmarks/include_video/ACTOR/a14e9976e63b.npz,71,25.0,2.84,0.8169,0.9718,,
153fdd20b2e9,ACTOR,include_video,video,,include_video:clip:153fdd20b2e9,data/raw/include_video/Jobs/98. Actor/MVI_4518.MOV,data/processed/landmarks/include_video/ACTOR/153fdd20b2e9.npz,64,25.0,2.56,0.875,0.9844,,
39ea5a6df815,ACTOR,include_video,video,,include_video:clip:39ea5a6df815,data/raw/include_video/Jobs/98. Actor/MVI_4519.MOV,data/processed/landmarks/include_video/ACTOR/39ea5a6df815.npz,67,25.0,2.68,0.8657,1.0,,
dfea1a3327be,ACTOR,include_video,video,,include_video:clip:dfea1a3327be,data/raw/include_video/Jobs/98. Actor/MVI_4791.MOV,data/processed/landmarks/include_video/ACTOR/dfea1a3327be.npz,74,25.0,2.96,0.7162,1.0,,
616fb4cbe9e0,ACTOR,include_video,video,,include_video:clip:616fb4cbe9e0,data/raw/include_video/Jobs/98. Actor/MVI_4792.MOV,data/processed/landmarks/include_video/ACTOR/616fb4cbe9e0.npz,80,25.0,3.2,0.8625,1.0,,
a1d9bc576e31,ACTOR,include_video,video,,include_video:clip:a1d9bc576e31,data/raw/include_video/Jobs/98. Actor/MVI_4793.MOV,data/processed/landmarks/include_video/ACTOR/a1d9bc576e31.npz,78,25.0,3.12,0.8974,1.0,,
3eaf2e5c51ee,ACTOR,include_video,video,,include_video:clip:3eaf2e5c51ee,data/raw/include_video/Jobs/98. Actor/MVI_5371.MOV,data/processed/landmarks/include_video/ACTOR/3eaf2e5c51ee.npz,72,25.0,2.88,0.9444,1.0,,
446b4646353d,ACTOR,include_video,video,,include_video:clip:446b4646353d,data/raw/include_video/Jobs/98. Actor/MVI_5372.MOV,data/processed/landmarks/include_video/ACTOR/446b4646353d.npz,78,25.0,3.12,0.9487,1.0,,
554f48368d06,ACTOR,include_video,video,,include_video:clip:554f48368d06,data/raw/include_video/Jobs/98. Actor/MVI_5373.MOV,data/processed/landmarks/include_video/ACTOR/554f48368d06.npz,73,25.0,2.92,0.9589,1.0,,
802c4ca262f8,ACTOR,include_video,video,,include_video:clip:802c4ca262f8,data/raw/include_video/Jobs/98. Actor/MVI_5374.MOV,data/processed/landmarks/include_video/ACTOR/802c4ca262f8.npz,66,25.0,2.64,0.9394,1.0,,
61616fbb1894,ACTOR,include_video,video,,include_video:clip:61616fbb1894,data/raw/include_video/Jobs/98. Actor/MVI_8921.MP4,data/processed/landmarks/include_video/ACTOR/61616fbb1894.npz,77,25.0,3.08,0.9221,1.0,,
550365b818d9,ACTOR,include_video,video,,include_video:clip:550365b818d9,data/raw/include_video/Jobs/98. Actor/MVI_8922.MP4,data/processed/landmarks/include_video/ACTOR/550365b818d9.npz,76,25.0,3.04,0.9605,1.0,,
11a4932d65a0,ACTOR,include_video,video,,include_video:clip:11a4932d65a0,data/raw/include_video/Jobs/98. Actor/MVI_8923.MP4,data/processed/landmarks/include_video/ACTOR/11a4932d65a0.npz,79,25.0,3.16,0.9367,1.0,,
1c08819a5022,AFTERNOON,include_video,video,,include_video:clip:1c08819a5022,data/raw/include_video/Days_and_Time/83. Afternoon/MVI_4655.MOV,data/processed/landmarks/include_video/AFTERNOON/1c08819a5022.npz,46,25.0,1.84,1.0,1.0,,
5fed56d4280b,AFTERNOON,include_video,video,,include_video:clip:5fed56d4280b,data/raw/include_video/Days_and_Time/83. Afternoon/MVI_4656.MOV,data/processed/landmarks/include_video/AFTERNOON/5fed56d4280b.npz,47,25.0,1.88,1.0,1.0,,
238b8908c4b8,AFTERNOON,include_video,video,,include_video:clip:238b8908c4b8,data/raw/include_video/Days_and_Time/83. Afternoon/MVI_4657.MOV,data/processed/landmarks/include_video/AFTERNOON/238b8908c4b8.npz,51,25.0,2.04,1.0,0.9216,,
0e52627de335,AFTERNOON,include_video,video,,include_video:clip:0e52627de335,data/raw/include_video/Days_and_Time/83. Afternoon/MVI_4658.MOV,data/processed/landmarks/include_video/AFTERNOON/0e52627de335.npz,48,25.0,1.92,1.0,1.0,,
111227cb8c4a,AFTERNOON,include_video,video,,include_video:clip:111227cb8c4a,data/raw/include_video/Days_and_Time/83. Afternoon/MVI_5063.MOV,data/processed/landmarks/include_video/AFTERNOON/111227cb8c4a.npz,52,25.0,2.08,0.6731,1.0,,
cedf58d326d2,AFTERNOON,include_video,video,,include_video:clip:cedf58d326d2,data/raw/include_video/Days_and_Time/83. Afternoon/MVI_5064.MOV,data/processed/landmarks/include_video/AFTERNOON/cedf58d326d2.npz,48,25.0,1.92,0.6875,1.0,,
0e6a962639d6,AFTERNOON,include_video,video,,include_video:clip:0e6a962639d6,data/raw/include_video/Days_and_Time/83. Afternoon/MVI_5065.MOV,data/processed/landmarks/include_video/AFTERNOON/0e6a962639d6.npz,50,25.0,2.0,0.7,1.0,,
bdccc5e9c278,AFTERNOON,include_video,video,,include_video:clip:bdccc5e9c278,data/raw/include_video/Days_and_Time/83. Afternoon/MVI_5511.MOV,data/processed/landmarks/include_video/AFTERNOON/bdccc5e9c278.npz,40,25.0,1.6,1.0,1.0,,
5e4d888b5333,AFTERNOON,include_video,video,,include_video:clip:5e4d888b5333,data/raw/include_video/Days_and_Time/83. Afternoon/MVI_5512.MOV,data/processed/landmarks/include_video/AFTERNOON/5e4d888b5333.npz,42,25.0,1.68,1.0,1.0,,
39d5c50c416e,AFTERNOON,include_video,video,,include_video:clip:39d5c50c416e,data/raw/include_video/Days_and_Time/83. Afternoon/MVI_5513.MOV,data/processed/landmarks/include_video/AFTERNOON/39d5c50c416e.npz,38,25.0,1.52,1.0,1.0,,
1fc296a3d937,AFTERNOON,include_video,video,,include_video:clip:1fc296a3d937,data/raw/include_video/Days_and_Time/83. Afternoon/MVI_5514.MOV,data/processed/landmarks/include_video/AFTERNOON/1fc296a3d937.npz,51,25.0,2.04,1.0,1.0,,
dc9d0b04e43a,AFTERNOON,include_video,video,,include_video:clip:dc9d0b04e43a,data/raw/include_video/Days_and_Time/83. Afternoon/MVI_9191.MP4,data/processed/landmarks/include_video/AFTERNOON/dc9d0b04e43a.npz,54,25.0,2.16,1.0,1.0,,
67c4893f1af7,AFTERNOON,include_video,video,,include_video:clip:67c4893f1af7,data/raw/include_video/Days_and_Time/83. Afternoon/MVI_9192.MP4,data/processed/landmarks/include_video/AFTERNOON/67c4893f1af7.npz,57,25.0,2.28,1.0,1.0,,
99ca542e7d7f,AFTERNOON,include_video,video,,include_video:clip:99ca542e7d7f,data/raw/include_video/Days_and_Time/83. Afternoon/MVI_9193.MP4,data/processed/landmarks/include_video/AFTERNOON/99ca542e7d7f.npz,62,25.0,2.48,1.0,1.0,,
2d4b724a350c,ALIVE,include_video,video,,include_video:clip:2d4b724a350c,data/raw/include_video/Adjectives/34. alive/MVI_9703.MOV,data/processed/landmarks/include_video/ALIVE/2d4b724a350c.npz,44,25.0,1.76,1.0,1.0,,
8b61103f1eb7,ALIVE,include_video,video,,include_video:clip:8b61103f1eb7,data/raw/include_video/Adjectives/34. alive/MVI_9704.MOV,data/processed/landmarks/include_video/ALIVE/8b61103f1eb7.npz,53,25.0,2.12,1.0,1.0,,
0449cdabc80d,ALIVE,include_video,video,,include_video:clip:0449cdabc80d,data/raw/include_video/Adjectives/34. alive/MVI_9705.MOV,data/processed/landmarks/include_video/ALIVE/0449cdabc80d.npz,52,25.0,2.08,1.0,1.0,,
572a6bc43370,ALIVE,include_video,video,,include_video:clip:572a6bc43370,data/raw/include_video/Adjectives/34. alive/MVI_9706.MOV,data/processed/landmarks/include_video/ALIVE/572a6bc43370.npz,52,25.0,2.08,1.0,1.0,,
ac705334e5b4,ALIVE,include_video,video,,include_video:clip:ac705334e5b4,data/raw/include_video/Adjectives/34. alive/MVI_9827.MOV,data/processed/landmarks/include_video/ALIVE/ac705334e5b4.npz,58,25.0,2.32,1.0,1.0,,
7105c15f2644,ALIVE,include_video,video,,include_video:clip:7105c15f2644,data/raw/include_video/Adjectives/34. alive/MVI_9828.MOV,data/processed/landmarks/include_video/ALIVE/7105c15f2644.npz,61,25.0,2.44,1.0,1.0,,
32f6c32bab0c,ALIVE,include_video,video,,include_video:clip:32f6c32bab0c,data/raw/include_video/Adjectives/34. alive/MVI_9829.MOV,data/processed/landmarks/include_video/ALIVE/32f6c32bab0c.npz,55,25.0,2.2,1.0,1.0,,
2ac93a45efe4,ALIVE,include_video,video,,include_video:clip:2ac93a45efe4,data/raw/include_video/Adjectives/34. alive/MVI_9830.MOV,data/processed/landmarks/include_video/ALIVE/2ac93a45efe4.npz,51,25.0,2.04,1.0,1.0,,
e24b452e784a,ALRIGHT,include_video,video,,include_video:clip:e24b452e784a,data/raw/include_video/Greetings/50. Alright/MVI_0037.MOV,data/processed/landmarks/include_video/ALRIGHT/e24b452e784a.npz,73,25.0,2.92,0.9178,1.0,,
381f0bb24ea8,ALRIGHT,include_video,video,,include_video:clip:381f0bb24ea8,data/raw/include_video/Greetings/50. Alright/MVI_0038.MOV,data/processed/landmarks/include_video/ALRIGHT/381f0bb24ea8.npz,84,25.0,3.36,0.9405,1.0,,
0256be693134,ALRIGHT,include_video,video,,include_video:clip:0256be693134,data/raw/include_video/Greetings/50. Alright/MVI_0039.MOV,data/processed/landmarks/include_video/ALRIGHT/0256be693134.npz,79,25.0,3.16,0.8861,1.0,,
2e0e918a8772,ALRIGHT,include_video,video,,include_video:clip:2e0e918a8772,data/raw/include_video/Greetings/50. Alright/MVI_0040.MOV,data/processed/landmarks/include_video/ALRIGHT/2e0e918a8772.npz,80,25.0,3.2,0.95,1.0,,
7aec46d47870,ALRIGHT,include_video,video,,include_video:clip:7aec46d47870,data/raw/include_video/Greetings/50. Alright/MVI_0043.MOV,data/processed/landmarks/include_video/ALRIGHT/7aec46d47870.npz,56,25.0,2.24,0.8214,1.0,,
e3a2c1fdc1a2,ALRIGHT,include_video,video,,include_video:clip:e3a2c1fdc1a2,data/raw/include_video/Greetings/50. Alright/MVI_0044.MOV,data/processed/landmarks/include_video/ALRIGHT/e3a2c1fdc1a2.npz,58,25.0,2.32,0.8793,1.0,,
771e218a372b,ALRIGHT,include_video,video,,include_video:clip:771e218a372b,data/raw/include_video/Greetings/50. Alright/MVI_0045.MOV,data/processed/landmarks/include_video/ALRIGHT/771e218a372b.npz,63,25.0,2.52,0.8571,1.0,,
e4f31ada54d4,ALRIGHT,include_video,video,,include_video:clip:e4f31ada54d4,data/raw/include_video/Greetings/50. Alright/MVI_0095.MOV,data/processed/landmarks/include_video/ALRIGHT/e4f31ada54d4.npz,63,25.0,2.52,0.6825,1.0,,
a135c07f91a5,ALRIGHT,include_video,video,,include_video:clip:a135c07f91a5,data/raw/include_video/Greetings/50. Alright/MVI_0096.MOV,data/processed/landmarks/include_video/ALRIGHT/a135c07f91a5.npz,82,25.0,3.28,0.7927,1.0,,
cbd0fb34d11d,ALRIGHT,include_video,video,,include_video:clip:cbd0fb34d11d,data/raw/include_video/Greetings/50. Alright/MVI_0097.MOV,data/processed/landmarks/include_video/ALRIGHT/cbd0fb34d11d.npz,87,25.0,3.48,0.7126,1.0,,
a41874703518,ALRIGHT,include_video,video,,include_video:clip:a41874703518,data/raw/include_video/Greetings/50. Alright/MVI_9923.MOV,data/processed/landmarks/include_video/ALRIGHT/a41874703518.npz,54,25.0,2.16,0.8704,1.0,,
ae134727441a,ALRIGHT,include_video,video,,include_video:clip:ae134727441a,data/raw/include_video/Greetings/50. Alright/MVI_9924.MOV,data/processed/landmarks/include_video/ALRIGHT/ae134727441a.npz,55,25.0,2.2,0.8727,1.0,,
a81036944615,ALRIGHT,include_video,video,,include_video:clip:a81036944615,data/raw/include_video/Greetings/50. Alright/MVI_9925.MOV,data/processed/landmarks/include_video/ALRIGHT/a81036944615.npz,53,25.0,2.12,0.8868,1.0,,
0745c596a833,ALRIGHT,include_video,video,,include_video:clip:0745c596a833,data/raw/include_video/Greetings/50. Alright/MVI_9926.MOV,data/processed/landmarks/include_video/ALRIGHT/0745c596a833.npz,51,25.0,2.04,0.8627,1.0,,
386a33dba1d2,ALRIGHT,include_video,video,,include_video:clip:386a33dba1d2,data/raw/include_video/Greetings/50. Alright/MVI_9963.MOV,data/processed/landmarks/include_video/ALRIGHT/386a33dba1d2.npz,76,25.0,3.04,0.8947,1.0,,
d6d4e744730d,ALRIGHT,include_video,video,,include_video:clip:d6d4e744730d,data/raw/include_video/Greetings/50. Alright/MVI_9964.MOV,data/processed/landmarks/include_video/ALRIGHT/d6d4e744730d.npz,86,25.0,3.44,0.8953,1.0,,
387b4ae469a3,ALRIGHT,include_video,video,,include_video:clip:387b4ae469a3,data/raw/include_video/Greetings/50. Alright/MVI_9965.MOV,data/processed/landmarks/include_video/ALRIGHT/387b4ae469a3.npz,78,25.0,3.12,0.8718,1.0,,
c80c07c79a4b,ALRIGHT,include_video,video,,include_video:clip:c80c07c79a4b,data/raw/include_video/Greetings/50. Alright/MVI_9966.MOV,data/processed/landmarks/include_video/ALRIGHT/c80c07c79a4b.npz,72,25.0,2.88,0.8194,1.0,,
7d1fdc8dda08,ALRIGHT,include_video,video,,include_video:clip:7d1fdc8dda08,data/raw/include_video/Greetings/50. Alright/MVI_9988.MOV,data/processed/landmarks/include_video/ALRIGHT/7d1fdc8dda08.npz,53,25.0,2.12,0.8679,1.0,,
80d0621f22bb,ALRIGHT,include_video,video,,include_video:clip:80d0621f22bb,data/raw/include_video/Greetings/50. Alright/MVI_9989.MOV,data/processed/landmarks/include_video/ALRIGHT/80d0621f22bb.npz,60,25.0,2.4,0.9167,1.0,,
0439e4c024e8,ALRIGHT,include_video,video,,include_video:clip:0439e4c024e8,data/raw/include_video/Greetings/50. Alright/MVI_9990.MOV,data/processed/landmarks/include_video/ALRIGHT/0439e4c024e8.npz,54,25.0,2.16,0.8333,1.0,,
8c2c1fef6d3b,ANIMAL,include_video,video,,include_video:clip:8c2c1fef6d3b,data/raw/include_video/Animals/8. Animal/MVI_2999.MOV,data/processed/landmarks/include_video/ANIMAL/8c2c1fef6d3b.npz,104,25.0,4.16,0.7596,1.0,,
9c0bdb6b57ed,ANIMAL,include_video,video,,include_video:clip:9c0bdb6b57ed,data/raw/include_video/Animals/8. Animal/MVI_3000.MOV,data/processed/landmarks/include_video/ANIMAL/9c0bdb6b57ed.npz,116,25.0,4.64,0.7586,1.0,,
f48153fd4204,ANIMAL,include_video,video,,include_video:clip:f48153fd4204,data/raw/include_video/Animals/8. Animal/MVI_3001.MOV,data/processed/landmarks/include_video/ANIMAL/f48153fd4204.npz,104,25.0,4.16,0.75,1.0,,
efc88fe9b199,ANIMAL,include_video,video,,include_video:clip:efc88fe9b199,data/raw/include_video/Animals/8. Animal/MVI_3025.MOV,data/processed/landmarks/include_video/ANIMAL/efc88fe9b199.npz,107,25.0,4.28,0.8598,1.0,,
7e9e3b4ece65,ANIMAL,include_video,video,,include_video:clip:7e9e3b4ece65,data/raw/include_video/Animals/8. Animal/MVI_3026.MOV,data/processed/landmarks/include_video/ANIMAL/7e9e3b4ece65.npz,125,25.0,5.0,0.872,1.0,,
458ff24ebdaf,ANIMAL,include_video,video,,include_video:clip:458ff24ebdaf,data/raw/include_video/Animals/8. Animal/MVI_3027.MOV,data/processed/landmarks/include_video/ANIMAL/458ff24ebdaf.npz,106,25.0,4.24,0.8962,1.0,,
c752ac98d7f3,ANIMAL,include_video,video,,include_video:clip:c752ac98d7f3,data/raw/include_video/Animals/8. Animal/MVI_3056.MOV,data/processed/landmarks/include_video/ANIMAL/c752ac98d7f3.npz,107,25.0,4.28,0.9159,1.0,,
d428dc5de230,ANIMAL,include_video,video,,include_video:clip:d428dc5de230,data/raw/include_video/Animals/8. Animal/MVI_3057.MOV,data/processed/landmarks/include_video/ANIMAL/d428dc5de230.npz,97,25.0,3.88,0.9278,1.0,,
b7862002d331,ANIMAL,include_video,video,,include_video:clip:b7862002d331,data/raw/include_video/Animals/8. Animal/MVI_3058.MOV,data/processed/landmarks/include_video/ANIMAL/b7862002d331.npz,90,25.0,3.6,0.9111,1.0,,
ef9c76f96f19,ANIMAL,include_video,video,,include_video:clip:ef9c76f96f19,data/raw/include_video/Animals/8. Animal/MVI_3082.MOV,data/processed/landmarks/include_video/ANIMAL/ef9c76f96f19.npz,100,25.0,4.0,0.92,1.0,,
88fe3b21ac82,ANIMAL,include_video,video,,include_video:clip:88fe3b21ac82,data/raw/include_video/Animals/8. Animal/MVI_3083.MOV,data/processed/landmarks/include_video/ANIMAL/88fe3b21ac82.npz,108,25.0,4.32,0.9167,1.0,,
a0d0f4981e29,ANIMAL,include_video,video,,include_video:clip:a0d0f4981e29,data/raw/include_video/Animals/8. Animal/MVI_3084.MOV,data/processed/landmarks/include_video/ANIMAL/a0d0f4981e29.npz,107,25.0,4.28,0.9907,1.0,,
564342944020,ANIMAL,include_video,video,,include_video:clip:564342944020,data/raw/include_video/Animals/8. Animal/MVI_3107.MOV,data/processed/landmarks/include_video/ANIMAL/564342944020.npz,104,25.0,4.16,0.7308,1.0,,
587027c93f9b,ANIMAL,include_video,video,,include_video:clip:587027c93f9b,data/raw/include_video/Animals/8. Animal/MVI_3108.MOV,data/processed/landmarks/include_video/ANIMAL/587027c93f9b.npz,108,25.0,4.32,0.6944,1.0,,
452fcfa0057b,ANIMAL,include_video,video,,include_video:clip:452fcfa0057b,data/raw/include_video/Animals/8. Animal/MVI_3109.MOV,data/processed/landmarks/include_video/ANIMAL/452fcfa0057b.npz,103,25.0,4.12,0.6796,1.0,,
2d6a231a5ffc,ANIMAL,include_video,video,,include_video:clip:2d6a231a5ffc,data/raw/include_video/Animals/8. Animal/MVI_4167.MOV,data/processed/landmarks/include_video/ANIMAL/2d6a231a5ffc.npz,76,25.0,3.04,0.8158,1.0,,
2b13e3fe47af,ANIMAL,include_video,video,,include_video:clip:2b13e3fe47af,data/raw/include_video/Animals/8. Animal/MVI_4168.MOV,data/processed/landmarks/include_video/ANIMAL/2b13e3fe47af.npz,79,25.0,3.16,0.8228,1.0,,
29cc5d5c81c8,ANIMAL,include_video,video,,include_video:clip:29cc5d5c81c8,data/raw/include_video/Animals/8. Animal/MVI_4169.MOV,data/processed/landmarks/include_video/ANIMAL/29cc5d5c81c8.npz,77,25.0,3.08,0.7662,1.0,,
3e329720557b,ANIMAL,include_video,video,,include_video:clip:3e329720557b,data/raw/include_video/Animals/8. Animal/MVI_8576.MP4,data/processed/landmarks/include_video/ANIMAL/3e329720557b.npz,87,25.0,3.48,0.4943,1.0,low_hand_detection,
10bf1b4cebd1,ANIMAL,include_video,video,,include_video:clip:10bf1b4cebd1,data/raw/include_video/Animals/8. Animal/MVI_8577.MP4,data/processed/landmarks/include_video/ANIMAL/10bf1b4cebd1.npz,92,25.0,3.68,0.4891,1.0,low_hand_detection,
3b926714ea41,ARTIST,include_video,video,,include_video:clip:3b926714ea41,data/raw/include_video/Jobs/94. Artist/MVI_4500.MOV,data/processed/landmarks/include_video/ARTIST/3b926714ea41.npz,69,25.0,2.76,0.7101,1.0,,
4eff38c4bd2c,ARTIST,include_video,video,,include_video:clip:4eff38c4bd2c,data/raw/include_video/Jobs/94. Artist/MVI_4501.MOV,data/processed/landmarks/include_video/ARTIST/4eff38c4bd2c.npz,76,25.0,3.04,0.8421,1.0,,
300ad96e20bf,ARTIST,include_video,video,,include_video:clip:300ad96e20bf,data/raw/include_video/Jobs/94. Artist/MVI_4502.MOV,data/processed/landmarks/include_video/ARTIST/300ad96e20bf.npz,80,25.0,3.2,0.8625,1.0,,
dccdfae7aa1b,ARTIST,include_video,video,,include_video:clip:dccdfae7aa1b,data/raw/include_video/Jobs/94. Artist/MVI_4503.MOV,data/processed/landmarks/include_video/ARTIST/dccdfae7aa1b.npz,76,25.0,3.04,0.9342,1.0,,
14ac7cb76dc1,ARTIST,include_video,video,,include_video:clip:14ac7cb76dc1,data/raw/include_video/Jobs/94. Artist/MVI_4779.MOV,data/processed/landmarks/include_video/ARTIST/14ac7cb76dc1.npz,63,25.0,2.52,1.0,1.0,,
02072a439d5f,ARTIST,include_video,video,,include_video:clip:02072a439d5f,data/raw/include_video/Jobs/94. Artist/MVI_4780.MOV,data/processed/landmarks/include_video/ARTIST/02072a439d5f.npz,65,25.0,2.6,1.0,1.0,,
2bfbdbbd3f4d,ARTIST,include_video,video,,include_video:clip:2bfbdbbd3f4d,data/raw/include_video/Jobs/94. Artist/MVI_4781.MOV,data/processed/landmarks/include_video/ARTIST/2bfbdbbd3f4d.npz,70,25.0,2.8,1.0,1.0,,
6bed831fbd67,ARTIST,include_video,video,,include_video:clip:6bed831fbd67,data/raw/include_video/Jobs/94. Artist/MVI_5354.MOV,data/processed/landmarks/include_video/ARTIST/6bed831fbd67.npz,59,25.0,2.36,1.0,1.0,,
b22a7f3fabd2,ARTIST,include_video,video,,include_video:clip:b22a7f3fabd2,data/raw/include_video/Jobs/94. Artist/MVI_5355.MOV,data/processed/landmarks/include_video/ARTIST/b22a7f3fabd2.npz,63,25.0,2.52,1.0,1.0,,
78ccbdbaa788,ARTIST,include_video,video,,include_video:clip:78ccbdbaa788,data/raw/include_video/Jobs/94. Artist/MVI_5356.MOV,data/processed/landmarks/include_video/ARTIST/78ccbdbaa788.npz,65,25.0,2.6,1.0,1.0,,
03058e2f073f,ARTIST,include_video,video,,include_video:clip:03058e2f073f,data/raw/include_video/Jobs/94. Artist/MVI_5357.MOV,data/processed/landmarks/include_video/ARTIST/03058e2f073f.npz,55,25.0,2.2,1.0,1.0,,
1d8cfe05d3af,ARTIST,include_video,video,,include_video:clip:1d8cfe05d3af,data/raw/include_video/Jobs/94. Artist/MVI_8896.MP4,data/processed/landmarks/include_video/ARTIST/1d8cfe05d3af.npz,69,25.0,2.76,1.0,1.0,,
12d22f5c51a6,ARTIST,include_video,video,,include_video:clip:12d22f5c51a6,data/raw/include_video/Jobs/94. Artist/MVI_8897.MP4,data/processed/landmarks/include_video/ARTIST/12d22f5c51a6.npz,64,25.0,2.56,1.0,1.0,,
395e639e5b2c,ARTIST,include_video,video,,include_video:clip:395e639e5b2c,data/raw/include_video/Jobs/94. Artist/MVI_8898.MP4,data/processed/landmarks/include_video/ARTIST/395e639e5b2c.npz,67,25.0,2.68,1.0,1.0,,
7eb42632e3e0,AUTHOR,include_video,video,,include_video:clip:7eb42632e3e0,data/raw/include_video/Jobs/95. Author/MVI_4504.MOV,data/processed/landmarks/include_video/AUTHOR/7eb42632e3e0.npz,110,25.0,4.4,0.8455,1.0,,
4d3a8132b74c,AUTHOR,include_video,video,,include_video:clip:4d3a8132b74c,data/raw/include_video/Jobs/95. Author/MVI_4505.MOV,data/processed/landmarks/include_video/AUTHOR/4d3a8132b74c.npz,128,25.0,5.12,0.8516,0.9766,,
6d4b67ca8693,AUTHOR,include_video,video,,include_video:clip:6d4b67ca8693,data/raw/include_video/Jobs/95. Author/MVI_4506.MOV,data/processed/landmarks/include_video/AUTHOR/6d4b67ca8693.npz,118,25.0,4.72,0.8559,1.0,,
364c76dc216c,AUTHOR,include_video,video,,include_video:clip:364c76dc216c,data/raw/include_video/Jobs/95. Author/MVI_4507.MOV,data/processed/landmarks/include_video/AUTHOR/364c76dc216c.npz,112,25.0,4.48,0.8393,1.0,,
a2ad364169de,AUTHOR,include_video,video,,include_video:clip:a2ad364169de,data/raw/include_video/Jobs/95. Author/MVI_4782.MOV,data/processed/landmarks/include_video/AUTHOR/a2ad364169de.npz,122,25.0,4.88,0.9098,1.0,,
5243e5bd6898,AUTHOR,include_video,video,,include_video:clip:5243e5bd6898,data/raw/include_video/Jobs/95. Author/MVI_4783.MOV,data/processed/landmarks/include_video/AUTHOR/5243e5bd6898.npz,98,25.0,3.92,0.8878,1.0,,
354106eee9b4,AUTHOR,include_video,video,,include_video:clip:354106eee9b4,data/raw/include_video/Jobs/95. Author/MVI_4784.MOV,data/processed/landmarks/include_video/AUTHOR/354106eee9b4.npz,110,25.0,4.4,0.9182,1.0,,
c4cff55960f0,AUTHOR,include_video,video,,include_video:clip:c4cff55960f0,data/raw/include_video/Jobs/95. Author/MVI_5358.MOV,data/processed/landmarks/include_video/AUTHOR/c4cff55960f0.npz,118,25.0,4.72,0.9407,1.0,,
8e8a589955b9,AUTHOR,include_video,video,,include_video:clip:8e8a589955b9,data/raw/include_video/Jobs/95. Author/MVI_5359.MOV,data/processed/landmarks/include_video/AUTHOR/8e8a589955b9.npz,104,25.0,4.16,0.9231,1.0,,
ece045080124,AUTHOR,include_video,video,,include_video:clip:ece045080124,data/raw/include_video/Jobs/95. Author/MVI_5360.MOV,data/processed/landmarks/include_video/AUTHOR/ece045080124.npz,104,25.0,4.16,0.8942,1.0,,
2e284797a7e4,AUTHOR,include_video,video,,include_video:clip:2e284797a7e4,data/raw/include_video/Jobs/95. Author/MVI_5361.MOV,data/processed/landmarks/include_video/AUTHOR/2e284797a7e4.npz,102,25.0,4.08,0.9216,1.0,,
463e88331706,AUTHOR,include_video,video,,include_video:clip:463e88331706,data/raw/include_video/Jobs/95. Author/MVI_8911.MP4,data/processed/landmarks/include_video/AUTHOR/463e88331706.npz,111,25.0,4.44,0.9279,1.0,,
989c549d6ac7,AUTHOR,include_video,video,,include_video:clip:989c549d6ac7,data/raw/include_video/Jobs/95. Author/MVI_8912.MP4,data/processed/landmarks/include_video/AUTHOR/989c549d6ac7.npz,101,25.0,4.04,0.901,1.0,,
5a6763296737,AUTHOR,include_video,video,,include_video:clip:5a6763296737,data/raw/include_video/Jobs/95. Author/MVI_8913.MP4,data/processed/landmarks/include_video/AUTHOR/5a6763296737.npz,91,25.0,3.64,0.9121,1.0,,
acfd74435096,BAD,include_video,video,,include_video:clip:acfd74435096,data/raw/include_video/Adjectives/95. bad/MVI_5161.MOV,data/processed/landmarks/include_video/BAD/acfd74435096.npz,59,25.0,2.36,1.0,1.0,,
eb7a3648a09b,BAD,include_video,video,,include_video:clip:eb7a3648a09b,data/raw/include_video/Adjectives/95. bad/MVI_5162.MOV,data/processed/landmarks/include_video/BAD/eb7a3648a09b.npz,55,25.0,2.2,1.0,1.0,,
1f90d3d5ad7d,BAD,include_video,video,,include_video:clip:1f90d3d5ad7d,data/raw/include_video/Adjectives/95. bad/MVI_5163.MOV,data/processed/landmarks/include_video/BAD/1f90d3d5ad7d.npz,65,25.0,2.6,1.0,1.0,,
780d70d63d73,BAD,include_video,video,,include_video:clip:780d70d63d73,data/raw/include_video/Adjectives/95. bad/MVI_5241.MOV,data/processed/landmarks/include_video/BAD/780d70d63d73.npz,51,25.0,2.04,1.0,1.0,,
03ea36dfd73d,BAD,include_video,video,,include_video:clip:03ea36dfd73d,data/raw/include_video/Adjectives/95. bad/MVI_5242.MOV,data/processed/landmarks/include_video/BAD/03ea36dfd73d.npz,54,25.0,2.16,1.0,1.0,,
5c2a751c6297,BAD,include_video,video,,include_video:clip:5c2a751c6297,data/raw/include_video/Adjectives/95. bad/MVI_5243.MOV,data/processed/landmarks/include_video/BAD/5c2a751c6297.npz,48,25.0,1.92,1.0,1.0,,
34fc58c4f076,BAD,include_video,video,,include_video:clip:34fc58c4f076,data/raw/include_video/Adjectives/95. bad/MVI_5319.MOV,data/processed/landmarks/include_video/BAD/34fc58c4f076.npz,51,25.0,2.04,1.0,1.0,,
ab1877ba52dc,BAD,include_video,video,,include_video:clip:ab1877ba52dc,data/raw/include_video/Adjectives/95. bad/MVI_5320.MOV,data/processed/landmarks/include_video/BAD/ab1877ba52dc.npz,50,25.0,2.0,1.0,1.0,,
a87258d2dfb9,BAD,include_video,video,,include_video:clip:a87258d2dfb9,data/raw/include_video/Adjectives/95. bad/MVI_5321.MOV,data/processed/landmarks/include_video/BAD/a87258d2dfb9.npz,57,25.0,2.28,1.0,1.0,,
81c48c657184,BAD,include_video,video,,include_video:clip:81c48c657184,data/raw/include_video/Adjectives/95. bad/MVI_9271.MOV,data/processed/landmarks/include_video/BAD/81c48c657184.npz,44,25.0,1.76,1.0,1.0,,
843b31859e16,BAD,include_video,video,,include_video:clip:843b31859e16,data/raw/include_video/Adjectives/95. bad/MVI_9272.MOV,data/processed/landmarks/include_video/BAD/843b31859e16.npz,46,25.0,1.84,1.0,1.0,,
9d6fcff9bbea,BAD,include_video,video,,include_video:clip:9d6fcff9bbea,data/raw/include_video/Adjectives/95. bad/MVI_9273.MOV,data/processed/landmarks/include_video/BAD/9d6fcff9bbea.npz,44,25.0,1.76,1.0,1.0,,
872b9e2b71e2,BAD,include_video,video,,include_video:clip:872b9e2b71e2,data/raw/include_video/Adjectives/95. bad/MVI_9352.MOV,data/processed/landmarks/include_video/BAD/872b9e2b71e2.npz,43,25.0,1.72,0.4419,1.0,low_hand_detection,
597046382f26,BAD,include_video,video,,include_video:clip:597046382f26,data/raw/include_video/Adjectives/95. bad/MVI_9353.MOV,data/processed/landmarks/include_video/BAD/597046382f26.npz,46,25.0,1.84,0.4565,1.0,low_hand_detection,
1b632221d06f,BAD,include_video,video,,include_video:clip:1b632221d06f,data/raw/include_video/Adjectives/95. bad/MVI_9354.MOV,data/processed/landmarks/include_video/BAD/1b632221d06f.npz,40,25.0,1.6,0.2,1.0,low_hand_detection,
d36b05571dff,BAD,include_video,video,,include_video:clip:d36b05571dff,data/raw/include_video/Adjectives/95. bad/MVI_9433.MOV,data/processed/landmarks/include_video/BAD/d36b05571dff.npz,46,25.0,1.84,1.0,1.0,,
b5590b471b38,BAD,include_video,video,,include_video:clip:b5590b471b38,data/raw/include_video/Adjectives/95. bad/MVI_9434.MOV,data/processed/landmarks/include_video/BAD/b5590b471b38.npz,47,25.0,1.88,1.0,1.0,,
2468e625e559,BAD,include_video,video,,include_video:clip:2468e625e559,data/raw/include_video/Adjectives/95. bad/MVI_9435.MOV,data/processed/landmarks/include_video/BAD/2468e625e559.npz,46,25.0,1.84,1.0,1.0,,
633a47c17763,BAD,include_video,video,,include_video:clip:633a47c17763,data/raw/include_video/Adjectives/95. bad/MVI_9513.MOV,data/processed/landmarks/include_video/BAD/633a47c17763.npz,62,25.0,2.48,1.0,1.0,,
63d17890d1ef,BAD,include_video,video,,include_video:clip:63d17890d1ef,data/raw/include_video/Adjectives/95. bad/MVI_9514.MOV,data/processed/landmarks/include_video/BAD/63d17890d1ef.npz,59,25.0,2.36,1.0,1.0,,
5d1dc8b38281,BAD,include_video,video,,include_video:clip:5d1dc8b38281,data/raw/include_video/Adjectives/95. bad/MVI_9516.MOV,data/processed/landmarks/include_video/BAD/5d1dc8b38281.npz,58,25.0,2.32,1.0,1.0,,
ee18d49b223d,BAG,include_video,video,,include_video:clip:ee18d49b223d,data/raw/include_video/Home/45. Bag/MVI_4432.MOV,data/processed/landmarks/include_video/BAG/ee18d49b223d.npz,50,25.0,2.0,0.8,1.0,,
0eb5973df961,BAG,include_video,video,,include_video:clip:0eb5973df961,data/raw/include_video/Home/45. Bag/MVI_4433.MOV,data/processed/landmarks/include_video/BAG/0eb5973df961.npz,44,25.0,1.76,0.7727,1.0,,
6d2473ce6b51,BAG,include_video,video,,include_video:clip:6d2473ce6b51,data/raw/include_video/Home/45. Bag/MVI_4434.MOV,data/processed/landmarks/include_video/BAG/6d2473ce6b51.npz,47,25.0,1.88,0.7234,1.0,,
18c60d4a1104,BAG,include_video,video,,include_video:clip:18c60d4a1104,data/raw/include_video/Home/45. Bag/MVI_4436.MOV,data/processed/landmarks/include_video/BAG/18c60d4a1104.npz,49,25.0,1.96,0.7959,1.0,,
534ca3f207a7,BAG,include_video,video,,include_video:clip:534ca3f207a7,data/raw/include_video/Home/45. Bag/MVI_4941.MOV,data/processed/landmarks/include_video/BAG/534ca3f207a7.npz,48,25.0,1.92,0.3958,1.0,low_hand_detection,
491e10b5708a,BAG,include_video,video,,include_video:clip:491e10b5708a,data/raw/include_video/Home/45. Bag/MVI_4942.MOV,data/processed/landmarks/include_video/BAG/491e10b5708a.npz,55,25.0,2.2,0.4727,1.0,low_hand_detection,
f4ae071364bd,BAG,include_video,video,,include_video:clip:f4ae071364bd,data/raw/include_video/Home/45. Bag/MVI_4943.MOV,data/processed/landmarks/include_video/BAG/f4ae071364bd.npz,63,25.0,2.52,0.6349,1.0,,
b2b8586d37a6,BAG,include_video,video,,include_video:clip:b2b8586d37a6,data/raw/include_video/Home/45. Bag/MVI_8838.MP4,data/processed/landmarks/include_video/BAG/b2b8586d37a6.npz,67,25.0,2.68,0.7313,1.0,,
a9ab1a4afe13,BAG,include_video,video,,include_video:clip:a9ab1a4afe13,data/raw/include_video/Home/45. Bag/MVI_8839.MP4,data/processed/landmarks/include_video/BAG/a9ab1a4afe13.npz,69,25.0,2.76,0.7681,1.0,,
cf04f0907da5,BAG,include_video,video,,include_video:clip:cf04f0907da5,data/raw/include_video/Home/45. Bag/MVI_8840.MP4,data/processed/landmarks/include_video/BAG/cf04f0907da5.npz,75,25.0,3.0,0.8267,1.0,,
e5c5ed705ce3,BAG,include_video,video,,include_video:clip:e5c5ed705ce3,data/raw/include_video/Home/45. Bag/MVI_8841.MP4,data/processed/landmarks/include_video/BAG/e5c5ed705ce3.npz,65,25.0,2.6,0.8308,1.0,,
8e9d632e7ab8,BAG,include_video,video,,include_video:clip:8e9d632e7ab8,data/raw/include_video/Home/45. Bag/MVI_9073.MP4,data/processed/landmarks/include_video/BAG/8e9d632e7ab8.npz,61,25.0,2.44,0.7377,1.0,,
d2e3dba94836,BAG,include_video,video,,include_video:clip:d2e3dba94836,data/raw/include_video/Home/45. Bag/MVI_9074.MP4,data/processed/landmarks/include_video/BAG/d2e3dba94836.npz,63,25.0,2.52,0.7619,1.0,,
a44bef9f205b,BAG,include_video,video,,include_video:clip:a44bef9f205b,data/raw/include_video/Home/45. Bag/MVI_9075.MP4,data/processed/landmarks/include_video/BAG/a44bef9f205b.npz,65,25.0,2.6,0.7077,1.0,,
cd061860e8bc,BATHROOM,include_video,video,,include_video:clip:cd061860e8bc,data/raw/include_video/Home/32. Bathroom/MVI_4378.MOV,data/processed/landmarks/include_video/BATHROOM/cd061860e8bc.npz,60,25.0,2.4,0.9167,1.0,,
c48fb43410ee,BATHROOM,include_video,video,,include_video:clip:c48fb43410ee,data/raw/include_video/Home/32. Bathroom/MVI_4379.MOV,data/processed/landmarks/include_video/BATHROOM/c48fb43410ee.npz,64,25.0,2.56,0.9375,1.0,,
69d3afdcab87,BATHROOM,include_video,video,,include_video:clip:69d3afdcab87,data/raw/include_video/Home/32. Bathroom/MVI_4380.MOV,data/processed/landmarks/include_video/BATHROOM/69d3afdcab87.npz,57,25.0,2.28,0.9298,1.0,,
6ce0489525c5,BATHROOM,include_video,video,,include_video:clip:6ce0489525c5,data/raw/include_video/Home/32. Bathroom/MVI_4381.MOV,data/processed/landmarks/include_video/BATHROOM/6ce0489525c5.npz,67,25.0,2.68,0.9403,1.0,,
172215b8ab30,BATHROOM,include_video,video,,include_video:clip:172215b8ab30,data/raw/include_video/Home/32. Bathroom/MVI_4900.MOV,data/processed/landmarks/include_video/BATHROOM/172215b8ab30.npz,64,25.0,2.56,0.7188,1.0,,
f165b5e10b92,BATHROOM,include_video,video,,include_video:clip:f165b5e10b92,data/raw/include_video/Home/32. Bathroom/MVI_4901.MOV,data/processed/landmarks/include_video/BATHROOM/f165b5e10b92.npz,60,25.0,2.4,0.9,1.0,,
9085ced39ad4,BATHROOM,include_video,video,,include_video:clip:9085ced39ad4,data/raw/include_video/Home/32. Bathroom/MVI_4902.MOV,data/processed/landmarks/include_video/BATHROOM/9085ced39ad4.npz,52,25.0,2.08,1.0,1.0,,
bfba3993de01,BATHROOM,include_video,video,,include_video:clip:bfba3993de01,data/raw/include_video/Home/32. Bathroom/MVI_8782.MP4,data/processed/landmarks/include_video/BATHROOM/bfba3993de01.npz,80,25.0,3.2,0.8875,1.0,,
4878cc825939,BATHROOM,include_video,video,,include_video:clip:4878cc825939,data/raw/include_video/Home/32. Bathroom/MVI_8783.MP4,data/processed/landmarks/include_video/BATHROOM/4878cc825939.npz,76,25.0,3.04,0.8553,1.0,,
6d10d015e15d,BATHROOM,include_video,video,,include_video:clip:6d10d015e15d,data/raw/include_video/Home/32. Bathroom/MVI_8784.MP4,data/processed/landmarks/include_video/BATHROOM/6d10d015e15d.npz,75,25.0,3.0,0.8933,1.0,,
497da57bc398,BATHROOM,include_video,video,,include_video:clip:497da57bc398,data/raw/include_video/Home/32. Bathroom/MVI_8785.MP4,data/processed/landmarks/include_video/BATHROOM/497da57bc398.npz,82,25.0,3.28,0.8902,1.0,,
35ddb52217f9,BATHROOM,include_video,video,,include_video:clip:35ddb52217f9,data/raw/include_video/Home/32. Bathroom/MVI_9025.MP4,data/processed/landmarks/include_video/BATHROOM/35ddb52217f9.npz,67,25.0,2.68,0.8955,1.0,,
163536b08bd2,BATHROOM,include_video,video,,include_video:clip:163536b08bd2,data/raw/include_video/Home/32. Bathroom/MVI_9026.MP4,data/processed/landmarks/include_video/BATHROOM/163536b08bd2.npz,71,25.0,2.84,0.9014,1.0,,
ff68931fd874,BATHROOM,include_video,video,,include_video:clip:ff68931fd874,data/raw/include_video/Home/32. Bathroom/MVI_9027.MP4,data/processed/landmarks/include_video/BATHROOM/ff68931fd874.npz,78,25.0,3.12,0.8718,1.0,,
affd5bbd4a33,BEAUTIFUL,include_video,video,,include_video:clip:affd5bbd4a33,data/raw/include_video/Adjectives/5. Beautiful/MVI_9569.MOV,data/processed/landmarks/include_video/BEAUTIFUL/affd5bbd4a33.npz,65,25.0,2.6,1.0,1.0,,
2702dbe46078,BEAUTIFUL,include_video,video,,include_video:clip:2702dbe46078,data/raw/include_video/Adjectives/5. Beautiful/MVI_9570.MOV,data/processed/landmarks/include_video/BEAUTIFUL/2702dbe46078.npz,79,25.0,3.16,1.0,1.0,,
cfc36d5f8514,BEAUTIFUL,include_video,video,,include_video:clip:cfc36d5f8514,data/raw/include_video/Adjectives/5. Beautiful/MVI_9571.MOV,data/processed/landmarks/include_video/BEAUTIFUL/cfc36d5f8514.npz,64,25.0,2.56,1.0,1.0,,
fb60613b6afb,BEAUTIFUL,include_video,video,,include_video:clip:fb60613b6afb,data/raw/include_video/Adjectives/5. Beautiful/MVI_9572.MOV,data/processed/landmarks/include_video/BEAUTIFUL/fb60613b6afb.npz,55,25.0,2.2,1.0,1.0,,
b6ac95bc66bf,BEAUTIFUL,include_video,video,,include_video:clip:b6ac95bc66bf,data/raw/include_video/Adjectives/5. Beautiful/MVI_9723.MOV,data/processed/landmarks/include_video/BEAUTIFUL/b6ac95bc66bf.npz,74,25.0,2.96,1.0,1.0,,
71982b10d584,BEAUTIFUL,include_video,video,,include_video:clip:71982b10d584,data/raw/include_video/Adjectives/5. Beautiful/MVI_9724.MOV,data/processed/landmarks/include_video/BEAUTIFUL/71982b10d584.npz,70,25.0,2.8,1.0,1.0,,
ae95c3ae6efb,BEAUTIFUL,include_video,video,,include_video:clip:ae95c3ae6efb,data/raw/include_video/Adjectives/5. Beautiful/MVI_9725.MOV,data/processed/landmarks/include_video/BEAUTIFUL/ae95c3ae6efb.npz,70,25.0,2.8,1.0,1.0,,
511109a25b45,BEAUTIFUL,include_video,video,,include_video:clip:511109a25b45,data/raw/include_video/Adjectives/5. Beautiful/MVI_9726.MOV,data/processed/landmarks/include_video/BEAUTIFUL/511109a25b45.npz,68,25.0,2.72,1.0,1.0,,
511eebc79764,BED,include_video,video,,include_video:clip:511eebc79764,data/raw/include_video/Home/26. Bed/MVI_4352.MOV,data/processed/landmarks/include_video/BED/511eebc79764.npz,55,25.0,2.2,1.0,1.0,,
3228236ea3a5,BED,include_video,video,,include_video:clip:3228236ea3a5,data/raw/include_video/Home/26. Bed/MVI_4353.MOV,data/processed/landmarks/include_video/BED/3228236ea3a5.npz,54,25.0,2.16,1.0,1.0,,
e9d8ee769529,BED,include_video,video,,include_video:clip:e9d8ee769529,data/raw/include_video/Home/26. Bed/MVI_4354.MOV,data/processed/landmarks/include_video/BED/e9d8ee769529.npz,58,25.0,2.32,1.0,1.0,,
94ac2d01337d,BED,include_video,video,,include_video:clip:94ac2d01337d,data/raw/include_video/Home/26. Bed/MVI_4355.MOV,data/processed/landmarks/include_video/BED/94ac2d01337d.npz,59,25.0,2.36,1.0,1.0,,
42c13d51662f,BED,include_video,video,,include_video:clip:42c13d51662f,data/raw/include_video/Home/26. Bed/MVI_4875.MOV,data/processed/landmarks/include_video/BED/42c13d51662f.npz,58,25.0,2.32,1.0,1.0,,
2d0cde26d9b8,BED,include_video,video,,include_video:clip:2d0cde26d9b8,data/raw/include_video/Home/26. Bed/MVI_4876.MOV,data/processed/landmarks/include_video/BED/2d0cde26d9b8.npz,68,25.0,2.72,0.5735,1.0,,
77d2e33be1f9,BED,include_video,video,,include_video:clip:77d2e33be1f9,data/raw/include_video/Home/26. Bed/MVI_4877.MOV,data/processed/landmarks/include_video/BED/77d2e33be1f9.npz,70,25.0,2.8,0.3714,1.0,low_hand_detection,
8fb5878673f9,BED,include_video,video,,include_video:clip:8fb5878673f9,data/raw/include_video/Home/26. Bed/MVI_8758.MP4,data/processed/landmarks/include_video/BED/8fb5878673f9.npz,66,25.0,2.64,0.7879,1.0,,
c4c19bb83093,BED,include_video,video,,include_video:clip:c4c19bb83093,data/raw/include_video/Home/26. Bed/MVI_8759.MP4,data/processed/landmarks/include_video/BED/c4c19bb83093.npz,64,25.0,2.56,0.7188,1.0,,
52af55d03ff2,BED,include_video,video,,include_video:clip:52af55d03ff2,data/raw/include_video/Home/26. Bed/MVI_8760.MP4,data/processed/landmarks/include_video/BED/52af55d03ff2.npz,66,25.0,2.64,0.7879,1.0,,
ab83beaeb22f,BED,include_video,video,,include_video:clip:ab83beaeb22f,data/raw/include_video/Home/26. Bed/MVI_8761.MP4,data/processed/landmarks/include_video/BED/ab83beaeb22f.npz,64,25.0,2.56,0.75,1.0,,
cfc20565db8a,BED,include_video,video,,include_video:clip:cfc20565db8a,data/raw/include_video/Home/26. Bed/MVI_9007.MP4,data/processed/landmarks/include_video/BED/cfc20565db8a.npz,73,25.0,2.92,0.7671,1.0,,
f5bcd3cf846f,BED,include_video,video,,include_video:clip:f5bcd3cf846f,data/raw/include_video/Home/26. Bed/MVI_9008.MP4,data/processed/landmarks/include_video/BED/f5bcd3cf846f.npz,82,25.0,3.28,0.8171,1.0,,
2ed4cfeb84d0,BED,include_video,video,,include_video:clip:2ed4cfeb84d0,data/raw/include_video/Home/26. Bed/MVI_9009.MP4,data/processed/landmarks/include_video/BED/2ed4cfeb84d0.npz,72,25.0,2.88,0.8056,1.0,,
69791502e233,BEDROOM,include_video,video,,include_video:clip:69791502e233,data/raw/include_video/Home/30. Bedroom/MVI_4370.MOV,data/processed/landmarks/include_video/BEDROOM/69791502e233.npz,83,25.0,3.32,0.8916,1.0,,
2d9c6fe3055c,BEDROOM,include_video,video,,include_video:clip:2d9c6fe3055c,data/raw/include_video/Home/30. Bedroom/MVI_4371.MOV,data/processed/landmarks/include_video/BEDROOM/2d9c6fe3055c.npz,81,25.0,3.24,0.8889,1.0,,
1b45fe007c48,BEDROOM,include_video,video,,include_video:clip:1b45fe007c48,data/raw/include_video/Home/30. Bedroom/MVI_4372.MOV,data/processed/landmarks/include_video/BEDROOM/1b45fe007c48.npz,94,25.0,3.76,0.883,1.0,,
35a9747c05fa,BEDROOM,include_video,video,,include_video:clip:35a9747c05fa,data/raw/include_video/Home/30. Bedroom/MVI_4373.MOV,data/processed/landmarks/include_video/BEDROOM/35a9747c05fa.npz,87,25.0,3.48,0.9195,1.0,,
13ef3ade60c9,BEDROOM,include_video,video,,include_video:clip:13ef3ade60c9,data/raw/include_video/Home/30. Bedroom/MVI_4887.MOV,data/processed/landmarks/include_video/BEDROOM/13ef3ade60c9.npz,72,25.0,2.88,0.8194,1.0,,
f03b10268f29,BEDROOM,include_video,video,,include_video:clip:f03b10268f29,data/raw/include_video/Home/30. Bedroom/MVI_4888.MOV,data/processed/landmarks/include_video/BEDROOM/f03b10268f29.npz,73,25.0,2.92,0.7945,1.0,,
488c290abacf,BEDROOM,include_video,video,,include_video:clip:488c290abacf,data/raw/include_video/Home/30. Bedroom/MVI_4896.MOV,data/processed/landmarks/include_video/BEDROOM/488c290abacf.npz,64,25.0,2.56,0.8125,1.0,,
453d14927e27,BEDROOM,include_video,video,,include_video:clip:453d14927e27,data/raw/include_video/Home/30. Bedroom/MVI_8774.MP4,data/processed/landmarks/include_video/BEDROOM/453d14927e27.npz,102,25.0,4.08,0.7255,1.0,,
9c6710ec6ad5,BEDROOM,include_video,video,,include_video:clip:9c6710ec6ad5,data/raw/include_video/Home/30. Bedroom/MVI_8775.MP4,data/processed/landmarks/include_video/BEDROOM/9c6710ec6ad5.npz,108,25.0,4.32,0.713,1.0,,
22336878d8ef,BEDROOM,include_video,video,,include_video:clip:22336878d8ef,data/raw/include_video/Home/30. Bedroom/MVI_8776.MP4,data/processed/landmarks/include_video/BEDROOM/22336878d8ef.npz,97,25.0,3.88,0.5979,1.0,,
adecc9f03911,BEDROOM,include_video,video,,include_video:clip:adecc9f03911,data/raw/include_video/Home/30. Bedroom/MVI_8777.MP4,data/processed/landmarks/include_video/BEDROOM/adecc9f03911.npz,102,25.0,4.08,0.7745,1.0,,
12b6e3a73593,BEDROOM,include_video,video,,include_video:clip:12b6e3a73593,data/raw/include_video/Home/30. Bedroom/MVI_9019.MP4,data/processed/landmarks/include_video/BEDROOM/12b6e3a73593.npz,109,25.0,4.36,0.8624,1.0,,
b7fe6080dac2,BEDROOM,include_video,video,,include_video:clip:b7fe6080dac2,data/raw/include_video/Home/30. Bedroom/MVI_9020.MP4,data/processed/landmarks/include_video/BEDROOM/b7fe6080dac2.npz,108,25.0,4.32,0.8241,1.0,,
98d10212ac21,BEDROOM,include_video,video,,include_video:clip:98d10212ac21,data/raw/include_video/Home/30. Bedroom/MVI_9021.MP4,data/processed/landmarks/include_video/BEDROOM/98d10212ac21.npz,104,25.0,4.16,0.7115,1.0,,
edb19d7c882d,BICYCLE,include_video,video,,include_video:clip:edb19d7c882d,data/raw/include_video/Means_of_Transportation/13. Bicycle/MVI_3122.MOV,data/processed/landmarks/include_video/BICYCLE/edb19d7c882d.npz,91,25.0,3.64,0.8132,1.0,,
68cfd87ecf6f,BICYCLE,include_video,video,,include_video:clip:68cfd87ecf6f,data/raw/include_video/Means_of_Transportation/13. Bicycle/MVI_3123.MOV,data/processed/landmarks/include_video/BICYCLE/68cfd87ecf6f.npz,86,25.0,3.44,0.7907,1.0,,
1619fdfe4c70,BICYCLE,include_video,video,,include_video:clip:1619fdfe4c70,data/raw/include_video/Means_of_Transportation/13. Bicycle/MVI_3125.MOV,data/processed/landmarks/include_video/BICYCLE/1619fdfe4c70.npz,82,25.0,3.28,0.8415,1.0,,
725e1a406260,BICYCLE,include_video,video,,include_video:clip:725e1a406260,data/raw/include_video/Means_of_Transportation/13. Bicycle/MVI_3151.MOV,data/processed/landmarks/include_video/BICYCLE/725e1a406260.npz,88,25.0,3.52,0.6477,1.0,,
bc0429ada1a1,BICYCLE,include_video,video,,include_video:clip:bc0429ada1a1,data/raw/include_video/Means_of_Transportation/13. Bicycle/MVI_3152.MOV,data/processed/landmarks/include_video/BICYCLE/bc0429ada1a1.npz,97,25.0,3.88,0.7113,1.0,,
f66ceabd4bd6,BICYCLE,include_video,video,,include_video:clip:f66ceabd4bd6,data/raw/include_video/Means_of_Transportation/13. Bicycle/MVI_3153.MOV,data/processed/landmarks/include_video/BICYCLE/f66ceabd4bd6.npz,68,25.0,2.72,0.5147,1.0,,
189bdac0b341,BICYCLE,include_video,video,,include_video:clip:189bdac0b341,data/raw/include_video/Means_of_Transportation/13. Bicycle/MVI_3181.MOV,data/processed/landmarks/include_video/BICYCLE/189bdac0b341.npz,95,25.0,3.8,0.8421,1.0,,
2b61f700fa57,BICYCLE,include_video,video,,include_video:clip:2b61f700fa57,data/raw/include_video/Means_of_Transportation/13. Bicycle/MVI_3182.MOV,data/processed/landmarks/include_video/BICYCLE/2b61f700fa57.npz,82,25.0,3.28,0.8902,1.0,,
c1b4216dc985,BICYCLE,include_video,video,,include_video:clip:c1b4216dc985,data/raw/include_video/Means_of_Transportation/13. Bicycle/MVI_3183.MOV,data/processed/landmarks/include_video/BICYCLE/c1b4216dc985.npz,74,25.0,2.96,0.9189,1.0,,
73b7ec03f9cf,BICYCLE,include_video,video,,include_video:clip:73b7ec03f9cf,data/raw/include_video/Means_of_Transportation/13. Bicycle/MVI_3215.MOV,data/processed/landmarks/include_video/BICYCLE/73b7ec03f9cf.npz,71,25.0,2.84,0.8592,1.0,,
00afffb5a1e6,BICYCLE,include_video,video,,include_video:clip:00afffb5a1e6,data/raw/include_video/Means_of_Transportation/13. Bicycle/MVI_3216.MOV,data/processed/landmarks/include_video/BICYCLE/00afffb5a1e6.npz,77,25.0,3.08,0.9221,1.0,,
7c6afcad0562,BICYCLE,include_video,video,,include_video:clip:7c6afcad0562,data/raw/include_video/Means_of_Transportation/13. Bicycle/MVI_3217.MOV,data/processed/landmarks/include_video/BICYCLE/7c6afcad0562.npz,86,25.0,3.44,0.8837,1.0,,
b2415a40bf64,BICYCLE,include_video,video,,include_video:clip:b2415a40bf64,data/raw/include_video/Means_of_Transportation/13. Bicycle/MVI_3244.MOV,data/processed/landmarks/include_video/BICYCLE/b2415a40bf64.npz,74,25.0,2.96,0.8919,1.0,,
09a2824bc3c0,BICYCLE,include_video,video,,include_video:clip:09a2824bc3c0,data/raw/include_video/Means_of_Transportation/13. Bicycle/MVI_3245.MOV,data/processed/landmarks/include_video/BICYCLE/09a2824bc3c0.npz,78,25.0,3.12,0.9103,1.0,,
7bcc92c07e44,BICYCLE,include_video,video,,include_video:clip:7bcc92c07e44,data/raw/include_video/Means_of_Transportation/13. Bicycle/MVI_3246.MOV,data/processed/landmarks/include_video/BICYCLE/7bcc92c07e44.npz,74,25.0,2.96,0.9189,1.0,,
06e484aa52f1,BICYCLE,include_video,video,,include_video:clip:06e484aa52f1,data/raw/include_video/Means_of_Transportation/13. Bicycle/MVI_4182.MOV,data/processed/landmarks/include_video/BICYCLE/06e484aa52f1.npz,64,25.0,2.56,0.9062,1.0,,
2496dcc765b5,BICYCLE,include_video,video,,include_video:clip:2496dcc765b5,data/raw/include_video/Means_of_Transportation/13. Bicycle/MVI_4183.MOV,data/processed/landmarks/include_video/BICYCLE/2496dcc765b5.npz,68,25.0,2.72,0.8382,1.0,,
2a67865b8973,BICYCLE,include_video,video,,include_video:clip:2a67865b8973,data/raw/include_video/Means_of_Transportation/13. Bicycle/MVI_4184.MOV,data/processed/landmarks/include_video/BICYCLE/2a67865b8973.npz,65,25.0,2.6,0.8615,1.0,,
dcc41a19c135,BICYCLE,include_video,video,,include_video:clip:dcc41a19c135,data/raw/include_video/Means_of_Transportation/13. Bicycle/MVI_8587.MP4,data/processed/landmarks/include_video/BICYCLE/dcc41a19c135.npz,73,25.0,2.92,0.7397,1.0,,
b6e6ea4ac737,BICYCLE,include_video,video,,include_video:clip:b6e6ea4ac737,data/raw/include_video/Means_of_Transportation/13. Bicycle/MVI_8588.MP4,data/processed/landmarks/include_video/BICYCLE/b6e6ea4ac737.npz,62,25.0,2.48,0.7097,1.0,,
6bd4b22729d4,BIG_LARGE,include_video,video,,include_video:clip:6bd4b22729d4,data/raw/include_video/Adjectives/83. big large/MVI_5123.MOV,data/processed/landmarks/include_video/BIG_LARGE/6bd4b22729d4.npz,54,25.0,2.16,0.8148,1.0,,
0558d8885cfa,BIG_LARGE,include_video,video,,include_video:clip:0558d8885cfa,data/raw/include_video/Adjectives/83. big large/MVI_5124.MOV,data/processed/landmarks/include_video/BIG_LARGE/0558d8885cfa.npz,61,25.0,2.44,0.8197,1.0,,
3eb79866d013,BIG_LARGE,include_video,video,,include_video:clip:3eb79866d013,data/raw/include_video/Adjectives/83. big large/MVI_5125.MOV,data/processed/landmarks/include_video/BIG_LARGE/3eb79866d013.npz,71,25.0,2.84,0.8169,1.0,,
d1fd0f96cb79,BIG_LARGE,include_video,video,,include_video:clip:d1fd0f96cb79,data/raw/include_video/Adjectives/83. big large/MVI_5203.MOV,data/processed/landmarks/include_video/BIG_LARGE/d1fd0f96cb79.npz,65,25.0,2.6,0.7231,1.0,,
049e02fb0952,BIG_LARGE,include_video,video,,include_video:clip:049e02fb0952,data/raw/include_video/Adjectives/83. big large/MVI_5204.MOV,data/processed/landmarks/include_video/BIG_LARGE/049e02fb0952.npz,70,25.0,2.8,0.7286,1.0,,
22505dea8086,BIG_LARGE,include_video,video,,include_video:clip:22505dea8086,data/raw/include_video/Adjectives/83. big large/MVI_5205.MOV,data/processed/landmarks/include_video/BIG_LARGE/22505dea8086.npz,66,25.0,2.64,0.697,1.0,,
2c9499f9ef0d,BIG_LARGE,include_video,video,,include_video:clip:2c9499f9ef0d,data/raw/include_video/Adjectives/83. big large/MVI_5283.MOV,data/processed/landmarks/include_video/BIG_LARGE/2c9499f9ef0d.npz,57,25.0,2.28,0.7018,1.0,,
22bd304c413b,BIG_LARGE,include_video,video,,include_video:clip:22bd304c413b,data/raw/include_video/Adjectives/83. big large/MVI_5284.MOV,data/processed/landmarks/include_video/BIG_LARGE/22bd304c413b.npz,55,25.0,2.2,0.7818,1.0,,
e60623cf8e25,BIG_LARGE,include_video,video,,include_video:clip:e60623cf8e25,data/raw/include_video/Adjectives/83. big large/MVI_5285.MOV,data/processed/landmarks/include_video/BIG_LARGE/e60623cf8e25.npz,51,25.0,2.04,0.8039,1.0,,
632f2ac6f99f,BIG_LARGE,include_video,video,,include_video:clip:632f2ac6f99f,data/raw/include_video/Adjectives/83. big large/MVI_9233.MOV,data/processed/landmarks/include_video/BIG_LARGE/632f2ac6f99f.npz,48,25.0,1.92,0.625,1.0,,
d73a0bd69456,BIG_LARGE,include_video,video,,include_video:clip:d73a0bd69456,data/raw/include_video/Adjectives/83. big large/MVI_9234.MOV,data/processed/landmarks/include_video/BIG_LARGE/d73a0bd69456.npz,47,25.0,1.88,0.617,1.0,,
1de2c9871622,BIG_LARGE,include_video,video,,include_video:clip:1de2c9871622,data/raw/include_video/Adjectives/83. big large/MVI_9235.MOV,data/processed/landmarks/include_video/BIG_LARGE/1de2c9871622.npz,46,25.0,1.84,0.6304,1.0,,
8e3cd29b2b72,BIG_LARGE,include_video,video,,include_video:clip:8e3cd29b2b72,data/raw/include_video/Adjectives/83. big large/MVI_9316.MOV,data/processed/landmarks/include_video/BIG_LARGE/8e3cd29b2b72.npz,44,25.0,1.76,0.5682,1.0,,
24ad25bf36ef,BIG_LARGE,include_video,video,,include_video:clip:24ad25bf36ef,data/raw/include_video/Adjectives/83. big large/MVI_9317.MOV,data/processed/landmarks/include_video/BIG_LARGE/24ad25bf36ef.npz,48,25.0,1.92,0.625,1.0,,
804b46c5c907,BIG_LARGE,include_video,video,,include_video:clip:804b46c5c907,data/raw/include_video/Adjectives/83. big large/MVI_9318.MOV,data/processed/landmarks/include_video/BIG_LARGE/804b46c5c907.npz,49,25.0,1.96,0.6735,1.0,,
2c468fbe7036,BIG_LARGE,include_video,video,,include_video:clip:2c468fbe7036,data/raw/include_video/Adjectives/83. big large/MVI_9394.MOV,data/processed/landmarks/include_video/BIG_LARGE/2c468fbe7036.npz,59,25.0,2.36,0.6949,1.0,,
f678b19eda31,BIG_LARGE,include_video,video,,include_video:clip:f678b19eda31,data/raw/include_video/Adjectives/83. big large/MVI_9395.MOV,data/processed/landmarks/include_video/BIG_LARGE/f678b19eda31.npz,57,25.0,2.28,0.7544,1.0,,
90388489f4c2,BIG_LARGE,include_video,video,,include_video:clip:90388489f4c2,data/raw/include_video/Adjectives/83. big large/MVI_9396.MOV,data/processed/landmarks/include_video/BIG_LARGE/90388489f4c2.npz,56,25.0,2.24,0.6607,1.0,,
2ca1524d0606,BIG_LARGE,include_video,video,,include_video:clip:2ca1524d0606,data/raw/include_video/Adjectives/83. big large/MVI_9475.MOV,data/processed/landmarks/include_video/BIG_LARGE/2ca1524d0606.npz,54,25.0,2.16,0.7593,1.0,,
408f0a83ad9c,BIG_LARGE,include_video,video,,include_video:clip:408f0a83ad9c,data/raw/include_video/Adjectives/83. big large/MVI_9476.MOV,data/processed/landmarks/include_video/BIG_LARGE/408f0a83ad9c.npz,54,25.0,2.16,0.7963,1.0,,
4f24a7049cb4,BIG_LARGE,include_video,video,,include_video:clip:4f24a7049cb4,data/raw/include_video/Adjectives/83. big large/MVI_9477.MOV,data/processed/landmarks/include_video/BIG_LARGE/4f24a7049cb4.npz,56,25.0,2.24,0.7321,1.0,,
bea0812e2c4d,BIRD,include_video,video,,include_video:clip:bea0812e2c4d,data/raw/include_video/Animals/4. Bird/MVI_2987.MOV,data/processed/landmarks/include_video/BIRD/bea0812e2c4d.npz,76,25.0,3.04,0.8026,1.0,,
3c04851de128,BIRD,include_video,video,,include_video:clip:3c04851de128,data/raw/include_video/Animals/4. Bird/MVI_2988.MOV,data/processed/landmarks/include_video/BIRD/3c04851de128.npz,83,25.0,3.32,0.6747,1.0,,
c10dc0b786a7,BIRD,include_video,video,,include_video:clip:c10dc0b786a7,data/raw/include_video/Animals/4. Bird/MVI_2989.MOV,data/processed/landmarks/include_video/BIRD/c10dc0b786a7.npz,64,25.0,2.56,0.75,1.0,,
c5f7f695e9c7,BIRD,include_video,video,,include_video:clip:c5f7f695e9c7,data/raw/include_video/Animals/4. Bird/MVI_3011.MOV,data/processed/landmarks/include_video/BIRD/c5f7f695e9c7.npz,71,25.0,2.84,0.8873,1.0,,
68532e35d844,BIRD,include_video,video,,include_video:clip:68532e35d844,data/raw/include_video/Animals/4. Bird/MVI_3012.MOV,data/processed/landmarks/include_video/BIRD/68532e35d844.npz,84,25.0,3.36,0.8929,1.0,,
84a7ca21e6cc,BIRD,include_video,video,,include_video:clip:84a7ca21e6cc,data/raw/include_video/Animals/4. Bird/MVI_3013.MOV,data/processed/landmarks/include_video/BIRD/84a7ca21e6cc.npz,81,25.0,3.24,0.8889,1.0,,
83e3786721f8,BIRD,include_video,video,,include_video:clip:83e3786721f8,data/raw/include_video/Animals/4. Bird/MVI_3037.MOV,data/processed/landmarks/include_video/BIRD/83e3786721f8.npz,86,25.0,3.44,0.907,1.0,,
f2edda7b8994,BIRD,include_video,video,,include_video:clip:f2edda7b8994,data/raw/include_video/Animals/4. Bird/MVI_3038.MOV,data/processed/landmarks/include_video/BIRD/f2edda7b8994.npz,94,25.0,3.76,0.9043,1.0,,
bfc5534616b5,BIRD,include_video,video,,include_video:clip:bfc5534616b5,data/raw/include_video/Animals/4. Bird/MVI_3040.MOV,data/processed/landmarks/include_video/BIRD/bfc5534616b5.npz,87,25.0,3.48,0.8621,1.0,,
35baff4e9786,BIRD,include_video,video,,include_video:clip:35baff4e9786,data/raw/include_video/Animals/4. Bird/MVI_3070.MOV,data/processed/landmarks/include_video/BIRD/35baff4e9786.npz,84,25.0,3.36,0.8929,1.0,,
926051874ae6,BIRD,include_video,video,,include_video:clip:926051874ae6,data/raw/include_video/Animals/4. Bird/MVI_3071.MOV,data/processed/landmarks/include_video/BIRD/926051874ae6.npz,85,25.0,3.4,0.9059,1.0,,
b90ecea54200,BIRD,include_video,video,,include_video:clip:b90ecea54200,data/raw/include_video/Animals/4. Bird/MVI_3072.MOV,data/processed/landmarks/include_video/BIRD/b90ecea54200.npz,93,25.0,3.72,0.9032,1.0,,
6e7999b51a9e,BIRD,include_video,video,,include_video:clip:6e7999b51a9e,data/raw/include_video/Animals/4. Bird/MVI_3094.MOV,data/processed/landmarks/include_video/BIRD/6e7999b51a9e.npz,96,25.0,3.84,0.7812,1.0,,
e53711080400,BIRD,include_video,video,,include_video:clip:e53711080400,data/raw/include_video/Animals/4. Bird/MVI_3095.MOV,data/processed/landmarks/include_video/BIRD/e53711080400.npz,80,25.0,3.2,0.7625,1.0,,
ac869a21caaf,BIRD,include_video,video,,include_video:clip:ac869a21caaf,data/raw/include_video/Animals/4. Bird/MVI_3096.MOV,data/processed/landmarks/include_video/BIRD/ac869a21caaf.npz,85,25.0,3.4,0.7059,1.0,,
4fd95edda599,BIRD,include_video,video,,include_video:clip:4fd95edda599,data/raw/include_video/Animals/4. Bird/MVI_4155.MOV,data/processed/landmarks/include_video/BIRD/4fd95edda599.npz,61,25.0,2.44,0.8197,1.0,,
ce83f177b93d,BIRD,include_video,video,,include_video:clip:ce83f177b93d,data/raw/include_video/Animals/4. Bird/MVI_4156.MOV,data/processed/landmarks/include_video/BIRD/ce83f177b93d.npz,66,25.0,2.64,0.7727,1.0,,
56dc0c7f0f4a,BIRD,include_video,video,,include_video:clip:56dc0c7f0f4a,data/raw/include_video/Animals/4. Bird/MVI_4157.MOV,data/processed/landmarks/include_video/BIRD/56dc0c7f0f4a.npz,54,25.0,2.16,0.7222,1.0,,
d5440fe89d07,BIRD,include_video,video,,include_video:clip:d5440fe89d07,data/raw/include_video/Animals/4. Bird/MVI_8567.MP4,data/processed/landmarks/include_video/BIRD/d5440fe89d07.npz,73,25.0,2.92,0.4795,1.0,low_hand_detection,
35ac751aef40,BIRD,include_video,video,,include_video:clip:35ac751aef40,data/raw/include_video/Animals/4. Bird/MVI_8568.MP4,data/processed/landmarks/include_video/BIRD/35ac751aef40.npz,76,25.0,3.04,0.5526,1.0,,
876a38ddf9ea,BLACK,include_video,video,,include_video:clip:876a38ddf9ea,data/raw/include_video/Colours/54. Black/MVI_3740.MOV,data/processed/landmarks/include_video/BLACK/876a38ddf9ea.npz,44,25.0,1.76,1.0,1.0,,
b8228302ae0c,BLACK,include_video,video,,include_video:clip:b8228302ae0c,data/raw/include_video/Colours/54. Black/MVI_3741.MOV,data/processed/landmarks/include_video/BLACK/b8228302ae0c.npz,52,25.0,2.08,1.0,1.0,,
c3c0cb2462e9,BLACK,include_video,video,,include_video:clip:c3c0cb2462e9,data/raw/include_video/Colours/54. Black/MVI_3742.MOV,data/processed/landmarks/include_video/BLACK/c3c0cb2462e9.npz,46,25.0,1.84,1.0,1.0,,
ab6cbf5742f3,BLACK,include_video,video,,include_video:clip:ab6cbf5742f3,data/raw/include_video/Colours/54. Black/MVI_3887.MOV,data/processed/landmarks/include_video/BLACK/ab6cbf5742f3.npz,69,25.0,2.76,1.0,1.0,,
e0a6b351be30,BLACK,include_video,video,,include_video:clip:e0a6b351be30,data/raw/include_video/Colours/54. Black/MVI_3888.MOV,data/processed/landmarks/include_video/BLACK/e0a6b351be30.npz,72,25.0,2.88,1.0,1.0,,
1d8107a2c9f9,BLACK,include_video,video,,include_video:clip:1d8107a2c9f9,data/raw/include_video/Colours/54. Black/MVI_3889.MOV,data/processed/landmarks/include_video/BLACK/1d8107a2c9f9.npz,58,25.0,2.32,1.0,1.0,,
a35e9df2d51a,BLACK,include_video,video,,include_video:clip:a35e9df2d51a,data/raw/include_video/Colours/54. Black/MVI_4039.MOV,data/processed/landmarks/include_video/BLACK/a35e9df2d51a.npz,48,25.0,1.92,1.0,1.0,,
634acf84f330,BLACK,include_video,video,,include_video:clip:634acf84f330,data/raw/include_video/Colours/54. Black/MVI_4040.MOV,data/processed/landmarks/include_video/BLACK/634acf84f330.npz,46,25.0,1.84,1.0,1.0,,
eb25bc4fddbb,BLACK,include_video,video,,include_video:clip:eb25bc4fddbb,data/raw/include_video/Colours/54. Black/MVI_4041.MOV,data/processed/landmarks/include_video/BLACK/eb25bc4fddbb.npz,53,25.0,2.12,1.0,1.0,,
dab258b52714,BLACK,include_video,video,,include_video:clip:dab258b52714,data/raw/include_video/Colours/54. Black/MVI_4215.MOV,data/processed/landmarks/include_video/BLACK/dab258b52714.npz,49,25.0,1.96,1.0,1.0,,
fc68cd7c7f9c,BLACK,include_video,video,,include_video:clip:fc68cd7c7f9c,data/raw/include_video/Colours/54. Black/MVI_4918.MOV,data/processed/landmarks/include_video/BLACK/fc68cd7c7f9c.npz,43,25.0,1.72,1.0,1.0,,
3e2c0002f29e,BLACK,include_video,video,,include_video:clip:3e2c0002f29e,data/raw/include_video/Colours/54. Black/MVI_4919.MOV,data/processed/landmarks/include_video/BLACK/3e2c0002f29e.npz,54,25.0,2.16,1.0,1.0,,
3af150cfe6f1,BLACK,include_video,video,,include_video:clip:3af150cfe6f1,data/raw/include_video/Colours/54. Black/MVI_4920.MOV,data/processed/landmarks/include_video/BLACK/3af150cfe6f1.npz,54,25.0,2.16,1.0,1.0,,
3b8ea34c655b,BLACK,include_video,video,,include_video:clip:3b8ea34c655b,data/raw/include_video/Colours/54. Black/MVI_5058.MOV,data/processed/landmarks/include_video/BLACK/3b8ea34c655b.npz,47,25.0,1.88,1.0,1.0,,
8d3b7359fa3a,BLACK,include_video,video,,include_video:clip:8d3b7359fa3a,data/raw/include_video/Colours/54. Black/MVI_5059.MOV,data/processed/landmarks/include_video/BLACK/8d3b7359fa3a.npz,49,25.0,1.96,0.5714,1.0,,
203490f6308b,BLACK,include_video,video,,include_video:clip:203490f6308b,data/raw/include_video/Colours/54. Black/MVI_5060.MOV,data/processed/landmarks/include_video/BLACK/203490f6308b.npz,41,25.0,1.64,0.3902,1.0,low_hand_detection,
606b215d3662,BLACK,include_video,video,,include_video:clip:606b215d3662,data/raw/include_video/Colours/54. Black/MVI_5206.MOV,data/processed/landmarks/include_video/BLACK/606b215d3662.npz,52,25.0,2.08,1.0,1.0,,
51315bd63341,BLACK,include_video,video,,include_video:clip:51315bd63341,data/raw/include_video/Colours/54. Black/MVI_5207.MOV,data/processed/landmarks/include_video/BLACK/51315bd63341.npz,54,25.0,2.16,1.0,1.0,,
c4dfe3621870,BLACK,include_video,video,,include_video:clip:c4dfe3621870,data/raw/include_video/Colours/54. Black/MVI_5208.MOV,data/processed/landmarks/include_video/BLACK/c4dfe3621870.npz,54,25.0,2.16,1.0,1.0,,
3b00470f1eb2,BLACK,include_video,video,,include_video:clip:3b00470f1eb2,data/raw/include_video/Colours/54. Black/MVI_8619.MP4,data/processed/landmarks/include_video/BLACK/3b00470f1eb2.npz,65,25.0,2.6,0.7538,1.0,,
809d67a3f48e,BLIND,include_video,video,,include_video:clip:809d67a3f48e,data/raw/include_video/Adjectives/8. Blind/MVI_9584.MOV,data/processed/landmarks/include_video/BLIND/809d67a3f48e.npz,58,25.0,2.32,1.0,1.0,,
a6bdfe550358,BLIND,include_video,video,,include_video:clip:a6bdfe550358,data/raw/include_video/Adjectives/8. Blind/MVI_9585.MOV,data/processed/landmarks/include_video/BLIND/a6bdfe550358.npz,60,25.0,2.4,1.0,1.0,,
520e45fd5801,BLIND,include_video,video,,include_video:clip:520e45fd5801,data/raw/include_video/Adjectives/8. Blind/MVI_9586.MOV,data/processed/landmarks/include_video/BLIND/520e45fd5801.npz,52,25.0,2.08,1.0,1.0,,
f2d28a6a70e0,BLIND,include_video,video,,include_video:clip:f2d28a6a70e0,data/raw/include_video/Adjectives/8. Blind/MVI_9587.MOV,data/processed/landmarks/include_video/BLIND/f2d28a6a70e0.npz,59,25.0,2.36,1.0,1.0,,
852b94a65750,BLIND,include_video,video,,include_video:clip:852b94a65750,data/raw/include_video/Adjectives/8. Blind/MVI_9852.MOV,data/processed/landmarks/include_video/BLIND/852b94a65750.npz,57,25.0,2.28,1.0,1.0,,
a96528f4f667,BLIND,include_video,video,,include_video:clip:a96528f4f667,data/raw/include_video/Adjectives/8. Blind/MVI_9853.MOV,data/processed/landmarks/include_video/BLIND/a96528f4f667.npz,56,25.0,2.24,1.0,1.0,,
fd54a3e3f91c,BLIND,include_video,video,,include_video:clip:fd54a3e3f91c,data/raw/include_video/Adjectives/8. Blind/MVI_9854.MOV,data/processed/landmarks/include_video/BLIND/fd54a3e3f91c.npz,56,25.0,2.24,1.0,1.0,,
a896502b2296,BLIND,include_video,video,,include_video:clip:a896502b2296,data/raw/include_video/Adjectives/8. Blind/MVI_9855.MOV,data/processed/landmarks/include_video/BLIND/a896502b2296.npz,54,25.0,2.16,1.0,1.0,,
123e7ee65629,BLUE,include_video,video,,include_video:clip:123e7ee65629,data/raw/include_video/Colours/49. Blue/MVI_3725.MOV,data/processed/landmarks/include_video/BLUE/123e7ee65629.npz,58,25.0,2.32,1.0,1.0,,
55a62a12b7fc,BLUE,include_video,video,,include_video:clip:55a62a12b7fc,data/raw/include_video/Colours/49. Blue/MVI_3726.MOV,data/processed/landmarks/include_video/BLUE/55a62a12b7fc.npz,57,25.0,2.28,1.0,1.0,,
815dec51fa08,BLUE,include_video,video,,include_video:clip:815dec51fa08,data/raw/include_video/Colours/49. Blue/MVI_3727.MOV,data/processed/landmarks/include_video/BLUE/815dec51fa08.npz,57,25.0,2.28,1.0,1.0,,
7fa295a41b42,BLUE,include_video,video,,include_video:clip:7fa295a41b42,data/raw/include_video/Colours/49. Blue/MVI_3872.MOV,data/processed/landmarks/include_video/BLUE/7fa295a41b42.npz,83,25.0,3.32,1.0,1.0,,
5304839f5850,BLUE,include_video,video,,include_video:clip:5304839f5850,data/raw/include_video/Colours/49. Blue/MVI_3873.MOV,data/processed/landmarks/include_video/BLUE/5304839f5850.npz,101,25.0,4.04,1.0,1.0,,
a0ece0895c64,BLUE,include_video,video,,include_video:clip:a0ece0895c64,data/raw/include_video/Colours/49. Blue/MVI_3874.MOV,data/processed/landmarks/include_video/BLUE/a0ece0895c64.npz,74,25.0,2.96,1.0,1.0,,
e311888306d1,BLUE,include_video,video,,include_video:clip:e311888306d1,data/raw/include_video/Colours/49. Blue/MVI_4024.MOV,data/processed/landmarks/include_video/BLUE/e311888306d1.npz,56,25.0,2.24,1.0,1.0,,
c98d79330431,BLUE,include_video,video,,include_video:clip:c98d79330431,data/raw/include_video/Colours/49. Blue/MVI_4025.MOV,data/processed/landmarks/include_video/BLUE/c98d79330431.npz,52,25.0,2.08,1.0,1.0,,
df7443d220fa,BLUE,include_video,video,,include_video:clip:df7443d220fa,data/raw/include_video/Colours/49. Blue/MVI_4026.MOV,data/processed/landmarks/include_video/BLUE/df7443d220fa.npz,56,25.0,2.24,1.0,1.0,,
07016064dadf,BLUE,include_video,video,,include_video:clip:07016064dadf,data/raw/include_video/Colours/49. Blue/MVI_4209.MOV,data/processed/landmarks/include_video/BLUE/07016064dadf.npz,49,25.0,1.96,1.0,1.0,,
7c0e55a5d2cc,BLUE,include_video,video,,include_video:clip:7c0e55a5d2cc,data/raw/include_video/Colours/49. Blue/MVI_4903.MOV,data/processed/landmarks/include_video/BLUE/7c0e55a5d2cc.npz,48,25.0,1.92,1.0,1.0,,
836072f93d82,BLUE,include_video,video,,include_video:clip:836072f93d82,data/raw/include_video/Colours/49. Blue/MVI_4904.MOV,data/processed/landmarks/include_video/BLUE/836072f93d82.npz,53,25.0,2.12,1.0,1.0,,
2cc7e83e9901,BLUE,include_video,video,,include_video:clip:2cc7e83e9901,data/raw/include_video/Colours/49. Blue/MVI_4905.MOV,data/processed/landmarks/include_video/BLUE/2cc7e83e9901.npz,51,25.0,2.04,1.0,1.0,,
ca989f6a1377,BLUE,include_video,video,,include_video:clip:ca989f6a1377,data/raw/include_video/Colours/49. Blue/MVI_5043.MOV,data/processed/landmarks/include_video/BLUE/ca989f6a1377.npz,48,25.0,1.92,1.0,1.0,,
8f72e7f5072a,BLUE,include_video,video,,include_video:clip:8f72e7f5072a,data/raw/include_video/Colours/49. Blue/MVI_5044.MOV,data/processed/landmarks/include_video/BLUE/8f72e7f5072a.npz,37,25.0,1.48,0.973,1.0,,
764db0ca376c,BLUE,include_video,video,,include_video:clip:764db0ca376c,data/raw/include_video/Colours/49. Blue/MVI_5045.MOV,data/processed/landmarks/include_video/BLUE/764db0ca376c.npz,36,25.0,1.44,0.5833,1.0,,
acdaed5b1725,BLUE,include_video,video,,include_video:clip:acdaed5b1725,data/raw/include_video/Colours/49. Blue/MVI_5190.MOV,data/processed/landmarks/include_video/BLUE/acdaed5b1725.npz,62,25.0,2.48,1.0,1.0,,
cc1311b328b6,BLUE,include_video,video,,include_video:clip:cc1311b328b6,data/raw/include_video/Colours/49. Blue/MVI_5191.MOV,data/processed/landmarks/include_video/BLUE/cc1311b328b6.npz,63,25.0,2.52,1.0,1.0,,
c834429f5ff9,BLUE,include_video,video,,include_video:clip:c834429f5ff9,data/raw/include_video/Colours/49. Blue/MVI_5192.MOV,data/processed/landmarks/include_video/BLUE/c834429f5ff9.npz,51,25.0,2.04,1.0,1.0,,
6f10bcd2132b,BLUE,include_video,video,,include_video:clip:6f10bcd2132b,data/raw/include_video/Colours/49. Blue/MVI_8614.MP4,data/processed/landmarks/include_video/BLUE/6f10bcd2132b.npz,66,25.0,2.64,0.8333,1.0,,
d2d4eca4b128,BOAT,include_video,video,,include_video:clip:d2d4eca4b128,data/raw/include_video/Means_of_Transportation/15. Boat/MVI_3129.MOV,data/processed/landmarks/include_video/BOAT/d2d4eca4b128.npz,112,25.0,4.48,0.7589,1.0,,
ffa09c6f7410,BOAT,include_video,video,,include_video:clip:ffa09c6f7410,data/raw/include_video/Means_of_Transportation/15. Boat/MVI_3130.MOV,data/processed/landmarks/include_video/BOAT/ffa09c6f7410.npz,113,25.0,4.52,0.708,1.0,,
8aaf6139fb09,BOAT,include_video,video,,include_video:clip:8aaf6139fb09,data/raw/include_video/Means_of_Transportation/15. Boat/MVI_3131.MOV,data/processed/landmarks/include_video/BOAT/8aaf6139fb09.npz,117,25.0,4.68,0.6923,1.0,,
fcb803a6b7b2,BOAT,include_video,video,,include_video:clip:fcb803a6b7b2,data/raw/include_video/Means_of_Transportation/15. Boat/MVI_3158.MOV,data/processed/landmarks/include_video/BOAT/fcb803a6b7b2.npz,110,25.0,4.4,0.5182,1.0,,
17e467477a74,BOAT,include_video,video,,include_video:clip:17e467477a74,data/raw/include_video/Means_of_Transportation/15. Boat/MVI_3159.MOV,data/processed/landmarks/include_video/BOAT/17e467477a74.npz,94,25.0,3.76,0.4574,1.0,low_hand_detection,
f4f140e5a41b,BOAT,include_video,video,,include_video:clip:f4f140e5a41b,data/raw/include_video/Means_of_Transportation/15. Boat/MVI_3160.MOV,data/processed/landmarks/include_video/BOAT/f4f140e5a41b.npz,102,25.0,4.08,0.4902,1.0,low_hand_detection,
7f7dd37b975b,BOAT,include_video,video,,include_video:clip:7f7dd37b975b,data/raw/include_video/Means_of_Transportation/15. Boat/MVI_3187.MOV,data/processed/landmarks/include_video/BOAT/7f7dd37b975b.npz,115,25.0,4.6,0.8783,1.0,,
b9ff3bef1e51,BOAT,include_video,video,,include_video:clip:b9ff3bef1e51,data/raw/include_video/Means_of_Transportation/15. Boat/MVI_3189.MOV,data/processed/landmarks/include_video/BOAT/b9ff3bef1e51.npz,96,25.0,3.84,0.9062,1.0,,
db6578e67331,BOAT,include_video,video,,include_video:clip:db6578e67331,data/raw/include_video/Means_of_Transportation/15. Boat/MVI_3190.MOV,data/processed/landmarks/include_video/BOAT/db6578e67331.npz,101,25.0,4.04,0.8416,1.0,,
57e992daccb6,BOAT,include_video,video,,include_video:clip:57e992daccb6,data/raw/include_video/Means_of_Transportation/15. Boat/MVI_3191.MOV,data/processed/landmarks/include_video/BOAT/57e992daccb6.npz,111,25.0,4.44,0.8919,1.0,,
e68b51e663ef,BOAT,include_video,video,,include_video:clip:e68b51e663ef,data/raw/include_video/Means_of_Transportation/15. Boat/MVI_3221.MOV,data/processed/landmarks/include_video/BOAT/e68b51e663ef.npz,123,25.0,4.92,0.8943,1.0,,
c36199ca29c7,BOAT,include_video,video,,include_video:clip:c36199ca29c7,data/raw/include_video/Means_of_Transportation/15. Boat/MVI_3222.MOV,data/processed/landmarks/include_video/BOAT/c36199ca29c7.npz,118,25.0,4.72,0.7881,1.0,,
9d79d0074a22,BOAT,include_video,video,,include_video:clip:9d79d0074a22,data/raw/include_video/Means_of_Transportation/15. Boat/MVI_3223.MOV,data/processed/landmarks/include_video/BOAT/9d79d0074a22.npz,112,25.0,4.48,0.75,1.0,,
80a2f8a96e07,BOAT,include_video,video,,include_video:clip:80a2f8a96e07,data/raw/include_video/Means_of_Transportation/15. Boat/MVI_3250.MOV,data/processed/landmarks/include_video/BOAT/80a2f8a96e07.npz,103,25.0,4.12,0.6893,1.0,,
49e7215e286b,BOAT,include_video,video,,include_video:clip:49e7215e286b,data/raw/include_video/Means_of_Transportation/15. Boat/MVI_3251.MOV,data/processed/landmarks/include_video/BOAT/49e7215e286b.npz,100,25.0,4.0,0.78,1.0,,
0c01997bac8c,BOAT,include_video,video,,include_video:clip:0c01997bac8c,data/raw/include_video/Means_of_Transportation/15. Boat/MVI_3252.MOV,data/processed/landmarks/include_video/BOAT/0c01997bac8c.npz,95,25.0,3.8,0.7579,1.0,,
96b4b4881c53,BOAT,include_video,video,,include_video:clip:96b4b4881c53,data/raw/include_video/Means_of_Transportation/15. Boat/MVI_4188.MOV,data/processed/landmarks/include_video/BOAT/96b4b4881c53.npz,95,25.0,3.8,0.8421,1.0,,
7ec94918c685,BOAT,include_video,video,,include_video:clip:7ec94918c685,data/raw/include_video/Means_of_Transportation/15. Boat/MVI_4189.MOV,data/processed/landmarks/include_video/BOAT/7ec94918c685.npz,79,25.0,3.16,0.7595,1.0,,
41132f4024ea,BOAT,include_video,video,,include_video:clip:41132f4024ea,data/raw/include_video/Means_of_Transportation/15. Boat/MVI_4190.MOV,data/processed/landmarks/include_video/BOAT/41132f4024ea.npz,77,25.0,3.08,0.7013,1.0,,
6b9e2854635b,BOAT,include_video,video,,include_video:clip:6b9e2854635b,data/raw/include_video/Means_of_Transportation/15. Boat/MVI_8594.MP4,data/processed/landmarks/include_video/BOAT/6b9e2854635b.npz,95,25.0,3.8,0.6421,1.0,,
cc087325b821,BOAT,include_video,video,,include_video:clip:cc087325b821,data/raw/include_video/Means_of_Transportation/15. Boat/MVI_8595.MP4,data/processed/landmarks/include_video/BOAT/cc087325b821.npz,98,25.0,3.92,0.7551,1.0,,
9fe1f2cf4c22,BOOK,include_video,video,,include_video:clip:9fe1f2cf4c22,data/raw/include_video/Home/37. Book/MVI_4399.MOV,data/processed/landmarks/include_video/BOOK/9fe1f2cf4c22.npz,51,25.0,2.04,0.7059,1.0,,
32a595c563d4,BOOK,include_video,video,,include_video:clip:32a595c563d4,data/raw/include_video/Home/37. Book/MVI_4400.MOV,data/processed/landmarks/include_video/BOOK/32a595c563d4.npz,67,25.0,2.68,0.806,1.0,,
0fe0795c8d2a,BOOK,include_video,video,,include_video:clip:0fe0795c8d2a,data/raw/include_video/Home/37. Book/MVI_4401.MOV,data/processed/landmarks/include_video/BOOK/0fe0795c8d2a.npz,57,25.0,2.28,0.7544,1.0,,
5ea04bffa392,BOOK,include_video,video,,include_video:clip:5ea04bffa392,data/raw/include_video/Home/37. Book/MVI_4402.MOV,data/processed/landmarks/include_video/BOOK/5ea04bffa392.npz,62,25.0,2.48,0.8065,1.0,,
56839c2d1cb1,BOOK,include_video,video,,include_video:clip:56839c2d1cb1,data/raw/include_video/Home/37. Book/MVI_4915.MOV,data/processed/landmarks/include_video/BOOK/56839c2d1cb1.npz,50,25.0,2.0,0.64,1.0,,
6faf35674feb,BOOK,include_video,video,,include_video:clip:6faf35674feb,data/raw/include_video/Home/37. Book/MVI_4916.MOV,data/processed/landmarks/include_video/BOOK/6faf35674feb.npz,51,25.0,2.04,0.5686,1.0,,
7b00a7b75179,BOOK,include_video,video,,include_video:clip:7b00a7b75179,data/raw/include_video/Home/37. Book/MVI_4919.MOV,data/processed/landmarks/include_video/BOOK/7b00a7b75179.npz,59,25.0,2.36,0.7458,1.0,,
398ad699ce4a,BOOK,include_video,video,,include_video:clip:398ad699ce4a,data/raw/include_video/Home/37. Book/MVI_8804.MP4,data/processed/landmarks/include_video/BOOK/398ad699ce4a.npz,68,25.0,2.72,0.7353,1.0,,
0dc789e08929,BOOK,include_video,video,,include_video:clip:0dc789e08929,data/raw/include_video/Home/37. Book/MVI_8805.MP4,data/processed/landmarks/include_video/BOOK/0dc789e08929.npz,74,25.0,2.96,0.7838,1.0,,
085968800564,BOOK,include_video,video,,include_video:clip:085968800564,data/raw/include_video/Home/37. Book/MVI_8806.MP4,data/processed/landmarks/include_video/BOOK/085968800564.npz,70,25.0,2.8,0.8143,1.0,,
ec5665131eab,BOOK,include_video,video,,include_video:clip:ec5665131eab,data/raw/include_video/Home/37. Book/MVI_8807.MP4,data/processed/landmarks/include_video/BOOK/ec5665131eab.npz,68,25.0,2.72,0.7794,1.0,,
acd531586911,BOOK,include_video,video,,include_video:clip:acd531586911,data/raw/include_video/Home/37. Book/MVI_9041.MP4,data/processed/landmarks/include_video/BOOK/acd531586911.npz,65,25.0,2.6,0.7231,1.0,,
4bd7addbdd36,BOOK,include_video,video,,include_video:clip:4bd7addbdd36,data/raw/include_video/Home/37. Book/MVI_9042.MP4,data/processed/landmarks/include_video/BOOK/4bd7addbdd36.npz,70,25.0,2.8,0.8143,1.0,,
7628a66b20e2,BOOK,include_video,video,,include_video:clip:7628a66b20e2,data/raw/include_video/Home/37. Book/MVI_9043.MP4,data/processed/landmarks/include_video/BOOK/7628a66b20e2.npz,67,25.0,2.68,0.7463,1.0,,
96cf387d3881,BOX,include_video,video,,include_video:clip:96cf387d3881,data/raw/include_video/Home/46. Box/MVI_4437.MOV,data/processed/landmarks/include_video/BOX/96cf387d3881.npz,56,25.0,2.24,0.7857,1.0,,
62dac32f4b44,BOX,include_video,video,,include_video:clip:62dac32f4b44,data/raw/include_video/Home/46. Box/MVI_4438.MOV,data/processed/landmarks/include_video/BOX/62dac32f4b44.npz,75,25.0,3.0,0.8267,1.0,,
bfb4569117ef,BOX,include_video,video,,include_video:clip:bfb4569117ef,data/raw/include_video/Home/46. Box/MVI_4439.MOV,data/processed/landmarks/include_video/BOX/bfb4569117ef.npz,73,25.0,2.92,0.8219,1.0,,
c886b057dd2c,BOX,include_video,video,,include_video:clip:c886b057dd2c,data/raw/include_video/Home/46. Box/MVI_4440.MOV,data/processed/landmarks/include_video/BOX/c886b057dd2c.npz,73,25.0,2.92,0.863,1.0,,
66895d8f01e1,BOX,include_video,video,,include_video:clip:66895d8f01e1,data/raw/include_video/Home/46. Box/MVI_4944.MOV,data/processed/landmarks/include_video/BOX/66895d8f01e1.npz,63,25.0,2.52,0.619,1.0,,
268a057822e0,BOX,include_video,video,,include_video:clip:268a057822e0,data/raw/include_video/Home/46. Box/MVI_4945.MOV,data/processed/landmarks/include_video/BOX/268a057822e0.npz,69,25.0,2.76,0.5507,1.0,,
3ac9ab24bb53,BOX,include_video,video,,include_video:clip:3ac9ab24bb53,data/raw/include_video/Home/46. Box/MVI_4946.MOV,data/processed/landmarks/include_video/BOX/3ac9ab24bb53.npz,50,25.0,2.0,0.56,1.0,,
8bb1fa595558,BOX,include_video,video,,include_video:clip:8bb1fa595558,data/raw/include_video/Home/46. Box/MVI_8842.MP4,data/processed/landmarks/include_video/BOX/8bb1fa595558.npz,90,25.0,3.6,0.7889,1.0,,
80c1ddef211e,BOX,include_video,video,,include_video:clip:80c1ddef211e,data/raw/include_video/Home/46. Box/MVI_8843.MP4,data/processed/landmarks/include_video/BOX/80c1ddef211e.npz,87,25.0,3.48,0.7241,1.0,,
e3833eddd2c9,BOX,include_video,video,,include_video:clip:e3833eddd2c9,data/raw/include_video/Home/46. Box/MVI_8844.MP4,data/processed/landmarks/include_video/BOX/e3833eddd2c9.npz,92,25.0,3.68,0.75,1.0,,
8b94d6beb117,BOX,include_video,video,,include_video:clip:8b94d6beb117,data/raw/include_video/Home/46. Box/MVI_8845.MP4,data/processed/landmarks/include_video/BOX/8b94d6beb117.npz,110,25.0,4.4,0.7727,1.0,,
2ba0c59cd8c9,BOX,include_video,video,,include_video:clip:2ba0c59cd8c9,data/raw/include_video/Home/46. Box/MVI_9076.MP4,data/processed/landmarks/include_video/BOX/2ba0c59cd8c9.npz,90,25.0,3.6,0.7889,1.0,,
46de64023a32,BOX,include_video,video,,include_video:clip:46de64023a32,data/raw/include_video/Home/46. Box/MVI_9077.MP4,data/processed/landmarks/include_video/BOX/46de64023a32.npz,103,25.0,4.12,0.7573,1.0,,
c60ebf896cd7,BOX,include_video,video,,include_video:clip:c60ebf896cd7,data/raw/include_video/Home/46. Box/MVI_9078.MP4,data/processed/landmarks/include_video/BOX/c60ebf896cd7.npz,97,25.0,3.88,0.7216,1.0,,
43ab8fa75ffa,BROWN,include_video,video,,include_video:clip:43ab8fa75ffa,data/raw/include_video/Colours/51. Brown/MVI_3731.MOV,data/processed/landmarks/include_video/BROWN/43ab8fa75ffa.npz,53,25.0,2.12,0.8113,1.0,,
64b55da7b7a1,BROWN,include_video,video,,include_video:clip:64b55da7b7a1,data/raw/include_video/Colours/51. Brown/MVI_3732.MOV,data/processed/landmarks/include_video/BROWN/64b55da7b7a1.npz,42,25.0,1.68,0.7381,1.0,,
741779a13231,BROWN,include_video,video,,include_video:clip:741779a13231,data/raw/include_video/Colours/51. Brown/MVI_3733.MOV,data/processed/landmarks/include_video/BROWN/741779a13231.npz,53,25.0,2.12,0.7736,1.0,,
b67ce4680759,BROWN,include_video,video,,include_video:clip:b67ce4680759,data/raw/include_video/Colours/51. Brown/MVI_3878.MOV,data/processed/landmarks/include_video/BROWN/b67ce4680759.npz,89,25.0,3.56,0.9101,1.0,,
df9237bd8cf9,BROWN,include_video,video,,include_video:clip:df9237bd8cf9,data/raw/include_video/Colours/51. Brown/MVI_3879.MOV,data/processed/landmarks/include_video/BROWN/df9237bd8cf9.npz,78,25.0,3.12,0.8846,1.0,,
95ed99cd643e,BROWN,include_video,video,,include_video:clip:95ed99cd643e,data/raw/include_video/Colours/51. Brown/MVI_3880.MOV,data/processed/landmarks/include_video/BROWN/95ed99cd643e.npz,80,25.0,3.2,0.85,1.0,,
8ccf86bcab2d,BROWN,include_video,video,,include_video:clip:8ccf86bcab2d,data/raw/include_video/Colours/51. Brown/MVI_4030.MOV,data/processed/landmarks/include_video/BROWN/8ccf86bcab2d.npz,63,25.0,2.52,0.7937,1.0,,
417fa16da901,BROWN,include_video,video,,include_video:clip:417fa16da901,data/raw/include_video/Colours/51. Brown/MVI_4031.MOV,data/processed/landmarks/include_video/BROWN/417fa16da901.npz,59,25.0,2.36,0.8644,1.0,,
2728b9d969d8,BROWN,include_video,video,,include_video:clip:2728b9d969d8,data/raw/include_video/Colours/51. Brown/MVI_4032.MOV,data/processed/landmarks/include_video/BROWN/2728b9d969d8.npz,53,25.0,2.12,0.7736,1.0,,
2d5c74aee6bf,BROWN,include_video,video,,include_video:clip:2d5c74aee6bf,data/raw/include_video/Colours/51. Brown/MVI_4212.MOV,data/processed/landmarks/include_video/BROWN/2d5c74aee6bf.npz,61,25.0,2.44,0.8361,1.0,,
1efd7a198ee6,BROWN,include_video,video,,include_video:clip:1efd7a198ee6,data/raw/include_video/Colours/51. Brown/MVI_4909.MOV,data/processed/landmarks/include_video/BROWN/1efd7a198ee6.npz,57,25.0,2.28,0.8246,1.0,,
82ee1c171ece,BROWN,include_video,video,,include_video:clip:82ee1c171ece,data/raw/include_video/Colours/51. Brown/MVI_4910.MOV,data/processed/landmarks/include_video/BROWN/82ee1c171ece.npz,53,25.0,2.12,0.8491,1.0,,
5cacf4dabaa9,BROWN,include_video,video,,include_video:clip:5cacf4dabaa9,data/raw/include_video/Colours/51. Brown/MVI_4911.MOV,data/processed/landmarks/include_video/BROWN/5cacf4dabaa9.npz,60,25.0,2.4,0.8833,1.0,,
e86d91918857,BROWN,include_video,video,,include_video:clip:e86d91918857,data/raw/include_video/Colours/51. Brown/MVI_5049.MOV,data/processed/landmarks/include_video/BROWN/e86d91918857.npz,53,25.0,2.12,0.6226,1.0,,
bd51da6460e5,BROWN,include_video,video,,include_video:clip:bd51da6460e5,data/raw/include_video/Colours/51. Brown/MVI_5050.MOV,data/processed/landmarks/include_video/BROWN/bd51da6460e5.npz,45,25.0,1.8,0.7111,1.0,,
d138be1cedb6,BROWN,include_video,video,,include_video:clip:d138be1cedb6,data/raw/include_video/Colours/51. Brown/MVI_5051.MOV,data/processed/landmarks/include_video/BROWN/d138be1cedb6.npz,52,25.0,2.08,0.5577,1.0,,
883d3783196c,BROWN,include_video,video,,include_video:clip:883d3783196c,data/raw/include_video/Colours/51. Brown/MVI_5196.MOV,data/processed/landmarks/include_video/BROWN/883d3783196c.npz,62,25.0,2.48,0.8548,1.0,,
3026daaca786,BROWN,include_video,video,,include_video:clip:3026daaca786,data/raw/include_video/Colours/51. Brown/MVI_5197.MOV,data/processed/landmarks/include_video/BROWN/3026daaca786.npz,59,25.0,2.36,0.8814,1.0,,
4f37456a3755,BROWN,include_video,video,,include_video:clip:4f37456a3755,data/raw/include_video/Colours/51. Brown/MVI_5198.MOV,data/processed/landmarks/include_video/BROWN/4f37456a3755.npz,53,25.0,2.12,0.8113,1.0,,
a1279ed85300,BROWN,include_video,video,,include_video:clip:a1279ed85300,data/raw/include_video/Colours/51. Brown/MVI_5199.MOV,data/processed/landmarks/include_video/BROWN/a1279ed85300.npz,62,25.0,2.48,0.8548,1.0,,
74c8cfcaab8a,BROWN,include_video,video,,include_video:clip:74c8cfcaab8a,data/raw/include_video/Colours/51. Brown/MVI_8616.MP4,data/processed/landmarks/include_video/BROWN/74c8cfcaab8a.npz,63,25.0,2.52,0.746,1.0,,
39377e310cd2,BUS,include_video,video,,include_video:clip:39377e310cd2,data/raw/include_video/Means_of_Transportation/14. Bus/MVI_3126.MOV,data/processed/landmarks/include_video/BUS/39377e310cd2.npz,97,25.0,3.88,0.7629,1.0,,
f35f39212974,BUS,include_video,video,,include_video:clip:f35f39212974,data/raw/include_video/Means_of_Transportation/14. Bus/MVI_3127.MOV,data/processed/landmarks/include_video/BUS/f35f39212974.npz,88,25.0,3.52,0.8523,1.0,,
39c7915ee583,BUS,include_video,video,,include_video:clip:39c7915ee583,data/raw/include_video/Means_of_Transportation/14. Bus/MVI_3128.MOV,data/processed/landmarks/include_video/BUS/39c7915ee583.npz,90,25.0,3.6,0.8,1.0,,
70aa4b63ba26,BUS,include_video,video,,include_video:clip:70aa4b63ba26,data/raw/include_video/Means_of_Transportation/14. Bus/MVI_3155.MOV,data/processed/landmarks/include_video/BUS/70aa4b63ba26.npz,93,25.0,3.72,0.6237,1.0,,
eb7942707f6a,BUS,include_video,video,,include_video:clip:eb7942707f6a,data/raw/include_video/Means_of_Transportation/14. Bus/MVI_3156.MOV,data/processed/landmarks/include_video/BUS/eb7942707f6a.npz,98,25.0,3.92,0.6735,1.0,,
c6c8b8341af7,BUS,include_video,video,,include_video:clip:c6c8b8341af7,data/raw/include_video/Means_of_Transportation/14. Bus/MVI_3157.MOV,data/processed/landmarks/include_video/BUS/c6c8b8341af7.npz,84,25.0,3.36,0.631,1.0,,
0d3c1ad21bb5,BUS,include_video,video,,include_video:clip:0d3c1ad21bb5,data/raw/include_video/Means_of_Transportation/14. Bus/MVI_3184.MOV,data/processed/landmarks/include_video/BUS/0d3c1ad21bb5.npz,83,25.0,3.32,0.7831,1.0,,
5479b0895b87,BUS,include_video,video,,include_video:clip:5479b0895b87,data/raw/include_video/Means_of_Transportation/14. Bus/MVI_3185.MOV,data/processed/landmarks/include_video/BUS/5479b0895b87.npz,90,25.0,3.6,0.8111,1.0,,
ec9e37aa8a2d,BUS,include_video,video,,include_video:clip:ec9e37aa8a2d,data/raw/include_video/Means_of_Transportation/14. Bus/MVI_3186.MOV,data/processed/landmarks/include_video/BUS/ec9e37aa8a2d.npz,97,25.0,3.88,0.8763,1.0,,
4cc63c47d710,BUS,include_video,video,,include_video:clip:4cc63c47d710,data/raw/include_video/Means_of_Transportation/14. Bus/MVI_3218.MOV,data/processed/landmarks/include_video/BUS/4cc63c47d710.npz,92,25.0,3.68,0.7826,1.0,,
ca3a578aa174,BUS,include_video,video,,include_video:clip:ca3a578aa174,data/raw/include_video/Means_of_Transportation/14. Bus/MVI_3219.MOV,data/processed/landmarks/include_video/BUS/ca3a578aa174.npz,76,25.0,3.04,0.7763,1.0,,
ea912f1b2326,BUS,include_video,video,,include_video:clip:ea912f1b2326,data/raw/include_video/Means_of_Transportation/14. Bus/MVI_3220.MOV,data/processed/landmarks/include_video/BUS/ea912f1b2326.npz,86,25.0,3.44,0.7907,1.0,,
4ea5a07cd955,BUS,include_video,video,,include_video:clip:4ea5a07cd955,data/raw/include_video/Means_of_Transportation/14. Bus/MVI_3247.MOV,data/processed/landmarks/include_video/BUS/4ea5a07cd955.npz,67,25.0,2.68,0.791,1.0,,
d67b8a50a6e8,BUS,include_video,video,,include_video:clip:d67b8a50a6e8,data/raw/include_video/Means_of_Transportation/14. Bus/MVI_3248.MOV,data/processed/landmarks/include_video/BUS/d67b8a50a6e8.npz,81,25.0,3.24,0.8642,1.0,,
5669f14d75ab,BUS,include_video,video,,include_video:clip:5669f14d75ab,data/raw/include_video/Means_of_Transportation/14. Bus/MVI_3249.MOV,data/processed/landmarks/include_video/BUS/5669f14d75ab.npz,86,25.0,3.44,0.814,1.0,,
cb98e8bad73c,BUS,include_video,video,,include_video:clip:cb98e8bad73c,data/raw/include_video/Means_of_Transportation/14. Bus/MVI_4185.MOV,data/processed/landmarks/include_video/BUS/cb98e8bad73c.npz,75,25.0,3.0,0.8533,1.0,,
7f144b114378,BUS,include_video,video,,include_video:clip:7f144b114378,data/raw/include_video/Means_of_Transportation/14. Bus/MVI_4186.MOV,data/processed/landmarks/include_video/BUS/7f144b114378.npz,75,25.0,3.0,0.8667,1.0,,
c6328d0d2d09,BUS,include_video,video,,include_video:clip:c6328d0d2d09,data/raw/include_video/Means_of_Transportation/14. Bus/MVI_4187.MOV,data/processed/landmarks/include_video/BUS/c6328d0d2d09.npz,61,25.0,2.44,0.8525,1.0,,
67fb948bcad4,BUS,include_video,video,,include_video:clip:67fb948bcad4,data/raw/include_video/Means_of_Transportation/14. Bus/MVI_8589.MP4,data/processed/landmarks/include_video/BUS/67fb948bcad4.npz,87,25.0,3.48,0.7816,1.0,,
9e1462ee4fc4,BUS,include_video,video,,include_video:clip:9e1462ee4fc4,data/raw/include_video/Means_of_Transportation/14. Bus/MVI_8590.MP4,data/processed/landmarks/include_video/BUS/9e1462ee4fc4.npz,79,25.0,3.16,0.7722,1.0,,
d667f6c09d64,CAMERA,include_video,video,,include_video:clip:d667f6c09d64,data/raw/include_video/Electronics/58. Camera/MVI_4553.MOV,data/processed/landmarks/include_video/CAMERA/d667f6c09d64.npz,49,25.0,1.96,0.7959,0.9796,,
aebcd5ba7521,CAMERA,include_video,video,,include_video:clip:aebcd5ba7521,data/raw/include_video/Electronics/58. Camera/MVI_4554.MOV,data/processed/landmarks/include_video/CAMERA/aebcd5ba7521.npz,49,25.0,1.96,0.7347,1.0,,
d666692bc15e,CAMERA,include_video,video,,include_video:clip:d666692bc15e,data/raw/include_video/Electronics/58. Camera/MVI_4555.MOV,data/processed/landmarks/include_video/CAMERA/d666692bc15e.npz,52,25.0,2.08,0.7308,1.0,,
67078cde0bb1,CAMERA,include_video,video,,include_video:clip:67078cde0bb1,data/raw/include_video/Electronics/58. Camera/MVI_4556.MOV,data/processed/landmarks/include_video/CAMERA/67078cde0bb1.npz,47,25.0,1.88,0.7234,1.0,,
87f437aa46f4,CAMERA,include_video,video,,include_video:clip:87f437aa46f4,data/raw/include_video/Electronics/58. Camera/MVI_4979.MOV,data/processed/landmarks/include_video/CAMERA/87f437aa46f4.npz,47,25.0,1.88,0.5319,1.0,,
488fa8ffa637,CAMERA,include_video,video,,include_video:clip:488fa8ffa637,data/raw/include_video/Electronics/58. Camera/MVI_4980.MOV,data/processed/landmarks/include_video/CAMERA/488fa8ffa637.npz,47,25.0,1.88,0.5532,1.0,,
09480e051c5b,CAMERA,include_video,video,,include_video:clip:09480e051c5b,data/raw/include_video/Electronics/58. Camera/MVI_4981.MOV,data/processed/landmarks/include_video/CAMERA/09480e051c5b.npz,53,25.0,2.12,0.717,1.0,,
282d72185f66,CAMERA,include_video,video,,include_video:clip:282d72185f66,data/raw/include_video/Electronics/58. Camera/MVI_5407.MOV,data/processed/landmarks/include_video/CAMERA/282d72185f66.npz,51,25.0,2.04,0.7843,1.0,,
25db57e331df,CAMERA,include_video,video,,include_video:clip:25db57e331df,data/raw/include_video/Electronics/58. Camera/MVI_5408.MOV,data/processed/landmarks/include_video/CAMERA/25db57e331df.npz,52,25.0,2.08,0.8077,1.0,,
7e86b359fc9e,CAMERA,include_video,video,,include_video:clip:7e86b359fc9e,data/raw/include_video/Electronics/58. Camera/MVI_5409.MOV,data/processed/landmarks/include_video/CAMERA/7e86b359fc9e.npz,61,25.0,2.44,0.8197,1.0,,
c2159fcc7842,CAMERA,include_video,video,,include_video:clip:c2159fcc7842,data/raw/include_video/Electronics/58. Camera/MVI_5410.MOV,data/processed/landmarks/include_video/CAMERA/c2159fcc7842.npz,65,25.0,2.6,0.8308,1.0,,
363dfa0e8bf0,CAMERA,include_video,video,,include_video:clip:363dfa0e8bf0,data/raw/include_video/Electronics/58. Camera/MVI_9113.MP4,data/processed/landmarks/include_video/CAMERA/363dfa0e8bf0.npz,67,25.0,2.68,0.8209,1.0,,
47c921dd2eea,CAMERA,include_video,video,,include_video:clip:47c921dd2eea,data/raw/include_video/Electronics/58. Camera/MVI_9114.MP4,data/processed/landmarks/include_video/CAMERA/47c921dd2eea.npz,64,25.0,2.56,0.8125,1.0,,
2fb373079b0b,CAMERA,include_video,video,,include_video:clip:2fb373079b0b,data/raw/include_video/Electronics/58. Camera/MVI_9115.MP4,data/processed/landmarks/include_video/CAMERA/2fb373079b0b.npz,57,25.0,2.28,0.7895,1.0,,
26a8d5f4692a,CAR,include_video,video,,include_video:clip:26a8d5f4692a,data/raw/include_video/Means_of_Transportation/11. Car/MVI_3116.MOV,data/processed/landmarks/include_video/CAR/26a8d5f4692a.npz,106,25.0,4.24,0.8585,1.0,,
058c5ff243af,CAR,include_video,video,,include_video:clip:058c5ff243af,data/raw/include_video/Means_of_Transportation/11. Car/MVI_3117.MOV,data/processed/landmarks/include_video/CAR/058c5ff243af.npz,98,25.0,3.92,0.9082,1.0,,
f21e9c1a62f6,CAR,include_video,video,,include_video:clip:f21e9c1a62f6,data/raw/include_video/Means_of_Transportation/11. Car/MVI_3118.MOV,data/processed/landmarks/include_video/CAR/f21e9c1a62f6.npz,117,25.0,4.68,0.9316,1.0,,
fec3d5524f9d,CAR,include_video,video,,include_video:clip:fec3d5524f9d,data/raw/include_video/Means_of_Transportation/11. Car/MVI_3145.MOV,data/processed/landmarks/include_video/CAR/fec3d5524f9d.npz,138,25.0,5.52,0.8406,1.0,,
863df50e4f3d,CAR,include_video,video,,include_video:clip:863df50e4f3d,data/raw/include_video/Means_of_Transportation/11. Car/MVI_3146.MOV,data/processed/landmarks/include_video/CAR/863df50e4f3d.npz,148,25.0,5.92,0.8784,1.0,,
e7fde3ce6ec9,CAR,include_video,video,,include_video:clip:e7fde3ce6ec9,data/raw/include_video/Means_of_Transportation/11. Car/MVI_3147.MOV,data/processed/landmarks/include_video/CAR/e7fde3ce6ec9.npz,154,25.0,6.16,0.8831,1.0,,
04baa5f61ddd,CAR,include_video,video,,include_video:clip:04baa5f61ddd,data/raw/include_video/Means_of_Transportation/11. Car/MVI_3174.MOV,data/processed/landmarks/include_video/CAR/04baa5f61ddd.npz,97,25.0,3.88,0.6495,1.0,,
48b13e187cf4,CAR,include_video,video,,include_video:clip:48b13e187cf4,data/raw/include_video/Means_of_Transportation/11. Car/MVI_3175.MOV,data/processed/landmarks/include_video/CAR/48b13e187cf4.npz,96,25.0,3.84,0.8333,1.0,,
83ac4730a3b2,CAR,include_video,video,,include_video:clip:83ac4730a3b2,data/raw/include_video/Means_of_Transportation/11. Car/MVI_3176.MOV,data/processed/landmarks/include_video/CAR/83ac4730a3b2.npz,95,25.0,3.8,0.9053,1.0,,
8edfa7b3fee1,CAR,include_video,video,,include_video:clip:8edfa7b3fee1,data/raw/include_video/Means_of_Transportation/11. Car/MVI_3209.MOV,data/processed/landmarks/include_video/CAR/8edfa7b3fee1.npz,111,25.0,4.44,0.964,1.0,,
6c2ac6bbee25,CAR,include_video,video,,include_video:clip:6c2ac6bbee25,data/raw/include_video/Means_of_Transportation/11. Car/MVI_3210.MOV,data/processed/landmarks/include_video/CAR/6c2ac6bbee25.npz,99,25.0,3.96,0.9495,1.0,,
ce0a1b213da0,CAR,include_video,video,,include_video:clip:ce0a1b213da0,data/raw/include_video/Means_of_Transportation/11. Car/MVI_3211.MOV,data/processed/landmarks/include_video/CAR/ce0a1b213da0.npz,96,25.0,3.84,0.9479,1.0,,
2b103709b67a,CAR,include_video,video,,include_video:clip:2b103709b67a,data/raw/include_video/Means_of_Transportation/11. Car/MVI_3238.MOV,data/processed/landmarks/include_video/CAR/2b103709b67a.npz,104,25.0,4.16,0.9519,1.0,,
b1359c082a75,CAR,include_video,video,,include_video:clip:b1359c082a75,data/raw/include_video/Means_of_Transportation/11. Car/MVI_3239.MOV,data/processed/landmarks/include_video/CAR/b1359c082a75.npz,108,25.0,4.32,0.9167,1.0,,
8017f08264ec,CAR,include_video,video,,include_video:clip:8017f08264ec,data/raw/include_video/Means_of_Transportation/11. Car/MVI_3240.MOV,data/processed/landmarks/include_video/CAR/8017f08264ec.npz,97,25.0,3.88,0.9381,1.0,,
9127ea2c7b7c,CAR,include_video,video,,include_video:clip:9127ea2c7b7c,data/raw/include_video/Means_of_Transportation/11. Car/MVI_4176.MOV,data/processed/landmarks/include_video/CAR/9127ea2c7b7c.npz,75,25.0,3.0,0.8267,1.0,,
4477f49ee295,CAR,include_video,video,,include_video:clip:4477f49ee295,data/raw/include_video/Means_of_Transportation/11. Car/MVI_4177.MOV,data/processed/landmarks/include_video/CAR/4477f49ee295.npz,83,25.0,3.32,0.8554,1.0,,
67e8f6a2233a,CAR,include_video,video,,include_video:clip:67e8f6a2233a,data/raw/include_video/Means_of_Transportation/11. Car/MVI_4178.MOV,data/processed/landmarks/include_video/CAR/67e8f6a2233a.npz,77,25.0,3.08,0.8571,1.0,,
f0b154686bcf,CAR,include_video,video,,include_video:clip:f0b154686bcf,data/raw/include_video/Means_of_Transportation/11. Car/MVI_8583.MP4,data/processed/landmarks/include_video/CAR/f0b154686bcf.npz,92,25.0,3.68,0.4348,1.0,low_hand_detection,
9747dbacc468,CAR,include_video,video,,include_video:clip:9747dbacc468,data/raw/include_video/Means_of_Transportation/11. Car/MVI_8584.MP4,data/processed/landmarks/include_video/CAR/9747dbacc468.npz,87,25.0,3.48,0.4483,1.0,low_hand_detection,
b3e15ca2bfd1,CARD,include_video,video,,include_video:clip:b3e15ca2bfd1,data/raw/include_video/Home/48. Card/MVI_4445.MOV,data/processed/landmarks/include_video/CARD/b3e15ca2bfd1.npz,54,25.0,2.16,0.8889,1.0,,
bfba528abb6d,CARD,include_video,video,,include_video:clip:bfba528abb6d,data/raw/include_video/Home/48. Card/MVI_4446.MOV,data/processed/landmarks/include_video/CARD/bfba528abb6d.npz,56,25.0,2.24,0.8929,1.0,,
8bfddb1f3110,CARD,include_video,video,,include_video:clip:8bfddb1f3110,data/raw/include_video/Home/48. Card/MVI_4447.MOV,data/processed/landmarks/include_video/CARD/8bfddb1f3110.npz,62,25.0,2.48,0.9194,1.0,,
29ada1fb1d2d,CARD,include_video,video,,include_video:clip:29ada1fb1d2d,data/raw/include_video/Home/48. Card/MVI_4448.MOV,data/processed/landmarks/include_video/CARD/29ada1fb1d2d.npz,62,25.0,2.48,0.8871,1.0,,
47caa7127dea,CARD,include_video,video,,include_video:clip:47caa7127dea,data/raw/include_video/Home/48. Card/MVI_4950.MOV,data/processed/landmarks/include_video/CARD/47caa7127dea.npz,66,25.0,2.64,0.7727,1.0,,
7bb4e81f3582,CARD,include_video,video,,include_video:clip:7bb4e81f3582,data/raw/include_video/Home/48. Card/MVI_4951.MOV,data/processed/landmarks/include_video/CARD/7bb4e81f3582.npz,70,25.0,2.8,0.8429,1.0,,
09ae5ca71450,CARD,include_video,video,,include_video:clip:09ae5ca71450,data/raw/include_video/Home/48. Card/MVI_4952.MOV,data/processed/landmarks/include_video/CARD/09ae5ca71450.npz,61,25.0,2.44,0.7869,1.0,,
8ed6f402102f,CARD,include_video,video,,include_video:clip:8ed6f402102f,data/raw/include_video/Home/48. Card/MVI_8851.MP4,data/processed/landmarks/include_video/CARD/8ed6f402102f.npz,83,25.0,3.32,0.8554,1.0,,
7c188edb2ac2,CARD,include_video,video,,include_video:clip:7c188edb2ac2,data/raw/include_video/Home/48. Card/MVI_8852.MP4,data/processed/landmarks/include_video/CARD/7c188edb2ac2.npz,88,25.0,3.52,0.8636,1.0,,
897f5abbbb27,CARD,include_video,video,,include_video:clip:897f5abbbb27,data/raw/include_video/Home/48. Card/MVI_8853.MP4,data/processed/landmarks/include_video/CARD/897f5abbbb27.npz,81,25.0,3.24,0.8642,1.0,,
bc2f0185f8dd,CARD,include_video,video,,include_video:clip:bc2f0185f8dd,data/raw/include_video/Home/48. Card/MVI_8854.MP4,data/processed/landmarks/include_video/CARD/bc2f0185f8dd.npz,83,25.0,3.32,0.8916,1.0,,
ba4aaa27bf88,CARD,include_video,video,,include_video:clip:ba4aaa27bf88,data/raw/include_video/Home/48. Card/MVI_9082.MP4,data/processed/landmarks/include_video/CARD/ba4aaa27bf88.npz,73,25.0,2.92,0.7945,1.0,,
824bdae44886,CARD,include_video,video,,include_video:clip:824bdae44886,data/raw/include_video/Home/48. Card/MVI_9083.MP4,data/processed/landmarks/include_video/CARD/824bdae44886.npz,79,25.0,3.16,0.8481,1.0,,
6941aef2837a,CARD,include_video,video,,include_video:clip:6941aef2837a,data/raw/include_video/Home/48. Card/MVI_9084.MP4,data/processed/landmarks/include_video/CARD/6941aef2837a.npz,80,25.0,3.2,0.85,1.0,,
1ef3599b10e8,CAT,include_video,video,,include_video:clip:1ef3599b10e8,data/raw/include_video/Animals/2. Cat/MVI_2981.MOV,data/processed/landmarks/include_video/CAT/1ef3599b10e8.npz,74,25.0,2.96,0.7568,1.0,,
d532734fc4a7,CAT,include_video,video,,include_video:clip:d532734fc4a7,data/raw/include_video/Animals/2. Cat/MVI_2982.MOV,data/processed/landmarks/include_video/CAT/d532734fc4a7.npz,55,25.0,2.2,0.6909,1.0,,
d2e7d70847e0,CAT,include_video,video,,include_video:clip:d2e7d70847e0,data/raw/include_video/Animals/2. Cat/MVI_2983.MOV,data/processed/landmarks/include_video/CAT/d2e7d70847e0.npz,81,25.0,3.24,0.8395,1.0,,
6f6522cb613c,CAT,include_video,video,,include_video:clip:6f6522cb613c,data/raw/include_video/Animals/2. Cat/MVI_3005.MOV,data/processed/landmarks/include_video/CAT/6f6522cb613c.npz,77,25.0,3.08,0.8701,1.0,,
09b410407edb,CAT,include_video,video,,include_video:clip:09b410407edb,data/raw/include_video/Animals/2. Cat/MVI_3006.MOV,data/processed/landmarks/include_video/CAT/09b410407edb.npz,90,25.0,3.6,0.8778,1.0,,
cdcf08208932,CAT,include_video,video,,include_video:clip:cdcf08208932,data/raw/include_video/Animals/2. Cat/MVI_3007.MOV,data/processed/landmarks/include_video/CAT/cdcf08208932.npz,73,25.0,2.92,0.8219,1.0,,
1ee44d07b35b,CAT,include_video,video,,include_video:clip:1ee44d07b35b,data/raw/include_video/Animals/2. Cat/MVI_3031.MOV,data/processed/landmarks/include_video/CAT/1ee44d07b35b.npz,64,25.0,2.56,0.7812,1.0,,
16d4f4510fca,CAT,include_video,video,,include_video:clip:16d4f4510fca,data/raw/include_video/Animals/2. Cat/MVI_3032.MOV,data/processed/landmarks/include_video/CAT/16d4f4510fca.npz,81,25.0,3.24,0.8642,1.0,,
232a2a997f15,CAT,include_video,video,,include_video:clip:232a2a997f15,data/raw/include_video/Animals/2. Cat/MVI_3033.MOV,data/processed/landmarks/include_video/CAT/232a2a997f15.npz,95,25.0,3.8,0.8737,1.0,,
16059b5b19ee,CAT,include_video,video,,include_video:clip:16059b5b19ee,data/raw/include_video/Animals/2. Cat/MVI_3063.MOV,data/processed/landmarks/include_video/CAT/16059b5b19ee.npz,74,25.0,2.96,0.8108,1.0,,
76b956bab926,CAT,include_video,video,,include_video:clip:76b956bab926,data/raw/include_video/Animals/2. Cat/MVI_3064.MOV,data/processed/landmarks/include_video/CAT/76b956bab926.npz,77,25.0,3.08,0.8182,1.0,,
dc76dcdc6d9e,CAT,include_video,video,,include_video:clip:dc76dcdc6d9e,data/raw/include_video/Animals/2. Cat/MVI_3065.MOV,data/processed/landmarks/include_video/CAT/dc76dcdc6d9e.npz,80,25.0,3.2,0.825,1.0,,
32c32f776511,CAT,include_video,video,,include_video:clip:32c32f776511,data/raw/include_video/Animals/2. Cat/MVI_3088.MOV,data/processed/landmarks/include_video/CAT/32c32f776511.npz,70,25.0,2.8,0.7857,1.0,,
0183d6ecb1ed,CAT,include_video,video,,include_video:clip:0183d6ecb1ed,data/raw/include_video/Animals/2. Cat/MVI_3089.MOV,data/processed/landmarks/include_video/CAT/0183d6ecb1ed.npz,80,25.0,3.2,0.7875,1.0,,
f415fc55648c,CAT,include_video,video,,include_video:clip:f415fc55648c,data/raw/include_video/Animals/2. Cat/MVI_3090.MOV,data/processed/landmarks/include_video/CAT/f415fc55648c.npz,79,25.0,3.16,0.7975,1.0,,
a25569be4728,CAT,include_video,video,,include_video:clip:a25569be4728,data/raw/include_video/Animals/2. Cat/MVI_4149.MOV,data/processed/landmarks/include_video/CAT/a25569be4728.npz,61,25.0,2.44,0.8361,1.0,,
1fa169f837c6,CAT,include_video,video,,include_video:clip:1fa169f837c6,data/raw/include_video/Animals/2. Cat/MVI_4150.MOV,data/processed/landmarks/include_video/CAT/1fa169f837c6.npz,59,25.0,2.36,0.7797,1.0,,
7dc8611d9f34,CAT,include_video,video,,include_video:clip:7dc8611d9f34,data/raw/include_video/Animals/2. Cat/MVI_4151.MOV,data/processed/landmarks/include_video/CAT/7dc8611d9f34.npz,48,25.0,1.92,0.7917,1.0,,
03aa2f61c15b,CAT,include_video,video,,include_video:clip:03aa2f61c15b,data/raw/include_video/Animals/2. Cat/MVI_8562.MP4,data/processed/landmarks/include_video/CAT/03aa2f61c15b.npz,77,25.0,3.08,0.3247,1.0,low_hand_detection,
e8c3c6bdd857,CAT,include_video,video,,include_video:clip:e8c3c6bdd857,data/raw/include_video/Animals/2. Cat/MVI_8563.MP4,data/processed/landmarks/include_video/CAT/e8c3c6bdd857.npz,69,25.0,2.76,0.3768,1.0,low_hand_detection,
1b9ce00694a5,CELL_PHONE,include_video,video,,include_video:clip:1b9ce00694a5,data/raw/include_video/Electronics/54. Cell phone/MVI_4537.MOV,data/processed/landmarks/include_video/CELL_PHONE/1b9ce00694a5.npz,48,25.0,1.92,1.0,1.0,,
bcaa34b0e549,CELL_PHONE,include_video,video,,include_video:clip:bcaa34b0e549,data/raw/include_video/Electronics/54. Cell phone/MVI_4538.MOV,data/processed/landmarks/include_video/CELL_PHONE/bcaa34b0e549.npz,47,25.0,1.88,1.0,1.0,,
a179127b9003,CELL_PHONE,include_video,video,,include_video:clip:a179127b9003,data/raw/include_video/Electronics/54. Cell phone/MVI_4539.MOV,data/processed/landmarks/include_video/CELL_PHONE/a179127b9003.npz,53,25.0,2.12,1.0,0.9623,,
b9a7eb37c079,CELL_PHONE,include_video,video,,include_video:clip:b9a7eb37c079,data/raw/include_video/Electronics/54. Cell phone/MVI_4540.MOV,data/processed/landmarks/include_video/CELL_PHONE/b9a7eb37c079.npz,45,25.0,1.8,0.8667,1.0,,
e9af520aabeb,CELL_PHONE,include_video,video,,include_video:clip:e9af520aabeb,data/raw/include_video/Electronics/54. Cell phone/MVI_4967.MOV,data/processed/landmarks/include_video/CELL_PHONE/e9af520aabeb.npz,55,25.0,2.2,0.4909,1.0,low_hand_detection,
436450dae938,CELL_PHONE,include_video,video,,include_video:clip:436450dae938,data/raw/include_video/Electronics/54. Cell phone/MVI_4968.MOV,data/processed/landmarks/include_video/CELL_PHONE/436450dae938.npz,59,25.0,2.36,0.6441,1.0,,
e17d09bcdce1,CELL_PHONE,include_video,video,,include_video:clip:e17d09bcdce1,data/raw/include_video/Electronics/54. Cell phone/MVI_4969.MOV,data/processed/landmarks/include_video/CELL_PHONE/e17d09bcdce1.npz,68,25.0,2.72,0.6324,1.0,,
155cbb260dc1,CELL_PHONE,include_video,video,,include_video:clip:155cbb260dc1,data/raw/include_video/Electronics/54. Cell phone/MVI_5391.MOV,data/processed/landmarks/include_video/CELL_PHONE/155cbb260dc1.npz,46,25.0,1.84,1.0,1.0,,
1a5a5afd4ae6,CELL_PHONE,include_video,video,,include_video:clip:1a5a5afd4ae6,data/raw/include_video/Electronics/54. Cell phone/MVI_5392.MOV,data/processed/landmarks/include_video/CELL_PHONE/1a5a5afd4ae6.npz,53,25.0,2.12,1.0,1.0,,
a7c794f8dfe9,CELL_PHONE,include_video,video,,include_video:clip:a7c794f8dfe9,data/raw/include_video/Electronics/54. Cell phone/MVI_5393.MOV,data/processed/landmarks/include_video/CELL_PHONE/a7c794f8dfe9.npz,53,25.0,2.12,1.0,1.0,,
b277ddfb3481,CELL_PHONE,include_video,video,,include_video:clip:b277ddfb3481,data/raw/include_video/Electronics/54. Cell phone/MVI_5394.MOV,data/processed/landmarks/include_video/CELL_PHONE/b277ddfb3481.npz,60,25.0,2.4,1.0,1.0,,
85c2bdce92b4,CELL_PHONE,include_video,video,,include_video:clip:85c2bdce92b4,data/raw/include_video/Electronics/54. Cell phone/MVI_9100.MP4,data/processed/landmarks/include_video/CELL_PHONE/85c2bdce92b4.npz,73,25.0,2.92,1.0,1.0,,
e3318418d438,CELL_PHONE,include_video,video,,include_video:clip:e3318418d438,data/raw/include_video/Electronics/54. Cell phone/MVI_9101.MP4,data/processed/landmarks/include_video/CELL_PHONE/e3318418d438.npz,69,25.0,2.76,1.0,1.0,,
c22c61c12467,CELL_PHONE,include_video,video,,include_video:clip:c22c61c12467,data/raw/include_video/Electronics/54. Cell phone/MVI_9102.MP4,data/processed/landmarks/include_video/CELL_PHONE/c22c61c12467.npz,62,25.0,2.48,1.0,1.0,,
0635d9d9cdf1,CHAIR,include_video,video,,include_video:clip:0635d9d9cdf1,data/raw/include_video/Home/25. Chair/MVI_4348.MOV,data/processed/landmarks/include_video/CHAIR/0635d9d9cdf1.npz,52,25.0,2.08,0.7885,1.0,,
3b94263e631e,CHAIR,include_video,video,,include_video:clip:3b94263e631e,data/raw/include_video/Home/25. Chair/MVI_4349.MOV,data/processed/landmarks/include_video/CHAIR/3b94263e631e.npz,42,25.0,1.68,0.6667,1.0,,
7daf37f820b2,CHAIR,include_video,video,,include_video:clip:7daf37f820b2,data/raw/include_video/Home/25. Chair/MVI_4350.MOV,data/processed/landmarks/include_video/CHAIR/7daf37f820b2.npz,49,25.0,1.96,0.6735,1.0,,
07669747b368,CHAIR,include_video,video,,include_video:clip:07669747b368,data/raw/include_video/Home/25. Chair/MVI_4351.MOV,data/processed/landmarks/include_video/CHAIR/07669747b368.npz,44,25.0,1.76,0.6591,1.0,,
4c095ee45ce0,CHAIR,include_video,video,,include_video:clip:4c095ee45ce0,data/raw/include_video/Home/25. Chair/MVI_4872.MOV,data/processed/landmarks/include_video/CHAIR/4c095ee45ce0.npz,52,25.0,2.08,0.5192,1.0,,
d353b6d56c83,CHAIR,include_video,video,,include_video:clip:d353b6d56c83,data/raw/include_video/Home/25. Chair/MVI_4873.MOV,data/processed/landmarks/include_video/CHAIR/d353b6d56c83.npz,55,25.0,2.2,0.7455,1.0,,
a5654fb94436,CHAIR,include_video,video,,include_video:clip:a5654fb94436,data/raw/include_video/Home/25. Chair/MVI_4874.MOV,data/processed/landmarks/include_video/CHAIR/a5654fb94436.npz,51,25.0,2.04,0.7843,1.0,,
78607f73e8e0,CHAIR,include_video,video,,include_video:clip:78607f73e8e0,data/raw/include_video/Home/25. Chair/MVI_8754.MP4,data/processed/landmarks/include_video/CHAIR/78607f73e8e0.npz,59,25.0,2.36,0.6441,1.0,,
080dfac28547,CHAIR,include_video,video,,include_video:clip:080dfac28547,data/raw/include_video/Home/25. Chair/MVI_8755.MP4,data/processed/landmarks/include_video/CHAIR/080dfac28547.npz,66,25.0,2.64,0.697,1.0,,
5b5956c38252,CHAIR,include_video,video,,include_video:clip:5b5956c38252,data/raw/include_video/Home/25. Chair/MVI_8756.MP4,data/processed/landmarks/include_video/CHAIR/5b5956c38252.npz,50,25.0,2.0,0.6,1.0,,
a2bc4f538838,CHAIR,include_video,video,,include_video:clip:a2bc4f538838,data/raw/include_video/Home/25. Chair/MVI_8757.MP4,data/processed/landmarks/include_video/CHAIR/a2bc4f538838.npz,60,25.0,2.4,0.6833,1.0,,
493c932e9646,CHAIR,include_video,video,,include_video:clip:493c932e9646,data/raw/include_video/Home/25. Chair/MVI_9004.MP4,data/processed/landmarks/include_video/CHAIR/493c932e9646.npz,54,25.0,2.16,0.7778,1.0,,
4afd6025072d,CHAIR,include_video,video,,include_video:clip:4afd6025072d,data/raw/include_video/Home/25. Chair/MVI_9005.MP4,data/processed/landmarks/include_video/CHAIR/4afd6025072d.npz,47,25.0,1.88,0.7234,1.0,,
238edfb2d87c,CHAIR,include_video,video,,include_video:clip:238edfb2d87c,data/raw/include_video/Home/25. Chair/MVI_9006.MP4,data/processed/landmarks/include_video/CHAIR/238edfb2d87c.npz,61,25.0,2.44,0.8033,1.0,,
40d99aa483a9,CHEAP,include_video,video,,include_video:clip:40d99aa483a9,data/raw/include_video/Adjectives/16. cheap/MVI_9617.MOV,data/processed/landmarks/include_video/CHEAP/40d99aa483a9.npz,56,25.0,2.24,1.0,1.0,,
5de9b570ffa2,CHEAP,include_video,video,,include_video:clip:5de9b570ffa2,data/raw/include_video/Adjectives/16. cheap/MVI_9618.MOV,data/processed/landmarks/include_video/CHEAP/5de9b570ffa2.npz,64,25.0,2.56,1.0,1.0,,
b47bccaf5b8a,CHEAP,include_video,video,,include_video:clip:b47bccaf5b8a,data/raw/include_video/Adjectives/16. cheap/MVI_9619.MOV,data/processed/landmarks/include_video/CHEAP/b47bccaf5b8a.npz,65,25.0,2.6,1.0,1.0,,
ad4bc6c39a8b,CHEAP,include_video,video,,include_video:clip:ad4bc6c39a8b,data/raw/include_video/Adjectives/16. cheap/MVI_9620.MOV,data/processed/landmarks/include_video/CHEAP/ad4bc6c39a8b.npz,60,25.0,2.4,1.0,1.0,,
70be0e5bd251,CHEAP,include_video,video,,include_video:clip:70be0e5bd251,data/raw/include_video/Adjectives/16. cheap/MVI_9750.MOV,data/processed/landmarks/include_video/CHEAP/70be0e5bd251.npz,61,25.0,2.44,1.0,1.0,,
3e0323a50b97,CHEAP,include_video,video,,include_video:clip:3e0323a50b97,data/raw/include_video/Adjectives/16. cheap/MVI_9751.MOV,data/processed/landmarks/include_video/CHEAP/3e0323a50b97.npz,70,25.0,2.8,1.0,1.0,,
ed25274f3f53,CHEAP,include_video,video,,include_video:clip:ed25274f3f53,data/raw/include_video/Adjectives/16. cheap/MVI_9752.MOV,data/processed/landmarks/include_video/CHEAP/ed25274f3f53.npz,66,25.0,2.64,1.0,1.0,,
eb190a4b35c1,CHEAP,include_video,video,,include_video:clip:eb190a4b35c1,data/raw/include_video/Adjectives/16. cheap/MVI_9754.MOV,data/processed/landmarks/include_video/CHEAP/eb190a4b35c1.npz,60,25.0,2.4,1.0,1.0,,
abcf64872a66,CLEAN,include_video,video,,include_video:clip:abcf64872a66,data/raw/include_video/Adjectives/29. clean/MVI_9679.MOV,data/processed/landmarks/include_video/CLEAN/abcf64872a66.npz,69,25.0,2.76,0.8696,1.0,,
ff160bd8fce2,CLEAN,include_video,video,,include_video:clip:ff160bd8fce2,data/raw/include_video/Adjectives/29. clean/MVI_9680.MOV,data/processed/landmarks/include_video/CLEAN/ff160bd8fce2.npz,65,25.0,2.6,0.6923,1.0,,
aeb9cdbae495,CLEAN,include_video,video,,include_video:clip:aeb9cdbae495,data/raw/include_video/Adjectives/29. clean/MVI_9681.MOV,data/processed/landmarks/include_video/CLEAN/aeb9cdbae495.npz,65,25.0,2.6,0.7692,1.0,,
22296ff6f181,CLEAN,include_video,video,,include_video:clip:22296ff6f181,data/raw/include_video/Adjectives/29. clean/MVI_9682.MOV,data/processed/landmarks/include_video/CLEAN/22296ff6f181.npz,65,25.0,2.6,0.6923,1.0,,
0837194cfe7d,CLEAN,include_video,video,,include_video:clip:0837194cfe7d,data/raw/include_video/Adjectives/29. clean/MVI_9806.MOV,data/processed/landmarks/include_video/CLEAN/0837194cfe7d.npz,65,25.0,2.6,0.8154,1.0,,
c6b614804dd7,CLEAN,include_video,video,,include_video:clip:c6b614804dd7,data/raw/include_video/Adjectives/29. clean/MVI_9807.MOV,data/processed/landmarks/include_video/CLEAN/c6b614804dd7.npz,61,25.0,2.44,0.8525,1.0,,
74cf1d325aaa,CLEAN,include_video,video,,include_video:clip:74cf1d325aaa,data/raw/include_video/Adjectives/29. clean/MVI_9808.MOV,data/processed/landmarks/include_video/CLEAN/74cf1d325aaa.npz,59,25.0,2.36,0.8305,1.0,,
0202ea124591,CLEAN,include_video,video,,include_video:clip:0202ea124591,data/raw/include_video/Adjectives/29. clean/MVI_9809.MOV,data/processed/landmarks/include_video/CLEAN/0202ea124591.npz,59,25.0,2.36,0.8475,1.0,,
6c683891ad2a,CLOCK,include_video,video,,include_video:clip:6c683891ad2a,data/raw/include_video/Electronics/51. Clock/MVI_4524.MOV,data/processed/landmarks/include_video/CLOCK/6c683891ad2a.npz,79,25.0,3.16,0.8861,1.0,,
c1fcd9c551c4,CLOCK,include_video,video,,include_video:clip:c1fcd9c551c4,data/raw/include_video/Electronics/51. Clock/MVI_4525.MOV,data/processed/landmarks/include_video/CLOCK/c1fcd9c551c4.npz,102,25.0,4.08,0.9608,1.0,,
3f2f64df2e4d,CLOCK,include_video,video,,include_video:clip:3f2f64df2e4d,data/raw/include_video/Electronics/51. Clock/MVI_4526.MOV,data/processed/landmarks/include_video/CLOCK/3f2f64df2e4d.npz,85,25.0,3.4,0.9529,0.9882,,
7d4bdcb5058a,CLOCK,include_video,video,,include_video:clip:7d4bdcb5058a,data/raw/include_video/Electronics/51. Clock/MVI_4527.MOV,data/processed/landmarks/include_video/CLOCK/7d4bdcb5058a.npz,90,25.0,3.6,0.9444,1.0,,
15176fa1a2a2,CLOCK,include_video,video,,include_video:clip:15176fa1a2a2,data/raw/include_video/Electronics/51. Clock/MVI_4959.MOV,data/processed/landmarks/include_video/CLOCK/15176fa1a2a2.npz,58,25.0,2.32,0.6207,1.0,,
a422cda9891d,CLOCK,include_video,video,,include_video:clip:a422cda9891d,data/raw/include_video/Electronics/51. Clock/MVI_4960.MOV,data/processed/landmarks/include_video/CLOCK/a422cda9891d.npz,57,25.0,2.28,0.6667,1.0,,
ccdd3ada797d,CLOCK,include_video,video,,include_video:clip:ccdd3ada797d,data/raw/include_video/Electronics/51. Clock/MVI_5379.MOV,data/processed/landmarks/include_video/CLOCK/ccdd3ada797d.npz,57,25.0,2.28,0.9825,1.0,,
9b7e6ab2a05e,CLOCK,include_video,video,,include_video:clip:9b7e6ab2a05e,data/raw/include_video/Electronics/51. Clock/MVI_5380.MOV,data/processed/landmarks/include_video/CLOCK/9b7e6ab2a05e.npz,63,25.0,2.52,0.9683,1.0,,
81666e882fc3,CLOCK,include_video,video,,include_video:clip:81666e882fc3,data/raw/include_video/Electronics/51. Clock/MVI_5381.MOV,data/processed/landmarks/include_video/CLOCK/81666e882fc3.npz,59,25.0,2.36,0.9492,1.0,,
fc61628f822d,CLOCK,include_video,video,,include_video:clip:fc61628f822d,data/raw/include_video/Electronics/51. Clock/MVI_5382.MOV,data/processed/landmarks/include_video/CLOCK/fc61628f822d.npz,74,25.0,2.96,0.9459,1.0,,
0419798c2d59,CLOCK,include_video,video,,include_video:clip:0419798c2d59,data/raw/include_video/Electronics/51. Clock/MVI_9091.MP4,data/processed/landmarks/include_video/CLOCK/0419798c2d59.npz,81,25.0,3.24,0.9506,1.0,,
66cf67763b5d,CLOCK,include_video,video,,include_video:clip:66cf67763b5d,data/raw/include_video/Electronics/51. Clock/MVI_9092.MP4,data/processed/landmarks/include_video/CLOCK/66cf67763b5d.npz,82,25.0,3.28,0.9756,1.0,,
398a08e55ab0,CLOCK,include_video,video,,include_video:clip:398a08e55ab0,data/raw/include_video/Electronics/51. Clock/MVI_9093.MP4,data/processed/landmarks/include_video/CLOCK/398a08e55ab0.npz,84,25.0,3.36,0.9881,1.0,,
24193bb295b7,CLOTHING,include_video,video,,include_video:clip:24193bb295b7,data/raw/include_video/Clothes/46. Clothing/MVI_3716.MOV,data/processed/landmarks/include_video/CLOTHING/24193bb295b7.npz,61,25.0,2.44,1.0,1.0,,
ca6bb0d694c4,CLOTHING,include_video,video,,include_video:clip:ca6bb0d694c4,data/raw/include_video/Clothes/46. Clothing/MVI_3717.MOV,data/processed/landmarks/include_video/CLOTHING/ca6bb0d694c4.npz,61,25.0,2.44,1.0,1.0,,
aa31aaef14b3,CLOTHING,include_video,video,,include_video:clip:aa31aaef14b3,data/raw/include_video/Clothes/46. Clothing/MVI_3718.MOV,data/processed/landmarks/include_video/CLOTHING/aa31aaef14b3.npz,53,25.0,2.12,1.0,1.0,,
b681f7774b4a,CLOTHING,include_video,video,,include_video:clip:b681f7774b4a,data/raw/include_video/Clothes/46. Clothing/MVI_3863.MOV,data/processed/landmarks/include_video/CLOTHING/b681f7774b4a.npz,83,25.0,3.32,1.0,1.0,,
ac58685f76ca,CLOTHING,include_video,video,,include_video:clip:ac58685f76ca,data/raw/include_video/Clothes/46. Clothing/MVI_3864.MOV,data/processed/landmarks/include_video/CLOTHING/ac58685f76ca.npz,75,25.0,3.0,1.0,1.0,,
8adae677f686,CLOTHING,include_video,video,,include_video:clip:8adae677f686,data/raw/include_video/Clothes/46. Clothing/MVI_3865.MOV,data/processed/landmarks/include_video/CLOTHING/8adae677f686.npz,74,25.0,2.96,1.0,1.0,,
bb81789c386c,CLOTHING,include_video,video,,include_video:clip:bb81789c386c,data/raw/include_video/Clothes/46. Clothing/MVI_4014.MOV,data/processed/landmarks/include_video/CLOTHING/bb81789c386c.npz,61,25.0,2.44,1.0,1.0,,
1c8793902b42,CLOTHING,include_video,video,,include_video:clip:1c8793902b42,data/raw/include_video/Clothes/46. Clothing/MVI_4015.MOV,data/processed/landmarks/include_video/CLOTHING/1c8793902b42.npz,62,25.0,2.48,1.0,1.0,,
fea0a5cb19c7,CLOTHING,include_video,video,,include_video:clip:fea0a5cb19c7,data/raw/include_video/Clothes/46. Clothing/MVI_4016.MOV,data/processed/landmarks/include_video/CLOTHING/fea0a5cb19c7.npz,61,25.0,2.44,1.0,1.0,,
bc1b652380ba,CLOTHING,include_video,video,,include_video:clip:bc1b652380ba,data/raw/include_video/Clothes/46. Clothing/MVI_4206.MOV,data/processed/landmarks/include_video/CLOTHING/bc1b652380ba.npz,50,25.0,2.0,0.78,1.0,,
f60d91cb981d,CLOTHING,include_video,video,,include_video:clip:f60d91cb981d,data/raw/include_video/Clothes/46. Clothing/MVI_4894.MOV,data/processed/landmarks/include_video/CLOTHING/f60d91cb981d.npz,59,25.0,2.36,1.0,1.0,,
1c3b65510696,CLOTHING,include_video,video,,include_video:clip:1c3b65510696,data/raw/include_video/Clothes/46. Clothing/MVI_4895.MOV,data/processed/landmarks/include_video/CLOTHING/1c3b65510696.npz,58,25.0,2.32,1.0,1.0,,
b98f98b482d4,CLOTHING,include_video,video,,include_video:clip:b98f98b482d4,data/raw/include_video/Clothes/46. Clothing/MVI_4896.MOV,data/processed/landmarks/include_video/CLOTHING/b98f98b482d4.npz,50,25.0,2.0,1.0,1.0,,
89af07e9b353,CLOTHING,include_video,video,,include_video:clip:89af07e9b353,data/raw/include_video/Clothes/46. Clothing/MVI_5034.MOV,data/processed/landmarks/include_video/CLOTHING/89af07e9b353.npz,49,25.0,1.96,1.0,0.9796,,
6db9270a0d49,CLOTHING,include_video,video,,include_video:clip:6db9270a0d49,data/raw/include_video/Clothes/46. Clothing/MVI_5035.MOV,data/processed/landmarks/include_video/CLOTHING/6db9270a0d49.npz,44,25.0,1.76,0.9773,0.9773,,
6c815f39729f,CLOTHING,include_video,video,,include_video:clip:6c815f39729f,data/raw/include_video/Clothes/46. Clothing/MVI_5036.MOV,data/processed/landmarks/include_video/CLOTHING/6c815f39729f.npz,49,25.0,1.96,0.5306,1.0,,
3f82396da112,CLOTHING,include_video,video,,include_video:clip:3f82396da112,data/raw/include_video/Clothes/46. Clothing/MVI_5181.MOV,data/processed/landmarks/include_video/CLOTHING/3f82396da112.npz,58,25.0,2.32,1.0,1.0,,
f6834f0fde3e,CLOTHING,include_video,video,,include_video:clip:f6834f0fde3e,data/raw/include_video/Clothes/46. Clothing/MVI_5182.MOV,data/processed/landmarks/include_video/CLOTHING/f6834f0fde3e.npz,57,25.0,2.28,1.0,1.0,,
dab33a52e193,CLOTHING,include_video,video,,include_video:clip:dab33a52e193,data/raw/include_video/Clothes/46. Clothing/MVI_5183.MOV,data/processed/landmarks/include_video/CLOTHING/dab33a52e193.npz,54,25.0,2.16,1.0,1.0,,
eb3d45480cad,CLOTHING,include_video,video,,include_video:clip:eb3d45480cad,data/raw/include_video/Clothes/46. Clothing/MVI_8611.MP4,data/processed/landmarks/include_video/CLOTHING/eb3d45480cad.npz,67,25.0,2.68,0.9104,1.0,,
92083333d99e,COLD,include_video,video,,include_video:clip:92083333d99e,data/raw/include_video/Adjectives/88. cold/MVI_5139.MOV,data/processed/landmarks/include_video/COLD/92083333d99e.npz,56,25.0,2.24,0.7857,1.0,,
a6ad5686c99f,COLD,include_video,video,,include_video:clip:a6ad5686c99f,data/raw/include_video/Adjectives/88. cold/MVI_5140.MOV,data/processed/landmarks/include_video/COLD/a6ad5686c99f.npz,71,25.0,2.84,0.8451,1.0,,
54e212d65b2e,COLD,include_video,video,,include_video:clip:54e212d65b2e,data/raw/include_video/Adjectives/88. cold/MVI_5219.MOV,data/processed/landmarks/include_video/COLD/54e212d65b2e.npz,56,25.0,2.24,0.8036,1.0,,
0a80c50f0176,COLD,include_video,video,,include_video:clip:0a80c50f0176,data/raw/include_video/Adjectives/88. cold/MVI_5220.MOV,data/processed/landmarks/include_video/COLD/0a80c50f0176.npz,52,25.0,2.08,0.75,1.0,,
b2f3230bbfb5,COLD,include_video,video,,include_video:clip:b2f3230bbfb5,data/raw/include_video/Adjectives/88. cold/MVI_5221.MOV,data/processed/landmarks/include_video/COLD/b2f3230bbfb5.npz,55,25.0,2.2,0.8,1.0,,
7082686d2dec,COLD,include_video,video,,include_video:clip:7082686d2dec,data/raw/include_video/Adjectives/88. cold/MVI_5298.MOV,data/processed/landmarks/include_video/COLD/7082686d2dec.npz,52,25.0,2.08,0.7692,1.0,,
aefa07cd2e10,COLD,include_video,video,,include_video:clip:aefa07cd2e10,data/raw/include_video/Adjectives/88. cold/MVI_5299.MOV,data/processed/landmarks/include_video/COLD/aefa07cd2e10.npz,57,25.0,2.28,0.7895,1.0,,
fbf6b732fb59,COLD,include_video,video,,include_video:clip:fbf6b732fb59,data/raw/include_video/Adjectives/88. cold/MVI_5300.MOV,data/processed/landmarks/include_video/COLD/fbf6b732fb59.npz,54,25.0,2.16,0.7963,1.0,,
3a861bb1b5e5,COLD,include_video,video,,include_video:clip:3a861bb1b5e5,data/raw/include_video/Adjectives/88. cold/MVI_9250.MOV,data/processed/landmarks/include_video/COLD/3a861bb1b5e5.npz,48,25.0,1.92,0.7708,1.0,,
9fa1051069f1,COLD,include_video,video,,include_video:clip:9fa1051069f1,data/raw/include_video/Adjectives/88. cold/MVI_9251.MOV,data/processed/landmarks/include_video/COLD/9fa1051069f1.npz,48,25.0,1.92,0.75,1.0,,
abae57ac5d63,COLD,include_video,video,,include_video:clip:abae57ac5d63,data/raw/include_video/Adjectives/88. cold/MVI_9252.MOV,data/processed/landmarks/include_video/COLD/abae57ac5d63.npz,49,25.0,1.96,0.8571,1.0,,
a528bc9ea240,COLD,include_video,video,,include_video:clip:a528bc9ea240,data/raw/include_video/Adjectives/88. cold/MVI_9331.MOV,data/processed/landmarks/include_video/COLD/a528bc9ea240.npz,47,25.0,1.88,0.5106,1.0,,
a0d6136a6ffb,COLD,include_video,video,,include_video:clip:a0d6136a6ffb,data/raw/include_video/Adjectives/88. cold/MVI_9332.MOV,data/processed/landmarks/include_video/COLD/a0d6136a6ffb.npz,49,25.0,1.96,0.6327,1.0,,
da464d3d33f9,COLD,include_video,video,,include_video:clip:da464d3d33f9,data/raw/include_video/Adjectives/88. cold/MVI_9333.MOV,data/processed/landmarks/include_video/COLD/da464d3d33f9.npz,51,25.0,2.04,0.6078,1.0,,
dfc1176b241e,COLD,include_video,video,,include_video:clip:dfc1176b241e,data/raw/include_video/Adjectives/88. cold/MVI_9411.MOV,data/processed/landmarks/include_video/COLD/dfc1176b241e.npz,54,25.0,2.16,0.7037,1.0,,
38a14e391afd,COLD,include_video,video,,include_video:clip:38a14e391afd,data/raw/include_video/Adjectives/88. cold/MVI_9412.MOV,data/processed/landmarks/include_video/COLD/38a14e391afd.npz,53,25.0,2.12,0.6415,1.0,,
e67ac42a6682,COLD,include_video,video,,include_video:clip:e67ac42a6682,data/raw/include_video/Adjectives/88. cold/MVI_9413.MOV,data/processed/landmarks/include_video/COLD/e67ac42a6682.npz,56,25.0,2.24,0.7679,1.0,,
5285c9af7b2f,COLD,include_video,video,,include_video:clip:5285c9af7b2f,data/raw/include_video/Adjectives/88. cold/MVI_9490.MOV,data/processed/landmarks/include_video/COLD/5285c9af7b2f.npz,68,25.0,2.72,0.8529,1.0,,
db0562221996,COLD,include_video,video,,include_video:clip:db0562221996,data/raw/include_video/Adjectives/88. cold/MVI_9491.MOV,data/processed/landmarks/include_video/COLD/db0562221996.npz,65,25.0,2.6,0.8308,1.0,,
d4c601cb86c5,COLD,include_video,video,,include_video:clip:d4c601cb86c5,data/raw/include_video/Adjectives/88. cold/MVI_9492.MOV,data/processed/landmarks/include_video/COLD/d4c601cb86c5.npz,73,25.0,2.92,0.8356,1.0,,
c2c2986718e4,COLOUR,include_video,video,,include_video:clip:c2c2986718e4,data/raw/include_video/Colours/57. Colour/MVI_3750.MOV,data/processed/landmarks/include_video/COLOUR/c2c2986718e4.npz,59,25.0,2.36,1.0,1.0,,
beb8208aa5b7,COLOUR,include_video,video,,include_video:clip:beb8208aa5b7,data/raw/include_video/Colours/57. Colour/MVI_3751.MOV,data/processed/landmarks/include_video/COLOUR/beb8208aa5b7.npz,33,25.0,1.32,1.0,1.0,,
cd1c4b4e8c9e,COLOUR,include_video,video,,include_video:clip:cd1c4b4e8c9e,data/raw/include_video/Colours/57. Colour/MVI_3752.MOV,data/processed/landmarks/include_video/COLOUR/cd1c4b4e8c9e.npz,46,25.0,1.84,1.0,1.0,,
96702da0569b,COLOUR,include_video,video,,include_video:clip:96702da0569b,data/raw/include_video/Colours/57. Colour/MVI_3897.MOV,data/processed/landmarks/include_video/COLOUR/96702da0569b.npz,82,25.0,3.28,1.0,1.0,,
e6f502e17f33,COLOUR,include_video,video,,include_video:clip:e6f502e17f33,data/raw/include_video/Colours/57. Colour/MVI_3898.MOV,data/processed/landmarks/include_video/COLOUR/e6f502e17f33.npz,60,25.0,2.4,1.0,1.0,,
f5022ab2e47a,COLOUR,include_video,video,,include_video:clip:f5022ab2e47a,data/raw/include_video/Colours/57. Colour/MVI_3899.MOV,data/processed/landmarks/include_video/COLOUR/f5022ab2e47a.npz,73,25.0,2.92,1.0,1.0,,
4d5a471f2852,COLOUR,include_video,video,,include_video:clip:4d5a471f2852,data/raw/include_video/Colours/57. Colour/MVI_4048.MOV,data/processed/landmarks/include_video/COLOUR/4d5a471f2852.npz,54,25.0,2.16,1.0,1.0,,
447582dc2edc,COLOUR,include_video,video,,include_video:clip:447582dc2edc,data/raw/include_video/Colours/57. Colour/MVI_4049.MOV,data/processed/landmarks/include_video/COLOUR/447582dc2edc.npz,57,25.0,2.28,1.0,1.0,,
4868f50e4e02,COLOUR,include_video,video,,include_video:clip:4868f50e4e02,data/raw/include_video/Colours/57. Colour/MVI_4050.MOV,data/processed/landmarks/include_video/COLOUR/4868f50e4e02.npz,56,25.0,2.24,1.0,1.0,,
3f9b8869b072,COLOUR,include_video,video,,include_video:clip:3f9b8869b072,data/raw/include_video/Colours/57. Colour/MVI_4218.MOV,data/processed/landmarks/include_video/COLOUR/3f9b8869b072.npz,59,25.0,2.36,1.0,1.0,,
b1ea9ccbca15,COLOUR,include_video,video,,include_video:clip:b1ea9ccbca15,data/raw/include_video/Colours/57. Colour/MVI_4928.MOV,data/processed/landmarks/include_video/COLOUR/b1ea9ccbca15.npz,55,25.0,2.2,1.0,1.0,,
754d69b79b01,COLOUR,include_video,video,,include_video:clip:754d69b79b01,data/raw/include_video/Colours/57. Colour/MVI_4929.MOV,data/processed/landmarks/include_video/COLOUR/754d69b79b01.npz,50,25.0,2.0,1.0,1.0,,
747e98f99eed,COLOUR,include_video,video,,include_video:clip:747e98f99eed,data/raw/include_video/Colours/57. Colour/MVI_4930.MOV,data/processed/landmarks/include_video/COLOUR/747e98f99eed.npz,52,25.0,2.08,1.0,1.0,,
09178052e1ea,COLOUR,include_video,video,,include_video:clip:09178052e1ea,data/raw/include_video/Colours/57. Colour/MVI_5068.MOV,data/processed/landmarks/include_video/COLOUR/09178052e1ea.npz,44,25.0,1.76,0.5455,1.0,,
abdfa3edd452,COLOUR,include_video,video,,include_video:clip:abdfa3edd452,data/raw/include_video/Colours/57. Colour/MVI_5069.MOV,data/processed/landmarks/include_video/COLOUR/abdfa3edd452.npz,46,25.0,1.84,0.6957,1.0,,
cda8f5ffa19d,COLOUR,include_video,video,,include_video:clip:cda8f5ffa19d,data/raw/include_video/Colours/57. Colour/MVI_5070.MOV,data/processed/landmarks/include_video/COLOUR/cda8f5ffa19d.npz,54,25.0,2.16,1.0,1.0,,
082b0dd3770b,COLOUR,include_video,video,,include_video:clip:082b0dd3770b,data/raw/include_video/Colours/57. Colour/MVI_5215.MOV,data/processed/landmarks/include_video/COLOUR/082b0dd3770b.npz,49,25.0,1.96,1.0,1.0,,
90691996fe08,COLOUR,include_video,video,,include_video:clip:90691996fe08,data/raw/include_video/Colours/57. Colour/MVI_5216.MOV,data/processed/landmarks/include_video/COLOUR/90691996fe08.npz,54,25.0,2.16,1.0,1.0,,
3742ca88b910,COLOUR,include_video,video,,include_video:clip:3742ca88b910,data/raw/include_video/Colours/57. Colour/MVI_5217.MOV,data/processed/landmarks/include_video/COLOUR/3742ca88b910.npz,42,25.0,1.68,1.0,1.0,,
cb054a0c2c94,COLOUR,include_video,video,,include_video:clip:cb054a0c2c94,data/raw/include_video/Colours/57. Colour/MVI_8622.MP4,data/processed/landmarks/include_video/COLOUR/cb054a0c2c94.npz,58,25.0,2.32,0.7241,1.0,,
9c70c5a34edf,COMPUTER,include_video,video,,include_video:clip:9c70c5a34edf,data/raw/include_video/Electronics/55. Computer/MVI_4541.MOV,data/processed/landmarks/include_video/COMPUTER/9c70c5a34edf.npz,80,25.0,3.2,0.7625,1.0,,
defc18696c21,COMPUTER,include_video,video,,include_video:clip:defc18696c21,data/raw/include_video/Electronics/55. Computer/MVI_4542.MOV,data/processed/landmarks/include_video/COMPUTER/defc18696c21.npz,79,25.0,3.16,0.8101,0.9494,,
c6e49d987bb5,COMPUTER,include_video,video,,include_video:clip:c6e49d987bb5,data/raw/include_video/Electronics/55. Computer/MVI_4543.MOV,data/processed/landmarks/include_video/COMPUTER/c6e49d987bb5.npz,69,25.0,2.76,0.6957,0.9565,,
47f035f4536d,COMPUTER,include_video,video,,include_video:clip:47f035f4536d,data/raw/include_video/Electronics/55. Computer/MVI_4544.MOV,data/processed/landmarks/include_video/COMPUTER/47f035f4536d.npz,78,25.0,3.12,0.6795,0.9487,,
cc36a74c9e33,COMPUTER,include_video,video,,include_video:clip:cc36a74c9e33,data/raw/include_video/Electronics/55. Computer/MVI_4970.MOV,data/processed/landmarks/include_video/COMPUTER/cc36a74c9e33.npz,63,25.0,2.52,0.5079,1.0,,
2f19498dcfbb,COMPUTER,include_video,video,,include_video:clip:2f19498dcfbb,data/raw/include_video/Electronics/55. Computer/MVI_4971.MOV,data/processed/landmarks/include_video/COMPUTER/2f19498dcfbb.npz,55,25.0,2.2,0.6182,1.0,,
8b804dd493a3,COMPUTER,include_video,video,,include_video:clip:8b804dd493a3,data/raw/include_video/Electronics/55. Computer/MVI_4972.MOV,data/processed/landmarks/include_video/COMPUTER/8b804dd493a3.npz,68,25.0,2.72,0.5882,1.0,,
7534f03f8eef,COMPUTER,include_video,video,,include_video:clip:7534f03f8eef,data/raw/include_video/Electronics/55. Computer/MVI_5395.MOV,data/processed/landmarks/include_video/COMPUTER/7534f03f8eef.npz,65,25.0,2.6,0.7231,1.0,,
2ad83a5ed275,COMPUTER,include_video,video,,include_video:clip:2ad83a5ed275,data/raw/include_video/Electronics/55. Computer/MVI_5396.MOV,data/processed/landmarks/include_video/COMPUTER/2ad83a5ed275.npz,67,25.0,2.68,0.8209,1.0,,
0ef2917537c2,COMPUTER,include_video,video,,include_video:clip:0ef2917537c2,data/raw/include_video/Electronics/55. Computer/MVI_5397.MOV,data/processed/landmarks/include_video/COMPUTER/0ef2917537c2.npz,69,25.0,2.76,0.8406,1.0,,
5ff183bbb629,COMPUTER,include_video,video,,include_video:clip:5ff183bbb629,data/raw/include_video/Electronics/55. Computer/MVI_5398.MOV,data/processed/landmarks/include_video/COMPUTER/5ff183bbb629.npz,67,25.0,2.68,0.7761,1.0,,
d5485a5a0481,COMPUTER,include_video,video,,include_video:clip:d5485a5a0481,data/raw/include_video/Electronics/55. Computer/MVI_9103.MP4,data/processed/landmarks/include_video/COMPUTER/d5485a5a0481.npz,86,25.0,3.44,0.7791,1.0,,
534c5ac7df97,COMPUTER,include_video,video,,include_video:clip:534c5ac7df97,data/raw/include_video/Electronics/55. Computer/MVI_9104.MP4,data/processed/landmarks/include_video/COMPUTER/534c5ac7df97.npz,85,25.0,3.4,0.7176,1.0,,
0c7e6cf58c2f,COMPUTER,include_video,video,,include_video:clip:0c7e6cf58c2f,data/raw/include_video/Electronics/55. Computer/MVI_9105.MP4,data/processed/landmarks/include_video/COMPUTER/0c7e6cf58c2f.npz,97,25.0,3.88,0.7835,1.0,,
0d884c998ab3,COOL,include_video,video,,include_video:clip:0d884c998ab3,data/raw/include_video/Adjectives/90. cool/MVI_5145.MOV,data/processed/landmarks/include_video/COOL/0d884c998ab3.npz,75,25.0,3.0,1.0,1.0,,
d1d09e04b01f,COOL,include_video,video,,include_video:clip:d1d09e04b01f,data/raw/include_video/Adjectives/90. cool/MVI_5146.MOV,data/processed/landmarks/include_video/COOL/d1d09e04b01f.npz,67,25.0,2.68,1.0,1.0,,
842d4ed2a20c,COOL,include_video,video,,include_video:clip:842d4ed2a20c,data/raw/include_video/Adjectives/90. cool/MVI_5147.MOV,data/processed/landmarks/include_video/COOL/842d4ed2a20c.npz,68,25.0,2.72,1.0,1.0,,
a14c562143a7,COOL,include_video,video,,include_video:clip:a14c562143a7,data/raw/include_video/Adjectives/90. cool/MVI_5225.MOV,data/processed/landmarks/include_video/COOL/a14c562143a7.npz,61,25.0,2.44,1.0,1.0,,
f9f4c103f0e1,COOL,include_video,video,,include_video:clip:f9f4c103f0e1,data/raw/include_video/Adjectives/90. cool/MVI_5226.MOV,data/processed/landmarks/include_video/COOL/f9f4c103f0e1.npz,51,25.0,2.04,1.0,1.0,,
5809bb1cab0c,COOL,include_video,video,,include_video:clip:5809bb1cab0c,data/raw/include_video/Adjectives/90. cool/MVI_5227.MOV,data/processed/landmarks/include_video/COOL/5809bb1cab0c.npz,57,25.0,2.28,1.0,1.0,,
ab197e61d30f,COOL,include_video,video,,include_video:clip:ab197e61d30f,data/raw/include_video/Adjectives/90. cool/MVI_5304.MOV,data/processed/landmarks/include_video/COOL/ab197e61d30f.npz,50,25.0,2.0,1.0,1.0,,
27dff8ee0767,COOL,include_video,video,,include_video:clip:27dff8ee0767,data/raw/include_video/Adjectives/90. cool/MVI_5305.MOV,data/processed/landmarks/include_video/COOL/27dff8ee0767.npz,48,25.0,1.92,1.0,1.0,,
5adf9f91dcad,COOL,include_video,video,,include_video:clip:5adf9f91dcad,data/raw/include_video/Adjectives/90. cool/MVI_5306.MOV,data/processed/landmarks/include_video/COOL/5adf9f91dcad.npz,43,25.0,1.72,1.0,1.0,,
f95316d753b8,COOL,include_video,video,,include_video:clip:f95316d753b8,data/raw/include_video/Adjectives/90. cool/MVI_9256.MOV,data/processed/landmarks/include_video/COOL/f95316d753b8.npz,50,25.0,2.0,1.0,1.0,,
186726a232f1,COOL,include_video,video,,include_video:clip:186726a232f1,data/raw/include_video/Adjectives/90. cool/MVI_9257.MOV,data/processed/landmarks/include_video/COOL/186726a232f1.npz,46,25.0,1.84,1.0,1.0,,
6c30c5799f29,COOL,include_video,video,,include_video:clip:6c30c5799f29,data/raw/include_video/Adjectives/90. cool/MVI_9258.MOV,data/processed/landmarks/include_video/COOL/6c30c5799f29.npz,50,25.0,2.0,1.0,1.0,,
3c558c9e2054,COOL,include_video,video,,include_video:clip:3c558c9e2054,data/raw/include_video/Adjectives/90. cool/MVI_9337.MOV,data/processed/landmarks/include_video/COOL/3c558c9e2054.npz,50,25.0,2.0,0.62,1.0,,
4aa5397bc320,COOL,include_video,video,,include_video:clip:4aa5397bc320,data/raw/include_video/Adjectives/90. cool/MVI_9338.MOV,data/processed/landmarks/include_video/COOL/4aa5397bc320.npz,59,25.0,2.36,0.5932,1.0,,
6651da80ccbe,COOL,include_video,video,,include_video:clip:6651da80ccbe,data/raw/include_video/Adjectives/90. cool/MVI_9339.MOV,data/processed/landmarks/include_video/COOL/6651da80ccbe.npz,53,25.0,2.12,0.717,1.0,,
f18e15610c94,COOL,include_video,video,,include_video:clip:f18e15610c94,data/raw/include_video/Adjectives/90. cool/MVI_9418.MOV,data/processed/landmarks/include_video/COOL/f18e15610c94.npz,55,25.0,2.2,1.0,1.0,,
d53ff6c6770b,COOL,include_video,video,,include_video:clip:d53ff6c6770b,data/raw/include_video/Adjectives/90. cool/MVI_9419.MOV,data/processed/landmarks/include_video/COOL/d53ff6c6770b.npz,50,25.0,2.0,1.0,1.0,,
527d4edca62d,COOL,include_video,video,,include_video:clip:527d4edca62d,data/raw/include_video/Adjectives/90. cool/MVI_9420.MOV,data/processed/landmarks/include_video/COOL/527d4edca62d.npz,45,25.0,1.8,1.0,1.0,,
a7069a6d2690,COOL,include_video,video,,include_video:clip:a7069a6d2690,data/raw/include_video/Adjectives/90. cool/MVI_9497.MOV,data/processed/landmarks/include_video/COOL/a7069a6d2690.npz,53,25.0,2.12,1.0,1.0,,
ddeffc4e5696,COOL,include_video,video,,include_video:clip:ddeffc4e5696,data/raw/include_video/Adjectives/90. cool/MVI_9498.MOV,data/processed/landmarks/include_video/COOL/ddeffc4e5696.npz,53,25.0,2.12,1.0,1.0,,
612a26734352,COOL,include_video,video,,include_video:clip:612a26734352,data/raw/include_video/Adjectives/90. cool/MVI_9499.MOV,data/processed/landmarks/include_video/COOL/612a26734352.npz,56,25.0,2.24,1.0,1.0,,
43956c64683b,COW,include_video,video,,include_video:clip:43956c64683b,data/raw/include_video/Animals/5. Cow/MVI_2990.MOV,data/processed/landmarks/include_video/COW/43956c64683b.npz,73,25.0,2.92,0.7397,1.0,,
a5c5bbd151f1,COW,include_video,video,,include_video:clip:a5c5bbd151f1,data/raw/include_video/Animals/5. Cow/MVI_2991.MOV,data/processed/landmarks/include_video/COW/a5c5bbd151f1.npz,65,25.0,2.6,0.7077,1.0,,
3a7401a53e14,COW,include_video,video,,include_video:clip:3a7401a53e14,data/raw/include_video/Animals/5. Cow/MVI_2992.MOV,data/processed/landmarks/include_video/COW/3a7401a53e14.npz,91,25.0,3.64,0.8242,1.0,,
5d88b6379f3a,COW,include_video,video,,include_video:clip:5d88b6379f3a,data/raw/include_video/Animals/5. Cow/MVI_3015.MOV,data/processed/landmarks/include_video/COW/5d88b6379f3a.npz,99,25.0,3.96,0.8788,1.0,,
6f3e278354a3,COW,include_video,video,,include_video:clip:6f3e278354a3,data/raw/include_video/Animals/5. Cow/MVI_3016.MOV,data/processed/landmarks/include_video/COW/6f3e278354a3.npz,100,25.0,4.0,0.88,1.0,,
5cb04771c8c4,COW,include_video,video,,include_video:clip:5cb04771c8c4,data/raw/include_video/Animals/5. Cow/MVI_3017.MOV,data/processed/landmarks/include_video/COW/5cb04771c8c4.npz,91,25.0,3.64,0.8791,1.0,,
a0501cab3c41,COW,include_video,video,,include_video:clip:a0501cab3c41,data/raw/include_video/Animals/5. Cow/MVI_3046.MOV,data/processed/landmarks/include_video/COW/a0501cab3c41.npz,78,25.0,3.12,0.8205,1.0,,
c026f8a07b44,COW,include_video,video,,include_video:clip:c026f8a07b44,data/raw/include_video/Animals/5. Cow/MVI_3047.MOV,data/processed/landmarks/include_video/COW/c026f8a07b44.npz,109,25.0,4.36,0.8899,1.0,,
a3dca84b6d7f,COW,include_video,video,,include_video:clip:a3dca84b6d7f,data/raw/include_video/Animals/5. Cow/MVI_3048.MOV,data/processed/landmarks/include_video/COW/a3dca84b6d7f.npz,123,25.0,4.92,0.8943,1.0,,
9236353185e6,COW,include_video,video,,include_video:clip:9236353185e6,data/raw/include_video/Animals/5. Cow/MVI_3049.MOV,data/processed/landmarks/include_video/COW/9236353185e6.npz,100,25.0,4.0,0.86,1.0,,
d01e672b4a9f,COW,include_video,video,,include_video:clip:d01e672b4a9f,data/raw/include_video/Animals/5. Cow/MVI_3073.MOV,data/processed/landmarks/include_video/COW/d01e672b4a9f.npz,87,25.0,3.48,0.8506,1.0,,
c340e09d3474,COW,include_video,video,,include_video:clip:c340e09d3474,data/raw/include_video/Animals/5. Cow/MVI_3074.MOV,data/processed/landmarks/include_video/COW/c340e09d3474.npz,84,25.0,3.36,0.8452,1.0,,
18b4f183dc45,COW,include_video,video,,include_video:clip:18b4f183dc45,data/raw/include_video/Animals/5. Cow/MVI_3075.MOV,data/processed/landmarks/include_video/COW/18b4f183dc45.npz,84,25.0,3.36,0.8571,1.0,,
7f1416dabb37,COW,include_video,video,,include_video:clip:7f1416dabb37,data/raw/include_video/Animals/5. Cow/MVI_3097.MOV,data/processed/landmarks/include_video/COW/7f1416dabb37.npz,76,25.0,3.04,0.8289,1.0,,
243468afc01e,COW,include_video,video,,include_video:clip:243468afc01e,data/raw/include_video/Animals/5. Cow/MVI_3098.MOV,data/processed/landmarks/include_video/COW/243468afc01e.npz,77,25.0,3.08,0.8312,1.0,,
1a86df45abeb,COW,include_video,video,,include_video:clip:1a86df45abeb,data/raw/include_video/Animals/5. Cow/MVI_3099.MOV,data/processed/landmarks/include_video/COW/1a86df45abeb.npz,76,25.0,3.04,0.8026,1.0,,
32eaec9e6262,COW,include_video,video,,include_video:clip:32eaec9e6262,data/raw/include_video/Animals/5. Cow/MVI_4158.MOV,data/processed/landmarks/include_video/COW/32eaec9e6262.npz,59,25.0,2.36,0.7797,1.0,,
02cfb22bf095,COW,include_video,video,,include_video:clip:02cfb22bf095,data/raw/include_video/Animals/5. Cow/MVI_4159.MOV,data/processed/landmarks/include_video/COW/02cfb22bf095.npz,50,25.0,2.0,0.74,1.0,,
55b45cb67156,COW,include_video,video,,include_video:clip:55b45cb67156,data/raw/include_video/Animals/5. Cow/MVI_4160.MOV,data/processed/landmarks/include_video/COW/55b45cb67156.npz,57,25.0,2.28,0.807,1.0,,
8e5334661019,COW,include_video,video,,include_video:clip:8e5334661019,data/raw/include_video/Animals/5. Cow/MVI_8569.MP4,data/processed/landmarks/include_video/COW/8e5334661019.npz,80,25.0,3.2,0.45,1.0,low_hand_detection,
dfdefe204564,COW,include_video,video,,include_video:clip:dfdefe204564,data/raw/include_video/Animals/5. Cow/MVI_8570.MP4,data/processed/landmarks/include_video/COW/dfdefe204564.npz,75,25.0,3.0,0.5067,1.0,,
fa04a47d5f35,CURVED,include_video,video,,include_video:clip:fa04a47d5f35,data/raw/include_video/Adjectives/18. curved/MVI_9633.MOV,data/processed/landmarks/include_video/CURVED/fa04a47d5f35.npz,77,25.0,3.08,1.0,1.0,,
8736a012d26a,CURVED,include_video,video,,include_video:clip:8736a012d26a,data/raw/include_video/Adjectives/18. curved/MVI_9634.MOV,data/processed/landmarks/include_video/CURVED/8736a012d26a.npz,77,25.0,3.08,1.0,1.0,,
0f895316ce99,CURVED,include_video,video,,include_video:clip:0f895316ce99,data/raw/include_video/Adjectives/18. curved/MVI_9635.MOV,data/processed/landmarks/include_video/CURVED/0f895316ce99.npz,69,25.0,2.76,1.0,1.0,,
03127e044aba,CURVED,include_video,video,,include_video:clip:03127e044aba,data/raw/include_video/Adjectives/18. curved/MVI_9636.MOV,data/processed/landmarks/include_video/CURVED/03127e044aba.npz,67,25.0,2.68,1.0,1.0,,
f460b970512a,CURVED,include_video,video,,include_video:clip:f460b970512a,data/raw/include_video/Adjectives/18. curved/MVI_9759.MOV,data/processed/landmarks/include_video/CURVED/f460b970512a.npz,72,25.0,2.88,1.0,1.0,,
b879c43d7787,CURVED,include_video,video,,include_video:clip:b879c43d7787,data/raw/include_video/Adjectives/18. curved/MVI_9760.MOV,data/processed/landmarks/include_video/CURVED/b879c43d7787.npz,83,25.0,3.32,1.0,1.0,,
7733ea04851a,CURVED,include_video,video,,include_video:clip:7733ea04851a,data/raw/include_video/Adjectives/18. curved/MVI_9761.MOV,data/processed/landmarks/include_video/CURVED/7733ea04851a.npz,73,25.0,2.92,1.0,1.0,,
1351c2e495ee,CURVED,include_video,video,,include_video:clip:1351c2e495ee,data/raw/include_video/Adjectives/18. curved/MVI_9762.MOV,data/processed/landmarks/include_video/CURVED/1351c2e495ee.npz,70,25.0,2.8,1.0,1.0,,
96768b1ed0e9,DEAD,include_video,video,,include_video:clip:96768b1ed0e9,data/raw/include_video/Adjectives/33. dead/MVI_9699.MOV,data/processed/landmarks/include_video/DEAD/96768b1ed0e9.npz,49,25.0,1.96,1.0,1.0,,
e049d0177a13,DEAD,include_video,video,,include_video:clip:e049d0177a13,data/raw/include_video/Adjectives/33. dead/MVI_9700.MOV,data/processed/landmarks/include_video/DEAD/e049d0177a13.npz,49,25.0,1.96,1.0,1.0,,
2b2d6f1db73c,DEAD,include_video,video,,include_video:clip:2b2d6f1db73c,data/raw/include_video/Adjectives/33. dead/MVI_9701.MOV,data/processed/landmarks/include_video/DEAD/2b2d6f1db73c.npz,54,25.0,2.16,1.0,1.0,,
d9f0bc7fa803,DEAD,include_video,video,,include_video:clip:d9f0bc7fa803,data/raw/include_video/Adjectives/33. dead/MVI_9702.MOV,data/processed/landmarks/include_video/DEAD/d9f0bc7fa803.npz,58,25.0,2.32,1.0,1.0,,
f7d4731190fb,DEAD,include_video,video,,include_video:clip:f7d4731190fb,data/raw/include_video/Adjectives/33. dead/MVI_9823.MOV,data/processed/landmarks/include_video/DEAD/f7d4731190fb.npz,56,25.0,2.24,1.0,1.0,,
c37552617c59,DEAD,include_video,video,,include_video:clip:c37552617c59,data/raw/include_video/Adjectives/33. dead/MVI_9824.MOV,data/processed/landmarks/include_video/DEAD/c37552617c59.npz,56,25.0,2.24,1.0,1.0,,
4beefa27ca4f,DEAD,include_video,video,,include_video:clip:4beefa27ca4f,data/raw/include_video/Adjectives/33. dead/MVI_9825.MOV,data/processed/landmarks/include_video/DEAD/4beefa27ca4f.npz,53,25.0,2.12,1.0,1.0,,
403e8a02951e,DEAD,include_video,video,,include_video:clip:403e8a02951e,data/raw/include_video/Adjectives/33. dead/MVI_9826.MOV,data/processed/landmarks/include_video/DEAD/403e8a02951e.npz,51,25.0,2.04,1.0,1.0,,
2b722ac62b2d,DEAF,include_video,video,,include_video:clip:2b722ac62b2d,data/raw/include_video/Adjectives/7. Deaf/MVI_9580.MOV,data/processed/landmarks/include_video/DEAF/2b722ac62b2d.npz,61,25.0,2.44,1.0,1.0,,
4dff9a4eedea,DEAF,include_video,video,,include_video:clip:4dff9a4eedea,data/raw/include_video/Adjectives/7. Deaf/MVI_9581.MOV,data/processed/landmarks/include_video/DEAF/4dff9a4eedea.npz,61,25.0,2.44,1.0,1.0,,
9ebe2bceff93,DEAF,include_video,video,,include_video:clip:9ebe2bceff93,data/raw/include_video/Adjectives/7. Deaf/MVI_9582.MOV,data/processed/landmarks/include_video/DEAF/9ebe2bceff93.npz,58,25.0,2.32,1.0,1.0,,
ab80d6a51b1d,DEAF,include_video,video,,include_video:clip:ab80d6a51b1d,data/raw/include_video/Adjectives/7. Deaf/MVI_9583.MOV,data/processed/landmarks/include_video/DEAF/ab80d6a51b1d.npz,55,25.0,2.2,1.0,1.0,,
6b555a9d81f8,DEAF,include_video,video,,include_video:clip:6b555a9d81f8,data/raw/include_video/Adjectives/7. Deaf/MVI_9848.MOV,data/processed/landmarks/include_video/DEAF/6b555a9d81f8.npz,52,25.0,2.08,1.0,1.0,,
c4989cef1f7d,DEAF,include_video,video,,include_video:clip:c4989cef1f7d,data/raw/include_video/Adjectives/7. Deaf/MVI_9849.MOV,data/processed/landmarks/include_video/DEAF/c4989cef1f7d.npz,56,25.0,2.24,1.0,1.0,,
30e2c02158e7,DEAF,include_video,video,,include_video:clip:30e2c02158e7,data/raw/include_video/Adjectives/7. Deaf/MVI_9850.MOV,data/processed/landmarks/include_video/DEAF/30e2c02158e7.npz,57,25.0,2.28,1.0,1.0,,
8d8f0547bc3b,DEAF,include_video,video,,include_video:clip:8d8f0547bc3b,data/raw/include_video/Adjectives/7. Deaf/MVI_9851.MOV,data/processed/landmarks/include_video/DEAF/8d8f0547bc3b.npz,50,25.0,2.0,1.0,1.0,,
143a6be87a97,DEEP,include_video,video,,include_video:clip:143a6be87a97,data/raw/include_video/Adjectives/27. deep/MVI_9670.MOV,data/processed/landmarks/include_video/DEEP/143a6be87a97.npz,65,25.0,2.6,0.8615,1.0,,
191fe32b13c3,DEEP,include_video,video,,include_video:clip:191fe32b13c3,data/raw/include_video/Adjectives/27. deep/MVI_9671.MOV,data/processed/landmarks/include_video/DEEP/191fe32b13c3.npz,70,25.0,2.8,0.8857,1.0,,
859a73340d5c,DEEP,include_video,video,,include_video:clip:859a73340d5c,data/raw/include_video/Adjectives/27. deep/MVI_9672.MOV,data/processed/landmarks/include_video/DEEP/859a73340d5c.npz,72,25.0,2.88,0.8889,1.0,,
52fafc4735d3,DEEP,include_video,video,,include_video:clip:52fafc4735d3,data/raw/include_video/Adjectives/27. deep/MVI_9673.MOV,data/processed/landmarks/include_video/DEEP/52fafc4735d3.npz,64,25.0,2.56,0.8281,1.0,,
8aba67814ae4,DEEP,include_video,video,,include_video:clip:8aba67814ae4,data/raw/include_video/Adjectives/27. deep/MVI_9797.MOV,data/processed/landmarks/include_video/DEEP/8aba67814ae4.npz,60,25.0,2.4,0.7333,1.0,,
767e84d75744,DEEP,include_video,video,,include_video:clip:767e84d75744,data/raw/include_video/Adjectives/27. deep/MVI_9798.MOV,data/processed/landmarks/include_video/DEEP/767e84d75744.npz,61,25.0,2.44,0.7705,1.0,,
6314c468cd63,DEEP,include_video,video,,include_video:clip:6314c468cd63,data/raw/include_video/Adjectives/27. deep/MVI_9799.MOV,data/processed/landmarks/include_video/DEEP/6314c468cd63.npz,64,25.0,2.56,0.8125,1.0,,
ed16acc24677,DEEP,include_video,video,,include_video:clip:ed16acc24677,data/raw/include_video/Adjectives/27. deep/MVI_9800.MOV,data/processed/landmarks/include_video/DEEP/ed16acc24677.npz,71,25.0,2.84,0.8028,1.0,,
3ee12c4f0950,DIRTY,include_video,video,,include_video:clip:3ee12c4f0950,data/raw/include_video/Adjectives/30. dirty/MVI_9684.MOV,data/processed/landmarks/include_video/DIRTY/3ee12c4f0950.npz,67,25.0,2.68,1.0,1.0,,
75565cc0713c,DIRTY,include_video,video,,include_video:clip:75565cc0713c,data/raw/include_video/Adjectives/30. dirty/MVI_9685.MOV,data/processed/landmarks/include_video/DIRTY/75565cc0713c.npz,71,25.0,2.84,1.0,1.0,,
0ef1a0f39d77,DIRTY,include_video,video,,include_video:clip:0ef1a0f39d77,data/raw/include_video/Adjectives/30. dirty/MVI_9686.MOV,data/processed/landmarks/include_video/DIRTY/0ef1a0f39d77.npz,69,25.0,2.76,1.0,1.0,,
96e5f161ac5e,DIRTY,include_video,video,,include_video:clip:96e5f161ac5e,data/raw/include_video/Adjectives/30. dirty/MVI_9687.MOV,data/processed/landmarks/include_video/DIRTY/96e5f161ac5e.npz,66,25.0,2.64,1.0,1.0,,
8398b53ccd3c,DIRTY,include_video,video,,include_video:clip:8398b53ccd3c,data/raw/include_video/Adjectives/30. dirty/MVI_9810.MOV,data/processed/landmarks/include_video/DIRTY/8398b53ccd3c.npz,58,25.0,2.32,1.0,1.0,,
52c06e4e62dc,DIRTY,include_video,video,,include_video:clip:52c06e4e62dc,data/raw/include_video/Adjectives/30. dirty/MVI_9811.MOV,data/processed/landmarks/include_video/DIRTY/52c06e4e62dc.npz,70,25.0,2.8,1.0,1.0,,
8caef2289832,DIRTY,include_video,video,,include_video:clip:8caef2289832,data/raw/include_video/Adjectives/30. dirty/MVI_9812.MOV,data/processed/landmarks/include_video/DIRTY/8caef2289832.npz,70,25.0,2.8,1.0,1.0,,
73ec10361f5b,DIRTY,include_video,video,,include_video:clip:73ec10361f5b,data/raw/include_video/Adjectives/30. dirty/MVI_9813.MOV,data/processed/landmarks/include_video/DIRTY/73ec10361f5b.npz,72,25.0,2.88,1.0,1.0,,
7ad721c427be,DOCTOR,include_video,video,,include_video:clip:7ad721c427be,data/raw/include_video/Jobs/87. Doctor/MVI_4470.MOV,data/processed/landmarks/include_video/DOCTOR/7ad721c427be.npz,57,25.0,2.28,0.7719,1.0,,
5740ceee8ea3,DOCTOR,include_video,video,,include_video:clip:5740ceee8ea3,data/raw/include_video/Jobs/87. Doctor/MVI_4471.MOV,data/processed/landmarks/include_video/DOCTOR/5740ceee8ea3.npz,68,25.0,2.72,0.8235,1.0,,
14687bd35cc5,DOCTOR,include_video,video,,include_video:clip:14687bd35cc5,data/raw/include_video/Jobs/87. Doctor/MVI_4472.MOV,data/processed/landmarks/include_video/DOCTOR/14687bd35cc5.npz,60,25.0,2.4,0.7833,1.0,,
7d29459f90fe,DOCTOR,include_video,video,,include_video:clip:7d29459f90fe,data/raw/include_video/Jobs/87. Doctor/MVI_4473.MOV,data/processed/landmarks/include_video/DOCTOR/7d29459f90fe.npz,67,25.0,2.68,0.806,0.9701,,
e97a6af5f636,DOCTOR,include_video,video,,include_video:clip:e97a6af5f636,data/raw/include_video/Jobs/87. Doctor/MVI_4754.MOV,data/processed/landmarks/include_video/DOCTOR/e97a6af5f636.npz,61,25.0,2.44,0.8033,1.0,,
f0d2228a93fe,DOCTOR,include_video,video,,include_video:clip:f0d2228a93fe,data/raw/include_video/Jobs/87. Doctor/MVI_4755.MOV,data/processed/landmarks/include_video/DOCTOR/f0d2228a93fe.npz,57,25.0,2.28,0.7544,1.0,,
c7799779d8df,DOCTOR,include_video,video,,include_video:clip:c7799779d8df,data/raw/include_video/Jobs/87. Doctor/MVI_4757.MOV,data/processed/landmarks/include_video/DOCTOR/c7799779d8df.npz,57,25.0,2.28,0.7018,1.0,,
39773c4c1661,DOCTOR,include_video,video,,include_video:clip:39773c4c1661,data/raw/include_video/Jobs/87. Doctor/MVI_5322.MOV,data/processed/landmarks/include_video/DOCTOR/39773c4c1661.npz,50,25.0,2.0,0.66,1.0,,
3c2e18366b1c,DOCTOR,include_video,video,,include_video:clip:3c2e18366b1c,data/raw/include_video/Jobs/87. Doctor/MVI_5323.MOV,data/processed/landmarks/include_video/DOCTOR/3c2e18366b1c.npz,51,25.0,2.04,0.7647,1.0,,
af429c4c6d39,DOCTOR,include_video,video,,include_video:clip:af429c4c6d39,data/raw/include_video/Jobs/87. Doctor/MVI_5324.MOV,data/processed/landmarks/include_video/DOCTOR/af429c4c6d39.npz,46,25.0,1.84,0.8478,1.0,,
abc7119feaf5,DOCTOR,include_video,video,,include_video:clip:abc7119feaf5,data/raw/include_video/Jobs/87. Doctor/MVI_5325.MOV,data/processed/landmarks/include_video/DOCTOR/abc7119feaf5.npz,46,25.0,1.84,0.7826,1.0,,
91a7178750a3,DOCTOR,include_video,video,,include_video:clip:91a7178750a3,data/raw/include_video/Jobs/87. Doctor/MVI_8874.MP4,data/processed/landmarks/include_video/DOCTOR/91a7178750a3.npz,62,25.0,2.48,0.7742,1.0,,
a55275e9abfa,DOCTOR,include_video,video,,include_video:clip:a55275e9abfa,data/raw/include_video/Jobs/87. Doctor/MVI_8875.MP4,data/processed/landmarks/include_video/DOCTOR/a55275e9abfa.npz,58,25.0,2.32,0.7931,1.0,,
268597de04c5,DOCTOR,include_video,video,,include_video:clip:268597de04c5,data/raw/include_video/Jobs/87. Doctor/MVI_8876.MP4,data/processed/landmarks/include_video/DOCTOR/268597de04c5.npz,79,25.0,3.16,0.8354,1.0,,
859f22d8c532,DOG,include_video,video,,include_video:clip:859f22d8c532,data/raw/include_video/Animals/1. Dog/MVI_2978.MOV,data/processed/landmarks/include_video/DOG/859f22d8c532.npz,117,25.0,4.68,0.7863,1.0,,
094c5418feeb,DOG,include_video,video,,include_video:clip:094c5418feeb,data/raw/include_video/Animals/1. Dog/MVI_2979.MOV,data/processed/landmarks/include_video/DOG/094c5418feeb.npz,76,25.0,3.04,0.7895,1.0,,
e58b712d1ed3,DOG,include_video,video,,include_video:clip:e58b712d1ed3,data/raw/include_video/Animals/1. Dog/MVI_2980.MOV,data/processed/landmarks/include_video/DOG/e58b712d1ed3.npz,89,25.0,3.56,0.8427,1.0,,
7b5032a4a84e,DOG,include_video,video,,include_video:clip:7b5032a4a84e,data/raw/include_video/Animals/1. Dog/MVI_3002.MOV,data/processed/landmarks/include_video/DOG/7b5032a4a84e.npz,87,25.0,3.48,0.954,1.0,,
270b2571da8c,DOG,include_video,video,,include_video:clip:270b2571da8c,data/raw/include_video/Animals/1. Dog/MVI_3003.MOV,data/processed/landmarks/include_video/DOG/270b2571da8c.npz,92,25.0,3.68,0.9565,1.0,,
bfe3d9b8dc11,DOG,include_video,video,,include_video:clip:bfe3d9b8dc11,data/raw/include_video/Animals/1. Dog/MVI_3004.MOV,data/processed/landmarks/include_video/DOG/bfe3d9b8dc11.npz,87,25.0,3.48,0.954,1.0,,
b320789e1856,DOG,include_video,video,,include_video:clip:b320789e1856,data/raw/include_video/Animals/1. Dog/MVI_3028.MOV,data/processed/landmarks/include_video/DOG/b320789e1856.npz,92,25.0,3.68,0.8261,1.0,,
8d71d9a254ae,DOG,include_video,video,,include_video:clip:8d71d9a254ae,data/raw/include_video/Animals/1. Dog/MVI_3029.MOV,data/processed/landmarks/include_video/DOG/8d71d9a254ae.npz,97,25.0,3.88,0.9381,1.0,,
ab51d86298d1,DOG,include_video,video,,include_video:clip:ab51d86298d1,data/raw/include_video/Animals/1. Dog/MVI_3030.MOV,data/processed/landmarks/include_video/DOG/ab51d86298d1.npz,103,25.0,4.12,0.9709,1.0,,
d485dd6ba4fe,DOG,include_video,video,,include_video:clip:d485dd6ba4fe,data/raw/include_video/Animals/1. Dog/MVI_3059.MOV,data/processed/landmarks/include_video/DOG/d485dd6ba4fe.npz,75,25.0,3.0,0.84,1.0,,
c6c97d8d3b5c,DOG,include_video,video,,include_video:clip:c6c97d8d3b5c,data/raw/include_video/Animals/1. Dog/MVI_3060.MOV,data/processed/landmarks/include_video/DOG/c6c97d8d3b5c.npz,85,25.0,3.4,0.8353,1.0,,
9048b6d11b49,DOG,include_video,video,,include_video:clip:9048b6d11b49,data/raw/include_video/Animals/1. Dog/MVI_3061.MOV,data/processed/landmarks/include_video/DOG/9048b6d11b49.npz,83,25.0,3.32,0.8795,1.0,,
35965cab90d9,DOG,include_video,video,,include_video:clip:35965cab90d9,data/raw/include_video/Animals/1. Dog/MVI_3085.MOV,data/processed/landmarks/include_video/DOG/35965cab90d9.npz,85,25.0,3.4,0.5412,1.0,,
d480b334d9bb,DOG,include_video,video,,include_video:clip:d480b334d9bb,data/raw/include_video/Animals/1. Dog/MVI_3086.MOV,data/processed/landmarks/include_video/DOG/d480b334d9bb.npz,83,25.0,3.32,0.494,1.0,low_hand_detection,
881cb7eb7a37,DOG,include_video,video,,include_video:clip:881cb7eb7a37,data/raw/include_video/Animals/1. Dog/MVI_3087.MOV,data/processed/landmarks/include_video/DOG/881cb7eb7a37.npz,75,25.0,3.0,0.5733,1.0,,
8326c1ad65c7,DOG,include_video,video,,include_video:clip:8326c1ad65c7,data/raw/include_video/Animals/1. Dog/MVI_4146.MOV,data/processed/landmarks/include_video/DOG/8326c1ad65c7.npz,71,25.0,2.84,0.9296,1.0,,
9b370b9d7ab7,DOG,include_video,video,,include_video:clip:9b370b9d7ab7,data/raw/include_video/Animals/1. Dog/MVI_4147.MOV,data/processed/landmarks/include_video/DOG/9b370b9d7ab7.npz,68,25.0,2.72,0.9265,1.0,,
afdc23fa5de0,DOG,include_video,video,,include_video:clip:afdc23fa5de0,data/raw/include_video/Animals/1. Dog/MVI_4148.MOV,data/processed/landmarks/include_video/DOG/afdc23fa5de0.npz,71,25.0,2.84,0.9296,1.0,,
f5334d2f830e,DOG,include_video,video,,include_video:clip:f5334d2f830e,data/raw/include_video/Animals/1. Dog/MVI_8560.MP4,data/processed/landmarks/include_video/DOG/f5334d2f830e.npz,83,25.0,3.32,0.3494,1.0,low_hand_detection,
2913c33f48d8,DOG,include_video,video,,include_video:clip:2913c33f48d8,data/raw/include_video/Animals/1. Dog/MVI_8561.MP4,data/processed/landmarks/include_video/DOG/2913c33f48d8.npz,67,25.0,2.68,0.4179,1.0,low_hand_detection,
8edf246acb18,DOOR,include_video,video,,include_video:clip:8edf246acb18,data/raw/include_video/Home/29. Door/MVI_4366.MOV,data/processed/landmarks/include_video/DOOR/8edf246acb18.npz,57,25.0,2.28,1.0,1.0,,
9b3dda5d19b6,DOOR,include_video,video,,include_video:clip:9b3dda5d19b6,data/raw/include_video/Home/29. Door/MVI_4367.MOV,data/processed/landmarks/include_video/DOOR/9b3dda5d19b6.npz,51,25.0,2.04,1.0,1.0,,
5c1d80a169ee,DOOR,include_video,video,,include_video:clip:5c1d80a169ee,data/raw/include_video/Home/29. Door/MVI_4368.MOV,data/processed/landmarks/include_video/DOOR/5c1d80a169ee.npz,50,25.0,2.0,1.0,1.0,,
2bc460cdd329,DOOR,include_video,video,,include_video:clip:2bc460cdd329,data/raw/include_video/Home/29. Door/MVI_4369.MOV,data/processed/landmarks/include_video/DOOR/2bc460cdd329.npz,57,25.0,2.28,1.0,1.0,,
ca479ce2296b,DOOR,include_video,video,,include_video:clip:ca479ce2296b,data/raw/include_video/Home/29. Door/MVI_4884.MOV,data/processed/landmarks/include_video/DOOR/ca479ce2296b.npz,43,25.0,1.72,0.9535,1.0,,
255138bd52ba,DOOR,include_video,video,,include_video:clip:255138bd52ba,data/raw/include_video/Home/29. Door/MVI_4885.MOV,data/processed/landmarks/include_video/DOOR/255138bd52ba.npz,49,25.0,1.96,0.8571,1.0,,
dd36b5836f00,DOOR,include_video,video,,include_video:clip:dd36b5836f00,data/raw/include_video/Home/29. Door/MVI_4886.MOV,data/processed/landmarks/include_video/DOOR/dd36b5836f00.npz,50,25.0,2.0,1.0,1.0,,
b576f30f6a04,DOOR,include_video,video,,include_video:clip:b576f30f6a04,data/raw/include_video/Home/29. Door/MVI_8770.MP4,data/processed/landmarks/include_video/DOOR/b576f30f6a04.npz,76,25.0,3.04,1.0,1.0,,
dbcb16a48a7d,DOOR,include_video,video,,include_video:clip:dbcb16a48a7d,data/raw/include_video/Home/29. Door/MVI_8771.MP4,data/processed/landmarks/include_video/DOOR/dbcb16a48a7d.npz,89,25.0,3.56,1.0,1.0,,
ca4e3c7c5a05,DOOR,include_video,video,,include_video:clip:ca4e3c7c5a05,data/raw/include_video/Home/29. Door/MVI_8772.MP4,data/processed/landmarks/include_video/DOOR/ca4e3c7c5a05.npz,74,25.0,2.96,1.0,1.0,,
f93901b87b82,DOOR,include_video,video,,include_video:clip:f93901b87b82,data/raw/include_video/Home/29. Door/MVI_8773.MP4,data/processed/landmarks/include_video/DOOR/f93901b87b82.npz,68,25.0,2.72,1.0,1.0,,
255092b0e4bc,DOOR,include_video,video,,include_video:clip:255092b0e4bc,data/raw/include_video/Home/29. Door/MVI_9016.MP4,data/processed/landmarks/include_video/DOOR/255092b0e4bc.npz,69,25.0,2.76,1.0,1.0,,
357d745bee39,DOOR,include_video,video,,include_video:clip:357d745bee39,data/raw/include_video/Home/29. Door/MVI_9017.MP4,data/processed/landmarks/include_video/DOOR/357d745bee39.npz,69,25.0,2.76,1.0,1.0,,
bfe7d86ddf30,DOOR,include_video,video,,include_video:clip:bfe7d86ddf30,data/raw/include_video/Home/29. Door/MVI_9018.MP4,data/processed/landmarks/include_video/DOOR/bfe7d86ddf30.npz,75,25.0,3.0,1.0,1.0,,
33859f901b7b,DREAM,include_video,video,,include_video:clip:33859f901b7b,data/raw/include_video/Home/27. Dream/MVI_4357.MOV,data/processed/landmarks/include_video/DREAM/33859f901b7b.npz,72,25.0,2.88,0.9028,1.0,,
799604b38be4,DREAM,include_video,video,,include_video:clip:799604b38be4,data/raw/include_video/Home/27. Dream/MVI_4359.MOV,data/processed/landmarks/include_video/DREAM/799604b38be4.npz,78,25.0,3.12,0.8974,1.0,,
7dee2b26209b,DREAM,include_video,video,,include_video:clip:7dee2b26209b,data/raw/include_video/Home/27. Dream/MVI_4360.MOV,data/processed/landmarks/include_video/DREAM/7dee2b26209b.npz,74,25.0,2.96,0.9459,1.0,,
14762ae64e4f,DREAM,include_video,video,,include_video:clip:14762ae64e4f,data/raw/include_video/Home/27. Dream/MVI_4361.MOV,data/processed/landmarks/include_video/DREAM/14762ae64e4f.npz,81,25.0,3.24,0.9136,1.0,,
bdbd121e6647,DREAM,include_video,video,,include_video:clip:bdbd121e6647,data/raw/include_video/Home/27. Dream/MVI_4878.MOV,data/processed/landmarks/include_video/DREAM/bdbd121e6647.npz,65,25.0,2.6,0.8154,1.0,,
7879f8dd6113,DREAM,include_video,video,,include_video:clip:7879f8dd6113,data/raw/include_video/Home/27. Dream/MVI_4879.MOV,data/processed/landmarks/include_video/DREAM/7879f8dd6113.npz,76,25.0,3.04,0.7632,1.0,,
af03db2b03da,DREAM,include_video,video,,include_video:clip:af03db2b03da,data/raw/include_video/Home/27. Dream/MVI_4880.MOV,data/processed/landmarks/include_video/DREAM/af03db2b03da.npz,71,25.0,2.84,0.8028,1.0,,
7529b8d97ea8,DREAM,include_video,video,,include_video:clip:7529b8d97ea8,data/raw/include_video/Home/27. Dream/MVI_8762.MP4,data/processed/landmarks/include_video/DREAM/7529b8d97ea8.npz,95,25.0,3.8,0.8947,1.0,,
044f3d80c538,DREAM,include_video,video,,include_video:clip:044f3d80c538,data/raw/include_video/Home/27. Dream/MVI_8763.MP4,data/processed/landmarks/include_video/DREAM/044f3d80c538.npz,92,25.0,3.68,0.8696,1.0,,
38380ef4e340,DREAM,include_video,video,,include_video:clip:38380ef4e340,data/raw/include_video/Home/27. Dream/MVI_8764.MP4,data/processed/landmarks/include_video/DREAM/38380ef4e340.npz,93,25.0,3.72,0.8602,1.0,,
1c0d47722077,DREAM,include_video,video,,include_video:clip:1c0d47722077,data/raw/include_video/Home/27. Dream/MVI_8765.MP4,data/processed/landmarks/include_video/DREAM/1c0d47722077.npz,107,25.0,4.28,0.9346,1.0,,
c0ecba71d7d4,DREAM,include_video,video,,include_video:clip:c0ecba71d7d4,data/raw/include_video/Home/27. Dream/MVI_9010.MP4,data/processed/landmarks/include_video/DREAM/c0ecba71d7d4.npz,77,25.0,3.08,0.8571,1.0,,
0ef5e8dfd8fb,DREAM,include_video,video,,include_video:clip:0ef5e8dfd8fb,data/raw/include_video/Home/27. Dream/MVI_9011.MP4,data/processed/landmarks/include_video/DREAM/0ef5e8dfd8fb.npz,81,25.0,3.24,0.8765,1.0,,
28c6c9ebf066,DREAM,include_video,video,,include_video:clip:28c6c9ebf066,data/raw/include_video/Home/27. Dream/MVI_9012.MP4,data/processed/landmarks/include_video/DREAM/28c6c9ebf066.npz,85,25.0,3.4,0.8471,1.0,,
92e339fbd972,DRESS,include_video,video,,include_video:clip:92e339fbd972,data/raw/include_video/Clothes/38. Dress/MVI_3693.MOV,data/processed/landmarks/include_video/DRESS/92e339fbd972.npz,59,25.0,2.36,1.0,1.0,,
7561d9819b2d,DRESS,include_video,video,,include_video:clip:7561d9819b2d,data/raw/include_video/Clothes/38. Dress/MVI_3694.MOV,data/processed/landmarks/include_video/DRESS/7561d9819b2d.npz,64,25.0,2.56,1.0,1.0,,
961d99fc2608,DRESS,include_video,video,,include_video:clip:961d99fc2608,data/raw/include_video/Clothes/38. Dress/MVI_3696.MOV,data/processed/landmarks/include_video/DRESS/961d99fc2608.npz,62,25.0,2.48,1.0,1.0,,
3182dfeb8795,DRESS,include_video,video,,include_video:clip:3182dfeb8795,data/raw/include_video/Clothes/38. Dress/MVI_3838.MOV,data/processed/landmarks/include_video/DRESS/3182dfeb8795.npz,48,25.0,1.92,1.0,1.0,,
6dc4202d1f9d,DRESS,include_video,video,,include_video:clip:6dc4202d1f9d,data/raw/include_video/Clothes/38. Dress/MVI_3839.MOV,data/processed/landmarks/include_video/DRESS/6dc4202d1f9d.npz,55,25.0,2.2,1.0,1.0,,
776cb12286d1,DRESS,include_video,video,,include_video:clip:776cb12286d1,data/raw/include_video/Clothes/38. Dress/MVI_3840.MOV,data/processed/landmarks/include_video/DRESS/776cb12286d1.npz,51,25.0,2.04,1.0,1.0,,
ea920191ecb5,DRESS,include_video,video,,include_video:clip:ea920191ecb5,data/raw/include_video/Clothes/38. Dress/MVI_3987.MOV,data/processed/landmarks/include_video/DRESS/ea920191ecb5.npz,68,25.0,2.72,1.0,1.0,,
c12cd577e679,DRESS,include_video,video,,include_video:clip:c12cd577e679,data/raw/include_video/Clothes/38. Dress/MVI_3988.MOV,data/processed/landmarks/include_video/DRESS/c12cd577e679.npz,88,25.0,3.52,1.0,1.0,,
400602ec9936,DRESS,include_video,video,,include_video:clip:400602ec9936,data/raw/include_video/Clothes/38. Dress/MVI_3989.MOV,data/processed/landmarks/include_video/DRESS/400602ec9936.npz,62,25.0,2.48,1.0,1.0,,
c6916fe86df8,DRESS,include_video,video,,include_video:clip:c6916fe86df8,data/raw/include_video/Clothes/38. Dress/MVI_4198.MOV,data/processed/landmarks/include_video/DRESS/c6916fe86df8.npz,50,25.0,2.0,1.0,1.0,,
2cfbb75a94ef,DRESS,include_video,video,,include_video:clip:2cfbb75a94ef,data/raw/include_video/Clothes/38. Dress/MVI_4868.MOV,data/processed/landmarks/include_video/DRESS/2cfbb75a94ef.npz,55,25.0,2.2,1.0,1.0,,
2d25716c03db,DRESS,include_video,video,,include_video:clip:2d25716c03db,data/raw/include_video/Clothes/38. Dress/MVI_4869.MOV,data/processed/landmarks/include_video/DRESS/2d25716c03db.npz,61,25.0,2.44,1.0,1.0,,
0416bb0e1e33,DRESS,include_video,video,,include_video:clip:0416bb0e1e33,data/raw/include_video/Clothes/38. Dress/MVI_4870.MOV,data/processed/landmarks/include_video/DRESS/0416bb0e1e33.npz,53,25.0,2.12,1.0,1.0,,
8f2c4bfbd444,DRESS,include_video,video,,include_video:clip:8f2c4bfbd444,data/raw/include_video/Clothes/38. Dress/MVI_5009.MOV,data/processed/landmarks/include_video/DRESS/8f2c4bfbd444.npz,49,25.0,1.96,0.7347,1.0,,
6e7906020b67,DRESS,include_video,video,,include_video:clip:6e7906020b67,data/raw/include_video/Clothes/38. Dress/MVI_5010.MOV,data/processed/landmarks/include_video/DRESS/6e7906020b67.npz,51,25.0,2.04,0.7255,1.0,,
5ae6d2226df1,DRESS,include_video,video,,include_video:clip:5ae6d2226df1,data/raw/include_video/Clothes/38. Dress/MVI_5011.MOV,data/processed/landmarks/include_video/DRESS/5ae6d2226df1.npz,51,25.0,2.04,0.7843,1.0,,
67b55dd995f6,DRESS,include_video,video,,include_video:clip:67b55dd995f6,data/raw/include_video/Clothes/38. Dress/MVI_5157.MOV,data/processed/landmarks/include_video/DRESS/67b55dd995f6.npz,66,25.0,2.64,1.0,1.0,,
51e9287df4f5,DRESS,include_video,video,,include_video:clip:51e9287df4f5,data/raw/include_video/Clothes/38. Dress/MVI_5158.MOV,data/processed/landmarks/include_video/DRESS/51e9287df4f5.npz,56,25.0,2.24,1.0,1.0,,
f447c853b11b,DRESS,include_video,video,,include_video:clip:f447c853b11b,data/raw/include_video/Clothes/38. Dress/MVI_5159.MOV,data/processed/landmarks/include_video/DRESS/f447c853b11b.npz,51,25.0,2.04,1.0,1.0,,
9c64a4699994,DRESS,include_video,video,,include_video:clip:9c64a4699994,data/raw/include_video/Clothes/38. Dress/MVI_8601.MP4,data/processed/landmarks/include_video/DRESS/9c64a4699994.npz,54,25.0,2.16,0.9259,1.0,,
6ca1a1858e7d,DRY,include_video,video,,include_video:clip:6ca1a1858e7d,data/raw/include_video/Adjectives/97. dry/MVI_5167.MOV,data/processed/landmarks/include_video/DRY/6ca1a1858e7d.npz,68,25.0,2.72,0.9265,1.0,,
3e5cd0610d9d,DRY,include_video,video,,include_video:clip:3e5cd0610d9d,data/raw/include_video/Adjectives/97. dry/MVI_5168.MOV,data/processed/landmarks/include_video/DRY/3e5cd0610d9d.npz,80,25.0,3.2,0.9625,1.0,,
2b2324fa436b,DRY,include_video,video,,include_video:clip:2b2324fa436b,data/raw/include_video/Adjectives/97. dry/MVI_5169.MOV,data/processed/landmarks/include_video/DRY/2b2324fa436b.npz,82,25.0,3.28,0.9512,1.0,,
90a56ed52039,DRY,include_video,video,,include_video:clip:90a56ed52039,data/raw/include_video/Adjectives/97. dry/MVI_5248.MOV,data/processed/landmarks/include_video/DRY/90a56ed52039.npz,58,25.0,2.32,0.8448,1.0,,
970e25e4d853,DRY,include_video,video,,include_video:clip:970e25e4d853,data/raw/include_video/Adjectives/97. dry/MVI_5249.MOV,data/processed/landmarks/include_video/DRY/970e25e4d853.npz,67,25.0,2.68,0.8657,1.0,,
79c851278ba5,DRY,include_video,video,,include_video:clip:79c851278ba5,data/raw/include_video/Adjectives/97. dry/MVI_5250.MOV,data/processed/landmarks/include_video/DRY/79c851278ba5.npz,67,25.0,2.68,0.8806,1.0,,
7620eaf058fd,DRY,include_video,video,,include_video:clip:7620eaf058fd,data/raw/include_video/Adjectives/97. dry/MVI_5326.MOV,data/processed/landmarks/include_video/DRY/7620eaf058fd.npz,60,25.0,2.4,0.9167,1.0,,
6d940a968e65,DRY,include_video,video,,include_video:clip:6d940a968e65,data/raw/include_video/Adjectives/97. dry/MVI_5327.MOV,data/processed/landmarks/include_video/DRY/6d940a968e65.npz,58,25.0,2.32,0.8793,1.0,,
78174c47acd4,DRY,include_video,video,,include_video:clip:78174c47acd4,data/raw/include_video/Adjectives/97. dry/MVI_5328.MOV,data/processed/landmarks/include_video/DRY/78174c47acd4.npz,55,25.0,2.2,0.9091,1.0,,
8eb3c60e2c34,DRY,include_video,video,,include_video:clip:8eb3c60e2c34,data/raw/include_video/Adjectives/97. dry/MVI_9277.MOV,data/processed/landmarks/include_video/DRY/8eb3c60e2c34.npz,57,25.0,2.28,0.9298,1.0,,
c36138e2831b,DRY,include_video,video,,include_video:clip:c36138e2831b,data/raw/include_video/Adjectives/97. dry/MVI_9278.MOV,data/processed/landmarks/include_video/DRY/c36138e2831b.npz,62,25.0,2.48,0.871,1.0,,
9b422286aadd,DRY,include_video,video,,include_video:clip:9b422286aadd,data/raw/include_video/Adjectives/97. dry/MVI_9279.MOV,data/processed/landmarks/include_video/DRY/9b422286aadd.npz,56,25.0,2.24,0.8929,1.0,,
f478ca39c5c8,DRY,include_video,video,,include_video:clip:f478ca39c5c8,data/raw/include_video/Adjectives/97. dry/MVI_9359.MOV,data/processed/landmarks/include_video/DRY/f478ca39c5c8.npz,55,25.0,2.2,0.7818,1.0,,
b706b9da4bb6,DRY,include_video,video,,include_video:clip:b706b9da4bb6,data/raw/include_video/Adjectives/97. dry/MVI_9360.MOV,data/processed/landmarks/include_video/DRY/b706b9da4bb6.npz,53,25.0,2.12,0.8679,1.0,,
a07e968f5e22,DRY,include_video,video,,include_video:clip:a07e968f5e22,data/raw/include_video/Adjectives/97. dry/MVI_9361.MOV,data/processed/landmarks/include_video/DRY/a07e968f5e22.npz,53,25.0,2.12,0.7925,1.0,,
16e5945b8db5,DRY,include_video,video,,include_video:clip:16e5945b8db5,data/raw/include_video/Adjectives/97. dry/MVI_9439.MOV,data/processed/landmarks/include_video/DRY/16e5945b8db5.npz,63,25.0,2.52,0.9048,1.0,,
73055891d743,DRY,include_video,video,,include_video:clip:73055891d743,data/raw/include_video/Adjectives/97. dry/MVI_9440.MOV,data/processed/landmarks/include_video/DRY/73055891d743.npz,58,25.0,2.32,0.8448,1.0,,
ffd07acf920c,DRY,include_video,video,,include_video:clip:ffd07acf920c,data/raw/include_video/Adjectives/97. dry/MVI_9441.MOV,data/processed/landmarks/include_video/DRY/ffd07acf920c.npz,57,25.0,2.28,0.8246,1.0,,
4eb19867cb7a,DRY,include_video,video,,include_video:clip:4eb19867cb7a,data/raw/include_video/Adjectives/97. dry/MVI_9521.MOV,data/processed/landmarks/include_video/DRY/4eb19867cb7a.npz,63,25.0,2.52,0.9048,1.0,,
619a9630e938,DRY,include_video,video,,include_video:clip:619a9630e938,data/raw/include_video/Adjectives/97. dry/MVI_9522.MOV,data/processed/landmarks/include_video/DRY/619a9630e938.npz,64,25.0,2.56,0.8906,1.0,,
1a63f37e2af1,DRY,include_video,video,,include_video:clip:1a63f37e2af1,data/raw/include_video/Adjectives/97. dry/MVI_9523.MOV,data/processed/landmarks/include_video/DRY/1a63f37e2af1.npz,66,25.0,2.64,0.9394,1.0,,
0eae0ab8754f,EVENING,include_video,video,,include_video:clip:0eae0ab8754f,data/raw/include_video/Days_and_Time/84. Evening/MVI_4659.MOV,data/processed/landmarks/include_video/EVENING/0eae0ab8754f.npz,57,25.0,2.28,1.0,0.9825,,
57830252cd9b,EVENING,include_video,video,,include_video:clip:57830252cd9b,data/raw/include_video/Days_and_Time/84. Evening/MVI_4660.MOV,data/processed/landmarks/include_video/EVENING/57830252cd9b.npz,48,25.0,1.92,0.7917,1.0,,
b14373dbee1f,EVENING,include_video,video,,include_video:clip:b14373dbee1f,data/raw/include_video/Days_and_Time/84. Evening/MVI_4661.MOV,data/processed/landmarks/include_video/EVENING/b14373dbee1f.npz,48,25.0,1.92,1.0,1.0,,
0351757c86e7,EVENING,include_video,video,,include_video:clip:0351757c86e7,data/raw/include_video/Days_and_Time/84. Evening/MVI_4662.MOV,data/processed/landmarks/include_video/EVENING/0351757c86e7.npz,58,25.0,2.32,1.0,0.9138,,
8a2ef96b6645,EVENING,include_video,video,,include_video:clip:8a2ef96b6645,data/raw/include_video/Days_and_Time/84. Evening/MVI_5070.MOV,data/processed/landmarks/include_video/EVENING/8a2ef96b6645.npz,42,25.0,1.68,0.4524,1.0,low_hand_detection,
d9e79a436b03,EVENING,include_video,video,,include_video:clip:d9e79a436b03,data/raw/include_video/Days_and_Time/84. Evening/MVI_5071.MOV,data/processed/landmarks/include_video/EVENING/d9e79a436b03.npz,42,25.0,1.68,0.4048,1.0,low_hand_detection,
dee5811cf8dc,EVENING,include_video,video,,include_video:clip:dee5811cf8dc,data/raw/include_video/Days_and_Time/84. Evening/MVI_5072.MOV,data/processed/landmarks/include_video/EVENING/dee5811cf8dc.npz,41,25.0,1.64,0.3902,1.0,low_hand_detection,
c9b88826c5ff,EVENING,include_video,video,,include_video:clip:c9b88826c5ff,data/raw/include_video/Days_and_Time/84. Evening/MVI_5515.MOV,data/processed/landmarks/include_video/EVENING/c9b88826c5ff.npz,37,25.0,1.48,1.0,1.0,,
df793bc2868e,EVENING,include_video,video,,include_video:clip:df793bc2868e,data/raw/include_video/Days_and_Time/84. Evening/MVI_5517.MOV,data/processed/landmarks/include_video/EVENING/df793bc2868e.npz,41,25.0,1.64,1.0,1.0,,
55c100079479,EVENING,include_video,video,,include_video:clip:55c100079479,data/raw/include_video/Days_and_Time/84. Evening/MVI_5518.MOV,data/processed/landmarks/include_video/EVENING/55c100079479.npz,34,25.0,1.36,1.0,1.0,,
4ea27764a6d3,EVENING,include_video,video,,include_video:clip:4ea27764a6d3,data/raw/include_video/Days_and_Time/84. Evening/MVI_5519.MOV,data/processed/landmarks/include_video/EVENING/4ea27764a6d3.npz,39,25.0,1.56,1.0,1.0,,
4e0d3fd4d4c1,EVENING,include_video,video,,include_video:clip:4e0d3fd4d4c1,data/raw/include_video/Days_and_Time/84. Evening/MVI_9194.MP4,data/processed/landmarks/include_video/EVENING/4e0d3fd4d4c1.npz,67,25.0,2.68,1.0,1.0,,
93e6fef5bd32,EVENING,include_video,video,,include_video:clip:93e6fef5bd32,data/raw/include_video/Days_and_Time/84. Evening/MVI_9195.MP4,data/processed/landmarks/include_video/EVENING/93e6fef5bd32.npz,63,25.0,2.52,1.0,1.0,,
05ac563fe9d9,EVENING,include_video,video,,include_video:clip:05ac563fe9d9,data/raw/include_video/Days_and_Time/84. Evening/MVI_9196.MP4,data/processed/landmarks/include_video/EVENING/05ac563fe9d9.npz,58,25.0,2.32,1.0,1.0,,
f3d435ab0fdd,EXPENSIVE,include_video,video,,include_video:clip:f3d435ab0fdd,data/raw/include_video/Adjectives/15. expensive/MVI_9613.MOV,data/processed/landmarks/include_video/EXPENSIVE/f3d435ab0fdd.npz,76,25.0,3.04,1.0,1.0,,
a5ee264715e8,EXPENSIVE,include_video,video,,include_video:clip:a5ee264715e8,data/raw/include_video/Adjectives/15. expensive/MVI_9614.MOV,data/processed/landmarks/include_video/EXPENSIVE/a5ee264715e8.npz,71,25.0,2.84,1.0,1.0,,
151b3916aa7a,EXPENSIVE,include_video,video,,include_video:clip:151b3916aa7a,data/raw/include_video/Adjectives/15. expensive/MVI_9615.MOV,data/processed/landmarks/include_video/EXPENSIVE/151b3916aa7a.npz,73,25.0,2.92,1.0,1.0,,
5c59f720864a,EXPENSIVE,include_video,video,,include_video:clip:5c59f720864a,data/raw/include_video/Adjectives/15. expensive/MVI_9616.MOV,data/processed/landmarks/include_video/EXPENSIVE/5c59f720864a.npz,63,25.0,2.52,1.0,1.0,,
b18f7f81025a,EXPENSIVE,include_video,video,,include_video:clip:b18f7f81025a,data/raw/include_video/Adjectives/15. expensive/MVI_9746.MOV,data/processed/landmarks/include_video/EXPENSIVE/b18f7f81025a.npz,57,25.0,2.28,1.0,1.0,,
0d58938f1f2c,EXPENSIVE,include_video,video,,include_video:clip:0d58938f1f2c,data/raw/include_video/Adjectives/15. expensive/MVI_9747.MOV,data/processed/landmarks/include_video/EXPENSIVE/0d58938f1f2c.npz,55,25.0,2.2,1.0,1.0,,
ab57ab7e7e26,EXPENSIVE,include_video,video,,include_video:clip:ab57ab7e7e26,data/raw/include_video/Adjectives/15. expensive/MVI_9748.MOV,data/processed/landmarks/include_video/EXPENSIVE/ab57ab7e7e26.npz,63,25.0,2.52,1.0,1.0,,
5a01be24d7d9,EXPENSIVE,include_video,video,,include_video:clip:5a01be24d7d9,data/raw/include_video/Adjectives/15. expensive/MVI_9749.MOV,data/processed/landmarks/include_video/EXPENSIVE/5a01be24d7d9.npz,63,25.0,2.52,1.0,1.0,,
9a3c52ea8dd2,EXTRA,include_video,video,,include_video:clip:9a3c52ea8dd2,data/raw/include_video/Adjectives/5. Beautiful/Extra/MVI_9573.MOV,data/processed/landmarks/include_video/EXTRA/9a3c52ea8dd2.npz,68,25.0,2.72,1.0,1.0,,
6a1d39a9fc5e,EXTRA,include_video,video,,include_video:clip:6a1d39a9fc5e,data/raw/include_video/Adjectives/79. short/extra/MVI_5192.MOV,data/processed/landmarks/include_video/EXTRA/6a1d39a9fc5e.npz,59,25.0,2.36,0.8475,1.0,,
a495120c8fb3,EXTRA,include_video,video,,include_video:clip:a495120c8fb3,data/raw/include_video/Adjectives/84. small little/extra/MVI_5209.MOV,data/processed/landmarks/include_video/EXTRA/a495120c8fb3.npz,68,25.0,2.72,0.8529,1.0,,
98c1093b016b,EXTRA,include_video,video,,include_video:clip:98c1093b016b,data/raw/include_video/Animals/4. Bird/Extra/MVI_3041.MOV,data/processed/landmarks/include_video/EXTRA/98c1093b016b.npz,98,25.0,3.92,0.898,1.0,,
6f3230edd764,EXTRA,include_video,video,,include_video:clip:6f3230edd764,data/raw/include_video/Animals/4. Bird/Extra/MVI_3042.MOV,data/processed/landmarks/include_video/EXTRA/6f3230edd764.npz,104,25.0,4.16,0.9038,1.0,,
5fc7fda02d10,EXTRA,include_video,video,,include_video:clip:5fc7fda02d10,data/raw/include_video/Animals/4. Bird/Extra/MVI_3043.MOV,data/processed/landmarks/include_video/EXTRA/5fc7fda02d10.npz,94,25.0,3.76,0.9681,1.0,,
034dfa4754d2,EXTRA,include_video,video,,include_video:clip:034dfa4754d2,data/raw/include_video/Animals/4. Bird/Extra/MVI_3044.MOV,data/processed/landmarks/include_video/EXTRA/034dfa4754d2.npz,95,25.0,3.8,0.9368,1.0,,
053287046b91,EXTRA,include_video,video,,include_video:clip:053287046b91,data/raw/include_video/Animals/4. Bird/Extra/MVI_3045.MOV,data/processed/landmarks/include_video/EXTRA/053287046b91.npz,89,25.0,3.56,0.8876,1.0,,
564a096554be,FAMOUS,include_video,video,,include_video:clip:564a096554be,data/raw/include_video/Adjectives/39. famous/MVI_9715.MOV,data/processed/landmarks/include_video/FAMOUS/564a096554be.npz,51,25.0,2.04,1.0,1.0,,
9514b0628990,FAMOUS,include_video,video,,include_video:clip:9514b0628990,data/raw/include_video/Adjectives/39. famous/MVI_9716.MOV,data/processed/landmarks/include_video/FAMOUS/9514b0628990.npz,58,25.0,2.32,1.0,1.0,,
9f230281d1d4,FAMOUS,include_video,video,,include_video:clip:9f230281d1d4,data/raw/include_video/Adjectives/39. famous/MVI_9717.MOV,data/processed/landmarks/include_video/FAMOUS/9f230281d1d4.npz,48,25.0,1.92,1.0,1.0,,
93ff2771de0e,FAMOUS,include_video,video,,include_video:clip:93ff2771de0e,data/raw/include_video/Adjectives/39. famous/MVI_9718.MOV,data/processed/landmarks/include_video/FAMOUS/93ff2771de0e.npz,50,25.0,2.0,1.0,1.0,,
9801d878e662,FAMOUS,include_video,video,,include_video:clip:9801d878e662,data/raw/include_video/Adjectives/39. famous/MVI_9839.MOV,data/processed/landmarks/include_video/FAMOUS/9801d878e662.npz,62,25.0,2.48,1.0,1.0,,
deef34dda8f7,FAMOUS,include_video,video,,include_video:clip:deef34dda8f7,data/raw/include_video/Adjectives/39. famous/MVI_9841.MOV,data/processed/landmarks/include_video/FAMOUS/deef34dda8f7.npz,49,25.0,1.96,1.0,1.0,,
5116c052ebe0,FAMOUS,include_video,video,,include_video:clip:5116c052ebe0,data/raw/include_video/Adjectives/39. famous/MVI_9842.MOV,data/processed/landmarks/include_video/FAMOUS/5116c052ebe0.npz,50,25.0,2.0,1.0,1.0,,
380965a72f1f,FAMOUS,include_video,video,,include_video:clip:380965a72f1f,data/raw/include_video/Adjectives/39. famous/MVI_9843.MOV,data/processed/landmarks/include_video/FAMOUS/380965a72f1f.npz,52,25.0,2.08,1.0,1.0,,
09bb98425bcc,FAN,include_video,video,,include_video:clip:09bb98425bcc,data/raw/include_video/Electronics/53. Fan/MVI_4532.MOV,data/processed/landmarks/include_video/FAN/09bb98425bcc.npz,78,25.0,3.12,0.8333,0.9872,,
e12d619f29d4,FAN,include_video,video,,include_video:clip:e12d619f29d4,data/raw/include_video/Electronics/53. Fan/MVI_4533.MOV,data/processed/landmarks/include_video/FAN/e12d619f29d4.npz,65,25.0,2.6,0.7692,0.9385,,
33bb5020a2b8,FAN,include_video,video,,include_video:clip:33bb5020a2b8,data/raw/include_video/Electronics/53. Fan/MVI_4534.MOV,data/processed/landmarks/include_video/FAN/33bb5020a2b8.npz,59,25.0,2.36,0.7288,1.0,,
062932144371,FAN,include_video,video,,include_video:clip:062932144371,data/raw/include_video/Electronics/53. Fan/MVI_4535.MOV,data/processed/landmarks/include_video/FAN/062932144371.npz,58,25.0,2.32,0.7241,1.0,,
58a76179eacb,FAN,include_video,video,,include_video:clip:58a76179eacb,data/raw/include_video/Electronics/53. Fan/MVI_4536.MOV,data/processed/landmarks/include_video/FAN/58a76179eacb.npz,64,25.0,2.56,0.8125,0.8594,,
6edc1d260514,FAN,include_video,video,,include_video:clip:6edc1d260514,data/raw/include_video/Electronics/53. Fan/MVI_4964.MOV,data/processed/landmarks/include_video/FAN/6edc1d260514.npz,53,25.0,2.12,0.6981,1.0,,
64e30c0ece70,FAN,include_video,video,,include_video:clip:64e30c0ece70,data/raw/include_video/Electronics/53. Fan/MVI_4965.MOV,data/processed/landmarks/include_video/FAN/64e30c0ece70.npz,56,25.0,2.24,0.5179,1.0,,
26613a904884,FAN,include_video,video,,include_video:clip:26613a904884,data/raw/include_video/Electronics/53. Fan/MVI_4966.MOV,data/processed/landmarks/include_video/FAN/26613a904884.npz,53,25.0,2.12,0.717,1.0,,
dd7ccd094eaa,FAN,include_video,video,,include_video:clip:dd7ccd094eaa,data/raw/include_video/Electronics/53. Fan/MVI_5387.MOV,data/processed/landmarks/include_video/FAN/dd7ccd094eaa.npz,56,25.0,2.24,1.0,1.0,,
f61f86c97272,FAN,include_video,video,,include_video:clip:f61f86c97272,data/raw/include_video/Electronics/53. Fan/MVI_5388.MOV,data/processed/landmarks/include_video/FAN/f61f86c97272.npz,53,25.0,2.12,1.0,1.0,,
587901785f3e,FAN,include_video,video,,include_video:clip:587901785f3e,data/raw/include_video/Electronics/53. Fan/MVI_5389.MOV,data/processed/landmarks/include_video/FAN/587901785f3e.npz,55,25.0,2.2,1.0,1.0,,
d3c73bc17c02,FAN,include_video,video,,include_video:clip:d3c73bc17c02,data/raw/include_video/Electronics/53. Fan/MVI_5390.MOV,data/processed/landmarks/include_video/FAN/d3c73bc17c02.npz,57,25.0,2.28,1.0,1.0,,
2d8207977870,FAN,include_video,video,,include_video:clip:2d8207977870,data/raw/include_video/Electronics/53. Fan/MVI_9097.MP4,data/processed/landmarks/include_video/FAN/2d8207977870.npz,78,25.0,3.12,1.0,1.0,,
9d11b1152567,FAN,include_video,video,,include_video:clip:9d11b1152567,data/raw/include_video/Electronics/53. Fan/MVI_9098.MP4,data/processed/landmarks/include_video/FAN/9d11b1152567.npz,71,25.0,2.84,1.0,1.0,,
c8a931c5e105,FAN,include_video,video,,include_video:clip:c8a931c5e105,data/raw/include_video/Electronics/53. Fan/MVI_9099.MP4,data/processed/landmarks/include_video/FAN/c8a931c5e105.npz,87,25.0,3.48,1.0,1.0,,
84f7ef82bc14,FAST,include_video,video,,include_video:clip:84f7ef82bc14,data/raw/include_video/Adjectives/86. fast/MVI_5133.MOV,data/processed/landmarks/include_video/FAST/84f7ef82bc14.npz,65,25.0,2.6,1.0,1.0,,
f189f8244473,FAST,include_video,video,,include_video:clip:f189f8244473,data/raw/include_video/Adjectives/86. fast/MVI_5134.MOV,data/processed/landmarks/include_video/FAST/f189f8244473.npz,70,25.0,2.8,1.0,1.0,,
d32efab6b1c9,FAST,include_video,video,,include_video:clip:d32efab6b1c9,data/raw/include_video/Adjectives/86. fast/MVI_5135.MOV,data/processed/landmarks/include_video/FAST/d32efab6b1c9.npz,74,25.0,2.96,1.0,1.0,,
275adf1f8941,FAST,include_video,video,,include_video:clip:275adf1f8941,data/raw/include_video/Adjectives/86. fast/MVI_5213.MOV,data/processed/landmarks/include_video/FAST/275adf1f8941.npz,56,25.0,2.24,1.0,1.0,,
4e0060b16827,FAST,include_video,video,,include_video:clip:4e0060b16827,data/raw/include_video/Adjectives/86. fast/MVI_5214.MOV,data/processed/landmarks/include_video/FAST/4e0060b16827.npz,70,25.0,2.8,1.0,1.0,,
54da45d2a2fb,FAST,include_video,video,,include_video:clip:54da45d2a2fb,data/raw/include_video/Adjectives/86. fast/MVI_5215.MOV,data/processed/landmarks/include_video/FAST/54da45d2a2fb.npz,65,25.0,2.6,1.0,1.0,,
f1d3b9097b91,FAST,include_video,video,,include_video:clip:f1d3b9097b91,data/raw/include_video/Adjectives/86. fast/MVI_5292.MOV,data/processed/landmarks/include_video/FAST/f1d3b9097b91.npz,47,25.0,1.88,1.0,1.0,,
1dc2f8b1f9b7,FAST,include_video,video,,include_video:clip:1dc2f8b1f9b7,data/raw/include_video/Adjectives/86. fast/MVI_5293.MOV,data/processed/landmarks/include_video/FAST/1dc2f8b1f9b7.npz,55,25.0,2.2,1.0,1.0,,
e027ab563b7e,FAST,include_video,video,,include_video:clip:e027ab563b7e,data/raw/include_video/Adjectives/86. fast/MVI_5294.MOV,data/processed/landmarks/include_video/FAST/e027ab563b7e.npz,50,25.0,2.0,1.0,1.0,,
b7107013cba4,FAST,include_video,video,,include_video:clip:b7107013cba4,data/raw/include_video/Adjectives/86. fast/MVI_9244.MOV,data/processed/landmarks/include_video/FAST/b7107013cba4.npz,45,25.0,1.8,1.0,1.0,,
c0098531039c,FAST,include_video,video,,include_video:clip:c0098531039c,data/raw/include_video/Adjectives/86. fast/MVI_9245.MOV,data/processed/landmarks/include_video/FAST/c0098531039c.npz,48,25.0,1.92,1.0,1.0,,
e55a3c4d41f2,FAST,include_video,video,,include_video:clip:e55a3c4d41f2,data/raw/include_video/Adjectives/86. fast/MVI_9246.MOV,data/processed/landmarks/include_video/FAST/e55a3c4d41f2.npz,46,25.0,1.84,1.0,1.0,,
de43ba6744b4,FAST,include_video,video,,include_video:clip:de43ba6744b4,data/raw/include_video/Adjectives/86. fast/MVI_9325.MOV,data/processed/landmarks/include_video/FAST/de43ba6744b4.npz,44,25.0,1.76,0.3409,1.0,low_hand_detection,
ebc78b0de334,FAST,include_video,video,,include_video:clip:ebc78b0de334,data/raw/include_video/Adjectives/86. fast/MVI_9326.MOV,data/processed/landmarks/include_video/FAST/ebc78b0de334.npz,48,25.0,1.92,0.5417,1.0,,
d91785e76b8f,FAST,include_video,video,,include_video:clip:d91785e76b8f,data/raw/include_video/Adjectives/86. fast/MVI_9327.MOV,data/processed/landmarks/include_video/FAST/d91785e76b8f.npz,43,25.0,1.72,0.3721,1.0,low_hand_detection,
d4866e6dac70,FAST,include_video,video,,include_video:clip:d4866e6dac70,data/raw/include_video/Adjectives/86. fast/MVI_9405.MOV,data/processed/landmarks/include_video/FAST/d4866e6dac70.npz,51,25.0,2.04,1.0,1.0,,
c945add21960,FAST,include_video,video,,include_video:clip:c945add21960,data/raw/include_video/Adjectives/86. fast/MVI_9406.MOV,data/processed/landmarks/include_video/FAST/c945add21960.npz,55,25.0,2.2,1.0,1.0,,
8453248b7d3a,FAST,include_video,video,,include_video:clip:8453248b7d3a,data/raw/include_video/Adjectives/86. fast/MVI_9407.MOV,data/processed/landmarks/include_video/FAST/8453248b7d3a.npz,53,25.0,2.12,1.0,1.0,,
845a82c71d95,FAST,include_video,video,,include_video:clip:845a82c71d95,data/raw/include_video/Adjectives/86. fast/MVI_9484.MOV,data/processed/landmarks/include_video/FAST/845a82c71d95.npz,61,25.0,2.44,1.0,1.0,,
116432ea1587,FAST,include_video,video,,include_video:clip:116432ea1587,data/raw/include_video/Adjectives/86. fast/MVI_9485.MOV,data/processed/landmarks/include_video/FAST/116432ea1587.npz,67,25.0,2.68,1.0,1.0,,
4b135e63132f,FAST,include_video,video,,include_video:clip:4b135e63132f,data/raw/include_video/Adjectives/86. fast/MVI_9486.MOV,data/processed/landmarks/include_video/FAST/4b135e63132f.npz,62,25.0,2.48,1.0,1.0,,
797c88f469f0,FEMALE,include_video,video,,include_video:clip:797c88f469f0,data/raw/include_video/Adjectives/20. female/MVI_9642.MOV,data/processed/landmarks/include_video/FEMALE/797c88f469f0.npz,57,25.0,2.28,1.0,1.0,,
498de25459a8,FEMALE,include_video,video,,include_video:clip:498de25459a8,data/raw/include_video/Adjectives/20. female/MVI_9643.MOV,data/processed/landmarks/include_video/FEMALE/498de25459a8.npz,52,25.0,2.08,1.0,1.0,,
c395fba537b4,FEMALE,include_video,video,,include_video:clip:c395fba537b4,data/raw/include_video/Adjectives/20. female/MVI_9644.MOV,data/processed/landmarks/include_video/FEMALE/c395fba537b4.npz,46,25.0,1.84,1.0,1.0,,
ae53594e9283,FEMALE,include_video,video,,include_video:clip:ae53594e9283,data/raw/include_video/Adjectives/20. female/MVI_9645.MOV,data/processed/landmarks/include_video/FEMALE/ae53594e9283.npz,49,25.0,1.96,1.0,1.0,,
8f4c8b7de170,FEMALE,include_video,video,,include_video:clip:8f4c8b7de170,data/raw/include_video/Adjectives/20. female/MVI_9767.MOV,data/processed/landmarks/include_video/FEMALE/8f4c8b7de170.npz,47,25.0,1.88,1.0,1.0,,
1324a0707081,FEMALE,include_video,video,,include_video:clip:1324a0707081,data/raw/include_video/Adjectives/20. female/MVI_9768.MOV,data/processed/landmarks/include_video/FEMALE/1324a0707081.npz,53,25.0,2.12,1.0,1.0,,
79bf8aad64ac,FEMALE,include_video,video,,include_video:clip:79bf8aad64ac,data/raw/include_video/Adjectives/20. female/MVI_9769.MOV,data/processed/landmarks/include_video/FEMALE/79bf8aad64ac.npz,46,25.0,1.84,1.0,1.0,,
2d27f296e402,FEMALE,include_video,video,,include_video:clip:2d27f296e402,data/raw/include_video/Adjectives/20. female/MVI_9770.MOV,data/processed/landmarks/include_video/FEMALE/2d27f296e402.npz,56,25.0,2.24,1.0,1.0,,
a5617a8da97e,FISH,include_video,video,,include_video:clip:a5617a8da97e,data/raw/include_video/Animals/3. Fish/MVI_2984.MOV,data/processed/landmarks/include_video/FISH/a5617a8da97e.npz,73,25.0,2.92,0.6027,1.0,,
677d7451b915,FISH,include_video,video,,include_video:clip:677d7451b915,data/raw/include_video/Animals/3. Fish/MVI_2985.MOV,data/processed/landmarks/include_video/FISH/677d7451b915.npz,67,25.0,2.68,0.7761,1.0,,
10fddbe7efa5,FISH,include_video,video,,include_video:clip:10fddbe7efa5,data/raw/include_video/Animals/3. Fish/MVI_2986.MOV,data/processed/landmarks/include_video/FISH/10fddbe7efa5.npz,94,25.0,3.76,0.766,1.0,,
4df9cd94e104,FISH,include_video,video,,include_video:clip:4df9cd94e104,data/raw/include_video/Animals/3. Fish/MVI_3008.MOV,data/processed/landmarks/include_video/FISH/4df9cd94e104.npz,112,25.0,4.48,0.9464,1.0,,
d85beee116a5,FISH,include_video,video,,include_video:clip:d85beee116a5,data/raw/include_video/Animals/3. Fish/MVI_3009.MOV,data/processed/landmarks/include_video/FISH/d85beee116a5.npz,85,25.0,3.4,0.8941,1.0,,
90da60bb5e21,FISH,include_video,video,,include_video:clip:90da60bb5e21,data/raw/include_video/Animals/3. Fish/MVI_3010.MOV,data/processed/landmarks/include_video/FISH/90da60bb5e21.npz,77,25.0,3.08,0.8182,1.0,,
5bd8e6ef147a,FISH,include_video,video,,include_video:clip:5bd8e6ef147a,data/raw/include_video/Animals/3. Fish/MVI_3034.MOV,data/processed/landmarks/include_video/FISH/5bd8e6ef147a.npz,77,25.0,3.08,1.0,1.0,,
3fb811b0b493,FISH,include_video,video,,include_video:clip:3fb811b0b493,data/raw/include_video/Animals/3. Fish/MVI_3035.MOV,data/processed/landmarks/include_video/FISH/3fb811b0b493.npz,82,25.0,3.28,0.9878,1.0,,
e369bb00fef1,FISH,include_video,video,,include_video:clip:e369bb00fef1,data/raw/include_video/Animals/3. Fish/MVI_3036.MOV,data/processed/landmarks/include_video/FISH/e369bb00fef1.npz,88,25.0,3.52,1.0,1.0,,
e734ce6456ec,FISH,include_video,video,,include_video:clip:e734ce6456ec,data/raw/include_video/Animals/3. Fish/MVI_3067.MOV,data/processed/landmarks/include_video/FISH/e734ce6456ec.npz,83,25.0,3.32,0.8554,1.0,,
bb7a9b442076,FISH,include_video,video,,include_video:clip:bb7a9b442076,data/raw/include_video/Animals/3. Fish/MVI_3068.MOV,data/processed/landmarks/include_video/FISH/bb7a9b442076.npz,74,25.0,2.96,0.8649,1.0,,
2c72704981a6,FISH,include_video,video,,include_video:clip:2c72704981a6,data/raw/include_video/Animals/3. Fish/MVI_3069.MOV,data/processed/landmarks/include_video/FISH/2c72704981a6.npz,69,25.0,2.76,0.7971,1.0,,
1e82c4ed1706,FISH,include_video,video,,include_video:clip:1e82c4ed1706,data/raw/include_video/Animals/3. Fish/MVI_3091.MOV,data/processed/landmarks/include_video/FISH/1e82c4ed1706.npz,85,25.0,3.4,0.8,1.0,,
9b5e1457b0f1,FISH,include_video,video,,include_video:clip:9b5e1457b0f1,data/raw/include_video/Animals/3. Fish/MVI_3092.MOV,data/processed/landmarks/include_video/FISH/9b5e1457b0f1.npz,83,25.0,3.32,0.8795,1.0,,
84d0fa48f1af,FISH,include_video,video,,include_video:clip:84d0fa48f1af,data/raw/include_video/Animals/3. Fish/MVI_3093.MOV,data/processed/landmarks/include_video/FISH/84d0fa48f1af.npz,67,25.0,2.68,0.8806,1.0,,
2d0a57682d70,FISH,include_video,video,,include_video:clip:2d0a57682d70,data/raw/include_video/Animals/3. Fish/MVI_4152.MOV,data/processed/landmarks/include_video/FISH/2d0a57682d70.npz,65,25.0,2.6,0.8308,1.0,,
3682085b024d,FISH,include_video,video,,include_video:clip:3682085b024d,data/raw/include_video/Animals/3. Fish/MVI_4153.MOV,data/processed/landmarks/include_video/FISH/3682085b024d.npz,65,25.0,2.6,0.8,1.0,,
2f8e3de95f17,FISH,include_video,video,,include_video:clip:2f8e3de95f17,data/raw/include_video/Animals/3. Fish/MVI_4154.MOV,data/processed/landmarks/include_video/FISH/2f8e3de95f17.npz,60,25.0,2.4,0.7667,1.0,,
18d5efc4cb39,FISH,include_video,video,,include_video:clip:18d5efc4cb39,data/raw/include_video/Animals/3. Fish/MVI_8565.MP4,data/processed/landmarks/include_video/FISH/18d5efc4cb39.npz,85,25.0,3.4,0.3294,1.0,low_hand_detection,
d91195c662cc,FISH,include_video,video,,include_video:clip:d91195c662cc,data/raw/include_video/Animals/3. Fish/MVI_8566.MP4,data/processed/landmarks/include_video/FISH/d91195c662cc.npz,77,25.0,3.08,0.3506,1.0,low_hand_detection,
d64a8ebca63f,FLAT,include_video,video,,include_video:clip:d64a8ebca63f,data/raw/include_video/Adjectives/17. flat/MVI_9621.MOV,data/processed/landmarks/include_video/FLAT/d64a8ebca63f.npz,59,25.0,2.36,0.7458,1.0,,
821c67205b02,FLAT,include_video,video,,include_video:clip:821c67205b02,data/raw/include_video/Adjectives/17. flat/MVI_9622.MOV,data/processed/landmarks/include_video/FLAT/821c67205b02.npz,67,25.0,2.68,0.7164,1.0,,
6a3a0bc68c66,FLAT,include_video,video,,include_video:clip:6a3a0bc68c66,data/raw/include_video/Adjectives/17. flat/MVI_9623.MOV,data/processed/landmarks/include_video/FLAT/6a3a0bc68c66.npz,70,25.0,2.8,0.5714,1.0,,
6c1ba8ba0c46,FLAT,include_video,video,,include_video:clip:6c1ba8ba0c46,data/raw/include_video/Adjectives/17. flat/MVI_9624.MOV,data/processed/landmarks/include_video/FLAT/6c1ba8ba0c46.npz,67,25.0,2.68,0.7463,1.0,,
f52445716941,FLAT,include_video,video,,include_video:clip:f52445716941,data/raw/include_video/Adjectives/17. flat/MVI_9755.MOV,data/processed/landmarks/include_video/FLAT/f52445716941.npz,58,25.0,2.32,0.7241,1.0,,
2e24ffc40ee1,FLAT,include_video,video,,include_video:clip:2e24ffc40ee1,data/raw/include_video/Adjectives/17. flat/MVI_9756.MOV,data/processed/landmarks/include_video/FLAT/2e24ffc40ee1.npz,65,25.0,2.6,0.7231,1.0,,
8fdc73c4b256,FLAT,include_video,video,,include_video:clip:8fdc73c4b256,data/raw/include_video/Adjectives/17. flat/MVI_9757.MOV,data/processed/landmarks/include_video/FLAT/8fdc73c4b256.npz,62,25.0,2.48,0.6935,1.0,,
5527df982426,FLAT,include_video,video,,include_video:clip:5527df982426,data/raw/include_video/Adjectives/17. flat/MVI_9758.MOV,data/processed/landmarks/include_video/FLAT/5527df982426.npz,63,25.0,2.52,0.746,1.0,,
265e7dc0b3eb,FRIDAY,include_video,video,,include_video:clip:265e7dc0b3eb,data/raw/include_video/Days_and_Time/71. Friday/MVI_4607.MOV,data/processed/landmarks/include_video/FRIDAY/265e7dc0b3eb.npz,56,25.0,2.24,0.9821,1.0,,
a7cd4b58fb3a,FRIDAY,include_video,video,,include_video:clip:a7cd4b58fb3a,data/raw/include_video/Days_and_Time/71. Friday/MVI_4608.MOV,data/processed/landmarks/include_video/FRIDAY/a7cd4b58fb3a.npz,61,25.0,2.44,1.0,0.9508,,
ebd3b8b0f055,FRIDAY,include_video,video,,include_video:clip:ebd3b8b0f055,data/raw/include_video/Days_and_Time/71. Friday/MVI_4609.MOV,data/processed/landmarks/include_video/FRIDAY/ebd3b8b0f055.npz,57,25.0,2.28,0.8596,0.8947,,
b96bc799e922,FRIDAY,include_video,video,,include_video:clip:b96bc799e922,data/raw/include_video/Days_and_Time/71. Friday/MVI_4610.MOV,data/processed/landmarks/include_video/FRIDAY/b96bc799e922.npz,55,25.0,2.2,0.8727,1.0,,
e596f822b06a,FRIDAY,include_video,video,,include_video:clip:e596f822b06a,data/raw/include_video/Days_and_Time/71. Friday/MVI_5022.MOV,data/processed/landmarks/include_video/FRIDAY/e596f822b06a.npz,47,25.0,1.88,0.4255,1.0,low_hand_detection,
c8a729849c7f,FRIDAY,include_video,video,,include_video:clip:c8a729849c7f,data/raw/include_video/Days_and_Time/71. Friday/MVI_5023.MOV,data/processed/landmarks/include_video/FRIDAY/c8a729849c7f.npz,48,25.0,1.92,0.4792,1.0,low_hand_detection,
4388cb2465a2,FRIDAY,include_video,video,,include_video:clip:4388cb2465a2,data/raw/include_video/Days_and_Time/71. Friday/MVI_5026.MOV,data/processed/landmarks/include_video/FRIDAY/4388cb2465a2.npz,49,25.0,1.96,0.6122,1.0,,
4bbcc810b19d,FRIDAY,include_video,video,,include_video:clip:4bbcc810b19d,data/raw/include_video/Days_and_Time/71. Friday/MVI_5462.MOV,data/processed/landmarks/include_video/FRIDAY/4bbcc810b19d.npz,46,25.0,1.84,1.0,1.0,,
7f9cf54bb41c,FRIDAY,include_video,video,,include_video:clip:7f9cf54bb41c,data/raw/include_video/Days_and_Time/71. Friday/MVI_5463.MOV,data/processed/landmarks/include_video/FRIDAY/7f9cf54bb41c.npz,54,25.0,2.16,1.0,1.0,,
2fe766ff11f0,FRIDAY,include_video,video,,include_video:clip:2fe766ff11f0,data/raw/include_video/Days_and_Time/71. Friday/MVI_5464.MOV,data/processed/landmarks/include_video/FRIDAY/2fe766ff11f0.npz,52,25.0,2.08,1.0,1.0,,
b92fd44d8842,FRIDAY,include_video,video,,include_video:clip:b92fd44d8842,data/raw/include_video/Days_and_Time/71. Friday/MVI_5465.MOV,data/processed/landmarks/include_video/FRIDAY/b92fd44d8842.npz,54,25.0,2.16,1.0,1.0,,
f23803485809,FRIDAY,include_video,video,,include_video:clip:f23803485809,data/raw/include_video/Days_and_Time/71. Friday/MVI_9154.MP4,data/processed/landmarks/include_video/FRIDAY/f23803485809.npz,78,25.0,3.12,1.0,1.0,,
d673ad4f26c7,FRIDAY,include_video,video,,include_video:clip:d673ad4f26c7,data/raw/include_video/Days_and_Time/71. Friday/MVI_9155.MP4,data/processed/landmarks/include_video/FRIDAY/d673ad4f26c7.npz,63,25.0,2.52,1.0,1.0,,
9804ae138116,FRIDAY,include_video,video,,include_video:clip:9804ae138116,data/raw/include_video/Days_and_Time/71. Friday/MVI_9156.MP4,data/processed/landmarks/include_video/FRIDAY/9804ae138116.npz,65,25.0,2.6,1.0,1.0,,
ab76d6ac118d,GIFT,include_video,video,,include_video:clip:ab76d6ac118d,data/raw/include_video/Home/47. Gift/MVI_4441.MOV,data/processed/landmarks/include_video/GIFT/ab76d6ac118d.npz,46,25.0,1.84,0.8696,1.0,,
8d1dfe1d40e1,GIFT,include_video,video,,include_video:clip:8d1dfe1d40e1,data/raw/include_video/Home/47. Gift/MVI_4442.MOV,data/processed/landmarks/include_video/GIFT/8d1dfe1d40e1.npz,46,25.0,1.84,0.7826,1.0,,
66666add2491,GIFT,include_video,video,,include_video:clip:66666add2491,data/raw/include_video/Home/47. Gift/MVI_4443.MOV,data/processed/landmarks/include_video/GIFT/66666add2491.npz,47,25.0,1.88,0.7872,1.0,,
a953f84fceed,GIFT,include_video,video,,include_video:clip:a953f84fceed,data/raw/include_video/Home/47. Gift/MVI_4444.MOV,data/processed/landmarks/include_video/GIFT/a953f84fceed.npz,63,25.0,2.52,0.873,1.0,,
b35255c0dd6c,GIFT,include_video,video,,include_video:clip:b35255c0dd6c,data/raw/include_video/Home/47. Gift/MVI_4947.MOV,data/processed/landmarks/include_video/GIFT/b35255c0dd6c.npz,49,25.0,1.96,0.6327,1.0,,
4fb72f18f1ba,GIFT,include_video,video,,include_video:clip:4fb72f18f1ba,data/raw/include_video/Home/47. Gift/MVI_4948.MOV,data/processed/landmarks/include_video/GIFT/4fb72f18f1ba.npz,50,25.0,2.0,0.68,1.0,,
b227edf55eb5,GIFT,include_video,video,,include_video:clip:b227edf55eb5,data/raw/include_video/Home/47. Gift/MVI_4949.MOV,data/processed/landmarks/include_video/GIFT/b227edf55eb5.npz,63,25.0,2.52,0.7143,1.0,,
7babf3591562,GIFT,include_video,video,,include_video:clip:7babf3591562,data/raw/include_video/Home/47. Gift/MVI_8846.MP4,data/processed/landmarks/include_video/GIFT/7babf3591562.npz,65,25.0,2.6,0.8308,1.0,,
99ce682fc116,GIFT,include_video,video,,include_video:clip:99ce682fc116,data/raw/include_video/Home/47. Gift/MVI_8847.MP4,data/processed/landmarks/include_video/GIFT/99ce682fc116.npz,69,25.0,2.76,0.7971,1.0,,
c07e3bcebe12,GIFT,include_video,video,,include_video:clip:c07e3bcebe12,data/raw/include_video/Home/47. Gift/MVI_8848.MP4,data/processed/landmarks/include_video/GIFT/c07e3bcebe12.npz,66,25.0,2.64,0.7879,1.0,,
4615e012f13f,GIFT,include_video,video,,include_video:clip:4615e012f13f,data/raw/include_video/Home/47. Gift/MVI_8849.MP4,data/processed/landmarks/include_video/GIFT/4615e012f13f.npz,68,25.0,2.72,0.8235,1.0,,
fe9aba166583,GIFT,include_video,video,,include_video:clip:fe9aba166583,data/raw/include_video/Home/47. Gift/MVI_9079.MP4,data/processed/landmarks/include_video/GIFT/fe9aba166583.npz,61,25.0,2.44,0.7869,1.0,,
e2522834082c,GIFT,include_video,video,,include_video:clip:e2522834082c,data/raw/include_video/Home/47. Gift/MVI_9080.MP4,data/processed/landmarks/include_video/GIFT/e2522834082c.npz,61,25.0,2.44,0.7541,1.0,,
779fd86f7892,GIFT,include_video,video,,include_video:clip:779fd86f7892,data/raw/include_video/Home/47. Gift/MVI_9081.MP4,data/processed/landmarks/include_video/GIFT/779fd86f7892.npz,74,25.0,2.96,0.8243,1.0,,
80d7a8c15cc7,GOOD,include_video,video,,include_video:clip:80d7a8c15cc7,data/raw/include_video/Adjectives/94. good/MVI_5158.MOV,data/processed/landmarks/include_video/GOOD/80d7a8c15cc7.npz,73,25.0,2.92,1.0,1.0,,
6cbe4991dddb,GOOD,include_video,video,,include_video:clip:6cbe4991dddb,data/raw/include_video/Adjectives/94. good/MVI_5159.MOV,data/processed/landmarks/include_video/GOOD/6cbe4991dddb.npz,63,25.0,2.52,1.0,1.0,,
b6cf588d6358,GOOD,include_video,video,,include_video:clip:b6cf588d6358,data/raw/include_video/Adjectives/94. good/MVI_5160.MOV,data/processed/landmarks/include_video/GOOD/b6cf588d6358.npz,62,25.0,2.48,1.0,1.0,,
0c9690acaf10,GOOD,include_video,video,,include_video:clip:0c9690acaf10,data/raw/include_video/Adjectives/94. good/MVI_5238.MOV,data/processed/landmarks/include_video/GOOD/0c9690acaf10.npz,49,25.0,1.96,1.0,1.0,,
5116193586a1,GOOD,include_video,video,,include_video:clip:5116193586a1,data/raw/include_video/Adjectives/94. good/MVI_5239.MOV,data/processed/landmarks/include_video/GOOD/5116193586a1.npz,56,25.0,2.24,1.0,1.0,,
da2f95fae3a3,GOOD,include_video,video,,include_video:clip:da2f95fae3a3,data/raw/include_video/Adjectives/94. good/MVI_5240.MOV,data/processed/landmarks/include_video/GOOD/da2f95fae3a3.npz,65,25.0,2.6,1.0,1.0,,
ea58b428255d,GOOD,include_video,video,,include_video:clip:ea58b428255d,data/raw/include_video/Adjectives/94. good/MVI_5316.MOV,data/processed/landmarks/include_video/GOOD/ea58b428255d.npz,46,25.0,1.84,1.0,1.0,,
833ed49915af,GOOD,include_video,video,,include_video:clip:833ed49915af,data/raw/include_video/Adjectives/94. good/MVI_5317.MOV,data/processed/landmarks/include_video/GOOD/833ed49915af.npz,49,25.0,1.96,1.0,1.0,,
76e02c6fae55,GOOD,include_video,video,,include_video:clip:76e02c6fae55,data/raw/include_video/Adjectives/94. good/MVI_5318.MOV,data/processed/landmarks/include_video/GOOD/76e02c6fae55.npz,44,25.0,1.76,1.0,1.0,,
eb75c869ef8f,GOOD,include_video,video,,include_video:clip:eb75c869ef8f,data/raw/include_video/Adjectives/94. good/MVI_9268.MOV,data/processed/landmarks/include_video/GOOD/eb75c869ef8f.npz,46,25.0,1.84,1.0,1.0,,
78db233c837e,GOOD,include_video,video,,include_video:clip:78db233c837e,data/raw/include_video/Adjectives/94. good/MVI_9269.MOV,data/processed/landmarks/include_video/GOOD/78db233c837e.npz,48,25.0,1.92,1.0,1.0,,
0f16ebd7e527,GOOD,include_video,video,,include_video:clip:0f16ebd7e527,data/raw/include_video/Adjectives/94. good/MVI_9270.MOV,data/processed/landmarks/include_video/GOOD/0f16ebd7e527.npz,46,25.0,1.84,1.0,1.0,,
0659b246dac3,GOOD,include_video,video,,include_video:clip:0659b246dac3,data/raw/include_video/Adjectives/94. good/MVI_9349.MOV,data/processed/landmarks/include_video/GOOD/0659b246dac3.npz,41,25.0,1.64,1.0,1.0,,
f89ec5e9225e,GOOD,include_video,video,,include_video:clip:f89ec5e9225e,data/raw/include_video/Adjectives/94. good/MVI_9350.MOV,data/processed/landmarks/include_video/GOOD/f89ec5e9225e.npz,45,25.0,1.8,1.0,1.0,,
ea21103da664,GOOD,include_video,video,,include_video:clip:ea21103da664,data/raw/include_video/Adjectives/94. good/MVI_9351.MOV,data/processed/landmarks/include_video/GOOD/ea21103da664.npz,50,25.0,2.0,0.5,1.0,,
73032966cdf6,GOOD,include_video,video,,include_video:clip:73032966cdf6,data/raw/include_video/Adjectives/94. good/MVI_9430.MOV,data/processed/landmarks/include_video/GOOD/73032966cdf6.npz,67,25.0,2.68,1.0,1.0,,
b17e8e100158,GOOD,include_video,video,,include_video:clip:b17e8e100158,data/raw/include_video/Adjectives/94. good/MVI_9431.MOV,data/processed/landmarks/include_video/GOOD/b17e8e100158.npz,59,25.0,2.36,1.0,1.0,,
da401af90f81,GOOD,include_video,video,,include_video:clip:da401af90f81,data/raw/include_video/Adjectives/94. good/MVI_9432.MOV,data/processed/landmarks/include_video/GOOD/da401af90f81.npz,59,25.0,2.36,1.0,1.0,,
fd120fd885e7,GOOD,include_video,video,,include_video:clip:fd120fd885e7,data/raw/include_video/Adjectives/94. good/MVI_9510.MOV,data/processed/landmarks/include_video/GOOD/fd120fd885e7.npz,62,25.0,2.48,1.0,1.0,,
3cb87733b700,GOOD,include_video,video,,include_video:clip:3cb87733b700,data/raw/include_video/Adjectives/94. good/MVI_9511.MOV,data/processed/landmarks/include_video/GOOD/3cb87733b700.npz,56,25.0,2.24,1.0,1.0,,
9106542c409d,GOOD,include_video,video,,include_video:clip:9106542c409d,data/raw/include_video/Adjectives/94. good/MVI_9512.MOV,data/processed/landmarks/include_video/GOOD/9106542c409d.npz,50,25.0,2.0,1.0,1.0,,
735912e93b10,GOOD_AFTERNOON,include_video,video,,include_video:clip:735912e93b10,data/raw/include_video/Greetings/52. Good afternoon/MVI_0046.MOV,data/processed/landmarks/include_video/GOOD_AFTERNOON/735912e93b10.npz,91,25.0,3.64,1.0,1.0,,
830d7d0eaeee,GOOD_AFTERNOON,include_video,video,,include_video:clip:830d7d0eaeee,data/raw/include_video/Greetings/52. Good afternoon/MVI_0047.MOV,data/processed/landmarks/include_video/GOOD_AFTERNOON/830d7d0eaeee.npz,87,25.0,3.48,1.0,1.0,,
94933ec94a31,GOOD_AFTERNOON,include_video,video,,include_video:clip:94933ec94a31,data/raw/include_video/Greetings/52. Good afternoon/MVI_0048.MOV,data/processed/landmarks/include_video/GOOD_AFTERNOON/94933ec94a31.npz,87,25.0,3.48,1.0,1.0,,
6bdfacff9d2c,GOOD_AFTERNOON,include_video,video,,include_video:clip:6bdfacff9d2c,data/raw/include_video/Greetings/52. Good afternoon/MVI_0049.MOV,data/processed/landmarks/include_video/GOOD_AFTERNOON/6bdfacff9d2c.npz,55,25.0,2.2,1.0,1.0,,
2f9b65396964,GOOD_AFTERNOON,include_video,video,,include_video:clip:2f9b65396964,data/raw/include_video/Greetings/52. Good afternoon/MVI_0050.MOV,data/processed/landmarks/include_video/GOOD_AFTERNOON/2f9b65396964.npz,57,25.0,2.28,1.0,1.0,,
e9ee1d336625,GOOD_AFTERNOON,include_video,video,,include_video:clip:e9ee1d336625,data/raw/include_video/Greetings/52. Good afternoon/MVI_0050_ (1).MOV,data/processed/landmarks/include_video/GOOD_AFTERNOON/e9ee1d336625.npz,87,25.0,3.48,1.0,1.0,,
b9a08a96422e,GOOD_AFTERNOON,include_video,video,,include_video:clip:b9a08a96422e,data/raw/include_video/Greetings/52. Good afternoon/MVI_0050_ (2).MOV,data/processed/landmarks/include_video/GOOD_AFTERNOON/b9a08a96422e.npz,90,25.0,3.6,1.0,1.0,,
78a5972dd2c2,GOOD_AFTERNOON,include_video,video,,include_video:clip:78a5972dd2c2,data/raw/include_video/Greetings/52. Good afternoon/MVI_0051.MOV,data/processed/landmarks/include_video/GOOD_AFTERNOON/78a5972dd2c2.npz,56,25.0,2.24,1.0,1.0,,
1f89c8c71d69,GOOD_AFTERNOON,include_video,video,,include_video:clip:1f89c8c71d69,data/raw/include_video/Greetings/52. Good afternoon/MVI_0101.MOV,data/processed/landmarks/include_video/GOOD_AFTERNOON/1f89c8c71d69.npz,69,25.0,2.76,1.0,1.0,,
5b79f7252216,GOOD_AFTERNOON,include_video,video,,include_video:clip:5b79f7252216,data/raw/include_video/Greetings/52. Good afternoon/MVI_0102.MOV,data/processed/landmarks/include_video/GOOD_AFTERNOON/5b79f7252216.npz,74,25.0,2.96,1.0,1.0,,
5bf8ce97dc51,GOOD_AFTERNOON,include_video,video,,include_video:clip:5bf8ce97dc51,data/raw/include_video/Greetings/52. Good afternoon/MVI_0103.MOV,data/processed/landmarks/include_video/GOOD_AFTERNOON/5bf8ce97dc51.npz,73,25.0,2.92,0.8493,1.0,,
eb36301bd69d,GOOD_AFTERNOON,include_video,video,,include_video:clip:eb36301bd69d,data/raw/include_video/Greetings/52. Good afternoon/MVI_9936.MOV,data/processed/landmarks/include_video/GOOD_AFTERNOON/eb36301bd69d.npz,67,25.0,2.68,1.0,1.0,,
f7de05d75490,GOOD_AFTERNOON,include_video,video,,include_video:clip:f7de05d75490,data/raw/include_video/Greetings/52. Good afternoon/MVI_9937.MOV,data/processed/landmarks/include_video/GOOD_AFTERNOON/f7de05d75490.npz,55,25.0,2.2,1.0,1.0,,
be3f09ac9ba2,GOOD_AFTERNOON,include_video,video,,include_video:clip:be3f09ac9ba2,data/raw/include_video/Greetings/52. Good afternoon/MVI_9938.MOV,data/processed/landmarks/include_video/GOOD_AFTERNOON/be3f09ac9ba2.npz,51,25.0,2.04,1.0,1.0,,
e51693298556,GOOD_AFTERNOON,include_video,video,,include_video:clip:e51693298556,data/raw/include_video/Greetings/52. Good afternoon/MVI_9939.MOV,data/processed/landmarks/include_video/GOOD_AFTERNOON/e51693298556.npz,47,25.0,1.88,1.0,1.0,,
11375e38863a,GOOD_AFTERNOON,include_video,video,,include_video:clip:11375e38863a,data/raw/include_video/Greetings/52. Good afternoon/MVI_9972.MOV,data/processed/landmarks/include_video/GOOD_AFTERNOON/11375e38863a.npz,63,25.0,2.52,1.0,1.0,,
d54feda1a72b,GOOD_AFTERNOON,include_video,video,,include_video:clip:d54feda1a72b,data/raw/include_video/Greetings/52. Good afternoon/MVI_9973.MOV,data/processed/landmarks/include_video/GOOD_AFTERNOON/d54feda1a72b.npz,63,25.0,2.52,1.0,1.0,,
7cec90794c7e,GOOD_AFTERNOON,include_video,video,,include_video:clip:7cec90794c7e,data/raw/include_video/Greetings/52. Good afternoon/MVI_9974.MOV,data/processed/landmarks/include_video/GOOD_AFTERNOON/7cec90794c7e.npz,75,25.0,3.0,1.0,1.0,,
ad2d30d9786e,GOOD_AFTERNOON,include_video,video,,include_video:clip:ad2d30d9786e,data/raw/include_video/Greetings/52. Good afternoon/MVI_9975.MOV,data/processed/landmarks/include_video/GOOD_AFTERNOON/ad2d30d9786e.npz,60,25.0,2.4,1.0,1.0,,
4ef254fe0316,GOOD_AFTERNOON,include_video,video,,include_video:clip:4ef254fe0316,data/raw/include_video/Greetings/52. Good afternoon/MVI_9994.MOV,data/processed/landmarks/include_video/GOOD_AFTERNOON/4ef254fe0316.npz,55,25.0,2.2,1.0,1.0,,
531697b2f8b6,GOOD_AFTERNOON,include_video,video,,include_video:clip:531697b2f8b6,data/raw/include_video/Greetings/52. Good afternoon/MVI_9995.MOV,data/processed/landmarks/include_video/GOOD_AFTERNOON/531697b2f8b6.npz,63,25.0,2.52,1.0,1.0,,
901ca32d5151,GOOD_AFTERNOON,include_video,video,,include_video:clip:901ca32d5151,data/raw/include_video/Greetings/52. Good afternoon/MVI_9996.MOV,data/processed/landmarks/include_video/GOOD_AFTERNOON/901ca32d5151.npz,60,25.0,2.4,1.0,1.0,,
87b960dbb212,GOOD_EVENING,include_video,video,,include_video:clip:87b960dbb212,data/raw/include_video/Greetings/53. Good evening/MVI_0001.MOV,data/processed/landmarks/include_video/GOOD_EVENING/87b960dbb212.npz,55,25.0,2.2,1.0,1.0,,
eb2f04a7e624,GOOD_EVENING,include_video,video,,include_video:clip:eb2f04a7e624,data/raw/include_video/Greetings/53. Good evening/MVI_0052.MOV,data/processed/landmarks/include_video/GOOD_EVENING/eb2f04a7e624.npz,53,25.0,2.12,1.0,1.0,,
5c34eb30865e,GOOD_EVENING,include_video,video,,include_video:clip:5c34eb30865e,data/raw/include_video/Greetings/53. Good evening/MVI_0053.MOV,data/processed/landmarks/include_video/GOOD_EVENING/5c34eb30865e.npz,64,25.0,2.56,1.0,1.0,,
c66f91aff03c,GOOD_EVENING,include_video,video,,include_video:clip:c66f91aff03c,data/raw/include_video/Greetings/53. Good evening/MVI_0054.MOV,data/processed/landmarks/include_video/GOOD_EVENING/c66f91aff03c.npz,63,25.0,2.52,1.0,1.0,,
41d93f7094cc,GOOD_EVENING,include_video,video,,include_video:clip:41d93f7094cc,data/raw/include_video/Greetings/53. Good evening/MVI_0055.MOV,data/processed/landmarks/include_video/GOOD_EVENING/41d93f7094cc.npz,85,25.0,3.4,1.0,1.0,,
9d9bcac8c302,GOOD_EVENING,include_video,video,,include_video:clip:9d9bcac8c302,data/raw/include_video/Greetings/53. Good evening/MVI_005_4 (1).MOV,data/processed/landmarks/include_video/GOOD_EVENING/9d9bcac8c302.npz,84,25.0,3.36,1.0,1.0,,
16d4e9698b82,GOOD_EVENING,include_video,video,,include_video:clip:16d4e9698b82,data/raw/include_video/Greetings/53. Good evening/MVI_005_4 (2).MOV,data/processed/landmarks/include_video/GOOD_EVENING/16d4e9698b82.npz,89,25.0,3.56,1.0,1.0,,
e04a92474289,GOOD_EVENING,include_video,video,,include_video:clip:e04a92474289,data/raw/include_video/Greetings/53. Good evening/MVI_005_4 (3).MOV,data/processed/landmarks/include_video/GOOD_EVENING/e04a92474289.npz,95,25.0,3.8,1.0,1.0,,
ce560c6730a9,GOOD_EVENING,include_video,video,,include_video:clip:ce560c6730a9,data/raw/include_video/Greetings/53. Good evening/MVI_0105.MOV,data/processed/landmarks/include_video/GOOD_EVENING/ce560c6730a9.npz,71,25.0,2.84,1.0,1.0,,
88ab349dabb4,GOOD_EVENING,include_video,video,,include_video:clip:88ab349dabb4,data/raw/include_video/Greetings/53. Good evening/MVI_0106.MOV,data/processed/landmarks/include_video/GOOD_EVENING/88ab349dabb4.npz,75,25.0,3.0,0.8,1.0,,
5c9821f40b10,GOOD_EVENING,include_video,video,,include_video:clip:5c9821f40b10,data/raw/include_video/Greetings/53. Good evening/MVI_0107.MOV,data/processed/landmarks/include_video/GOOD_EVENING/5c9821f40b10.npz,74,25.0,2.96,0.8649,1.0,,
bb8d631382ef,GOOD_EVENING,include_video,video,,include_video:clip:bb8d631382ef,data/raw/include_video/Greetings/53. Good evening/MVI_9940.MOV,data/processed/landmarks/include_video/GOOD_EVENING/bb8d631382ef.npz,57,25.0,2.28,1.0,1.0,,
4e8eb82b0518,GOOD_EVENING,include_video,video,,include_video:clip:4e8eb82b0518,data/raw/include_video/Greetings/53. Good evening/MVI_9941.MOV,data/processed/landmarks/include_video/GOOD_EVENING/4e8eb82b0518.npz,60,25.0,2.4,1.0,1.0,,
398f5458acb4,GOOD_EVENING,include_video,video,,include_video:clip:398f5458acb4,data/raw/include_video/Greetings/53. Good evening/MVI_9942.MOV,data/processed/landmarks/include_video/GOOD_EVENING/398f5458acb4.npz,58,25.0,2.32,1.0,1.0,,
34177ba59a7c,GOOD_EVENING,include_video,video,,include_video:clip:34177ba59a7c,data/raw/include_video/Greetings/53. Good evening/MVI_9943.MOV,data/processed/landmarks/include_video/GOOD_EVENING/34177ba59a7c.npz,67,25.0,2.68,1.0,1.0,,
4ece7a8eea9b,GOOD_EVENING,include_video,video,,include_video:clip:4ece7a8eea9b,data/raw/include_video/Greetings/53. Good evening/MVI_9976.MOV,data/processed/landmarks/include_video/GOOD_EVENING/4ece7a8eea9b.npz,79,25.0,3.16,1.0,1.0,,
703effe3e6f2,GOOD_EVENING,include_video,video,,include_video:clip:703effe3e6f2,data/raw/include_video/Greetings/53. Good evening/MVI_9977.MOV,data/processed/landmarks/include_video/GOOD_EVENING/703effe3e6f2.npz,82,25.0,3.28,1.0,1.0,,
374ef1732702,GOOD_EVENING,include_video,video,,include_video:clip:374ef1732702,data/raw/include_video/Greetings/53. Good evening/MVI_9978.MOV,data/processed/landmarks/include_video/GOOD_EVENING/374ef1732702.npz,79,25.0,3.16,1.0,1.0,,
2d464c776f7d,GOOD_EVENING,include_video,video,,include_video:clip:2d464c776f7d,data/raw/include_video/Greetings/53. Good evening/MVI_9979.MOV,data/processed/landmarks/include_video/GOOD_EVENING/2d464c776f7d.npz,74,25.0,2.96,1.0,1.0,,
bbbb46ffebec,GOOD_EVENING,include_video,video,,include_video:clip:bbbb46ffebec,data/raw/include_video/Greetings/53. Good evening/MVI_9998.MOV,data/processed/landmarks/include_video/GOOD_EVENING/bbbb46ffebec.npz,54,25.0,2.16,1.0,1.0,,
0cbddab58338,GOOD_EVENING,include_video,video,,include_video:clip:0cbddab58338,data/raw/include_video/Greetings/53. Good evening/MVI_9999.MOV,data/processed/landmarks/include_video/GOOD_EVENING/0cbddab58338.npz,56,25.0,2.24,1.0,1.0,,
551e41f48ea9,GOOD_MORNING,include_video,video,,include_video:clip:551e41f48ea9,data/raw/include_video/Greetings/51. Good Morning/MVI_0042.MOV,data/processed/landmarks/include_video/GOOD_MORNING/551e41f48ea9.npz,85,25.0,3.4,1.0,1.0,,
c87f099d1406,GOOD_MORNING,include_video,video,,include_video:clip:c87f099d1406,data/raw/include_video/Greetings/51. Good Morning/MVI_0043.MOV,data/processed/landmarks/include_video/GOOD_MORNING/c87f099d1406.npz,83,25.0,3.32,1.0,1.0,,
983a6009395a,GOOD_MORNING,include_video,video,,include_video:clip:983a6009395a,data/raw/include_video/Greetings/51. Good Morning/MVI_0044.MOV,data/processed/landmarks/include_video/GOOD_MORNING/983a6009395a.npz,85,25.0,3.4,1.0,1.0,,
fb661ce00ba1,GOOD_MORNING,include_video,video,,include_video:clip:fb661ce00ba1,data/raw/include_video/Greetings/51. Good Morning/MVI_0045.MOV,data/processed/landmarks/include_video/GOOD_MORNING/fb661ce00ba1.npz,90,25.0,3.6,1.0,1.0,,
d6f268529976,GOOD_MORNING,include_video,video,,include_video:clip:d6f268529976,data/raw/include_video/Greetings/51. Good Morning/MVI_0046.MOV,data/processed/landmarks/include_video/GOOD_MORNING/d6f268529976.npz,62,25.0,2.48,1.0,1.0,,
3fa124b04715,GOOD_MORNING,include_video,video,,include_video:clip:3fa124b04715,data/raw/include_video/Greetings/51. Good Morning/MVI_0047.MOV,data/processed/landmarks/include_video/GOOD_MORNING/3fa124b04715.npz,59,25.0,2.36,1.0,1.0,,
0fad963ea4fd,GOOD_MORNING,include_video,video,,include_video:clip:0fad963ea4fd,data/raw/include_video/Greetings/51. Good Morning/MVI_0048.MOV,data/processed/landmarks/include_video/GOOD_MORNING/0fad963ea4fd.npz,41,25.0,1.64,1.0,1.0,,
686d71931d9b,GOOD_MORNING,include_video,video,,include_video:clip:686d71931d9b,data/raw/include_video/Greetings/51. Good Morning/MVI_0098.MOV,data/processed/landmarks/include_video/GOOD_MORNING/686d71931d9b.npz,66,25.0,2.64,0.6061,1.0,,
ce4ee800bf6c,GOOD_MORNING,include_video,video,,include_video:clip:ce4ee800bf6c,data/raw/include_video/Greetings/51. Good Morning/MVI_0099.MOV,data/processed/landmarks/include_video/GOOD_MORNING/ce4ee800bf6c.npz,66,25.0,2.64,1.0,1.0,,
d8d609aab3b3,GOOD_MORNING,include_video,video,,include_video:clip:d8d609aab3b3,data/raw/include_video/Greetings/51. Good Morning/MVI_0100.MOV,data/processed/landmarks/include_video/GOOD_MORNING/d8d609aab3b3.npz,63,25.0,2.52,1.0,1.0,,
27f0bb0865f6,GOOD_MORNING,include_video,video,,include_video:clip:27f0bb0865f6,data/raw/include_video/Greetings/51. Good Morning/MVI_9932.MOV,data/processed/landmarks/include_video/GOOD_MORNING/27f0bb0865f6.npz,56,25.0,2.24,1.0,1.0,,
2898343bf616,GOOD_MORNING,include_video,video,,include_video:clip:2898343bf616,data/raw/include_video/Greetings/51. Good Morning/MVI_9933.MOV,data/processed/landmarks/include_video/GOOD_MORNING/2898343bf616.npz,53,25.0,2.12,1.0,1.0,,
fed0e7eefeab,GOOD_MORNING,include_video,video,,include_video:clip:fed0e7eefeab,data/raw/include_video/Greetings/51. Good Morning/MVI_9934.MOV,data/processed/landmarks/include_video/GOOD_MORNING/fed0e7eefeab.npz,56,25.0,2.24,1.0,1.0,,
08c665b8b292,GOOD_MORNING,include_video,video,,include_video:clip:08c665b8b292,data/raw/include_video/Greetings/51. Good Morning/MVI_9935.MOV,data/processed/landmarks/include_video/GOOD_MORNING/08c665b8b292.npz,48,25.0,1.92,1.0,1.0,,
c65acae35932,GOOD_MORNING,include_video,video,,include_video:clip:c65acae35932,data/raw/include_video/Greetings/51. Good Morning/MVI_9968.MOV,data/processed/landmarks/include_video/GOOD_MORNING/c65acae35932.npz,70,25.0,2.8,1.0,1.0,,
d42e20926c7b,GOOD_MORNING,include_video,video,,include_video:clip:d42e20926c7b,data/raw/include_video/Greetings/51. Good Morning/MVI_9969.MOV,data/processed/landmarks/include_video/GOOD_MORNING/d42e20926c7b.npz,80,25.0,3.2,1.0,1.0,,
1d8f3bce2b26,GOOD_MORNING,include_video,video,,include_video:clip:1d8f3bce2b26,data/raw/include_video/Greetings/51. Good Morning/MVI_9970.MOV,data/processed/landmarks/include_video/GOOD_MORNING/1d8f3bce2b26.npz,82,25.0,3.28,1.0,1.0,,
661991114a86,GOOD_MORNING,include_video,video,,include_video:clip:661991114a86,data/raw/include_video/Greetings/51. Good Morning/MVI_9971.MOV,data/processed/landmarks/include_video/GOOD_MORNING/661991114a86.npz,75,25.0,3.0,1.0,1.0,,
876e37365ff8,GOOD_MORNING,include_video,video,,include_video:clip:876e37365ff8,data/raw/include_video/Greetings/51. Good Morning/MVI_9991.MOV,data/processed/landmarks/include_video/GOOD_MORNING/876e37365ff8.npz,58,25.0,2.32,1.0,1.0,,
1a38016929cd,GOOD_MORNING,include_video,video,,include_video:clip:1a38016929cd,data/raw/include_video/Greetings/51. Good Morning/MVI_9992.MOV,data/processed/landmarks/include_video/GOOD_MORNING/1a38016929cd.npz,58,25.0,2.32,1.0,1.0,,
b48c5e5d8b3c,GOOD_MORNING,include_video,video,,include_video:clip:b48c5e5d8b3c,data/raw/include_video/Greetings/51. Good Morning/MVI_9993.MOV,data/processed/landmarks/include_video/GOOD_MORNING/b48c5e5d8b3c.npz,64,25.0,2.56,1.0,1.0,,
5f0f942643b6,GOOD_NIGHT,include_video,video,,include_video:clip:5f0f942643b6,data/raw/include_video/Greetings/54. Good night/MVI_0002.MOV,data/processed/landmarks/include_video/GOOD_NIGHT/5f0f942643b6.npz,56,25.0,2.24,1.0,1.0,,
314425e120f2,GOOD_NIGHT,include_video,video,,include_video:clip:314425e120f2,data/raw/include_video/Greetings/54. Good night/MVI_0003.MOV,data/processed/landmarks/include_video/GOOD_NIGHT/314425e120f2.npz,60,25.0,2.4,1.0,1.0,,
4530400f6cd9,GOOD_NIGHT,include_video,video,,include_video:clip:4530400f6cd9,data/raw/include_video/Greetings/54. Good night/MVI_0004.MOV,data/processed/landmarks/include_video/GOOD_NIGHT/4530400f6cd9.npz,60,25.0,2.4,1.0,1.0,,
3a5cab8337a0,GOOD_NIGHT,include_video,video,,include_video:clip:3a5cab8337a0,data/raw/include_video/Greetings/54. Good night/MVI_0055.MOV,data/processed/landmarks/include_video/GOOD_NIGHT/3a5cab8337a0.npz,56,25.0,2.24,1.0,1.0,,
206ce6aef8da,GOOD_NIGHT,include_video,video,,include_video:clip:206ce6aef8da,data/raw/include_video/Greetings/54. Good night/MVI_0056.MOV,data/processed/landmarks/include_video/GOOD_NIGHT/206ce6aef8da.npz,62,25.0,2.48,1.0,1.0,,
cea932a6e4eb,GOOD_NIGHT,include_video,video,,include_video:clip:cea932a6e4eb,data/raw/include_video/Greetings/54. Good night/MVI_0057.MOV,data/processed/landmarks/include_video/GOOD_NIGHT/cea932a6e4eb.npz,60,25.0,2.4,1.0,1.0,,
ca58c7ed441c,GOOD_NIGHT,include_video,video,,include_video:clip:ca58c7ed441c,data/raw/include_video/Greetings/54. Good night/MVI_0057_.MOV,data/processed/landmarks/include_video/GOOD_NIGHT/ca58c7ed441c.npz,91,25.0,3.64,1.0,1.0,,
5c75676a6dfd,GOOD_NIGHT,include_video,video,,include_video:clip:5c75676a6dfd,data/raw/include_video/Greetings/54. Good night/MVI_0058.MOV,data/processed/landmarks/include_video/GOOD_NIGHT/5c75676a6dfd.npz,91,25.0,3.64,1.0,1.0,,
e0bed22df0e5,GOOD_NIGHT,include_video,video,,include_video:clip:e0bed22df0e5,data/raw/include_video/Greetings/54. Good night/MVI_0059.MOV,data/processed/landmarks/include_video/GOOD_NIGHT/e0bed22df0e5.npz,93,25.0,3.72,1.0,1.0,,
669eae400096,GOOD_NIGHT,include_video,video,,include_video:clip:669eae400096,data/raw/include_video/Greetings/54. Good night/MVI_005_6.MOV,data/processed/landmarks/include_video/GOOD_NIGHT/669eae400096.npz,82,25.0,3.28,1.0,1.0,,
35680430ec71,GOOD_NIGHT,include_video,video,,include_video:clip:35680430ec71,data/raw/include_video/Greetings/54. Good night/MVI_0108.MOV,data/processed/landmarks/include_video/GOOD_NIGHT/35680430ec71.npz,72,25.0,2.88,0.6944,1.0,,
66bacf72658a,GOOD_NIGHT,include_video,video,,include_video:clip:66bacf72658a,data/raw/include_video/Greetings/54. Good night/MVI_0109.MOV,data/processed/landmarks/include_video/GOOD_NIGHT/66bacf72658a.npz,80,25.0,3.2,0.7375,1.0,,
b3f81dfbe323,GOOD_NIGHT,include_video,video,,include_video:clip:b3f81dfbe323,data/raw/include_video/Greetings/54. Good night/MVI_0110.MOV,data/processed/landmarks/include_video/GOOD_NIGHT/b3f81dfbe323.npz,77,25.0,3.08,0.7013,1.0,,
6f3b642c1c61,GOOD_NIGHT,include_video,video,,include_video:clip:6f3b642c1c61,data/raw/include_video/Greetings/54. Good night/MVI_9944.MOV,data/processed/landmarks/include_video/GOOD_NIGHT/6f3b642c1c61.npz,55,25.0,2.2,1.0,1.0,,
6dcd68e0fed4,GOOD_NIGHT,include_video,video,,include_video:clip:6dcd68e0fed4,data/raw/include_video/Greetings/54. Good night/MVI_9945.MOV,data/processed/landmarks/include_video/GOOD_NIGHT/6dcd68e0fed4.npz,58,25.0,2.32,1.0,1.0,,
04fcb2653f12,GOOD_NIGHT,include_video,video,,include_video:clip:04fcb2653f12,data/raw/include_video/Greetings/54. Good night/MVI_9946.MOV,data/processed/landmarks/include_video/GOOD_NIGHT/04fcb2653f12.npz,56,25.0,2.24,1.0,1.0,,
00e6da568ee9,GOOD_NIGHT,include_video,video,,include_video:clip:00e6da568ee9,data/raw/include_video/Greetings/54. Good night/MVI_9947.MOV,data/processed/landmarks/include_video/GOOD_NIGHT/00e6da568ee9.npz,59,25.0,2.36,1.0,1.0,,
09232855ad9b,GOOD_NIGHT,include_video,video,,include_video:clip:09232855ad9b,data/raw/include_video/Greetings/54. Good night/MVI_9980.MOV,data/processed/landmarks/include_video/GOOD_NIGHT/09232855ad9b.npz,84,25.0,3.36,1.0,1.0,,
78f81c46c903,GOOD_NIGHT,include_video,video,,include_video:clip:78f81c46c903,data/raw/include_video/Greetings/54. Good night/MVI_9981.MOV,data/processed/landmarks/include_video/GOOD_NIGHT/78f81c46c903.npz,67,25.0,2.68,1.0,1.0,,
78404cb3e023,GOOD_NIGHT,include_video,video,,include_video:clip:78404cb3e023,data/raw/include_video/Greetings/54. Good night/MVI_9982.MOV,data/processed/landmarks/include_video/GOOD_NIGHT/78404cb3e023.npz,84,25.0,3.36,1.0,1.0,,
e3f816d30887,GOOD_NIGHT,include_video,video,,include_video:clip:e3f816d30887,data/raw/include_video/Greetings/54. Good night/MVI_9983.MOV,data/processed/landmarks/include_video/GOOD_NIGHT/e3f816d30887.npz,67,25.0,2.68,1.0,1.0,,
59bf6b63ef23,GREEN,include_video,video,,include_video:clip:59bf6b63ef23,data/raw/include_video/Colours/48. Green/MVI_3722.MOV,data/processed/landmarks/include_video/GREEN/59bf6b63ef23.npz,53,25.0,2.12,1.0,1.0,,
ff3f1bfd823b,GREEN,include_video,video,,include_video:clip:ff3f1bfd823b,data/raw/include_video/Colours/48. Green/MVI_3723.MOV,data/processed/landmarks/include_video/GREEN/ff3f1bfd823b.npz,59,25.0,2.36,1.0,1.0,,
03ba5d5b33bd,GREEN,include_video,video,,include_video:clip:03ba5d5b33bd,data/raw/include_video/Colours/48. Green/MVI_3724.MOV,data/processed/landmarks/include_video/GREEN/03ba5d5b33bd.npz,47,25.0,1.88,1.0,1.0,,
d01fae423aea,GREEN,include_video,video,,include_video:clip:d01fae423aea,data/raw/include_video/Colours/48. Green/MVI_3869.MOV,data/processed/landmarks/include_video/GREEN/d01fae423aea.npz,90,25.0,3.6,1.0,1.0,,
be6cb8719e87,GREEN,include_video,video,,include_video:clip:be6cb8719e87,data/raw/include_video/Colours/48. Green/MVI_3870.MOV,data/processed/landmarks/include_video/GREEN/be6cb8719e87.npz,82,25.0,3.28,1.0,1.0,,
29b2d3940028,GREEN,include_video,video,,include_video:clip:29b2d3940028,data/raw/include_video/Colours/48. Green/MVI_3871.MOV,data/processed/landmarks/include_video/GREEN/29b2d3940028.npz,91,25.0,3.64,1.0,1.0,,
1c7e94bf795a,GREEN,include_video,video,,include_video:clip:1c7e94bf795a,data/raw/include_video/Colours/48. Green/MVI_4020.MOV,data/processed/landmarks/include_video/GREEN/1c7e94bf795a.npz,90,25.0,3.6,1.0,1.0,,
f6c943ca1772,GREEN,include_video,video,,include_video:clip:f6c943ca1772,data/raw/include_video/Colours/48. Green/MVI_4021.MOV,data/processed/landmarks/include_video/GREEN/f6c943ca1772.npz,65,25.0,2.6,1.0,1.0,,
0588051f69c2,GREEN,include_video,video,,include_video:clip:0588051f69c2,data/raw/include_video/Colours/48. Green/MVI_4022.MOV,data/processed/landmarks/include_video/GREEN/0588051f69c2.npz,56,25.0,2.24,1.0,1.0,,
eeb0027bd802,GREEN,include_video,video,,include_video:clip:eeb0027bd802,data/raw/include_video/Colours/48. Green/MVI_4208.MOV,data/processed/landmarks/include_video/GREEN/eeb0027bd802.npz,49,25.0,1.96,1.0,1.0,,
4debd293b0ac,GREEN,include_video,video,,include_video:clip:4debd293b0ac,data/raw/include_video/Colours/48. Green/MVI_4900.MOV,data/processed/landmarks/include_video/GREEN/4debd293b0ac.npz,55,25.0,2.2,1.0,1.0,,
56e9a35278bc,GREEN,include_video,video,,include_video:clip:56e9a35278bc,data/raw/include_video/Colours/48. Green/MVI_4901.MOV,data/processed/landmarks/include_video/GREEN/56e9a35278bc.npz,52,25.0,2.08,1.0,1.0,,
1506f9fa49b3,GREEN,include_video,video,,include_video:clip:1506f9fa49b3,data/raw/include_video/Colours/48. Green/MVI_4902.MOV,data/processed/landmarks/include_video/GREEN/1506f9fa49b3.npz,50,25.0,2.0,1.0,1.0,,
8e1db6fa28a1,GREEN,include_video,video,,include_video:clip:8e1db6fa28a1,data/raw/include_video/Colours/48. Green/MVI_5040.MOV,data/processed/landmarks/include_video/GREEN/8e1db6fa28a1.npz,47,25.0,1.88,0.9574,1.0,,
fffa3f0e1403,GREEN,include_video,video,,include_video:clip:fffa3f0e1403,data/raw/include_video/Colours/48. Green/MVI_5041.MOV,data/processed/landmarks/include_video/GREEN/fffa3f0e1403.npz,45,25.0,1.8,0.5556,1.0,,
5497e4b40a02,GREEN,include_video,video,,include_video:clip:5497e4b40a02,data/raw/include_video/Colours/48. Green/MVI_5042.MOV,data/processed/landmarks/include_video/GREEN/5497e4b40a02.npz,50,25.0,2.0,0.6,0.98,,
c897bc1d6a9e,GREEN,include_video,video,,include_video:clip:c897bc1d6a9e,data/raw/include_video/Colours/48. Green/MVI_5187.MOV,data/processed/landmarks/include_video/GREEN/c897bc1d6a9e.npz,61,25.0,2.44,1.0,1.0,,
2a39446df318,GREEN,include_video,video,,include_video:clip:2a39446df318,data/raw/include_video/Colours/48. Green/MVI_5188.MOV,data/processed/landmarks/include_video/GREEN/2a39446df318.npz,62,25.0,2.48,1.0,1.0,,
09ae705d2b40,GREEN,include_video,video,,include_video:clip:09ae705d2b40,data/raw/include_video/Colours/48. Green/MVI_5189.MOV,data/processed/landmarks/include_video/GREEN/09ae705d2b40.npz,68,25.0,2.72,1.0,1.0,,
1f22ae8f644f,GREEN,include_video,video,,include_video:clip:1f22ae8f644f,data/raw/include_video/Colours/48. Green/MVI_8613.MP4,data/processed/landmarks/include_video/GREEN/1f22ae8f644f.npz,67,25.0,2.68,0.7761,1.0,,
af1e948f5790,GREY,include_video,video,,include_video:clip:af1e948f5790,data/raw/include_video/Colours/56. Grey/MVI_3746.MOV,data/processed/landmarks/include_video/GREY/af1e948f5790.npz,62,25.0,2.48,1.0,1.0,,
3b0ddb4593ca,GREY,include_video,video,,include_video:clip:3b0ddb4593ca,data/raw/include_video/Colours/56. Grey/MVI_3747.MOV,data/processed/landmarks/include_video/GREY/3b0ddb4593ca.npz,60,25.0,2.4,1.0,1.0,,
1d9503bcab02,GREY,include_video,video,,include_video:clip:1d9503bcab02,data/raw/include_video/Colours/56. Grey/MVI_3748.MOV,data/processed/landmarks/include_video/GREY/1d9503bcab02.npz,59,25.0,2.36,1.0,1.0,,
db0f8c41786f,GREY,include_video,video,,include_video:clip:db0f8c41786f,data/raw/include_video/Colours/56. Grey/MVI_3749.MOV,data/processed/landmarks/include_video/GREY/db0f8c41786f.npz,64,25.0,2.56,1.0,1.0,,
0784366201c0,GREY,include_video,video,,include_video:clip:0784366201c0,data/raw/include_video/Colours/56. Grey/MVI_3894.MOV,data/processed/landmarks/include_video/GREY/0784366201c0.npz,82,25.0,3.28,1.0,1.0,,
05259cda1b9c,GREY,include_video,video,,include_video:clip:05259cda1b9c,data/raw/include_video/Colours/56. Grey/MVI_3895.MOV,data/processed/landmarks/include_video/GREY/05259cda1b9c.npz,74,25.0,2.96,1.0,1.0,,
2bf0f56a3128,GREY,include_video,video,,include_video:clip:2bf0f56a3128,data/raw/include_video/Colours/56. Grey/MVI_3896.MOV,data/processed/landmarks/include_video/GREY/2bf0f56a3128.npz,73,25.0,2.92,1.0,1.0,,
2ab3fc7f3024,GREY,include_video,video,,include_video:clip:2ab3fc7f3024,data/raw/include_video/Colours/56. Grey/MVI_4045.MOV,data/processed/landmarks/include_video/GREY/2ab3fc7f3024.npz,53,25.0,2.12,1.0,1.0,,
522263eab8eb,GREY,include_video,video,,include_video:clip:522263eab8eb,data/raw/include_video/Colours/56. Grey/MVI_4046.MOV,data/processed/landmarks/include_video/GREY/522263eab8eb.npz,61,25.0,2.44,1.0,1.0,,
2d853fde416b,GREY,include_video,video,,include_video:clip:2d853fde416b,data/raw/include_video/Colours/56. Grey/MVI_4047.MOV,data/processed/landmarks/include_video/GREY/2d853fde416b.npz,60,25.0,2.4,1.0,1.0,,
7c65290ebcc8,GREY,include_video,video,,include_video:clip:7c65290ebcc8,data/raw/include_video/Colours/56. Grey/MVI_4217.MOV,data/processed/landmarks/include_video/GREY/7c65290ebcc8.npz,63,25.0,2.52,1.0,1.0,,
0b11a9a3befb,GREY,include_video,video,,include_video:clip:0b11a9a3befb,data/raw/include_video/Colours/56. Grey/MVI_4924.MOV,data/processed/landmarks/include_video/GREY/0b11a9a3befb.npz,53,25.0,2.12,1.0,1.0,,
202e6dd976e2,GREY,include_video,video,,include_video:clip:202e6dd976e2,data/raw/include_video/Colours/56. Grey/MVI_4926.MOV,data/processed/landmarks/include_video/GREY/202e6dd976e2.npz,63,25.0,2.52,1.0,1.0,,
2f59f66095ab,GREY,include_video,video,,include_video:clip:2f59f66095ab,data/raw/include_video/Colours/56. Grey/MVI_4927.MOV,data/processed/landmarks/include_video/GREY/2f59f66095ab.npz,65,25.0,2.6,1.0,1.0,,
374685137105,GREY,include_video,video,,include_video:clip:374685137105,data/raw/include_video/Colours/56. Grey/MVI_5064.MOV,data/processed/landmarks/include_video/GREY/374685137105.npz,59,25.0,2.36,1.0,1.0,,
f751ceb3366b,GREY,include_video,video,,include_video:clip:f751ceb3366b,data/raw/include_video/Colours/56. Grey/MVI_5065.MOV,data/processed/landmarks/include_video/GREY/f751ceb3366b.npz,59,25.0,2.36,0.322,1.0,low_hand_detection,
2b569496402b,GREY,include_video,video,,include_video:clip:2b569496402b,data/raw/include_video/Colours/56. Grey/MVI_5066.MOV,data/processed/landmarks/include_video/GREY/2b569496402b.npz,59,25.0,2.36,0.5932,1.0,,
0758190fe343,GREY,include_video,video,,include_video:clip:0758190fe343,data/raw/include_video/Colours/56. Grey/MVI_5212.MOV,data/processed/landmarks/include_video/GREY/0758190fe343.npz,59,25.0,2.36,1.0,1.0,,
d4c28798beae,GREY,include_video,video,,include_video:clip:d4c28798beae,data/raw/include_video/Colours/56. Grey/MVI_5213.MOV,data/processed/landmarks/include_video/GREY/d4c28798beae.npz,59,25.0,2.36,1.0,1.0,,
d5e51bde36b9,GREY,include_video,video,,include_video:clip:d5e51bde36b9,data/raw/include_video/Colours/56. Grey/MVI_5214.MOV,data/processed/landmarks/include_video/GREY/d5e51bde36b9.npz,66,25.0,2.64,1.0,1.0,,
83afa2ba7044,GREY,include_video,video,,include_video:clip:83afa2ba7044,data/raw/include_video/Colours/56. Grey/MVI_8621.MP4,data/processed/landmarks/include_video/GREY/83afa2ba7044.npz,74,25.0,2.96,0.7973,1.0,,
05ed3212bb36,HAPPY,include_video,video,,include_video:clip:05ed3212bb36,data/raw/include_video/Adjectives/3. happy/MVI_5183.MOV,data/processed/landmarks/include_video/HAPPY/05ed3212bb36.npz,71,25.0,2.84,0.8451,1.0,,
2e22694a32c1,HAPPY,include_video,video,,include_video:clip:2e22694a32c1,data/raw/include_video/Adjectives/3. happy/MVI_5184.MOV,data/processed/landmarks/include_video/HAPPY/2e22694a32c1.npz,69,25.0,2.76,0.8551,1.0,,
df53de771ec9,HAPPY,include_video,video,,include_video:clip:df53de771ec9,data/raw/include_video/Adjectives/3. happy/MVI_5185.MOV,data/processed/landmarks/include_video/HAPPY/df53de771ec9.npz,78,25.0,3.12,0.8974,1.0,,
93008bc48d8f,HAPPY,include_video,video,,include_video:clip:93008bc48d8f,data/raw/include_video/Adjectives/3. happy/MVI_5263.MOV,data/processed/landmarks/include_video/HAPPY/93008bc48d8f.npz,53,25.0,2.12,0.8113,1.0,,
0e83bb47170b,HAPPY,include_video,video,,include_video:clip:0e83bb47170b,data/raw/include_video/Adjectives/3. happy/MVI_5264.MOV,data/processed/landmarks/include_video/HAPPY/0e83bb47170b.npz,56,25.0,2.24,0.7679,1.0,,
3f489983c662,HAPPY,include_video,video,,include_video:clip:3f489983c662,data/raw/include_video/Adjectives/3. happy/MVI_5265.MOV,data/processed/landmarks/include_video/HAPPY/3f489983c662.npz,48,25.0,1.92,0.7708,1.0,,
2dc33d134449,HAPPY,include_video,video,,include_video:clip:2dc33d134449,data/raw/include_video/Adjectives/3. happy/MVI_5341.MOV,data/processed/landmarks/include_video/HAPPY/2dc33d134449.npz,41,25.0,1.64,0.7317,1.0,,
dc3596f556bd,HAPPY,include_video,video,,include_video:clip:dc3596f556bd,data/raw/include_video/Adjectives/3. happy/MVI_5342.MOV,data/processed/landmarks/include_video/HAPPY/dc3596f556bd.npz,53,25.0,2.12,0.7925,1.0,,
5efd9b0bdba7,HAPPY,include_video,video,,include_video:clip:5efd9b0bdba7,data/raw/include_video/Adjectives/3. happy/MVI_5343.MOV,data/processed/landmarks/include_video/HAPPY/5efd9b0bdba7.npz,73,25.0,2.92,0.8767,1.0,,
a135a67e75f1,HAPPY,include_video,video,,include_video:clip:a135a67e75f1,data/raw/include_video/Adjectives/3. happy/MVI_9295.MOV,data/processed/landmarks/include_video/HAPPY/a135a67e75f1.npz,48,25.0,1.92,0.7083,1.0,,
2f2e72d810ef,HAPPY,include_video,video,,include_video:clip:2f2e72d810ef,data/raw/include_video/Adjectives/3. happy/MVI_9296.MOV,data/processed/landmarks/include_video/HAPPY/2f2e72d810ef.npz,50,25.0,2.0,0.78,1.0,,
42f667a13886,HAPPY,include_video,video,,include_video:clip:42f667a13886,data/raw/include_video/Adjectives/3. happy/MVI_9297.MOV,data/processed/landmarks/include_video/HAPPY/42f667a13886.npz,48,25.0,1.92,0.7292,1.0,,
8d135230a5c6,HAPPY,include_video,video,,include_video:clip:8d135230a5c6,data/raw/include_video/Adjectives/3. happy/MVI_9374.MOV,data/processed/landmarks/include_video/HAPPY/8d135230a5c6.npz,45,25.0,1.8,0.6444,1.0,,
e04b56bad13e,HAPPY,include_video,video,,include_video:clip:e04b56bad13e,data/raw/include_video/Adjectives/3. happy/MVI_9375.MOV,data/processed/landmarks/include_video/HAPPY/e04b56bad13e.npz,41,25.0,1.64,0.7561,1.0,,
da42c1dbce98,HAPPY,include_video,video,,include_video:clip:da42c1dbce98,data/raw/include_video/Adjectives/3. happy/MVI_9376.MOV,data/processed/landmarks/include_video/HAPPY/da42c1dbce98.npz,36,25.0,1.44,0.5556,1.0,,
ca59f7b18dc4,HAPPY,include_video,video,,include_video:clip:ca59f7b18dc4,data/raw/include_video/Adjectives/3. happy/MVI_9454.MOV,data/processed/landmarks/include_video/HAPPY/ca59f7b18dc4.npz,44,25.0,1.76,0.6818,1.0,,
6189308e91f9,HAPPY,include_video,video,,include_video:clip:6189308e91f9,data/raw/include_video/Adjectives/3. happy/MVI_9455.MOV,data/processed/landmarks/include_video/HAPPY/6189308e91f9.npz,51,25.0,2.04,0.7059,1.0,,
1dec5f3d364c,HAPPY,include_video,video,,include_video:clip:1dec5f3d364c,data/raw/include_video/Adjectives/3. happy/MVI_9456.MOV,data/processed/landmarks/include_video/HAPPY/1dec5f3d364c.npz,43,25.0,1.72,0.6744,1.0,,
7b6279d6bb10,HAPPY,include_video,video,,include_video:clip:7b6279d6bb10,data/raw/include_video/Adjectives/3. happy/MVI_9540.MOV,data/processed/landmarks/include_video/HAPPY/7b6279d6bb10.npz,50,25.0,2.0,0.82,1.0,,
892e15a80fd4,HAPPY,include_video,video,,include_video:clip:892e15a80fd4,data/raw/include_video/Adjectives/3. happy/MVI_9541.MOV,data/processed/landmarks/include_video/HAPPY/892e15a80fd4.npz,57,25.0,2.28,0.8596,1.0,,
dc97e4219a5b,HAPPY,include_video,video,,include_video:clip:dc97e4219a5b,data/raw/include_video/Adjectives/3. happy/MVI_9542.MOV,data/processed/landmarks/include_video/HAPPY/dc97e4219a5b.npz,58,25.0,2.32,0.8621,1.0,,
f40888460fca,HARD,include_video,video,,include_video:clip:f40888460fca,data/raw/include_video/Adjectives/26. hard/MVI_9666.MOV,data/processed/landmarks/include_video/HARD/f40888460fca.npz,64,25.0,2.56,0.7188,1.0,,
fa69bade2035,HARD,include_video,video,,include_video:clip:fa69bade2035,data/raw/include_video/Adjectives/26. hard/MVI_9667.MOV,data/processed/landmarks/include_video/HARD/fa69bade2035.npz,74,25.0,2.96,0.8108,1.0,,
412966496acd,HARD,include_video,video,,include_video:clip:412966496acd,data/raw/include_video/Adjectives/26. hard/MVI_9668.MOV,data/processed/landmarks/include_video/HARD/412966496acd.npz,70,25.0,2.8,0.7286,1.0,,
b5c377f58a28,HARD,include_video,video,,include_video:clip:b5c377f58a28,data/raw/include_video/Adjectives/26. hard/MVI_9669.MOV,data/processed/landmarks/include_video/HARD/b5c377f58a28.npz,73,25.0,2.92,0.726,1.0,,
3bcfedd01491,HARD,include_video,video,,include_video:clip:3bcfedd01491,data/raw/include_video/Adjectives/26. hard/MVI_9793.MOV,data/processed/landmarks/include_video/HARD/3bcfedd01491.npz,62,25.0,2.48,0.5645,1.0,,
20311f6ed191,HARD,include_video,video,,include_video:clip:20311f6ed191,data/raw/include_video/Adjectives/26. hard/MVI_9794.MOV,data/processed/landmarks/include_video/HARD/20311f6ed191.npz,57,25.0,2.28,0.807,1.0,,
01cdbb22f242,HARD,include_video,video,,include_video:clip:01cdbb22f242,data/raw/include_video/Adjectives/26. hard/MVI_9795.MOV,data/processed/landmarks/include_video/HARD/01cdbb22f242.npz,58,25.0,2.32,0.8103,1.0,,
9cb512a857d4,HARD,include_video,video,,include_video:clip:9cb512a857d4,data/raw/include_video/Adjectives/26. hard/MVI_9796.MOV,data/processed/landmarks/include_video/HARD/9cb512a857d4.npz,56,25.0,2.24,0.8214,1.0,,
f1851773776d,HAT,include_video,video,,include_video:clip:f1851773776d,data/raw/include_video/Clothes/37. Hat/MVI_3688.MOV,data/processed/landmarks/include_video/HAT/f1851773776d.npz,69,25.0,2.76,1.0,1.0,,
c2c3dac63047,HAT,include_video,video,,include_video:clip:c2c3dac63047,data/raw/include_video/Clothes/37. Hat/MVI_3690.MOV,data/processed/landmarks/include_video/HAT/c2c3dac63047.npz,59,25.0,2.36,1.0,1.0,,
7dce4ab804c5,HAT,include_video,video,,include_video:clip:7dce4ab804c5,data/raw/include_video/Clothes/37. Hat/MVI_3691.MOV,data/processed/landmarks/include_video/HAT/7dce4ab804c5.npz,116,25.0,4.64,1.0,1.0,,
4f86c33c706b,HAT,include_video,video,,include_video:clip:4f86c33c706b,data/raw/include_video/Clothes/37. Hat/MVI_3835.MOV,data/processed/landmarks/include_video/HAT/4f86c33c706b.npz,70,25.0,2.8,1.0,1.0,,
230609c666ca,HAT,include_video,video,,include_video:clip:230609c666ca,data/raw/include_video/Clothes/37. Hat/MVI_3836.MOV,data/processed/landmarks/include_video/HAT/230609c666ca.npz,44,25.0,1.76,1.0,1.0,,
99e7b987c54d,HAT,include_video,video,,include_video:clip:99e7b987c54d,data/raw/include_video/Clothes/37. Hat/MVI_3837.MOV,data/processed/landmarks/include_video/HAT/99e7b987c54d.npz,40,25.0,1.6,1.0,1.0,,
e00f635f34a1,HAT,include_video,video,,include_video:clip:e00f635f34a1,data/raw/include_video/Clothes/37. Hat/MVI_3984.MOV,data/processed/landmarks/include_video/HAT/e00f635f34a1.npz,57,25.0,2.28,1.0,1.0,,
a5c74fcd1f44,HAT,include_video,video,,include_video:clip:a5c74fcd1f44,data/raw/include_video/Clothes/37. Hat/MVI_3985.MOV,data/processed/landmarks/include_video/HAT/a5c74fcd1f44.npz,59,25.0,2.36,1.0,1.0,,
ab0537a7dd47,HAT,include_video,video,,include_video:clip:ab0537a7dd47,data/raw/include_video/Clothes/37. Hat/MVI_3986.MOV,data/processed/landmarks/include_video/HAT/ab0537a7dd47.npz,101,25.0,4.04,1.0,1.0,,
b7397217a82a,HAT,include_video,video,,include_video:clip:b7397217a82a,data/raw/include_video/Clothes/37. Hat/MVI_4197.MOV,data/processed/landmarks/include_video/HAT/b7397217a82a.npz,52,25.0,2.08,1.0,1.0,,
d29534530ff0,HAT,include_video,video,,include_video:clip:d29534530ff0,data/raw/include_video/Clothes/37. Hat/MVI_4865.MOV,data/processed/landmarks/include_video/HAT/d29534530ff0.npz,78,25.0,3.12,1.0,1.0,,
51fd4f3f88d1,HAT,include_video,video,,include_video:clip:51fd4f3f88d1,data/raw/include_video/Clothes/37. Hat/MVI_4866.MOV,data/processed/landmarks/include_video/HAT/51fd4f3f88d1.npz,57,25.0,2.28,1.0,1.0,,
3e59a3cd8f92,HAT,include_video,video,,include_video:clip:3e59a3cd8f92,data/raw/include_video/Clothes/37. Hat/MVI_4867.MOV,data/processed/landmarks/include_video/HAT/3e59a3cd8f92.npz,67,25.0,2.68,1.0,1.0,,
463ec9eb3c44,HAT,include_video,video,,include_video:clip:463ec9eb3c44,data/raw/include_video/Clothes/37. Hat/MVI_5006.MOV,data/processed/landmarks/include_video/HAT/463ec9eb3c44.npz,60,25.0,2.4,0.9833,1.0,,
49f31cb42fcd,HAT,include_video,video,,include_video:clip:49f31cb42fcd,data/raw/include_video/Clothes/37. Hat/MVI_5007.MOV,data/processed/landmarks/include_video/HAT/49f31cb42fcd.npz,50,25.0,2.0,1.0,1.0,,
163707f968f8,HAT,include_video,video,,include_video:clip:163707f968f8,data/raw/include_video/Clothes/37. Hat/MVI_5008.MOV,data/processed/landmarks/include_video/HAT/163707f968f8.npz,50,25.0,2.0,1.0,1.0,,
57b350fc1679,HAT,include_video,video,,include_video:clip:57b350fc1679,data/raw/include_video/Clothes/37. Hat/MVI_5154.MOV,data/processed/landmarks/include_video/HAT/57b350fc1679.npz,60,25.0,2.4,1.0,1.0,,
3251c68a5f95,HAT,include_video,video,,include_video:clip:3251c68a5f95,data/raw/include_video/Clothes/37. Hat/MVI_5155.MOV,data/processed/landmarks/include_video/HAT/3251c68a5f95.npz,61,25.0,2.44,1.0,1.0,,
6ba4191bfad5,HAT,include_video,video,,include_video:clip:6ba4191bfad5,data/raw/include_video/Clothes/37. Hat/MVI_5156.MOV,data/processed/landmarks/include_video/HAT/6ba4191bfad5.npz,51,25.0,2.04,1.0,1.0,,
74fd8518bef2,HAT,include_video,video,,include_video:clip:74fd8518bef2,data/raw/include_video/Clothes/37. Hat/MVI_8600.MP4,data/processed/landmarks/include_video/HAT/74fd8518bef2.npz,51,25.0,2.04,0.9804,1.0,,
79f204673940,HEALTHY,include_video,video,,include_video:clip:79f204673940,data/raw/include_video/Adjectives/99. healthy/MVI_5173.MOV,data/processed/landmarks/include_video/HEALTHY/79f204673940.npz,67,25.0,2.68,0.791,1.0,,
11b47d41cb56,HEALTHY,include_video,video,,include_video:clip:11b47d41cb56,data/raw/include_video/Adjectives/99. healthy/MVI_5174.MOV,data/processed/landmarks/include_video/HEALTHY/11b47d41cb56.npz,78,25.0,3.12,0.7821,1.0,,
2a62e6950970,HEALTHY,include_video,video,,include_video:clip:2a62e6950970,data/raw/include_video/Adjectives/99. healthy/MVI_5175.MOV,data/processed/landmarks/include_video/HEALTHY/2a62e6950970.npz,95,25.0,3.8,0.8316,1.0,,
8f59f430c7c0,HEALTHY,include_video,video,,include_video:clip:8f59f430c7c0,data/raw/include_video/Adjectives/99. healthy/MVI_5254.MOV,data/processed/landmarks/include_video/HEALTHY/8f59f430c7c0.npz,62,25.0,2.48,0.8065,1.0,,
c762d652d43a,HEALTHY,include_video,video,,include_video:clip:c762d652d43a,data/raw/include_video/Adjectives/99. healthy/MVI_5255.MOV,data/processed/landmarks/include_video/HEALTHY/c762d652d43a.npz,70,25.0,2.8,0.8143,1.0,,
69f42632e4ff,HEALTHY,include_video,video,,include_video:clip:69f42632e4ff,data/raw/include_video/Adjectives/99. healthy/MVI_5256.MOV,data/processed/landmarks/include_video/HEALTHY/69f42632e4ff.npz,67,25.0,2.68,0.8358,1.0,,
df468df1f762,HEALTHY,include_video,video,,include_video:clip:df468df1f762,data/raw/include_video/Adjectives/99. healthy/MVI_5332.MOV,data/processed/landmarks/include_video/HEALTHY/df468df1f762.npz,52,25.0,2.08,0.8077,1.0,,
8ec1626b7afa,HEALTHY,include_video,video,,include_video:clip:8ec1626b7afa,data/raw/include_video/Adjectives/99. healthy/MVI_5333.MOV,data/processed/landmarks/include_video/HEALTHY/8ec1626b7afa.npz,51,25.0,2.04,0.7451,1.0,,
e833ac82f876,HEALTHY,include_video,video,,include_video:clip:e833ac82f876,data/raw/include_video/Adjectives/99. healthy/MVI_5334.MOV,data/processed/landmarks/include_video/HEALTHY/e833ac82f876.npz,54,25.0,2.16,0.7407,1.0,,
6b49ced9a402,HEALTHY,include_video,video,,include_video:clip:6b49ced9a402,data/raw/include_video/Adjectives/99. healthy/MVI_9286.MOV,data/processed/landmarks/include_video/HEALTHY/6b49ced9a402.npz,55,25.0,2.2,0.7091,1.0,,
bb8dcc7612cf,HEALTHY,include_video,video,,include_video:clip:bb8dcc7612cf,data/raw/include_video/Adjectives/99. healthy/MVI_9287.MOV,data/processed/landmarks/include_video/HEALTHY/bb8dcc7612cf.npz,61,25.0,2.44,0.7049,1.0,,
42936bdc1213,HEALTHY,include_video,video,,include_video:clip:42936bdc1213,data/raw/include_video/Adjectives/99. healthy/MVI_9288.MOV,data/processed/landmarks/include_video/HEALTHY/42936bdc1213.npz,65,25.0,2.6,0.6769,1.0,,
7cb7ec1c1ed8,HEALTHY,include_video,video,,include_video:clip:7cb7ec1c1ed8,data/raw/include_video/Adjectives/99. healthy/MVI_9365.MOV,data/processed/landmarks/include_video/HEALTHY/7cb7ec1c1ed8.npz,55,25.0,2.2,0.6545,1.0,,
37e2bd9d4dd4,HEALTHY,include_video,video,,include_video:clip:37e2bd9d4dd4,data/raw/include_video/Adjectives/99. healthy/MVI_9366.MOV,data/processed/landmarks/include_video/HEALTHY/37e2bd9d4dd4.npz,57,25.0,2.28,0.5614,1.0,,
5cf387df91b7,HEALTHY,include_video,video,,include_video:clip:5cf387df91b7,data/raw/include_video/Adjectives/99. healthy/MVI_9367.MOV,data/processed/landmarks/include_video/HEALTHY/5cf387df91b7.npz,50,25.0,2.0,0.66,1.0,,
60d45eb460f3,HEALTHY,include_video,video,,include_video:clip:60d45eb460f3,data/raw/include_video/Adjectives/99. healthy/MVI_9445.MOV,data/processed/landmarks/include_video/HEALTHY/60d45eb460f3.npz,64,25.0,2.56,0.7188,1.0,,
a6f6ec921f19,HEALTHY,include_video,video,,include_video:clip:a6f6ec921f19,data/raw/include_video/Adjectives/99. healthy/MVI_9446.MOV,data/processed/landmarks/include_video/HEALTHY/a6f6ec921f19.npz,60,25.0,2.4,0.7167,1.0,,
1b514019fa27,HEALTHY,include_video,video,,include_video:clip:1b514019fa27,data/raw/include_video/Adjectives/99. healthy/MVI_9447.MOV,data/processed/landmarks/include_video/HEALTHY/1b514019fa27.npz,57,25.0,2.28,0.6316,1.0,,
dc408c22ae65,HEALTHY,include_video,video,,include_video:clip:dc408c22ae65,data/raw/include_video/Adjectives/99. healthy/MVI_9530.MOV,data/processed/landmarks/include_video/HEALTHY/dc408c22ae65.npz,61,25.0,2.44,0.8852,1.0,,
5989631444b6,HEALTHY,include_video,video,,include_video:clip:5989631444b6,data/raw/include_video/Adjectives/99. healthy/MVI_9531.MOV,data/processed/landmarks/include_video/HEALTHY/5989631444b6.npz,60,25.0,2.4,0.8333,1.0,,
b911bfa4b1a0,HEALTHY,include_video,video,,include_video:clip:b911bfa4b1a0,data/raw/include_video/Adjectives/99. healthy/MVI_9532.MOV,data/processed/landmarks/include_video/HEALTHY/b911bfa4b1a0.npz,62,25.0,2.48,0.8548,1.0,,
68d0acd7fea3,HEAVY,include_video,video,,include_video:clip:68d0acd7fea3,data/raw/include_video/Adjectives/35. heavy/MVI_9707.MOV,data/processed/landmarks/include_video/HEAVY/68d0acd7fea3.npz,59,25.0,2.36,0.7797,1.0,,
8c0c6bbda97c,HEAVY,include_video,video,,include_video:clip:8c0c6bbda97c,data/raw/include_video/Adjectives/35. heavy/MVI_9708.MOV,data/processed/landmarks/include_video/HEAVY/8c0c6bbda97c.npz,58,25.0,2.32,0.7069,1.0,,
99c3abeba035,HEAVY,include_video,video,,include_video:clip:99c3abeba035,data/raw/include_video/Adjectives/35. heavy/MVI_9709.MOV,data/processed/landmarks/include_video/HEAVY/99c3abeba035.npz,63,25.0,2.52,0.6984,1.0,,
5835b2a9a6e5,HEAVY,include_video,video,,include_video:clip:5835b2a9a6e5,data/raw/include_video/Adjectives/35. heavy/MVI_9710.MOV,data/processed/landmarks/include_video/HEAVY/5835b2a9a6e5.npz,63,25.0,2.52,0.6984,1.0,,
5f3d6031ab15,HEAVY,include_video,video,,include_video:clip:5f3d6031ab15,data/raw/include_video/Adjectives/35. heavy/MVI_9831.MOV,data/processed/landmarks/include_video/HEAVY/5f3d6031ab15.npz,66,25.0,2.64,0.8333,1.0,,
d5bd86f0d717,HEAVY,include_video,video,,include_video:clip:d5bd86f0d717,data/raw/include_video/Adjectives/35. heavy/MVI_9832.MOV,data/processed/landmarks/include_video/HEAVY/d5bd86f0d717.npz,66,25.0,2.64,0.7727,1.0,,
d049cb976f42,HEAVY,include_video,video,,include_video:clip:d049cb976f42,data/raw/include_video/Adjectives/35. heavy/MVI_9833.MOV,data/processed/landmarks/include_video/HEAVY/d049cb976f42.npz,62,25.0,2.48,0.7742,1.0,,
b50793acaef3,HEAVY,include_video,video,,include_video:clip:b50793acaef3,data/raw/include_video/Adjectives/35. heavy/MVI_9834.MOV,data/processed/landmarks/include_video/HEAVY/b50793acaef3.npz,64,25.0,2.56,0.7969,1.0,,
b3bd9933db16,HELLO,include_video,video,,include_video:clip:b3bd9933db16,data/raw/include_video/Greetings/48. Hello/MVI_0029.MOV,data/processed/landmarks/include_video/HELLO/b3bd9933db16.npz,63,25.0,2.52,1.0,1.0,,
d67883f8596b,HELLO,include_video,video,,include_video:clip:d67883f8596b,data/raw/include_video/Greetings/48. Hello/MVI_0030.MOV,data/processed/landmarks/include_video/HELLO/d67883f8596b.npz,74,25.0,2.96,1.0,1.0,,
c1a7df2e59ab,HELLO,include_video,video,,include_video:clip:c1a7df2e59ab,data/raw/include_video/Greetings/48. Hello/MVI_0031.MOV,data/processed/landmarks/include_video/HELLO/c1a7df2e59ab.npz,65,25.0,2.6,1.0,1.0,,
0197712b38ac,HELLO,include_video,video,,include_video:clip:0197712b38ac,data/raw/include_video/Greetings/48. Hello/MVI_0032.MOV,data/processed/landmarks/include_video/HELLO/0197712b38ac.npz,61,25.0,2.44,1.0,1.0,,
1e93b5cc6961,HELLO,include_video,video,,include_video:clip:1e93b5cc6961,data/raw/include_video/Greetings/48. Hello/MVI_0037.MOV,data/processed/landmarks/include_video/HELLO/1e93b5cc6961.npz,49,25.0,1.96,1.0,1.0,,
c1daa74d9d69,HELLO,include_video,video,,include_video:clip:c1daa74d9d69,data/raw/include_video/Greetings/48. Hello/MVI_0038.MOV,data/processed/landmarks/include_video/HELLO/c1daa74d9d69.npz,56,25.0,2.24,1.0,1.0,,
0ad20d7279fa,HELLO,include_video,video,,include_video:clip:0ad20d7279fa,data/raw/include_video/Greetings/48. Hello/MVI_0039.MOV,data/processed/landmarks/include_video/HELLO/0ad20d7279fa.npz,52,25.0,2.08,1.0,1.0,,
a994d6948601,HELLO,include_video,video,,include_video:clip:a994d6948601,data/raw/include_video/Greetings/48. Hello/MVI_0089.MOV,data/processed/landmarks/include_video/HELLO/a994d6948601.npz,68,25.0,2.72,1.0,1.0,,
e5842804acf2,HELLO,include_video,video,,include_video:clip:e5842804acf2,data/raw/include_video/Greetings/48. Hello/MVI_0090.MOV,data/processed/landmarks/include_video/HELLO/e5842804acf2.npz,69,25.0,2.76,1.0,1.0,,
5abeb48d339f,HELLO,include_video,video,,include_video:clip:5abeb48d339f,data/raw/include_video/Greetings/48. Hello/MVI_0091.MOV,data/processed/landmarks/include_video/HELLO/5abeb48d339f.npz,80,25.0,3.2,1.0,1.0,,
9adfda4eb6f1,HELLO,include_video,video,,include_video:clip:9adfda4eb6f1,data/raw/include_video/Greetings/48. Hello/MVI_9914.MOV,data/processed/landmarks/include_video/HELLO/9adfda4eb6f1.npz,53,25.0,2.12,1.0,1.0,,
f777f8d3d1a4,HELLO,include_video,video,,include_video:clip:f777f8d3d1a4,data/raw/include_video/Greetings/48. Hello/MVI_9915.MOV,data/processed/landmarks/include_video/HELLO/f777f8d3d1a4.npz,52,25.0,2.08,1.0,1.0,,
7b19d59cf3d2,HELLO,include_video,video,,include_video:clip:7b19d59cf3d2,data/raw/include_video/Greetings/48. Hello/MVI_9916.MOV,data/processed/landmarks/include_video/HELLO/7b19d59cf3d2.npz,50,25.0,2.0,1.0,1.0,,
8545b82528c9,HELLO,include_video,video,,include_video:clip:8545b82528c9,data/raw/include_video/Greetings/48. Hello/MVI_9917.MOV,data/processed/landmarks/include_video/HELLO/8545b82528c9.npz,49,25.0,1.96,1.0,1.0,,
aeef1cce5fbd,HELLO,include_video,video,,include_video:clip:aeef1cce5fbd,data/raw/include_video/Greetings/48. Hello/MVI_9954.MOV,data/processed/landmarks/include_video/HELLO/aeef1cce5fbd.npz,69,25.0,2.76,1.0,1.0,,
d4c86e8a29d6,HELLO,include_video,video,,include_video:clip:d4c86e8a29d6,data/raw/include_video/Greetings/48. Hello/MVI_9955.MOV,data/processed/landmarks/include_video/HELLO/d4c86e8a29d6.npz,84,25.0,3.36,1.0,1.0,,
94b14b7ebd50,HELLO,include_video,video,,include_video:clip:94b14b7ebd50,data/raw/include_video/Greetings/48. Hello/MVI_9956.MOV,data/processed/landmarks/include_video/HELLO/94b14b7ebd50.npz,76,25.0,3.04,1.0,1.0,,
f7bcf5865130,HELLO,include_video,video,,include_video:clip:f7bcf5865130,data/raw/include_video/Greetings/48. Hello/MVI_9957.MOV,data/processed/landmarks/include_video/HELLO/f7bcf5865130.npz,79,25.0,3.16,1.0,1.0,,
97bfff75b9a8,HELLO,include_video,video,,include_video:clip:97bfff75b9a8,data/raw/include_video/Greetings/48. Hello/MVI_9982.MOV,data/processed/landmarks/include_video/HELLO/97bfff75b9a8.npz,51,25.0,2.04,1.0,1.0,,
2b71e0ea4666,HELLO,include_video,video,,include_video:clip:2b71e0ea4666,data/raw/include_video/Greetings/48. Hello/MVI_9983.MOV,data/processed/landmarks/include_video/HELLO/2b71e0ea4666.npz,53,25.0,2.12,1.0,1.0,,
5066af0f3db0,HELLO,include_video,video,,include_video:clip:5066af0f3db0,data/raw/include_video/Greetings/48. Hello/MVI_9984.MOV,data/processed/landmarks/include_video/HELLO/5066af0f3db0.npz,47,25.0,1.88,1.0,1.0,,
edef52511d5a,HIGH,include_video,video,,include_video:clip:edef52511d5a,data/raw/include_video/Adjectives/23. high/MVI_9654.MOV,data/processed/landmarks/include_video/HIGH/edef52511d5a.npz,69,25.0,2.76,0.7826,1.0,,
4930dd5d05bf,HIGH,include_video,video,,include_video:clip:4930dd5d05bf,data/raw/include_video/Adjectives/23. high/MVI_9655.MOV,data/processed/landmarks/include_video/HIGH/4930dd5d05bf.npz,70,25.0,2.8,0.8143,1.0,,
63e4f46993ed,HIGH,include_video,video,,include_video:clip:63e4f46993ed,data/raw/include_video/Adjectives/23. high/MVI_9656.MOV,data/processed/landmarks/include_video/HIGH/63e4f46993ed.npz,64,25.0,2.56,0.7188,1.0,,
fb12704ce0b4,HIGH,include_video,video,,include_video:clip:fb12704ce0b4,data/raw/include_video/Adjectives/23. high/MVI_9657.MOV,data/processed/landmarks/include_video/HIGH/fb12704ce0b4.npz,70,25.0,2.8,0.7429,1.0,,
1435fb8cd79e,HIGH,include_video,video,,include_video:clip:1435fb8cd79e,data/raw/include_video/Adjectives/23. high/MVI_9780.MOV,data/processed/landmarks/include_video/HIGH/1435fb8cd79e.npz,63,25.0,2.52,0.6508,1.0,,
961f7582196b,HIGH,include_video,video,,include_video:clip:961f7582196b,data/raw/include_video/Adjectives/23. high/MVI_9781.MOV,data/processed/landmarks/include_video/HIGH/961f7582196b.npz,57,25.0,2.28,0.6667,1.0,,
a68c3a0f10d2,HIGH,include_video,video,,include_video:clip:a68c3a0f10d2,data/raw/include_video/Adjectives/23. high/MVI_9782.MOV,data/processed/landmarks/include_video/HIGH/a68c3a0f10d2.npz,58,25.0,2.32,0.6034,1.0,,
75001dd382c6,HIGH,include_video,video,,include_video:clip:75001dd382c6,data/raw/include_video/Adjectives/23. high/MVI_9783.MOV,data/processed/landmarks/include_video/HIGH/75001dd382c6.npz,61,25.0,2.44,0.6393,1.0,,
1520151b4c81,HORSE,include_video,video,,include_video:clip:1520151b4c81,data/raw/include_video/Animals/7. Horse/MVI_2996.MOV,data/processed/landmarks/include_video/HORSE/1520151b4c81.npz,80,25.0,3.2,0.45,1.0,low_hand_detection,
b4ad5710b5b5,HORSE,include_video,video,,include_video:clip:b4ad5710b5b5,data/raw/include_video/Animals/7. Horse/MVI_2997.MOV,data/processed/landmarks/include_video/HORSE/b4ad5710b5b5.npz,77,25.0,3.08,0.4156,1.0,low_hand_detection,
d2947f1f61e0,HORSE,include_video,video,,include_video:clip:d2947f1f61e0,data/raw/include_video/Animals/7. Horse/MVI_2998.MOV,data/processed/landmarks/include_video/HORSE/d2947f1f61e0.npz,83,25.0,3.32,0.5542,1.0,,
953713d119c5,HORSE,include_video,video,,include_video:clip:953713d119c5,data/raw/include_video/Animals/7. Horse/MVI_3021.MOV,data/processed/landmarks/include_video/HORSE/953713d119c5.npz,74,25.0,2.96,0.6081,1.0,,
8a0c265af7f3,HORSE,include_video,video,,include_video:clip:8a0c265af7f3,data/raw/include_video/Animals/7. Horse/MVI_3022.MOV,data/processed/landmarks/include_video/HORSE/8a0c265af7f3.npz,77,25.0,3.08,0.5974,1.0,,
9cc3b5dc8572,HORSE,include_video,video,,include_video:clip:9cc3b5dc8572,data/raw/include_video/Animals/7. Horse/MVI_3023.MOV,data/processed/landmarks/include_video/HORSE/9cc3b5dc8572.npz,93,25.0,3.72,0.8172,1.0,,
c51067d83413,HORSE,include_video,video,,include_video:clip:c51067d83413,data/raw/include_video/Animals/7. Horse/MVI_3053.MOV,data/processed/landmarks/include_video/HORSE/c51067d83413.npz,71,25.0,2.84,0.8169,1.0,,
8185c331b316,HORSE,include_video,video,,include_video:clip:8185c331b316,data/raw/include_video/Animals/7. Horse/MVI_3054.MOV,data/processed/landmarks/include_video/HORSE/8185c331b316.npz,84,25.0,3.36,0.8929,1.0,,
47687ff4833a,HORSE,include_video,video,,include_video:clip:47687ff4833a,data/raw/include_video/Animals/7. Horse/MVI_3055.MOV,data/processed/landmarks/include_video/HORSE/47687ff4833a.npz,95,25.0,3.8,0.8526,1.0,,
02f68e7ea905,HORSE,include_video,video,,include_video:clip:02f68e7ea905,data/raw/include_video/Animals/7. Horse/MVI_3079.MOV,data/processed/landmarks/include_video/HORSE/02f68e7ea905.npz,78,25.0,3.12,0.7436,1.0,,
94e8e7897017,HORSE,include_video,video,,include_video:clip:94e8e7897017,data/raw/include_video/Animals/7. Horse/MVI_3080.MOV,data/processed/landmarks/include_video/HORSE/94e8e7897017.npz,79,25.0,3.16,0.7848,1.0,,
c8942842876f,HORSE,include_video,video,,include_video:clip:c8942842876f,data/raw/include_video/Animals/7. Horse/MVI_3081.MOV,data/processed/landmarks/include_video/HORSE/c8942842876f.npz,86,25.0,3.44,0.8605,1.0,,
8917b5f1903f,HORSE,include_video,video,,include_video:clip:8917b5f1903f,data/raw/include_video/Animals/7. Horse/MVI_3103.MOV,data/processed/landmarks/include_video/HORSE/8917b5f1903f.npz,67,25.0,2.68,0.4925,1.0,low_hand_detection,
899b996a5b0b,HORSE,include_video,video,,include_video:clip:899b996a5b0b,data/raw/include_video/Animals/7. Horse/MVI_3104.MOV,data/processed/landmarks/include_video/HORSE/899b996a5b0b.npz,75,25.0,3.0,0.5867,1.0,,
d1c69b947de2,HORSE,include_video,video,,include_video:clip:d1c69b947de2,data/raw/include_video/Animals/7. Horse/MVI_3105.MOV,data/processed/landmarks/include_video/HORSE/d1c69b947de2.npz,64,25.0,2.56,0.5625,1.0,,
63ce99e03921,HORSE,include_video,video,,include_video:clip:63ce99e03921,data/raw/include_video/Animals/7. Horse/MVI_4164.MOV,data/processed/landmarks/include_video/HORSE/63ce99e03921.npz,64,25.0,2.56,0.5,1.0,,
6bb6b0639e3b,HORSE,include_video,video,,include_video:clip:6bb6b0639e3b,data/raw/include_video/Animals/7. Horse/MVI_4165.MOV,data/processed/landmarks/include_video/HORSE/6bb6b0639e3b.npz,58,25.0,2.32,0.3966,1.0,low_hand_detection,
523c5ea861eb,HORSE,include_video,video,,include_video:clip:523c5ea861eb,data/raw/include_video/Animals/7. Horse/MVI_4166.MOV,data/processed/landmarks/include_video/HORSE/523c5ea861eb.npz,51,25.0,2.04,0.4314,1.0,low_hand_detection,
ccb20c13ee71,HORSE,include_video,video,,include_video:clip:ccb20c13ee71,data/raw/include_video/Animals/7. Horse/MVI_8574.MP4,data/processed/landmarks/include_video/HORSE/ccb20c13ee71.npz,58,25.0,2.32,0.1897,1.0,low_hand_detection,
aeba9789ddbb,HORSE,include_video,video,,include_video:clip:aeba9789ddbb,data/raw/include_video/Animals/7. Horse/MVI_8575.MP4,data/processed/landmarks/include_video/HORSE/aeba9789ddbb.npz,65,25.0,2.6,0.0923,1.0,low_hand_detection,
a3c6f3af6274,HOT,include_video,video,,include_video:clip:a3c6f3af6274,data/raw/include_video/Adjectives/87. hot/MVI_5136.MOV,data/processed/landmarks/include_video/HOT/a3c6f3af6274.npz,71,25.0,2.84,0.8451,1.0,,
18e066cfc247,HOT,include_video,video,,include_video:clip:18e066cfc247,data/raw/include_video/Adjectives/87. hot/MVI_5137.MOV,data/processed/landmarks/include_video/HOT/18e066cfc247.npz,56,25.0,2.24,0.8393,1.0,,
00f1a29ba683,HOT,include_video,video,,include_video:clip:00f1a29ba683,data/raw/include_video/Adjectives/87. hot/MVI_5138.MOV,data/processed/landmarks/include_video/HOT/00f1a29ba683.npz,49,25.0,1.96,0.7551,1.0,,
dd69f6cf9271,HOT,include_video,video,,include_video:clip:dd69f6cf9271,data/raw/include_video/Adjectives/87. hot/MVI_5216.MOV,data/processed/landmarks/include_video/HOT/dd69f6cf9271.npz,57,25.0,2.28,0.807,1.0,,
e97fe0390428,HOT,include_video,video,,include_video:clip:e97fe0390428,data/raw/include_video/Adjectives/87. hot/MVI_5217.MOV,data/processed/landmarks/include_video/HOT/e97fe0390428.npz,66,25.0,2.64,0.8636,1.0,,
6bdf969dc2d8,HOT,include_video,video,,include_video:clip:6bdf969dc2d8,data/raw/include_video/Adjectives/87. hot/MVI_5218.MOV,data/processed/landmarks/include_video/HOT/6bdf969dc2d8.npz,66,25.0,2.64,0.7879,1.0,,
93a172bf2e8a,HOT,include_video,video,,include_video:clip:93a172bf2e8a,data/raw/include_video/Adjectives/87. hot/MVI_5295.MOV,data/processed/landmarks/include_video/HOT/93a172bf2e8a.npz,56,25.0,2.24,0.8571,1.0,,
59c4ee15a74e,HOT,include_video,video,,include_video:clip:59c4ee15a74e,data/raw/include_video/Adjectives/87. hot/MVI_5296.MOV,data/processed/landmarks/include_video/HOT/59c4ee15a74e.npz,56,25.0,2.24,0.8929,1.0,,
ca018972ace3,HOT,include_video,video,,include_video:clip:ca018972ace3,data/raw/include_video/Adjectives/87. hot/MVI_5297.MOV,data/processed/landmarks/include_video/HOT/ca018972ace3.npz,55,25.0,2.2,0.9091,1.0,,
c3a3be51d00d,HOT,include_video,video,,include_video:clip:c3a3be51d00d,data/raw/include_video/Adjectives/87. hot/MVI_9247.MOV,data/processed/landmarks/include_video/HOT/c3a3be51d00d.npz,55,25.0,2.2,0.7455,1.0,,
5195a37f877a,HOT,include_video,video,,include_video:clip:5195a37f877a,data/raw/include_video/Adjectives/87. hot/MVI_9248.MOV,data/processed/landmarks/include_video/HOT/5195a37f877a.npz,48,25.0,1.92,0.7292,1.0,,
6a8368f2a9f3,HOT,include_video,video,,include_video:clip:6a8368f2a9f3,data/raw/include_video/Adjectives/87. hot/MVI_9249.MOV,data/processed/landmarks/include_video/HOT/6a8368f2a9f3.npz,48,25.0,1.92,0.8333,1.0,,
e391f10b1bb7,HOT,include_video,video,,include_video:clip:e391f10b1bb7,data/raw/include_video/Adjectives/87. hot/MVI_9328.MOV,data/processed/landmarks/include_video/HOT/e391f10b1bb7.npz,52,25.0,2.08,0.75,1.0,,
bed873dc7e13,HOT,include_video,video,,include_video:clip:bed873dc7e13,data/raw/include_video/Adjectives/87. hot/MVI_9329.MOV,data/processed/landmarks/include_video/HOT/bed873dc7e13.npz,53,25.0,2.12,0.3962,1.0,low_hand_detection,
b31d4202cbf6,HOT,include_video,video,,include_video:clip:b31d4202cbf6,data/raw/include_video/Adjectives/87. hot/MVI_9330.MOV,data/processed/landmarks/include_video/HOT/b31d4202cbf6.npz,50,25.0,2.0,0.48,1.0,low_hand_detection,
d3eb27b5ef63,HOT,include_video,video,,include_video:clip:d3eb27b5ef63,data/raw/include_video/Adjectives/87. hot/MVI_9408.MOV,data/processed/landmarks/include_video/HOT/d3eb27b5ef63.npz,63,25.0,2.52,0.5714,1.0,,
07fe98d2e0c2,HOT,include_video,video,,include_video:clip:07fe98d2e0c2,data/raw/include_video/Adjectives/87. hot/MVI_9409.MOV,data/processed/landmarks/include_video/HOT/07fe98d2e0c2.npz,66,25.0,2.64,0.6212,1.0,,
7f5941b69cc2,HOT,include_video,video,,include_video:clip:7f5941b69cc2,data/raw/include_video/Adjectives/87. hot/MVI_9410.MOV,data/processed/landmarks/include_video/HOT/7f5941b69cc2.npz,56,25.0,2.24,0.5893,1.0,,
d306c3923d23,HOT,include_video,video,,include_video:clip:d306c3923d23,data/raw/include_video/Adjectives/87. hot/MVI_9487.MOV,data/processed/landmarks/include_video/HOT/d306c3923d23.npz,63,25.0,2.52,0.9206,1.0,,
34852ef68f35,HOT,include_video,video,,include_video:clip:34852ef68f35,data/raw/include_video/Adjectives/87. hot/MVI_9488.MOV,data/processed/landmarks/include_video/HOT/34852ef68f35.npz,65,25.0,2.6,0.8308,1.0,,
828d4e51762a,HOT,include_video,video,,include_video:clip:828d4e51762a,data/raw/include_video/Adjectives/87. hot/MVI_9489.MOV,data/processed/landmarks/include_video/HOT/828d4e51762a.npz,62,25.0,2.48,0.8871,1.0,,
3c5c66cbcd87,HOUR,include_video,video,,include_video:clip:3c5c66cbcd87,data/raw/include_video/Days_and_Time/79. Hour/MVI_4639.MOV,data/processed/landmarks/include_video/HOUR/3c5c66cbcd87.npz,65,25.0,2.6,0.8615,1.0,,
09f694527e18,HOUR,include_video,video,,include_video:clip:09f694527e18,data/raw/include_video/Days_and_Time/79. Hour/MVI_4640.MOV,data/processed/landmarks/include_video/HOUR/09f694527e18.npz,58,25.0,2.32,0.8621,1.0,,
b353ac2256f7,HOUR,include_video,video,,include_video:clip:b353ac2256f7,data/raw/include_video/Days_and_Time/79. Hour/MVI_4641.MOV,data/processed/landmarks/include_video/HOUR/b353ac2256f7.npz,54,25.0,2.16,0.8148,0.963,,
b3fed94634db,HOUR,include_video,video,,include_video:clip:b3fed94634db,data/raw/include_video/Days_and_Time/79. Hour/MVI_4642.MOV,data/processed/landmarks/include_video/HOUR/b3fed94634db.npz,67,25.0,2.68,0.8806,0.9552,,
c2d7fab319cf,HOUR,include_video,video,,include_video:clip:c2d7fab319cf,data/raw/include_video/Days_and_Time/79. Hour/MVI_5050.MOV,data/processed/landmarks/include_video/HOUR/c2d7fab319cf.npz,49,25.0,1.96,0.3673,1.0,low_hand_detection,
162ad9d79dc4,HOUR,include_video,video,,include_video:clip:162ad9d79dc4,data/raw/include_video/Days_and_Time/79. Hour/MVI_5051.MOV,data/processed/landmarks/include_video/HOUR/162ad9d79dc4.npz,51,25.0,2.04,0.0196,1.0,low_hand_detection,
ef9d95f6dbd7,HOUR,include_video,video,,include_video:clip:ef9d95f6dbd7,data/raw/include_video/Days_and_Time/79. Hour/MVI_5052.MOV,data/processed/landmarks/include_video/HOUR/ef9d95f6dbd7.npz,52,25.0,2.08,0.2308,1.0,low_hand_detection,
d9b7e083776f,HOUR,include_video,video,,include_video:clip:d9b7e083776f,data/raw/include_video/Days_and_Time/79. Hour/MVI_5495.MOV,data/processed/landmarks/include_video/HOUR/d9b7e083776f.npz,45,25.0,1.8,0.8889,1.0,,
8fd2c89e8e4e,HOUR,include_video,video,,include_video:clip:8fd2c89e8e4e,data/raw/include_video/Days_and_Time/79. Hour/MVI_5496.MOV,data/processed/landmarks/include_video/HOUR/8fd2c89e8e4e.npz,52,25.0,2.08,0.9231,1.0,,
57e2137cfdd1,HOUR,include_video,video,,include_video:clip:57e2137cfdd1,data/raw/include_video/Days_and_Time/79. Hour/MVI_5497.MOV,data/processed/landmarks/include_video/HOUR/57e2137cfdd1.npz,51,25.0,2.04,0.9216,1.0,,
e64713d0236e,HOUR,include_video,video,,include_video:clip:e64713d0236e,data/raw/include_video/Days_and_Time/79. Hour/MVI_5498.MOV,data/processed/landmarks/include_video/HOUR/e64713d0236e.npz,47,25.0,1.88,0.9149,1.0,,
c62b163a5452,HOUR,include_video,video,,include_video:clip:c62b163a5452,data/raw/include_video/Days_and_Time/79. Hour/MVI_9179.MP4,data/processed/landmarks/include_video/HOUR/c62b163a5452.npz,66,25.0,2.64,0.8939,1.0,,
859715495aa6,HOUR,include_video,video,,include_video:clip:859715495aa6,data/raw/include_video/Days_and_Time/79. Hour/MVI_9180.MP4,data/processed/landmarks/include_video/HOUR/859715495aa6.npz,67,25.0,2.68,0.9254,1.0,,
c37af281c5a8,HOUR,include_video,video,,include_video:clip:c37af281c5a8,data/raw/include_video/Days_and_Time/79. Hour/MVI_9181.MP4,data/processed/landmarks/include_video/HOUR/c37af281c5a8.npz,61,25.0,2.44,0.918,1.0,,
8d548b81d774,HOW_ARE_YOU,include_video,video,,include_video:clip:8d548b81d774,data/raw/include_video/Greetings/49. How are you/MVI_0033.MOV,data/processed/landmarks/include_video/HOW_ARE_YOU/8d548b81d774.npz,81,25.0,3.24,0.9383,1.0,,
191c6df285bd,HOW_ARE_YOU,include_video,video,,include_video:clip:191c6df285bd,data/raw/include_video/Greetings/49. How are you/MVI_0034.MOV,data/processed/landmarks/include_video/HOW_ARE_YOU/191c6df285bd.npz,92,25.0,3.68,0.9348,1.0,,
5d4684c9dd84,HOW_ARE_YOU,include_video,video,,include_video:clip:5d4684c9dd84,data/raw/include_video/Greetings/49. How are you/MVI_0035.MOV,data/processed/landmarks/include_video/HOW_ARE_YOU/5d4684c9dd84.npz,96,25.0,3.84,0.9062,1.0,,
d676ef79827d,HOW_ARE_YOU,include_video,video,,include_video:clip:d676ef79827d,data/raw/include_video/Greetings/49. How are you/MVI_0036.MOV,data/processed/landmarks/include_video/HOW_ARE_YOU/d676ef79827d.npz,95,25.0,3.8,0.8842,1.0,,
c323ee18cb8b,HOW_ARE_YOU,include_video,video,,include_video:clip:c323ee18cb8b,data/raw/include_video/Greetings/49. How are you/MVI_0040.MOV,data/processed/landmarks/include_video/HOW_ARE_YOU/c323ee18cb8b.npz,60,25.0,2.4,0.9,1.0,,
6801343a0d06,HOW_ARE_YOU,include_video,video,,include_video:clip:6801343a0d06,data/raw/include_video/Greetings/49. How are you/MVI_0041.MOV,data/processed/landmarks/include_video/HOW_ARE_YOU/6801343a0d06.npz,71,25.0,2.84,0.9014,1.0,,
2dcf166dc617,HOW_ARE_YOU,include_video,video,,include_video:clip:2dcf166dc617,data/raw/include_video/Greetings/49. How are you/MVI_0042.MOV,data/processed/landmarks/include_video/HOW_ARE_YOU/2dcf166dc617.npz,66,25.0,2.64,0.9091,1.0,,
7ee26f942593,HOW_ARE_YOU,include_video,video,,include_video:clip:7ee26f942593,data/raw/include_video/Greetings/49. How are you/MVI_0092.MOV,data/processed/landmarks/include_video/HOW_ARE_YOU/7ee26f942593.npz,83,25.0,3.32,0.8434,1.0,,
8d1b8fc8c6f1,HOW_ARE_YOU,include_video,video,,include_video:clip:8d1b8fc8c6f1,data/raw/include_video/Greetings/49. How are you/MVI_0093.MOV,data/processed/landmarks/include_video/HOW_ARE_YOU/8d1b8fc8c6f1.npz,100,25.0,4.0,0.85,1.0,,
393506ba09a6,HOW_ARE_YOU,include_video,video,,include_video:clip:393506ba09a6,data/raw/include_video/Greetings/49. How are you/MVI_0094.MOV,data/processed/landmarks/include_video/HOW_ARE_YOU/393506ba09a6.npz,95,25.0,3.8,0.8526,1.0,,
f0aab733e22b,HOW_ARE_YOU,include_video,video,,include_video:clip:f0aab733e22b,data/raw/include_video/Greetings/49. How are you/MVI_9918.MOV,data/processed/landmarks/include_video/HOW_ARE_YOU/f0aab733e22b.npz,68,25.0,2.72,0.8676,1.0,,
858132723d6a,HOW_ARE_YOU,include_video,video,,include_video:clip:858132723d6a,data/raw/include_video/Greetings/49. How are you/MVI_9919.MOV,data/processed/landmarks/include_video/HOW_ARE_YOU/858132723d6a.npz,71,25.0,2.84,0.8873,1.0,,
42b98b7d7bc5,HOW_ARE_YOU,include_video,video,,include_video:clip:42b98b7d7bc5,data/raw/include_video/Greetings/49. How are you/MVI_9920.MOV,data/processed/landmarks/include_video/HOW_ARE_YOU/42b98b7d7bc5.npz,70,25.0,2.8,0.9143,1.0,,
df12bb9251cd,HOW_ARE_YOU,include_video,video,,include_video:clip:df12bb9251cd,data/raw/include_video/Greetings/49. How are you/MVI_9921.MOV,data/processed/landmarks/include_video/HOW_ARE_YOU/df12bb9251cd.npz,65,25.0,2.6,0.8769,1.0,,
5581cf802901,HOW_ARE_YOU,include_video,video,,include_video:clip:5581cf802901,data/raw/include_video/Greetings/49. How are you/MVI_9959.MOV,data/processed/landmarks/include_video/HOW_ARE_YOU/5581cf802901.npz,89,25.0,3.56,0.9438,1.0,,
f5bcdb5ea366,HOW_ARE_YOU,include_video,video,,include_video:clip:f5bcdb5ea366,data/raw/include_video/Greetings/49. How are you/MVI_9960.MOV,data/processed/landmarks/include_video/HOW_ARE_YOU/f5bcdb5ea366.npz,86,25.0,3.44,0.9767,1.0,,
0d3dc919456c,HOW_ARE_YOU,include_video,video,,include_video:clip:0d3dc919456c,data/raw/include_video/Greetings/49. How are you/MVI_9961.MOV,data/processed/landmarks/include_video/HOW_ARE_YOU/0d3dc919456c.npz,92,25.0,3.68,0.913,1.0,,
a410694a95bf,HOW_ARE_YOU,include_video,video,,include_video:clip:a410694a95bf,data/raw/include_video/Greetings/49. How are you/MVI_9962.MOV,data/processed/landmarks/include_video/HOW_ARE_YOU/a410694a95bf.npz,94,25.0,3.76,0.9468,1.0,,
ad8d3289dabd,HOW_ARE_YOU,include_video,video,,include_video:clip:ad8d3289dabd,data/raw/include_video/Greetings/49. How are you/MVI_9985.MOV,data/processed/landmarks/include_video/HOW_ARE_YOU/ad8d3289dabd.npz,67,25.0,2.68,0.9104,1.0,,
efb6192337da,HOW_ARE_YOU,include_video,video,,include_video:clip:efb6192337da,data/raw/include_video/Greetings/49. How are you/MVI_9986.MOV,data/processed/landmarks/include_video/HOW_ARE_YOU/efb6192337da.npz,67,25.0,2.68,0.9254,1.0,,
81cc02b0badb,HOW_ARE_YOU,include_video,video,,include_video:clip:81cc02b0badb,data/raw/include_video/Greetings/49. How are you/MVI_9987.MOV,data/processed/landmarks/include_video/HOW_ARE_YOU/81cc02b0badb.npz,68,25.0,2.72,0.8971,1.0,,
b158da8cd17d,JOB,include_video,video,,include_video:clip:b158da8cd17d,data/raw/include_video/Jobs/99. Job/MVI_4520.MOV,data/processed/landmarks/include_video/JOB/b158da8cd17d.npz,56,25.0,2.24,0.5357,1.0,,
bfd0b605f852,JOB,include_video,video,,include_video:clip:bfd0b605f852,data/raw/include_video/Jobs/99. Job/MVI_4521.MOV,data/processed/landmarks/include_video/JOB/bfd0b605f852.npz,66,25.0,2.64,0.6515,0.9848,,
7d29d89c3a0a,JOB,include_video,video,,include_video:clip:7d29d89c3a0a,data/raw/include_video/Jobs/99. Job/MVI_4522.MOV,data/processed/landmarks/include_video/JOB/7d29d89c3a0a.npz,64,25.0,2.56,1.0,0.9062,,
dc63af8d0bf8,JOB,include_video,video,,include_video:clip:dc63af8d0bf8,data/raw/include_video/Jobs/99. Job/MVI_4523.MOV,data/processed/landmarks/include_video/JOB/dc63af8d0bf8.npz,72,25.0,2.88,0.9861,0.9861,,
51cec7d890b5,JOB,include_video,video,,include_video:clip:51cec7d890b5,data/raw/include_video/Jobs/99. Job/MVI_4794.MOV,data/processed/landmarks/include_video/JOB/51cec7d890b5.npz,66,25.0,2.64,1.0,1.0,,
46f4937efacf,JOB,include_video,video,,include_video:clip:46f4937efacf,data/raw/include_video/Jobs/99. Job/MVI_4795.MOV,data/processed/landmarks/include_video/JOB/46f4937efacf.npz,56,25.0,2.24,0.9821,1.0,,
3d1470ec4f07,JOB,include_video,video,,include_video:clip:3d1470ec4f07,data/raw/include_video/Jobs/99. Job/MVI_4796.MOV,data/processed/landmarks/include_video/JOB/3d1470ec4f07.npz,71,25.0,2.84,1.0,1.0,,
f0423361aeeb,JOB,include_video,video,,include_video:clip:f0423361aeeb,data/raw/include_video/Jobs/99. Job/MVI_5375.MOV,data/processed/landmarks/include_video/JOB/f0423361aeeb.npz,46,25.0,1.84,1.0,1.0,,
637e6a3c9186,JOB,include_video,video,,include_video:clip:637e6a3c9186,data/raw/include_video/Jobs/99. Job/MVI_5376.MOV,data/processed/landmarks/include_video/JOB/637e6a3c9186.npz,61,25.0,2.44,1.0,1.0,,
dc3386d75326,JOB,include_video,video,,include_video:clip:dc3386d75326,data/raw/include_video/Jobs/99. Job/MVI_5377.MOV,data/processed/landmarks/include_video/JOB/dc3386d75326.npz,61,25.0,2.44,1.0,1.0,,
c17279e49336,JOB,include_video,video,,include_video:clip:c17279e49336,data/raw/include_video/Jobs/99. Job/MVI_5378.MOV,data/processed/landmarks/include_video/JOB/c17279e49336.npz,61,25.0,2.44,1.0,1.0,,
53b97ca90a07,JOB,include_video,video,,include_video:clip:53b97ca90a07,data/raw/include_video/Jobs/99. Job/MVI_8924.MP4,data/processed/landmarks/include_video/JOB/53b97ca90a07.npz,62,25.0,2.48,1.0,1.0,,
f023508411bd,JOB,include_video,video,,include_video:clip:f023508411bd,data/raw/include_video/Jobs/99. Job/MVI_8925.MP4,data/processed/landmarks/include_video/JOB/f023508411bd.npz,69,25.0,2.76,1.0,1.0,,
9201890db41a,JOB,include_video,video,,include_video:clip:9201890db41a,data/raw/include_video/Jobs/99. Job/MVI_8926.MP4,data/processed/landmarks/include_video/JOB/9201890db41a.npz,65,25.0,2.6,1.0,1.0,,
10ee413ffec7,KEY,include_video,video,,include_video:clip:10ee413ffec7,data/raw/include_video/Home/39. Key/MVI_4408.MOV,data/processed/landmarks/include_video/KEY/10ee413ffec7.npz,50,25.0,2.0,1.0,1.0,,
593473b869a8,KEY,include_video,video,,include_video:clip:593473b869a8,data/raw/include_video/Home/39. Key/MVI_4409.MOV,data/processed/landmarks/include_video/KEY/593473b869a8.npz,52,25.0,2.08,1.0,1.0,,
2decb8c87bf8,KEY,include_video,video,,include_video:clip:2decb8c87bf8,data/raw/include_video/Home/39. Key/MVI_4410.MOV,data/processed/landmarks/include_video/KEY/2decb8c87bf8.npz,49,25.0,1.96,1.0,1.0,,
ec98e8f85a41,KEY,include_video,video,,include_video:clip:ec98e8f85a41,data/raw/include_video/Home/39. Key/MVI_4411.MOV,data/processed/landmarks/include_video/KEY/ec98e8f85a41.npz,53,25.0,2.12,1.0,1.0,,
acff1d9f44c8,KEY,include_video,video,,include_video:clip:acff1d9f44c8,data/raw/include_video/Home/39. Key/MVI_4923.MOV,data/processed/landmarks/include_video/KEY/acff1d9f44c8.npz,42,25.0,1.68,0.9762,1.0,,
db0e88a0f3cd,KEY,include_video,video,,include_video:clip:db0e88a0f3cd,data/raw/include_video/Home/39. Key/MVI_4924.MOV,data/processed/landmarks/include_video/KEY/db0e88a0f3cd.npz,43,25.0,1.72,1.0,1.0,,
d41d9bd8b0ba,KEY,include_video,video,,include_video:clip:d41d9bd8b0ba,data/raw/include_video/Home/39. Key/MVI_4925.MOV,data/processed/landmarks/include_video/KEY/d41d9bd8b0ba.npz,56,25.0,2.24,0.75,1.0,,
8ef78417e11f,KEY,include_video,video,,include_video:clip:8ef78417e11f,data/raw/include_video/Home/39. Key/MVI_8813.MP4,data/processed/landmarks/include_video/KEY/8ef78417e11f.npz,62,25.0,2.48,1.0,1.0,,
50baee915253,KEY,include_video,video,,include_video:clip:50baee915253,data/raw/include_video/Home/39. Key/MVI_8814.MP4,data/processed/landmarks/include_video/KEY/50baee915253.npz,62,25.0,2.48,0.6935,1.0,,
b164ff46824e,KEY,include_video,video,,include_video:clip:b164ff46824e,data/raw/include_video/Home/39. Key/MVI_8815.MP4,data/processed/landmarks/include_video/KEY/b164ff46824e.npz,60,25.0,2.4,1.0,1.0,,
89c3bbf7cf8f,KEY,include_video,video,,include_video:clip:89c3bbf7cf8f,data/raw/include_video/Home/39. Key/MVI_8816.MP4,data/processed/landmarks/include_video/KEY/89c3bbf7cf8f.npz,60,25.0,2.4,1.0,1.0,,
3cd08b8b6f31,KEY,include_video,video,,include_video:clip:3cd08b8b6f31,data/raw/include_video/Home/39. Key/MVI_9048.MP4,data/processed/landmarks/include_video/KEY/3cd08b8b6f31.npz,57,25.0,2.28,1.0,1.0,,
cd14521d5a41,KEY,include_video,video,,include_video:clip:cd14521d5a41,data/raw/include_video/Home/39. Key/MVI_9049.MP4,data/processed/landmarks/include_video/KEY/cd14521d5a41.npz,69,25.0,2.76,1.0,1.0,,
8ef6ed0a234e,KEY,include_video,video,,include_video:clip:8ef6ed0a234e,data/raw/include_video/Home/39. Key/MVI_9050.MP4,data/processed/landmarks/include_video/KEY/8ef6ed0a234e.npz,69,25.0,2.76,1.0,1.0,,
a629b89e22ef,KITCHEN,include_video,video,,include_video:clip:a629b89e22ef,data/raw/include_video/Home/31. Kitchen/MVI_4374.MOV,data/processed/landmarks/include_video/KITCHEN/a629b89e22ef.npz,62,25.0,2.48,0.9032,1.0,,
4df7614a4b65,KITCHEN,include_video,video,,include_video:clip:4df7614a4b65,data/raw/include_video/Home/31. Kitchen/MVI_4375.MOV,data/processed/landmarks/include_video/KITCHEN/4df7614a4b65.npz,72,25.0,2.88,0.8889,1.0,,
def87a8ad2e3,KITCHEN,include_video,video,,include_video:clip:def87a8ad2e3,data/raw/include_video/Home/31. Kitchen/MVI_4376.MOV,data/processed/landmarks/include_video/KITCHEN/def87a8ad2e3.npz,68,25.0,2.72,0.9118,1.0,,
1d4e352c993a,KITCHEN,include_video,video,,include_video:clip:1d4e352c993a,data/raw/include_video/Home/31. Kitchen/MVI_4377.MOV,data/processed/landmarks/include_video/KITCHEN/1d4e352c993a.npz,70,25.0,2.8,0.9286,1.0,,
c1d0abe3fcb6,KITCHEN,include_video,video,,include_video:clip:c1d0abe3fcb6,data/raw/include_video/Home/31. Kitchen/MVI_4897.MOV,data/processed/landmarks/include_video/KITCHEN/c1d0abe3fcb6.npz,61,25.0,2.44,0.7869,1.0,,
d31e9272c24b,KITCHEN,include_video,video,,include_video:clip:d31e9272c24b,data/raw/include_video/Home/31. Kitchen/MVI_4898.MOV,data/processed/landmarks/include_video/KITCHEN/d31e9272c24b.npz,61,25.0,2.44,0.8033,1.0,,
aef83f19239e,KITCHEN,include_video,video,,include_video:clip:aef83f19239e,data/raw/include_video/Home/31. Kitchen/MVI_4899.MOV,data/processed/landmarks/include_video/KITCHEN/aef83f19239e.npz,69,25.0,2.76,0.7536,1.0,,
3f938a2c4408,KITCHEN,include_video,video,,include_video:clip:3f938a2c4408,data/raw/include_video/Home/31. Kitchen/MVI_8778.MP4,data/processed/landmarks/include_video/KITCHEN/3f938a2c4408.npz,69,25.0,2.76,0.8986,1.0,,
82869385127b,KITCHEN,include_video,video,,include_video:clip:82869385127b,data/raw/include_video/Home/31. Kitchen/MVI_8779.MP4,data/processed/landmarks/include_video/KITCHEN/82869385127b.npz,71,25.0,2.84,0.9014,1.0,,
3c388283a007,KITCHEN,include_video,video,,include_video:clip:3c388283a007,data/raw/include_video/Home/31. Kitchen/MVI_8780.MP4,data/processed/landmarks/include_video/KITCHEN/3c388283a007.npz,75,25.0,3.0,0.9067,1.0,,
23036d4f1a2e,KITCHEN,include_video,video,,include_video:clip:23036d4f1a2e,data/raw/include_video/Home/31. Kitchen/MVI_8781.MP4,data/processed/landmarks/include_video/KITCHEN/23036d4f1a2e.npz,82,25.0,3.28,0.9268,1.0,,
964185d20f28,KITCHEN,include_video,video,,include_video:clip:964185d20f28,data/raw/include_video/Home/31. Kitchen/MVI_9022.MP4,data/processed/landmarks/include_video/KITCHEN/964185d20f28.npz,78,25.0,3.12,0.9103,1.0,,
0ee4fad992ad,KITCHEN,include_video,video,,include_video:clip:0ee4fad992ad,data/raw/include_video/Home/31. Kitchen/MVI_9023.MP4,data/processed/landmarks/include_video/KITCHEN/0ee4fad992ad.npz,82,25.0,3.28,0.9268,1.0,,
d6b626f08cf6,KITCHEN,include_video,video,,include_video:clip:d6b626f08cf6,data/raw/include_video/Home/31. Kitchen/MVI_9024.MP4,data/processed/landmarks/include_video/KITCHEN/d6b626f08cf6.npz,75,25.0,3.0,0.9067,1.0,,
02b85461c27b,LAMP,include_video,video,,include_video:clip:02b85461c27b,data/raw/include_video/Electronics/52. Lamp/MVI_4528.MOV,data/processed/landmarks/include_video/LAMP/02b85461c27b.npz,78,25.0,3.12,0.9487,1.0,,
87c99d7f519a,LAMP,include_video,video,,include_video:clip:87c99d7f519a,data/raw/include_video/Electronics/52. Lamp/MVI_4529.MOV,data/processed/landmarks/include_video/LAMP/87c99d7f519a.npz,50,25.0,2.0,0.74,1.0,,
4e5a2f30791f,LAMP,include_video,video,,include_video:clip:4e5a2f30791f,data/raw/include_video/Electronics/52. Lamp/MVI_4530.MOV,data/processed/landmarks/include_video/LAMP/4e5a2f30791f.npz,55,25.0,2.2,0.7818,1.0,,
7e1c3ac342e2,LAMP,include_video,video,,include_video:clip:7e1c3ac342e2,data/raw/include_video/Electronics/52. Lamp/MVI_4531.MOV,data/processed/landmarks/include_video/LAMP/7e1c3ac342e2.npz,93,25.0,3.72,0.8602,1.0,,
2e673cdada72,LAMP,include_video,video,,include_video:clip:2e673cdada72,data/raw/include_video/Electronics/52. Lamp/MVI_4961.MOV,data/processed/landmarks/include_video/LAMP/2e673cdada72.npz,59,25.0,2.36,0.4746,1.0,low_hand_detection,
f519fa178946,LAMP,include_video,video,,include_video:clip:f519fa178946,data/raw/include_video/Electronics/52. Lamp/MVI_4962.MOV,data/processed/landmarks/include_video/LAMP/f519fa178946.npz,60,25.0,2.4,0.5333,1.0,,
4cbcf6c5bce7,LAMP,include_video,video,,include_video:clip:4cbcf6c5bce7,data/raw/include_video/Electronics/52. Lamp/MVI_4963.MOV,data/processed/landmarks/include_video/LAMP/4cbcf6c5bce7.npz,54,25.0,2.16,0.537,1.0,,
2e5cb0b02c9d,LAMP,include_video,video,,include_video:clip:2e5cb0b02c9d,data/raw/include_video/Electronics/52. Lamp/MVI_5383.MOV,data/processed/landmarks/include_video/LAMP/2e5cb0b02c9d.npz,52,25.0,2.08,1.0,1.0,,
90f8a0e9467d,LAMP,include_video,video,,include_video:clip:90f8a0e9467d,data/raw/include_video/Electronics/52. Lamp/MVI_5384.MOV,data/processed/landmarks/include_video/LAMP/90f8a0e9467d.npz,54,25.0,2.16,1.0,1.0,,
9664c95c7236,LAMP,include_video,video,,include_video:clip:9664c95c7236,data/raw/include_video/Electronics/52. Lamp/MVI_5385.MOV,data/processed/landmarks/include_video/LAMP/9664c95c7236.npz,53,25.0,2.12,1.0,1.0,,
c7631efac1f0,LAMP,include_video,video,,include_video:clip:c7631efac1f0,data/raw/include_video/Electronics/52. Lamp/MVI_5386.MOV,data/processed/landmarks/include_video/LAMP/c7631efac1f0.npz,57,25.0,2.28,1.0,1.0,,
5757156e6f19,LAMP,include_video,video,,include_video:clip:5757156e6f19,data/raw/include_video/Electronics/52. Lamp/MVI_9094.MP4,data/processed/landmarks/include_video/LAMP/5757156e6f19.npz,62,25.0,2.48,1.0,1.0,,
a99b383071fb,LAMP,include_video,video,,include_video:clip:a99b383071fb,data/raw/include_video/Electronics/52. Lamp/MVI_9095.MP4,data/processed/landmarks/include_video/LAMP/a99b383071fb.npz,76,25.0,3.04,1.0,1.0,,
8cbb9956ebf1,LAMP,include_video,video,,include_video:clip:8cbb9956ebf1,data/raw/include_video/Electronics/52. Lamp/MVI_9096.MP4,data/processed/landmarks/include_video/LAMP/8cbb9956ebf1.npz,73,25.0,2.92,1.0,1.0,,
3a5c6dd818b9,LAPTOP,include_video,video,,include_video:clip:3a5c6dd818b9,data/raw/include_video/Electronics/56. Laptop/MVI_4545.MOV,data/processed/landmarks/include_video/LAPTOP/3a5c6dd818b9.npz,64,25.0,2.56,0.75,1.0,,
36c1de9bea5b,LAPTOP,include_video,video,,include_video:clip:36c1de9bea5b,data/raw/include_video/Electronics/56. Laptop/MVI_4546.MOV,data/processed/landmarks/include_video/LAPTOP/36c1de9bea5b.npz,74,25.0,2.96,0.7703,0.973,,
51be1dfbb761,LAPTOP,include_video,video,,include_video:clip:51be1dfbb761,data/raw/include_video/Electronics/56. Laptop/MVI_4547.MOV,data/processed/landmarks/include_video/LAPTOP/51be1dfbb761.npz,75,25.0,3.0,0.76,1.0,,
824a92e2f915,LAPTOP,include_video,video,,include_video:clip:824a92e2f915,data/raw/include_video/Electronics/56. Laptop/MVI_4548.MOV,data/processed/landmarks/include_video/LAPTOP/824a92e2f915.npz,73,25.0,2.92,0.7671,1.0,,
e9f50947508f,LAPTOP,include_video,video,,include_video:clip:e9f50947508f,data/raw/include_video/Electronics/56. Laptop/MVI_4973.MOV,data/processed/landmarks/include_video/LAPTOP/e9f50947508f.npz,62,25.0,2.48,0.2742,1.0,low_hand_detection,
312e61cd6dd2,LAPTOP,include_video,video,,include_video:clip:312e61cd6dd2,data/raw/include_video/Electronics/56. Laptop/MVI_4974.MOV,data/processed/landmarks/include_video/LAPTOP/312e61cd6dd2.npz,56,25.0,2.24,0.4464,1.0,low_hand_detection,
ead30a0ece0a,LAPTOP,include_video,video,,include_video:clip:ead30a0ece0a,data/raw/include_video/Electronics/56. Laptop/MVI_4975.MOV,data/processed/landmarks/include_video/LAPTOP/ead30a0ece0a.npz,52,25.0,2.08,0.4615,1.0,low_hand_detection,
c5dba6e0945a,LAPTOP,include_video,video,,include_video:clip:c5dba6e0945a,data/raw/include_video/Electronics/56. Laptop/MVI_5399.MOV,data/processed/landmarks/include_video/LAPTOP/c5dba6e0945a.npz,60,25.0,2.4,0.9,1.0,,
fa1f62d3f6be,LAPTOP,include_video,video,,include_video:clip:fa1f62d3f6be,data/raw/include_video/Electronics/56. Laptop/MVI_5400.MOV,data/processed/landmarks/include_video/LAPTOP/fa1f62d3f6be.npz,55,25.0,2.2,0.9273,1.0,,
7fd6b8b8e3f6,LAPTOP,include_video,video,,include_video:clip:7fd6b8b8e3f6,data/raw/include_video/Electronics/56. Laptop/MVI_5401.MOV,data/processed/landmarks/include_video/LAPTOP/7fd6b8b8e3f6.npz,61,25.0,2.44,0.9016,1.0,,
8120d20c8f1c,LAPTOP,include_video,video,,include_video:clip:8120d20c8f1c,data/raw/include_video/Electronics/56. Laptop/MVI_5402.MOV,data/processed/landmarks/include_video/LAPTOP/8120d20c8f1c.npz,61,25.0,2.44,0.8689,1.0,,
b78fe30b3110,LAPTOP,include_video,video,,include_video:clip:b78fe30b3110,data/raw/include_video/Electronics/56. Laptop/MVI_9106.MP4,data/processed/landmarks/include_video/LAPTOP/b78fe30b3110.npz,91,25.0,3.64,0.8791,1.0,,
af12d268272f,LAPTOP,include_video,video,,include_video:clip:af12d268272f,data/raw/include_video/Electronics/56. Laptop/MVI_9107.MP4,data/processed/landmarks/include_video/LAPTOP/af12d268272f.npz,80,25.0,3.2,0.85,1.0,,
d07efa98df55,LAPTOP,include_video,video,,include_video:clip:d07efa98df55,data/raw/include_video/Electronics/56. Laptop/MVI_9108.MP4,data/processed/landmarks/include_video/LAPTOP/d07efa98df55.npz,84,25.0,3.36,0.869,1.0,,
33efcd830eb0,LAWYER,include_video,video,,include_video:clip:33efcd830eb0,data/raw/include_video/Jobs/86. Lawyer/MVI_4466.MOV,data/processed/landmarks/include_video/LAWYER/33efcd830eb0.npz,68,25.0,2.72,0.8235,1.0,,
a1b1982a072e,LAWYER,include_video,video,,include_video:clip:a1b1982a072e,data/raw/include_video/Jobs/86. Lawyer/MVI_4467.MOV,data/processed/landmarks/include_video/LAWYER/a1b1982a072e.npz,73,25.0,2.92,0.8356,1.0,,
4d214042c140,LAWYER,include_video,video,,include_video:clip:4d214042c140,data/raw/include_video/Jobs/86. Lawyer/MVI_4468.MOV,data/processed/landmarks/include_video/LAWYER/4d214042c140.npz,59,25.0,2.36,0.6441,0.9831,,
ddc6a61d8875,LAWYER,include_video,video,,include_video:clip:ddc6a61d8875,data/raw/include_video/Jobs/86. Lawyer/MVI_4469.MOV,data/processed/landmarks/include_video/LAWYER/ddc6a61d8875.npz,57,25.0,2.28,0.7544,1.0,,
586e208295c5,LAWYER,include_video,video,,include_video:clip:586e208295c5,data/raw/include_video/Jobs/86. Lawyer/MVI_4750.MOV,data/processed/landmarks/include_video/LAWYER/586e208295c5.npz,56,25.0,2.24,0.7679,1.0,,
ed2dbecd8586,LAWYER,include_video,video,,include_video:clip:ed2dbecd8586,data/raw/include_video/Jobs/86. Lawyer/MVI_4752.MOV,data/processed/landmarks/include_video/LAWYER/ed2dbecd8586.npz,63,25.0,2.52,0.8413,1.0,,
5043fb362a13,LAWYER,include_video,video,,include_video:clip:5043fb362a13,data/raw/include_video/Jobs/86. Lawyer/MVI_4753.MOV,data/processed/landmarks/include_video/LAWYER/5043fb362a13.npz,60,25.0,2.4,0.8,1.0,,
0e07d5ddaefc,LAWYER,include_video,video,,include_video:clip:0e07d5ddaefc,data/raw/include_video/Jobs/86. Lawyer/MVI_5318.MOV,data/processed/landmarks/include_video/LAWYER/0e07d5ddaefc.npz,47,25.0,1.88,0.8298,1.0,,
aa2158d9b269,LAWYER,include_video,video,,include_video:clip:aa2158d9b269,data/raw/include_video/Jobs/86. Lawyer/MVI_5319.MOV,data/processed/landmarks/include_video/LAWYER/aa2158d9b269.npz,48,25.0,1.92,0.8542,1.0,,
4ade33362bcf,LAWYER,include_video,video,,include_video:clip:4ade33362bcf,data/raw/include_video/Jobs/86. Lawyer/MVI_5320.MOV,data/processed/landmarks/include_video/LAWYER/4ade33362bcf.npz,47,25.0,1.88,0.8298,1.0,,
8a73bb59c559,LAWYER,include_video,video,,include_video:clip:8a73bb59c559,data/raw/include_video/Jobs/86. Lawyer/MVI_5321.MOV,data/processed/landmarks/include_video/LAWYER/8a73bb59c559.npz,54,25.0,2.16,0.8704,1.0,,
fd9e4fa1be2e,LAWYER,include_video,video,,include_video:clip:fd9e4fa1be2e,data/raw/include_video/Jobs/86. Lawyer/MVI_8871.MP4,data/processed/landmarks/include_video/LAWYER/fd9e4fa1be2e.npz,62,25.0,2.48,0.7903,1.0,,
9d7a448bf644,LAWYER,include_video,video,,include_video:clip:9d7a448bf644,data/raw/include_video/Jobs/86. Lawyer/MVI_8872.MP4,data/processed/landmarks/include_video/LAWYER/9d7a448bf644.npz,52,25.0,2.08,0.7885,1.0,,
7221a160af40,LAWYER,include_video,video,,include_video:clip:7221a160af40,data/raw/include_video/Jobs/86. Lawyer/MVI_8873.MP4,data/processed/landmarks/include_video/LAWYER/7221a160af40.npz,60,25.0,2.4,0.7833,1.0,,
50cd122d5181,LETTER,include_video,video,,include_video:clip:50cd122d5181,data/raw/include_video/Home/41. Letter/MVI_4416.MOV,data/processed/landmarks/include_video/LETTER/50cd122d5181.npz,64,25.0,2.56,0.9062,1.0,,
81720c2b215c,LETTER,include_video,video,,include_video:clip:81720c2b215c,data/raw/include_video/Home/41. Letter/MVI_4417.MOV,data/processed/landmarks/include_video/LETTER/81720c2b215c.npz,63,25.0,2.52,0.9365,1.0,,
b3220816d0dc,LETTER,include_video,video,,include_video:clip:b3220816d0dc,data/raw/include_video/Home/41. Letter/MVI_4418.MOV,data/processed/landmarks/include_video/LETTER/b3220816d0dc.npz,68,25.0,2.72,0.9265,1.0,,
e229747cea0c,LETTER,include_video,video,,include_video:clip:e229747cea0c,data/raw/include_video/Home/41. Letter/MVI_4419.MOV,data/processed/landmarks/include_video/LETTER/e229747cea0c.npz,64,25.0,2.56,0.9375,1.0,,
706ba26218db,LETTER,include_video,video,,include_video:clip:706ba26218db,data/raw/include_video/Home/41. Letter/MVI_4929.MOV,data/processed/landmarks/include_video/LETTER/706ba26218db.npz,50,25.0,2.0,0.6,1.0,,
bfaebcb00a86,LETTER,include_video,video,,include_video:clip:bfaebcb00a86,data/raw/include_video/Home/41. Letter/MVI_4930.MOV,data/processed/landmarks/include_video/LETTER/bfaebcb00a86.npz,52,25.0,2.08,0.8077,1.0,,
0257b326b379,LETTER,include_video,video,,include_video:clip:0257b326b379,data/raw/include_video/Home/41. Letter/MVI_4931.MOV,data/processed/landmarks/include_video/LETTER/0257b326b379.npz,58,25.0,2.32,0.8103,1.0,,
43dc5c745c3d,LETTER,include_video,video,,include_video:clip:43dc5c745c3d,data/raw/include_video/Home/41. Letter/MVI_8822.MP4,data/processed/landmarks/include_video/LETTER/43dc5c745c3d.npz,83,25.0,3.32,0.9157,1.0,,
7ad53247a401,LETTER,include_video,video,,include_video:clip:7ad53247a401,data/raw/include_video/Home/41. Letter/MVI_8823.MP4,data/processed/landmarks/include_video/LETTER/7ad53247a401.npz,80,25.0,3.2,0.9125,1.0,,
babceec4f9e6,LETTER,include_video,video,,include_video:clip:babceec4f9e6,data/raw/include_video/Home/41. Letter/MVI_8824.MP4,data/processed/landmarks/include_video/LETTER/babceec4f9e6.npz,72,25.0,2.88,0.9028,1.0,,
4ff13648c7d1,LETTER,include_video,video,,include_video:clip:4ff13648c7d1,data/raw/include_video/Home/41. Letter/MVI_8825.MP4,data/processed/landmarks/include_video/LETTER/4ff13648c7d1.npz,74,25.0,2.96,0.9054,1.0,,
e12f1f92b60e,LETTER,include_video,video,,include_video:clip:e12f1f92b60e,data/raw/include_video/Home/41. Letter/MVI_9054.MP4,data/processed/landmarks/include_video/LETTER/e12f1f92b60e.npz,75,25.0,3.0,0.96,1.0,,
ef0460eeb6a1,LETTER,include_video,video,,include_video:clip:ef0460eeb6a1,data/raw/include_video/Home/41. Letter/MVI_9055.MP4,data/processed/landmarks/include_video/LETTER/ef0460eeb6a1.npz,74,25.0,2.96,0.9595,1.0,,
8b48c48705d9,LETTER,include_video,video,,include_video:clip:8b48c48705d9,data/raw/include_video/Home/41. Letter/MVI_9056.MP4,data/processed/landmarks/include_video/LETTER/8b48c48705d9.npz,76,25.0,3.04,0.9737,1.0,,
3184a742a5d5,LIGHT,include_video,video,,include_video:clip:3184a742a5d5,data/raw/include_video/Adjectives/36. light/MVI_9711.MOV,data/processed/landmarks/include_video/LIGHT/3184a742a5d5.npz,55,25.0,2.2,0.8,1.0,,
9fdd494a42f4,LIGHT,include_video,video,,include_video:clip:9fdd494a42f4,data/raw/include_video/Adjectives/36. light/MVI_9712.MOV,data/processed/landmarks/include_video/LIGHT/9fdd494a42f4.npz,56,25.0,2.24,0.8214,1.0,,
85331f1f6eb0,LIGHT,include_video,video,,include_video:clip:85331f1f6eb0,data/raw/include_video/Adjectives/36. light/MVI_9713.MOV,data/processed/landmarks/include_video/LIGHT/85331f1f6eb0.npz,60,25.0,2.4,0.8167,1.0,,
2856140bc403,LIGHT,include_video,video,,include_video:clip:2856140bc403,data/raw/include_video/Adjectives/36. light/MVI_9714.MOV,data/processed/landmarks/include_video/LIGHT/2856140bc403.npz,60,25.0,2.4,0.8667,1.0,,
27c620f0d8ea,LIGHT,include_video,video,,include_video:clip:27c620f0d8ea,data/raw/include_video/Adjectives/36. light/MVI_9835.MOV,data/processed/landmarks/include_video/LIGHT/27c620f0d8ea.npz,65,25.0,2.6,0.6462,1.0,,
c6ea9c87feed,LIGHT,include_video,video,,include_video:clip:c6ea9c87feed,data/raw/include_video/Adjectives/36. light/MVI_9836.MOV,data/processed/landmarks/include_video/LIGHT/c6ea9c87feed.npz,63,25.0,2.52,0.7143,1.0,,
ef7e2508ccba,LIGHT,include_video,video,,include_video:clip:ef7e2508ccba,data/raw/include_video/Adjectives/36. light/MVI_9837.MOV,data/processed/landmarks/include_video/LIGHT/ef7e2508ccba.npz,63,25.0,2.52,0.6508,1.0,,
5dd96fbb3e88,LIGHT,include_video,video,,include_video:clip:5dd96fbb3e88,data/raw/include_video/Adjectives/36. light/MVI_9838.MOV,data/processed/landmarks/include_video/LIGHT/5dd96fbb3e88.npz,60,25.0,2.4,0.6667,1.0,,
e0ba65309b55,LOCK,include_video,video,,include_video:clip:e0ba65309b55,data/raw/include_video/Home/43. Lock/MVI_4424.MOV,data/processed/landmarks/include_video/LOCK/e0ba65309b55.npz,48,25.0,1.92,0.7708,1.0,,
77c966f8f69e,LOCK,include_video,video,,include_video:clip:77c966f8f69e,data/raw/include_video/Home/43. Lock/MVI_4425.MOV,data/processed/landmarks/include_video/LOCK/77c966f8f69e.npz,48,25.0,1.92,0.7917,1.0,,
101819963d7d,LOCK,include_video,video,,include_video:clip:101819963d7d,data/raw/include_video/Home/43. Lock/MVI_4426.MOV,data/processed/landmarks/include_video/LOCK/101819963d7d.npz,49,25.0,1.96,0.7755,1.0,,
4ae59a27c08c,LOCK,include_video,video,,include_video:clip:4ae59a27c08c,data/raw/include_video/Home/43. Lock/MVI_4427.MOV,data/processed/landmarks/include_video/LOCK/4ae59a27c08c.npz,52,25.0,2.08,0.8269,1.0,,
bdb3bee8379a,LOCK,include_video,video,,include_video:clip:bdb3bee8379a,data/raw/include_video/Home/43. Lock/MVI_4935.MOV,data/processed/landmarks/include_video/LOCK/bdb3bee8379a.npz,51,25.0,2.04,0.4118,1.0,low_hand_detection,
6f8faa0bca3b,LOCK,include_video,video,,include_video:clip:6f8faa0bca3b,data/raw/include_video/Home/43. Lock/MVI_4936.MOV,data/processed/landmarks/include_video/LOCK/6f8faa0bca3b.npz,57,25.0,2.28,0.7368,1.0,,
61896971daf0,LOCK,include_video,video,,include_video:clip:61896971daf0,data/raw/include_video/Home/43. Lock/MVI_4937.MOV,data/processed/landmarks/include_video/LOCK/61896971daf0.npz,50,25.0,2.0,0.78,1.0,,
b0d9a4930ed7,LOCK,include_video,video,,include_video:clip:b0d9a4930ed7,data/raw/include_video/Home/43. Lock/MVI_8830.MP4,data/processed/landmarks/include_video/LOCK/b0d9a4930ed7.npz,62,25.0,2.48,0.7903,1.0,,
089bc41d21da,LOCK,include_video,video,,include_video:clip:089bc41d21da,data/raw/include_video/Home/43. Lock/MVI_8831.MP4,data/processed/landmarks/include_video/LOCK/089bc41d21da.npz,69,25.0,2.76,0.8116,1.0,,
92c6d02a0667,LOCK,include_video,video,,include_video:clip:92c6d02a0667,data/raw/include_video/Home/43. Lock/MVI_8832.MP4,data/processed/landmarks/include_video/LOCK/92c6d02a0667.npz,61,25.0,2.44,0.7869,1.0,,
e84591e34254,LOCK,include_video,video,,include_video:clip:e84591e34254,data/raw/include_video/Home/43. Lock/MVI_8833.MP4,data/processed/landmarks/include_video/LOCK/e84591e34254.npz,62,25.0,2.48,0.8226,1.0,,
d2609a112641,LOCK,include_video,video,,include_video:clip:d2609a112641,data/raw/include_video/Home/43. Lock/MVI_9060.MP4,data/processed/landmarks/include_video/LOCK/d2609a112641.npz,61,25.0,2.44,0.7869,1.0,,
f6162128459f,LOCK,include_video,video,,include_video:clip:f6162128459f,data/raw/include_video/Home/43. Lock/MVI_9061.MP4,data/processed/landmarks/include_video/LOCK/f6162128459f.npz,63,25.0,2.52,0.7937,1.0,,
a38684fe6e53,LOCK,include_video,video,,include_video:clip:a38684fe6e53,data/raw/include_video/Home/43. Lock/MVI_9062.MP4,data/processed/landmarks/include_video/LOCK/a38684fe6e53.npz,65,25.0,2.6,0.7538,1.0,,
10ef9944aa56,LONG,include_video,video,,include_video:clip:10ef9944aa56,data/raw/include_video/Adjectives/78. long/MVI_5106.MOV,data/processed/landmarks/include_video/LONG/10ef9944aa56.npz,68,25.0,2.72,0.9265,1.0,,
518ed73ec0e4,LONG,include_video,video,,include_video:clip:518ed73ec0e4,data/raw/include_video/Adjectives/78. long/MVI_5107.MOV,data/processed/landmarks/include_video/LONG/518ed73ec0e4.npz,71,25.0,2.84,0.9155,1.0,,
aa7eb4877ba5,LONG,include_video,video,,include_video:clip:aa7eb4877ba5,data/raw/include_video/Adjectives/78. long/MVI_5108.MOV,data/processed/landmarks/include_video/LONG/aa7eb4877ba5.npz,78,25.0,3.12,0.8974,1.0,,
7af6e8640559,LONG,include_video,video,,include_video:clip:7af6e8640559,data/raw/include_video/Adjectives/78. long/MVI_5186.MOV,data/processed/landmarks/include_video/LONG/7af6e8640559.npz,64,25.0,2.56,0.9062,1.0,,
4365f64f80c8,LONG,include_video,video,,include_video:clip:4365f64f80c8,data/raw/include_video/Adjectives/78. long/MVI_5187.MOV,data/processed/landmarks/include_video/LONG/4365f64f80c8.npz,60,25.0,2.4,0.8833,1.0,,
5025fe3128d4,LONG,include_video,video,,include_video:clip:5025fe3128d4,data/raw/include_video/Adjectives/78. long/MVI_5188.MOV,data/processed/landmarks/include_video/LONG/5025fe3128d4.npz,51,25.0,2.04,0.7843,1.0,,
e5d16003308b,LONG,include_video,video,,include_video:clip:e5d16003308b,data/raw/include_video/Adjectives/78. long/MVI_5266.MOV,data/processed/landmarks/include_video/LONG/e5d16003308b.npz,69,25.0,2.76,0.9275,1.0,,
064dd71718d6,LONG,include_video,video,,include_video:clip:064dd71718d6,data/raw/include_video/Adjectives/78. long/MVI_5267.MOV,data/processed/landmarks/include_video/LONG/064dd71718d6.npz,62,25.0,2.48,0.9355,1.0,,
124d9e05f5c1,LONG,include_video,video,,include_video:clip:124d9e05f5c1,data/raw/include_video/Adjectives/78. long/MVI_5268.MOV,data/processed/landmarks/include_video/LONG/124d9e05f5c1.npz,60,25.0,2.4,0.9667,1.0,,
005d4c265ee4,LONG,include_video,video,,include_video:clip:005d4c265ee4,data/raw/include_video/Adjectives/78. long/MVI_9217.MOV,data/processed/landmarks/include_video/LONG/005d4c265ee4.npz,52,25.0,2.08,0.7692,1.0,,
c6decf227600,LONG,include_video,video,,include_video:clip:c6decf227600,data/raw/include_video/Adjectives/78. long/MVI_9218.MOV,data/processed/landmarks/include_video/LONG/c6decf227600.npz,53,25.0,2.12,0.8302,1.0,,
22be5ccea814,LONG,include_video,video,,include_video:clip:22be5ccea814,data/raw/include_video/Adjectives/78. long/MVI_9219.MOV,data/processed/landmarks/include_video/LONG/22be5ccea814.npz,53,25.0,2.12,0.7925,1.0,,
28f4265690c8,LONG,include_video,video,,include_video:clip:28f4265690c8,data/raw/include_video/Adjectives/78. long/MVI_9298.MOV,data/processed/landmarks/include_video/LONG/28f4265690c8.npz,53,25.0,2.12,0.8302,1.0,,
71c915da08e5,LONG,include_video,video,,include_video:clip:71c915da08e5,data/raw/include_video/Adjectives/78. long/MVI_9299.MOV,data/processed/landmarks/include_video/LONG/71c915da08e5.npz,50,25.0,2.0,0.8,1.0,,
b4b14dc1fa31,LONG,include_video,video,,include_video:clip:b4b14dc1fa31,data/raw/include_video/Adjectives/78. long/MVI_9300.MOV,data/processed/landmarks/include_video/LONG/b4b14dc1fa31.npz,56,25.0,2.24,0.9107,1.0,,
0b672745eacc,LONG,include_video,video,,include_video:clip:0b672745eacc,data/raw/include_video/Adjectives/78. long/MVI_9377.MOV,data/processed/landmarks/include_video/LONG/0b672745eacc.npz,53,25.0,2.12,0.9245,1.0,,
628ee117fef1,LONG,include_video,video,,include_video:clip:628ee117fef1,data/raw/include_video/Adjectives/78. long/MVI_9378.MOV,data/processed/landmarks/include_video/LONG/628ee117fef1.npz,52,25.0,2.08,0.8462,1.0,,
3bd859bbbab4,LONG,include_video,video,,include_video:clip:3bd859bbbab4,data/raw/include_video/Adjectives/78. long/MVI_9379.MOV,data/processed/landmarks/include_video/LONG/3bd859bbbab4.npz,52,25.0,2.08,0.8269,1.0,,
48bac4757285,LONG,include_video,video,,include_video:clip:48bac4757285,data/raw/include_video/Adjectives/78. long/MVI_9458.MOV,data/processed/landmarks/include_video/LONG/48bac4757285.npz,56,25.0,2.24,0.875,1.0,,
095bd4fb26b2,LONG,include_video,video,,include_video:clip:095bd4fb26b2,data/raw/include_video/Adjectives/78. long/MVI_9459.MOV,data/processed/landmarks/include_video/LONG/095bd4fb26b2.npz,51,25.0,2.04,0.8235,1.0,,
e5aa41de8633,LONG,include_video,video,,include_video:clip:e5aa41de8633,data/raw/include_video/Adjectives/78. long/MVI_9460.MOV,data/processed/landmarks/include_video/LONG/e5aa41de8633.npz,52,25.0,2.08,0.8269,1.0,,
301a50374672,LOOSE,include_video,video,,include_video:clip:301a50374672,data/raw/include_video/Adjectives/22. loose/MVI_9650.MOV,data/processed/landmarks/include_video/LOOSE/301a50374672.npz,66,25.0,2.64,0.8485,1.0,,
a0bc882d2325,LOOSE,include_video,video,,include_video:clip:a0bc882d2325,data/raw/include_video/Adjectives/22. loose/MVI_9651.MOV,data/processed/landmarks/include_video/LOOSE/a0bc882d2325.npz,64,25.0,2.56,0.8438,1.0,,
5a8d1d3eb27b,LOOSE,include_video,video,,include_video:clip:5a8d1d3eb27b,data/raw/include_video/Adjectives/22. loose/MVI_9652.MOV,data/processed/landmarks/include_video/LOOSE/5a8d1d3eb27b.npz,66,25.0,2.64,0.8182,1.0,,
2f0d403e69fc,LOOSE,include_video,video,,include_video:clip:2f0d403e69fc,data/raw/include_video/Adjectives/22. loose/MVI_9653.MOV,data/processed/landmarks/include_video/LOOSE/2f0d403e69fc.npz,72,25.0,2.88,0.9167,1.0,,
77acbf0576ac,LOOSE,include_video,video,,include_video:clip:77acbf0576ac,data/raw/include_video/Adjectives/22. loose/MVI_9775.MOV,data/processed/landmarks/include_video/LOOSE/77acbf0576ac.npz,67,25.0,2.68,0.8806,1.0,,
6423a9a04d31,LOOSE,include_video,video,,include_video:clip:6423a9a04d31,data/raw/include_video/Adjectives/22. loose/MVI_9776.MOV,data/processed/landmarks/include_video/LOOSE/6423a9a04d31.npz,73,25.0,2.92,0.9452,1.0,,
d5f56f166ce9,LOOSE,include_video,video,,include_video:clip:d5f56f166ce9,data/raw/include_video/Adjectives/22. loose/MVI_9777.MOV,data/processed/landmarks/include_video/LOOSE/d5f56f166ce9.npz,70,25.0,2.8,0.9143,1.0,,
5d66a31c0a81,LOOSE,include_video,video,,include_video:clip:5d66a31c0a81,data/raw/include_video/Adjectives/22. loose/MVI_9778.MOV,data/processed/landmarks/include_video/LOOSE/5d66a31c0a81.npz,69,25.0,2.76,0.8841,1.0,,
e5068efe677a,LOUD,include_video,video,,include_video:clip:e5068efe677a,data/raw/include_video/Adjectives/1. loud/MVI_5177.MOV,data/processed/landmarks/include_video/LOUD/e5068efe677a.npz,56,25.0,2.24,0.8571,1.0,,
f2e59837d23e,LOUD,include_video,video,,include_video:clip:f2e59837d23e,data/raw/include_video/Adjectives/1. loud/MVI_5178.MOV,data/processed/landmarks/include_video/LOUD/f2e59837d23e.npz,64,25.0,2.56,0.875,1.0,,
1fd3fa1349eb,LOUD,include_video,video,,include_video:clip:1fd3fa1349eb,data/raw/include_video/Adjectives/1. loud/MVI_5179.MOV,data/processed/landmarks/include_video/LOUD/1fd3fa1349eb.npz,66,25.0,2.64,0.8939,1.0,,
24b56181f0c3,LOUD,include_video,video,,include_video:clip:24b56181f0c3,data/raw/include_video/Adjectives/1. loud/MVI_5257.MOV,data/processed/landmarks/include_video/LOUD/24b56181f0c3.npz,52,25.0,2.08,0.8462,1.0,,
871823c09144,LOUD,include_video,video,,include_video:clip:871823c09144,data/raw/include_video/Adjectives/1. loud/MVI_5258.MOV,data/processed/landmarks/include_video/LOUD/871823c09144.npz,76,25.0,3.04,0.8947,1.0,,
72de6621053c,LOUD,include_video,video,,include_video:clip:72de6621053c,data/raw/include_video/Adjectives/1. loud/MVI_5259.MOV,data/processed/landmarks/include_video/LOUD/72de6621053c.npz,64,25.0,2.56,0.875,1.0,,
3b7e29406fe0,LOUD,include_video,video,,include_video:clip:3b7e29406fe0,data/raw/include_video/Adjectives/1. loud/MVI_5335.MOV,data/processed/landmarks/include_video/LOUD/3b7e29406fe0.npz,45,25.0,1.8,0.8667,1.0,,
26467fb1c706,LOUD,include_video,video,,include_video:clip:26467fb1c706,data/raw/include_video/Adjectives/1. loud/MVI_5336.MOV,data/processed/landmarks/include_video/LOUD/26467fb1c706.npz,42,25.0,1.68,0.8095,1.0,,
f986cc18bd24,LOUD,include_video,video,,include_video:clip:f986cc18bd24,data/raw/include_video/Adjectives/1. loud/MVI_5337.MOV,data/processed/landmarks/include_video/LOUD/f986cc18bd24.npz,48,25.0,1.92,0.8542,1.0,,
1a80976e1138,LOUD,include_video,video,,include_video:clip:1a80976e1138,data/raw/include_video/Adjectives/1. loud/MVI_9289.MOV,data/processed/landmarks/include_video/LOUD/1a80976e1138.npz,55,25.0,2.2,0.8364,1.0,,
4ced94aabaa8,LOUD,include_video,video,,include_video:clip:4ced94aabaa8,data/raw/include_video/Adjectives/1. loud/MVI_9290.MOV,data/processed/landmarks/include_video/LOUD/4ced94aabaa8.npz,64,25.0,2.56,0.8594,1.0,,
d32cf59d4019,LOUD,include_video,video,,include_video:clip:d32cf59d4019,data/raw/include_video/Adjectives/1. loud/MVI_9291.MOV,data/processed/landmarks/include_video/LOUD/d32cf59d4019.npz,63,25.0,2.52,0.873,1.0,,
0468bfc300cb,LOUD,include_video,video,,include_video:clip:0468bfc300cb,data/raw/include_video/Adjectives/1. loud/MVI_9368.MOV,data/processed/landmarks/include_video/LOUD/0468bfc300cb.npz,47,25.0,1.88,0.8298,1.0,,
2893e4b1ef8b,LOUD,include_video,video,,include_video:clip:2893e4b1ef8b,data/raw/include_video/Adjectives/1. loud/MVI_9369.MOV,data/processed/landmarks/include_video/LOUD/2893e4b1ef8b.npz,48,25.0,1.92,0.7708,1.0,,
0c61a3288e3f,LOUD,include_video,video,,include_video:clip:0c61a3288e3f,data/raw/include_video/Adjectives/1. loud/MVI_9370.MOV,data/processed/landmarks/include_video/LOUD/0c61a3288e3f.npz,46,25.0,1.84,0.7174,1.0,,
a7c19b5072b3,LOUD,include_video,video,,include_video:clip:a7c19b5072b3,data/raw/include_video/Adjectives/1. loud/MVI_9448.MOV,data/processed/landmarks/include_video/LOUD/a7c19b5072b3.npz,56,25.0,2.24,0.75,1.0,,
a5c1a279fd92,LOUD,include_video,video,,include_video:clip:a5c1a279fd92,data/raw/include_video/Adjectives/1. loud/MVI_9449.MOV,data/processed/landmarks/include_video/LOUD/a5c1a279fd92.npz,47,25.0,1.88,0.7447,1.0,,
2a0b84601d23,LOUD,include_video,video,,include_video:clip:2a0b84601d23,data/raw/include_video/Adjectives/1. loud/MVI_9450.MOV,data/processed/landmarks/include_video/LOUD/2a0b84601d23.npz,50,25.0,2.0,0.8,1.0,,
f567750b3ec7,LOUD,include_video,video,,include_video:clip:f567750b3ec7,data/raw/include_video/Adjectives/1. loud/MVI_9534.MOV,data/processed/landmarks/include_video/LOUD/f567750b3ec7.npz,56,25.0,2.24,0.875,1.0,,
7353fe575f65,LOUD,include_video,video,,include_video:clip:7353fe575f65,data/raw/include_video/Adjectives/1. loud/MVI_9535.MOV,data/processed/landmarks/include_video/LOUD/7353fe575f65.npz,65,25.0,2.6,0.9692,1.0,,
f51d27aba01e,LOUD,include_video,video,,include_video:clip:f51d27aba01e,data/raw/include_video/Adjectives/1. loud/MVI_9536.MOV,data/processed/landmarks/include_video/LOUD/f51d27aba01e.npz,57,25.0,2.28,0.9649,1.0,,
51afd32ac636,LOW,include_video,video,,include_video:clip:51afd32ac636,data/raw/include_video/Adjectives/24. low/MVI_9658.MOV,data/processed/landmarks/include_video/LOW/51afd32ac636.npz,64,25.0,2.56,1.0,1.0,,
2ff6eb27a5e2,LOW,include_video,video,,include_video:clip:2ff6eb27a5e2,data/raw/include_video/Adjectives/24. low/MVI_9659.MOV,data/processed/landmarks/include_video/LOW/2ff6eb27a5e2.npz,59,25.0,2.36,1.0,1.0,,
830fa8ea1776,LOW,include_video,video,,include_video:clip:830fa8ea1776,data/raw/include_video/Adjectives/24. low/MVI_9660.MOV,data/processed/landmarks/include_video/LOW/830fa8ea1776.npz,63,25.0,2.52,1.0,1.0,,
5f079f3d88fe,LOW,include_video,video,,include_video:clip:5f079f3d88fe,data/raw/include_video/Adjectives/24. low/MVI_9661.MOV,data/processed/landmarks/include_video/LOW/5f079f3d88fe.npz,62,25.0,2.48,1.0,1.0,,
426d8d12d0d2,LOW,include_video,video,,include_video:clip:426d8d12d0d2,data/raw/include_video/Adjectives/24. low/MVI_9784.MOV,data/processed/landmarks/include_video/LOW/426d8d12d0d2.npz,56,25.0,2.24,1.0,1.0,,
aaae8c1ba7b0,LOW,include_video,video,,include_video:clip:aaae8c1ba7b0,data/raw/include_video/Adjectives/24. low/MVI_9785.MOV,data/processed/landmarks/include_video/LOW/aaae8c1ba7b0.npz,53,25.0,2.12,1.0,1.0,,
4e4168c7f678,LOW,include_video,video,,include_video:clip:4e4168c7f678,data/raw/include_video/Adjectives/24. low/MVI_9786.MOV,data/processed/landmarks/include_video/LOW/4e4168c7f678.npz,53,25.0,2.12,1.0,1.0,,
263d8d75b3f3,LOW,include_video,video,,include_video:clip:263d8d75b3f3,data/raw/include_video/Adjectives/24. low/MVI_9787.MOV,data/processed/landmarks/include_video/LOW/263d8d75b3f3.npz,60,25.0,2.4,1.0,1.0,,
17bbec0f294e,MALE,include_video,video,,include_video:clip:17bbec0f294e,data/raw/include_video/Adjectives/19. male/MVI_9637.MOV,data/processed/landmarks/include_video/MALE/17bbec0f294e.npz,59,25.0,2.36,1.0,1.0,,
91060ad96352,MALE,include_video,video,,include_video:clip:91060ad96352,data/raw/include_video/Adjectives/19. male/MVI_9638.MOV,data/processed/landmarks/include_video/MALE/91060ad96352.npz,80,25.0,3.2,1.0,1.0,,
e4c41ed10fcf,MALE,include_video,video,,include_video:clip:e4c41ed10fcf,data/raw/include_video/Adjectives/19. male/MVI_9639.MOV,data/processed/landmarks/include_video/MALE/e4c41ed10fcf.npz,60,25.0,2.4,1.0,1.0,,
de125a282340,MALE,include_video,video,,include_video:clip:de125a282340,data/raw/include_video/Adjectives/19. male/MVI_9640.MOV,data/processed/landmarks/include_video/MALE/de125a282340.npz,73,25.0,2.92,1.0,1.0,,
0196275b03d4,MALE,include_video,video,,include_video:clip:0196275b03d4,data/raw/include_video/Adjectives/19. male/MVI_9763.MOV,data/processed/landmarks/include_video/MALE/0196275b03d4.npz,61,25.0,2.44,1.0,1.0,,
3079fe736329,MALE,include_video,video,,include_video:clip:3079fe736329,data/raw/include_video/Adjectives/19. male/MVI_9764.MOV,data/processed/landmarks/include_video/MALE/3079fe736329.npz,61,25.0,2.44,1.0,1.0,,
0be2ae89bcf9,MALE,include_video,video,,include_video:clip:0be2ae89bcf9,data/raw/include_video/Adjectives/19. male/MVI_9765.MOV,data/processed/landmarks/include_video/MALE/0be2ae89bcf9.npz,54,25.0,2.16,1.0,1.0,,
b6afea0cbbdf,MALE,include_video,video,,include_video:clip:b6afea0cbbdf,data/raw/include_video/Adjectives/19. male/MVI_9766.MOV,data/processed/landmarks/include_video/MALE/b6afea0cbbdf.npz,52,25.0,2.08,1.0,1.0,,
83190afb8c91,MANAGER,include_video,video,,include_video:clip:83190afb8c91,data/raw/include_video/Jobs/96. Manager/MVI_4508.MOV,data/processed/landmarks/include_video/MANAGER/83190afb8c91.npz,100,25.0,4.0,0.69,0.9,,
c407d0211d0a,MANAGER,include_video,video,,include_video:clip:c407d0211d0a,data/raw/include_video/Jobs/96. Manager/MVI_4509.MOV,data/processed/landmarks/include_video/MANAGER/c407d0211d0a.npz,91,25.0,3.64,0.7473,0.978,,
8b1496de425a,MANAGER,include_video,video,,include_video:clip:8b1496de425a,data/raw/include_video/Jobs/96. Manager/MVI_4510.MOV,data/processed/landmarks/include_video/MANAGER/8b1496de425a.npz,104,25.0,4.16,0.7404,0.9808,,
5b1236095349,MANAGER,include_video,video,,include_video:clip:5b1236095349,data/raw/include_video/Jobs/96. Manager/MVI_4511.MOV,data/processed/landmarks/include_video/MANAGER/5b1236095349.npz,85,25.0,3.4,0.7647,1.0,,
ccf54ae3e894,MANAGER,include_video,video,,include_video:clip:ccf54ae3e894,data/raw/include_video/Jobs/96. Manager/MVI_4785.MOV,data/processed/landmarks/include_video/MANAGER/ccf54ae3e894.npz,80,25.0,3.2,0.875,1.0,,
54d061cfcb2a,MANAGER,include_video,video,,include_video:clip:54d061cfcb2a,data/raw/include_video/Jobs/96. Manager/MVI_4786.MOV,data/processed/landmarks/include_video/MANAGER/54d061cfcb2a.npz,79,25.0,3.16,0.6582,1.0,,
300d58bf49a8,MANAGER,include_video,video,,include_video:clip:300d58bf49a8,data/raw/include_video/Jobs/96. Manager/MVI_4787.MOV,data/processed/landmarks/include_video/MANAGER/300d58bf49a8.npz,83,25.0,3.32,0.7952,1.0,,
6c126e48f8fd,MANAGER,include_video,video,,include_video:clip:6c126e48f8fd,data/raw/include_video/Jobs/96. Manager/MVI_5362.MOV,data/processed/landmarks/include_video/MANAGER/6c126e48f8fd.npz,97,25.0,3.88,0.8557,1.0,,
cd31022a5de4,MANAGER,include_video,video,,include_video:clip:cd31022a5de4,data/raw/include_video/Jobs/96. Manager/MVI_5363.MOV,data/processed/landmarks/include_video/MANAGER/cd31022a5de4.npz,93,25.0,3.72,0.871,1.0,,
7669422ccb42,MANAGER,include_video,video,,include_video:clip:7669422ccb42,data/raw/include_video/Jobs/96. Manager/MVI_5364.MOV,data/processed/landmarks/include_video/MANAGER/7669422ccb42.npz,87,25.0,3.48,0.8966,1.0,,
bb54d4825b89,MANAGER,include_video,video,,include_video:clip:bb54d4825b89,data/raw/include_video/Jobs/96. Manager/MVI_5365.MOV,data/processed/landmarks/include_video/MANAGER/bb54d4825b89.npz,110,25.0,4.4,0.9455,1.0,,
2cbd25d40353,MANAGER,include_video,video,,include_video:clip:2cbd25d40353,data/raw/include_video/Jobs/96. Manager/MVI_8914.MP4,data/processed/landmarks/include_video/MANAGER/2cbd25d40353.npz,73,25.0,2.92,0.8219,1.0,,
7d7eefe0cef4,MANAGER,include_video,video,,include_video:clip:7d7eefe0cef4,data/raw/include_video/Jobs/96. Manager/MVI_8915.MP4,data/processed/landmarks/include_video/MANAGER/7d7eefe0cef4.npz,75,25.0,3.0,0.7333,1.0,,
5c8ce73cb826,MANAGER,include_video,video,,include_video:clip:5c8ce73cb826,data/raw/include_video/Jobs/96. Manager/MVI_8916.MP4,data/processed/landmarks/include_video/MANAGER/5c8ce73cb826.npz,83,25.0,3.32,0.8072,1.0,,
a8f4cd465d41,MEAN,include_video,video,,include_video:clip:a8f4cd465d41,data/raw/include_video/Adjectives/10. Mean/MVI_9592.MOV,data/processed/landmarks/include_video/MEAN/a8f4cd465d41.npz,56,25.0,2.24,1.0,1.0,,
10d37609d3ae,MEAN,include_video,video,,include_video:clip:10d37609d3ae,data/raw/include_video/Adjectives/10. Mean/MVI_9593.MOV,data/processed/landmarks/include_video/MEAN/10d37609d3ae.npz,47,25.0,1.88,1.0,1.0,,
2f77152f0650,MEAN,include_video,video,,include_video:clip:2f77152f0650,data/raw/include_video/Adjectives/10. Mean/MVI_9594.MOV,data/processed/landmarks/include_video/MEAN/2f77152f0650.npz,49,25.0,1.96,1.0,1.0,,
997399db1ab4,MEAN,include_video,video,,include_video:clip:997399db1ab4,data/raw/include_video/Adjectives/10. Mean/MVI_9595.MOV,data/processed/landmarks/include_video/MEAN/997399db1ab4.npz,54,25.0,2.16,1.0,1.0,,
92524a413eb2,MEAN,include_video,video,,include_video:clip:92524a413eb2,data/raw/include_video/Adjectives/10. Mean/MVI_9729.MOV,data/processed/landmarks/include_video/MEAN/92524a413eb2.npz,69,25.0,2.76,1.0,1.0,,
c9e58ff122b6,MEAN,include_video,video,,include_video:clip:c9e58ff122b6,data/raw/include_video/Adjectives/10. Mean/MVI_9730.MOV,data/processed/landmarks/include_video/MEAN/c9e58ff122b6.npz,63,25.0,2.52,1.0,1.0,,
e2e09996ca65,MEAN,include_video,video,,include_video:clip:e2e09996ca65,data/raw/include_video/Adjectives/10. Mean/MVI_9731.MOV,data/processed/landmarks/include_video/MEAN/e2e09996ca65.npz,57,25.0,2.28,1.0,1.0,,
1219058036d4,MEAN,include_video,video,,include_video:clip:1219058036d4,data/raw/include_video/Adjectives/10. Mean/MVI_9732.MOV,data/processed/landmarks/include_video/MEAN/1219058036d4.npz,58,25.0,2.32,1.0,1.0,,
f8622c2f870d,MINUTE,include_video,video,,include_video:clip:f8622c2f870d,data/raw/include_video/Days_and_Time/80. Minute/MVI_4643.MOV,data/processed/landmarks/include_video/MINUTE/f8622c2f870d.npz,56,25.0,2.24,0.9643,1.0,,
fd45abee299e,MINUTE,include_video,video,,include_video:clip:fd45abee299e,data/raw/include_video/Days_and_Time/80. Minute/MVI_4644.MOV,data/processed/landmarks/include_video/MINUTE/fd45abee299e.npz,57,25.0,2.28,1.0,0.9298,,
d7b4bbebd407,MINUTE,include_video,video,,include_video:clip:d7b4bbebd407,data/raw/include_video/Days_and_Time/80. Minute/MVI_4645.MOV,data/processed/landmarks/include_video/MINUTE/d7b4bbebd407.npz,63,25.0,2.52,1.0,0.9841,,
62834b0255cc,MINUTE,include_video,video,,include_video:clip:62834b0255cc,data/raw/include_video/Days_and_Time/80. Minute/MVI_4646.MOV,data/processed/landmarks/include_video/MINUTE/62834b0255cc.npz,61,25.0,2.44,0.9016,0.9836,,
fd6693b78dbf,MINUTE,include_video,video,,include_video:clip:fd6693b78dbf,data/raw/include_video/Days_and_Time/80. Minute/MVI_5053.MOV,data/processed/landmarks/include_video/MINUTE/fd6693b78dbf.npz,49,25.0,1.96,0.449,1.0,low_hand_detection,
5e031a6841bd,MINUTE,include_video,video,,include_video:clip:5e031a6841bd,data/raw/include_video/Days_and_Time/80. Minute/MVI_5054.MOV,data/processed/landmarks/include_video/MINUTE/5e031a6841bd.npz,49,25.0,1.96,0.551,1.0,,
ce0494168c35,MINUTE,include_video,video,,include_video:clip:ce0494168c35,data/raw/include_video/Days_and_Time/80. Minute/MVI_5055.MOV,data/processed/landmarks/include_video/MINUTE/ce0494168c35.npz,48,25.0,1.92,0.5833,1.0,,
e223aa3725df,MINUTE,include_video,video,,include_video:clip:e223aa3725df,data/raw/include_video/Days_and_Time/80. Minute/MVI_5499.MOV,data/processed/landmarks/include_video/MINUTE/e223aa3725df.npz,40,25.0,1.6,1.0,1.0,,
05b0e2cfb6b2,MINUTE,include_video,video,,include_video:clip:05b0e2cfb6b2,data/raw/include_video/Days_and_Time/80. Minute/MVI_5500.MOV,data/processed/landmarks/include_video/MINUTE/05b0e2cfb6b2.npz,36,25.0,1.44,1.0,1.0,,
b342cd5f7281,MINUTE,include_video,video,,include_video:clip:b342cd5f7281,data/raw/include_video/Days_and_Time/80. Minute/MVI_5501.MOV,data/processed/landmarks/include_video/MINUTE/b342cd5f7281.npz,36,25.0,1.44,1.0,1.0,,
a2f36bdddb93,MINUTE,include_video,video,,include_video:clip:a2f36bdddb93,data/raw/include_video/Days_and_Time/80. Minute/MVI_5502.MOV,data/processed/landmarks/include_video/MINUTE/a2f36bdddb93.npz,37,25.0,1.48,1.0,1.0,,
cd5214bcb26a,MINUTE,include_video,video,,include_video:clip:cd5214bcb26a,data/raw/include_video/Days_and_Time/80. Minute/MVI_9182.MP4,data/processed/landmarks/include_video/MINUTE/cd5214bcb26a.npz,68,25.0,2.72,1.0,1.0,,
270dade18d7f,MINUTE,include_video,video,,include_video:clip:270dade18d7f,data/raw/include_video/Days_and_Time/80. Minute/MVI_9183.MP4,data/processed/landmarks/include_video/MINUTE/270dade18d7f.npz,65,25.0,2.6,1.0,1.0,,
48e7cc954284,MINUTE,include_video,video,,include_video:clip:48e7cc954284,data/raw/include_video/Days_and_Time/80. Minute/MVI_9184.MP4,data/processed/landmarks/include_video/MINUTE/48e7cc954284.npz,61,25.0,2.44,1.0,1.0,,
5e65ccf5e834,MONDAY,include_video,video,,include_video:clip:5e65ccf5e834,data/raw/include_video/Days_and_Time/67. Monday/MVI_4591.MOV,data/processed/landmarks/include_video/MONDAY/5e65ccf5e834.npz,57,25.0,2.28,0.7895,1.0,,
f76b98334e11,MONDAY,include_video,video,,include_video:clip:f76b98334e11,data/raw/include_video/Days_and_Time/67. Monday/MVI_4592.MOV,data/processed/landmarks/include_video/MONDAY/f76b98334e11.npz,54,25.0,2.16,0.7778,1.0,,
cb5d1445f53f,MONDAY,include_video,video,,include_video:clip:cb5d1445f53f,data/raw/include_video/Days_and_Time/67. Monday/MVI_4593.MOV,data/processed/landmarks/include_video/MONDAY/cb5d1445f53f.npz,60,25.0,2.4,0.8,1.0,,
eafc02f87433,MONDAY,include_video,video,,include_video:clip:eafc02f87433,data/raw/include_video/Days_and_Time/67. Monday/MVI_4594.MOV,data/processed/landmarks/include_video/MONDAY/eafc02f87433.npz,59,25.0,2.36,0.8136,1.0,,
31c91414ba30,MONDAY,include_video,video,,include_video:clip:31c91414ba30,data/raw/include_video/Days_and_Time/67. Monday/MVI_5009.MOV,data/processed/landmarks/include_video/MONDAY/31c91414ba30.npz,47,25.0,1.88,0.6596,1.0,,
074c278c0fd4,MONDAY,include_video,video,,include_video:clip:074c278c0fd4,data/raw/include_video/Days_and_Time/67. Monday/MVI_5010.MOV,data/processed/landmarks/include_video/MONDAY/074c278c0fd4.npz,47,25.0,1.88,0.8085,1.0,,
00a09f63532c,MONDAY,include_video,video,,include_video:clip:00a09f63532c,data/raw/include_video/Days_and_Time/67. Monday/MVI_5011.MOV,data/processed/landmarks/include_video/MONDAY/00a09f63532c.npz,54,25.0,2.16,0.7593,1.0,,
07460ee5bf37,MONDAY,include_video,video,,include_video:clip:07460ee5bf37,data/raw/include_video/Days_and_Time/67. Monday/MVI_5446.MOV,data/processed/landmarks/include_video/MONDAY/07460ee5bf37.npz,52,25.0,2.08,0.8077,1.0,,
56bc3b19cfdd,MONDAY,include_video,video,,include_video:clip:56bc3b19cfdd,data/raw/include_video/Days_and_Time/67. Monday/MVI_5447.MOV,data/processed/landmarks/include_video/MONDAY/56bc3b19cfdd.npz,53,25.0,2.12,0.8113,1.0,,
3e84dcf781b7,MONDAY,include_video,video,,include_video:clip:3e84dcf781b7,data/raw/include_video/Days_and_Time/67. Monday/MVI_5448.MOV,data/processed/landmarks/include_video/MONDAY/3e84dcf781b7.npz,54,25.0,2.16,0.8519,1.0,,
5c993a05265d,MONDAY,include_video,video,,include_video:clip:5c993a05265d,data/raw/include_video/Days_and_Time/67. Monday/MVI_5449.MOV,data/processed/landmarks/include_video/MONDAY/5c993a05265d.npz,51,25.0,2.04,0.8235,1.0,,
89f9bf4fb605,MONDAY,include_video,video,,include_video:clip:89f9bf4fb605,data/raw/include_video/Days_and_Time/67. Monday/MVI_9142.MP4,data/processed/landmarks/include_video/MONDAY/89f9bf4fb605.npz,63,25.0,2.52,0.8095,1.0,,
7b2016ba04cb,MONDAY,include_video,video,,include_video:clip:7b2016ba04cb,data/raw/include_video/Days_and_Time/67. Monday/MVI_9143.MP4,data/processed/landmarks/include_video/MONDAY/7b2016ba04cb.npz,70,25.0,2.8,0.8286,1.0,,
d78ae22edd81,MONDAY,include_video,video,,include_video:clip:d78ae22edd81,data/raw/include_video/Days_and_Time/67. Monday/MVI_9144.MP4,data/processed/landmarks/include_video/MONDAY/d78ae22edd81.npz,58,25.0,2.32,0.7759,1.0,,
10ce6a60e9b4,MONTH,include_video,video,,include_video:clip:10ce6a60e9b4,data/raw/include_video/Days_and_Time/77. Month/MVI_4631.MOV,data/processed/landmarks/include_video/MONTH/10ce6a60e9b4.npz,56,25.0,2.24,0.7321,1.0,,
dceafc2a81c0,MONTH,include_video,video,,include_video:clip:dceafc2a81c0,data/raw/include_video/Days_and_Time/77. Month/MVI_4632.MOV,data/processed/landmarks/include_video/MONTH/dceafc2a81c0.npz,57,25.0,2.28,0.7544,1.0,,
421276b79cec,MONTH,include_video,video,,include_video:clip:421276b79cec,data/raw/include_video/Days_and_Time/77. Month/MVI_4633.MOV,data/processed/landmarks/include_video/MONTH/421276b79cec.npz,52,25.0,2.08,0.6923,1.0,,
bb973b864dab,MONTH,include_video,video,,include_video:clip:bb973b864dab,data/raw/include_video/Days_and_Time/77. Month/MVI_4634.MOV,data/processed/landmarks/include_video/MONTH/bb973b864dab.npz,51,25.0,2.04,0.8039,0.9216,,
b10cadc12b64,MONTH,include_video,video,,include_video:clip:b10cadc12b64,data/raw/include_video/Days_and_Time/77. Month/MVI_5044.MOV,data/processed/landmarks/include_video/MONTH/b10cadc12b64.npz,50,25.0,2.0,0.68,1.0,,
7e0ed3932519,MONTH,include_video,video,,include_video:clip:7e0ed3932519,data/raw/include_video/Days_and_Time/77. Month/MVI_5045.MOV,data/processed/landmarks/include_video/MONTH/7e0ed3932519.npz,49,25.0,1.96,0.5714,1.0,,
8e93bb231534,MONTH,include_video,video,,include_video:clip:8e93bb231534,data/raw/include_video/Days_and_Time/77. Month/MVI_5046.MOV,data/processed/landmarks/include_video/MONTH/8e93bb231534.npz,40,25.0,1.6,0.65,1.0,,
8d39712814a7,MONTH,include_video,video,,include_video:clip:8d39712814a7,data/raw/include_video/Days_and_Time/77. Month/MVI_5487.MOV,data/processed/landmarks/include_video/MONTH/8d39712814a7.npz,39,25.0,1.56,0.7179,1.0,,
0f7ee5363272,MONTH,include_video,video,,include_video:clip:0f7ee5363272,data/raw/include_video/Days_and_Time/77. Month/MVI_5488.MOV,data/processed/landmarks/include_video/MONTH/0f7ee5363272.npz,43,25.0,1.72,0.7209,1.0,,
41c50312eee0,MONTH,include_video,video,,include_video:clip:41c50312eee0,data/raw/include_video/Days_and_Time/77. Month/MVI_5489.MOV,data/processed/landmarks/include_video/MONTH/41c50312eee0.npz,44,25.0,1.76,0.7273,1.0,,
9e8cd82e4480,MONTH,include_video,video,,include_video:clip:9e8cd82e4480,data/raw/include_video/Days_and_Time/77. Month/MVI_5490.MOV,data/processed/landmarks/include_video/MONTH/9e8cd82e4480.npz,44,25.0,1.76,0.7955,1.0,,
3f28f1c9906f,MONTH,include_video,video,,include_video:clip:3f28f1c9906f,data/raw/include_video/Days_and_Time/77. Month/MVI_9172.MP4,data/processed/landmarks/include_video/MONTH/3f28f1c9906f.npz,58,25.0,2.32,0.7414,1.0,,
6ea8df15ae72,MONTH,include_video,video,,include_video:clip:6ea8df15ae72,data/raw/include_video/Days_and_Time/77. Month/MVI_9173.MP4,data/processed/landmarks/include_video/MONTH/6ea8df15ae72.npz,55,25.0,2.2,0.7273,1.0,,
82e79f1c922a,MONTH,include_video,video,,include_video:clip:82e79f1c922a,data/raw/include_video/Days_and_Time/77. Month/MVI_9174.MP4,data/processed/landmarks/include_video/MONTH/82e79f1c922a.npz,64,25.0,2.56,0.7656,1.0,,
8573b818109d,MORNING,include_video,video,,include_video:clip:8573b818109d,data/raw/include_video/Days_and_Time/82. Morning/MVI_4651.MOV,data/processed/landmarks/include_video/MORNING/8573b818109d.npz,53,25.0,2.12,0.8491,1.0,,
0baf5ea28dc0,MORNING,include_video,video,,include_video:clip:0baf5ea28dc0,data/raw/include_video/Days_and_Time/82. Morning/MVI_4652.MOV,data/processed/landmarks/include_video/MORNING/0baf5ea28dc0.npz,57,25.0,2.28,1.0,0.8947,,
4efe7f662924,MORNING,include_video,video,,include_video:clip:4efe7f662924,data/raw/include_video/Days_and_Time/82. Morning/MVI_4653.MOV,data/processed/landmarks/include_video/MORNING/4efe7f662924.npz,54,25.0,2.16,0.8889,1.0,,
2a3288913e50,MORNING,include_video,video,,include_video:clip:2a3288913e50,data/raw/include_video/Days_and_Time/82. Morning/MVI_4654.MOV,data/processed/landmarks/include_video/MORNING/2a3288913e50.npz,46,25.0,1.84,1.0,1.0,,
d364384bb817,MORNING,include_video,video,,include_video:clip:d364384bb817,data/raw/include_video/Days_and_Time/82. Morning/MVI_5060.MOV,data/processed/landmarks/include_video/MORNING/d364384bb817.npz,43,25.0,1.72,0.3953,1.0,low_hand_detection,
f3a59bd1626f,MORNING,include_video,video,,include_video:clip:f3a59bd1626f,data/raw/include_video/Days_and_Time/82. Morning/MVI_5061.MOV,data/processed/landmarks/include_video/MORNING/f3a59bd1626f.npz,43,25.0,1.72,0.4419,1.0,low_hand_detection,
1d0fdd842d4c,MORNING,include_video,video,,include_video:clip:1d0fdd842d4c,data/raw/include_video/Days_and_Time/82. Morning/MVI_5062.MOV,data/processed/landmarks/include_video/MORNING/1d0fdd842d4c.npz,44,25.0,1.76,0.4545,1.0,low_hand_detection,
e97db5375a17,MORNING,include_video,video,,include_video:clip:e97db5375a17,data/raw/include_video/Days_and_Time/82. Morning/MVI_5507.MOV,data/processed/landmarks/include_video/MORNING/e97db5375a17.npz,39,25.0,1.56,1.0,1.0,,
85f1c8956bec,MORNING,include_video,video,,include_video:clip:85f1c8956bec,data/raw/include_video/Days_and_Time/82. Morning/MVI_5508.MOV,data/processed/landmarks/include_video/MORNING/85f1c8956bec.npz,42,25.0,1.68,1.0,1.0,,
506c9e8cdd17,MORNING,include_video,video,,include_video:clip:506c9e8cdd17,data/raw/include_video/Days_and_Time/82. Morning/MVI_5509.MOV,data/processed/landmarks/include_video/MORNING/506c9e8cdd17.npz,40,25.0,1.6,1.0,1.0,,
a3b87d9006a4,MORNING,include_video,video,,include_video:clip:a3b87d9006a4,data/raw/include_video/Days_and_Time/82. Morning/MVI_5510.MOV,data/processed/landmarks/include_video/MORNING/a3b87d9006a4.npz,41,25.0,1.64,1.0,1.0,,
81df6328c621,MORNING,include_video,video,,include_video:clip:81df6328c621,data/raw/include_video/Days_and_Time/82. Morning/MVI_9188.MP4,data/processed/landmarks/include_video/MORNING/81df6328c621.npz,59,25.0,2.36,1.0,1.0,,
707632bf3d54,MORNING,include_video,video,,include_video:clip:707632bf3d54,data/raw/include_video/Days_and_Time/82. Morning/MVI_9189.MP4,data/processed/landmarks/include_video/MORNING/707632bf3d54.npz,63,25.0,2.52,1.0,1.0,,
bcd951a76c82,MORNING,include_video,video,,include_video:clip:bcd951a76c82,data/raw/include_video/Days_and_Time/82. Morning/MVI_9190.MP4,data/processed/landmarks/include_video/MORNING/bcd951a76c82.npz,70,25.0,2.8,1.0,1.0,,
6661bb2a6115,MOUSE,include_video,video,,include_video:clip:6661bb2a6115,data/raw/include_video/Animals/6. Mouse/MVI_2993.MOV,data/processed/landmarks/include_video/MOUSE/6661bb2a6115.npz,77,25.0,3.08,0.7922,1.0,,
9b7f72f5aa9c,MOUSE,include_video,video,,include_video:clip:9b7f72f5aa9c,data/raw/include_video/Animals/6. Mouse/MVI_2994.MOV,data/processed/landmarks/include_video/MOUSE/9b7f72f5aa9c.npz,96,25.0,3.84,0.9062,1.0,,
7263ff185e0f,MOUSE,include_video,video,,include_video:clip:7263ff185e0f,data/raw/include_video/Animals/6. Mouse/MVI_2995.MOV,data/processed/landmarks/include_video/MOUSE/7263ff185e0f.npz,79,25.0,3.16,0.7468,1.0,,
617e4f37ee90,MOUSE,include_video,video,,include_video:clip:617e4f37ee90,data/raw/include_video/Animals/6. Mouse/MVI_3018.MOV,data/processed/landmarks/include_video/MOUSE/617e4f37ee90.npz,89,25.0,3.56,1.0,1.0,,
cdecd56e5336,MOUSE,include_video,video,,include_video:clip:cdecd56e5336,data/raw/include_video/Animals/6. Mouse/MVI_3019.MOV,data/processed/landmarks/include_video/MOUSE/cdecd56e5336.npz,80,25.0,3.2,1.0,1.0,,
acb5bc791652,MOUSE,include_video,video,,include_video:clip:acb5bc791652,data/raw/include_video/Animals/6. Mouse/MVI_3020.MOV,data/processed/landmarks/include_video/MOUSE/acb5bc791652.npz,70,25.0,2.8,1.0,1.0,,
f4d3b7c60056,MOUSE,include_video,video,,include_video:clip:f4d3b7c60056,data/raw/include_video/Animals/6. Mouse/MVI_3050.MOV,data/processed/landmarks/include_video/MOUSE/f4d3b7c60056.npz,84,25.0,3.36,1.0,1.0,,
b626853c094a,MOUSE,include_video,video,,include_video:clip:b626853c094a,data/raw/include_video/Animals/6. Mouse/MVI_3051.MOV,data/processed/landmarks/include_video/MOUSE/b626853c094a.npz,69,25.0,2.76,1.0,1.0,,
26940c587076,MOUSE,include_video,video,,include_video:clip:26940c587076,data/raw/include_video/Animals/6. Mouse/MVI_3052.MOV,data/processed/landmarks/include_video/MOUSE/26940c587076.npz,77,25.0,3.08,1.0,1.0,,
43bb370006e2,MOUSE,include_video,video,,include_video:clip:43bb370006e2,data/raw/include_video/Animals/6. Mouse/MVI_3076.MOV,data/processed/landmarks/include_video/MOUSE/43bb370006e2.npz,79,25.0,3.16,1.0,1.0,,
a0f46e306739,MOUSE,include_video,video,,include_video:clip:a0f46e306739,data/raw/include_video/Animals/6. Mouse/MVI_3077.MOV,data/processed/landmarks/include_video/MOUSE/a0f46e306739.npz,97,25.0,3.88,1.0,1.0,,
a892d9b149b8,MOUSE,include_video,video,,include_video:clip:a892d9b149b8,data/raw/include_video/Animals/6. Mouse/MVI_3078.MOV,data/processed/landmarks/include_video/MOUSE/a892d9b149b8.npz,83,25.0,3.32,1.0,1.0,,
0fb3786cef64,MOUSE,include_video,video,,include_video:clip:0fb3786cef64,data/raw/include_video/Animals/6. Mouse/MVI_3100.MOV,data/processed/landmarks/include_video/MOUSE/0fb3786cef64.npz,59,25.0,2.36,1.0,1.0,,
452cf81e3be4,MOUSE,include_video,video,,include_video:clip:452cf81e3be4,data/raw/include_video/Animals/6. Mouse/MVI_3101.MOV,data/processed/landmarks/include_video/MOUSE/452cf81e3be4.npz,64,25.0,2.56,1.0,1.0,,
0039db680325,MOUSE,include_video,video,,include_video:clip:0039db680325,data/raw/include_video/Animals/6. Mouse/MVI_3102.MOV,data/processed/landmarks/include_video/MOUSE/0039db680325.npz,58,25.0,2.32,1.0,1.0,,
da271f8fb22c,MOUSE,include_video,video,,include_video:clip:da271f8fb22c,data/raw/include_video/Animals/6. Mouse/MVI_4161.MOV,data/processed/landmarks/include_video/MOUSE/da271f8fb22c.npz,60,25.0,2.4,1.0,1.0,,
4e756f66aad2,MOUSE,include_video,video,,include_video:clip:4e756f66aad2,data/raw/include_video/Animals/6. Mouse/MVI_4162.MOV,data/processed/landmarks/include_video/MOUSE/4e756f66aad2.npz,58,25.0,2.32,1.0,1.0,,
ed958d63493a,MOUSE,include_video,video,,include_video:clip:ed958d63493a,data/raw/include_video/Animals/6. Mouse/MVI_4163.MOV,data/processed/landmarks/include_video/MOUSE/ed958d63493a.npz,51,25.0,2.04,1.0,1.0,,
911e7110c663,MOUSE,include_video,video,,include_video:clip:911e7110c663,data/raw/include_video/Animals/6. Mouse/MVI_8571.MP4,data/processed/landmarks/include_video/MOUSE/911e7110c663.npz,84,25.0,3.36,0.1905,1.0,low_hand_detection,
c1ac46592978,MOUSE,include_video,video,,include_video:clip:c1ac46592978,data/raw/include_video/Animals/6. Mouse/MVI_8572.MP4,data/processed/landmarks/include_video/MOUSE/c1ac46592978.npz,77,25.0,3.08,0.2468,1.0,low_hand_detection,
efa87088d427,NARROW,include_video,video,,include_video:clip:efa87088d427,data/raw/include_video/Adjectives/82. narrow/MVI_5120.MOV,data/processed/landmarks/include_video/NARROW/efa87088d427.npz,77,25.0,3.08,0.8052,1.0,,
5e91dbaf9aa8,NARROW,include_video,video,,include_video:clip:5e91dbaf9aa8,data/raw/include_video/Adjectives/82. narrow/MVI_5121.MOV,data/processed/landmarks/include_video/NARROW/5e91dbaf9aa8.npz,71,25.0,2.84,0.7324,1.0,,
e6157dbd4851,NARROW,include_video,video,,include_video:clip:e6157dbd4851,data/raw/include_video/Adjectives/82. narrow/MVI_5122.MOV,data/processed/landmarks/include_video/NARROW/e6157dbd4851.npz,59,25.0,2.36,0.7119,1.0,,
9963dfd6ac82,NARROW,include_video,video,,include_video:clip:9963dfd6ac82,data/raw/include_video/Adjectives/82. narrow/MVI_5200.MOV,data/processed/landmarks/include_video/NARROW/9963dfd6ac82.npz,78,25.0,3.12,0.6667,1.0,,
f7d32f474b16,NARROW,include_video,video,,include_video:clip:f7d32f474b16,data/raw/include_video/Adjectives/82. narrow/MVI_5201.MOV,data/processed/landmarks/include_video/NARROW/f7d32f474b16.npz,82,25.0,3.28,0.6585,1.0,,
43b3c1a8f710,NARROW,include_video,video,,include_video:clip:43b3c1a8f710,data/raw/include_video/Adjectives/82. narrow/MVI_5202.MOV,data/processed/landmarks/include_video/NARROW/43b3c1a8f710.npz,80,25.0,3.2,0.625,1.0,,
8439e414b70c,NARROW,include_video,video,,include_video:clip:8439e414b70c,data/raw/include_video/Adjectives/82. narrow/MVI_5280.MOV,data/processed/landmarks/include_video/NARROW/8439e414b70c.npz,70,25.0,2.8,0.8429,1.0,,
fdeed9f365eb,NARROW,include_video,video,,include_video:clip:fdeed9f365eb,data/raw/include_video/Adjectives/82. narrow/MVI_5281.MOV,data/processed/landmarks/include_video/NARROW/fdeed9f365eb.npz,66,25.0,2.64,0.8182,1.0,,
769e999a81e7,NARROW,include_video,video,,include_video:clip:769e999a81e7,data/raw/include_video/Adjectives/82. narrow/MVI_5282.MOV,data/processed/landmarks/include_video/NARROW/769e999a81e7.npz,58,25.0,2.32,0.7414,1.0,,
5b071bc92e0a,NARROW,include_video,video,,include_video:clip:5b071bc92e0a,data/raw/include_video/Adjectives/82. narrow/MVI_9230.MOV,data/processed/landmarks/include_video/NARROW/5b071bc92e0a.npz,51,25.0,2.04,0.549,1.0,,
92fe72b494a2,NARROW,include_video,video,,include_video:clip:92fe72b494a2,data/raw/include_video/Adjectives/82. narrow/MVI_9231.MOV,data/processed/landmarks/include_video/NARROW/92fe72b494a2.npz,53,25.0,2.12,0.717,1.0,,
a76b4939813d,NARROW,include_video,video,,include_video:clip:a76b4939813d,data/raw/include_video/Adjectives/82. narrow/MVI_9232.MOV,data/processed/landmarks/include_video/NARROW/a76b4939813d.npz,46,25.0,1.84,0.6739,1.0,,
a5052e67a778,NARROW,include_video,video,,include_video:clip:a5052e67a778,data/raw/include_video/Adjectives/82. narrow/MVI_9313.MOV,data/processed/landmarks/include_video/NARROW/a5052e67a778.npz,45,25.0,1.8,0.3556,1.0,low_hand_detection,
725724dcc7e6,NARROW,include_video,video,,include_video:clip:725724dcc7e6,data/raw/include_video/Adjectives/82. narrow/MVI_9314.MOV,data/processed/landmarks/include_video/NARROW/725724dcc7e6.npz,49,25.0,1.96,0.3265,1.0,low_hand_detection,
2ae4a8118227,NARROW,include_video,video,,include_video:clip:2ae4a8118227,data/raw/include_video/Adjectives/82. narrow/MVI_9315.MOV,data/processed/landmarks/include_video/NARROW/2ae4a8118227.npz,48,25.0,1.92,0.4583,1.0,low_hand_detection,
903b5e366fe7,NARROW,include_video,video,,include_video:clip:903b5e366fe7,data/raw/include_video/Adjectives/82. narrow/MVI_9391.MOV,data/processed/landmarks/include_video/NARROW/903b5e366fe7.npz,48,25.0,1.92,0.625,1.0,,
762ce311b902,NARROW,include_video,video,,include_video:clip:762ce311b902,data/raw/include_video/Adjectives/82. narrow/MVI_9392.MOV,data/processed/landmarks/include_video/NARROW/762ce311b902.npz,54,25.0,2.16,0.5556,1.0,,
c1a7f7415107,NARROW,include_video,video,,include_video:clip:c1a7f7415107,data/raw/include_video/Adjectives/82. narrow/MVI_9393.MOV,data/processed/landmarks/include_video/NARROW/c1a7f7415107.npz,48,25.0,1.92,0.625,1.0,,
15e1dfcf63a4,NARROW,include_video,video,,include_video:clip:15e1dfcf63a4,data/raw/include_video/Adjectives/82. narrow/MVI_9471.MOV,data/processed/landmarks/include_video/NARROW/15e1dfcf63a4.npz,59,25.0,2.36,0.7966,1.0,,
162cb6550f60,NARROW,include_video,video,,include_video:clip:162cb6550f60,data/raw/include_video/Adjectives/82. narrow/MVI_9472.MOV,data/processed/landmarks/include_video/NARROW/162cb6550f60.npz,57,25.0,2.28,0.7368,1.0,,
866940b15454,NARROW,include_video,video,,include_video:clip:866940b15454,data/raw/include_video/Adjectives/82. narrow/MVI_9474.MOV,data/processed/landmarks/include_video/NARROW/866940b15454.npz,54,25.0,2.16,0.8148,1.0,,
4af52a031b41,NEW,include_video,video,,include_video:clip:4af52a031b41,data/raw/include_video/Adjectives/91. new/MVI_5148.MOV,data/processed/landmarks/include_video/NEW/4af52a031b41.npz,57,25.0,2.28,1.0,1.0,,
1ff31e257086,NEW,include_video,video,,include_video:clip:1ff31e257086,data/raw/include_video/Adjectives/91. new/MVI_5150.MOV,data/processed/landmarks/include_video/NEW/1ff31e257086.npz,64,25.0,2.56,1.0,1.0,,
6c785a59dceb,NEW,include_video,video,,include_video:clip:6c785a59dceb,data/raw/include_video/Adjectives/91. new/MVI_5151.MOV,data/processed/landmarks/include_video/NEW/6c785a59dceb.npz,59,25.0,2.36,1.0,1.0,,
9563ff4c183a,NEW,include_video,video,,include_video:clip:9563ff4c183a,data/raw/include_video/Adjectives/91. new/MVI_5229.MOV,data/processed/landmarks/include_video/NEW/9563ff4c183a.npz,54,25.0,2.16,1.0,1.0,,
f9d041a440b8,NEW,include_video,video,,include_video:clip:f9d041a440b8,data/raw/include_video/Adjectives/91. new/MVI_5230.MOV,data/processed/landmarks/include_video/NEW/f9d041a440b8.npz,57,25.0,2.28,1.0,1.0,,
9d9f9cfaeb2b,NEW,include_video,video,,include_video:clip:9d9f9cfaeb2b,data/raw/include_video/Adjectives/91. new/MVI_5231.MOV,data/processed/landmarks/include_video/NEW/9d9f9cfaeb2b.npz,62,25.0,2.48,1.0,1.0,,
a3def838a47e,NEW,include_video,video,,include_video:clip:a3def838a47e,data/raw/include_video/Adjectives/91. new/MVI_5307.MOV,data/processed/landmarks/include_video/NEW/a3def838a47e.npz,39,25.0,1.56,1.0,1.0,,
efd1a51c2b71,NEW,include_video,video,,include_video:clip:efd1a51c2b71,data/raw/include_video/Adjectives/91. new/MVI_5308.MOV,data/processed/landmarks/include_video/NEW/efd1a51c2b71.npz,42,25.0,1.68,1.0,1.0,,
3a66685486d2,NEW,include_video,video,,include_video:clip:3a66685486d2,data/raw/include_video/Adjectives/91. new/MVI_5309.MOV,data/processed/landmarks/include_video/NEW/3a66685486d2.npz,46,25.0,1.84,1.0,1.0,,
d4dce27b8268,NEW,include_video,video,,include_video:clip:d4dce27b8268,data/raw/include_video/Adjectives/91. new/MVI_9259.MOV,data/processed/landmarks/include_video/NEW/d4dce27b8268.npz,46,25.0,1.84,1.0,1.0,,
31360783028a,NEW,include_video,video,,include_video:clip:31360783028a,data/raw/include_video/Adjectives/91. new/MVI_9260.MOV,data/processed/landmarks/include_video/NEW/31360783028a.npz,49,25.0,1.96,1.0,1.0,,
08f6d870b7da,NEW,include_video,video,,include_video:clip:08f6d870b7da,data/raw/include_video/Adjectives/91. new/MVI_9261.MOV,data/processed/landmarks/include_video/NEW/08f6d870b7da.npz,49,25.0,1.96,1.0,1.0,,
45efca1b74af,NEW,include_video,video,,include_video:clip:45efca1b74af,data/raw/include_video/Adjectives/91. new/MVI_9340.MOV,data/processed/landmarks/include_video/NEW/45efca1b74af.npz,49,25.0,1.96,0.4082,1.0,low_hand_detection,
53fd82f555cf,NEW,include_video,video,,include_video:clip:53fd82f555cf,data/raw/include_video/Adjectives/91. new/MVI_9341.MOV,data/processed/landmarks/include_video/NEW/53fd82f555cf.npz,49,25.0,1.96,0.551,1.0,,
e6e9d9c91e71,NEW,include_video,video,,include_video:clip:e6e9d9c91e71,data/raw/include_video/Adjectives/91. new/MVI_9342.MOV,data/processed/landmarks/include_video/NEW/e6e9d9c91e71.npz,47,25.0,1.88,0.4255,1.0,low_hand_detection,
cbd5f71bbfdb,NEW,include_video,video,,include_video:clip:cbd5f71bbfdb,data/raw/include_video/Adjectives/91. new/MVI_9421.MOV,data/processed/landmarks/include_video/NEW/cbd5f71bbfdb.npz,63,25.0,2.52,1.0,1.0,,
53acdbcb2ccd,NEW,include_video,video,,include_video:clip:53acdbcb2ccd,data/raw/include_video/Adjectives/91. new/MVI_9422.MOV,data/processed/landmarks/include_video/NEW/53acdbcb2ccd.npz,47,25.0,1.88,1.0,1.0,,
7bb9df19372e,NEW,include_video,video,,include_video:clip:7bb9df19372e,data/raw/include_video/Adjectives/91. new/MVI_9423.MOV,data/processed/landmarks/include_video/NEW/7bb9df19372e.npz,49,25.0,1.96,1.0,1.0,,
3114c2e2977e,NEW,include_video,video,,include_video:clip:3114c2e2977e,data/raw/include_video/Adjectives/91. new/MVI_9500.MOV,data/processed/landmarks/include_video/NEW/3114c2e2977e.npz,56,25.0,2.24,1.0,1.0,,
f181950078ca,NEW,include_video,video,,include_video:clip:f181950078ca,data/raw/include_video/Adjectives/91. new/MVI_9501.MOV,data/processed/landmarks/include_video/NEW/f181950078ca.npz,49,25.0,1.96,1.0,1.0,,
17cc85689b40,NEW,include_video,video,,include_video:clip:17cc85689b40,data/raw/include_video/Adjectives/91. new/MVI_9502.MOV,data/processed/landmarks/include_video/NEW/17cc85689b40.npz,52,25.0,2.08,1.0,1.0,,
4ac6fb99b672,NICE,include_video,video,,include_video:clip:4ac6fb99b672,data/raw/include_video/Adjectives/9. Nice/MVI_9588.MOV,data/processed/landmarks/include_video/NICE/4ac6fb99b672.npz,58,25.0,2.32,1.0,1.0,,
dc71968299bb,NICE,include_video,video,,include_video:clip:dc71968299bb,data/raw/include_video/Adjectives/9. Nice/MVI_9589.MOV,data/processed/landmarks/include_video/NICE/dc71968299bb.npz,56,25.0,2.24,1.0,1.0,,
34839f75e934,NICE,include_video,video,,include_video:clip:34839f75e934,data/raw/include_video/Adjectives/9. Nice/MVI_9590.MOV,data/processed/landmarks/include_video/NICE/34839f75e934.npz,58,25.0,2.32,1.0,1.0,,
8b00d187f970,NICE,include_video,video,,include_video:clip:8b00d187f970,data/raw/include_video/Adjectives/9. Nice/MVI_9591.MOV,data/processed/landmarks/include_video/NICE/8b00d187f970.npz,59,25.0,2.36,1.0,1.0,,
492d6d73bc49,NIGHT,include_video,video,,include_video:clip:492d6d73bc49,data/raw/include_video/Days_and_Time/85. Night/MVI_4663.MOV,data/processed/landmarks/include_video/NIGHT/492d6d73bc49.npz,54,25.0,2.16,1.0,1.0,,
37d913c35662,NIGHT,include_video,video,,include_video:clip:37d913c35662,data/raw/include_video/Days_and_Time/85. Night/MVI_4664.MOV,data/processed/landmarks/include_video/NIGHT/37d913c35662.npz,55,25.0,2.2,1.0,1.0,,
bb1eb6280649,NIGHT,include_video,video,,include_video:clip:bb1eb6280649,data/raw/include_video/Days_and_Time/85. Night/MVI_4665.MOV,data/processed/landmarks/include_video/NIGHT/bb1eb6280649.npz,55,25.0,2.2,0.9091,1.0,,
5378134dc6e9,NIGHT,include_video,video,,include_video:clip:5378134dc6e9,data/raw/include_video/Days_and_Time/85. Night/MVI_4666.MOV,data/processed/landmarks/include_video/NIGHT/5378134dc6e9.npz,52,25.0,2.08,1.0,0.9808,,
8b79824ee698,NIGHT,include_video,video,,include_video:clip:8b79824ee698,data/raw/include_video/Days_and_Time/85. Night/MVI_5073.MOV,data/processed/landmarks/include_video/NIGHT/8b79824ee698.npz,44,25.0,1.76,0.2273,1.0,low_hand_detection,
1cf3bc677fdb,NIGHT,include_video,video,,include_video:clip:1cf3bc677fdb,data/raw/include_video/Days_and_Time/85. Night/MVI_5074.MOV,data/processed/landmarks/include_video/NIGHT/1cf3bc677fdb.npz,40,25.0,1.6,0.5,1.0,,
bf4055c0ac08,NIGHT,include_video,video,,include_video:clip:bf4055c0ac08,data/raw/include_video/Days_and_Time/85. Night/MVI_5076.MOV,data/processed/landmarks/include_video/NIGHT/bf4055c0ac08.npz,43,25.0,1.72,0.6279,1.0,,
8c3b64b891e5,NIGHT,include_video,video,,include_video:clip:8c3b64b891e5,data/raw/include_video/Days_and_Time/85. Night/MVI_5520.MOV,data/processed/landmarks/include_video/NIGHT/8c3b64b891e5.npz,38,25.0,1.52,1.0,1.0,,
d6cf0000d3f1,NIGHT,include_video,video,,include_video:clip:d6cf0000d3f1,data/raw/include_video/Days_and_Time/85. Night/MVI_5521.MOV,data/processed/landmarks/include_video/NIGHT/d6cf0000d3f1.npz,35,25.0,1.4,1.0,1.0,,
b7f224ac35dc,NIGHT,include_video,video,,include_video:clip:b7f224ac35dc,data/raw/include_video/Days_and_Time/85. Night/MVI_5522.MOV,data/processed/landmarks/include_video/NIGHT/b7f224ac35dc.npz,37,25.0,1.48,1.0,1.0,,
3b338cd110c4,NIGHT,include_video,video,,include_video:clip:3b338cd110c4,data/raw/include_video/Days_and_Time/85. Night/MVI_5523.MOV,data/processed/landmarks/include_video/NIGHT/3b338cd110c4.npz,43,25.0,1.72,1.0,1.0,,
320285f4125c,NIGHT,include_video,video,,include_video:clip:320285f4125c,data/raw/include_video/Days_and_Time/85. Night/MVI_9197.MP4,data/processed/landmarks/include_video/NIGHT/320285f4125c.npz,61,25.0,2.44,1.0,1.0,,
374691a1cbf2,NIGHT,include_video,video,,include_video:clip:374691a1cbf2,data/raw/include_video/Days_and_Time/85. Night/MVI_9198.MP4,data/processed/landmarks/include_video/NIGHT/374691a1cbf2.npz,65,25.0,2.6,1.0,1.0,,
77e4121dcd28,NIGHT,include_video,video,,include_video:clip:77e4121dcd28,data/raw/include_video/Days_and_Time/85. Night/MVI_9199.MP4,data/processed/landmarks/include_video/NIGHT/77e4121dcd28.npz,61,25.0,2.44,1.0,1.0,,
3a6dd7c0bf47,NIGHT,include_video,video,,include_video:clip:3a6dd7c0bf47,data/raw/include_video/Days_and_Time/85. Night/MVI_9200.MP4,data/processed/landmarks/include_video/NIGHT/3a6dd7c0bf47.npz,63,25.0,2.52,1.0,1.0,,
0d5aa97b9905,OLD,include_video,video,,include_video:clip:0d5aa97b9905,data/raw/include_video/Adjectives/92. old/MVI_5152.MOV,data/processed/landmarks/include_video/OLD/0d5aa97b9905.npz,67,25.0,2.68,1.0,1.0,,
49151335b2d8,OLD,include_video,video,,include_video:clip:49151335b2d8,data/raw/include_video/Adjectives/92. old/MVI_5153.MOV,data/processed/landmarks/include_video/OLD/49151335b2d8.npz,65,25.0,2.6,1.0,1.0,,
fb37fcb6d419,OLD,include_video,video,,include_video:clip:fb37fcb6d419,data/raw/include_video/Adjectives/92. old/MVI_5154.MOV,data/processed/landmarks/include_video/OLD/fb37fcb6d419.npz,72,25.0,2.88,1.0,1.0,,
053628b0cbde,OLD,include_video,video,,include_video:clip:053628b0cbde,data/raw/include_video/Adjectives/92. old/MVI_5232.MOV,data/processed/landmarks/include_video/OLD/053628b0cbde.npz,50,25.0,2.0,1.0,1.0,,
c8a33706bd94,OLD,include_video,video,,include_video:clip:c8a33706bd94,data/raw/include_video/Adjectives/92. old/MVI_5233.MOV,data/processed/landmarks/include_video/OLD/c8a33706bd94.npz,60,25.0,2.4,1.0,1.0,,
e569b205248b,OLD,include_video,video,,include_video:clip:e569b205248b,data/raw/include_video/Adjectives/92. old/MVI_5234.MOV,data/processed/landmarks/include_video/OLD/e569b205248b.npz,57,25.0,2.28,1.0,1.0,,
6aa61e150fa5,OLD,include_video,video,,include_video:clip:6aa61e150fa5,data/raw/include_video/Adjectives/92. old/MVI_5310.MOV,data/processed/landmarks/include_video/OLD/6aa61e150fa5.npz,39,25.0,1.56,1.0,1.0,,
ebbbf9bf3fbe,OLD,include_video,video,,include_video:clip:ebbbf9bf3fbe,data/raw/include_video/Adjectives/92. old/MVI_5311.MOV,data/processed/landmarks/include_video/OLD/ebbbf9bf3fbe.npz,48,25.0,1.92,1.0,1.0,,
bedc1543ca55,OLD,include_video,video,,include_video:clip:bedc1543ca55,data/raw/include_video/Adjectives/92. old/MVI_5312.MOV,data/processed/landmarks/include_video/OLD/bedc1543ca55.npz,49,25.0,1.96,1.0,1.0,,
15f021e14348,OLD,include_video,video,,include_video:clip:15f021e14348,data/raw/include_video/Adjectives/92. old/MVI_9262.MOV,data/processed/landmarks/include_video/OLD/15f021e14348.npz,46,25.0,1.84,1.0,1.0,,
a1b3c5e0b0e6,OLD,include_video,video,,include_video:clip:a1b3c5e0b0e6,data/raw/include_video/Adjectives/92. old/MVI_9263.MOV,data/processed/landmarks/include_video/OLD/a1b3c5e0b0e6.npz,51,25.0,2.04,1.0,1.0,,
caea0ed7176e,OLD,include_video,video,,include_video:clip:caea0ed7176e,data/raw/include_video/Adjectives/92. old/MVI_9264.MOV,data/processed/landmarks/include_video/OLD/caea0ed7176e.npz,51,25.0,2.04,1.0,1.0,,
e4685e0d0957,OLD,include_video,video,,include_video:clip:e4685e0d0957,data/raw/include_video/Adjectives/92. old/MVI_9343.MOV,data/processed/landmarks/include_video/OLD/e4685e0d0957.npz,50,25.0,2.0,0.46,1.0,low_hand_detection,
f4419ef3eeeb,OLD,include_video,video,,include_video:clip:f4419ef3eeeb,data/raw/include_video/Adjectives/92. old/MVI_9344.MOV,data/processed/landmarks/include_video/OLD/f4419ef3eeeb.npz,56,25.0,2.24,0.5714,1.0,,
be329533d3cb,OLD,include_video,video,,include_video:clip:be329533d3cb,data/raw/include_video/Adjectives/92. old/MVI_9345.MOV,data/processed/landmarks/include_video/OLD/be329533d3cb.npz,52,25.0,2.08,0.5385,1.0,,
144871c8f927,OLD,include_video,video,,include_video:clip:144871c8f927,data/raw/include_video/Adjectives/92. old/MVI_9424.MOV,data/processed/landmarks/include_video/OLD/144871c8f927.npz,56,25.0,2.24,1.0,1.0,,
1e63099169b1,OLD,include_video,video,,include_video:clip:1e63099169b1,data/raw/include_video/Adjectives/92. old/MVI_9425.MOV,data/processed/landmarks/include_video/OLD/1e63099169b1.npz,50,25.0,2.0,1.0,1.0,,
7912f83fc4e3,OLD,include_video,video,,include_video:clip:7912f83fc4e3,data/raw/include_video/Adjectives/92. old/MVI_9426.MOV,data/processed/landmarks/include_video/OLD/7912f83fc4e3.npz,49,25.0,1.96,1.0,1.0,,
aa34320f6709,OLD,include_video,video,,include_video:clip:aa34320f6709,data/raw/include_video/Adjectives/92. old/MVI_9504.MOV,data/processed/landmarks/include_video/OLD/aa34320f6709.npz,59,25.0,2.36,1.0,1.0,,
c9e0ebcd3328,OLD,include_video,video,,include_video:clip:c9e0ebcd3328,data/raw/include_video/Adjectives/92. old/MVI_9505.MOV,data/processed/landmarks/include_video/OLD/c9e0ebcd3328.npz,63,25.0,2.52,1.0,1.0,,
9d2c1b5e3a1b,OLD,include_video,video,,include_video:clip:9d2c1b5e3a1b,data/raw/include_video/Adjectives/92. old/MVI_9506.MOV,data/processed/landmarks/include_video/OLD/9d2c1b5e3a1b.npz,62,25.0,2.48,1.0,1.0,,
2d0869e3ae56,ORANGE,include_video,video,,include_video:clip:2d0869e3ae56,data/raw/include_video/Colours/53. Orange/MVI_3737.MOV,data/processed/landmarks/include_video/ORANGE/2d0869e3ae56.npz,43,25.0,1.72,1.0,1.0,,
7b379eb6d397,ORANGE,include_video,video,,include_video:clip:7b379eb6d397,data/raw/include_video/Colours/53. Orange/MVI_3738.MOV,data/processed/landmarks/include_video/ORANGE/7b379eb6d397.npz,41,25.0,1.64,1.0,1.0,,
8186af63e391,ORANGE,include_video,video,,include_video:clip:8186af63e391,data/raw/include_video/Colours/53. Orange/MVI_3739.MOV,data/processed/landmarks/include_video/ORANGE/8186af63e391.npz,42,25.0,1.68,1.0,1.0,,
a8c78c4804d4,ORANGE,include_video,video,,include_video:clip:a8c78c4804d4,data/raw/include_video/Colours/53. Orange/MVI_3884.MOV,data/processed/landmarks/include_video/ORANGE/a8c78c4804d4.npz,92,25.0,3.68,1.0,1.0,,
d8e2adb05e5f,ORANGE,include_video,video,,include_video:clip:d8e2adb05e5f,data/raw/include_video/Colours/53. Orange/MVI_3885.MOV,data/processed/landmarks/include_video/ORANGE/d8e2adb05e5f.npz,98,25.0,3.92,1.0,1.0,,
44f0f6477743,ORANGE,include_video,video,,include_video:clip:44f0f6477743,data/raw/include_video/Colours/53. Orange/MVI_3886.MOV,data/processed/landmarks/include_video/ORANGE/44f0f6477743.npz,87,25.0,3.48,1.0,1.0,,
9edda1fffe59,ORANGE,include_video,video,,include_video:clip:9edda1fffe59,data/raw/include_video/Colours/53. Orange/MVI_4036.MOV,data/processed/landmarks/include_video/ORANGE/9edda1fffe59.npz,57,25.0,2.28,1.0,1.0,,
322644a4c012,ORANGE,include_video,video,,include_video:clip:322644a4c012,data/raw/include_video/Colours/53. Orange/MVI_4037.MOV,data/processed/landmarks/include_video/ORANGE/322644a4c012.npz,58,25.0,2.32,1.0,1.0,,
5f7302b1e60b,ORANGE,include_video,video,,include_video:clip:5f7302b1e60b,data/raw/include_video/Colours/53. Orange/MVI_4038.MOV,data/processed/landmarks/include_video/ORANGE/5f7302b1e60b.npz,51,25.0,2.04,1.0,1.0,,
32b699761fd2,ORANGE,include_video,video,,include_video:clip:32b699761fd2,data/raw/include_video/Colours/53. Orange/MVI_4214.MOV,data/processed/landmarks/include_video/ORANGE/32b699761fd2.npz,52,25.0,2.08,1.0,1.0,,
a5843eedb81c,ORANGE,include_video,video,,include_video:clip:a5843eedb81c,data/raw/include_video/Colours/53. Orange/MVI_4915.MOV,data/processed/landmarks/include_video/ORANGE/a5843eedb81c.npz,47,25.0,1.88,1.0,1.0,,
4948121dfe06,ORANGE,include_video,video,,include_video:clip:4948121dfe06,data/raw/include_video/Colours/53. Orange/MVI_4916.MOV,data/processed/landmarks/include_video/ORANGE/4948121dfe06.npz,57,25.0,2.28,1.0,1.0,,
8fd174d13cb8,ORANGE,include_video,video,,include_video:clip:8fd174d13cb8,data/raw/include_video/Colours/53. Orange/MVI_4917.MOV,data/processed/landmarks/include_video/ORANGE/8fd174d13cb8.npz,40,25.0,1.6,1.0,1.0,,
095f0ea7c620,ORANGE,include_video,video,,include_video:clip:095f0ea7c620,data/raw/include_video/Colours/53. Orange/MVI_5055.MOV,data/processed/landmarks/include_video/ORANGE/095f0ea7c620.npz,54,25.0,2.16,0.463,1.0,low_hand_detection,
ac58f598d68e,ORANGE,include_video,video,,include_video:clip:ac58f598d68e,data/raw/include_video/Colours/53. Orange/MVI_5056.MOV,data/processed/landmarks/include_video/ORANGE/ac58f598d68e.npz,56,25.0,2.24,0.6607,1.0,,
ae5aec796fc9,ORANGE,include_video,video,,include_video:clip:ae5aec796fc9,data/raw/include_video/Colours/53. Orange/MVI_5057.MOV,data/processed/landmarks/include_video/ORANGE/ae5aec796fc9.npz,52,25.0,2.08,0.4423,0.9808,low_hand_detection,
ff1ccbee6140,ORANGE,include_video,video,,include_video:clip:ff1ccbee6140,data/raw/include_video/Colours/53. Orange/MVI_5203.MOV,data/processed/landmarks/include_video/ORANGE/ff1ccbee6140.npz,54,25.0,2.16,1.0,1.0,,
fa213b67976a,ORANGE,include_video,video,,include_video:clip:fa213b67976a,data/raw/include_video/Colours/53. Orange/MVI_5204.MOV,data/processed/landmarks/include_video/ORANGE/fa213b67976a.npz,55,25.0,2.2,1.0,1.0,,
ad2862c9b984,ORANGE,include_video,video,,include_video:clip:ad2862c9b984,data/raw/include_video/Colours/53. Orange/MVI_5205.MOV,data/processed/landmarks/include_video/ORANGE/ad2862c9b984.npz,57,25.0,2.28,1.0,1.0,,
bfe8ba1748aa,ORANGE,include_video,video,,include_video:clip:bfe8ba1748aa,data/raw/include_video/Colours/53. Orange/MVI_8618.MP4,data/processed/landmarks/include_video/ORANGE/bfe8ba1748aa.npz,73,25.0,2.92,0.8082,1.0,,
6da30426373e,PAGE,include_video,video,,include_video:clip:6da30426373e,data/raw/include_video/Home/38. Page/MVI_4403.MOV,data/processed/landmarks/include_video/PAGE/6da30426373e.npz,80,25.0,3.2,0.9,1.0,,
a3f2b79c5674,PAGE,include_video,video,,include_video:clip:a3f2b79c5674,data/raw/include_video/Home/38. Page/MVI_4404.MOV,data/processed/landmarks/include_video/PAGE/a3f2b79c5674.npz,82,25.0,3.28,0.9268,1.0,,
5709148b88a1,PAGE,include_video,video,,include_video:clip:5709148b88a1,data/raw/include_video/Home/38. Page/MVI_4405.MOV,data/processed/landmarks/include_video/PAGE/5709148b88a1.npz,71,25.0,2.84,0.8451,1.0,,
18c6082259ee,PAGE,include_video,video,,include_video:clip:18c6082259ee,data/raw/include_video/Home/38. Page/MVI_4407.MOV,data/processed/landmarks/include_video/PAGE/18c6082259ee.npz,74,25.0,2.96,0.8784,1.0,,
b4187b9bbfc2,PAGE,include_video,video,,include_video:clip:b4187b9bbfc2,data/raw/include_video/Home/38. Page/MVI_4920.MOV,data/processed/landmarks/include_video/PAGE/b4187b9bbfc2.npz,66,25.0,2.64,0.697,1.0,,
54610a1a6e56,PAGE,include_video,video,,include_video:clip:54610a1a6e56,data/raw/include_video/Home/38. Page/MVI_4921.MOV,data/processed/landmarks/include_video/PAGE/54610a1a6e56.npz,64,25.0,2.56,0.75,1.0,,
4a0d2dabfd45,PAGE,include_video,video,,include_video:clip:4a0d2dabfd45,data/raw/include_video/Home/38. Page/MVI_4922.MOV,data/processed/landmarks/include_video/PAGE/4a0d2dabfd45.npz,48,25.0,1.92,1.0,1.0,,
9333044e4760,PAGE,include_video,video,,include_video:clip:9333044e4760,data/raw/include_video/Home/38. Page/MVI_8809.MP4,data/processed/landmarks/include_video/PAGE/9333044e4760.npz,107,25.0,4.28,0.8505,1.0,,
7945feceee6b,PAGE,include_video,video,,include_video:clip:7945feceee6b,data/raw/include_video/Home/38. Page/MVI_8810.MP4,data/processed/landmarks/include_video/PAGE/7945feceee6b.npz,110,25.0,4.4,0.8636,1.0,,
ad413bc8005a,PAGE,include_video,video,,include_video:clip:ad413bc8005a,data/raw/include_video/Home/38. Page/MVI_8811.MP4,data/processed/landmarks/include_video/PAGE/ad413bc8005a.npz,105,25.0,4.2,0.8571,1.0,,
2bc7374c3eb9,PAGE,include_video,video,,include_video:clip:2bc7374c3eb9,data/raw/include_video/Home/38. Page/MVI_8812.MP4,data/processed/landmarks/include_video/PAGE/2bc7374c3eb9.npz,107,25.0,4.28,0.8411,1.0,,
c880f11270a3,PAGE,include_video,video,,include_video:clip:c880f11270a3,data/raw/include_video/Home/38. Page/MVI_9045.MP4,data/processed/landmarks/include_video/PAGE/c880f11270a3.npz,101,25.0,4.04,0.8515,1.0,,
33cc1ccb6b48,PAGE,include_video,video,,include_video:clip:33cc1ccb6b48,data/raw/include_video/Home/38. Page/MVI_9046.MP4,data/processed/landmarks/include_video/PAGE/33cc1ccb6b48.npz,85,25.0,3.4,0.8353,1.0,,
f4aba3d7cfc4,PAGE,include_video,video,,include_video:clip:f4aba3d7cfc4,data/raw/include_video/Home/38. Page/MVI_9047.MP4,data/processed/landmarks/include_video/PAGE/f4aba3d7cfc4.npz,87,25.0,3.48,0.7586,1.0,,
4a70f1736f89,PAINT,include_video,video,,include_video:clip:4a70f1736f89,data/raw/include_video/Home/40. Paint/MVI_4412.MOV,data/processed/landmarks/include_video/PAINT/4a70f1736f89.npz,56,25.0,2.24,0.8036,1.0,,
b6fbda67f788,PAINT,include_video,video,,include_video:clip:b6fbda67f788,data/raw/include_video/Home/40. Paint/MVI_4413.MOV,data/processed/landmarks/include_video/PAINT/b6fbda67f788.npz,54,25.0,2.16,0.8148,1.0,,
57c21ed60356,PAINT,include_video,video,,include_video:clip:57c21ed60356,data/raw/include_video/Home/40. Paint/MVI_4414.MOV,data/processed/landmarks/include_video/PAINT/57c21ed60356.npz,54,25.0,2.16,0.8148,1.0,,
bebc76d28705,PAINT,include_video,video,,include_video:clip:bebc76d28705,data/raw/include_video/Home/40. Paint/MVI_4415.MOV,data/processed/landmarks/include_video/PAINT/bebc76d28705.npz,58,25.0,2.32,0.7759,1.0,,
853d0e0b442c,PAINT,include_video,video,,include_video:clip:853d0e0b442c,data/raw/include_video/Home/40. Paint/MVI_4926.MOV,data/processed/landmarks/include_video/PAINT/853d0e0b442c.npz,64,25.0,2.56,0.7969,1.0,,
17e45f28357f,PAINT,include_video,video,,include_video:clip:17e45f28357f,data/raw/include_video/Home/40. Paint/MVI_4927.MOV,data/processed/landmarks/include_video/PAINT/17e45f28357f.npz,65,25.0,2.6,0.7692,1.0,,
0e7afebf9ee7,PAINT,include_video,video,,include_video:clip:0e7afebf9ee7,data/raw/include_video/Home/40. Paint/MVI_4928.MOV,data/processed/landmarks/include_video/PAINT/0e7afebf9ee7.npz,57,25.0,2.28,0.807,1.0,,
fe38a098f1e3,PAINT,include_video,video,,include_video:clip:fe38a098f1e3,data/raw/include_video/Home/40. Paint/MVI_8817.MP4,data/processed/landmarks/include_video/PAINT/fe38a098f1e3.npz,76,25.0,3.04,0.7632,1.0,,
fbef11e93a14,PAINT,include_video,video,,include_video:clip:fbef11e93a14,data/raw/include_video/Home/40. Paint/MVI_8818.MP4,data/processed/landmarks/include_video/PAINT/fbef11e93a14.npz,69,25.0,2.76,0.7246,1.0,,
de2c80b3d088,PAINT,include_video,video,,include_video:clip:de2c80b3d088,data/raw/include_video/Home/40. Paint/MVI_8819.MP4,data/processed/landmarks/include_video/PAINT/de2c80b3d088.npz,70,25.0,2.8,0.7571,1.0,,
83ab17df07c7,PAINT,include_video,video,,include_video:clip:83ab17df07c7,data/raw/include_video/Home/40. Paint/MVI_8820.MP4,data/processed/landmarks/include_video/PAINT/83ab17df07c7.npz,66,25.0,2.64,0.7727,1.0,,
8fa2615bfa5f,PAINT,include_video,video,,include_video:clip:8fa2615bfa5f,data/raw/include_video/Home/40. Paint/MVI_8821.MP4,data/processed/landmarks/include_video/PAINT/8fa2615bfa5f.npz,73,25.0,2.92,0.7945,1.0,,
fe65bc1e9809,PAINT,include_video,video,,include_video:clip:fe65bc1e9809,data/raw/include_video/Home/40. Paint/MVI_9051.MP4,data/processed/landmarks/include_video/PAINT/fe65bc1e9809.npz,70,25.0,2.8,0.8286,1.0,,
8b1545ca37e0,PAINT,include_video,video,,include_video:clip:8b1545ca37e0,data/raw/include_video/Home/40. Paint/MVI_9052.MP4,data/processed/landmarks/include_video/PAINT/8b1545ca37e0.npz,68,25.0,2.72,0.8235,1.0,,
1b744211af3d,PAINT,include_video,video,,include_video:clip:1b744211af3d,data/raw/include_video/Home/40. Paint/MVI_9053.MP4,data/processed/landmarks/include_video/PAINT/1b744211af3d.npz,72,25.0,2.88,0.8472,1.0,,
592c4bc36706,PANT,include_video,video,,include_video:clip:592c4bc36706,data/raw/include_video/Clothes/43. Pant/MVI_3707.MOV,data/processed/landmarks/include_video/PANT/592c4bc36706.npz,77,25.0,3.08,0.9351,1.0,,
39276896e61f,PANT,include_video,video,,include_video:clip:39276896e61f,data/raw/include_video/Clothes/43. Pant/MVI_3708.MOV,data/processed/landmarks/include_video/PANT/39276896e61f.npz,63,25.0,2.52,0.9206,1.0,,
f673a4249f37,PANT,include_video,video,,include_video:clip:f673a4249f37,data/raw/include_video/Clothes/43. Pant/MVI_3709.MOV,data/processed/landmarks/include_video/PANT/f673a4249f37.npz,59,25.0,2.36,0.9661,1.0,,
f562f783b57a,PANT,include_video,video,,include_video:clip:f562f783b57a,data/raw/include_video/Clothes/43. Pant/MVI_3853.MOV,data/processed/landmarks/include_video/PANT/f562f783b57a.npz,74,25.0,2.96,0.973,1.0,,
5a5cc8cf602b,PANT,include_video,video,,include_video:clip:5a5cc8cf602b,data/raw/include_video/Clothes/43. Pant/MVI_3854.MOV,data/processed/landmarks/include_video/PANT/5a5cc8cf602b.npz,80,25.0,3.2,1.0,1.0,,
f41beacc86e0,PANT,include_video,video,,include_video:clip:f41beacc86e0,data/raw/include_video/Clothes/43. Pant/MVI_3855.MOV,data/processed/landmarks/include_video/PANT/f41beacc86e0.npz,67,25.0,2.68,1.0,1.0,,
fb77b38d7dbf,PANT,include_video,video,,include_video:clip:fb77b38d7dbf,data/raw/include_video/Clothes/43. Pant/MVI_4005.MOV,data/processed/landmarks/include_video/PANT/fb77b38d7dbf.npz,61,25.0,2.44,0.9344,1.0,,
2ad480b1cf95,PANT,include_video,video,,include_video:clip:2ad480b1cf95,data/raw/include_video/Clothes/43. Pant/MVI_4006.MOV,data/processed/landmarks/include_video/PANT/2ad480b1cf95.npz,66,25.0,2.64,0.9545,1.0,,
be71aaf8dbc1,PANT,include_video,video,,include_video:clip:be71aaf8dbc1,data/raw/include_video/Clothes/43. Pant/MVI_4007.MOV,data/processed/landmarks/include_video/PANT/be71aaf8dbc1.npz,65,25.0,2.6,0.9692,1.0,,
39430d601b48,PANT,include_video,video,,include_video:clip:39430d601b48,data/raw/include_video/Clothes/43. Pant/MVI_4203.MOV,data/processed/landmarks/include_video/PANT/39430d601b48.npz,43,25.0,1.72,0.8837,1.0,,
65a08db5ed2c,PANT,include_video,video,,include_video:clip:65a08db5ed2c,data/raw/include_video/Clothes/43. Pant/MVI_4884.MOV,data/processed/landmarks/include_video/PANT/65a08db5ed2c.npz,52,25.0,2.08,0.8462,1.0,,
57668e71c988,PANT,include_video,video,,include_video:clip:57668e71c988,data/raw/include_video/Clothes/43. Pant/MVI_4885.MOV,data/processed/landmarks/include_video/PANT/57668e71c988.npz,65,25.0,2.6,0.9385,1.0,,
634b96435e7d,PANT,include_video,video,,include_video:clip:634b96435e7d,data/raw/include_video/Clothes/43. Pant/MVI_4886.MOV,data/processed/landmarks/include_video/PANT/634b96435e7d.npz,48,25.0,1.92,0.8542,1.0,,
07f883f0c21f,PANT,include_video,video,,include_video:clip:07f883f0c21f,data/raw/include_video/Clothes/43. Pant/MVI_5024.MOV,data/processed/landmarks/include_video/PANT/07f883f0c21f.npz,47,25.0,1.88,0.8936,1.0,,
0f296d885daf,PANT,include_video,video,,include_video:clip:0f296d885daf,data/raw/include_video/Clothes/43. Pant/MVI_5025.MOV,data/processed/landmarks/include_video/PANT/0f296d885daf.npz,53,25.0,2.12,0.9434,1.0,,
f009e49459a3,PANT,include_video,video,,include_video:clip:f009e49459a3,data/raw/include_video/Clothes/43. Pant/MVI_5026.MOV,data/processed/landmarks/include_video/PANT/f009e49459a3.npz,51,25.0,2.04,0.9412,1.0,,
a92ada09e089,PANT,include_video,video,,include_video:clip:a92ada09e089,data/raw/include_video/Clothes/43. Pant/MVI_5172.MOV,data/processed/landmarks/include_video/PANT/a92ada09e089.npz,53,25.0,2.12,0.8491,1.0,,
80460e8e6d50,PANT,include_video,video,,include_video:clip:80460e8e6d50,data/raw/include_video/Clothes/43. Pant/MVI_5173.MOV,data/processed/landmarks/include_video/PANT/80460e8e6d50.npz,43,25.0,1.72,0.814,1.0,,
4fdd35bd31d1,PANT,include_video,video,,include_video:clip:4fdd35bd31d1,data/raw/include_video/Clothes/43. Pant/MVI_5174.MOV,data/processed/landmarks/include_video/PANT/4fdd35bd31d1.npz,39,25.0,1.56,0.8462,1.0,,
5c62d5dd1ba6,PANT,include_video,video,,include_video:clip:5c62d5dd1ba6,data/raw/include_video/Clothes/43. Pant/MVI_8607.MP4,data/processed/landmarks/include_video/PANT/5c62d5dd1ba6.npz,55,25.0,2.2,0.8909,1.0,,
c4e0fda71058,PAPER,include_video,video,,include_video:clip:c4e0fda71058,data/raw/include_video/Home/42. Paper/MVI_4420.MOV,data/processed/landmarks/include_video/PAPER/c4e0fda71058.npz,56,25.0,2.24,0.9286,1.0,,
ae11a0649d1a,PAPER,include_video,video,,include_video:clip:ae11a0649d1a,data/raw/include_video/Home/42. Paper/MVI_4421.MOV,data/processed/landmarks/include_video/PAPER/ae11a0649d1a.npz,57,25.0,2.28,0.9298,1.0,,
7a4bbf4f26c9,PAPER,include_video,video,,include_video:clip:7a4bbf4f26c9,data/raw/include_video/Home/42. Paper/MVI_4422.MOV,data/processed/landmarks/include_video/PAPER/7a4bbf4f26c9.npz,57,25.0,2.28,0.8947,1.0,,
664c1dc0ab2e,PAPER,include_video,video,,include_video:clip:664c1dc0ab2e,data/raw/include_video/Home/42. Paper/MVI_4423.MOV,data/processed/landmarks/include_video/PAPER/664c1dc0ab2e.npz,50,25.0,2.0,0.92,1.0,,
55575414c791,PAPER,include_video,video,,include_video:clip:55575414c791,data/raw/include_video/Home/42. Paper/MVI_4932.MOV,data/processed/landmarks/include_video/PAPER/55575414c791.npz,63,25.0,2.52,0.6984,1.0,,
1031bb2f5123,PAPER,include_video,video,,include_video:clip:1031bb2f5123,data/raw/include_video/Home/42. Paper/MVI_4933.MOV,data/processed/landmarks/include_video/PAPER/1031bb2f5123.npz,66,25.0,2.64,0.6818,1.0,,
e9b2f17a8c3d,PAPER,include_video,video,,include_video:clip:e9b2f17a8c3d,data/raw/include_video/Home/42. Paper/MVI_4934.MOV,data/processed/landmarks/include_video/PAPER/e9b2f17a8c3d.npz,50,25.0,2.0,0.78,1.0,,
243eb5b3e29b,PAPER,include_video,video,,include_video:clip:243eb5b3e29b,data/raw/include_video/Home/42. Paper/MVI_8826.MP4,data/processed/landmarks/include_video/PAPER/243eb5b3e29b.npz,75,25.0,3.0,0.8667,1.0,,
e96123dbf1f8,PAPER,include_video,video,,include_video:clip:e96123dbf1f8,data/raw/include_video/Home/42. Paper/MVI_8827.MP4,data/processed/landmarks/include_video/PAPER/e96123dbf1f8.npz,72,25.0,2.88,0.8889,1.0,,
71ca7c229976,PAPER,include_video,video,,include_video:clip:71ca7c229976,data/raw/include_video/Home/42. Paper/MVI_8828.MP4,data/processed/landmarks/include_video/PAPER/71ca7c229976.npz,62,25.0,2.48,0.8548,1.0,,
7e4eb16459d2,PAPER,include_video,video,,include_video:clip:7e4eb16459d2,data/raw/include_video/Home/42. Paper/MVI_8829.MP4,data/processed/landmarks/include_video/PAPER/7e4eb16459d2.npz,68,25.0,2.72,0.9118,1.0,,
b39b6ed60e90,PAPER,include_video,video,,include_video:clip:b39b6ed60e90,data/raw/include_video/Home/42. Paper/MVI_9057.MP4,data/processed/landmarks/include_video/PAPER/b39b6ed60e90.npz,75,25.0,3.0,0.92,1.0,,
aafb44a4eba2,PAPER,include_video,video,,include_video:clip:aafb44a4eba2,data/raw/include_video/Home/42. Paper/MVI_9058.MP4,data/processed/landmarks/include_video/PAPER/aafb44a4eba2.npz,72,25.0,2.88,0.9167,1.0,,
88a34b114294,PAPER,include_video,video,,include_video:clip:88a34b114294,data/raw/include_video/Home/42. Paper/MVI_9059.MP4,data/processed/landmarks/include_video/PAPER/88a34b114294.npz,73,25.0,2.92,0.9178,1.0,,
761e68da0278,PATIENT,include_video,video,,include_video:clip:761e68da0278,data/raw/include_video/Jobs/88. Patient/MVI_4474.MOV,data/processed/landmarks/include_video/PATIENT/761e68da0278.npz,96,25.0,3.84,0.8438,1.0,,
fb3fdcc13f13,PATIENT,include_video,video,,include_video:clip:fb3fdcc13f13,data/raw/include_video/Jobs/88. Patient/MVI_4475.MOV,data/processed/landmarks/include_video/PATIENT/fb3fdcc13f13.npz,73,25.0,2.92,0.8082,0.9863,,
6569c509d9ac,PATIENT,include_video,video,,include_video:clip:6569c509d9ac,data/raw/include_video/Jobs/88. Patient/MVI_4476.MOV,data/processed/landmarks/include_video/PATIENT/6569c509d9ac.npz,88,25.0,3.52,0.9205,1.0,,
36fedf1a7542,PATIENT,include_video,video,,include_video:clip:36fedf1a7542,data/raw/include_video/Jobs/88. Patient/MVI_4477.MOV,data/processed/landmarks/include_video/PATIENT/36fedf1a7542.npz,92,25.0,3.68,0.913,1.0,,
6ce167a706dc,PATIENT,include_video,video,,include_video:clip:6ce167a706dc,data/raw/include_video/Jobs/88. Patient/MVI_4758.MOV,data/processed/landmarks/include_video/PATIENT/6ce167a706dc.npz,70,25.0,2.8,1.0,1.0,,
d2d47f30d679,PATIENT,include_video,video,,include_video:clip:d2d47f30d679,data/raw/include_video/Jobs/88. Patient/MVI_4759.MOV,data/processed/landmarks/include_video/PATIENT/d2d47f30d679.npz,62,25.0,2.48,0.9677,1.0,,
cfc50003037d,PATIENT,include_video,video,,include_video:clip:cfc50003037d,data/raw/include_video/Jobs/88. Patient/MVI_4760.MOV,data/processed/landmarks/include_video/PATIENT/cfc50003037d.npz,56,25.0,2.24,1.0,1.0,,
e93f64edd59f,PATIENT,include_video,video,,include_video:clip:e93f64edd59f,data/raw/include_video/Jobs/88. Patient/MVI_5326.MOV,data/processed/landmarks/include_video/PATIENT/e93f64edd59f.npz,55,25.0,2.2,0.8727,1.0,,
1d4d7d3428db,PATIENT,include_video,video,,include_video:clip:1d4d7d3428db,data/raw/include_video/Jobs/88. Patient/MVI_5327.MOV,data/processed/landmarks/include_video/PATIENT/1d4d7d3428db.npz,60,25.0,2.4,0.9,1.0,,
89631ab9a20d,PATIENT,include_video,video,,include_video:clip:89631ab9a20d,data/raw/include_video/Jobs/88. Patient/MVI_5328.MOV,data/processed/landmarks/include_video/PATIENT/89631ab9a20d.npz,62,25.0,2.48,0.8871,1.0,,
825dbdda9239,PATIENT,include_video,video,,include_video:clip:825dbdda9239,data/raw/include_video/Jobs/88. Patient/MVI_5329.MOV,data/processed/landmarks/include_video/PATIENT/825dbdda9239.npz,60,25.0,2.4,0.8833,1.0,,
d03dc2e9a6c6,PATIENT,include_video,video,,include_video:clip:d03dc2e9a6c6,data/raw/include_video/Jobs/88. Patient/MVI_8878.MP4,data/processed/landmarks/include_video/PATIENT/d03dc2e9a6c6.npz,67,25.0,2.68,1.0,1.0,,
13de8d074c51,PATIENT,include_video,video,,include_video:clip:13de8d074c51,data/raw/include_video/Jobs/88. Patient/MVI_8879.MP4,data/processed/landmarks/include_video/PATIENT/13de8d074c51.npz,71,25.0,2.84,1.0,1.0,,
cbe300a54a92,PATIENT,include_video,video,,include_video:clip:cbe300a54a92,data/raw/include_video/Jobs/88. Patient/MVI_8880.MP4,data/processed/landmarks/include_video/PATIENT/cbe300a54a92.npz,80,25.0,3.2,1.0,1.0,,
e3b809844380,PEN,include_video,video,,include_video:clip:e3b809844380,data/raw/include_video/Home/34. Pen/MVI_4387.MOV,data/processed/landmarks/include_video/PEN/e3b809844380.npz,64,25.0,2.56,1.0,1.0,,
559e47f01a46,PEN,include_video,video,,include_video:clip:559e47f01a46,data/raw/include_video/Home/34. Pen/MVI_4388.MOV,data/processed/landmarks/include_video/PEN/559e47f01a46.npz,53,25.0,2.12,1.0,1.0,,
571d52a9fc11,PEN,include_video,video,,include_video:clip:571d52a9fc11,data/raw/include_video/Home/34. Pen/MVI_4389.MOV,data/processed/landmarks/include_video/PEN/571d52a9fc11.npz,55,25.0,2.2,1.0,1.0,,
f8e2326cde44,PEN,include_video,video,,include_video:clip:f8e2326cde44,data/raw/include_video/Home/34. Pen/MVI_4390.MOV,data/processed/landmarks/include_video/PEN/f8e2326cde44.npz,57,25.0,2.28,1.0,1.0,,
d02354461212,PEN,include_video,video,,include_video:clip:d02354461212,data/raw/include_video/Home/34. Pen/MVI_4906.MOV,data/processed/landmarks/include_video/PEN/d02354461212.npz,52,25.0,2.08,0.9808,1.0,,
1d16173a5358,PEN,include_video,video,,include_video:clip:1d16173a5358,data/raw/include_video/Home/34. Pen/MVI_4907.MOV,data/processed/landmarks/include_video/PEN/1d16173a5358.npz,48,25.0,1.92,0.75,1.0,,
2b6b007af639,PEN,include_video,video,,include_video:clip:2b6b007af639,data/raw/include_video/Home/34. Pen/MVI_4908.MOV,data/processed/landmarks/include_video/PEN/2b6b007af639.npz,58,25.0,2.32,0.7931,1.0,,
96f440b29d0d,PEN,include_video,video,,include_video:clip:96f440b29d0d,data/raw/include_video/Home/34. Pen/MVI_8791.MP4,data/processed/landmarks/include_video/PEN/96f440b29d0d.npz,57,25.0,2.28,1.0,1.0,,
e0d709fb227e,PEN,include_video,video,,include_video:clip:e0d709fb227e,data/raw/include_video/Home/34. Pen/MVI_8793.MP4,data/processed/landmarks/include_video/PEN/e0d709fb227e.npz,69,25.0,2.76,1.0,1.0,,
b70b40748a8d,PEN,include_video,video,,include_video:clip:b70b40748a8d,data/raw/include_video/Home/34. Pen/MVI_8794.MP4,data/processed/landmarks/include_video/PEN/b70b40748a8d.npz,63,25.0,2.52,1.0,1.0,,
4e731b182620,PEN,include_video,video,,include_video:clip:4e731b182620,data/raw/include_video/Home/34. Pen/MVI_8795.MP4,data/processed/landmarks/include_video/PEN/4e731b182620.npz,62,25.0,2.48,1.0,1.0,,
a24b2a1e6ceb,PEN,include_video,video,,include_video:clip:a24b2a1e6ceb,data/raw/include_video/Home/34. Pen/MVI_9032.MP4,data/processed/landmarks/include_video/PEN/a24b2a1e6ceb.npz,63,25.0,2.52,1.0,1.0,,
17f6e5150cda,PEN,include_video,video,,include_video:clip:17f6e5150cda,data/raw/include_video/Home/34. Pen/MVI_9033.MP4,data/processed/landmarks/include_video/PEN/17f6e5150cda.npz,68,25.0,2.72,1.0,1.0,,
0178b5f93582,PEN,include_video,video,,include_video:clip:0178b5f93582,data/raw/include_video/Home/34. Pen/MVI_9034.MP4,data/processed/landmarks/include_video/PEN/0178b5f93582.npz,59,25.0,2.36,1.0,1.0,,
15a218bd179e,PENCIL,include_video,video,,include_video:clip:15a218bd179e,data/raw/include_video/Home/33. Pencil/MVI_4383.MOV,data/processed/landmarks/include_video/PENCIL/15a218bd179e.npz,65,25.0,2.6,1.0,1.0,,
d7e9481ea374,PENCIL,include_video,video,,include_video:clip:d7e9481ea374,data/raw/include_video/Home/33. Pencil/MVI_4384.MOV,data/processed/landmarks/include_video/PENCIL/d7e9481ea374.npz,54,25.0,2.16,1.0,1.0,,
f6dd486b53db,PENCIL,include_video,video,,include_video:clip:f6dd486b53db,data/raw/include_video/Home/33. Pencil/MVI_4385.MOV,data/processed/landmarks/include_video/PENCIL/f6dd486b53db.npz,52,25.0,2.08,1.0,1.0,,
7ac70de9096a,PENCIL,include_video,video,,include_video:clip:7ac70de9096a,data/raw/include_video/Home/33. Pencil/MVI_4386.MOV,data/processed/landmarks/include_video/PENCIL/7ac70de9096a.npz,53,25.0,2.12,1.0,1.0,,
07b90e43a7cc,PENCIL,include_video,video,,include_video:clip:07b90e43a7cc,data/raw/include_video/Home/33. Pencil/MVI_4903.MOV,data/processed/landmarks/include_video/PENCIL/07b90e43a7cc.npz,52,25.0,2.08,1.0,1.0,,
0bd3481e4043,PENCIL,include_video,video,,include_video:clip:0bd3481e4043,data/raw/include_video/Home/33. Pencil/MVI_4904.MOV,data/processed/landmarks/include_video/PENCIL/0bd3481e4043.npz,53,25.0,2.12,1.0,1.0,,
f144d9e5f702,PENCIL,include_video,video,,include_video:clip:f144d9e5f702,data/raw/include_video/Home/33. Pencil/MVI_4905.MOV,data/processed/landmarks/include_video/PENCIL/f144d9e5f702.npz,55,25.0,2.2,0.7455,1.0,,
d0bc3810609f,PENCIL,include_video,video,,include_video:clip:d0bc3810609f,data/raw/include_video/Home/33. Pencil/MVI_8786.MP4,data/processed/landmarks/include_video/PENCIL/d0bc3810609f.npz,66,25.0,2.64,1.0,1.0,,
7d43a57dd38c,PENCIL,include_video,video,,include_video:clip:7d43a57dd38c,data/raw/include_video/Home/33. Pencil/MVI_8787.MP4,data/processed/landmarks/include_video/PENCIL/7d43a57dd38c.npz,61,25.0,2.44,1.0,1.0,,
1bd45aecb927,PENCIL,include_video,video,,include_video:clip:1bd45aecb927,data/raw/include_video/Home/33. Pencil/MVI_8788.MP4,data/processed/landmarks/include_video/PENCIL/1bd45aecb927.npz,59,25.0,2.36,1.0,1.0,,
a191965299b4,PENCIL,include_video,video,,include_video:clip:a191965299b4,data/raw/include_video/Home/33. Pencil/MVI_8789.MP4,data/processed/landmarks/include_video/PENCIL/a191965299b4.npz,63,25.0,2.52,0.9524,1.0,,
d8a44346b702,PENCIL,include_video,video,,include_video:clip:d8a44346b702,data/raw/include_video/Home/33. Pencil/MVI_9029.MP4,data/processed/landmarks/include_video/PENCIL/d8a44346b702.npz,63,25.0,2.52,1.0,1.0,,
6c1741e07aa0,PENCIL,include_video,video,,include_video:clip:6c1741e07aa0,data/raw/include_video/Home/33. Pencil/MVI_9030.MP4,data/processed/landmarks/include_video/PENCIL/6c1741e07aa0.npz,58,25.0,2.32,1.0,1.0,,
0f94e3259990,PENCIL,include_video,video,,include_video:clip:0f94e3259990,data/raw/include_video/Home/33. Pencil/MVI_9031.MP4,data/processed/landmarks/include_video/PENCIL/0f94e3259990.npz,65,25.0,2.6,1.0,1.0,,
56b342bb3558,PHOTOGRAPH,include_video,video,,include_video:clip:56b342bb3558,data/raw/include_video/Home/35. Photograph/MVI_4391.MOV,data/processed/landmarks/include_video/PHOTOGRAPH/56b342bb3558.npz,62,25.0,2.48,0.9032,1.0,,
eccc5818d920,PHOTOGRAPH,include_video,video,,include_video:clip:eccc5818d920,data/raw/include_video/Home/35. Photograph/MVI_4392.MOV,data/processed/landmarks/include_video/PHOTOGRAPH/eccc5818d920.npz,61,25.0,2.44,0.8852,1.0,,
1cec36e5a025,PHOTOGRAPH,include_video,video,,include_video:clip:1cec36e5a025,data/raw/include_video/Home/35. Photograph/MVI_4393.MOV,data/processed/landmarks/include_video/PHOTOGRAPH/1cec36e5a025.npz,66,25.0,2.64,0.9242,1.0,,
2bcbda93dfc7,PHOTOGRAPH,include_video,video,,include_video:clip:2bcbda93dfc7,data/raw/include_video/Home/35. Photograph/MVI_4394.MOV,data/processed/landmarks/include_video/PHOTOGRAPH/2bcbda93dfc7.npz,60,25.0,2.4,0.9167,1.0,,
b07850d878a3,PHOTOGRAPH,include_video,video,,include_video:clip:b07850d878a3,data/raw/include_video/Home/35. Photograph/MVI_4909.MOV,data/processed/landmarks/include_video/PHOTOGRAPH/b07850d878a3.npz,59,25.0,2.36,0.7288,1.0,,
589e2af8d2d5,PHOTOGRAPH,include_video,video,,include_video:clip:589e2af8d2d5,data/raw/include_video/Home/35. Photograph/MVI_4910.MOV,data/processed/landmarks/include_video/PHOTOGRAPH/589e2af8d2d5.npz,58,25.0,2.32,0.7586,1.0,,
59ac6672c15d,PHOTOGRAPH,include_video,video,,include_video:clip:59ac6672c15d,data/raw/include_video/Home/35. Photograph/MVI_4911.MOV,data/processed/landmarks/include_video/PHOTOGRAPH/59ac6672c15d.npz,60,25.0,2.4,0.6833,1.0,,
e1c193dc09b2,PHOTOGRAPH,include_video,video,,include_video:clip:e1c193dc09b2,data/raw/include_video/Home/35. Photograph/MVI_8796.MP4,data/processed/landmarks/include_video/PHOTOGRAPH/e1c193dc09b2.npz,75,25.0,3.0,0.8267,1.0,,
4c2891303ac6,PHOTOGRAPH,include_video,video,,include_video:clip:4c2891303ac6,data/raw/include_video/Home/35. Photograph/MVI_8797.MP4,data/processed/landmarks/include_video/PHOTOGRAPH/4c2891303ac6.npz,82,25.0,3.28,0.8293,1.0,,
2735c9553bfd,PHOTOGRAPH,include_video,video,,include_video:clip:2735c9553bfd,data/raw/include_video/Home/35. Photograph/MVI_8798.MP4,data/processed/landmarks/include_video/PHOTOGRAPH/2735c9553bfd.npz,69,25.0,2.76,0.8406,1.0,,
7870685e6410,PHOTOGRAPH,include_video,video,,include_video:clip:7870685e6410,data/raw/include_video/Home/35. Photograph/MVI_8799.MP4,data/processed/landmarks/include_video/PHOTOGRAPH/7870685e6410.npz,75,25.0,3.0,0.8667,1.0,,
81710aab85b6,PHOTOGRAPH,include_video,video,,include_video:clip:81710aab85b6,data/raw/include_video/Home/35. Photograph/MVI_9035.MP4,data/processed/landmarks/include_video/PHOTOGRAPH/81710aab85b6.npz,65,25.0,2.6,0.4462,1.0,low_hand_detection,
340f208bf17a,PHOTOGRAPH,include_video,video,,include_video:clip:340f208bf17a,data/raw/include_video/Home/35. Photograph/MVI_9036.MP4,data/processed/landmarks/include_video/PHOTOGRAPH/340f208bf17a.npz,72,25.0,2.88,0.7917,1.0,,
2c7dafefd9b8,PHOTOGRAPH,include_video,video,,include_video:clip:2c7dafefd9b8,data/raw/include_video/Home/35. Photograph/MVI_9037.MP4,data/processed/landmarks/include_video/PHOTOGRAPH/2c7dafefd9b8.npz,73,25.0,2.92,0.8082,1.0,,
22fe2c04dfd7,PINK,include_video,video,,include_video:clip:22fe2c04dfd7,data/raw/include_video/Colours/52. Pink/MVI_3734.MOV,data/processed/landmarks/include_video/PINK/22fe2c04dfd7.npz,53,25.0,2.12,1.0,1.0,,
12106e837ecb,PINK,include_video,video,,include_video:clip:12106e837ecb,data/raw/include_video/Colours/52. Pink/MVI_3735.MOV,data/processed/landmarks/include_video/PINK/12106e837ecb.npz,50,25.0,2.0,1.0,1.0,,
25c636527f86,PINK,include_video,video,,include_video:clip:25c636527f86,data/raw/include_video/Colours/52. Pink/MVI_3736.MOV,data/processed/landmarks/include_video/PINK/25c636527f86.npz,59,25.0,2.36,1.0,1.0,,
21a1b1d6ed19,PINK,include_video,video,,include_video:clip:21a1b1d6ed19,data/raw/include_video/Colours/52. Pink/MVI_3881.MOV,data/processed/landmarks/include_video/PINK/21a1b1d6ed19.npz,70,25.0,2.8,1.0,1.0,,
a50b138e8eaa,PINK,include_video,video,,include_video:clip:a50b138e8eaa,data/raw/include_video/Colours/52. Pink/MVI_3882.MOV,data/processed/landmarks/include_video/PINK/a50b138e8eaa.npz,74,25.0,2.96,1.0,1.0,,
fb55f19463e4,PINK,include_video,video,,include_video:clip:fb55f19463e4,data/raw/include_video/Colours/52. Pink/MVI_3883.MOV,data/processed/landmarks/include_video/PINK/fb55f19463e4.npz,67,25.0,2.68,1.0,1.0,,
423c0718267b,PINK,include_video,video,,include_video:clip:423c0718267b,data/raw/include_video/Colours/52. Pink/MVI_4033.MOV,data/processed/landmarks/include_video/PINK/423c0718267b.npz,53,25.0,2.12,1.0,1.0,,
175c8934e952,PINK,include_video,video,,include_video:clip:175c8934e952,data/raw/include_video/Colours/52. Pink/MVI_4034.MOV,data/processed/landmarks/include_video/PINK/175c8934e952.npz,52,25.0,2.08,1.0,1.0,,
448146a5cad6,PINK,include_video,video,,include_video:clip:448146a5cad6,data/raw/include_video/Colours/52. Pink/MVI_4035.MOV,data/processed/landmarks/include_video/PINK/448146a5cad6.npz,54,25.0,2.16,1.0,1.0,,
efd8f7a43cf0,PINK,include_video,video,,include_video:clip:efd8f7a43cf0,data/raw/include_video/Colours/52. Pink/MVI_4213.MOV,data/processed/landmarks/include_video/PINK/efd8f7a43cf0.npz,55,25.0,2.2,1.0,1.0,,
b7aa1784de46,PINK,include_video,video,,include_video:clip:b7aa1784de46,data/raw/include_video/Colours/52. Pink/MVI_4912.MOV,data/processed/landmarks/include_video/PINK/b7aa1784de46.npz,54,25.0,2.16,1.0,1.0,,
bc94d904e80f,PINK,include_video,video,,include_video:clip:bc94d904e80f,data/raw/include_video/Colours/52. Pink/MVI_4913.MOV,data/processed/landmarks/include_video/PINK/bc94d904e80f.npz,51,25.0,2.04,1.0,1.0,,
cf35ffd5cdaf,PINK,include_video,video,,include_video:clip:cf35ffd5cdaf,data/raw/include_video/Colours/52. Pink/MVI_4914.MOV,data/processed/landmarks/include_video/PINK/cf35ffd5cdaf.npz,57,25.0,2.28,1.0,1.0,,
021bae58d4d9,PINK,include_video,video,,include_video:clip:021bae58d4d9,data/raw/include_video/Colours/52. Pink/MVI_5052.MOV,data/processed/landmarks/include_video/PINK/021bae58d4d9.npz,63,25.0,2.52,1.0,1.0,,
aec6bf59dfe4,PINK,include_video,video,,include_video:clip:aec6bf59dfe4,data/raw/include_video/Colours/52. Pink/MVI_5053.MOV,data/processed/landmarks/include_video/PINK/aec6bf59dfe4.npz,53,25.0,2.12,1.0,1.0,,
020f916a169d,PINK,include_video,video,,include_video:clip:020f916a169d,data/raw/include_video/Colours/52. Pink/MVI_5054.MOV,data/processed/landmarks/include_video/PINK/020f916a169d.npz,54,25.0,2.16,1.0,1.0,,
780e50af8d08,PINK,include_video,video,,include_video:clip:780e50af8d08,data/raw/include_video/Colours/52. Pink/MVI_5200.MOV,data/processed/landmarks/include_video/PINK/780e50af8d08.npz,68,25.0,2.72,1.0,1.0,,
89391919aadd,PINK,include_video,video,,include_video:clip:89391919aadd,data/raw/include_video/Colours/52. Pink/MVI_5201.MOV,data/processed/landmarks/include_video/PINK/89391919aadd.npz,59,25.0,2.36,1.0,1.0,,
b6b2a2a53715,PINK,include_video,video,,include_video:clip:b6b2a2a53715,data/raw/include_video/Colours/52. Pink/MVI_5202.MOV,data/processed/landmarks/include_video/PINK/b6b2a2a53715.npz,57,25.0,2.28,1.0,1.0,,
ceead8f21c9f,PINK,include_video,video,,include_video:clip:ceead8f21c9f,data/raw/include_video/Colours/52. Pink/MVI_8617.MP4,data/processed/landmarks/include_video/PINK/ceead8f21c9f.npz,64,25.0,2.56,0.7969,1.0,,
0920a03248b7,PLANE,include_video,video,,include_video:clip:0920a03248b7,data/raw/include_video/Means_of_Transportation/10. Plane/MVI_3113.MOV,data/processed/landmarks/include_video/PLANE/0920a03248b7.npz,92,25.0,3.68,0.9891,1.0,,
6a8d8a3a2734,PLANE,include_video,video,,include_video:clip:6a8d8a3a2734,data/raw/include_video/Means_of_Transportation/10. Plane/MVI_3114.MOV,data/processed/landmarks/include_video/PLANE/6a8d8a3a2734.npz,87,25.0,3.48,0.9885,1.0,,
8bcc16e3a398,PLANE,include_video,video,,include_video:clip:8bcc16e3a398,data/raw/include_video/Means_of_Transportation/10. Plane/MVI_3115.MOV,data/processed/landmarks/include_video/PLANE/8bcc16e3a398.npz,74,25.0,2.96,0.9865,1.0,,
bdb13cda20a4,PLANE,include_video,video,,include_video:clip:bdb13cda20a4,data/raw/include_video/Means_of_Transportation/10. Plane/MVI_3142.MOV,data/processed/landmarks/include_video/PLANE/bdb13cda20a4.npz,77,25.0,3.08,1.0,1.0,,
3bf607495be7,PLANE,include_video,video,,include_video:clip:3bf607495be7,data/raw/include_video/Means_of_Transportation/10. Plane/MVI_3143.MOV,data/processed/landmarks/include_video/PLANE/3bf607495be7.npz,72,25.0,2.88,1.0,1.0,,
4391a5e850bf,PLANE,include_video,video,,include_video:clip:4391a5e850bf,data/raw/include_video/Means_of_Transportation/10. Plane/MVI_3144.MOV,data/processed/landmarks/include_video/PLANE/4391a5e850bf.npz,80,25.0,3.2,1.0,1.0,,
b514ef9d030e,PLANE,include_video,video,,include_video:clip:b514ef9d030e,data/raw/include_video/Means_of_Transportation/10. Plane/MVI_3171.MOV,data/processed/landmarks/include_video/PLANE/b514ef9d030e.npz,89,25.0,3.56,1.0,1.0,,
8e225d845fe2,PLANE,include_video,video,,include_video:clip:8e225d845fe2,data/raw/include_video/Means_of_Transportation/10. Plane/MVI_3172.MOV,data/processed/landmarks/include_video/PLANE/8e225d845fe2.npz,73,25.0,2.92,1.0,1.0,,
bfd3f292fc36,PLANE,include_video,video,,include_video:clip:bfd3f292fc36,data/raw/include_video/Means_of_Transportation/10. Plane/MVI_3173.MOV,data/processed/landmarks/include_video/PLANE/bfd3f292fc36.npz,83,25.0,3.32,1.0,1.0,,
624f54862260,PLANE,include_video,video,,include_video:clip:624f54862260,data/raw/include_video/Means_of_Transportation/10. Plane/MVI_3206.MOV,data/processed/landmarks/include_video/PLANE/624f54862260.npz,70,25.0,2.8,1.0,1.0,,
59ed3703bf0d,PLANE,include_video,video,,include_video:clip:59ed3703bf0d,data/raw/include_video/Means_of_Transportation/10. Plane/MVI_3207.MOV,data/processed/landmarks/include_video/PLANE/59ed3703bf0d.npz,64,25.0,2.56,1.0,1.0,,
01a1971fe63a,PLANE,include_video,video,,include_video:clip:01a1971fe63a,data/raw/include_video/Means_of_Transportation/10. Plane/MVI_3208.MOV,data/processed/landmarks/include_video/PLANE/01a1971fe63a.npz,60,25.0,2.4,1.0,1.0,,
3fdb59c0f50c,PLANE,include_video,video,,include_video:clip:3fdb59c0f50c,data/raw/include_video/Means_of_Transportation/10. Plane/MVI_3234.MOV,data/processed/landmarks/include_video/PLANE/3fdb59c0f50c.npz,76,25.0,3.04,1.0,1.0,,
888f5178fb60,PLANE,include_video,video,,include_video:clip:888f5178fb60,data/raw/include_video/Means_of_Transportation/10. Plane/MVI_3235.MOV,data/processed/landmarks/include_video/PLANE/888f5178fb60.npz,81,25.0,3.24,1.0,1.0,,
271d401bb061,PLANE,include_video,video,,include_video:clip:271d401bb061,data/raw/include_video/Means_of_Transportation/10. Plane/MVI_3236.MOV,data/processed/landmarks/include_video/PLANE/271d401bb061.npz,73,25.0,2.92,1.0,1.0,,
bff5ce32540e,PLANE,include_video,video,,include_video:clip:bff5ce32540e,data/raw/include_video/Means_of_Transportation/10. Plane/MVI_3237.MOV,data/processed/landmarks/include_video/PLANE/bff5ce32540e.npz,71,25.0,2.84,1.0,1.0,,
e8ad0dbd2ba1,PLANE,include_video,video,,include_video:clip:e8ad0dbd2ba1,data/raw/include_video/Means_of_Transportation/10. Plane/MVI_4173.MOV,data/processed/landmarks/include_video/PLANE/e8ad0dbd2ba1.npz,60,25.0,2.4,1.0,1.0,,
7016e396a8d4,PLANE,include_video,video,,include_video:clip:7016e396a8d4,data/raw/include_video/Means_of_Transportation/10. Plane/MVI_4174.MOV,data/processed/landmarks/include_video/PLANE/7016e396a8d4.npz,62,25.0,2.48,1.0,1.0,,
aaa8c4dac94b,PLANE,include_video,video,,include_video:clip:aaa8c4dac94b,data/raw/include_video/Means_of_Transportation/10. Plane/MVI_4175.MOV,data/processed/landmarks/include_video/PLANE/aaa8c4dac94b.npz,53,25.0,2.12,1.0,1.0,,
ea68a05ed182,PLANE,include_video,video,,include_video:clip:ea68a05ed182,data/raw/include_video/Means_of_Transportation/10. Plane/MVI_8581.MP4,data/processed/landmarks/include_video/PLANE/ea68a05ed182.npz,62,25.0,2.48,0.1774,1.0,low_hand_detection,
6becb9588a74,PLANE,include_video,video,,include_video:clip:6becb9588a74,data/raw/include_video/Means_of_Transportation/10. Plane/MVI_8582.MP4,data/processed/landmarks/include_video/PLANE/6becb9588a74.npz,59,25.0,2.36,0.2881,1.0,low_hand_detection,
b04510694d19,PLEASED,include_video,video,,include_video:clip:b04510694d19,data/raw/include_video/Greetings/56. Pleased/MVI_0009.MOV,data/processed/landmarks/include_video/PLEASED/b04510694d19.npz,56,25.0,2.24,1.0,1.0,,
f9e84724a413,PLEASED,include_video,video,,include_video:clip:f9e84724a413,data/raw/include_video/Greetings/56. Pleased/MVI_0010.MOV,data/processed/landmarks/include_video/PLEASED/f9e84724a413.npz,54,25.0,2.16,1.0,1.0,,
858d48b3b6d1,PLEASED,include_video,video,,include_video:clip:858d48b3b6d1,data/raw/include_video/Greetings/56. Pleased/MVI_0011.MOV,data/processed/landmarks/include_video/PLEASED/858d48b3b6d1.npz,53,25.0,2.12,1.0,1.0,,
66d8f1074f87,PLEASED,include_video,video,,include_video:clip:66d8f1074f87,data/raw/include_video/Greetings/56. Pleased/MVI_0061.MOV,data/processed/landmarks/include_video/PLEASED/66d8f1074f87.npz,55,25.0,2.2,1.0,1.0,,
52b2bd61d7ee,PLEASED,include_video,video,,include_video:clip:52b2bd61d7ee,data/raw/include_video/Greetings/56. Pleased/MVI_0062.MOV,data/processed/landmarks/include_video/PLEASED/52b2bd61d7ee.npz,51,25.0,2.04,1.0,1.0,,
ad38c5bea8b5,PLEASED,include_video,video,,include_video:clip:ad38c5bea8b5,data/raw/include_video/Greetings/56. Pleased/MVI_0063.MOV,data/processed/landmarks/include_video/PLEASED/ad38c5bea8b5.npz,56,25.0,2.24,1.0,1.0,,
b76b81d95421,PLEASED,include_video,video,,include_video:clip:b76b81d95421,data/raw/include_video/Greetings/56. Pleased/MVI_0065.MOV,data/processed/landmarks/include_video/PLEASED/b76b81d95421.npz,81,25.0,3.24,1.0,1.0,,
38bd6a143fe1,PLEASED,include_video,video,,include_video:clip:38bd6a143fe1,data/raw/include_video/Greetings/56. Pleased/MVI_0066.MOV,data/processed/landmarks/include_video/PLEASED/38bd6a143fe1.npz,79,25.0,3.16,1.0,1.0,,
12c69732d4fc,PLEASED,include_video,video,,include_video:clip:12c69732d4fc,data/raw/include_video/Greetings/56. Pleased/MVI_0067.MOV,data/processed/landmarks/include_video/PLEASED/12c69732d4fc.npz,76,25.0,3.04,1.0,1.0,,
ff96e7549f89,PLEASED,include_video,video,,include_video:clip:ff96e7549f89,data/raw/include_video/Greetings/56. Pleased/MVI_0068.MOV,data/processed/landmarks/include_video/PLEASED/ff96e7549f89.npz,87,25.0,3.48,1.0,1.0,,
8e41c6009161,PLEASED,include_video,video,,include_video:clip:8e41c6009161,data/raw/include_video/Greetings/56. Pleased/MVI_0114.MOV,data/processed/landmarks/include_video/PLEASED/8e41c6009161.npz,62,25.0,2.48,0.7258,1.0,,
7e3bb1130755,PLEASED,include_video,video,,include_video:clip:7e3bb1130755,data/raw/include_video/Greetings/56. Pleased/MVI_0115.MOV,data/processed/landmarks/include_video/PLEASED/7e3bb1130755.npz,73,25.0,2.92,0.7945,1.0,,
f174c21985b5,PLEASED,include_video,video,,include_video:clip:f174c21985b5,data/raw/include_video/Greetings/56. Pleased/MVI_0116.MOV,data/processed/landmarks/include_video/PLEASED/f174c21985b5.npz,65,25.0,2.6,0.6615,1.0,,
4864a4b2f73d,PLEASED,include_video,video,,include_video:clip:4864a4b2f73d,data/raw/include_video/Greetings/56. Pleased/MVI_9952.MOV,data/processed/landmarks/include_video/PLEASED/4864a4b2f73d.npz,52,25.0,2.08,1.0,1.0,,
7c8b431af86c,PLEASED,include_video,video,,include_video:clip:7c8b431af86c,data/raw/include_video/Greetings/56. Pleased/MVI_9953.MOV,data/processed/landmarks/include_video/PLEASED/7c8b431af86c.npz,48,25.0,1.92,1.0,1.0,,
e923a7169e57,PLEASED,include_video,video,,include_video:clip:e923a7169e57,data/raw/include_video/Greetings/56. Pleased/MVI_9954.MOV,data/processed/landmarks/include_video/PLEASED/e923a7169e57.npz,46,25.0,1.84,1.0,1.0,,
012d7428c193,PLEASED,include_video,video,,include_video:clip:012d7428c193,data/raw/include_video/Greetings/56. Pleased/MVI_9955.MOV,data/processed/landmarks/include_video/PLEASED/012d7428c193.npz,44,25.0,1.76,1.0,1.0,,
61641cc2f1e6,PLEASED,include_video,video,,include_video:clip:61641cc2f1e6,data/raw/include_video/Greetings/56. Pleased/MVI_9988.MOV,data/processed/landmarks/include_video/PLEASED/61641cc2f1e6.npz,64,25.0,2.56,1.0,1.0,,
f00d32c5c035,PLEASED,include_video,video,,include_video:clip:f00d32c5c035,data/raw/include_video/Greetings/56. Pleased/MVI_9989.MOV,data/processed/landmarks/include_video/PLEASED/f00d32c5c035.npz,78,25.0,3.12,1.0,1.0,,
72297941e054,PLEASED,include_video,video,,include_video:clip:72297941e054,data/raw/include_video/Greetings/56. Pleased/MVI_9990.MOV,data/processed/landmarks/include_video/PLEASED/72297941e054.npz,70,25.0,2.8,1.0,1.0,,
4ce00a046aad,PLEASED,include_video,video,,include_video:clip:4ce00a046aad,data/raw/include_video/Greetings/56. Pleased/MVI_9991.MOV,data/processed/landmarks/include_video/PLEASED/4ce00a046aad.npz,67,25.0,2.68,1.0,1.0,,
8d546447b16d,POCKET,include_video,video,,include_video:clip:8d546447b16d,data/raw/include_video/Clothes/45. Pocket/MVI_3713.MOV,data/processed/landmarks/include_video/POCKET/8d546447b16d.npz,67,25.0,2.68,1.0,1.0,,
0754f90bfded,POCKET,include_video,video,,include_video:clip:0754f90bfded,data/raw/include_video/Clothes/45. Pocket/MVI_3714.MOV,data/processed/landmarks/include_video/POCKET/0754f90bfded.npz,55,25.0,2.2,1.0,1.0,,
17ebd0baa8d6,POCKET,include_video,video,,include_video:clip:17ebd0baa8d6,data/raw/include_video/Clothes/45. Pocket/MVI_3715.MOV,data/processed/landmarks/include_video/POCKET/17ebd0baa8d6.npz,60,25.0,2.4,1.0,1.0,,
7df61db4b557,POCKET,include_video,video,,include_video:clip:7df61db4b557,data/raw/include_video/Clothes/45. Pocket/MVI_3859.MOV,data/processed/landmarks/include_video/POCKET/7df61db4b557.npz,87,25.0,3.48,1.0,1.0,,
cd8b06af4d41,POCKET,include_video,video,,include_video:clip:cd8b06af4d41,data/raw/include_video/Clothes/45. Pocket/MVI_3861.MOV,data/processed/landmarks/include_video/POCKET/cd8b06af4d41.npz,62,25.0,2.48,1.0,1.0,,
4676b89731f4,POCKET,include_video,video,,include_video:clip:4676b89731f4,data/raw/include_video/Clothes/45. Pocket/MVI_3862.MOV,data/processed/landmarks/include_video/POCKET/4676b89731f4.npz,44,25.0,1.76,1.0,1.0,,
7b8d9d6f8a88,POCKET,include_video,video,,include_video:clip:7b8d9d6f8a88,data/raw/include_video/Clothes/45. Pocket/MVI_4011.MOV,data/processed/landmarks/include_video/POCKET/7b8d9d6f8a88.npz,66,25.0,2.64,1.0,1.0,,
2422cf527122,POCKET,include_video,video,,include_video:clip:2422cf527122,data/raw/include_video/Clothes/45. Pocket/MVI_4012.MOV,data/processed/landmarks/include_video/POCKET/2422cf527122.npz,82,25.0,3.28,1.0,1.0,,
0ed6d60c1744,POCKET,include_video,video,,include_video:clip:0ed6d60c1744,data/raw/include_video/Clothes/45. Pocket/MVI_4013.MOV,data/processed/landmarks/include_video/POCKET/0ed6d60c1744.npz,60,25.0,2.4,1.0,1.0,,
8b693e304be6,POCKET,include_video,video,,include_video:clip:8b693e304be6,data/raw/include_video/Clothes/45. Pocket/MVI_4205.MOV,data/processed/landmarks/include_video/POCKET/8b693e304be6.npz,52,25.0,2.08,1.0,1.0,,
c645c9afc059,POCKET,include_video,video,,include_video:clip:c645c9afc059,data/raw/include_video/Clothes/45. Pocket/MVI_4890.MOV,data/processed/landmarks/include_video/POCKET/c645c9afc059.npz,61,25.0,2.44,1.0,1.0,,
6ec6a1980200,POCKET,include_video,video,,include_video:clip:6ec6a1980200,data/raw/include_video/Clothes/45. Pocket/MVI_4891.MOV,data/processed/landmarks/include_video/POCKET/6ec6a1980200.npz,70,25.0,2.8,1.0,1.0,,
9544e7f365d9,POCKET,include_video,video,,include_video:clip:9544e7f365d9,data/raw/include_video/Clothes/45. Pocket/MVI_4892.MOV,data/processed/landmarks/include_video/POCKET/9544e7f365d9.npz,57,25.0,2.28,1.0,1.0,,
2d363f698267,POCKET,include_video,video,,include_video:clip:2d363f698267,data/raw/include_video/Clothes/45. Pocket/MVI_5031.MOV,data/processed/landmarks/include_video/POCKET/2d363f698267.npz,58,25.0,2.32,1.0,1.0,,
34a6a4cba0a8,POCKET,include_video,video,,include_video:clip:34a6a4cba0a8,data/raw/include_video/Clothes/45. Pocket/MVI_5032.MOV,data/processed/landmarks/include_video/POCKET/34a6a4cba0a8.npz,61,25.0,2.44,0.0164,1.0,low_hand_detection,
99d64c3f350b,POCKET,include_video,video,,include_video:clip:99d64c3f350b,data/raw/include_video/Clothes/45. Pocket/MVI_5033.MOV,data/processed/landmarks/include_video/POCKET/99d64c3f350b.npz,54,25.0,2.16,0.7037,0.9815,,
2e7d361275dc,POCKET,include_video,video,,include_video:clip:2e7d361275dc,data/raw/include_video/Clothes/45. Pocket/MVI_5178.MOV,data/processed/landmarks/include_video/POCKET/2e7d361275dc.npz,53,25.0,2.12,1.0,1.0,,
904dbfdcaa29,POCKET,include_video,video,,include_video:clip:904dbfdcaa29,data/raw/include_video/Clothes/45. Pocket/MVI_5179.MOV,data/processed/landmarks/include_video/POCKET/904dbfdcaa29.npz,50,25.0,2.0,1.0,1.0,,
8f7d9626bab1,POCKET,include_video,video,,include_video:clip:8f7d9626bab1,data/raw/include_video/Clothes/45. Pocket/MVI_5180.MOV,data/processed/landmarks/include_video/POCKET/8f7d9626bab1.npz,53,25.0,2.12,1.0,1.0,,
8729088ec8c5,POCKET,include_video,video,,include_video:clip:8729088ec8c5,data/raw/include_video/Clothes/45. Pocket/MVI_8610.MP4,data/processed/landmarks/include_video/POCKET/8729088ec8c5.npz,70,25.0,2.8,1.0,1.0,,
d543e635a16c,POLICE,include_video,video,,include_video:clip:d543e635a16c,data/raw/include_video/Jobs/92. Police/MVI_4491.MOV,data/processed/landmarks/include_video/POLICE/d543e635a16c.npz,74,25.0,2.96,0.7973,1.0,,
87376d9f84e7,POLICE,include_video,video,,include_video:clip:87376d9f84e7,data/raw/include_video/Jobs/92. Police/MVI_4492.MOV,data/processed/landmarks/include_video/POLICE/87376d9f84e7.npz,60,25.0,2.4,0.7667,0.9833,,
786b77010a6c,POLICE,include_video,video,,include_video:clip:786b77010a6c,data/raw/include_video/Jobs/92. Police/MVI_4493.MOV,data/processed/landmarks/include_video/POLICE/786b77010a6c.npz,58,25.0,2.32,0.7931,1.0,,
ef68c52e5b73,POLICE,include_video,video,,include_video:clip:ef68c52e5b73,data/raw/include_video/Jobs/92. Police/MVI_4494.MOV,data/processed/landmarks/include_video/POLICE/ef68c52e5b73.npz,51,25.0,2.04,0.549,1.0,,
8f2a0f78803f,POLICE,include_video,video,,include_video:clip:8f2a0f78803f,data/raw/include_video/Jobs/92. Police/MVI_4773.MOV,data/processed/landmarks/include_video/POLICE/8f2a0f78803f.npz,63,25.0,2.52,0.8254,1.0,,
832a64f104a2,POLICE,include_video,video,,include_video:clip:832a64f104a2,data/raw/include_video/Jobs/92. Police/MVI_4774.MOV,data/processed/landmarks/include_video/POLICE/832a64f104a2.npz,58,25.0,2.32,0.8621,1.0,,
b7ca73ef7e06,POLICE,include_video,video,,include_video:clip:b7ca73ef7e06,data/raw/include_video/Jobs/92. Police/MVI_4775.MOV,data/processed/landmarks/include_video/POLICE/b7ca73ef7e06.npz,49,25.0,1.96,0.7755,1.0,,
f2eb1fa81d41,POLICE,include_video,video,,include_video:clip:f2eb1fa81d41,data/raw/include_video/Jobs/92. Police/MVI_5346.MOV,data/processed/landmarks/include_video/POLICE/f2eb1fa81d41.npz,52,25.0,2.08,0.9231,1.0,,
da1d79458af0,POLICE,include_video,video,,include_video:clip:da1d79458af0,data/raw/include_video/Jobs/92. Police/MVI_5347.MOV,data/processed/landmarks/include_video/POLICE/da1d79458af0.npz,52,25.0,2.08,0.9423,1.0,,
783fb27fbc11,POLICE,include_video,video,,include_video:clip:783fb27fbc11,data/raw/include_video/Jobs/92. Police/MVI_5348.MOV,data/processed/landmarks/include_video/POLICE/783fb27fbc11.npz,51,25.0,2.04,0.9608,1.0,,
3be663682f17,POLICE,include_video,video,,include_video:clip:3be663682f17,data/raw/include_video/Jobs/92. Police/MVI_5349.MOV,data/processed/landmarks/include_video/POLICE/3be663682f17.npz,50,25.0,2.0,0.92,1.0,,
2dd38eeab425,POLICE,include_video,video,,include_video:clip:2dd38eeab425,data/raw/include_video/Jobs/92. Police/MVI_8890.MP4,data/processed/landmarks/include_video/POLICE/2dd38eeab425.npz,56,25.0,2.24,0.875,1.0,,
6ac4cfd84848,POLICE,include_video,video,,include_video:clip:6ac4cfd84848,data/raw/include_video/Jobs/92. Police/MVI_8891.MP4,data/processed/landmarks/include_video/POLICE/6ac4cfd84848.npz,64,25.0,2.56,0.875,1.0,,
d34da563e544,POLICE,include_video,video,,include_video:clip:d34da563e544,data/raw/include_video/Jobs/92. Police/MVI_8892.MP4,data/processed/landmarks/include_video/POLICE/d34da563e544.npz,62,25.0,2.48,0.8548,1.0,,
42239ff8b61a,POOR,include_video,video,,include_video:clip:42239ff8b61a,data/raw/include_video/Adjectives/12. poor/MVI_9600.MOV,data/processed/landmarks/include_video/POOR/42239ff8b61a.npz,60,25.0,2.4,0.7833,1.0,,
70a17601d81d,POOR,include_video,video,,include_video:clip:70a17601d81d,data/raw/include_video/Adjectives/12. poor/MVI_9601.MOV,data/processed/landmarks/include_video/POOR/70a17601d81d.npz,70,25.0,2.8,0.8714,1.0,,
3282a0e751a9,POOR,include_video,video,,include_video:clip:3282a0e751a9,data/raw/include_video/Adjectives/12. poor/MVI_9603.MOV,data/processed/landmarks/include_video/POOR/3282a0e751a9.npz,65,25.0,2.6,0.8769,1.0,,
55e2480985c3,POOR,include_video,video,,include_video:clip:55e2480985c3,data/raw/include_video/Adjectives/12. poor/MVI_9604.MOV,data/processed/landmarks/include_video/POOR/55e2480985c3.npz,65,25.0,2.6,0.8923,1.0,,
4b7afa65293a,POOR,include_video,video,,include_video:clip:4b7afa65293a,data/raw/include_video/Adjectives/12. poor/MVI_9737.MOV,data/processed/landmarks/include_video/POOR/4b7afa65293a.npz,62,25.0,2.48,0.8548,1.0,,
a9cc1f01e13a,POOR,include_video,video,,include_video:clip:a9cc1f01e13a,data/raw/include_video/Adjectives/12. poor/MVI_9738.MOV,data/processed/landmarks/include_video/POOR/a9cc1f01e13a.npz,61,25.0,2.44,0.8689,1.0,,
422b79bd02f6,POOR,include_video,video,,include_video:clip:422b79bd02f6,data/raw/include_video/Adjectives/12. poor/MVI_9739.MOV,data/processed/landmarks/include_video/POOR/422b79bd02f6.npz,64,25.0,2.56,0.875,1.0,,
be29c62007e3,POOR,include_video,video,,include_video:clip:be29c62007e3,data/raw/include_video/Adjectives/12. poor/MVI_9740.MOV,data/processed/landmarks/include_video/POOR/be29c62007e3.npz,72,25.0,2.88,0.8472,1.0,,
5412b832a241,PRIEST,include_video,video,,include_video:clip:5412b832a241,data/raw/include_video/Jobs/91. Priest/MVI_4486.MOV,data/processed/landmarks/include_video/PRIEST/5412b832a241.npz,79,25.0,3.16,1.0,0.9747,,
46ab4e718d84,PRIEST,include_video,video,,include_video:clip:46ab4e718d84,data/raw/include_video/Jobs/91. Priest/MVI_4487.MOV,data/processed/landmarks/include_video/PRIEST/46ab4e718d84.npz,64,25.0,2.56,0.3594,1.0,low_hand_detection,
304a4e084fa1,PRIEST,include_video,video,,include_video:clip:304a4e084fa1,data/raw/include_video/Jobs/91. Priest/MVI_4488.MOV,data/processed/landmarks/include_video/PRIEST/304a4e084fa1.npz,78,25.0,3.12,0.9744,1.0,,
63959faf186b,PRIEST,include_video,video,,include_video:clip:63959faf186b,data/raw/include_video/Jobs/91. Priest/MVI_4489.MOV,data/processed/landmarks/include_video/PRIEST/63959faf186b.npz,60,25.0,2.4,0.5,1.0,,
b32ca4b13953,PRIEST,include_video,video,,include_video:clip:b32ca4b13953,data/raw/include_video/Jobs/91. Priest/MVI_4490.MOV,data/processed/landmarks/include_video/PRIEST/b32ca4b13953.npz,73,25.0,2.92,0.6712,1.0,,
29a4913fbc1b,PRIEST,include_video,video,,include_video:clip:29a4913fbc1b,data/raw/include_video/Jobs/91. Priest/MVI_4770.MOV,data/processed/landmarks/include_video/PRIEST/29a4913fbc1b.npz,61,25.0,2.44,1.0,1.0,,
4f0be4bc0bd3,PRIEST,include_video,video,,include_video:clip:4f0be4bc0bd3,data/raw/include_video/Jobs/91. Priest/MVI_4771.MOV,data/processed/landmarks/include_video/PRIEST/4f0be4bc0bd3.npz,56,25.0,2.24,1.0,1.0,,
14c16fe34b12,PRIEST,include_video,video,,include_video:clip:14c16fe34b12,data/raw/include_video/Jobs/91. Priest/MVI_4772.MOV,data/processed/landmarks/include_video/PRIEST/14c16fe34b12.npz,49,25.0,1.96,1.0,1.0,,
fffebc2b9121,PRIEST,include_video,video,,include_video:clip:fffebc2b9121,data/raw/include_video/Jobs/91. Priest/MVI_5342.MOV,data/processed/landmarks/include_video/PRIEST/fffebc2b9121.npz,53,25.0,2.12,1.0,1.0,,
7b9c44562cd2,PRIEST,include_video,video,,include_video:clip:7b9c44562cd2,data/raw/include_video/Jobs/91. Priest/MVI_5343.MOV,data/processed/landmarks/include_video/PRIEST/7b9c44562cd2.npz,53,25.0,2.12,1.0,1.0,,
67dd7c942cfc,PRIEST,include_video,video,,include_video:clip:67dd7c942cfc,data/raw/include_video/Jobs/91. Priest/MVI_5344.MOV,data/processed/landmarks/include_video/PRIEST/67dd7c942cfc.npz,47,25.0,1.88,1.0,1.0,,
b59a61b7ba5a,PRIEST,include_video,video,,include_video:clip:b59a61b7ba5a,data/raw/include_video/Jobs/91. Priest/MVI_5345.MOV,data/processed/landmarks/include_video/PRIEST/b59a61b7ba5a.npz,45,25.0,1.8,1.0,1.0,,
de906890a29c,PRIEST,include_video,video,,include_video:clip:de906890a29c,data/raw/include_video/Jobs/91. Priest/MVI_8887.MP4,data/processed/landmarks/include_video/PRIEST/de906890a29c.npz,61,25.0,2.44,1.0,1.0,,
b5eda59873f4,PRIEST,include_video,video,,include_video:clip:b5eda59873f4,data/raw/include_video/Jobs/91. Priest/MVI_8888.MP4,data/processed/landmarks/include_video/PRIEST/b5eda59873f4.npz,63,25.0,2.52,1.0,1.0,,
43bec439c39e,PRIEST,include_video,video,,include_video:clip:43bec439c39e,data/raw/include_video/Jobs/91. Priest/MVI_8889.MP4,data/processed/landmarks/include_video/PRIEST/43bec439c39e.npz,65,25.0,2.6,1.0,1.0,,
44b9b5e7af87,QUIET,include_video,video,,include_video:clip:44b9b5e7af87,data/raw/include_video/Adjectives/2. quiet/MVI_5180.MOV,data/processed/landmarks/include_video/QUIET/44b9b5e7af87.npz,68,25.0,2.72,1.0,1.0,,
f41b67c053c1,QUIET,include_video,video,,include_video:clip:f41b67c053c1,data/raw/include_video/Adjectives/2. quiet/MVI_5181.MOV,data/processed/landmarks/include_video/QUIET/f41b67c053c1.npz,74,25.0,2.96,1.0,1.0,,
49ec2fab205e,QUIET,include_video,video,,include_video:clip:49ec2fab205e,data/raw/include_video/Adjectives/2. quiet/MVI_5182.MOV,data/processed/landmarks/include_video/QUIET/49ec2fab205e.npz,76,25.0,3.04,1.0,1.0,,
64df9b35ab07,QUIET,include_video,video,,include_video:clip:64df9b35ab07,data/raw/include_video/Adjectives/2. quiet/MVI_5260.MOV,data/processed/landmarks/include_video/QUIET/64df9b35ab07.npz,69,25.0,2.76,1.0,1.0,,
47c11da8033d,QUIET,include_video,video,,include_video:clip:47c11da8033d,data/raw/include_video/Adjectives/2. quiet/MVI_5261.MOV,data/processed/landmarks/include_video/QUIET/47c11da8033d.npz,63,25.0,2.52,1.0,1.0,,
1fc950d8b397,QUIET,include_video,video,,include_video:clip:1fc950d8b397,data/raw/include_video/Adjectives/2. quiet/MVI_5262.MOV,data/processed/landmarks/include_video/QUIET/1fc950d8b397.npz,66,25.0,2.64,1.0,1.0,,
665e1eb1abf7,QUIET,include_video,video,,include_video:clip:665e1eb1abf7,data/raw/include_video/Adjectives/2. quiet/MVI_5338.MOV,data/processed/landmarks/include_video/QUIET/665e1eb1abf7.npz,45,25.0,1.8,1.0,1.0,,
2e9603533353,QUIET,include_video,video,,include_video:clip:2e9603533353,data/raw/include_video/Adjectives/2. quiet/MVI_5339.MOV,data/processed/landmarks/include_video/QUIET/2e9603533353.npz,52,25.0,2.08,1.0,1.0,,
36d32e32abb0,QUIET,include_video,video,,include_video:clip:36d32e32abb0,data/raw/include_video/Adjectives/2. quiet/MVI_5340.MOV,data/processed/landmarks/include_video/QUIET/36d32e32abb0.npz,53,25.0,2.12,1.0,1.0,,
6ecee0cbd9c4,QUIET,include_video,video,,include_video:clip:6ecee0cbd9c4,data/raw/include_video/Adjectives/2. quiet/MVI_9292.MOV,data/processed/landmarks/include_video/QUIET/6ecee0cbd9c4.npz,53,25.0,2.12,1.0,1.0,,
c2f3e70a34dd,QUIET,include_video,video,,include_video:clip:c2f3e70a34dd,data/raw/include_video/Adjectives/2. quiet/MVI_9293.MOV,data/processed/landmarks/include_video/QUIET/c2f3e70a34dd.npz,53,25.0,2.12,1.0,1.0,,
4f8bc286c4de,QUIET,include_video,video,,include_video:clip:4f8bc286c4de,data/raw/include_video/Adjectives/2. quiet/MVI_9294.MOV,data/processed/landmarks/include_video/QUIET/4f8bc286c4de.npz,56,25.0,2.24,1.0,1.0,,
3a93b55b64d0,QUIET,include_video,video,,include_video:clip:3a93b55b64d0,data/raw/include_video/Adjectives/2. quiet/MVI_9371.MOV,data/processed/landmarks/include_video/QUIET/3a93b55b64d0.npz,48,25.0,1.92,1.0,1.0,,
b62e2bafe5c5,QUIET,include_video,video,,include_video:clip:b62e2bafe5c5,data/raw/include_video/Adjectives/2. quiet/MVI_9372.MOV,data/processed/landmarks/include_video/QUIET/b62e2bafe5c5.npz,47,25.0,1.88,0.617,1.0,,
7b5d0c4c4f16,QUIET,include_video,video,,include_video:clip:7b5d0c4c4f16,data/raw/include_video/Adjectives/2. quiet/MVI_9373.MOV,data/processed/landmarks/include_video/QUIET/7b5d0c4c4f16.npz,47,25.0,1.88,0.5106,1.0,,
7dcbeac8dd2d,QUIET,include_video,video,,include_video:clip:7dcbeac8dd2d,data/raw/include_video/Adjectives/2. quiet/MVI_9451.MOV,data/processed/landmarks/include_video/QUIET/7dcbeac8dd2d.npz,57,25.0,2.28,1.0,1.0,,
e9de7f96467e,QUIET,include_video,video,,include_video:clip:e9de7f96467e,data/raw/include_video/Adjectives/2. quiet/MVI_9452.MOV,data/processed/landmarks/include_video/QUIET/e9de7f96467e.npz,66,25.0,2.64,1.0,1.0,,
e225de18e753,QUIET,include_video,video,,include_video:clip:e225de18e753,data/raw/include_video/Adjectives/2. quiet/MVI_9453.MOV,data/processed/landmarks/include_video/QUIET/e225de18e753.npz,60,25.0,2.4,1.0,1.0,,
8c4e3309414f,QUIET,include_video,video,,include_video:clip:8c4e3309414f,data/raw/include_video/Adjectives/2. quiet/MVI_9537.MOV,data/processed/landmarks/include_video/QUIET/8c4e3309414f.npz,69,25.0,2.76,1.0,1.0,,
7d91920016f8,QUIET,include_video,video,,include_video:clip:7d91920016f8,data/raw/include_video/Adjectives/2. quiet/MVI_9538.MOV,data/processed/landmarks/include_video/QUIET/7d91920016f8.npz,66,25.0,2.64,1.0,1.0,,
884493739fbb,QUIET,include_video,video,,include_video:clip:884493739fbb,data/raw/include_video/Adjectives/2. quiet/MVI_9539.MOV,data/processed/landmarks/include_video/QUIET/884493739fbb.npz,65,25.0,2.6,1.0,1.0,,
38fe36af4b35,RADIO,include_video,video,,include_video:clip:38fe36af4b35,data/raw/include_video/Electronics/60. Radio/MVI_4561.MOV,data/processed/landmarks/include_video/RADIO/38fe36af4b35.npz,64,25.0,2.56,0.625,1.0,,
cb9d4491e500,RADIO,include_video,video,,include_video:clip:cb9d4491e500,data/raw/include_video/Electronics/60. Radio/MVI_4562.MOV,data/processed/landmarks/include_video/RADIO/cb9d4491e500.npz,52,25.0,2.08,0.5192,1.0,,
65939f8402af,RADIO,include_video,video,,include_video:clip:65939f8402af,data/raw/include_video/Electronics/60. Radio/MVI_4563.MOV,data/processed/landmarks/include_video/RADIO/65939f8402af.npz,55,25.0,2.2,0.5636,1.0,,
567b9b641b77,RADIO,include_video,video,,include_video:clip:567b9b641b77,data/raw/include_video/Electronics/60. Radio/MVI_4564.MOV,data/processed/landmarks/include_video/RADIO/567b9b641b77.npz,59,25.0,2.36,0.7288,0.9831,,
85ad9694fd02,RADIO,include_video,video,,include_video:clip:85ad9694fd02,data/raw/include_video/Electronics/60. Radio/MVI_4987.MOV,data/processed/landmarks/include_video/RADIO/85ad9694fd02.npz,47,25.0,1.88,0.617,1.0,,
1d0bee3fa68b,RADIO,include_video,video,,include_video:clip:1d0bee3fa68b,data/raw/include_video/Electronics/60. Radio/MVI_4988.MOV,data/processed/landmarks/include_video/RADIO/1d0bee3fa68b.npz,46,25.0,1.84,0.6739,1.0,,
88f4e17c34f1,RADIO,include_video,video,,include_video:clip:88f4e17c34f1,data/raw/include_video/Electronics/60. Radio/MVI_4989.MOV,data/processed/landmarks/include_video/RADIO/88f4e17c34f1.npz,46,25.0,1.84,0.7391,1.0,,
8f3d388010c2,RADIO,include_video,video,,include_video:clip:8f3d388010c2,data/raw/include_video/Electronics/60. Radio/MVI_5416.MOV,data/processed/landmarks/include_video/RADIO/8f3d388010c2.npz,53,25.0,2.12,0.8868,1.0,,
f1ee74ab8f9a,RADIO,include_video,video,,include_video:clip:f1ee74ab8f9a,data/raw/include_video/Electronics/60. Radio/MVI_5417.MOV,data/processed/landmarks/include_video/RADIO/f1ee74ab8f9a.npz,56,25.0,2.24,0.9107,1.0,,
3821e65567b8,RADIO,include_video,video,,include_video:clip:3821e65567b8,data/raw/include_video/Electronics/60. Radio/MVI_5418.MOV,data/processed/landmarks/include_video/RADIO/3821e65567b8.npz,52,25.0,2.08,0.9231,1.0,,
b7fe65cf6864,RADIO,include_video,video,,include_video:clip:b7fe65cf6864,data/raw/include_video/Electronics/60. Radio/MVI_5419.MOV,data/processed/landmarks/include_video/RADIO/b7fe65cf6864.npz,52,25.0,2.08,0.8654,1.0,,
2c28d8ba62ea,RADIO,include_video,video,,include_video:clip:2c28d8ba62ea,data/raw/include_video/Electronics/60. Radio/MVI_9119.MP4,data/processed/landmarks/include_video/RADIO/2c28d8ba62ea.npz,58,25.0,2.32,0.8103,1.0,,
cda38070f6b1,RADIO,include_video,video,,include_video:clip:cda38070f6b1,data/raw/include_video/Electronics/60. Radio/MVI_9120.MP4,data/processed/landmarks/include_video/RADIO/cda38070f6b1.npz,55,25.0,2.2,0.8,1.0,,
3c8e0ddf28a0,RADIO,include_video,video,,include_video:clip:3c8e0ddf28a0,data/raw/include_video/Electronics/60. Radio/MVI_9121.MP4,data/processed/landmarks/include_video/RADIO/3c8e0ddf28a0.npz,56,25.0,2.24,0.7857,1.0,,
dd186f291a4f,RED,include_video,video,,include_video:clip:dd186f291a4f,data/raw/include_video/Colours/47. Red/MVI_3719.MOV,data/processed/landmarks/include_video/RED/dd186f291a4f.npz,58,25.0,2.32,1.0,1.0,,
57edccd3c15c,RED,include_video,video,,include_video:clip:57edccd3c15c,data/raw/include_video/Colours/47. Red/MVI_3720.MOV,data/processed/landmarks/include_video/RED/57edccd3c15c.npz,62,25.0,2.48,1.0,1.0,,
2327fdf16da9,RED,include_video,video,,include_video:clip:2327fdf16da9,data/raw/include_video/Colours/47. Red/MVI_3721.MOV,data/processed/landmarks/include_video/RED/2327fdf16da9.npz,54,25.0,2.16,1.0,1.0,,
bc1495944107,RED,include_video,video,,include_video:clip:bc1495944107,data/raw/include_video/Colours/47. Red/MVI_3866.MOV,data/processed/landmarks/include_video/RED/bc1495944107.npz,75,25.0,3.0,1.0,1.0,,
19d77ba6329e,RED,include_video,video,,include_video:clip:19d77ba6329e,data/raw/include_video/Colours/47. Red/MVI_3867.MOV,data/processed/landmarks/include_video/RED/19d77ba6329e.npz,66,25.0,2.64,1.0,1.0,,
be96ba32788b,RED,include_video,video,,include_video:clip:be96ba32788b,data/raw/include_video/Colours/47. Red/MVI_3868.MOV,data/processed/landmarks/include_video/RED/be96ba32788b.npz,70,25.0,2.8,1.0,1.0,,
936547600a95,RED,include_video,video,,include_video:clip:936547600a95,data/raw/include_video/Colours/47. Red/MVI_4017.MOV,data/processed/landmarks/include_video/RED/936547600a95.npz,61,25.0,2.44,1.0,1.0,,
8044f281f492,RED,include_video,video,,include_video:clip:8044f281f492,data/raw/include_video/Colours/47. Red/MVI_4018.MOV,data/processed/landmarks/include_video/RED/8044f281f492.npz,66,25.0,2.64,1.0,1.0,,
2497f013014c,RED,include_video,video,,include_video:clip:2497f013014c,data/raw/include_video/Colours/47. Red/MVI_4019.MOV,data/processed/landmarks/include_video/RED/2497f013014c.npz,64,25.0,2.56,1.0,1.0,,
72370055c2ef,RED,include_video,video,,include_video:clip:72370055c2ef,data/raw/include_video/Colours/47. Red/MVI_4207.MOV,data/processed/landmarks/include_video/RED/72370055c2ef.npz,44,25.0,1.76,1.0,1.0,,
80fbe876c5b4,RED,include_video,video,,include_video:clip:80fbe876c5b4,data/raw/include_video/Colours/47. Red/MVI_4897.MOV,data/processed/landmarks/include_video/RED/80fbe876c5b4.npz,55,25.0,2.2,1.0,1.0,,
2ff807c89263,RED,include_video,video,,include_video:clip:2ff807c89263,data/raw/include_video/Colours/47. Red/MVI_4898.MOV,data/processed/landmarks/include_video/RED/2ff807c89263.npz,60,25.0,2.4,1.0,1.0,,
930c3bd2ab48,RED,include_video,video,,include_video:clip:930c3bd2ab48,data/raw/include_video/Colours/47. Red/MVI_4899.MOV,data/processed/landmarks/include_video/RED/930c3bd2ab48.npz,58,25.0,2.32,1.0,1.0,,
2361dfa3ae0c,RED,include_video,video,,include_video:clip:2361dfa3ae0c,data/raw/include_video/Colours/47. Red/MVI_5037.MOV,data/processed/landmarks/include_video/RED/2361dfa3ae0c.npz,52,25.0,2.08,0.4615,1.0,low_hand_detection,
baa5bc40f9f3,RED,include_video,video,,include_video:clip:baa5bc40f9f3,data/raw/include_video/Colours/47. Red/MVI_5038.MOV,data/processed/landmarks/include_video/RED/baa5bc40f9f3.npz,59,25.0,2.36,0.7288,1.0,,
1bd73fcd09b1,RED,include_video,video,,include_video:clip:1bd73fcd09b1,data/raw/include_video/Colours/47. Red/MVI_5039.MOV,data/processed/landmarks/include_video/RED/1bd73fcd09b1.npz,59,25.0,2.36,0.7288,1.0,,
0aaf3ce07413,RED,include_video,video,,include_video:clip:0aaf3ce07413,data/raw/include_video/Colours/47. Red/MVI_5184.MOV,data/processed/landmarks/include_video/RED/0aaf3ce07413.npz,50,25.0,2.0,1.0,1.0,,
6fb7433208ee,RED,include_video,video,,include_video:clip:6fb7433208ee,data/raw/include_video/Colours/47. Red/MVI_5185.MOV,data/processed/landmarks/include_video/RED/6fb7433208ee.npz,49,25.0,1.96,1.0,1.0,,
78c5c1c2fe57,RED,include_video,video,,include_video:clip:78c5c1c2fe57,data/raw/include_video/Colours/47. Red/MVI_5186.MOV,data/processed/landmarks/include_video/RED/78c5c1c2fe57.npz,49,25.0,1.96,1.0,1.0,,
1e1b856764e7,RED,include_video,video,,include_video:clip:1e1b856764e7,data/raw/include_video/Colours/47. Red/MVI_8612.MP4,data/processed/landmarks/include_video/RED/1e1b856764e7.npz,73,25.0,2.92,0.8767,1.0,,
96d2780ba6e8,REPORTER,include_video,video,,include_video:clip:96d2780ba6e8,data/raw/include_video/Jobs/97. Reporter/MVI_4512.MOV,data/processed/landmarks/include_video/REPORTER/96d2780ba6e8.npz,83,25.0,3.32,0.7711,1.0,,
9654cfece26f,REPORTER,include_video,video,,include_video:clip:9654cfece26f,data/raw/include_video/Jobs/97. Reporter/MVI_4513.MOV,data/processed/landmarks/include_video/REPORTER/9654cfece26f.npz,59,25.0,2.36,0.7458,1.0,,
ed7bf37250ac,REPORTER,include_video,video,,include_video:clip:ed7bf37250ac,data/raw/include_video/Jobs/97. Reporter/MVI_4514.MOV,data/processed/landmarks/include_video/REPORTER/ed7bf37250ac.npz,64,25.0,2.56,0.6719,0.9688,,
bc512fd2649d,REPORTER,include_video,video,,include_video:clip:bc512fd2649d,data/raw/include_video/Jobs/97. Reporter/MVI_4515.MOV,data/processed/landmarks/include_video/REPORTER/bc512fd2649d.npz,65,25.0,2.6,0.8154,1.0,,
2e316ec30530,REPORTER,include_video,video,,include_video:clip:2e316ec30530,data/raw/include_video/Jobs/97. Reporter/MVI_4788.MOV,data/processed/landmarks/include_video/REPORTER/2e316ec30530.npz,72,25.0,2.88,0.8194,1.0,,
956ad3a22a7c,REPORTER,include_video,video,,include_video:clip:956ad3a22a7c,data/raw/include_video/Jobs/97. Reporter/MVI_4789.MOV,data/processed/landmarks/include_video/REPORTER/956ad3a22a7c.npz,65,25.0,2.6,0.8308,1.0,,
43293e54ba56,REPORTER,include_video,video,,include_video:clip:43293e54ba56,data/raw/include_video/Jobs/97. Reporter/MVI_4790.MOV,data/processed/landmarks/include_video/REPORTER/43293e54ba56.npz,62,25.0,2.48,0.8548,1.0,,
1c6b2be50afe,REPORTER,include_video,video,,include_video:clip:1c6b2be50afe,data/raw/include_video/Jobs/97. Reporter/MVI_5366.MOV,data/processed/landmarks/include_video/REPORTER/1c6b2be50afe.npz,59,25.0,2.36,0.8305,1.0,,
acbc39ebbc95,REPORTER,include_video,video,,include_video:clip:acbc39ebbc95,data/raw/include_video/Jobs/97. Reporter/MVI_5367.MOV,data/processed/landmarks/include_video/REPORTER/acbc39ebbc95.npz,52,25.0,2.08,0.8269,1.0,,
3f9904e3a6f4,REPORTER,include_video,video,,include_video:clip:3f9904e3a6f4,data/raw/include_video/Jobs/97. Reporter/MVI_5368.MOV,data/processed/landmarks/include_video/REPORTER/3f9904e3a6f4.npz,56,25.0,2.24,0.8214,1.0,,
91977908e37b,REPORTER,include_video,video,,include_video:clip:91977908e37b,data/raw/include_video/Jobs/97. Reporter/MVI_5369.MOV,data/processed/landmarks/include_video/REPORTER/91977908e37b.npz,60,25.0,2.4,0.85,1.0,,
63f56dba7b18,REPORTER,include_video,video,,include_video:clip:63f56dba7b18,data/raw/include_video/Jobs/97. Reporter/MVI_8917.MP4,data/processed/landmarks/include_video/REPORTER/63f56dba7b18.npz,74,25.0,2.96,0.8649,1.0,,
b660c4e24385,REPORTER,include_video,video,,include_video:clip:b660c4e24385,data/raw/include_video/Jobs/97. Reporter/MVI_8918.MP4,data/processed/landmarks/include_video/REPORTER/b660c4e24385.npz,70,25.0,2.8,0.9286,1.0,,
a5b1cb391d91,REPORTER,include_video,video,,include_video:clip:a5b1cb391d91,data/raw/include_video/Jobs/97. Reporter/MVI_8919.MP4,data/processed/landmarks/include_video/REPORTER/a5b1cb391d91.npz,75,25.0,3.0,0.92,1.0,,
2f7e3b9db7e0,RICH,include_video,video,,include_video:clip:2f7e3b9db7e0,data/raw/include_video/Adjectives/11. rich/MVI_9596.MOV,data/processed/landmarks/include_video/RICH/2f7e3b9db7e0.npz,47,25.0,1.88,0.766,1.0,,
3cd1ff674620,RICH,include_video,video,,include_video:clip:3cd1ff674620,data/raw/include_video/Adjectives/11. rich/MVI_9597.MOV,data/processed/landmarks/include_video/RICH/3cd1ff674620.npz,67,25.0,2.68,0.8209,1.0,,
d1c493815e48,RICH,include_video,video,,include_video:clip:d1c493815e48,data/raw/include_video/Adjectives/11. rich/MVI_9598.MOV,data/processed/landmarks/include_video/RICH/d1c493815e48.npz,58,25.0,2.32,0.8103,1.0,,
0dacd77eac05,RICH,include_video,video,,include_video:clip:0dacd77eac05,data/raw/include_video/Adjectives/11. rich/MVI_9599.MOV,data/processed/landmarks/include_video/RICH/0dacd77eac05.npz,61,25.0,2.44,0.8033,1.0,,
8221c717d3dd,RICH,include_video,video,,include_video:clip:8221c717d3dd,data/raw/include_video/Adjectives/11. rich/MVI_9733.MOV,data/processed/landmarks/include_video/RICH/8221c717d3dd.npz,65,25.0,2.6,0.8462,1.0,,
31c06f544aeb,RICH,include_video,video,,include_video:clip:31c06f544aeb,data/raw/include_video/Adjectives/11. rich/MVI_9734.MOV,data/processed/landmarks/include_video/RICH/31c06f544aeb.npz,64,25.0,2.56,0.8281,1.0,,
a8aecbe9922d,RICH,include_video,video,,include_video:clip:a8aecbe9922d,data/raw/include_video/Adjectives/11. rich/MVI_9735.MOV,data/processed/landmarks/include_video/RICH/a8aecbe9922d.npz,59,25.0,2.36,0.8305,1.0,,
d30e3448ffee,RICH,include_video,video,,include_video:clip:d30e3448ffee,data/raw/include_video/Adjectives/11. rich/MVI_9736.MOV,data/processed/landmarks/include_video/RICH/d30e3448ffee.npz,62,25.0,2.48,0.7581,1.0,,
b83afdb2366b,RING,include_video,video,,include_video:clip:b83afdb2366b,data/raw/include_video/Home/49. Ring/MVI_4449.MOV,data/processed/landmarks/include_video/RING/b83afdb2366b.npz,50,25.0,2.0,0.78,1.0,,
e999b442dffc,RING,include_video,video,,include_video:clip:e999b442dffc,data/raw/include_video/Home/49. Ring/MVI_4450.MOV,data/processed/landmarks/include_video/RING/e999b442dffc.npz,54,25.0,2.16,0.7778,1.0,,
2f5b63647ec7,RING,include_video,video,,include_video:clip:2f5b63647ec7,data/raw/include_video/Home/49. Ring/MVI_4451.MOV,data/processed/landmarks/include_video/RING/2f5b63647ec7.npz,53,25.0,2.12,0.5849,1.0,,
21dbcbc9a3de,RING,include_video,video,,include_video:clip:21dbcbc9a3de,data/raw/include_video/Home/49. Ring/MVI_4452.MOV,data/processed/landmarks/include_video/RING/21dbcbc9a3de.npz,51,25.0,2.04,0.7843,1.0,,
bc3fe4512506,RING,include_video,video,,include_video:clip:bc3fe4512506,data/raw/include_video/Home/49. Ring/MVI_4953.MOV,data/processed/landmarks/include_video/RING/bc3fe4512506.npz,56,25.0,2.24,0.75,1.0,,
632486fa89ff,RING,include_video,video,,include_video:clip:632486fa89ff,data/raw/include_video/Home/49. Ring/MVI_4954.MOV,data/processed/landmarks/include_video/RING/632486fa89ff.npz,55,25.0,2.2,0.7455,1.0,,
c98da57031a7,RING,include_video,video,,include_video:clip:c98da57031a7,data/raw/include_video/Home/49. Ring/MVI_4955.MOV,data/processed/landmarks/include_video/RING/c98da57031a7.npz,54,25.0,2.16,0.5556,1.0,,
deb32c3258c4,RING,include_video,video,,include_video:clip:deb32c3258c4,data/raw/include_video/Home/49. Ring/MVI_8856.MP4,data/processed/landmarks/include_video/RING/deb32c3258c4.npz,87,25.0,3.48,0.8046,1.0,,
3459a87a9925,RING,include_video,video,,include_video:clip:3459a87a9925,data/raw/include_video/Home/49. Ring/MVI_8857.MP4,data/processed/landmarks/include_video/RING/3459a87a9925.npz,82,25.0,3.28,0.8049,1.0,,
96508c00a4a3,RING,include_video,video,,include_video:clip:96508c00a4a3,data/raw/include_video/Home/49. Ring/MVI_8858.MP4,data/processed/landmarks/include_video/RING/96508c00a4a3.npz,70,25.0,2.8,0.7571,1.0,,
2c013a9f3aac,RING,include_video,video,,include_video:clip:2c013a9f3aac,data/raw/include_video/Home/49. Ring/MVI_8859.MP4,data/processed/landmarks/include_video/RING/2c013a9f3aac.npz,61,25.0,2.44,0.7377,1.0,,
17613f90f0cb,RING,include_video,video,,include_video:clip:17613f90f0cb,data/raw/include_video/Home/49. Ring/MVI_9085.MP4,data/processed/landmarks/include_video/RING/17613f90f0cb.npz,70,25.0,2.8,0.8,1.0,,
fc08c0d788ee,RING,include_video,video,,include_video:clip:fc08c0d788ee,data/raw/include_video/Home/49. Ring/MVI_9086.MP4,data/processed/landmarks/include_video/RING/fc08c0d788ee.npz,67,25.0,2.68,0.8209,1.0,,
3c20f1da0c81,RING,include_video,video,,include_video:clip:3c20f1da0c81,data/raw/include_video/Home/49. Ring/MVI_9087.MP4,data/processed/landmarks/include_video/RING/3c20f1da0c81.npz,65,25.0,2.6,0.8,1.0,,
54c3b1147a36,SAD,include_video,video,,include_video:clip:54c3b1147a36,data/raw/include_video/Adjectives/4. sad/MVI_9565.MOV,data/processed/landmarks/include_video/SAD/54c3b1147a36.npz,63,25.0,2.52,1.0,1.0,,
ac9f7f5c14b7,SAD,include_video,video,,include_video:clip:ac9f7f5c14b7,data/raw/include_video/Adjectives/4. sad/MVI_9566.MOV,data/processed/landmarks/include_video/SAD/ac9f7f5c14b7.npz,74,25.0,2.96,1.0,1.0,,
7be633240943,SAD,include_video,video,,include_video:clip:7be633240943,data/raw/include_video/Adjectives/4. sad/MVI_9567.MOV,data/processed/landmarks/include_video/SAD/7be633240943.npz,59,25.0,2.36,1.0,1.0,,
7ecde1d2a22c,SAD,include_video,video,,include_video:clip:7ecde1d2a22c,data/raw/include_video/Adjectives/4. sad/MVI_9568.MOV,data/processed/landmarks/include_video/SAD/7ecde1d2a22c.npz,69,25.0,2.76,1.0,1.0,,
f0eae2dd9d7c,SAD,include_video,video,,include_video:clip:f0eae2dd9d7c,data/raw/include_video/Adjectives/4. sad/MVI_9719.MOV,data/processed/landmarks/include_video/SAD/f0eae2dd9d7c.npz,66,25.0,2.64,1.0,1.0,,
39ca198ff63f,SAD,include_video,video,,include_video:clip:39ca198ff63f,data/raw/include_video/Adjectives/4. sad/MVI_9720.MOV,data/processed/landmarks/include_video/SAD/39ca198ff63f.npz,62,25.0,2.48,1.0,1.0,,
cbc3fe0249e4,SAD,include_video,video,,include_video:clip:cbc3fe0249e4,data/raw/include_video/Adjectives/4. sad/MVI_9721.MOV,data/processed/landmarks/include_video/SAD/cbc3fe0249e4.npz,68,25.0,2.72,1.0,1.0,,
641f661b91ee,SAD,include_video,video,,include_video:clip:641f661b91ee,data/raw/include_video/Adjectives/4. sad/MVI_9722.MOV,data/processed/landmarks/include_video/SAD/641f661b91ee.npz,62,25.0,2.48,1.0,1.0,,
b253c911434b,SATURDAY,include_video,video,,include_video:clip:b253c911434b,data/raw/include_video/Days_and_Time/72. Saturday/MVI_4611.MOV,data/processed/landmarks/include_video/SATURDAY/b253c911434b.npz,61,25.0,2.44,0.7869,1.0,,
d781e48d5cb7,SATURDAY,include_video,video,,include_video:clip:d781e48d5cb7,data/raw/include_video/Days_and_Time/72. Saturday/MVI_4612.MOV,data/processed/landmarks/include_video/SATURDAY/d781e48d5cb7.npz,58,25.0,2.32,0.7931,0.9828,,
88a910a46f05,SATURDAY,include_video,video,,include_video:clip:88a910a46f05,data/raw/include_video/Days_and_Time/72. Saturday/MVI_4613.MOV,data/processed/landmarks/include_video/SATURDAY/88a910a46f05.npz,55,25.0,2.2,0.3818,1.0,low_hand_detection,
a78d204ba095,SATURDAY,include_video,video,,include_video:clip:a78d204ba095,data/raw/include_video/Days_and_Time/72. Saturday/MVI_4614.MOV,data/processed/landmarks/include_video/SATURDAY/a78d204ba095.npz,60,25.0,2.4,0.8167,1.0,,
d7ddff4db34b,SATURDAY,include_video,video,,include_video:clip:d7ddff4db34b,data/raw/include_video/Days_and_Time/72. Saturday/MVI_5027.MOV,data/processed/landmarks/include_video/SATURDAY/d7ddff4db34b.npz,44,25.0,1.76,0.5455,1.0,,
a374b570355b,SATURDAY,include_video,video,,include_video:clip:a374b570355b,data/raw/include_video/Days_and_Time/72. Saturday/MVI_5028.MOV,data/processed/landmarks/include_video/SATURDAY/a374b570355b.npz,49,25.0,1.96,0.5714,1.0,,
2d167550971f,SATURDAY,include_video,video,,include_video:clip:2d167550971f,data/raw/include_video/Days_and_Time/72. Saturday/MVI_5030.MOV,data/processed/landmarks/include_video/SATURDAY/2d167550971f.npz,47,25.0,1.88,0.5532,1.0,,
30716328cc81,SATURDAY,include_video,video,,include_video:clip:30716328cc81,data/raw/include_video/Days_and_Time/72. Saturday/MVI_5466.MOV,data/processed/landmarks/include_video/SATURDAY/30716328cc81.npz,57,25.0,2.28,1.0,1.0,,
5a66d5546ed8,SATURDAY,include_video,video,,include_video:clip:5a66d5546ed8,data/raw/include_video/Days_and_Time/72. Saturday/MVI_5467.MOV,data/processed/landmarks/include_video/SATURDAY/5a66d5546ed8.npz,50,25.0,2.0,1.0,1.0,,
fb90701840f6,SATURDAY,include_video,video,,include_video:clip:fb90701840f6,data/raw/include_video/Days_and_Time/72. Saturday/MVI_5468.MOV,data/processed/landmarks/include_video/SATURDAY/fb90701840f6.npz,53,25.0,2.12,1.0,1.0,,
94e14f2a3d44,SATURDAY,include_video,video,,include_video:clip:94e14f2a3d44,data/raw/include_video/Days_and_Time/72. Saturday/MVI_5469.MOV,data/processed/landmarks/include_video/SATURDAY/94e14f2a3d44.npz,52,25.0,2.08,1.0,1.0,,
77260bbe6d37,SATURDAY,include_video,video,,include_video:clip:77260bbe6d37,data/raw/include_video/Days_and_Time/72. Saturday/MVI_9157.MP4,data/processed/landmarks/include_video/SATURDAY/77260bbe6d37.npz,63,25.0,2.52,1.0,1.0,,
d7e92742d5e2,SATURDAY,include_video,video,,include_video:clip:d7e92742d5e2,data/raw/include_video/Days_and_Time/72. Saturday/MVI_9158.MP4,data/processed/landmarks/include_video/SATURDAY/d7e92742d5e2.npz,67,25.0,2.68,1.0,1.0,,
b4b3db8efe93,SATURDAY,include_video,video,,include_video:clip:b4b3db8efe93,data/raw/include_video/Days_and_Time/72. Saturday/MVI_9159.MP4,data/processed/landmarks/include_video/SATURDAY/b4b3db8efe93.npz,68,25.0,2.72,1.0,1.0,,
c852d2f315c8,SCREEN,include_video,video,,include_video:clip:c852d2f315c8,data/raw/include_video/Electronics/57. Screen/MVI_4549.MOV,data/processed/landmarks/include_video/SCREEN/c852d2f315c8.npz,67,25.0,2.68,0.7164,0.9851,,
d295a8ebd115,SCREEN,include_video,video,,include_video:clip:d295a8ebd115,data/raw/include_video/Electronics/57. Screen/MVI_4550.MOV,data/processed/landmarks/include_video/SCREEN/d295a8ebd115.npz,71,25.0,2.84,0.8028,1.0,,
5544ce83f15a,SCREEN,include_video,video,,include_video:clip:5544ce83f15a,data/raw/include_video/Electronics/57. Screen/MVI_4551.MOV,data/processed/landmarks/include_video/SCREEN/5544ce83f15a.npz,66,25.0,2.64,0.8485,1.0,,
6f1d341f3cc6,SCREEN,include_video,video,,include_video:clip:6f1d341f3cc6,data/raw/include_video/Electronics/57. Screen/MVI_4552.MOV,data/processed/landmarks/include_video/SCREEN/6f1d341f3cc6.npz,67,25.0,2.68,0.8209,1.0,,
26d346d5cd7c,SCREEN,include_video,video,,include_video:clip:26d346d5cd7c,data/raw/include_video/Electronics/57. Screen/MVI_4976.MOV,data/processed/landmarks/include_video/SCREEN/26d346d5cd7c.npz,59,25.0,2.36,0.6271,1.0,,
24921d5b759a,SCREEN,include_video,video,,include_video:clip:24921d5b759a,data/raw/include_video/Electronics/57. Screen/MVI_4977.MOV,data/processed/landmarks/include_video/SCREEN/24921d5b759a.npz,61,25.0,2.44,0.6721,1.0,,
276a530fe5ba,SCREEN,include_video,video,,include_video:clip:276a530fe5ba,data/raw/include_video/Electronics/57. Screen/MVI_4978.MOV,data/processed/landmarks/include_video/SCREEN/276a530fe5ba.npz,57,25.0,2.28,0.7368,1.0,,
260a56b8beba,SCREEN,include_video,video,,include_video:clip:260a56b8beba,data/raw/include_video/Electronics/57. Screen/MVI_5403.MOV,data/processed/landmarks/include_video/SCREEN/260a56b8beba.npz,63,25.0,2.52,0.9206,1.0,,
8bd27626c397,SCREEN,include_video,video,,include_video:clip:8bd27626c397,data/raw/include_video/Electronics/57. Screen/MVI_5404.MOV,data/processed/landmarks/include_video/SCREEN/8bd27626c397.npz,65,25.0,2.6,0.9692,1.0,,
3211650fab05,SCREEN,include_video,video,,include_video:clip:3211650fab05,data/raw/include_video/Electronics/57. Screen/MVI_5405.MOV,data/processed/landmarks/include_video/SCREEN/3211650fab05.npz,62,25.0,2.48,0.9032,1.0,,
fbbd71e74b4c,SCREEN,include_video,video,,include_video:clip:fbbd71e74b4c,data/raw/include_video/Electronics/57. Screen/MVI_5406.MOV,data/processed/landmarks/include_video/SCREEN/fbbd71e74b4c.npz,63,25.0,2.52,0.9206,1.0,,
f21ffafa617f,SCREEN,include_video,video,,include_video:clip:f21ffafa617f,data/raw/include_video/Electronics/57. Screen/MVI_9110.MP4,data/processed/landmarks/include_video/SCREEN/f21ffafa617f.npz,68,25.0,2.72,0.7794,1.0,,
3408c24eacf3,SCREEN,include_video,video,,include_video:clip:3408c24eacf3,data/raw/include_video/Electronics/57. Screen/MVI_9111.MP4,data/processed/landmarks/include_video/SCREEN/3408c24eacf3.npz,72,25.0,2.88,0.8194,1.0,,
c62370fb6502,SCREEN,include_video,video,,include_video:clip:c62370fb6502,data/raw/include_video/Electronics/57. Screen/MVI_9112.MP4,data/processed/landmarks/include_video/SCREEN/c62370fb6502.npz,63,25.0,2.52,0.746,1.0,,
5a4f65c5441c,SECOND,include_video,video,,include_video:clip:5a4f65c5441c,data/raw/include_video/Days_and_Time/81. Second/MVI_5056.MOV,data/processed/landmarks/include_video/SECOND/5a4f65c5441c.npz,48,25.0,1.92,0.125,1.0,low_hand_detection,
7187f9e99108,SECOND,include_video,video,,include_video:clip:7187f9e99108,data/raw/include_video/Days_and_Time/81. Second/MVI_5057.MOV,data/processed/landmarks/include_video/SECOND/7187f9e99108.npz,40,25.0,1.6,0.725,1.0,,
b00d12a24db3,SECOND,include_video,video,,include_video:clip:b00d12a24db3,data/raw/include_video/Days_and_Time/81. Second/MVI_5058.MOV,data/processed/landmarks/include_video/SECOND/b00d12a24db3.npz,50,25.0,2.0,0.6,1.0,,
9e229a8d254b,SECOND,include_video,video,,include_video:clip:9e229a8d254b,data/raw/include_video/Days_and_Time/81. Second/MVI_9185.MP4,data/processed/landmarks/include_video/SECOND/9e229a8d254b.npz,72,25.0,2.88,1.0,1.0,,
5f0dcea6bfb9,SECOND,include_video,video,,include_video:clip:5f0dcea6bfb9,data/raw/include_video/Days_and_Time/81. Second/MVI_9186.MP4,data/processed/landmarks/include_video/SECOND/5f0dcea6bfb9.npz,75,25.0,3.0,1.0,1.0,,
2a6688e21d3f,SECOND,include_video,video,,include_video:clip:2a6688e21d3f,data/raw/include_video/Days_and_Time/81. Second/MVI_9187.MP4,data/processed/landmarks/include_video/SECOND/2a6688e21d3f.npz,81,25.0,3.24,1.0,1.0,,
4b07bde5f556,SECOND,include_video,video,,include_video:clip:4b07bde5f556,data/raw/include_video/Days_and_Time/81. Second/MVI_9208.MP4,data/processed/landmarks/include_video/SECOND/4b07bde5f556.npz,79,25.0,3.16,0.1646,1.0,low_hand_detection,
42cbbd64adb0,SECOND,include_video,video,,include_video:clip:42cbbd64adb0,data/raw/include_video/Days_and_Time/81. Second/MVI_9209.MP4,data/processed/landmarks/include_video/SECOND/42cbbd64adb0.npz,80,25.0,3.2,0.2625,1.0,low_hand_detection,
ac443505727a,SECOND,include_video,video,,include_video:clip:ac443505727a,data/raw/include_video/Days_and_Time/81. Second/MVI_9210.MP4,data/processed/landmarks/include_video/SECOND/ac443505727a.npz,80,25.0,3.2,0.2875,1.0,low_hand_detection,
ea42cb52809d,SECOND,include_video,video,,include_video:clip:ea42cb52809d,data/raw/include_video/Days_and_Time/81. Second/MVI_9211.MP4,data/processed/landmarks/include_video/SECOND/ea42cb52809d.npz,75,25.0,3.0,0.2933,1.0,low_hand_detection,
0ea037ffccb5,SECOND,include_video,video,,include_video:clip:0ea037ffccb5,data/raw/include_video/Days_and_Time/81. Second/MVI_9212.MP4,data/processed/landmarks/include_video/SECOND/0ea037ffccb5.npz,65,25.0,2.6,1.0,1.0,,
a28b000c9235,SECOND,include_video,video,,include_video:clip:a28b000c9235,data/raw/include_video/Days_and_Time/81. Second/MVI_9213.MP4,data/processed/landmarks/include_video/SECOND/a28b000c9235.npz,72,25.0,2.88,1.0,1.0,,
4eb2d988283f,SECOND,include_video,video,,include_video:clip:4eb2d988283f,data/raw/include_video/Days_and_Time/81. Second/MVI_9214.MP4,data/processed/landmarks/include_video/SECOND/4eb2d988283f.npz,66,25.0,2.64,1.0,1.0,,
ce7d548e0b49,SECOND,include_video,video,,include_video:clip:ce7d548e0b49,data/raw/include_video/Days_and_Time/81. Second/MVI_9215.MP4,data/processed/landmarks/include_video/SECOND/ce7d548e0b49.npz,67,25.0,2.68,1.0,1.0,,
0942db345a32,SECOND,include_video,video,,include_video:clip:0942db345a32,data/raw/include_video/Days_and_Time/81. Second/MVI_9216.MP4,data/processed/landmarks/include_video/SECOND/0942db345a32.npz,65,25.0,2.6,1.0,1.0,,
11a63ac34971,SECRETARY,include_video,video,,include_video:clip:11a63ac34971,data/raw/include_video/Jobs/90. Secretary/MVI_4482.MOV,data/processed/landmarks/include_video/SECRETARY/11a63ac34971.npz,69,25.0,2.76,0.8406,1.0,,
610357f0897d,SECRETARY,include_video,video,,include_video:clip:610357f0897d,data/raw/include_video/Jobs/90. Secretary/MVI_4483.MOV,data/processed/landmarks/include_video/SECRETARY/610357f0897d.npz,81,25.0,3.24,0.9012,0.9753,,
9b80cbb4e2c7,SECRETARY,include_video,video,,include_video:clip:9b80cbb4e2c7,data/raw/include_video/Jobs/90. Secretary/MVI_4484.MOV,data/processed/landmarks/include_video/SECRETARY/9b80cbb4e2c7.npz,79,25.0,3.16,0.8734,1.0,,
030b8aefce0a,SECRETARY,include_video,video,,include_video:clip:030b8aefce0a,data/raw/include_video/Jobs/90. Secretary/MVI_4485.MOV,data/processed/landmarks/include_video/SECRETARY/030b8aefce0a.npz,78,25.0,3.12,0.8462,1.0,,
8b1c71520ba3,SECRETARY,include_video,video,,include_video:clip:8b1c71520ba3,data/raw/include_video/Jobs/90. Secretary/MVI_4767.MOV,data/processed/landmarks/include_video/SECRETARY/8b1c71520ba3.npz,78,25.0,3.12,0.8077,1.0,,
4ceab3b02181,SECRETARY,include_video,video,,include_video:clip:4ceab3b02181,data/raw/include_video/Jobs/90. Secretary/MVI_4768.MOV,data/processed/landmarks/include_video/SECRETARY/4ceab3b02181.npz,68,25.0,2.72,0.8235,1.0,,
9f756f985f3b,SECRETARY,include_video,video,,include_video:clip:9f756f985f3b,data/raw/include_video/Jobs/90. Secretary/MVI_4769.MOV,data/processed/landmarks/include_video/SECRETARY/9f756f985f3b.npz,62,25.0,2.48,0.8226,1.0,,
556a3dfbe71b,SECRETARY,include_video,video,,include_video:clip:556a3dfbe71b,data/raw/include_video/Jobs/90. Secretary/MVI_5338.MOV,data/processed/landmarks/include_video/SECRETARY/556a3dfbe71b.npz,59,25.0,2.36,0.9153,1.0,,
168dab944092,SECRETARY,include_video,video,,include_video:clip:168dab944092,data/raw/include_video/Jobs/90. Secretary/MVI_5339.MOV,data/processed/landmarks/include_video/SECRETARY/168dab944092.npz,64,25.0,2.56,0.9219,1.0,,
e14f4910d8a7,SECRETARY,include_video,video,,include_video:clip:e14f4910d8a7,data/raw/include_video/Jobs/90. Secretary/MVI_5340.MOV,data/processed/landmarks/include_video/SECRETARY/e14f4910d8a7.npz,68,25.0,2.72,0.9412,1.0,,
211694fe551c,SECRETARY,include_video,video,,include_video:clip:211694fe551c,data/raw/include_video/Jobs/90. Secretary/MVI_5341.MOV,data/processed/landmarks/include_video/SECRETARY/211694fe551c.npz,62,25.0,2.48,0.9194,1.0,,
8fffed966b12,SECRETARY,include_video,video,,include_video:clip:8fffed966b12,data/raw/include_video/Jobs/90. Secretary/MVI_8884.MP4,data/processed/landmarks/include_video/SECRETARY/8fffed966b12.npz,65,25.0,2.6,0.8154,1.0,,
b3dac46106c0,SECRETARY,include_video,video,,include_video:clip:b3dac46106c0,data/raw/include_video/Jobs/90. Secretary/MVI_8885.MP4,data/processed/landmarks/include_video/SECRETARY/b3dac46106c0.npz,69,25.0,2.76,0.7971,1.0,,
e39959e59a48,SECRETARY,include_video,video,,include_video:clip:e39959e59a48,data/raw/include_video/Jobs/90. Secretary/MVI_8886.MP4,data/processed/landmarks/include_video/SECRETARY/e39959e59a48.npz,63,25.0,2.52,0.7778,1.0,,
8b0aa46c20bb,SHALLOW,include_video,video,,include_video:clip:8b0aa46c20bb,data/raw/include_video/Adjectives/28. shallow/MVI_9674.MOV,data/processed/landmarks/include_video/SHALLOW/8b0aa46c20bb.npz,93,25.0,3.72,0.9032,1.0,,
8517078075a8,SHALLOW,include_video,video,,include_video:clip:8517078075a8,data/raw/include_video/Adjectives/28. shallow/MVI_9675.MOV,data/processed/landmarks/include_video/SHALLOW/8517078075a8.npz,102,25.0,4.08,0.9118,1.0,,
3ed9e2d65c27,SHALLOW,include_video,video,,include_video:clip:3ed9e2d65c27,data/raw/include_video/Adjectives/28. shallow/MVI_9676.MOV,data/processed/landmarks/include_video/SHALLOW/3ed9e2d65c27.npz,108,25.0,4.32,0.9074,1.0,,
f5b60618f820,SHALLOW,include_video,video,,include_video:clip:f5b60618f820,data/raw/include_video/Adjectives/28. shallow/MVI_9677.MOV,data/processed/landmarks/include_video/SHALLOW/f5b60618f820.npz,94,25.0,3.76,0.9362,1.0,,
aebe9b75d89d,SHALLOW,include_video,video,,include_video:clip:aebe9b75d89d,data/raw/include_video/Adjectives/28. shallow/MVI_9801.MOV,data/processed/landmarks/include_video/SHALLOW/aebe9b75d89d.npz,96,25.0,3.84,0.9688,1.0,,
219a10a65884,SHALLOW,include_video,video,,include_video:clip:219a10a65884,data/raw/include_video/Adjectives/28. shallow/MVI_9802.MOV,data/processed/landmarks/include_video/SHALLOW/219a10a65884.npz,100,25.0,4.0,0.94,1.0,,
555af9f07c04,SHALLOW,include_video,video,,include_video:clip:555af9f07c04,data/raw/include_video/Adjectives/28. shallow/MVI_9803.MOV,data/processed/landmarks/include_video/SHALLOW/555af9f07c04.npz,100,25.0,4.0,0.95,1.0,,
83bdac09f6cd,SHALLOW,include_video,video,,include_video:clip:83bdac09f6cd,data/raw/include_video/Adjectives/28. shallow/MVI_9804.MOV,data/processed/landmarks/include_video/SHALLOW/83bdac09f6cd.npz,99,25.0,3.96,0.9192,1.0,,
a622a5b82f56,SHIRT,include_video,video,,include_video:clip:a622a5b82f56,data/raw/include_video/Clothes/41. Shirt/MVI_3701.MOV,data/processed/landmarks/include_video/SHIRT/a622a5b82f56.npz,112,25.0,4.48,0.9464,1.0,,
1b3081380f02,SHIRT,include_video,video,,include_video:clip:1b3081380f02,data/raw/include_video/Clothes/41. Shirt/MVI_3702.MOV,data/processed/landmarks/include_video/SHIRT/1b3081380f02.npz,83,25.0,3.32,0.9157,1.0,,
a3d603dbb7dc,SHIRT,include_video,video,,include_video:clip:a3d603dbb7dc,data/raw/include_video/Clothes/41. Shirt/MVI_3703.MOV,data/processed/landmarks/include_video/SHIRT/a3d603dbb7dc.npz,72,25.0,2.88,0.8889,1.0,,
d5fe7239d52e,SHIRT,include_video,video,,include_video:clip:d5fe7239d52e,data/raw/include_video/Clothes/41. Shirt/MVI_3847.MOV,data/processed/landmarks/include_video/SHIRT/d5fe7239d52e.npz,111,25.0,4.44,1.0,1.0,,
2018377aad76,SHIRT,include_video,video,,include_video:clip:2018377aad76,data/raw/include_video/Clothes/41. Shirt/MVI_3848.MOV,data/processed/landmarks/include_video/SHIRT/2018377aad76.npz,115,25.0,4.6,1.0,1.0,,
da61cb4ab700,SHIRT,include_video,video,,include_video:clip:da61cb4ab700,data/raw/include_video/Clothes/41. Shirt/MVI_3849.MOV,data/processed/landmarks/include_video/SHIRT/da61cb4ab700.npz,105,25.0,4.2,0.9905,1.0,,
4332e9ceeae4,SHIRT,include_video,video,,include_video:clip:4332e9ceeae4,data/raw/include_video/Clothes/41. Shirt/MVI_3999.MOV,data/processed/landmarks/include_video/SHIRT/4332e9ceeae4.npz,73,25.0,2.92,0.8219,1.0,,
721a67c62f42,SHIRT,include_video,video,,include_video:clip:721a67c62f42,data/raw/include_video/Clothes/41. Shirt/MVI_4000.MOV,data/processed/landmarks/include_video/SHIRT/721a67c62f42.npz,65,25.0,2.6,0.8308,1.0,,
ac2e9ca7dee2,SHIRT,include_video,video,,include_video:clip:ac2e9ca7dee2,data/raw/include_video/Clothes/41. Shirt/MVI_4001.MOV,data/processed/landmarks/include_video/SHIRT/ac2e9ca7dee2.npz,71,25.0,2.84,0.8451,1.0,,
d5214c0642c9,SHIRT,include_video,video,,include_video:clip:d5214c0642c9,data/raw/include_video/Clothes/41. Shirt/MVI_4201.MOV,data/processed/landmarks/include_video/SHIRT/d5214c0642c9.npz,69,25.0,2.76,0.8696,1.0,,
b5e5c6d592e4,SHIRT,include_video,video,,include_video:clip:b5e5c6d592e4,data/raw/include_video/Clothes/41. Shirt/MVI_4877.MOV,data/processed/landmarks/include_video/SHIRT/b5e5c6d592e4.npz,89,25.0,3.56,0.9438,1.0,,
36352358f1ce,SHIRT,include_video,video,,include_video:clip:36352358f1ce,data/raw/include_video/Clothes/41. Shirt/MVI_4879.MOV,data/processed/landmarks/include_video/SHIRT/36352358f1ce.npz,77,25.0,3.08,0.9091,1.0,,
751847cf9ddd,SHIRT,include_video,video,,include_video:clip:751847cf9ddd,data/raw/include_video/Clothes/41. Shirt/MVI_4880.MOV,data/processed/landmarks/include_video/SHIRT/751847cf9ddd.npz,73,25.0,2.92,0.9041,1.0,,
28f2ad6e318d,SHIRT,include_video,video,,include_video:clip:28f2ad6e318d,data/raw/include_video/Clothes/41. Shirt/MVI_5018.MOV,data/processed/landmarks/include_video/SHIRT/28f2ad6e318d.npz,71,25.0,2.84,0.5915,1.0,,
44bfccd67eca,SHIRT,include_video,video,,include_video:clip:44bfccd67eca,data/raw/include_video/Clothes/41. Shirt/MVI_5019.MOV,data/processed/landmarks/include_video/SHIRT/44bfccd67eca.npz,64,25.0,2.56,0.4688,1.0,low_hand_detection,
a6d15be22d60,SHIRT,include_video,video,,include_video:clip:a6d15be22d60,data/raw/include_video/Clothes/41. Shirt/MVI_5020.MOV,data/processed/landmarks/include_video/SHIRT/a6d15be22d60.npz,70,25.0,2.8,0.6857,1.0,,
1ba132cc6e52,SHIRT,include_video,video,,include_video:clip:1ba132cc6e52,data/raw/include_video/Clothes/41. Shirt/MVI_5166.MOV,data/processed/landmarks/include_video/SHIRT/1ba132cc6e52.npz,71,25.0,2.84,1.0,1.0,,
d1c7841b1098,SHIRT,include_video,video,,include_video:clip:d1c7841b1098,data/raw/include_video/Clothes/41. Shirt/MVI_5167.MOV,data/processed/landmarks/include_video/SHIRT/d1c7841b1098.npz,70,25.0,2.8,0.9857,1.0,,
80196472092f,SHIRT,include_video,video,,include_video:clip:80196472092f,data/raw/include_video/Clothes/41. Shirt/MVI_5168.MOV,data/processed/landmarks/include_video/SHIRT/80196472092f.npz,75,25.0,3.0,0.9867,1.0,,
d2bd47ef5127,SHIRT,include_video,video,,include_video:clip:d2bd47ef5127,data/raw/include_video/Clothes/41. Shirt/MVI_8605.MP4,data/processed/landmarks/include_video/SHIRT/d2bd47ef5127.npz,86,25.0,3.44,0.9535,1.0,,
4c1cea8e91d9,SHOES,include_video,video,,include_video:clip:4c1cea8e91d9,data/raw/include_video/Clothes/44. Shoes/MVI_3710.MOV,data/processed/landmarks/include_video/SHOES/4c1cea8e91d9.npz,65,25.0,2.6,0.7231,1.0,,
ed8315ca8ef5,SHOES,include_video,video,,include_video:clip:ed8315ca8ef5,data/raw/include_video/Clothes/44. Shoes/MVI_3711.MOV,data/processed/landmarks/include_video/SHOES/ed8315ca8ef5.npz,69,25.0,2.76,0.7536,1.0,,
68c1948dcffc,SHOES,include_video,video,,include_video:clip:68c1948dcffc,data/raw/include_video/Clothes/44. Shoes/MVI_3712.MOV,data/processed/landmarks/include_video/SHOES/68c1948dcffc.npz,70,25.0,2.8,0.7286,1.0,,
13953b14d45d,SHOES,include_video,video,,include_video:clip:13953b14d45d,data/raw/include_video/Clothes/44. Shoes/MVI_3856.MOV,data/processed/landmarks/include_video/SHOES/13953b14d45d.npz,83,25.0,3.32,0.8916,1.0,,
bb80fce47673,SHOES,include_video,video,,include_video:clip:bb80fce47673,data/raw/include_video/Clothes/44. Shoes/MVI_3857.MOV,data/processed/landmarks/include_video/SHOES/bb80fce47673.npz,93,25.0,3.72,0.8925,1.0,,
12c4acb17fd8,SHOES,include_video,video,,include_video:clip:12c4acb17fd8,data/raw/include_video/Clothes/44. Shoes/MVI_3858.MOV,data/processed/landmarks/include_video/SHOES/12c4acb17fd8.npz,92,25.0,3.68,0.837,1.0,,
319e1f628b43,SHOES,include_video,video,,include_video:clip:319e1f628b43,data/raw/include_video/Clothes/44. Shoes/MVI_4008.MOV,data/processed/landmarks/include_video/SHOES/319e1f628b43.npz,76,25.0,3.04,0.8158,1.0,,
f7c0a830745e,SHOES,include_video,video,,include_video:clip:f7c0a830745e,data/raw/include_video/Clothes/44. Shoes/MVI_4009.MOV,data/processed/landmarks/include_video/SHOES/f7c0a830745e.npz,69,25.0,2.76,0.8261,1.0,,
a3d30b4743d3,SHOES,include_video,video,,include_video:clip:a3d30b4743d3,data/raw/include_video/Clothes/44. Shoes/MVI_4010.MOV,data/processed/landmarks/include_video/SHOES/a3d30b4743d3.npz,75,25.0,3.0,0.7867,1.0,,
a4d373e1d0a5,SHOES,include_video,video,,include_video:clip:a4d373e1d0a5,data/raw/include_video/Clothes/44. Shoes/MVI_4204.MOV,data/processed/landmarks/include_video/SHOES/a4d373e1d0a5.npz,57,25.0,2.28,0.807,1.0,,
960ec61a64c1,SHOES,include_video,video,,include_video:clip:960ec61a64c1,data/raw/include_video/Clothes/44. Shoes/MVI_4887.MOV,data/processed/landmarks/include_video/SHOES/960ec61a64c1.npz,83,25.0,3.32,0.8916,1.0,,
e3e37b66e684,SHOES,include_video,video,,include_video:clip:e3e37b66e684,data/raw/include_video/Clothes/44. Shoes/MVI_4888.MOV,data/processed/landmarks/include_video/SHOES/e3e37b66e684.npz,80,25.0,3.2,0.875,1.0,,
4b93235b64ea,SHOES,include_video,video,,include_video:clip:4b93235b64ea,data/raw/include_video/Clothes/44. Shoes/MVI_4889.MOV,data/processed/landmarks/include_video/SHOES/4b93235b64ea.npz,74,25.0,2.96,0.9054,1.0,,
3efe9b33c45c,SHOES,include_video,video,,include_video:clip:3efe9b33c45c,data/raw/include_video/Clothes/44. Shoes/MVI_5028.MOV,data/processed/landmarks/include_video/SHOES/3efe9b33c45c.npz,64,25.0,2.56,0.7344,1.0,,
899b5fe098a5,SHOES,include_video,video,,include_video:clip:899b5fe098a5,data/raw/include_video/Clothes/44. Shoes/MVI_5029.MOV,data/processed/landmarks/include_video/SHOES/899b5fe098a5.npz,69,25.0,2.76,0.7826,1.0,,
4284a79d9e72,SHOES,include_video,video,,include_video:clip:4284a79d9e72,data/raw/include_video/Clothes/44. Shoes/MVI_5030.MOV,data/processed/landmarks/include_video/SHOES/4284a79d9e72.npz,72,25.0,2.88,0.7222,1.0,,
c544d7ee8eb4,SHOES,include_video,video,,include_video:clip:c544d7ee8eb4,data/raw/include_video/Clothes/44. Shoes/MVI_5175.MOV,data/processed/landmarks/include_video/SHOES/c544d7ee8eb4.npz,60,25.0,2.4,0.8333,1.0,,
aa97baf38067,SHOES,include_video,video,,include_video:clip:aa97baf38067,data/raw/include_video/Clothes/44. Shoes/MVI_5176.MOV,data/processed/landmarks/include_video/SHOES/aa97baf38067.npz,62,25.0,2.48,0.871,1.0,,
352f766efc78,SHOES,include_video,video,,include_video:clip:352f766efc78,data/raw/include_video/Clothes/44. Shoes/MVI_5177.MOV,data/processed/landmarks/include_video/SHOES/352f766efc78.npz,60,25.0,2.4,0.8833,1.0,,
06890d22dd4a,SHOES,include_video,video,,include_video:clip:06890d22dd4a,data/raw/include_video/Clothes/44. Shoes/MVI_8608.MP4,data/processed/landmarks/include_video/SHOES/06890d22dd4a.npz,62,25.0,2.48,0.8387,1.0,,
b8ab5f3888ba,SHORT,include_video,video,,include_video:clip:b8ab5f3888ba,data/raw/include_video/Adjectives/79. short/MVI_5110.MOV,data/processed/landmarks/include_video/SHORT/b8ab5f3888ba.npz,62,25.0,2.48,0.8387,1.0,,
31625a436f1f,SHORT,include_video,video,,include_video:clip:31625a436f1f,data/raw/include_video/Adjectives/79. short/MVI_5111.MOV,data/processed/landmarks/include_video/SHORT/31625a436f1f.npz,68,25.0,2.72,0.8676,1.0,,
d12250eb8164,SHORT,include_video,video,,include_video:clip:d12250eb8164,data/raw/include_video/Adjectives/79. short/MVI_5112.MOV,data/processed/landmarks/include_video/SHORT/d12250eb8164.npz,61,25.0,2.44,0.9016,1.0,,
aa0c7355865a,SHORT,include_video,video,,include_video:clip:aa0c7355865a,data/raw/include_video/Adjectives/79. short/MVI_5189.MOV,data/processed/landmarks/include_video/SHORT/aa0c7355865a.npz,57,25.0,2.28,0.807,1.0,,
fa04cd5b140c,SHORT,include_video,video,,include_video:clip:fa04cd5b140c,data/raw/include_video/Adjectives/79. short/MVI_5190.MOV,data/processed/landmarks/include_video/SHORT/fa04cd5b140c.npz,56,25.0,2.24,0.8036,1.0,,
9c5a3c872822,SHORT,include_video,video,,include_video:clip:9c5a3c872822,data/raw/include_video/Adjectives/79. short/MVI_5191.MOV,data/processed/landmarks/include_video/SHORT/9c5a3c872822.npz,64,25.0,2.56,0.8125,1.0,,
2b2e5a6271d9,SHORT,include_video,video,,include_video:clip:2b2e5a6271d9,data/raw/include_video/Adjectives/79. short/MVI_5269.MOV,data/processed/landmarks/include_video/SHORT/2b2e5a6271d9.npz,51,25.0,2.04,0.8235,1.0,,
e49e10b07bcf,SHORT,include_video,video,,include_video:clip:e49e10b07bcf,data/raw/include_video/Adjectives/79. short/MVI_5270.MOV,data/processed/landmarks/include_video/SHORT/e49e10b07bcf.npz,51,25.0,2.04,0.8039,1.0,,
25b5fda5e801,SHORT,include_video,video,,include_video:clip:25b5fda5e801,data/raw/include_video/Adjectives/79. short/MVI_5271.MOV,data/processed/landmarks/include_video/SHORT/25b5fda5e801.npz,52,25.0,2.08,0.7885,1.0,,
3677fe79681b,SHORT,include_video,video,,include_video:clip:3677fe79681b,data/raw/include_video/Adjectives/79. short/MVI_9220.MOV,data/processed/landmarks/include_video/SHORT/3677fe79681b.npz,49,25.0,1.96,0.8163,1.0,,
156fd6c7d421,SHORT,include_video,video,,include_video:clip:156fd6c7d421,data/raw/include_video/Adjectives/79. short/MVI_9221.MOV,data/processed/landmarks/include_video/SHORT/156fd6c7d421.npz,44,25.0,1.76,0.75,1.0,,
c839c40955f0,SHORT,include_video,video,,include_video:clip:c839c40955f0,data/raw/include_video/Adjectives/79. short/MVI_9222.MOV,data/processed/landmarks/include_video/SHORT/c839c40955f0.npz,49,25.0,1.96,0.7755,1.0,,
c80bf3087706,SHORT,include_video,video,,include_video:clip:c80bf3087706,data/raw/include_video/Adjectives/79. short/MVI_9301.MOV,data/processed/landmarks/include_video/SHORT/c80bf3087706.npz,49,25.0,1.96,0.6939,1.0,,
57968611bfe3,SHORT,include_video,video,,include_video:clip:57968611bfe3,data/raw/include_video/Adjectives/79. short/MVI_9302.MOV,data/processed/landmarks/include_video/SHORT/57968611bfe3.npz,44,25.0,1.76,0.6364,1.0,,
4ec9f42af0ef,SHORT,include_video,video,,include_video:clip:4ec9f42af0ef,data/raw/include_video/Adjectives/79. short/MVI_9303.MOV,data/processed/landmarks/include_video/SHORT/4ec9f42af0ef.npz,49,25.0,1.96,0.6735,1.0,,
a9d1832ec45b,SHORT,include_video,video,,include_video:clip:a9d1832ec45b,data/raw/include_video/Adjectives/79. short/MVI_9380.MOV,data/processed/landmarks/include_video/SHORT/a9d1832ec45b.npz,53,25.0,2.12,0.7736,1.0,,
bc1c8bb1b3ee,SHORT,include_video,video,,include_video:clip:bc1c8bb1b3ee,data/raw/include_video/Adjectives/79. short/MVI_9381.MOV,data/processed/landmarks/include_video/SHORT/bc1c8bb1b3ee.npz,47,25.0,1.88,0.6809,1.0,,
40691c82da40,SHORT,include_video,video,,include_video:clip:40691c82da40,data/raw/include_video/Adjectives/79. short/MVI_9382.MOV,data/processed/landmarks/include_video/SHORT/40691c82da40.npz,45,25.0,1.8,0.7333,1.0,,
f1aa6f97b204,SHORT,include_video,video,,include_video:clip:f1aa6f97b204,data/raw/include_video/Adjectives/79. short/MVI_9461.MOV,data/processed/landmarks/include_video/SHORT/f1aa6f97b204.npz,57,25.0,2.28,0.8421,1.0,,
553880b40a65,SHORT,include_video,video,,include_video:clip:553880b40a65,data/raw/include_video/Adjectives/79. short/MVI_9462.MOV,data/processed/landmarks/include_video/SHORT/553880b40a65.npz,54,25.0,2.16,0.7963,1.0,,
4f0f0d5a6add,SHORT,include_video,video,,include_video:clip:4f0f0d5a6add,data/raw/include_video/Adjectives/79. short/MVI_9463.MOV,data/processed/landmarks/include_video/SHORT/4f0f0d5a6add.npz,56,25.0,2.24,0.8571,1.0,,
46ff703331e0,SICK,include_video,video,,include_video:clip:46ff703331e0,data/raw/include_video/Adjectives/98. sick/MVI_5170.MOV,data/processed/landmarks/include_video/SICK/46ff703331e0.npz,70,25.0,2.8,0.9286,1.0,,
56dc94b2d71d,SICK,include_video,video,,include_video:clip:56dc94b2d71d,data/raw/include_video/Adjectives/98. sick/MVI_5171.MOV,data/processed/landmarks/include_video/SICK/56dc94b2d71d.npz,85,25.0,3.4,0.9294,1.0,,
a970dd0bf677,SICK,include_video,video,,include_video:clip:a970dd0bf677,data/raw/include_video/Adjectives/98. sick/MVI_5172.MOV,data/processed/landmarks/include_video/SICK/a970dd0bf677.npz,78,25.0,3.12,0.9231,1.0,,
0804d3d061c0,SICK,include_video,video,,include_video:clip:0804d3d061c0,data/raw/include_video/Adjectives/98. sick/MVI_5251.MOV,data/processed/landmarks/include_video/SICK/0804d3d061c0.npz,66,25.0,2.64,0.8333,1.0,,
1e4648b3ac87,SICK,include_video,video,,include_video:clip:1e4648b3ac87,data/raw/include_video/Adjectives/98. sick/MVI_5252.MOV,data/processed/landmarks/include_video/SICK/1e4648b3ac87.npz,62,25.0,2.48,0.8065,1.0,,
aa8755bdcf76,SICK,include_video,video,,include_video:clip:aa8755bdcf76,data/raw/include_video/Adjectives/98. sick/MVI_5253.MOV,data/processed/landmarks/include_video/SICK/aa8755bdcf76.npz,60,25.0,2.4,0.7833,1.0,,
17d137653913,SICK,include_video,video,,include_video:clip:17d137653913,data/raw/include_video/Adjectives/98. sick/MVI_5329.MOV,data/processed/landmarks/include_video/SICK/17d137653913.npz,47,25.0,1.88,0.8085,1.0,,
dc50757eecc6,SICK,include_video,video,,include_video:clip:dc50757eecc6,data/raw/include_video/Adjectives/98. sick/MVI_5330.MOV,data/processed/landmarks/include_video/SICK/dc50757eecc6.npz,51,25.0,2.04,0.8235,1.0,,
2a2c4439905b,SICK,include_video,video,,include_video:clip:2a2c4439905b,data/raw/include_video/Adjectives/98. sick/MVI_5331.MOV,data/processed/landmarks/include_video/SICK/2a2c4439905b.npz,55,25.0,2.2,0.8545,1.0,,
5be8c340f4d3,SICK,include_video,video,,include_video:clip:5be8c340f4d3,data/raw/include_video/Adjectives/98. sick/MVI_9280.MOV,data/processed/landmarks/include_video/SICK/5be8c340f4d3.npz,56,25.0,2.24,0.8214,1.0,,
833e89790842,SICK,include_video,video,,include_video:clip:833e89790842,data/raw/include_video/Adjectives/98. sick/MVI_9281.MOV,data/processed/landmarks/include_video/SICK/833e89790842.npz,54,25.0,2.16,0.7963,1.0,,
89ebc45d03ff,SICK,include_video,video,,include_video:clip:89ebc45d03ff,data/raw/include_video/Adjectives/98. sick/MVI_9282.MOV,data/processed/landmarks/include_video/SICK/89ebc45d03ff.npz,65,25.0,2.6,0.8308,1.0,,
9b118bed9a72,SICK,include_video,video,,include_video:clip:9b118bed9a72,data/raw/include_video/Adjectives/98. sick/MVI_9362.MOV,data/processed/landmarks/include_video/SICK/9b118bed9a72.npz,47,25.0,1.88,0.766,1.0,,
e9b03b07fb49,SICK,include_video,video,,include_video:clip:e9b03b07fb49,data/raw/include_video/Adjectives/98. sick/MVI_9363.MOV,data/processed/landmarks/include_video/SICK/e9b03b07fb49.npz,44,25.0,1.76,0.7727,1.0,,
350cdddc18f2,SICK,include_video,video,,include_video:clip:350cdddc18f2,data/raw/include_video/Adjectives/98. sick/MVI_9364.MOV,data/processed/landmarks/include_video/SICK/350cdddc18f2.npz,45,25.0,1.8,0.7556,1.0,,
5b7551547688,SICK,include_video,video,,include_video:clip:5b7551547688,data/raw/include_video/Adjectives/98. sick/MVI_9442.MOV,data/processed/landmarks/include_video/SICK/5b7551547688.npz,58,25.0,2.32,0.8103,1.0,,
e68fbde6e30d,SICK,include_video,video,,include_video:clip:e68fbde6e30d,data/raw/include_video/Adjectives/98. sick/MVI_9443.MOV,data/processed/landmarks/include_video/SICK/e68fbde6e30d.npz,60,25.0,2.4,0.9333,1.0,,
a969a481a5e7,SICK,include_video,video,,include_video:clip:a969a481a5e7,data/raw/include_video/Adjectives/98. sick/MVI_9444.MOV,data/processed/landmarks/include_video/SICK/a969a481a5e7.npz,56,25.0,2.24,0.8571,1.0,,
ff328ef1af0f,SICK,include_video,video,,include_video:clip:ff328ef1af0f,data/raw/include_video/Adjectives/98. sick/MVI_9527.MOV,data/processed/landmarks/include_video/SICK/ff328ef1af0f.npz,64,25.0,2.56,0.9219,1.0,,
00ff21d9aa0d,SICK,include_video,video,,include_video:clip:00ff21d9aa0d,data/raw/include_video/Adjectives/98. sick/MVI_9528.MOV,data/processed/landmarks/include_video/SICK/00ff21d9aa0d.npz,69,25.0,2.76,0.9565,1.0,,
7f5253eb9182,SICK,include_video,video,,include_video:clip:7f5253eb9182,data/raw/include_video/Adjectives/98. sick/MVI_9529.MOV,data/processed/landmarks/include_video/SICK/7f5253eb9182.npz,64,25.0,2.56,0.9375,1.0,,
4c12d117e2cf,SKIRT,include_video,video,,include_video:clip:4c12d117e2cf,data/raw/include_video/Clothes/40. Skirt/MVI_3699.MOV,data/processed/landmarks/include_video/SKIRT/4c12d117e2cf.npz,69,25.0,2.76,0.7826,1.0,,
4b95552dd81f,SKIRT,include_video,video,,include_video:clip:4b95552dd81f,data/raw/include_video/Clothes/40. Skirt/MVI_3700.MOV,data/processed/landmarks/include_video/SKIRT/4b95552dd81f.npz,75,25.0,3.0,0.96,1.0,,
00b04a3593d4,SKIRT,include_video,video,,include_video:clip:00b04a3593d4,data/raw/include_video/Clothes/40. Skirt/MVI_3844.MOV,data/processed/landmarks/include_video/SKIRT/00b04a3593d4.npz,60,25.0,2.4,0.9167,1.0,,
820f89fd8fa4,SKIRT,include_video,video,,include_video:clip:820f89fd8fa4,data/raw/include_video/Clothes/40. Skirt/MVI_3845.MOV,data/processed/landmarks/include_video/SKIRT/820f89fd8fa4.npz,57,25.0,2.28,0.9298,1.0,,
78862566bcd0,SKIRT,include_video,video,,include_video:clip:78862566bcd0,data/raw/include_video/Clothes/40. Skirt/MVI_3846.MOV,data/processed/landmarks/include_video/SKIRT/78862566bcd0.npz,51,25.0,2.04,0.8235,1.0,,
62f23fadc563,SKIRT,include_video,video,,include_video:clip:62f23fadc563,data/raw/include_video/Clothes/40. Skirt/MVI_3996.MOV,data/processed/landmarks/include_video/SKIRT/62f23fadc563.npz,60,25.0,2.4,0.8833,1.0,,
fe82375d32fc,SKIRT,include_video,video,,include_video:clip:fe82375d32fc,data/raw/include_video/Clothes/40. Skirt/MVI_3997.MOV,data/processed/landmarks/include_video/SKIRT/fe82375d32fc.npz,66,25.0,2.64,0.8939,1.0,,
508d161d4683,SKIRT,include_video,video,,include_video:clip:508d161d4683,data/raw/include_video/Clothes/40. Skirt/MVI_3998.MOV,data/processed/landmarks/include_video/SKIRT/508d161d4683.npz,64,25.0,2.56,0.9062,1.0,,
d5fcc429576b,SKIRT,include_video,video,,include_video:clip:d5fcc429576b,data/raw/include_video/Clothes/40. Skirt/MVI_4200.MOV,data/processed/landmarks/include_video/SKIRT/d5fcc429576b.npz,45,25.0,1.8,0.8222,1.0,,
20b9841cf8f7,SKIRT,include_video,video,,include_video:clip:20b9841cf8f7,data/raw/include_video/Clothes/40. Skirt/MVI_4874.MOV,data/processed/landmarks/include_video/SKIRT/20b9841cf8f7.npz,65,25.0,2.6,0.8923,1.0,,
4b3c6c78799e,SKIRT,include_video,video,,include_video:clip:4b3c6c78799e,data/raw/include_video/Clothes/40. Skirt/MVI_4875.MOV,data/processed/landmarks/include_video/SKIRT/4b3c6c78799e.npz,58,25.0,2.32,0.931,1.0,,
f3a79e7a5c9b,SKIRT,include_video,video,,include_video:clip:f3a79e7a5c9b,data/raw/include_video/Clothes/40. Skirt/MVI_4876.MOV,data/processed/landmarks/include_video/SKIRT/f3a79e7a5c9b.npz,61,25.0,2.44,0.9344,1.0,,
a166770b7d64,SKIRT,include_video,video,,include_video:clip:a166770b7d64,data/raw/include_video/Clothes/40. Skirt/MVI_5015.MOV,data/processed/landmarks/include_video/SKIRT/a166770b7d64.npz,66,25.0,2.64,0.5909,1.0,,
8aa63e0ab5d1,SKIRT,include_video,video,,include_video:clip:8aa63e0ab5d1,data/raw/include_video/Clothes/40. Skirt/MVI_5016.MOV,data/processed/landmarks/include_video/SKIRT/8aa63e0ab5d1.npz,46,25.0,1.84,0.7391,1.0,,
095819d20673,SKIRT,include_video,video,,include_video:clip:095819d20673,data/raw/include_video/Clothes/40. Skirt/MVI_5017.MOV,data/processed/landmarks/include_video/SKIRT/095819d20673.npz,48,25.0,1.92,0.6042,1.0,,
0b0838b9d8f8,SKIRT,include_video,video,,include_video:clip:0b0838b9d8f8,data/raw/include_video/Clothes/40. Skirt/MVI_5163.MOV,data/processed/landmarks/include_video/SKIRT/0b0838b9d8f8.npz,54,25.0,2.16,0.7963,1.0,,
4649a8820d6f,SKIRT,include_video,video,,include_video:clip:4649a8820d6f,data/raw/include_video/Clothes/40. Skirt/MVI_5164.MOV,data/processed/landmarks/include_video/SKIRT/4649a8820d6f.npz,47,25.0,1.88,0.7872,1.0,,
f6e1fc754aac,SKIRT,include_video,video,,include_video:clip:f6e1fc754aac,data/raw/include_video/Clothes/40. Skirt/MVI_5165.MOV,data/processed/landmarks/include_video/SKIRT/f6e1fc754aac.npz,51,25.0,2.04,0.8824,1.0,,
a244bb140e73,SKIRT,include_video,video,,include_video:clip:a244bb140e73,data/raw/include_video/Clothes/40. Skirt/MVI_8604.MP4,data/processed/landmarks/include_video/SKIRT/a244bb140e73.npz,70,25.0,2.8,0.7714,1.0,,
57c77d4a7ffc,SLOW,include_video,video,,include_video:clip:57c77d4a7ffc,data/raw/include_video/Adjectives/85. slow/MVI_5130.MOV,data/processed/landmarks/include_video/SLOW/57c77d4a7ffc.npz,67,25.0,2.68,0.791,1.0,,
4afccab43142,SLOW,include_video,video,,include_video:clip:4afccab43142,data/raw/include_video/Adjectives/85. slow/MVI_5131.MOV,data/processed/landmarks/include_video/SLOW/4afccab43142.npz,89,25.0,3.56,0.8652,1.0,,
84b8cba1421f,SLOW,include_video,video,,include_video:clip:84b8cba1421f,data/raw/include_video/Adjectives/85. slow/MVI_5132.MOV,data/processed/landmarks/include_video/SLOW/84b8cba1421f.npz,77,25.0,3.08,0.8312,1.0,,
244f2e2652f4,SLOW,include_video,video,,include_video:clip:244f2e2652f4,data/raw/include_video/Adjectives/85. slow/MVI_5210.MOV,data/processed/landmarks/include_video/SLOW/244f2e2652f4.npz,69,25.0,2.76,0.8261,1.0,,
e370206fdadd,SLOW,include_video,video,,include_video:clip:e370206fdadd,data/raw/include_video/Adjectives/85. slow/MVI_5211.MOV,data/processed/landmarks/include_video/SLOW/e370206fdadd.npz,75,25.0,3.0,0.8267,1.0,,
28faf0884634,SLOW,include_video,video,,include_video:clip:28faf0884634,data/raw/include_video/Adjectives/85. slow/MVI_5212.MOV,data/processed/landmarks/include_video/SLOW/28faf0884634.npz,65,25.0,2.6,0.8308,1.0,,
3f87e64b4b37,SLOW,include_video,video,,include_video:clip:3f87e64b4b37,data/raw/include_video/Adjectives/85. slow/MVI_5289.MOV,data/processed/landmarks/include_video/SLOW/3f87e64b4b37.npz,63,25.0,2.52,0.8413,1.0,,
924766fa0285,SLOW,include_video,video,,include_video:clip:924766fa0285,data/raw/include_video/Adjectives/85. slow/MVI_5290.MOV,data/processed/landmarks/include_video/SLOW/924766fa0285.npz,52,25.0,2.08,0.8654,1.0,,
f888a42b7f71,SLOW,include_video,video,,include_video:clip:f888a42b7f71,data/raw/include_video/Adjectives/85. slow/MVI_5291.MOV,data/processed/landmarks/include_video/SLOW/f888a42b7f71.npz,58,25.0,2.32,0.8966,1.0,,
d7ec14f2b449,SLOW,include_video,video,,include_video:clip:d7ec14f2b449,data/raw/include_video/Adjectives/85. slow/MVI_9240.MOV,data/processed/landmarks/include_video/SLOW/d7ec14f2b449.npz,57,25.0,2.28,0.807,1.0,,
25f57ce00204,SLOW,include_video,video,,include_video:clip:25f57ce00204,data/raw/include_video/Adjectives/85. slow/MVI_9242.MOV,data/processed/landmarks/include_video/SLOW/25f57ce00204.npz,39,25.0,1.56,0.6154,1.0,,
ae91f9821e5f,SLOW,include_video,video,,include_video:clip:ae91f9821e5f,data/raw/include_video/Adjectives/85. slow/MVI_9243.MOV,data/processed/landmarks/include_video/SLOW/ae91f9821e5f.npz,46,25.0,1.84,0.7609,1.0,,
98d1f9394b76,SLOW,include_video,video,,include_video:clip:98d1f9394b76,data/raw/include_video/Adjectives/85. slow/MVI_9322.MOV,data/processed/landmarks/include_video/SLOW/98d1f9394b76.npz,50,25.0,2.0,0.64,1.0,,
482939beb4bb,SLOW,include_video,video,,include_video:clip:482939beb4bb,data/raw/include_video/Adjectives/85. slow/MVI_9323.MOV,data/processed/landmarks/include_video/SLOW/482939beb4bb.npz,57,25.0,2.28,0.6667,1.0,,
9cc86c609622,SLOW,include_video,video,,include_video:clip:9cc86c609622,data/raw/include_video/Adjectives/85. slow/MVI_9324.MOV,data/processed/landmarks/include_video/SLOW/9cc86c609622.npz,54,25.0,2.16,0.6296,1.0,,
9abdb2afc570,SLOW,include_video,video,,include_video:clip:9abdb2afc570,data/raw/include_video/Adjectives/85. slow/MVI_9402.MOV,data/processed/landmarks/include_video/SLOW/9abdb2afc570.npz,60,25.0,2.4,0.5,1.0,,
f4da457e5ce0,SLOW,include_video,video,,include_video:clip:f4da457e5ce0,data/raw/include_video/Adjectives/85. slow/MVI_9403.MOV,data/processed/landmarks/include_video/SLOW/f4da457e5ce0.npz,64,25.0,2.56,0.4531,1.0,low_hand_detection,
418e81e5efd2,SLOW,include_video,video,,include_video:clip:418e81e5efd2,data/raw/include_video/Adjectives/85. slow/MVI_9404.MOV,data/processed/landmarks/include_video/SLOW/418e81e5efd2.npz,62,25.0,2.48,0.7419,1.0,,
fd410e37c7ce,SLOW,include_video,video,,include_video:clip:fd410e37c7ce,data/raw/include_video/Adjectives/85. slow/MVI_9481.MOV,data/processed/landmarks/include_video/SLOW/fd410e37c7ce.npz,62,25.0,2.48,0.9677,1.0,,
f52a796228bb,SLOW,include_video,video,,include_video:clip:f52a796228bb,data/raw/include_video/Adjectives/85. slow/MVI_9482.MOV,data/processed/landmarks/include_video/SLOW/f52a796228bb.npz,59,25.0,2.36,0.9153,1.0,,
3807c6d1d21f,SLOW,include_video,video,,include_video:clip:3807c6d1d21f,data/raw/include_video/Adjectives/85. slow/MVI_9483.MOV,data/processed/landmarks/include_video/SLOW/3807c6d1d21f.npz,65,25.0,2.6,0.9385,1.0,,
a90b9067aadc,SMALL_LITTLE,include_video,video,,include_video:clip:a90b9067aadc,data/raw/include_video/Adjectives/84. small little/MVI_5126.MOV,data/processed/landmarks/include_video/SMALL_LITTLE/a90b9067aadc.npz,83,25.0,3.32,0.8675,1.0,,
65417b84c3ba,SMALL_LITTLE,include_video,video,,include_video:clip:65417b84c3ba,data/raw/include_video/Adjectives/84. small little/MVI_5127.MOV,data/processed/landmarks/include_video/SMALL_LITTLE/65417b84c3ba.npz,80,25.0,3.2,0.8625,1.0,,
529c0d494d1a,SMALL_LITTLE,include_video,video,,include_video:clip:529c0d494d1a,data/raw/include_video/Adjectives/84. small little/MVI_5128.MOV,data/processed/landmarks/include_video/SMALL_LITTLE/529c0d494d1a.npz,62,25.0,2.48,0.8065,1.0,,
72661171a0f5,SMALL_LITTLE,include_video,video,,include_video:clip:72661171a0f5,data/raw/include_video/Adjectives/84. small little/MVI_5206.MOV,data/processed/landmarks/include_video/SMALL_LITTLE/72661171a0f5.npz,53,25.0,2.12,0.8113,1.0,,
ef09f6e89907,SMALL_LITTLE,include_video,video,,include_video:clip:ef09f6e89907,data/raw/include_video/Adjectives/84. small little/MVI_5207.MOV,data/processed/landmarks/include_video/SMALL_LITTLE/ef09f6e89907.npz,57,25.0,2.28,0.8246,1.0,,
f3c84e49c5b8,SMALL_LITTLE,include_video,video,,include_video:clip:f3c84e49c5b8,data/raw/include_video/Adjectives/84. small little/MVI_5208.MOV,data/processed/landmarks/include_video/SMALL_LITTLE/f3c84e49c5b8.npz,58,25.0,2.32,0.7931,1.0,,
bd09b61e83b9,SMALL_LITTLE,include_video,video,,include_video:clip:bd09b61e83b9,data/raw/include_video/Adjectives/84. small little/MVI_5286.MOV,data/processed/landmarks/include_video/SMALL_LITTLE/bd09b61e83b9.npz,52,25.0,2.08,0.7885,1.0,,
18958fd022f1,SMALL_LITTLE,include_video,video,,include_video:clip:18958fd022f1,data/raw/include_video/Adjectives/84. small little/MVI_5287.MOV,data/processed/landmarks/include_video/SMALL_LITTLE/18958fd022f1.npz,54,25.0,2.16,0.7963,1.0,,
58766e605b95,SMALL_LITTLE,include_video,video,,include_video:clip:58766e605b95,data/raw/include_video/Adjectives/84. small little/MVI_5288.MOV,data/processed/landmarks/include_video/SMALL_LITTLE/58766e605b95.npz,38,25.0,1.52,0.7105,1.0,,
77265f9c4efc,SMALL_LITTLE,include_video,video,,include_video:clip:77265f9c4efc,data/raw/include_video/Adjectives/84. small little/MVI_9236.MOV,data/processed/landmarks/include_video/SMALL_LITTLE/77265f9c4efc.npz,44,25.0,1.76,0.7727,1.0,,
04279445187c,SMALL_LITTLE,include_video,video,,include_video:clip:04279445187c,data/raw/include_video/Adjectives/84. small little/MVI_9237.MOV,data/processed/landmarks/include_video/SMALL_LITTLE/04279445187c.npz,52,25.0,2.08,0.7885,1.0,,
aabea86c5318,SMALL_LITTLE,include_video,video,,include_video:clip:aabea86c5318,data/raw/include_video/Adjectives/84. small little/MVI_9238.MOV,data/processed/landmarks/include_video/SMALL_LITTLE/aabea86c5318.npz,51,25.0,2.04,0.7843,1.0,,
5b12ab6a710d,SMALL_LITTLE,include_video,video,,include_video:clip:5b12ab6a710d,data/raw/include_video/Adjectives/84. small little/MVI_9319.MOV,data/processed/landmarks/include_video/SMALL_LITTLE/5b12ab6a710d.npz,51,25.0,2.04,0.5294,1.0,,
971b44e16cb6,SMALL_LITTLE,include_video,video,,include_video:clip:971b44e16cb6,data/raw/include_video/Adjectives/84. small little/MVI_9320.MOV,data/processed/landmarks/include_video/SMALL_LITTLE/971b44e16cb6.npz,52,25.0,2.08,0.6731,1.0,,
b3a467007e0b,SMALL_LITTLE,include_video,video,,include_video:clip:b3a467007e0b,data/raw/include_video/Adjectives/84. small little/MVI_9321.MOV,data/processed/landmarks/include_video/SMALL_LITTLE/b3a467007e0b.npz,54,25.0,2.16,0.6481,1.0,,
b31cb7ad9a4c,SMALL_LITTLE,include_video,video,,include_video:clip:b31cb7ad9a4c,data/raw/include_video/Adjectives/84. small little/MVI_9397.MOV,data/processed/landmarks/include_video/SMALL_LITTLE/b31cb7ad9a4c.npz,51,25.0,2.04,0.8039,1.0,,
8d10e9041168,SMALL_LITTLE,include_video,video,,include_video:clip:8d10e9041168,data/raw/include_video/Adjectives/84. small little/MVI_9398.MOV,data/processed/landmarks/include_video/SMALL_LITTLE/8d10e9041168.npz,50,25.0,2.0,0.7,1.0,,
0df0da345b7f,SMALL_LITTLE,include_video,video,,include_video:clip:0df0da345b7f,data/raw/include_video/Adjectives/84. small little/MVI_9400.MOV,data/processed/landmarks/include_video/SMALL_LITTLE/0df0da345b7f.npz,53,25.0,2.12,0.5472,1.0,,
c6ae7a760dfe,SMALL_LITTLE,include_video,video,,include_video:clip:c6ae7a760dfe,data/raw/include_video/Adjectives/84. small little/MVI_9478.MOV,data/processed/landmarks/include_video/SMALL_LITTLE/c6ae7a760dfe.npz,54,25.0,2.16,0.8889,1.0,,
15f5f4e4a289,SMALL_LITTLE,include_video,video,,include_video:clip:15f5f4e4a289,data/raw/include_video/Adjectives/84. small little/MVI_9479.MOV,data/processed/landmarks/include_video/SMALL_LITTLE/15f5f4e4a289.npz,52,25.0,2.08,0.8846,1.0,,
7b092a91b9ee,SMALL_LITTLE,include_video,video,,include_video:clip:7b092a91b9ee,data/raw/include_video/Adjectives/84. small little/MVI_9480.MOV,data/processed/landmarks/include_video/SMALL_LITTLE/7b092a91b9ee.npz,55,25.0,2.2,0.8545,1.0,,
3fec1a91f68c,SOAP,include_video,video,,include_video:clip:3fec1a91f68c,data/raw/include_video/Home/36. Soap/MVI_4395.MOV,data/processed/landmarks/include_video/SOAP/3fec1a91f68c.npz,51,25.0,2.04,0.8235,1.0,,
c7650ed87cd4,SOAP,include_video,video,,include_video:clip:c7650ed87cd4,data/raw/include_video/Home/36. Soap/MVI_4396.MOV,data/processed/landmarks/include_video/SOAP/c7650ed87cd4.npz,50,25.0,2.0,0.86,1.0,,
111444adcfc4,SOAP,include_video,video,,include_video:clip:111444adcfc4,data/raw/include_video/Home/36. Soap/MVI_4397.MOV,data/processed/landmarks/include_video/SOAP/111444adcfc4.npz,54,25.0,2.16,0.9259,1.0,,
dc0170fbebca,SOAP,include_video,video,,include_video:clip:dc0170fbebca,data/raw/include_video/Home/36. Soap/MVI_4398.MOV,data/processed/landmarks/include_video/SOAP/dc0170fbebca.npz,54,25.0,2.16,0.9074,1.0,,
bac50c0f2407,SOAP,include_video,video,,include_video:clip:bac50c0f2407,data/raw/include_video/Home/36. Soap/MVI_4912.MOV,data/processed/landmarks/include_video/SOAP/bac50c0f2407.npz,55,25.0,2.2,0.5636,1.0,,
484b22da8eed,SOAP,include_video,video,,include_video:clip:484b22da8eed,data/raw/include_video/Home/36. Soap/MVI_4913.MOV,data/processed/landmarks/include_video/SOAP/484b22da8eed.npz,56,25.0,2.24,0.25,1.0,low_hand_detection,
88c1e9ced156,SOAP,include_video,video,,include_video:clip:88c1e9ced156,data/raw/include_video/Home/36. Soap/MVI_4914.MOV,data/processed/landmarks/include_video/SOAP/88c1e9ced156.npz,46,25.0,1.84,0.6522,1.0,,
4ea188d2d4dc,SOAP,include_video,video,,include_video:clip:4ea188d2d4dc,data/raw/include_video/Home/36. Soap/MVI_8800.MP4,data/processed/landmarks/include_video/SOAP/4ea188d2d4dc.npz,75,25.0,3.0,0.8133,1.0,,
a6a410555a49,SOAP,include_video,video,,include_video:clip:a6a410555a49,data/raw/include_video/Home/36. Soap/MVI_8801.MP4,data/processed/landmarks/include_video/SOAP/a6a410555a49.npz,62,25.0,2.48,0.8226,1.0,,
317ff4e4b9b4,SOAP,include_video,video,,include_video:clip:317ff4e4b9b4,data/raw/include_video/Home/36. Soap/MVI_8802.MP4,data/processed/landmarks/include_video/SOAP/317ff4e4b9b4.npz,61,25.0,2.44,0.7705,1.0,,
3a2008208c5b,SOAP,include_video,video,,include_video:clip:3a2008208c5b,data/raw/include_video/Home/36. Soap/MVI_8803.MP4,data/processed/landmarks/include_video/SOAP/3a2008208c5b.npz,72,25.0,2.88,0.8056,1.0,,
647884a96d46,SOAP,include_video,video,,include_video:clip:647884a96d46,data/raw/include_video/Home/36. Soap/MVI_9038.MP4,data/processed/landmarks/include_video/SOAP/647884a96d46.npz,70,25.0,2.8,0.7429,1.0,,
f35a945fd49d,SOAP,include_video,video,,include_video:clip:f35a945fd49d,data/raw/include_video/Home/36. Soap/MVI_9039.MP4,data/processed/landmarks/include_video/SOAP/f35a945fd49d.npz,72,25.0,2.88,0.7917,1.0,,
e1d169ae0752,SOAP,include_video,video,,include_video:clip:e1d169ae0752,data/raw/include_video/Home/36. Soap/MVI_9040.MP4,data/processed/landmarks/include_video/SOAP/e1d169ae0752.npz,73,25.0,2.92,0.863,1.0,,
9bb6f5c53583,SOFT,include_video,video,,include_video:clip:9bb6f5c53583,data/raw/include_video/Adjectives/25. soft/MVI_9662.MOV,data/processed/landmarks/include_video/SOFT/9bb6f5c53583.npz,66,25.0,2.64,0.8636,1.0,,
ff4a8a0bd38a,SOFT,include_video,video,,include_video:clip:ff4a8a0bd38a,data/raw/include_video/Adjectives/25. soft/MVI_9663.MOV,data/processed/landmarks/include_video/SOFT/ff4a8a0bd38a.npz,59,25.0,2.36,0.8475,1.0,,
50b22358df0b,SOFT,include_video,video,,include_video:clip:50b22358df0b,data/raw/include_video/Adjectives/25. soft/MVI_9664.MOV,data/processed/landmarks/include_video/SOFT/50b22358df0b.npz,68,25.0,2.72,0.8676,1.0,,
40aeadc4f2c3,SOFT,include_video,video,,include_video:clip:40aeadc4f2c3,data/raw/include_video/Adjectives/25. soft/MVI_9665.MOV,data/processed/landmarks/include_video/SOFT/40aeadc4f2c3.npz,65,25.0,2.6,0.8615,1.0,,
5643390dd66f,SOFT,include_video,video,,include_video:clip:5643390dd66f,data/raw/include_video/Adjectives/25. soft/MVI_9789.MOV,data/processed/landmarks/include_video/SOFT/5643390dd66f.npz,54,25.0,2.16,0.8148,1.0,,
9f78f7a1bd68,SOFT,include_video,video,,include_video:clip:9f78f7a1bd68,data/raw/include_video/Adjectives/25. soft/MVI_9790.MOV,data/processed/landmarks/include_video/SOFT/9f78f7a1bd68.npz,61,25.0,2.44,0.8525,1.0,,
3385bdc72182,SOFT,include_video,video,,include_video:clip:3385bdc72182,data/raw/include_video/Adjectives/25. soft/MVI_9791.MOV,data/processed/landmarks/include_video/SOFT/3385bdc72182.npz,61,25.0,2.44,0.8852,1.0,,
e24f3a178d94,SOFT,include_video,video,,include_video:clip:e24f3a178d94,data/raw/include_video/Adjectives/25. soft/MVI_9792.MOV,data/processed/landmarks/include_video/SOFT/e24f3a178d94.npz,58,25.0,2.32,0.8276,1.0,,
353d8d8c8a5a,SOLDIER,include_video,video,,include_video:clip:353d8d8c8a5a,data/raw/include_video/Jobs/93. Soldier/MVI_4495.MOV,data/processed/landmarks/include_video/SOLDIER/353d8d8c8a5a.npz,68,25.0,2.72,0.7941,1.0,,
e899416ac5db,SOLDIER,include_video,video,,include_video:clip:e899416ac5db,data/raw/include_video/Jobs/93. Soldier/MVI_4496.MOV,data/processed/landmarks/include_video/SOLDIER/e899416ac5db.npz,54,25.0,2.16,0.7222,1.0,,
ea258c88f3bd,SOLDIER,include_video,video,,include_video:clip:ea258c88f3bd,data/raw/include_video/Jobs/93. Soldier/MVI_4497.MOV,data/processed/landmarks/include_video/SOLDIER/ea258c88f3bd.npz,56,25.0,2.24,0.6786,1.0,,
cf6371de8ae5,SOLDIER,include_video,video,,include_video:clip:cf6371de8ae5,data/raw/include_video/Jobs/93. Soldier/MVI_4498.MOV,data/processed/landmarks/include_video/SOLDIER/cf6371de8ae5.npz,55,25.0,2.2,0.7273,0.8727,,
b41e29d647a7,SOLDIER,include_video,video,,include_video:clip:b41e29d647a7,data/raw/include_video/Jobs/93. Soldier/MVI_4776.MOV,data/processed/landmarks/include_video/SOLDIER/b41e29d647a7.npz,58,25.0,2.32,0.7759,1.0,,
8778acacced8,SOLDIER,include_video,video,,include_video:clip:8778acacced8,data/raw/include_video/Jobs/93. Soldier/MVI_4777.MOV,data/processed/landmarks/include_video/SOLDIER/8778acacced8.npz,58,25.0,2.32,0.7241,1.0,,
5d52abef96ac,SOLDIER,include_video,video,,include_video:clip:5d52abef96ac,data/raw/include_video/Jobs/93. Soldier/MVI_4778.MOV,data/processed/landmarks/include_video/SOLDIER/5d52abef96ac.npz,57,25.0,2.28,0.7368,1.0,,
c6989a6afae3,SOLDIER,include_video,video,,include_video:clip:c6989a6afae3,data/raw/include_video/Jobs/93. Soldier/MVI_5350.MOV,data/processed/landmarks/include_video/SOLDIER/c6989a6afae3.npz,46,25.0,1.84,0.8043,1.0,,
dc0ba3f55acd,SOLDIER,include_video,video,,include_video:clip:dc0ba3f55acd,data/raw/include_video/Jobs/93. Soldier/MVI_5351.MOV,data/processed/landmarks/include_video/SOLDIER/dc0ba3f55acd.npz,49,25.0,1.96,0.8367,1.0,,
356ad679f976,SOLDIER,include_video,video,,include_video:clip:356ad679f976,data/raw/include_video/Jobs/93. Soldier/MVI_5352.MOV,data/processed/landmarks/include_video/SOLDIER/356ad679f976.npz,76,25.0,3.04,0.9079,1.0,,
aed550aaf62e,SOLDIER,include_video,video,,include_video:clip:aed550aaf62e,data/raw/include_video/Jobs/93. Soldier/MVI_5353.MOV,data/processed/landmarks/include_video/SOLDIER/aed550aaf62e.npz,42,25.0,1.68,0.7857,1.0,,
232652a02dae,SOLDIER,include_video,video,,include_video:clip:232652a02dae,data/raw/include_video/Jobs/93. Soldier/MVI_8893.MP4,data/processed/landmarks/include_video/SOLDIER/232652a02dae.npz,65,25.0,2.6,0.8154,1.0,,
c2fc2bc3083b,SOLDIER,include_video,video,,include_video:clip:c2fc2bc3083b,data/raw/include_video/Jobs/93. Soldier/MVI_8894.MP4,data/processed/landmarks/include_video/SOLDIER/c2fc2bc3083b.npz,57,25.0,2.28,0.807,1.0,,
fec3bed95dcf,SOLDIER,include_video,video,,include_video:clip:fec3bed95dcf,data/raw/include_video/Jobs/93. Soldier/MVI_8895.MP4,data/processed/landmarks/include_video/SOLDIER/fec3bed95dcf.npz,61,25.0,2.44,0.8033,1.0,,
438b88487dd5,STRONG,include_video,video,,include_video:clip:438b88487dd5,data/raw/include_video/Adjectives/31. strong/MVI_9690.MOV,data/processed/landmarks/include_video/STRONG/438b88487dd5.npz,60,25.0,2.4,0.7667,1.0,,
065d842baf2d,STRONG,include_video,video,,include_video:clip:065d842baf2d,data/raw/include_video/Adjectives/31. strong/MVI_9691.MOV,data/processed/landmarks/include_video/STRONG/065d842baf2d.npz,54,25.0,2.16,0.8148,1.0,,
a2b7f848bae4,STRONG,include_video,video,,include_video:clip:a2b7f848bae4,data/raw/include_video/Adjectives/31. strong/MVI_9692.MOV,data/processed/landmarks/include_video/STRONG/a2b7f848bae4.npz,60,25.0,2.4,0.7667,1.0,,
eb0e964cd41f,STRONG,include_video,video,,include_video:clip:eb0e964cd41f,data/raw/include_video/Adjectives/31. strong/MVI_9693.MOV,data/processed/landmarks/include_video/STRONG/eb0e964cd41f.npz,58,25.0,2.32,0.7931,1.0,,
20714a9e36c3,STRONG,include_video,video,,include_video:clip:20714a9e36c3,data/raw/include_video/Adjectives/31. strong/MVI_9814.MOV,data/processed/landmarks/include_video/STRONG/20714a9e36c3.npz,53,25.0,2.12,0.6415,1.0,,
4e72653f3582,STRONG,include_video,video,,include_video:clip:4e72653f3582,data/raw/include_video/Adjectives/31. strong/MVI_9815.MOV,data/processed/landmarks/include_video/STRONG/4e72653f3582.npz,57,25.0,2.28,0.6491,1.0,,
49790fd69f53,STRONG,include_video,video,,include_video:clip:49790fd69f53,data/raw/include_video/Adjectives/31. strong/MVI_9816.MOV,data/processed/landmarks/include_video/STRONG/49790fd69f53.npz,55,25.0,2.2,0.7091,1.0,,
882b70da3ac3,STRONG,include_video,video,,include_video:clip:882b70da3ac3,data/raw/include_video/Adjectives/31. strong/MVI_9817.MOV,data/processed/landmarks/include_video/STRONG/882b70da3ac3.npz,48,25.0,1.92,0.6458,1.0,,
3f2b86251e40,STUDENT,include_video,video,,include_video:clip:3f2b86251e40,data/raw/include_video/Jobs/85. Student/MVI_4462.MOV,data/processed/landmarks/include_video/STUDENT/3f2b86251e40.npz,87,25.0,3.48,0.8736,1.0,,
06c8bb6fe40e,STUDENT,include_video,video,,include_video:clip:06c8bb6fe40e,data/raw/include_video/Jobs/85. Student/MVI_4463.MOV,data/processed/landmarks/include_video/STUDENT/06c8bb6fe40e.npz,78,25.0,3.12,0.8205,1.0,,
d856eda71165,STUDENT,include_video,video,,include_video:clip:d856eda71165,data/raw/include_video/Jobs/85. Student/MVI_4464.MOV,data/processed/landmarks/include_video/STUDENT/d856eda71165.npz,94,25.0,3.76,0.883,1.0,,
a431efbc1dd2,STUDENT,include_video,video,,include_video:clip:a431efbc1dd2,data/raw/include_video/Jobs/85. Student/MVI_4465.MOV,data/processed/landmarks/include_video/STUDENT/a431efbc1dd2.npz,75,25.0,3.0,0.84,1.0,,
52546ca97427,STUDENT,include_video,video,,include_video:clip:52546ca97427,data/raw/include_video/Jobs/85. Student/MVI_4747.MOV,data/processed/landmarks/include_video/STUDENT/52546ca97427.npz,69,25.0,2.76,0.8551,1.0,,
8cd2b6548f37,STUDENT,include_video,video,,include_video:clip:8cd2b6548f37,data/raw/include_video/Jobs/85. Student/MVI_4748.MOV,data/processed/landmarks/include_video/STUDENT/8cd2b6548f37.npz,64,25.0,2.56,0.8594,1.0,,
1da129392b63,STUDENT,include_video,video,,include_video:clip:1da129392b63,data/raw/include_video/Jobs/85. Student/MVI_4749.MOV,data/processed/landmarks/include_video/STUDENT/1da129392b63.npz,61,25.0,2.44,0.8689,1.0,,
bc8a8ec54855,STUDENT,include_video,video,,include_video:clip:bc8a8ec54855,data/raw/include_video/Jobs/85. Student/MVI_5314.MOV,data/processed/landmarks/include_video/STUDENT/bc8a8ec54855.npz,63,25.0,2.52,0.8254,1.0,,
5a1e4f6314fa,STUDENT,include_video,video,,include_video:clip:5a1e4f6314fa,data/raw/include_video/Jobs/85. Student/MVI_5315.MOV,data/processed/landmarks/include_video/STUDENT/5a1e4f6314fa.npz,58,25.0,2.32,0.931,1.0,,
8c4f0ea16387,STUDENT,include_video,video,,include_video:clip:8c4f0ea16387,data/raw/include_video/Jobs/85. Student/MVI_5316.MOV,data/processed/landmarks/include_video/STUDENT/8c4f0ea16387.npz,60,25.0,2.4,0.9167,1.0,,
650a73171be9,STUDENT,include_video,video,,include_video:clip:650a73171be9,data/raw/include_video/Jobs/85. Student/MVI_5317.MOV,data/processed/landmarks/include_video/STUDENT/650a73171be9.npz,63,25.0,2.52,0.9365,1.0,,
9c1f3df8d340,STUDENT,include_video,video,,include_video:clip:9c1f3df8d340,data/raw/include_video/Jobs/85. Student/MVI_8868.MP4,data/processed/landmarks/include_video/STUDENT/9c1f3df8d340.npz,68,25.0,2.72,0.8382,1.0,,
aad4d525403f,STUDENT,include_video,video,,include_video:clip:aad4d525403f,data/raw/include_video/Jobs/85. Student/MVI_8869.MP4,data/processed/landmarks/include_video/STUDENT/aad4d525403f.npz,68,25.0,2.72,0.8676,1.0,,
b0614b4055b9,STUDENT,include_video,video,,include_video:clip:b0614b4055b9,data/raw/include_video/Jobs/85. Student/MVI_8870.MP4,data/processed/landmarks/include_video/STUDENT/b0614b4055b9.npz,68,25.0,2.72,0.8235,1.0,,
74e6f4a1dd20,SUIT,include_video,video,,include_video:clip:74e6f4a1dd20,data/raw/include_video/Clothes/39. Suit/MVI_3697.MOV,data/processed/landmarks/include_video/SUIT/74e6f4a1dd20.npz,70,25.0,2.8,0.8286,1.0,,
de7863bb697e,SUIT,include_video,video,,include_video:clip:de7863bb697e,data/raw/include_video/Clothes/39. Suit/MVI_3698.MOV,data/processed/landmarks/include_video/SUIT/de7863bb697e.npz,80,25.0,3.2,0.7875,1.0,,
84159be7928e,SUIT,include_video,video,,include_video:clip:84159be7928e,data/raw/include_video/Clothes/39. Suit/MVI_3841.MOV,data/processed/landmarks/include_video/SUIT/84159be7928e.npz,81,25.0,3.24,0.9136,1.0,,
c53c3bc526cb,SUIT,include_video,video,,include_video:clip:c53c3bc526cb,data/raw/include_video/Clothes/39. Suit/MVI_3842.MOV,data/processed/landmarks/include_video/SUIT/c53c3bc526cb.npz,71,25.0,2.84,0.9014,1.0,,
caa433707289,SUIT,include_video,video,,include_video:clip:caa433707289,data/raw/include_video/Clothes/39. Suit/MVI_3843.MOV,data/processed/landmarks/include_video/SUIT/caa433707289.npz,71,25.0,2.84,0.8451,1.0,,
e63f80ea54de,SUIT,include_video,video,,include_video:clip:e63f80ea54de,data/raw/include_video/Clothes/39. Suit/MVI_3990.MOV,data/processed/landmarks/include_video/SUIT/e63f80ea54de.npz,81,25.0,3.24,0.8765,1.0,,
c673e5d49707,SUIT,include_video,video,,include_video:clip:c673e5d49707,data/raw/include_video/Clothes/39. Suit/MVI_3991.MOV,data/processed/landmarks/include_video/SUIT/c673e5d49707.npz,84,25.0,3.36,0.8929,1.0,,
4740216f3b70,SUIT,include_video,video,,include_video:clip:4740216f3b70,data/raw/include_video/Clothes/39. Suit/MVI_3992.MOV,data/processed/landmarks/include_video/SUIT/4740216f3b70.npz,73,25.0,2.92,0.8904,1.0,,
1343d7de9fe2,SUIT,include_video,video,,include_video:clip:1343d7de9fe2,data/raw/include_video/Clothes/39. Suit/MVI_4199.MOV,data/processed/landmarks/include_video/SUIT/1343d7de9fe2.npz,62,25.0,2.48,0.8387,1.0,,
bc00388920cc,SUIT,include_video,video,,include_video:clip:bc00388920cc,data/raw/include_video/Clothes/39. Suit/MVI_4871.MOV,data/processed/landmarks/include_video/SUIT/bc00388920cc.npz,72,25.0,2.88,0.8194,1.0,,
2adcbf4c1be1,SUIT,include_video,video,,include_video:clip:2adcbf4c1be1,data/raw/include_video/Clothes/39. Suit/MVI_4872.MOV,data/processed/landmarks/include_video/SUIT/2adcbf4c1be1.npz,82,25.0,3.28,0.8902,1.0,,
5bb0a91e96a5,SUIT,include_video,video,,include_video:clip:5bb0a91e96a5,data/raw/include_video/Clothes/39. Suit/MVI_4873.MOV,data/processed/landmarks/include_video/SUIT/5bb0a91e96a5.npz,81,25.0,3.24,0.9136,1.0,,
6e9020415729,SUIT,include_video,video,,include_video:clip:6e9020415729,data/raw/include_video/Clothes/39. Suit/MVI_5012.MOV,data/processed/landmarks/include_video/SUIT/6e9020415729.npz,58,25.0,2.32,0.4483,1.0,low_hand_detection,
94edccc14dba,SUIT,include_video,video,,include_video:clip:94edccc14dba,data/raw/include_video/Clothes/39. Suit/MVI_5013.MOV,data/processed/landmarks/include_video/SUIT/94edccc14dba.npz,55,25.0,2.2,0.3455,1.0,low_hand_detection,
0a4e5caae0a6,SUIT,include_video,video,,include_video:clip:0a4e5caae0a6,data/raw/include_video/Clothes/39. Suit/MVI_5014.MOV,data/processed/landmarks/include_video/SUIT/0a4e5caae0a6.npz,53,25.0,2.12,0.4528,1.0,low_hand_detection,
354f4076060b,SUIT,include_video,video,,include_video:clip:354f4076060b,data/raw/include_video/Clothes/39. Suit/MVI_5160.MOV,data/processed/landmarks/include_video/SUIT/354f4076060b.npz,98,25.0,3.92,0.9388,1.0,,
fbdb54df2624,SUIT,include_video,video,,include_video:clip:fbdb54df2624,data/raw/include_video/Clothes/39. Suit/MVI_5161.MOV,data/processed/landmarks/include_video/SUIT/fbdb54df2624.npz,61,25.0,2.44,0.8852,1.0,,
c7218b720cb7,SUIT,include_video,video,,include_video:clip:c7218b720cb7,data/raw/include_video/Clothes/39. Suit/MVI_5162.MOV,data/processed/landmarks/include_video/SUIT/c7218b720cb7.npz,60,25.0,2.4,0.9167,1.0,,
fb45da3cb251,SUIT,include_video,video,,include_video:clip:fb45da3cb251,data/raw/include_video/Clothes/39. Suit/MVI_8602.MP4,data/processed/landmarks/include_video/SUIT/fb45da3cb251.npz,61,25.0,2.44,0.623,1.0,,
e8e109d1ed7a,SUNDAY,include_video,video,,include_video:clip:e8e109d1ed7a,data/raw/include_video/Days_and_Time/66. Sunday/MVI_4586.MOV,data/processed/landmarks/include_video/SUNDAY/e8e109d1ed7a.npz,71,25.0,2.84,0.8732,1.0,,
5bb9a172046e,SUNDAY,include_video,video,,include_video:clip:5bb9a172046e,data/raw/include_video/Days_and_Time/66. Sunday/MVI_4588.MOV,data/processed/landmarks/include_video/SUNDAY/5bb9a172046e.npz,69,25.0,2.76,0.3913,1.0,low_hand_detection,
a5dcbadd7cb2,SUNDAY,include_video,video,,include_video:clip:a5dcbadd7cb2,data/raw/include_video/Days_and_Time/66. Sunday/MVI_4589.MOV,data/processed/landmarks/include_video/SUNDAY/a5dcbadd7cb2.npz,60,25.0,2.4,0.3,1.0,low_hand_detection,
b81d07408ba5,SUNDAY,include_video,video,,include_video:clip:b81d07408ba5,data/raw/include_video/Days_and_Time/66. Sunday/MVI_4590.MOV,data/processed/landmarks/include_video/SUNDAY/b81d07408ba5.npz,57,25.0,2.28,0.2632,1.0,low_hand_detection,
63ae81f13b9a,SUNDAY,include_video,video,,include_video:clip:63ae81f13b9a,data/raw/include_video/Days_and_Time/66. Sunday/MVI_5005.MOV,data/processed/landmarks/include_video/SUNDAY/63ae81f13b9a.npz,52,25.0,2.08,0.3654,1.0,low_hand_detection,
30e5bd1acc82,SUNDAY,include_video,video,,include_video:clip:30e5bd1acc82,data/raw/include_video/Days_and_Time/66. Sunday/MVI_5006.MOV,data/processed/landmarks/include_video/SUNDAY/30e5bd1acc82.npz,50,25.0,2.0,0.1,1.0,low_hand_detection,
8b33456006f0,SUNDAY,include_video,video,,include_video:clip:8b33456006f0,data/raw/include_video/Days_and_Time/66. Sunday/MVI_5008.MOV,data/processed/landmarks/include_video/SUNDAY/8b33456006f0.npz,47,25.0,1.88,0.5745,1.0,,
823c7b01836f,SUNDAY,include_video,video,,include_video:clip:823c7b01836f,data/raw/include_video/Days_and_Time/66. Sunday/MVI_5442.MOV,data/processed/landmarks/include_video/SUNDAY/823c7b01836f.npz,51,25.0,2.04,1.0,1.0,,
0b051b25de9e,SUNDAY,include_video,video,,include_video:clip:0b051b25de9e,data/raw/include_video/Days_and_Time/66. Sunday/MVI_5443.MOV,data/processed/landmarks/include_video/SUNDAY/0b051b25de9e.npz,57,25.0,2.28,1.0,1.0,,
5be168bbef07,SUNDAY,include_video,video,,include_video:clip:5be168bbef07,data/raw/include_video/Days_and_Time/66. Sunday/MVI_5444.MOV,data/processed/landmarks/include_video/SUNDAY/5be168bbef07.npz,61,25.0,2.44,1.0,1.0,,
6d4cc6c3f65c,SUNDAY,include_video,video,,include_video:clip:6d4cc6c3f65c,data/raw/include_video/Days_and_Time/66. Sunday/MVI_5445.MOV,data/processed/landmarks/include_video/SUNDAY/6d4cc6c3f65c.npz,57,25.0,2.28,1.0,1.0,,
1e8ea2626d35,SUNDAY,include_video,video,,include_video:clip:1e8ea2626d35,data/raw/include_video/Days_and_Time/66. Sunday/MVI_9139.MP4,data/processed/landmarks/include_video/SUNDAY/1e8ea2626d35.npz,78,25.0,3.12,1.0,1.0,,
4d8b7ca53a28,SUNDAY,include_video,video,,include_video:clip:4d8b7ca53a28,data/raw/include_video/Days_and_Time/66. Sunday/MVI_9140.MP4,data/processed/landmarks/include_video/SUNDAY/4d8b7ca53a28.npz,75,25.0,3.0,1.0,1.0,,
8b4b3242311f,SUNDAY,include_video,video,,include_video:clip:8b4b3242311f,data/raw/include_video/Days_and_Time/66. Sunday/MVI_9141.MP4,data/processed/landmarks/include_video/SUNDAY/8b4b3242311f.npz,71,25.0,2.84,1.0,1.0,,
06c7671602d4,TABLE,include_video,video,,include_video:clip:06c7671602d4,data/raw/include_video/Home/24. Table/MVI_4344.MOV,data/processed/landmarks/include_video/TABLE/06c7671602d4.npz,55,25.0,2.2,0.7818,1.0,,
969ddf86b962,TABLE,include_video,video,,include_video:clip:969ddf86b962,data/raw/include_video/Home/24. Table/MVI_4345.MOV,data/processed/landmarks/include_video/TABLE/969ddf86b962.npz,50,25.0,2.0,0.82,1.0,,
bbcb086c7cde,TABLE,include_video,video,,include_video:clip:bbcb086c7cde,data/raw/include_video/Home/24. Table/MVI_4346.MOV,data/processed/landmarks/include_video/TABLE/bbcb086c7cde.npz,49,25.0,1.96,0.8367,1.0,,
e2585cd506be,TABLE,include_video,video,,include_video:clip:e2585cd506be,data/raw/include_video/Home/24. Table/MVI_4347.MOV,data/processed/landmarks/include_video/TABLE/e2585cd506be.npz,47,25.0,1.88,0.7872,1.0,,
f3462f975e07,TABLE,include_video,video,,include_video:clip:f3462f975e07,data/raw/include_video/Home/24. Table/MVI_4869.MOV,data/processed/landmarks/include_video/TABLE/f3462f975e07.npz,47,25.0,1.88,0.6809,1.0,,
a25daa0432e8,TABLE,include_video,video,,include_video:clip:a25daa0432e8,data/raw/include_video/Home/24. Table/MVI_4870.MOV,data/processed/landmarks/include_video/TABLE/a25daa0432e8.npz,55,25.0,2.2,0.7091,1.0,,
ab49495edc31,TABLE,include_video,video,,include_video:clip:ab49495edc31,data/raw/include_video/Home/24. Table/MVI_4871.MOV,data/processed/landmarks/include_video/TABLE/ab49495edc31.npz,50,25.0,2.0,0.72,1.0,,
e3b02484e1e0,TABLE,include_video,video,,include_video:clip:e3b02484e1e0,data/raw/include_video/Home/24. Table/MVI_8750.MP4,data/processed/landmarks/include_video/TABLE/e3b02484e1e0.npz,69,25.0,2.76,0.6377,1.0,,
44d52a8de3e0,TABLE,include_video,video,,include_video:clip:44d52a8de3e0,data/raw/include_video/Home/24. Table/MVI_8751.MP4,data/processed/landmarks/include_video/TABLE/44d52a8de3e0.npz,64,25.0,2.56,0.6719,1.0,,
d51bca06996c,TABLE,include_video,video,,include_video:clip:d51bca06996c,data/raw/include_video/Home/24. Table/MVI_8752.MP4,data/processed/landmarks/include_video/TABLE/d51bca06996c.npz,64,25.0,2.56,0.7812,1.0,,
c963881bd180,TABLE,include_video,video,,include_video:clip:c963881bd180,data/raw/include_video/Home/24. Table/MVI_8753.MP4,data/processed/landmarks/include_video/TABLE/c963881bd180.npz,51,25.0,2.04,0.6667,1.0,,
6b42dc9c8115,TABLE,include_video,video,,include_video:clip:6b42dc9c8115,data/raw/include_video/Home/24. Table/MVI_9001.MP4,data/processed/landmarks/include_video/TABLE/6b42dc9c8115.npz,63,25.0,2.52,0.7143,1.0,,
a35ca3361a14,TABLE,include_video,video,,include_video:clip:a35ca3361a14,data/raw/include_video/Home/24. Table/MVI_9002.MP4,data/processed/landmarks/include_video/TABLE/a35ca3361a14.npz,64,25.0,2.56,0.8125,1.0,,
afa116bfab7c,TABLE,include_video,video,,include_video:clip:afa116bfab7c,data/raw/include_video/Home/24. Table/MVI_9003.MP4,data/processed/landmarks/include_video/TABLE/afa116bfab7c.npz,64,25.0,2.56,0.7656,1.0,,
81c1f120364c,TALL,include_video,video,,include_video:clip:81c1f120364c,data/raw/include_video/Adjectives/80. tall/MVI_5114.MOV,data/processed/landmarks/include_video/TALL/81c1f120364c.npz,64,25.0,2.56,1.0,1.0,,
2a448a54c4f5,TALL,include_video,video,,include_video:clip:2a448a54c4f5,data/raw/include_video/Adjectives/80. tall/MVI_5115.MOV,data/processed/landmarks/include_video/TALL/2a448a54c4f5.npz,72,25.0,2.88,1.0,1.0,,
757a4d601f55,TALL,include_video,video,,include_video:clip:757a4d601f55,data/raw/include_video/Adjectives/80. tall/MVI_5116.MOV,data/processed/landmarks/include_video/TALL/757a4d601f55.npz,64,25.0,2.56,1.0,1.0,,
fb35019fae25,TALL,include_video,video,,include_video:clip:fb35019fae25,data/raw/include_video/Adjectives/80. tall/MVI_5194.MOV,data/processed/landmarks/include_video/TALL/fb35019fae25.npz,52,25.0,2.08,1.0,1.0,,
67032735722d,TALL,include_video,video,,include_video:clip:67032735722d,data/raw/include_video/Adjectives/80. tall/MVI_5195.MOV,data/processed/landmarks/include_video/TALL/67032735722d.npz,60,25.0,2.4,1.0,1.0,,
26852828ebad,TALL,include_video,video,,include_video:clip:26852828ebad,data/raw/include_video/Adjectives/80. tall/MVI_5196.MOV,data/processed/landmarks/include_video/TALL/26852828ebad.npz,58,25.0,2.32,1.0,1.0,,
a9f82138e526,TALL,include_video,video,,include_video:clip:a9f82138e526,data/raw/include_video/Adjectives/80. tall/MVI_5273.MOV,data/processed/landmarks/include_video/TALL/a9f82138e526.npz,59,25.0,2.36,1.0,1.0,,
9d2971f3c538,TALL,include_video,video,,include_video:clip:9d2971f3c538,data/raw/include_video/Adjectives/80. tall/MVI_5274.MOV,data/processed/landmarks/include_video/TALL/9d2971f3c538.npz,54,25.0,2.16,1.0,1.0,,
9be0192b0406,TALL,include_video,video,,include_video:clip:9be0192b0406,data/raw/include_video/Adjectives/80. tall/MVI_5276.MOV,data/processed/landmarks/include_video/TALL/9be0192b0406.npz,55,25.0,2.2,1.0,1.0,,
9c6ec14f256d,TALL,include_video,video,,include_video:clip:9c6ec14f256d,data/raw/include_video/Adjectives/80. tall/MVI_9223.MOV,data/processed/landmarks/include_video/TALL/9c6ec14f256d.npz,48,25.0,1.92,1.0,1.0,,
48e4ad19a3ef,TALL,include_video,video,,include_video:clip:48e4ad19a3ef,data/raw/include_video/Adjectives/80. tall/MVI_9224.MOV,data/processed/landmarks/include_video/TALL/48e4ad19a3ef.npz,59,25.0,2.36,1.0,1.0,,
7b842292427c,TALL,include_video,video,,include_video:clip:7b842292427c,data/raw/include_video/Adjectives/80. tall/MVI_9225.MOV,data/processed/landmarks/include_video/TALL/7b842292427c.npz,48,25.0,1.92,1.0,1.0,,
112c177017b9,TALL,include_video,video,,include_video:clip:112c177017b9,data/raw/include_video/Adjectives/80. tall/MVI_9307.MOV,data/processed/landmarks/include_video/TALL/112c177017b9.npz,58,25.0,2.32,1.0,1.0,,
b221027b0837,TALL,include_video,video,,include_video:clip:b221027b0837,data/raw/include_video/Adjectives/80. tall/MVI_9308.MOV,data/processed/landmarks/include_video/TALL/b221027b0837.npz,50,25.0,2.0,0.58,1.0,,
60542253bb7c,TALL,include_video,video,,include_video:clip:60542253bb7c,data/raw/include_video/Adjectives/80. tall/MVI_9309.MOV,data/processed/landmarks/include_video/TALL/60542253bb7c.npz,58,25.0,2.32,0.6207,1.0,,
911bb6bc3cf6,TALL,include_video,video,,include_video:clip:911bb6bc3cf6,data/raw/include_video/Adjectives/80. tall/MVI_9384.MOV,data/processed/landmarks/include_video/TALL/911bb6bc3cf6.npz,57,25.0,2.28,1.0,1.0,,
4f618093e15e,TALL,include_video,video,,include_video:clip:4f618093e15e,data/raw/include_video/Adjectives/80. tall/MVI_9386.MOV,data/processed/landmarks/include_video/TALL/4f618093e15e.npz,60,25.0,2.4,1.0,1.0,,
f60883a8f89f,TALL,include_video,video,,include_video:clip:f60883a8f89f,data/raw/include_video/Adjectives/80. tall/MVI_9387.MOV,data/processed/landmarks/include_video/TALL/f60883a8f89f.npz,45,25.0,1.8,1.0,1.0,,
be21c2c0ede1,TALL,include_video,video,,include_video:clip:be21c2c0ede1,data/raw/include_video/Adjectives/80. tall/MVI_9464.MOV,data/processed/landmarks/include_video/TALL/be21c2c0ede1.npz,58,25.0,2.32,1.0,1.0,,
cea6eec4973e,TALL,include_video,video,,include_video:clip:cea6eec4973e,data/raw/include_video/Adjectives/80. tall/MVI_9465.MOV,data/processed/landmarks/include_video/TALL/cea6eec4973e.npz,50,25.0,2.0,1.0,1.0,,
17ae0836a62e,TALL,include_video,video,,include_video:clip:17ae0836a62e,data/raw/include_video/Adjectives/80. tall/MVI_9466.MOV,data/processed/landmarks/include_video/TALL/17ae0836a62e.npz,50,25.0,2.0,1.0,1.0,,
f38dc6432111,TEACHER,include_video,video,,include_video:clip:f38dc6432111,data/raw/include_video/Jobs/84. Teacher/MVI_4457.MOV,data/processed/landmarks/include_video/TEACHER/f38dc6432111.npz,67,25.0,2.68,0.8209,1.0,,
a4e8200a8824,TEACHER,include_video,video,,include_video:clip:a4e8200a8824,data/raw/include_video/Jobs/84. Teacher/MVI_4458.MOV,data/processed/landmarks/include_video/TEACHER/a4e8200a8824.npz,73,25.0,2.92,0.8493,1.0,,
19d2f8af5ce4,TEACHER,include_video,video,,include_video:clip:19d2f8af5ce4,data/raw/include_video/Jobs/84. Teacher/MVI_4459.MOV,data/processed/landmarks/include_video/TEACHER/19d2f8af5ce4.npz,79,25.0,3.16,0.8228,1.0,,
fc59bd82e475,TEACHER,include_video,video,,include_video:clip:fc59bd82e475,data/raw/include_video/Jobs/84. Teacher/MVI_4460.MOV,data/processed/landmarks/include_video/TEACHER/fc59bd82e475.npz,68,25.0,2.72,0.8235,0.9853,,
d89b51b331d4,TEACHER,include_video,video,,include_video:clip:d89b51b331d4,data/raw/include_video/Jobs/84. Teacher/MVI_4744.MOV,data/processed/landmarks/include_video/TEACHER/d89b51b331d4.npz,53,25.0,2.12,0.7736,1.0,,
4211a56de6a5,TEACHER,include_video,video,,include_video:clip:4211a56de6a5,data/raw/include_video/Jobs/84. Teacher/MVI_4745.MOV,data/processed/landmarks/include_video/TEACHER/4211a56de6a5.npz,64,25.0,2.56,0.7812,1.0,,
a72dd96d5ff5,TEACHER,include_video,video,,include_video:clip:a72dd96d5ff5,data/raw/include_video/Jobs/84. Teacher/MVI_4746.MOV,data/processed/landmarks/include_video/TEACHER/a72dd96d5ff5.npz,59,25.0,2.36,0.8305,1.0,,
f2eaa1508d63,TEACHER,include_video,video,,include_video:clip:f2eaa1508d63,data/raw/include_video/Jobs/84. Teacher/MVI_5310.MOV,data/processed/landmarks/include_video/TEACHER/f2eaa1508d63.npz,61,25.0,2.44,0.8525,1.0,,
ed8bfe1527d7,TEACHER,include_video,video,,include_video:clip:ed8bfe1527d7,data/raw/include_video/Jobs/84. Teacher/MVI_5311.MOV,data/processed/landmarks/include_video/TEACHER/ed8bfe1527d7.npz,50,25.0,2.0,0.8,1.0,,
ed3abda4207e,TEACHER,include_video,video,,include_video:clip:ed3abda4207e,data/raw/include_video/Jobs/84. Teacher/MVI_5312.MOV,data/processed/landmarks/include_video/TEACHER/ed3abda4207e.npz,51,25.0,2.04,0.8627,1.0,,
478ae0d78d5f,TEACHER,include_video,video,,include_video:clip:478ae0d78d5f,data/raw/include_video/Jobs/84. Teacher/MVI_5313.MOV,data/processed/landmarks/include_video/TEACHER/478ae0d78d5f.npz,55,25.0,2.2,0.8545,1.0,,
0bf16b6ae683,TEACHER,include_video,video,,include_video:clip:0bf16b6ae683,data/raw/include_video/Jobs/84. Teacher/MVI_8864.MP4,data/processed/landmarks/include_video/TEACHER/0bf16b6ae683.npz,73,25.0,2.92,0.8219,1.0,,
e1156d57bc7b,TEACHER,include_video,video,,include_video:clip:e1156d57bc7b,data/raw/include_video/Jobs/84. Teacher/MVI_8865.MP4,data/processed/landmarks/include_video/TEACHER/e1156d57bc7b.npz,60,25.0,2.4,0.7833,1.0,,
b6ad803d0d72,TEACHER,include_video,video,,include_video:clip:b6ad803d0d72,data/raw/include_video/Jobs/84. Teacher/MVI_8866.MP4,data/processed/landmarks/include_video/TEACHER/b6ad803d0d72.npz,61,25.0,2.44,0.7869,1.0,,
f59cfe5bf490,TELEPHONE,include_video,video,,include_video:clip:f59cfe5bf490,data/raw/include_video/Home/44. Telephone/MVI_4428.MOV,data/processed/landmarks/include_video/TELEPHONE/f59cfe5bf490.npz,41,25.0,1.64,1.0,1.0,,
bd86eea60633,TELEPHONE,include_video,video,,include_video:clip:bd86eea60633,data/raw/include_video/Home/44. Telephone/MVI_4429.MOV,data/processed/landmarks/include_video/TELEPHONE/bd86eea60633.npz,45,25.0,1.8,1.0,1.0,,
ab375ed21d34,TELEPHONE,include_video,video,,include_video:clip:ab375ed21d34,data/raw/include_video/Home/44. Telephone/MVI_4430.MOV,data/processed/landmarks/include_video/TELEPHONE/ab375ed21d34.npz,44,25.0,1.76,1.0,1.0,,
3e9c1ad84a35,TELEPHONE,include_video,video,,include_video:clip:3e9c1ad84a35,data/raw/include_video/Home/44. Telephone/MVI_4431.MOV,data/processed/landmarks/include_video/TELEPHONE/3e9c1ad84a35.npz,46,25.0,1.84,1.0,1.0,,
f4acb9086018,TELEPHONE,include_video,video,,include_video:clip:f4acb9086018,data/raw/include_video/Home/44. Telephone/MVI_4938.MOV,data/processed/landmarks/include_video/TELEPHONE/f4acb9086018.npz,59,25.0,2.36,0.9492,1.0,,
db3222d1fc72,TELEPHONE,include_video,video,,include_video:clip:db3222d1fc72,data/raw/include_video/Home/44. Telephone/MVI_4939.MOV,data/processed/landmarks/include_video/TELEPHONE/db3222d1fc72.npz,53,25.0,2.12,0.9623,1.0,,
dce7210a96ab,TELEPHONE,include_video,video,,include_video:clip:dce7210a96ab,data/raw/include_video/Home/44. Telephone/MVI_4940.MOV,data/processed/landmarks/include_video/TELEPHONE/dce7210a96ab.npz,48,25.0,1.92,0.5625,1.0,,
f1de77e2c187,TELEPHONE,include_video,video,,include_video:clip:f1de77e2c187,data/raw/include_video/Home/44. Telephone/MVI_8834.MP4,data/processed/landmarks/include_video/TELEPHONE/f1de77e2c187.npz,60,25.0,2.4,1.0,1.0,,
c08cce0e9ff1,TELEPHONE,include_video,video,,include_video:clip:c08cce0e9ff1,data/raw/include_video/Home/44. Telephone/MVI_8835.MP4,data/processed/landmarks/include_video/TELEPHONE/c08cce0e9ff1.npz,59,25.0,2.36,1.0,1.0,,
2176a91c8509,TELEPHONE,include_video,video,,include_video:clip:2176a91c8509,data/raw/include_video/Home/44. Telephone/MVI_8836.MP4,data/processed/landmarks/include_video/TELEPHONE/2176a91c8509.npz,58,25.0,2.32,1.0,1.0,,
0bf1821f2524,TELEPHONE,include_video,video,,include_video:clip:0bf1821f2524,data/raw/include_video/Home/44. Telephone/MVI_8837.MP4,data/processed/landmarks/include_video/TELEPHONE/0bf1821f2524.npz,67,25.0,2.68,1.0,1.0,,
15c264f28221,TELEPHONE,include_video,video,,include_video:clip:15c264f28221,data/raw/include_video/Home/44. Telephone/MVI_9070.MP4,data/processed/landmarks/include_video/TELEPHONE/15c264f28221.npz,84,25.0,3.36,1.0,1.0,,
e4c8e8760ac2,TELEPHONE,include_video,video,,include_video:clip:e4c8e8760ac2,data/raw/include_video/Home/44. Telephone/MVI_9071.MP4,data/processed/landmarks/include_video/TELEPHONE/e4c8e8760ac2.npz,71,25.0,2.84,1.0,1.0,,
4469f56c53a9,TELEPHONE,include_video,video,,include_video:clip:4469f56c53a9,data/raw/include_video/Home/44. Telephone/MVI_9072.MP4,data/processed/landmarks/include_video/TELEPHONE/4469f56c53a9.npz,63,25.0,2.52,1.0,1.0,,
e92bae7938e5,TELEVISION,include_video,video,,include_video:clip:e92bae7938e5,data/raw/include_video/Electronics/59. Television/MVI_4557.MOV,data/processed/landmarks/include_video/TELEVISION/e92bae7938e5.npz,58,25.0,2.32,0.7414,1.0,,
72223e1c3977,TELEVISION,include_video,video,,include_video:clip:72223e1c3977,data/raw/include_video/Electronics/59. Television/MVI_4558.MOV,data/processed/landmarks/include_video/TELEVISION/72223e1c3977.npz,58,25.0,2.32,0.8793,1.0,,
555a6c16b92a,TELEVISION,include_video,video,,include_video:clip:555a6c16b92a,data/raw/include_video/Electronics/59. Television/MVI_4559.MOV,data/processed/landmarks/include_video/TELEVISION/555a6c16b92a.npz,47,25.0,1.88,0.7447,1.0,,
bf4a0d67deae,TELEVISION,include_video,video,,include_video:clip:bf4a0d67deae,data/raw/include_video/Electronics/59. Television/MVI_4560.MOV,data/processed/landmarks/include_video/TELEVISION/bf4a0d67deae.npz,67,25.0,2.68,0.791,1.0,,
30a8405cf673,TELEVISION,include_video,video,,include_video:clip:30a8405cf673,data/raw/include_video/Electronics/59. Television/MVI_4982.MOV,data/processed/landmarks/include_video/TELEVISION/30a8405cf673.npz,52,25.0,2.08,0.5,1.0,,
14bf828b8784,TELEVISION,include_video,video,,include_video:clip:14bf828b8784,data/raw/include_video/Electronics/59. Television/MVI_4985.MOV,data/processed/landmarks/include_video/TELEVISION/14bf828b8784.npz,57,25.0,2.28,0.8246,1.0,,
e918a4ac8aa0,TELEVISION,include_video,video,,include_video:clip:e918a4ac8aa0,data/raw/include_video/Electronics/59. Television/MVI_4986.MOV,data/processed/landmarks/include_video/TELEVISION/e918a4ac8aa0.npz,49,25.0,1.96,0.7143,1.0,,
40595f814919,TELEVISION,include_video,video,,include_video:clip:40595f814919,data/raw/include_video/Electronics/59. Television/MVI_5412.MOV,data/processed/landmarks/include_video/TELEVISION/40595f814919.npz,44,25.0,1.76,0.7955,1.0,,
cfb244dd35cd,TELEVISION,include_video,video,,include_video:clip:cfb244dd35cd,data/raw/include_video/Electronics/59. Television/MVI_5413.MOV,data/processed/landmarks/include_video/TELEVISION/cfb244dd35cd.npz,55,25.0,2.2,0.8,1.0,,
85d817762763,TELEVISION,include_video,video,,include_video:clip:85d817762763,data/raw/include_video/Electronics/59. Television/MVI_5414.MOV,data/processed/landmarks/include_video/TELEVISION/85d817762763.npz,54,25.0,2.16,0.8148,1.0,,
3229ed85c75a,TELEVISION,include_video,video,,include_video:clip:3229ed85c75a,data/raw/include_video/Electronics/59. Television/MVI_5415.MOV,data/processed/landmarks/include_video/TELEVISION/3229ed85c75a.npz,51,25.0,2.04,0.8235,1.0,,
d3214d953ea3,TELEVISION,include_video,video,,include_video:clip:d3214d953ea3,data/raw/include_video/Electronics/59. Television/MVI_9116.MP4,data/processed/landmarks/include_video/TELEVISION/d3214d953ea3.npz,58,25.0,2.32,0.7586,1.0,,
0549c50edec4,TELEVISION,include_video,video,,include_video:clip:0549c50edec4,data/raw/include_video/Electronics/59. Television/MVI_9117.MP4,data/processed/landmarks/include_video/TELEVISION/0549c50edec4.npz,60,25.0,2.4,0.8,1.0,,
7c2019f1aba1,TELEVISION,include_video,video,,include_video:clip:7c2019f1aba1,data/raw/include_video/Electronics/59. Television/MVI_9118.MP4,data/processed/landmarks/include_video/TELEVISION/7c2019f1aba1.npz,59,25.0,2.36,0.7966,1.0,,
2539cb177980,THANK_YOU,include_video,video,,include_video:clip:2539cb177980,data/raw/include_video/Greetings/55. Thank you/MVI_0006.MOV,data/processed/landmarks/include_video/THANK_YOU/2539cb177980.npz,53,25.0,2.12,0.8491,1.0,,
94a861ce6e1b,THANK_YOU,include_video,video,,include_video:clip:94a861ce6e1b,data/raw/include_video/Greetings/55. Thank you/MVI_0007.MOV,data/processed/landmarks/include_video/THANK_YOU/94a861ce6e1b.npz,56,25.0,2.24,0.8571,1.0,,
5e3a042c17b0,THANK_YOU,include_video,video,,include_video:clip:5e3a042c17b0,data/raw/include_video/Greetings/55. Thank you/MVI_0008.MOV,data/processed/landmarks/include_video/THANK_YOU/5e3a042c17b0.npz,57,25.0,2.28,0.8772,1.0,,
d4efa4d8a3db,THANK_YOU,include_video,video,,include_video:clip:d4efa4d8a3db,data/raw/include_video/Greetings/55. Thank you/MVI_0058.MOV,data/processed/landmarks/include_video/THANK_YOU/d4efa4d8a3db.npz,60,25.0,2.4,0.8333,1.0,,
df1e73871129,THANK_YOU,include_video,video,,include_video:clip:df1e73871129,data/raw/include_video/Greetings/55. Thank you/MVI_0059.MOV,data/processed/landmarks/include_video/THANK_YOU/df1e73871129.npz,56,25.0,2.24,0.8393,1.0,,
f605dd9343a2,THANK_YOU,include_video,video,,include_video:clip:f605dd9343a2,data/raw/include_video/Greetings/55. Thank you/MVI_0060.MOV,data/processed/landmarks/include_video/THANK_YOU/f605dd9343a2.npz,56,25.0,2.24,0.8214,1.0,,
0dffdd529f12,THANK_YOU,include_video,video,,include_video:clip:0dffdd529f12,data/raw/include_video/Greetings/55. Thank you/MVI_0060_.MOV,data/processed/landmarks/include_video/THANK_YOU/0dffdd529f12.npz,81,25.0,3.24,0.9136,1.0,,
35102964dc0e,THANK_YOU,include_video,video,,include_video:clip:35102964dc0e,data/raw/include_video/Greetings/55. Thank you/MVI_0061.MOV,data/processed/landmarks/include_video/THANK_YOU/35102964dc0e.npz,82,25.0,3.28,0.9024,1.0,,
5a6e5275f511,THANK_YOU,include_video,video,,include_video:clip:5a6e5275f511,data/raw/include_video/Greetings/55. Thank you/MVI_0062.MOV,data/processed/landmarks/include_video/THANK_YOU/5a6e5275f511.npz,79,25.0,3.16,0.8987,1.0,,
bce846b09952,THANK_YOU,include_video,video,,include_video:clip:bce846b09952,data/raw/include_video/Greetings/55. Thank you/MVI_0063.MOV,data/processed/landmarks/include_video/THANK_YOU/bce846b09952.npz,86,25.0,3.44,0.9186,1.0,,
c76ea7c241b4,THANK_YOU,include_video,video,,include_video:clip:c76ea7c241b4,data/raw/include_video/Greetings/55. Thank you/MVI_0111.MOV,data/processed/landmarks/include_video/THANK_YOU/c76ea7c241b4.npz,62,25.0,2.48,0.7903,1.0,,
542c041d170f,THANK_YOU,include_video,video,,include_video:clip:542c041d170f,data/raw/include_video/Greetings/55. Thank you/MVI_0112.MOV,data/processed/landmarks/include_video/THANK_YOU/542c041d170f.npz,75,25.0,3.0,0.7733,1.0,,
1f91075c6632,THANK_YOU,include_video,video,,include_video:clip:1f91075c6632,data/raw/include_video/Greetings/55. Thank you/MVI_0113.MOV,data/processed/landmarks/include_video/THANK_YOU/1f91075c6632.npz,79,25.0,3.16,0.8101,1.0,,
0eb4bc3133c4,THANK_YOU,include_video,video,,include_video:clip:0eb4bc3133c4,data/raw/include_video/Greetings/55. Thank you/MVI_9948.MOV,data/processed/landmarks/include_video/THANK_YOU/0eb4bc3133c4.npz,53,25.0,2.12,0.8491,1.0,,
d90f1f26b009,THANK_YOU,include_video,video,,include_video:clip:d90f1f26b009,data/raw/include_video/Greetings/55. Thank you/MVI_9949.MOV,data/processed/landmarks/include_video/THANK_YOU/d90f1f26b009.npz,57,25.0,2.28,0.807,1.0,,
c67d59dec1d8,THANK_YOU,include_video,video,,include_video:clip:c67d59dec1d8,data/raw/include_video/Greetings/55. Thank you/MVI_9950.MOV,data/processed/landmarks/include_video/THANK_YOU/c67d59dec1d8.npz,52,25.0,2.08,0.7692,1.0,,
4f43d0d0d05c,THANK_YOU,include_video,video,,include_video:clip:4f43d0d0d05c,data/raw/include_video/Greetings/55. Thank you/MVI_9951.MOV,data/processed/landmarks/include_video/THANK_YOU/4f43d0d0d05c.npz,54,25.0,2.16,0.7963,1.0,,
05ef39ca9960,THANK_YOU,include_video,video,,include_video:clip:05ef39ca9960,data/raw/include_video/Greetings/55. Thank you/MVI_9984.MOV,data/processed/landmarks/include_video/THANK_YOU/05ef39ca9960.npz,61,25.0,2.44,0.7869,1.0,,
5db233cd8ce6,THANK_YOU,include_video,video,,include_video:clip:5db233cd8ce6,data/raw/include_video/Greetings/55. Thank you/MVI_9985.MOV,data/processed/landmarks/include_video/THANK_YOU/5db233cd8ce6.npz,67,25.0,2.68,0.8657,1.0,,
97060707adb3,THANK_YOU,include_video,video,,include_video:clip:97060707adb3,data/raw/include_video/Greetings/55. Thank you/MVI_9986.MOV,data/processed/landmarks/include_video/THANK_YOU/97060707adb3.npz,56,25.0,2.24,0.8393,1.0,,
d7f22efec97f,THANK_YOU,include_video,video,,include_video:clip:d7f22efec97f,data/raw/include_video/Greetings/55. Thank you/MVI_9987.MOV,data/processed/landmarks/include_video/THANK_YOU/d7f22efec97f.npz,63,25.0,2.52,0.8413,1.0,,
a6b9d9026744,THICK,include_video,video,,include_video:clip:a6b9d9026744,data/raw/include_video/Adjectives/13. thick/MVI_9605.MOV,data/processed/landmarks/include_video/THICK/a6b9d9026744.npz,58,25.0,2.32,1.0,1.0,,
a7d723de75aa,THICK,include_video,video,,include_video:clip:a7d723de75aa,data/raw/include_video/Adjectives/13. thick/MVI_9606.MOV,data/processed/landmarks/include_video/THICK/a7d723de75aa.npz,68,25.0,2.72,1.0,1.0,,
551164f61f3e,THICK,include_video,video,,include_video:clip:551164f61f3e,data/raw/include_video/Adjectives/13. thick/MVI_9607.MOV,data/processed/landmarks/include_video/THICK/551164f61f3e.npz,72,25.0,2.88,1.0,1.0,,
94c58f7d8b36,THICK,include_video,video,,include_video:clip:94c58f7d8b36,data/raw/include_video/Adjectives/13. thick/MVI_9608.MOV,data/processed/landmarks/include_video/THICK/94c58f7d8b36.npz,71,25.0,2.84,1.0,1.0,,
15e130ebd87d,THICK,include_video,video,,include_video:clip:15e130ebd87d,data/raw/include_video/Adjectives/13. thick/MVI_9742.MOV,data/processed/landmarks/include_video/THICK/15e130ebd87d.npz,64,25.0,2.56,1.0,1.0,,
5f10f7b4d17f,THICK,include_video,video,,include_video:clip:5f10f7b4d17f,data/raw/include_video/Adjectives/13. thick/MVI_9743.MOV,data/processed/landmarks/include_video/THICK/5f10f7b4d17f.npz,82,25.0,3.28,1.0,1.0,,
1e23211ea2a2,THICK,include_video,video,,include_video:clip:1e23211ea2a2,data/raw/include_video/Adjectives/13. thick/MVI_9744.MOV,data/processed/landmarks/include_video/THICK/1e23211ea2a2.npz,74,25.0,2.96,1.0,1.0,,
96ddd7b4f8a9,THICK,include_video,video,,include_video:clip:96ddd7b4f8a9,data/raw/include_video/Adjectives/13. thick/MVI_9745.MOV,data/processed/landmarks/include_video/THICK/96ddd7b4f8a9.npz,69,25.0,2.76,1.0,1.0,,
74d6c0381121,THIN,include_video,video,,include_video:clip:74d6c0381121,data/raw/include_video/Adjectives/14. thin/MVI_9609.MOV,data/processed/landmarks/include_video/THIN/74d6c0381121.npz,62,25.0,2.48,1.0,1.0,,
a3b46c899946,THIN,include_video,video,,include_video:clip:a3b46c899946,data/raw/include_video/Adjectives/14. thin/MVI_9610.MOV,data/processed/landmarks/include_video/THIN/a3b46c899946.npz,65,25.0,2.6,1.0,1.0,,
24e2322185e4,THIN,include_video,video,,include_video:clip:24e2322185e4,data/raw/include_video/Adjectives/14. thin/MVI_9611.MOV,data/processed/landmarks/include_video/THIN/24e2322185e4.npz,65,25.0,2.6,1.0,1.0,,
60061da605eb,THIN,include_video,video,,include_video:clip:60061da605eb,data/raw/include_video/Adjectives/14. thin/MVI_9612.MOV,data/processed/landmarks/include_video/THIN/60061da605eb.npz,71,25.0,2.84,1.0,1.0,,
53099f5af9a2,THURSDAY,include_video,video,,include_video:clip:53099f5af9a2,data/raw/include_video/Days_and_Time/70. Thursday/MVI_4603.MOV,data/processed/landmarks/include_video/THURSDAY/53099f5af9a2.npz,62,25.0,2.48,0.9839,1.0,,
c979e8271cf3,THURSDAY,include_video,video,,include_video:clip:c979e8271cf3,data/raw/include_video/Days_and_Time/70. Thursday/MVI_4604.MOV,data/processed/landmarks/include_video/THURSDAY/c979e8271cf3.npz,62,25.0,2.48,0.9516,1.0,,
2be3b65d22c8,THURSDAY,include_video,video,,include_video:clip:2be3b65d22c8,data/raw/include_video/Days_and_Time/70. Thursday/MVI_4605.MOV,data/processed/landmarks/include_video/THURSDAY/2be3b65d22c8.npz,58,25.0,2.32,0.9483,1.0,,
cd85bda63d67,THURSDAY,include_video,video,,include_video:clip:cd85bda63d67,data/raw/include_video/Days_and_Time/70. Thursday/MVI_4606.MOV,data/processed/landmarks/include_video/THURSDAY/cd85bda63d67.npz,68,25.0,2.72,0.8676,0.9559,,
dc7d082729a7,THURSDAY,include_video,video,,include_video:clip:dc7d082729a7,data/raw/include_video/Days_and_Time/70. Thursday/MVI_5019.MOV,data/processed/landmarks/include_video/THURSDAY/dc7d082729a7.npz,53,25.0,2.12,0.0943,1.0,low_hand_detection,
17bda32d7e80,THURSDAY,include_video,video,,include_video:clip:17bda32d7e80,data/raw/include_video/Days_and_Time/70. Thursday/MVI_5020.MOV,data/processed/landmarks/include_video/THURSDAY/17bda32d7e80.npz,50,25.0,2.0,0.2,1.0,low_hand_detection,
4649a6cfbcec,THURSDAY,include_video,video,,include_video:clip:4649a6cfbcec,data/raw/include_video/Days_and_Time/70. Thursday/MVI_5021.MOV,data/processed/landmarks/include_video/THURSDAY/4649a6cfbcec.npz,56,25.0,2.24,0.2679,1.0,low_hand_detection,
bd51143cbceb,THURSDAY,include_video,video,,include_video:clip:bd51143cbceb,data/raw/include_video/Days_and_Time/70. Thursday/MVI_5458.MOV,data/processed/landmarks/include_video/THURSDAY/bd51143cbceb.npz,53,25.0,2.12,1.0,1.0,,
3490d5a0d369,THURSDAY,include_video,video,,include_video:clip:3490d5a0d369,data/raw/include_video/Days_and_Time/70. Thursday/MVI_5459.MOV,data/processed/landmarks/include_video/THURSDAY/3490d5a0d369.npz,49,25.0,1.96,1.0,1.0,,
348429c6da19,THURSDAY,include_video,video,,include_video:clip:348429c6da19,data/raw/include_video/Days_and_Time/70. Thursday/MVI_5460.MOV,data/processed/landmarks/include_video/THURSDAY/348429c6da19.npz,48,25.0,1.92,1.0,1.0,,
3371329d0571,THURSDAY,include_video,video,,include_video:clip:3371329d0571,data/raw/include_video/Days_and_Time/70. Thursday/MVI_5461.MOV,data/processed/landmarks/include_video/THURSDAY/3371329d0571.npz,52,25.0,2.08,1.0,1.0,,
42194e0d26bf,THURSDAY,include_video,video,,include_video:clip:42194e0d26bf,data/raw/include_video/Days_and_Time/70. Thursday/MVI_9151.MP4,data/processed/landmarks/include_video/THURSDAY/42194e0d26bf.npz,66,25.0,2.64,1.0,1.0,,
40ffab9aea9b,THURSDAY,include_video,video,,include_video:clip:40ffab9aea9b,data/raw/include_video/Days_and_Time/70. Thursday/MVI_9152.MP4,data/processed/landmarks/include_video/THURSDAY/40ffab9aea9b.npz,63,25.0,2.52,1.0,1.0,,
28f986b217b1,THURSDAY,include_video,video,,include_video:clip:28f986b217b1,data/raw/include_video/Days_and_Time/70. Thursday/MVI_9153.MP4,data/processed/landmarks/include_video/THURSDAY/28f986b217b1.npz,60,25.0,2.4,1.0,1.0,,
84d05f2bc789,TIGHT,include_video,video,,include_video:clip:84d05f2bc789,data/raw/include_video/Adjectives/21. tight/MVI_9646.MOV,data/processed/landmarks/include_video/TIGHT/84d05f2bc789.npz,81,25.0,3.24,0.8519,1.0,,
a9ed5112926e,TIGHT,include_video,video,,include_video:clip:a9ed5112926e,data/raw/include_video/Adjectives/21. tight/MVI_9647.MOV,data/processed/landmarks/include_video/TIGHT/a9ed5112926e.npz,63,25.0,2.52,0.8095,1.0,,
467bbe557021,TIGHT,include_video,video,,include_video:clip:467bbe557021,data/raw/include_video/Adjectives/21. tight/MVI_9648.MOV,data/processed/landmarks/include_video/TIGHT/467bbe557021.npz,64,25.0,2.56,0.8125,1.0,,
367285688ad8,TIGHT,include_video,video,,include_video:clip:367285688ad8,data/raw/include_video/Adjectives/21. tight/MVI_9649.MOV,data/processed/landmarks/include_video/TIGHT/367285688ad8.npz,55,25.0,2.2,0.8,1.0,,
7ab911d8d164,TIGHT,include_video,video,,include_video:clip:7ab911d8d164,data/raw/include_video/Adjectives/21. tight/MVI_9771.MOV,data/processed/landmarks/include_video/TIGHT/7ab911d8d164.npz,61,25.0,2.44,0.7869,1.0,,
efd4895df5f6,TIGHT,include_video,video,,include_video:clip:efd4895df5f6,data/raw/include_video/Adjectives/21. tight/MVI_9772.MOV,data/processed/landmarks/include_video/TIGHT/efd4895df5f6.npz,61,25.0,2.44,0.7869,1.0,,
d70131734781,TIGHT,include_video,video,,include_video:clip:d70131734781,data/raw/include_video/Adjectives/21. tight/MVI_9773.MOV,data/processed/landmarks/include_video/TIGHT/d70131734781.npz,63,25.0,2.52,0.8095,1.0,,
5ae0c73274f9,TIGHT,include_video,video,,include_video:clip:5ae0c73274f9,data/raw/include_video/Adjectives/21. tight/MVI_9774.MOV,data/processed/landmarks/include_video/TIGHT/5ae0c73274f9.npz,66,25.0,2.64,0.8333,1.0,,
c31af28c76a8,TIME,include_video,video,,include_video:clip:c31af28c76a8,data/raw/include_video/Days_and_Time/86. Time/MVI_4667.MOV,data/processed/landmarks/include_video/TIME/c31af28c76a8.npz,58,25.0,2.32,0.8621,1.0,,
4e26915381db,TIME,include_video,video,,include_video:clip:4e26915381db,data/raw/include_video/Days_and_Time/86. Time/MVI_4668.MOV,data/processed/landmarks/include_video/TIME/4e26915381db.npz,59,25.0,2.36,0.9492,1.0,,
483969cfe227,TIME,include_video,video,,include_video:clip:483969cfe227,data/raw/include_video/Days_and_Time/86. Time/MVI_4669.MOV,data/processed/landmarks/include_video/TIME/483969cfe227.npz,73,25.0,2.92,0.8219,1.0,,
eaccd957819d,TIME,include_video,video,,include_video:clip:eaccd957819d,data/raw/include_video/Days_and_Time/86. Time/MVI_4670.MOV,data/processed/landmarks/include_video/TIME/eaccd957819d.npz,66,25.0,2.64,0.8788,1.0,,
1aad4703d44c,TIME,include_video,video,,include_video:clip:1aad4703d44c,data/raw/include_video/Days_and_Time/86. Time/MVI_5077.MOV,data/processed/landmarks/include_video/TIME/1aad4703d44c.npz,45,25.0,1.8,0.5111,1.0,,
5931796b355f,TIME,include_video,video,,include_video:clip:5931796b355f,data/raw/include_video/Days_and_Time/86. Time/MVI_5078.MOV,data/processed/landmarks/include_video/TIME/5931796b355f.npz,44,25.0,1.76,0.5227,1.0,,
32b508729824,TIME,include_video,video,,include_video:clip:32b508729824,data/raw/include_video/Days_and_Time/86. Time/MVI_5079.MOV,data/processed/landmarks/include_video/TIME/32b508729824.npz,42,25.0,1.68,0.4762,1.0,low_hand_detection,
eb9b453ec5a7,TIME,include_video,video,,include_video:clip:eb9b453ec5a7,data/raw/include_video/Days_and_Time/86. Time/MVI_5524.MOV,data/processed/landmarks/include_video/TIME/eb9b453ec5a7.npz,38,25.0,1.52,0.5526,1.0,,
c946513d1386,TIME,include_video,video,,include_video:clip:c946513d1386,data/raw/include_video/Days_and_Time/86. Time/MVI_5525.MOV,data/processed/landmarks/include_video/TIME/c946513d1386.npz,42,25.0,1.68,0.619,1.0,,
50b0b9b188cc,TIME,include_video,video,,include_video:clip:50b0b9b188cc,data/raw/include_video/Days_and_Time/86. Time/MVI_5526.MOV,data/processed/landmarks/include_video/TIME/50b0b9b188cc.npz,43,25.0,1.72,0.5581,1.0,,
f404d3859693,TIME,include_video,video,,include_video:clip:f404d3859693,data/raw/include_video/Days_and_Time/86. Time/MVI_5527.MOV,data/processed/landmarks/include_video/TIME/f404d3859693.npz,41,25.0,1.64,0.5366,1.0,,
eb7f101c4bf5,TIME,include_video,video,,include_video:clip:eb7f101c4bf5,data/raw/include_video/Days_and_Time/86. Time/MVI_9201.MP4,data/processed/landmarks/include_video/TIME/eb7f101c4bf5.npz,64,25.0,2.56,0.8594,1.0,,
0f1f287481bd,TIME,include_video,video,,include_video:clip:0f1f287481bd,data/raw/include_video/Days_and_Time/86. Time/MVI_9202.MP4,data/processed/landmarks/include_video/TIME/0f1f287481bd.npz,58,25.0,2.32,0.8276,1.0,,
5fdbda0455dd,TIME,include_video,video,,include_video:clip:5fdbda0455dd,data/raw/include_video/Days_and_Time/86. Time/MVI_9203.MP4,data/processed/landmarks/include_video/TIME/5fdbda0455dd.npz,57,25.0,2.28,0.807,1.0,,
4f7ac92a749f,TIME,include_video,video,,include_video:clip:4f7ac92a749f,data/raw/include_video/Days_and_Time/86. Time/MVI_9204.MP4,data/processed/landmarks/include_video/TIME/4f7ac92a749f.npz,57,25.0,2.28,0.807,1.0,,
be5cc58809ad,TODAY,include_video,video,,include_video:clip:be5cc58809ad,data/raw/include_video/Days_and_Time/73. Today/MVI_4615.MOV,data/processed/landmarks/include_video/TODAY/be5cc58809ad.npz,62,25.0,2.48,0.6129,1.0,,
9d825e9b678e,TODAY,include_video,video,,include_video:clip:9d825e9b678e,data/raw/include_video/Days_and_Time/73. Today/MVI_4616.MOV,data/processed/landmarks/include_video/TODAY/9d825e9b678e.npz,54,25.0,2.16,1.0,1.0,,
e92a61333607,TODAY,include_video,video,,include_video:clip:e92a61333607,data/raw/include_video/Days_and_Time/73. Today/MVI_4617.MOV,data/processed/landmarks/include_video/TODAY/e92a61333607.npz,48,25.0,1.92,0.6458,0.9375,,
d59834338464,TODAY,include_video,video,,include_video:clip:d59834338464,data/raw/include_video/Days_and_Time/73. Today/MVI_4618.MOV,data/processed/landmarks/include_video/TODAY/d59834338464.npz,45,25.0,1.8,0.5778,0.9333,,
d3e1f9e87700,TODAY,include_video,video,,include_video:clip:d3e1f9e87700,data/raw/include_video/Days_and_Time/73. Today/MVI_5031.MOV,data/processed/landmarks/include_video/TODAY/d3e1f9e87700.npz,47,25.0,1.88,0.2553,1.0,low_hand_detection,
b2ed67819a4f,TODAY,include_video,video,,include_video:clip:b2ed67819a4f,data/raw/include_video/Days_and_Time/73. Today/MVI_5032.MOV,data/processed/landmarks/include_video/TODAY/b2ed67819a4f.npz,41,25.0,1.64,0.2927,1.0,low_hand_detection,
d1efc24f62c5,TODAY,include_video,video,,include_video:clip:d1efc24f62c5,data/raw/include_video/Days_and_Time/73. Today/MVI_5033.MOV,data/processed/landmarks/include_video/TODAY/d1efc24f62c5.npz,46,25.0,1.84,0.2174,1.0,low_hand_detection,
4d7b62e6a42c,TODAY,include_video,video,,include_video:clip:4d7b62e6a42c,data/raw/include_video/Days_and_Time/73. Today/MVI_5470.MOV,data/processed/landmarks/include_video/TODAY/4d7b62e6a42c.npz,44,25.0,1.76,1.0,1.0,,
4e62df98187b,TODAY,include_video,video,,include_video:clip:4e62df98187b,data/raw/include_video/Days_and_Time/73. Today/MVI_5471.MOV,data/processed/landmarks/include_video/TODAY/4e62df98187b.npz,48,25.0,1.92,1.0,1.0,,
9aeb9d34b4b3,TODAY,include_video,video,,include_video:clip:9aeb9d34b4b3,data/raw/include_video/Days_and_Time/73. Today/MVI_5472.MOV,data/processed/landmarks/include_video/TODAY/9aeb9d34b4b3.npz,52,25.0,2.08,1.0,1.0,,
d2de297eaa97,TODAY,include_video,video,,include_video:clip:d2de297eaa97,data/raw/include_video/Days_and_Time/73. Today/MVI_5473.MOV,data/processed/landmarks/include_video/TODAY/d2de297eaa97.npz,41,25.0,1.64,1.0,1.0,,
2ccad3047a52,TODAY,include_video,video,,include_video:clip:2ccad3047a52,data/raw/include_video/Days_and_Time/73. Today/MVI_9160.MP4,data/processed/landmarks/include_video/TODAY/2ccad3047a52.npz,69,25.0,2.76,1.0,1.0,,
dbaf3b3bec3f,TODAY,include_video,video,,include_video:clip:dbaf3b3bec3f,data/raw/include_video/Days_and_Time/73. Today/MVI_9161.MP4,data/processed/landmarks/include_video/TODAY/dbaf3b3bec3f.npz,68,25.0,2.72,1.0,1.0,,
1295b9793aaa,TODAY,include_video,video,,include_video:clip:1295b9793aaa,data/raw/include_video/Days_and_Time/73. Today/MVI_9162.MP4,data/processed/landmarks/include_video/TODAY/1295b9793aaa.npz,60,25.0,2.4,1.0,1.0,,
a4a3b473ec3f,TOMORROW,include_video,video,,include_video:clip:a4a3b473ec3f,data/raw/include_video/Days_and_Time/74. Tomorrow/MVI_4619.MOV,data/processed/landmarks/include_video/TOMORROW/a4a3b473ec3f.npz,54,25.0,2.16,0.463,1.0,low_hand_detection,
63dacc5e4c89,TOMORROW,include_video,video,,include_video:clip:63dacc5e4c89,data/raw/include_video/Days_and_Time/74. Tomorrow/MVI_4620.MOV,data/processed/landmarks/include_video/TOMORROW/63dacc5e4c89.npz,56,25.0,2.24,0.5536,1.0,,
853319c4018c,TOMORROW,include_video,video,,include_video:clip:853319c4018c,data/raw/include_video/Days_and_Time/74. Tomorrow/MVI_4621.MOV,data/processed/landmarks/include_video/TOMORROW/853319c4018c.npz,49,25.0,1.96,0.5306,1.0,,
cc1d682623a8,TOMORROW,include_video,video,,include_video:clip:cc1d682623a8,data/raw/include_video/Days_and_Time/74. Tomorrow/MVI_4622.MOV,data/processed/landmarks/include_video/TOMORROW/cc1d682623a8.npz,55,25.0,2.2,0.6364,1.0,,
b54e380d9866,TOMORROW,include_video,video,,include_video:clip:b54e380d9866,data/raw/include_video/Days_and_Time/74. Tomorrow/MVI_5034.MOV,data/processed/landmarks/include_video/TOMORROW/b54e380d9866.npz,40,25.0,1.6,0.05,1.0,low_hand_detection,
9a871b2e74e3,TOMORROW,include_video,video,,include_video:clip:9a871b2e74e3,data/raw/include_video/Days_and_Time/74. Tomorrow/MVI_5035.MOV,data/processed/landmarks/include_video/TOMORROW/9a871b2e74e3.npz,48,25.0,1.92,0.5833,1.0,,
9170672e9dbb,TOMORROW,include_video,video,,include_video:clip:9170672e9dbb,data/raw/include_video/Days_and_Time/74. Tomorrow/MVI_5036.MOV,data/processed/landmarks/include_video/TOMORROW/9170672e9dbb.npz,45,25.0,1.8,0.6,1.0,,
bd4d6897c34b,TOMORROW,include_video,video,,include_video:clip:bd4d6897c34b,data/raw/include_video/Days_and_Time/74. Tomorrow/MVI_5474.MOV,data/processed/landmarks/include_video/TOMORROW/bd4d6897c34b.npz,43,25.0,1.72,1.0,1.0,,
c369b0e6013e,TOMORROW,include_video,video,,include_video:clip:c369b0e6013e,data/raw/include_video/Days_and_Time/74. Tomorrow/MVI_5475.MOV,data/processed/landmarks/include_video/TOMORROW/c369b0e6013e.npz,42,25.0,1.68,1.0,1.0,,
3ee0379b8e74,TOMORROW,include_video,video,,include_video:clip:3ee0379b8e74,data/raw/include_video/Days_and_Time/74. Tomorrow/MVI_5476.MOV,data/processed/landmarks/include_video/TOMORROW/3ee0379b8e74.npz,45,25.0,1.8,1.0,1.0,,
a5ab51c66968,TOMORROW,include_video,video,,include_video:clip:a5ab51c66968,data/raw/include_video/Days_and_Time/74. Tomorrow/MVI_5477.MOV,data/processed/landmarks/include_video/TOMORROW/a5ab51c66968.npz,41,25.0,1.64,1.0,1.0,,
ae55702a24f4,TOMORROW,include_video,video,,include_video:clip:ae55702a24f4,data/raw/include_video/Days_and_Time/74. Tomorrow/MVI_9163.MP4,data/processed/landmarks/include_video/TOMORROW/ae55702a24f4.npz,99,25.0,3.96,1.0,1.0,,
7cae7b86357b,TOMORROW,include_video,video,,include_video:clip:7cae7b86357b,data/raw/include_video/Days_and_Time/74. Tomorrow/MVI_9164.MP4,data/processed/landmarks/include_video/TOMORROW/7cae7b86357b.npz,62,25.0,2.48,1.0,1.0,,
78ad98f682b2,TOMORROW,include_video,video,,include_video:clip:78ad98f682b2,data/raw/include_video/Days_and_Time/74. Tomorrow/MVI_9165.MP4,data/processed/landmarks/include_video/TOMORROW/78ad98f682b2.npz,80,25.0,3.2,1.0,1.0,,
6000ebb77bab,TOOL,include_video,video,,include_video:clip:6000ebb77bab,data/raw/include_video/Home/50. Tool/MVI_4453.MOV,data/processed/landmarks/include_video/TOOL/6000ebb77bab.npz,64,25.0,2.56,0.8906,1.0,,
f3bdbfbbd8de,TOOL,include_video,video,,include_video:clip:f3bdbfbbd8de,data/raw/include_video/Home/50. Tool/MVI_4454.MOV,data/processed/landmarks/include_video/TOOL/f3bdbfbbd8de.npz,66,25.0,2.64,0.8333,1.0,,
72d6d856cf30,TOOL,include_video,video,,include_video:clip:72d6d856cf30,data/raw/include_video/Home/50. Tool/MVI_4455.MOV,data/processed/landmarks/include_video/TOOL/72d6d856cf30.npz,71,25.0,2.84,0.831,1.0,,
7b6f33ceec75,TOOL,include_video,video,,include_video:clip:7b6f33ceec75,data/raw/include_video/Home/50. Tool/MVI_4456.MOV,data/processed/landmarks/include_video/TOOL/7b6f33ceec75.npz,64,25.0,2.56,0.8125,1.0,,
3b17b2157842,TOOL,include_video,video,,include_video:clip:3b17b2157842,data/raw/include_video/Home/50. Tool/MVI_4956.MOV,data/processed/landmarks/include_video/TOOL/3b17b2157842.npz,59,25.0,2.36,0.5593,1.0,,
76204a9f831c,TOOL,include_video,video,,include_video:clip:76204a9f831c,data/raw/include_video/Home/50. Tool/MVI_4957.MOV,data/processed/landmarks/include_video/TOOL/76204a9f831c.npz,68,25.0,2.72,0.5588,1.0,,
8f798e255433,TOOL,include_video,video,,include_video:clip:8f798e255433,data/raw/include_video/Home/50. Tool/MVI_4958.MOV,data/processed/landmarks/include_video/TOOL/8f798e255433.npz,62,25.0,2.48,0.4516,1.0,low_hand_detection,
44403419dcb0,TOOL,include_video,video,,include_video:clip:44403419dcb0,data/raw/include_video/Home/50. Tool/MVI_8860.MP4,data/processed/landmarks/include_video/TOOL/44403419dcb0.npz,95,25.0,3.8,0.8316,1.0,,
0a4df8788203,TOOL,include_video,video,,include_video:clip:0a4df8788203,data/raw/include_video/Home/50. Tool/MVI_8861.MP4,data/processed/landmarks/include_video/TOOL/0a4df8788203.npz,82,25.0,3.28,0.8293,1.0,,
7a70438451da,TOOL,include_video,video,,include_video:clip:7a70438451da,data/raw/include_video/Home/50. Tool/MVI_8862.MP4,data/processed/landmarks/include_video/TOOL/7a70438451da.npz,92,25.0,3.68,0.837,1.0,,
36b4be501225,TOOL,include_video,video,,include_video:clip:36b4be501225,data/raw/include_video/Home/50. Tool/MVI_8863.MP4,data/processed/landmarks/include_video/TOOL/36b4be501225.npz,86,25.0,3.44,0.8256,1.0,,
4be766f1dcdb,TOOL,include_video,video,,include_video:clip:4be766f1dcdb,data/raw/include_video/Home/50. Tool/MVI_9088.MP4,data/processed/landmarks/include_video/TOOL/4be766f1dcdb.npz,71,25.0,2.84,0.8169,1.0,,
4557ca53abab,TOOL,include_video,video,,include_video:clip:4557ca53abab,data/raw/include_video/Home/50. Tool/MVI_9089.MP4,data/processed/landmarks/include_video/TOOL/4557ca53abab.npz,70,25.0,2.8,0.8143,1.0,,
cc5207d46519,TOOL,include_video,video,,include_video:clip:cc5207d46519,data/raw/include_video/Home/50. Tool/MVI_9090.MP4,data/processed/landmarks/include_video/TOOL/cc5207d46519.npz,72,25.0,2.88,0.8194,1.0,,
64150d404b4c,TRAIN,include_video,video,,include_video:clip:64150d404b4c,data/raw/include_video/Means_of_Transportation/9. Train/MVI_3110.MOV,data/processed/landmarks/include_video/TRAIN/64150d404b4c.npz,77,25.0,3.08,0.961,1.0,,
4c1279747ee7,TRAIN,include_video,video,,include_video:clip:4c1279747ee7,data/raw/include_video/Means_of_Transportation/9. Train/MVI_3111.MOV,data/processed/landmarks/include_video/TRAIN/4c1279747ee7.npz,87,25.0,3.48,0.977,1.0,,
d4d36068aa0d,TRAIN,include_video,video,,include_video:clip:d4d36068aa0d,data/raw/include_video/Means_of_Transportation/9. Train/MVI_3112.MOV,data/processed/landmarks/include_video/TRAIN/d4d36068aa0d.npz,84,25.0,3.36,0.9762,1.0,,
537dc60c5e3e,TRAIN,include_video,video,,include_video:clip:537dc60c5e3e,data/raw/include_video/Means_of_Transportation/9. Train/MVI_3139.MOV,data/processed/landmarks/include_video/TRAIN/537dc60c5e3e.npz,95,25.0,3.8,1.0,1.0,,
340732c23722,TRAIN,include_video,video,,include_video:clip:340732c23722,data/raw/include_video/Means_of_Transportation/9. Train/MVI_3140.MOV,data/processed/landmarks/include_video/TRAIN/340732c23722.npz,82,25.0,3.28,1.0,1.0,,
57c0f6747171,TRAIN,include_video,video,,include_video:clip:57c0f6747171,data/raw/include_video/Means_of_Transportation/9. Train/MVI_3141.MOV,data/processed/landmarks/include_video/TRAIN/57c0f6747171.npz,81,25.0,3.24,1.0,1.0,,
87cb6926743b,TRAIN,include_video,video,,include_video:clip:87cb6926743b,data/raw/include_video/Means_of_Transportation/9. Train/MVI_3168.MOV,data/processed/landmarks/include_video/TRAIN/87cb6926743b.npz,77,25.0,3.08,1.0,1.0,,
198ac5de8dab,TRAIN,include_video,video,,include_video:clip:198ac5de8dab,data/raw/include_video/Means_of_Transportation/9. Train/MVI_3169.MOV,data/processed/landmarks/include_video/TRAIN/198ac5de8dab.npz,85,25.0,3.4,0.9882,1.0,,
bfac2904a201,TRAIN,include_video,video,,include_video:clip:bfac2904a201,data/raw/include_video/Means_of_Transportation/9. Train/MVI_3170.MOV,data/processed/landmarks/include_video/TRAIN/bfac2904a201.npz,76,25.0,3.04,1.0,1.0,,
3b659aea4f45,TRAIN,include_video,video,,include_video:clip:3b659aea4f45,data/raw/include_video/Means_of_Transportation/9. Train/MVI_3202.MOV,data/processed/landmarks/include_video/TRAIN/3b659aea4f45.npz,93,25.0,3.72,1.0,1.0,,
db6ec494c5b6,TRAIN,include_video,video,,include_video:clip:db6ec494c5b6,data/raw/include_video/Means_of_Transportation/9. Train/MVI_3203.MOV,data/processed/landmarks/include_video/TRAIN/db6ec494c5b6.npz,76,25.0,3.04,1.0,1.0,,
5b38bbe6bf8e,TRAIN,include_video,video,,include_video:clip:5b38bbe6bf8e,data/raw/include_video/Means_of_Transportation/9. Train/MVI_3204.MOV,data/processed/landmarks/include_video/TRAIN/5b38bbe6bf8e.npz,68,25.0,2.72,1.0,1.0,,
50a1b11da65f,TRAIN,include_video,video,,include_video:clip:50a1b11da65f,data/raw/include_video/Means_of_Transportation/9. Train/MVI_3230.MOV,data/processed/landmarks/include_video/TRAIN/50a1b11da65f.npz,90,25.0,3.6,1.0,1.0,,
059362481cc3,TRAIN,include_video,video,,include_video:clip:059362481cc3,data/raw/include_video/Means_of_Transportation/9. Train/MVI_3231.MOV,data/processed/landmarks/include_video/TRAIN/059362481cc3.npz,71,25.0,2.84,1.0,1.0,,
969fe215fa88,TRAIN,include_video,video,,include_video:clip:969fe215fa88,data/raw/include_video/Means_of_Transportation/9. Train/MVI_3232.MOV,data/processed/landmarks/include_video/TRAIN/969fe215fa88.npz,59,25.0,2.36,1.0,1.0,,
704638215cd8,TRAIN,include_video,video,,include_video:clip:704638215cd8,data/raw/include_video/Means_of_Transportation/9. Train/MVI_3233.MOV,data/processed/landmarks/include_video/TRAIN/704638215cd8.npz,81,25.0,3.24,1.0,1.0,,
e2ad6f12f3de,TRAIN,include_video,video,,include_video:clip:e2ad6f12f3de,data/raw/include_video/Means_of_Transportation/9. Train/MVI_4170.MOV,data/processed/landmarks/include_video/TRAIN/e2ad6f12f3de.npz,63,25.0,2.52,1.0,1.0,,
2e5faae613fc,TRAIN,include_video,video,,include_video:clip:2e5faae613fc,data/raw/include_video/Means_of_Transportation/9. Train/MVI_4171.MOV,data/processed/landmarks/include_video/TRAIN/2e5faae613fc.npz,59,25.0,2.36,1.0,1.0,,
c046c32576f3,TRAIN,include_video,video,,include_video:clip:c046c32576f3,data/raw/include_video/Means_of_Transportation/9. Train/MVI_4172.MOV,data/processed/landmarks/include_video/TRAIN/c046c32576f3.npz,52,25.0,2.08,1.0,1.0,,
8c826101df96,TRAIN,include_video,video,,include_video:clip:8c826101df96,data/raw/include_video/Means_of_Transportation/9. Train/MVI_8579.MP4,data/processed/landmarks/include_video/TRAIN/8c826101df96.npz,69,25.0,2.76,0.3188,1.0,low_hand_detection,
9c845acee525,TRAIN,include_video,video,,include_video:clip:9c845acee525,data/raw/include_video/Means_of_Transportation/9. Train/MVI_8580.MP4,data/processed/landmarks/include_video/TRAIN/9c845acee525.npz,57,25.0,2.28,0.3333,1.0,low_hand_detection,
b8b1effb3b30,TRAIN_TICKET,include_video,video,,include_video:clip:b8b1effb3b30,data/raw/include_video/Means_of_Transportation/16. train ticket/MVI_3132.MOV,data/processed/landmarks/include_video/TRAIN_TICKET/b8b1effb3b30.npz,88,25.0,3.52,0.8523,1.0,,
e06b79ea01fd,TRAIN_TICKET,include_video,video,,include_video:clip:e06b79ea01fd,data/raw/include_video/Means_of_Transportation/16. train ticket/MVI_3133.MOV,data/processed/landmarks/include_video/TRAIN_TICKET/e06b79ea01fd.npz,102,25.0,4.08,0.8529,1.0,,
0ff074c14bc8,TRAIN_TICKET,include_video,video,,include_video:clip:0ff074c14bc8,data/raw/include_video/Means_of_Transportation/16. train ticket/MVI_3134.MOV,data/processed/landmarks/include_video/TRAIN_TICKET/0ff074c14bc8.npz,99,25.0,3.96,0.8788,1.0,,
b552f04c2576,TRAIN_TICKET,include_video,video,,include_video:clip:b552f04c2576,data/raw/include_video/Means_of_Transportation/16. train ticket/MVI_3162.MOV,data/processed/landmarks/include_video/TRAIN_TICKET/b552f04c2576.npz,85,25.0,3.4,0.9176,1.0,,
ffb2708bda73,TRAIN_TICKET,include_video,video,,include_video:clip:ffb2708bda73,data/raw/include_video/Means_of_Transportation/16. train ticket/MVI_3163.MOV,data/processed/landmarks/include_video/TRAIN_TICKET/ffb2708bda73.npz,88,25.0,3.52,0.9091,1.0,,
5175f392cd2b,TRAIN_TICKET,include_video,video,,include_video:clip:5175f392cd2b,data/raw/include_video/Means_of_Transportation/16. train ticket/MVI_3164.MOV,data/processed/landmarks/include_video/TRAIN_TICKET/5175f392cd2b.npz,111,25.0,4.44,0.9459,1.0,,
a2e74ccc26b2,TRAIN_TICKET,include_video,video,,include_video:clip:a2e74ccc26b2,data/raw/include_video/Means_of_Transportation/16. train ticket/MVI_3194.MOV,data/processed/landmarks/include_video/TRAIN_TICKET/a2e74ccc26b2.npz,99,25.0,3.96,0.7778,1.0,,
f837a1184550,TRAIN_TICKET,include_video,video,,include_video:clip:f837a1184550,data/raw/include_video/Means_of_Transportation/16. train ticket/MVI_3195.MOV,data/processed/landmarks/include_video/TRAIN_TICKET/f837a1184550.npz,100,25.0,4.0,0.75,1.0,,
00225ef85c3f,TRAIN_TICKET,include_video,video,,include_video:clip:00225ef85c3f,data/raw/include_video/Means_of_Transportation/16. train ticket/MVI_3196.MOV,data/processed/landmarks/include_video/TRAIN_TICKET/00225ef85c3f.npz,102,25.0,4.08,0.8725,1.0,,
42c0d35e1835,TRAIN_TICKET,include_video,video,,include_video:clip:42c0d35e1835,data/raw/include_video/Means_of_Transportation/16. train ticket/MVI_3197.MOV,data/processed/landmarks/include_video/TRAIN_TICKET/42c0d35e1835.npz,102,25.0,4.08,0.8431,1.0,,
e90d3a89372b,TRAIN_TICKET,include_video,video,,include_video:clip:e90d3a89372b,data/raw/include_video/Means_of_Transportation/16. train ticket/MVI_3224.MOV,data/processed/landmarks/include_video/TRAIN_TICKET/e90d3a89372b.npz,91,25.0,3.64,0.9011,1.0,,
902beef8db7f,TRAIN_TICKET,include_video,video,,include_video:clip:902beef8db7f,data/raw/include_video/Means_of_Transportation/16. train ticket/MVI_3225.MOV,data/processed/landmarks/include_video/TRAIN_TICKET/902beef8db7f.npz,98,25.0,3.92,0.9286,1.0,,
035bf2c2b2cd,TRAIN_TICKET,include_video,video,,include_video:clip:035bf2c2b2cd,data/raw/include_video/Means_of_Transportation/16. train ticket/MVI_3226.MOV,data/processed/landmarks/include_video/TRAIN_TICKET/035bf2c2b2cd.npz,81,25.0,3.24,0.9383,1.0,,
9137f6028ce3,TRAIN_TICKET,include_video,video,,include_video:clip:9137f6028ce3,data/raw/include_video/Means_of_Transportation/16. train ticket/MVI_3253.MOV,data/processed/landmarks/include_video/TRAIN_TICKET/9137f6028ce3.npz,76,25.0,3.04,0.8947,1.0,,
bd0c536559ba,TRAIN_TICKET,include_video,video,,include_video:clip:bd0c536559ba,data/raw/include_video/Means_of_Transportation/16. train ticket/MVI_3254.MOV,data/processed/landmarks/include_video/TRAIN_TICKET/bd0c536559ba.npz,75,25.0,3.0,0.84,1.0,,
5aef404cc157,TRAIN_TICKET,include_video,video,,include_video:clip:5aef404cc157,data/raw/include_video/Means_of_Transportation/16. train ticket/MVI_3255.MOV,data/processed/landmarks/include_video/TRAIN_TICKET/5aef404cc157.npz,81,25.0,3.24,0.8889,1.0,,
d80f83347c50,TRAIN_TICKET,include_video,video,,include_video:clip:d80f83347c50,data/raw/include_video/Means_of_Transportation/16. train ticket/MVI_4191.MOV,data/processed/landmarks/include_video/TRAIN_TICKET/d80f83347c50.npz,77,25.0,3.08,0.8961,1.0,,
8ed0c5797363,TRAIN_TICKET,include_video,video,,include_video:clip:8ed0c5797363,data/raw/include_video/Means_of_Transportation/16. train ticket/MVI_4192.MOV,data/processed/landmarks/include_video/TRAIN_TICKET/8ed0c5797363.npz,79,25.0,3.16,0.8734,1.0,,
0eef5930583a,TRAIN_TICKET,include_video,video,,include_video:clip:0eef5930583a,data/raw/include_video/Means_of_Transportation/16. train ticket/MVI_4193.MOV,data/processed/landmarks/include_video/TRAIN_TICKET/0eef5930583a.npz,76,25.0,3.04,0.9211,1.0,,
77e78143faca,TRAIN_TICKET,include_video,video,,include_video:clip:77e78143faca,data/raw/include_video/Means_of_Transportation/16. train ticket/MVI_8596.MP4,data/processed/landmarks/include_video/TRAIN_TICKET/77e78143faca.npz,101,25.0,4.04,0.901,1.0,,
f418b19b151c,TRAIN_TICKET,include_video,video,,include_video:clip:f418b19b151c,data/raw/include_video/Means_of_Transportation/16. train ticket/MVI_8597.MP4,data/processed/landmarks/include_video/TRAIN_TICKET/f418b19b151c.npz,87,25.0,3.48,0.8736,1.0,,
3b2d45fc0e24,TRANSPORTATION,include_video,video,,include_video:clip:3b2d45fc0e24,data/raw/include_video/Means_of_Transportation/17. Transportation/MVI_3135.MOV,data/processed/landmarks/include_video/TRANSPORTATION/3b2d45fc0e24.npz,100,25.0,4.0,0.78,1.0,,
0aff1193f18a,TRANSPORTATION,include_video,video,,include_video:clip:0aff1193f18a,data/raw/include_video/Means_of_Transportation/17. Transportation/MVI_3136.MOV,data/processed/landmarks/include_video/TRANSPORTATION/0aff1193f18a.npz,104,25.0,4.16,0.8654,1.0,,
4724580c3a27,TRANSPORTATION,include_video,video,,include_video:clip:4724580c3a27,data/raw/include_video/Means_of_Transportation/17. Transportation/MVI_3137.MOV,data/processed/landmarks/include_video/TRANSPORTATION/4724580c3a27.npz,93,25.0,3.72,0.6774,1.0,,
a9e976535ec0,TRANSPORTATION,include_video,video,,include_video:clip:a9e976535ec0,data/raw/include_video/Means_of_Transportation/17. Transportation/MVI_3165.MOV,data/processed/landmarks/include_video/TRANSPORTATION/a9e976535ec0.npz,79,25.0,3.16,0.6203,1.0,,
1f91087fc6b6,TRANSPORTATION,include_video,video,,include_video:clip:1f91087fc6b6,data/raw/include_video/Means_of_Transportation/17. Transportation/MVI_3166.MOV,data/processed/landmarks/include_video/TRANSPORTATION/1f91087fc6b6.npz,90,25.0,3.6,0.7111,1.0,,
ee9a8b4dc870,TRANSPORTATION,include_video,video,,include_video:clip:ee9a8b4dc870,data/raw/include_video/Means_of_Transportation/17. Transportation/MVI_3167.MOV,data/processed/landmarks/include_video/TRANSPORTATION/ee9a8b4dc870.npz,71,25.0,2.84,0.5775,1.0,,
405f092329a7,TRANSPORTATION,include_video,video,,include_video:clip:405f092329a7,data/raw/include_video/Means_of_Transportation/17. Transportation/MVI_3198.MOV,data/processed/landmarks/include_video/TRANSPORTATION/405f092329a7.npz,89,25.0,3.56,0.8652,1.0,,
b38a68120326,TRANSPORTATION,include_video,video,,include_video:clip:b38a68120326,data/raw/include_video/Means_of_Transportation/17. Transportation/MVI_3199.MOV,data/processed/landmarks/include_video/TRANSPORTATION/b38a68120326.npz,88,25.0,3.52,0.8977,1.0,,
8fcfde65200d,TRANSPORTATION,include_video,video,,include_video:clip:8fcfde65200d,data/raw/include_video/Means_of_Transportation/17. Transportation/MVI_3200.MOV,data/processed/landmarks/include_video/TRANSPORTATION/8fcfde65200d.npz,92,25.0,3.68,0.9022,1.0,,
ceb1be038451,TRANSPORTATION,include_video,video,,include_video:clip:ceb1be038451,data/raw/include_video/Means_of_Transportation/17. Transportation/MVI_3201.MOV,data/processed/landmarks/include_video/TRANSPORTATION/ceb1be038451.npz,77,25.0,3.08,0.8961,1.0,,
00bdfac8d222,TRANSPORTATION,include_video,video,,include_video:clip:00bdfac8d222,data/raw/include_video/Means_of_Transportation/17. Transportation/MVI_3227.MOV,data/processed/landmarks/include_video/TRANSPORTATION/00bdfac8d222.npz,86,25.0,3.44,0.8837,1.0,,
a4ddea03a559,TRANSPORTATION,include_video,video,,include_video:clip:a4ddea03a559,data/raw/include_video/Means_of_Transportation/17. Transportation/MVI_3228.MOV,data/processed/landmarks/include_video/TRANSPORTATION/a4ddea03a559.npz,73,25.0,2.92,0.8493,1.0,,
5a192409f140,TRANSPORTATION,include_video,video,,include_video:clip:5a192409f140,data/raw/include_video/Means_of_Transportation/17. Transportation/MVI_3229.MOV,data/processed/landmarks/include_video/TRANSPORTATION/5a192409f140.npz,69,25.0,2.76,0.8406,1.0,,
4de2570c6d98,TRANSPORTATION,include_video,video,,include_video:clip:4de2570c6d98,data/raw/include_video/Means_of_Transportation/17. Transportation/MVI_3256.MOV,data/processed/landmarks/include_video/TRANSPORTATION/4de2570c6d98.npz,91,25.0,3.64,0.8791,1.0,,
ab20f03e8df2,TRANSPORTATION,include_video,video,,include_video:clip:ab20f03e8df2,data/raw/include_video/Means_of_Transportation/17. Transportation/MVI_3257.MOV,data/processed/landmarks/include_video/TRANSPORTATION/ab20f03e8df2.npz,78,25.0,3.12,0.8333,1.0,,
5d175ea9ce1c,TRANSPORTATION,include_video,video,,include_video:clip:5d175ea9ce1c,data/raw/include_video/Means_of_Transportation/17. Transportation/MVI_3258.MOV,data/processed/landmarks/include_video/TRANSPORTATION/5d175ea9ce1c.npz,79,25.0,3.16,0.8354,1.0,,
b6d91ff4e738,TRANSPORTATION,include_video,video,,include_video:clip:b6d91ff4e738,data/raw/include_video/Means_of_Transportation/17. Transportation/MVI_4194.MOV,data/processed/landmarks/include_video/TRANSPORTATION/b6d91ff4e738.npz,65,25.0,2.6,0.8462,1.0,,
faec9942f9bb,TRANSPORTATION,include_video,video,,include_video:clip:faec9942f9bb,data/raw/include_video/Means_of_Transportation/17. Transportation/MVI_4195.MOV,data/processed/landmarks/include_video/TRANSPORTATION/faec9942f9bb.npz,65,25.0,2.6,0.8154,1.0,,
cdbb823587a9,TRANSPORTATION,include_video,video,,include_video:clip:cdbb823587a9,data/raw/include_video/Means_of_Transportation/17. Transportation/MVI_4196.MOV,data/processed/landmarks/include_video/TRANSPORTATION/cdbb823587a9.npz,52,25.0,2.08,0.7885,1.0,,
8f5cb3e4d446,TRANSPORTATION,include_video,video,,include_video:clip:8f5cb3e4d446,data/raw/include_video/Means_of_Transportation/17. Transportation/MVI_8598.MP4,data/processed/landmarks/include_video/TRANSPORTATION/8f5cb3e4d446.npz,67,25.0,2.68,0.8806,1.0,,
49d773bcdac8,TRANSPORTATION,include_video,video,,include_video:clip:49d773bcdac8,data/raw/include_video/Means_of_Transportation/17. Transportation/MVI_8599.MP4,data/processed/landmarks/include_video/TRANSPORTATION/49d773bcdac8.npz,69,25.0,2.76,0.8261,1.0,,
20ca2f5ea505,TRUCK,include_video,video,,include_video:clip:20ca2f5ea505,data/raw/include_video/Means_of_Transportation/12. Truck/MVI_3119.MOV,data/processed/landmarks/include_video/TRUCK/20ca2f5ea505.npz,104,25.0,4.16,0.8558,1.0,,
62dbab986ef2,TRUCK,include_video,video,,include_video:clip:62dbab986ef2,data/raw/include_video/Means_of_Transportation/12. Truck/MVI_3120.MOV,data/processed/landmarks/include_video/TRUCK/62dbab986ef2.npz,95,25.0,3.8,0.8105,1.0,,
5c7872d45ce7,TRUCK,include_video,video,,include_video:clip:5c7872d45ce7,data/raw/include_video/Means_of_Transportation/12. Truck/MVI_3121.MOV,data/processed/landmarks/include_video/TRUCK/5c7872d45ce7.npz,90,25.0,3.6,0.8,1.0,,
e366462baf87,TRUCK,include_video,video,,include_video:clip:e366462baf87,data/raw/include_video/Means_of_Transportation/12. Truck/MVI_3148.MOV,data/processed/landmarks/include_video/TRUCK/e366462baf87.npz,105,25.0,4.2,0.819,1.0,,
5e3cae7bbfc3,TRUCK,include_video,video,,include_video:clip:5e3cae7bbfc3,data/raw/include_video/Means_of_Transportation/12. Truck/MVI_3149.MOV,data/processed/landmarks/include_video/TRUCK/5e3cae7bbfc3.npz,97,25.0,3.88,0.8041,1.0,,
7aee1e1400dc,TRUCK,include_video,video,,include_video:clip:7aee1e1400dc,data/raw/include_video/Means_of_Transportation/12. Truck/MVI_3150.MOV,data/processed/landmarks/include_video/TRUCK/7aee1e1400dc.npz,99,25.0,3.96,0.7273,1.0,,
028b8b488bb7,TRUCK,include_video,video,,include_video:clip:028b8b488bb7,data/raw/include_video/Means_of_Transportation/12. Truck/MVI_3177.MOV,data/processed/landmarks/include_video/TRUCK/028b8b488bb7.npz,81,25.0,3.24,0.8148,1.0,,
9e5a6dd3b4be,TRUCK,include_video,video,,include_video:clip:9e5a6dd3b4be,data/raw/include_video/Means_of_Transportation/12. Truck/MVI_3178.MOV,data/processed/landmarks/include_video/TRUCK/9e5a6dd3b4be.npz,105,25.0,4.2,0.8667,1.0,,
58f937d864e1,TRUCK,include_video,video,,include_video:clip:58f937d864e1,data/raw/include_video/Means_of_Transportation/12. Truck/MVI_3179.MOV,data/processed/landmarks/include_video/TRUCK/58f937d864e1.npz,104,25.0,4.16,0.8846,1.0,,
dbbe1a63d52b,TRUCK,include_video,video,,include_video:clip:dbbe1a63d52b,data/raw/include_video/Means_of_Transportation/12. Truck/MVI_3180.MOV,data/processed/landmarks/include_video/TRUCK/dbbe1a63d52b.npz,98,25.0,3.92,0.8878,1.0,,
25b4eeb72077,TRUCK,include_video,video,,include_video:clip:25b4eeb72077,data/raw/include_video/Means_of_Transportation/12. Truck/MVI_3212.MOV,data/processed/landmarks/include_video/TRUCK/25b4eeb72077.npz,81,25.0,3.24,0.8272,1.0,,
2130758f7251,TRUCK,include_video,video,,include_video:clip:2130758f7251,data/raw/include_video/Means_of_Transportation/12. Truck/MVI_3213.MOV,data/processed/landmarks/include_video/TRUCK/2130758f7251.npz,87,25.0,3.48,0.8391,1.0,,
a3ba2f2c484d,TRUCK,include_video,video,,include_video:clip:a3ba2f2c484d,data/raw/include_video/Means_of_Transportation/12. Truck/MVI_3214.MOV,data/processed/landmarks/include_video/TRUCK/a3ba2f2c484d.npz,82,25.0,3.28,0.8659,1.0,,
18bc0183df69,TRUCK,include_video,video,,include_video:clip:18bc0183df69,data/raw/include_video/Means_of_Transportation/12. Truck/MVI_3241.MOV,data/processed/landmarks/include_video/TRUCK/18bc0183df69.npz,76,25.0,3.04,0.8947,1.0,,
1426cee00b15,TRUCK,include_video,video,,include_video:clip:1426cee00b15,data/raw/include_video/Means_of_Transportation/12. Truck/MVI_3242.MOV,data/processed/landmarks/include_video/TRUCK/1426cee00b15.npz,76,25.0,3.04,0.8816,1.0,,
c74c2ae44d61,TRUCK,include_video,video,,include_video:clip:c74c2ae44d61,data/raw/include_video/Means_of_Transportation/12. Truck/MVI_3243.MOV,data/processed/landmarks/include_video/TRUCK/c74c2ae44d61.npz,84,25.0,3.36,0.869,1.0,,
faa0bfead1fa,TRUCK,include_video,video,,include_video:clip:faa0bfead1fa,data/raw/include_video/Means_of_Transportation/12. Truck/MVI_4179.MOV,data/processed/landmarks/include_video/TRUCK/faa0bfead1fa.npz,62,25.0,2.48,0.8226,1.0,,
e1a5095c79dc,TRUCK,include_video,video,,include_video:clip:e1a5095c79dc,data/raw/include_video/Means_of_Transportation/12. Truck/MVI_4180.MOV,data/processed/landmarks/include_video/TRUCK/e1a5095c79dc.npz,75,25.0,3.0,0.8267,1.0,,
74f6a0575e9a,TRUCK,include_video,video,,include_video:clip:74f6a0575e9a,data/raw/include_video/Means_of_Transportation/12. Truck/MVI_4181.MOV,data/processed/landmarks/include_video/TRUCK/74f6a0575e9a.npz,59,25.0,2.36,0.7627,1.0,,
036ccf782b0c,TRUCK,include_video,video,,include_video:clip:036ccf782b0c,data/raw/include_video/Means_of_Transportation/12. Truck/MVI_8585.MP4,data/processed/landmarks/include_video/TRUCK/036ccf782b0c.npz,73,25.0,2.92,0.4384,1.0,low_hand_detection,
85061ff287fc,TRUCK,include_video,video,,include_video:clip:85061ff287fc,data/raw/include_video/Means_of_Transportation/12. Truck/MVI_8586.MP4,data/processed/landmarks/include_video/TRUCK/85061ff287fc.npz,76,25.0,3.04,0.4605,1.0,low_hand_detection,
0829287d45e3,TUESDAY,include_video,video,,include_video:clip:0829287d45e3,data/raw/include_video/Days_and_Time/68. Tuesday/MVI_4595.MOV,data/processed/landmarks/include_video/TUESDAY/0829287d45e3.npz,59,25.0,2.36,0.7288,1.0,,
bd78cc1483a0,TUESDAY,include_video,video,,include_video:clip:bd78cc1483a0,data/raw/include_video/Days_and_Time/68. Tuesday/MVI_4596.MOV,data/processed/landmarks/include_video/TUESDAY/bd78cc1483a0.npz,55,25.0,2.2,0.7091,1.0,,
da747a16a525,TUESDAY,include_video,video,,include_video:clip:da747a16a525,data/raw/include_video/Days_and_Time/68. Tuesday/MVI_4597.MOV,data/processed/landmarks/include_video/TUESDAY/da747a16a525.npz,62,25.0,2.48,0.7419,0.9677,,
bbebba566ce9,TUESDAY,include_video,video,,include_video:clip:bbebba566ce9,data/raw/include_video/Days_and_Time/68. Tuesday/MVI_4598.MOV,data/processed/landmarks/include_video/TUESDAY/bbebba566ce9.npz,70,25.0,2.8,0.6857,1.0,,
16f32f1125f4,TUESDAY,include_video,video,,include_video:clip:16f32f1125f4,data/raw/include_video/Days_and_Time/68. Tuesday/MVI_5012.MOV,data/processed/landmarks/include_video/TUESDAY/16f32f1125f4.npz,50,25.0,2.0,0.38,1.0,low_hand_detection,
b9230bcc226c,TUESDAY,include_video,video,,include_video:clip:b9230bcc226c,data/raw/include_video/Days_and_Time/68. Tuesday/MVI_5013.MOV,data/processed/landmarks/include_video/TUESDAY/b9230bcc226c.npz,52,25.0,2.08,0.1154,1.0,low_hand_detection,
9677f8794572,TUESDAY,include_video,video,,include_video:clip:9677f8794572,data/raw/include_video/Days_and_Time/68. Tuesday/MVI_5014.MOV,data/processed/landmarks/include_video/TUESDAY/9677f8794572.npz,54,25.0,2.16,0.463,1.0,low_hand_detection,
c5fa68fbdea4,TUESDAY,include_video,video,,include_video:clip:c5fa68fbdea4,data/raw/include_video/Days_and_Time/68. Tuesday/MVI_5450.MOV,data/processed/landmarks/include_video/TUESDAY/c5fa68fbdea4.npz,51,25.0,2.04,0.7647,1.0,,
ad75322dc723,TUESDAY,include_video,video,,include_video:clip:ad75322dc723,data/raw/include_video/Days_and_Time/68. Tuesday/MVI_5451.MOV,data/processed/landmarks/include_video/TUESDAY/ad75322dc723.npz,51,25.0,2.04,0.6078,1.0,,
390d9068ee8f,TUESDAY,include_video,video,,include_video:clip:390d9068ee8f,data/raw/include_video/Days_and_Time/68. Tuesday/MVI_5452.MOV,data/processed/landmarks/include_video/TUESDAY/390d9068ee8f.npz,49,25.0,1.96,0.7347,1.0,,
065297547e97,TUESDAY,include_video,video,,include_video:clip:065297547e97,data/raw/include_video/Days_and_Time/68. Tuesday/MVI_5453.MOV,data/processed/landmarks/include_video/TUESDAY/065297547e97.npz,56,25.0,2.24,0.4821,1.0,low_hand_detection,
589fbd02e12b,TUESDAY,include_video,video,,include_video:clip:589fbd02e12b,data/raw/include_video/Days_and_Time/68. Tuesday/MVI_9145.MP4,data/processed/landmarks/include_video/TUESDAY/589fbd02e12b.npz,67,25.0,2.68,0.791,1.0,,
56042a871651,TUESDAY,include_video,video,,include_video:clip:56042a871651,data/raw/include_video/Days_and_Time/68. Tuesday/MVI_9146.MP4,data/processed/landmarks/include_video/TUESDAY/56042a871651.npz,62,25.0,2.48,0.7419,1.0,,
ef544246a672,TUESDAY,include_video,video,,include_video:clip:ef544246a672,data/raw/include_video/Days_and_Time/68. Tuesday/MVI_9147.MP4,data/processed/landmarks/include_video/TUESDAY/ef544246a672.npz,61,25.0,2.44,0.7541,1.0,,
6fc716ed7081,T_SHIRT,include_video,video,,include_video:clip:6fc716ed7081,data/raw/include_video/Clothes/42. T-Shirt/MVI_3704.MOV,data/processed/landmarks/include_video/T_SHIRT/6fc716ed7081.npz,84,25.0,3.36,0.881,1.0,,
8e51f9e80f31,T_SHIRT,include_video,video,,include_video:clip:8e51f9e80f31,data/raw/include_video/Clothes/42. T-Shirt/MVI_3705.MOV,data/processed/landmarks/include_video/T_SHIRT/8e51f9e80f31.npz,70,25.0,2.8,0.8857,1.0,,
38809ac3dfcb,T_SHIRT,include_video,video,,include_video:clip:38809ac3dfcb,data/raw/include_video/Clothes/42. T-Shirt/MVI_3706.MOV,data/processed/landmarks/include_video/T_SHIRT/38809ac3dfcb.npz,74,25.0,2.96,0.9189,1.0,,
fee37c0e51dc,T_SHIRT,include_video,video,,include_video:clip:fee37c0e51dc,data/raw/include_video/Clothes/42. T-Shirt/MVI_3850.MOV,data/processed/landmarks/include_video/T_SHIRT/fee37c0e51dc.npz,106,25.0,4.24,0.9434,1.0,,
89d27eebd4af,T_SHIRT,include_video,video,,include_video:clip:89d27eebd4af,data/raw/include_video/Clothes/42. T-Shirt/MVI_3851.MOV,data/processed/landmarks/include_video/T_SHIRT/89d27eebd4af.npz,88,25.0,3.52,0.9432,1.0,,
63c5757c085f,T_SHIRT,include_video,video,,include_video:clip:63c5757c085f,data/raw/include_video/Clothes/42. T-Shirt/MVI_3852.MOV,data/processed/landmarks/include_video/T_SHIRT/63c5757c085f.npz,92,25.0,3.68,0.9239,1.0,,
455b097f8e39,T_SHIRT,include_video,video,,include_video:clip:455b097f8e39,data/raw/include_video/Clothes/42. T-Shirt/MVI_4002.MOV,data/processed/landmarks/include_video/T_SHIRT/455b097f8e39.npz,92,25.0,3.68,0.8804,1.0,,
3fb19bb8e87a,T_SHIRT,include_video,video,,include_video:clip:3fb19bb8e87a,data/raw/include_video/Clothes/42. T-Shirt/MVI_4003.MOV,data/processed/landmarks/include_video/T_SHIRT/3fb19bb8e87a.npz,85,25.0,3.4,0.8471,1.0,,
3db3be87df44,T_SHIRT,include_video,video,,include_video:clip:3db3be87df44,data/raw/include_video/Clothes/42. T-Shirt/MVI_4004.MOV,data/processed/landmarks/include_video/T_SHIRT/3db3be87df44.npz,81,25.0,3.24,0.8642,1.0,,
436257effc1c,T_SHIRT,include_video,video,,include_video:clip:436257effc1c,data/raw/include_video/Clothes/42. T-Shirt/MVI_4202.MOV,data/processed/landmarks/include_video/T_SHIRT/436257effc1c.npz,61,25.0,2.44,0.7869,1.0,,
c3904d93bb30,T_SHIRT,include_video,video,,include_video:clip:c3904d93bb30,data/raw/include_video/Clothes/42. T-Shirt/MVI_4881.MOV,data/processed/landmarks/include_video/T_SHIRT/c3904d93bb30.npz,77,25.0,3.08,0.8701,1.0,,
8ec2f4deb6ae,T_SHIRT,include_video,video,,include_video:clip:8ec2f4deb6ae,data/raw/include_video/Clothes/42. T-Shirt/MVI_4882.MOV,data/processed/landmarks/include_video/T_SHIRT/8ec2f4deb6ae.npz,78,25.0,3.12,0.8846,1.0,,
3879542a9540,T_SHIRT,include_video,video,,include_video:clip:3879542a9540,data/raw/include_video/Clothes/42. T-Shirt/MVI_4883.MOV,data/processed/landmarks/include_video/T_SHIRT/3879542a9540.npz,70,25.0,2.8,0.8571,1.0,,
7b6b77ea6574,T_SHIRT,include_video,video,,include_video:clip:7b6b77ea6574,data/raw/include_video/Clothes/42. T-Shirt/MVI_5021.MOV,data/processed/landmarks/include_video/T_SHIRT/7b6b77ea6574.npz,64,25.0,2.56,0.75,1.0,,
0f0d90a5e25d,T_SHIRT,include_video,video,,include_video:clip:0f0d90a5e25d,data/raw/include_video/Clothes/42. T-Shirt/MVI_5022.MOV,data/processed/landmarks/include_video/T_SHIRT/0f0d90a5e25d.npz,76,25.0,3.04,0.7237,1.0,,
2649e026b406,T_SHIRT,include_video,video,,include_video:clip:2649e026b406,data/raw/include_video/Clothes/42. T-Shirt/MVI_5023.MOV,data/processed/landmarks/include_video/T_SHIRT/2649e026b406.npz,79,25.0,3.16,0.7468,1.0,,
889f919ddc51,T_SHIRT,include_video,video,,include_video:clip:889f919ddc51,data/raw/include_video/Clothes/42. T-Shirt/MVI_5169.MOV,data/processed/landmarks/include_video/T_SHIRT/889f919ddc51.npz,60,25.0,2.4,0.95,1.0,,
325c06f38bb6,T_SHIRT,include_video,video,,include_video:clip:325c06f38bb6,data/raw/include_video/Clothes/42. T-Shirt/MVI_5170.MOV,data/processed/landmarks/include_video/T_SHIRT/325c06f38bb6.npz,66,25.0,2.64,0.9394,1.0,,
9287e742de14,T_SHIRT,include_video,video,,include_video:clip:9287e742de14,data/raw/include_video/Clothes/42. T-Shirt/MVI_5171.MOV,data/processed/landmarks/include_video/T_SHIRT/9287e742de14.npz,65,25.0,2.6,0.9385,1.0,,
5ed1f13b7653,T_SHIRT,include_video,video,,include_video:clip:5ed1f13b7653,data/raw/include_video/Clothes/42. T-Shirt/MVI_8606.MP4,data/processed/landmarks/include_video/T_SHIRT/5ed1f13b7653.npz,76,25.0,3.04,0.9211,1.0,,
095389e8c2d7,UGLY,include_video,video,,include_video:clip:095389e8c2d7,data/raw/include_video/Adjectives/6. Ugly/MVI_9576.MOV,data/processed/landmarks/include_video/UGLY/095389e8c2d7.npz,59,25.0,2.36,1.0,1.0,,
fbf37d766c8d,UGLY,include_video,video,,include_video:clip:fbf37d766c8d,data/raw/include_video/Adjectives/6. Ugly/MVI_9577.MOV,data/processed/landmarks/include_video/UGLY/fbf37d766c8d.npz,69,25.0,2.76,1.0,1.0,,
b5e9bc0785d4,UGLY,include_video,video,,include_video:clip:b5e9bc0785d4,data/raw/include_video/Adjectives/6. Ugly/MVI_9578.MOV,data/processed/landmarks/include_video/UGLY/b5e9bc0785d4.npz,77,25.0,3.08,1.0,1.0,,
0c6b06b9d68c,UGLY,include_video,video,,include_video:clip:0c6b06b9d68c,data/raw/include_video/Adjectives/6. Ugly/MVI_9579.MOV,data/processed/landmarks/include_video/UGLY/0c6b06b9d68c.npz,59,25.0,2.36,1.0,1.0,,
a0b33930ea87,UGLY,include_video,video,,include_video:clip:a0b33930ea87,data/raw/include_video/Adjectives/6. Ugly/MVI_9844.MOV,data/processed/landmarks/include_video/UGLY/a0b33930ea87.npz,53,25.0,2.12,1.0,1.0,,
ef3de2dd17ef,UGLY,include_video,video,,include_video:clip:ef3de2dd17ef,data/raw/include_video/Adjectives/6. Ugly/MVI_9845.MOV,data/processed/landmarks/include_video/UGLY/ef3de2dd17ef.npz,60,25.0,2.4,1.0,1.0,,
9b1e0b7015ad,UGLY,include_video,video,,include_video:clip:9b1e0b7015ad,data/raw/include_video/Adjectives/6. Ugly/MVI_9846.MOV,data/processed/landmarks/include_video/UGLY/9b1e0b7015ad.npz,59,25.0,2.36,1.0,1.0,,
de38586b211d,UGLY,include_video,video,,include_video:clip:de38586b211d,data/raw/include_video/Adjectives/6. Ugly/MVI_9847.MOV,data/processed/landmarks/include_video/UGLY/de38586b211d.npz,52,25.0,2.08,1.0,1.0,,
994f8183b55c,WAITER,include_video,video,,include_video:clip:994f8183b55c,data/raw/include_video/Jobs/89. Waiter/MVI_4478.MOV,data/processed/landmarks/include_video/WAITER/994f8183b55c.npz,91,25.0,3.64,1.0,0.978,,
f4920c3b7d10,WAITER,include_video,video,,include_video:clip:f4920c3b7d10,data/raw/include_video/Jobs/89. Waiter/MVI_4479.MOV,data/processed/landmarks/include_video/WAITER/f4920c3b7d10.npz,96,25.0,3.84,1.0,1.0,,
4df1c1f6ee86,WAITER,include_video,video,,include_video:clip:4df1c1f6ee86,data/raw/include_video/Jobs/89. Waiter/MVI_4480.MOV,data/processed/landmarks/include_video/WAITER/4df1c1f6ee86.npz,84,25.0,3.36,1.0,1.0,,
d5c1e50cf9a8,WAITER,include_video,video,,include_video:clip:d5c1e50cf9a8,data/raw/include_video/Jobs/89. Waiter/MVI_4481.MOV,data/processed/landmarks/include_video/WAITER/d5c1e50cf9a8.npz,99,25.0,3.96,1.0,1.0,,
c3db79750717,WAITER,include_video,video,,include_video:clip:c3db79750717,data/raw/include_video/Jobs/89. Waiter/MVI_4761.MOV,data/processed/landmarks/include_video/WAITER/c3db79750717.npz,72,25.0,2.88,1.0,1.0,,
776c0a282c6b,WAITER,include_video,video,,include_video:clip:776c0a282c6b,data/raw/include_video/Jobs/89. Waiter/MVI_4762.MOV,data/processed/landmarks/include_video/WAITER/776c0a282c6b.npz,65,25.0,2.6,0.9692,1.0,,
cca1dbb14b44,WAITER,include_video,video,,include_video:clip:cca1dbb14b44,data/raw/include_video/Jobs/89. Waiter/MVI_4763.MOV,data/processed/landmarks/include_video/WAITER/cca1dbb14b44.npz,75,25.0,3.0,0.9867,1.0,,
1ac9bfae01dd,WAITER,include_video,video,,include_video:clip:1ac9bfae01dd,data/raw/include_video/Jobs/89. Waiter/MVI_5333.MOV,data/processed/landmarks/include_video/WAITER/1ac9bfae01dd.npz,60,25.0,2.4,1.0,1.0,,
55050d169a6a,WAITER,include_video,video,,include_video:clip:55050d169a6a,data/raw/include_video/Jobs/89. Waiter/MVI_5334.MOV,data/processed/landmarks/include_video/WAITER/55050d169a6a.npz,62,25.0,2.48,1.0,1.0,,
f88c716bae72,WAITER,include_video,video,,include_video:clip:f88c716bae72,data/raw/include_video/Jobs/89. Waiter/MVI_5335.MOV,data/processed/landmarks/include_video/WAITER/f88c716bae72.npz,95,25.0,3.8,1.0,1.0,,
52717142a933,WAITER,include_video,video,,include_video:clip:52717142a933,data/raw/include_video/Jobs/89. Waiter/MVI_5337.MOV,data/processed/landmarks/include_video/WAITER/52717142a933.npz,63,25.0,2.52,1.0,1.0,,
4040853d3cd1,WAITER,include_video,video,,include_video:clip:4040853d3cd1,data/raw/include_video/Jobs/89. Waiter/MVI_8881.MP4,data/processed/landmarks/include_video/WAITER/4040853d3cd1.npz,70,25.0,2.8,1.0,1.0,,
732b15a02096,WAITER,include_video,video,,include_video:clip:732b15a02096,data/raw/include_video/Jobs/89. Waiter/MVI_8882.MP4,data/processed/landmarks/include_video/WAITER/732b15a02096.npz,75,25.0,3.0,1.0,1.0,,
3909c8618527,WAITER,include_video,video,,include_video:clip:3909c8618527,data/raw/include_video/Jobs/89. Waiter/MVI_8883.MP4,data/processed/landmarks/include_video/WAITER/3909c8618527.npz,73,25.0,2.92,1.0,1.0,,
f893479798f6,WARM,include_video,video,,include_video:clip:f893479798f6,data/raw/include_video/Adjectives/89. warm/MVI_5141.MOV,data/processed/landmarks/include_video/WARM/f893479798f6.npz,67,25.0,2.68,1.0,1.0,,
0658018c5f66,WARM,include_video,video,,include_video:clip:0658018c5f66,data/raw/include_video/Adjectives/89. warm/MVI_5143.MOV,data/processed/landmarks/include_video/WARM/0658018c5f66.npz,69,25.0,2.76,1.0,1.0,,
a7aeeef2b0ee,WARM,include_video,video,,include_video:clip:a7aeeef2b0ee,data/raw/include_video/Adjectives/89. warm/MVI_5144.MOV,data/processed/landmarks/include_video/WARM/a7aeeef2b0ee.npz,70,25.0,2.8,1.0,1.0,,
ea068e725095,WARM,include_video,video,,include_video:clip:ea068e725095,data/raw/include_video/Adjectives/89. warm/MVI_5222.MOV,data/processed/landmarks/include_video/WARM/ea068e725095.npz,60,25.0,2.4,1.0,1.0,,
c9c9b4e2307d,WARM,include_video,video,,include_video:clip:c9c9b4e2307d,data/raw/include_video/Adjectives/89. warm/MVI_5223.MOV,data/processed/landmarks/include_video/WARM/c9c9b4e2307d.npz,62,25.0,2.48,1.0,1.0,,
957ec946c413,WARM,include_video,video,,include_video:clip:957ec946c413,data/raw/include_video/Adjectives/89. warm/MVI_5224.MOV,data/processed/landmarks/include_video/WARM/957ec946c413.npz,67,25.0,2.68,1.0,1.0,,
7eb383e49125,WARM,include_video,video,,include_video:clip:7eb383e49125,data/raw/include_video/Adjectives/89. warm/MVI_5301.MOV,data/processed/landmarks/include_video/WARM/7eb383e49125.npz,53,25.0,2.12,1.0,1.0,,
62c45bf14ad2,WARM,include_video,video,,include_video:clip:62c45bf14ad2,data/raw/include_video/Adjectives/89. warm/MVI_5302.MOV,data/processed/landmarks/include_video/WARM/62c45bf14ad2.npz,55,25.0,2.2,1.0,1.0,,
b3f455e527dd,WARM,include_video,video,,include_video:clip:b3f455e527dd,data/raw/include_video/Adjectives/89. warm/MVI_5303.MOV,data/processed/landmarks/include_video/WARM/b3f455e527dd.npz,46,25.0,1.84,1.0,1.0,,
1a8730fd5843,WARM,include_video,video,,include_video:clip:1a8730fd5843,data/raw/include_video/Adjectives/89. warm/MVI_9253.MOV,data/processed/landmarks/include_video/WARM/1a8730fd5843.npz,48,25.0,1.92,1.0,1.0,,
edb2dbff6e23,WARM,include_video,video,,include_video:clip:edb2dbff6e23,data/raw/include_video/Adjectives/89. warm/MVI_9254.MOV,data/processed/landmarks/include_video/WARM/edb2dbff6e23.npz,59,25.0,2.36,1.0,1.0,,
65427d6e9c0c,WARM,include_video,video,,include_video:clip:65427d6e9c0c,data/raw/include_video/Adjectives/89. warm/MVI_9255.MOV,data/processed/landmarks/include_video/WARM/65427d6e9c0c.npz,51,25.0,2.04,1.0,1.0,,
9fef16731666,WARM,include_video,video,,include_video:clip:9fef16731666,data/raw/include_video/Adjectives/89. warm/MVI_9334.MOV,data/processed/landmarks/include_video/WARM/9fef16731666.npz,55,25.0,2.2,0.7273,1.0,,
82588cfca929,WARM,include_video,video,,include_video:clip:82588cfca929,data/raw/include_video/Adjectives/89. warm/MVI_9335.MOV,data/processed/landmarks/include_video/WARM/82588cfca929.npz,57,25.0,2.28,0.7544,1.0,,
a9717cadddbc,WARM,include_video,video,,include_video:clip:a9717cadddbc,data/raw/include_video/Adjectives/89. warm/MVI_9336.MOV,data/processed/landmarks/include_video/WARM/a9717cadddbc.npz,53,25.0,2.12,1.0,1.0,,
02e102f1850b,WARM,include_video,video,,include_video:clip:02e102f1850b,data/raw/include_video/Adjectives/89. warm/MVI_9415.MOV,data/processed/landmarks/include_video/WARM/02e102f1850b.npz,77,25.0,3.08,1.0,1.0,,
8ad9ed7721dc,WARM,include_video,video,,include_video:clip:8ad9ed7721dc,data/raw/include_video/Adjectives/89. warm/MVI_9416.MOV,data/processed/landmarks/include_video/WARM/8ad9ed7721dc.npz,74,25.0,2.96,1.0,1.0,,
6887ef33ef5d,WARM,include_video,video,,include_video:clip:6887ef33ef5d,data/raw/include_video/Adjectives/89. warm/MVI_9417.MOV,data/processed/landmarks/include_video/WARM/6887ef33ef5d.npz,66,25.0,2.64,1.0,1.0,,
d00e220ba1a1,WARM,include_video,video,,include_video:clip:d00e220ba1a1,data/raw/include_video/Adjectives/89. warm/MVI_9493.MOV,data/processed/landmarks/include_video/WARM/d00e220ba1a1.npz,71,25.0,2.84,1.0,1.0,,
3b061312f099,WARM,include_video,video,,include_video:clip:3b061312f099,data/raw/include_video/Adjectives/89. warm/MVI_9494.MOV,data/processed/landmarks/include_video/WARM/3b061312f099.npz,66,25.0,2.64,1.0,1.0,,
9541b4c05ce8,WARM,include_video,video,,include_video:clip:9541b4c05ce8,data/raw/include_video/Adjectives/89. warm/MVI_9495.MOV,data/processed/landmarks/include_video/WARM/9541b4c05ce8.npz,70,25.0,2.8,1.0,1.0,,
2f1d17b79913,WEAK,include_video,video,,include_video:clip:2f1d17b79913,data/raw/include_video/Adjectives/32. weak/MVI_9694.MOV,data/processed/landmarks/include_video/WEAK/2f1d17b79913.npz,55,25.0,2.2,0.9091,1.0,,
34fb959f2fca,WEAK,include_video,video,,include_video:clip:34fb959f2fca,data/raw/include_video/Adjectives/32. weak/MVI_9695.MOV,data/processed/landmarks/include_video/WEAK/34fb959f2fca.npz,62,25.0,2.48,0.8387,1.0,,
fae8c12b06f3,WEAK,include_video,video,,include_video:clip:fae8c12b06f3,data/raw/include_video/Adjectives/32. weak/MVI_9696.MOV,data/processed/landmarks/include_video/WEAK/fae8c12b06f3.npz,60,25.0,2.4,0.8833,1.0,,
b26e66168705,WEAK,include_video,video,,include_video:clip:b26e66168705,data/raw/include_video/Adjectives/32. weak/MVI_9697.MOV,data/processed/landmarks/include_video/WEAK/b26e66168705.npz,61,25.0,2.44,0.9016,1.0,,
094b24717997,WEAK,include_video,video,,include_video:clip:094b24717997,data/raw/include_video/Adjectives/32. weak/MVI_9818.MOV,data/processed/landmarks/include_video/WEAK/094b24717997.npz,54,25.0,2.16,0.7778,1.0,,
d770be9207fc,WEAK,include_video,video,,include_video:clip:d770be9207fc,data/raw/include_video/Adjectives/32. weak/MVI_9819.MOV,data/processed/landmarks/include_video/WEAK/d770be9207fc.npz,63,25.0,2.52,0.873,1.0,,
8e8c21c40e1e,WEAK,include_video,video,,include_video:clip:8e8c21c40e1e,data/raw/include_video/Adjectives/32. weak/MVI_9820.MOV,data/processed/landmarks/include_video/WEAK/8e8c21c40e1e.npz,67,25.0,2.68,0.8806,1.0,,
5ba72be89942,WEAK,include_video,video,,include_video:clip:5ba72be89942,data/raw/include_video/Adjectives/32. weak/MVI_9821.MOV,data/processed/landmarks/include_video/WEAK/5ba72be89942.npz,58,25.0,2.32,0.8621,1.0,,
6cd4f31ac759,WEDNESDAY,include_video,video,,include_video:clip:6cd4f31ac759,data/raw/include_video/Days_and_Time/69. Wednesday/MVI_4599.MOV,data/processed/landmarks/include_video/WEDNESDAY/6cd4f31ac759.npz,50,25.0,2.0,0.64,1.0,,
4ccb989ea419,WEDNESDAY,include_video,video,,include_video:clip:4ccb989ea419,data/raw/include_video/Days_and_Time/69. Wednesday/MVI_4600.MOV,data/processed/landmarks/include_video/WEDNESDAY/4ccb989ea419.npz,54,25.0,2.16,0.6296,1.0,,
eb17b6f9edae,WEDNESDAY,include_video,video,,include_video:clip:eb17b6f9edae,data/raw/include_video/Days_and_Time/69. Wednesday/MVI_4601.MOV,data/processed/landmarks/include_video/WEDNESDAY/eb17b6f9edae.npz,56,25.0,2.24,0.7143,1.0,,
f79c53b93c84,WEDNESDAY,include_video,video,,include_video:clip:f79c53b93c84,data/raw/include_video/Days_and_Time/69. Wednesday/MVI_4602.MOV,data/processed/landmarks/include_video/WEDNESDAY/f79c53b93c84.npz,49,25.0,1.96,0.6939,1.0,,
f3df0d750871,WEDNESDAY,include_video,video,,include_video:clip:f3df0d750871,data/raw/include_video/Days_and_Time/69. Wednesday/MVI_5016.MOV,data/processed/landmarks/include_video/WEDNESDAY/f3df0d750871.npz,51,25.0,2.04,0.6275,1.0,,
059e3fb9c880,WEDNESDAY,include_video,video,,include_video:clip:059e3fb9c880,data/raw/include_video/Days_and_Time/69. Wednesday/MVI_5017.MOV,data/processed/landmarks/include_video/WEDNESDAY/059e3fb9c880.npz,51,25.0,2.04,0.6863,1.0,,
f3bbe6af8381,WEDNESDAY,include_video,video,,include_video:clip:f3bbe6af8381,data/raw/include_video/Days_and_Time/69. Wednesday/MVI_5018.MOV,data/processed/landmarks/include_video/WEDNESDAY/f3bbe6af8381.npz,51,25.0,2.04,0.7255,1.0,,
23b0dc7024c8,WEDNESDAY,include_video,video,,include_video:clip:23b0dc7024c8,data/raw/include_video/Days_and_Time/69. Wednesday/MVI_5454.MOV,data/processed/landmarks/include_video/WEDNESDAY/23b0dc7024c8.npz,56,25.0,2.24,0.7679,1.0,,
e7076ad3497d,WEDNESDAY,include_video,video,,include_video:clip:e7076ad3497d,data/raw/include_video/Days_and_Time/69. Wednesday/MVI_5455.MOV,data/processed/landmarks/include_video/WEDNESDAY/e7076ad3497d.npz,54,25.0,2.16,0.7407,1.0,,
47aa1d5e4c66,WEDNESDAY,include_video,video,,include_video:clip:47aa1d5e4c66,data/raw/include_video/Days_and_Time/69. Wednesday/MVI_5456.MOV,data/processed/landmarks/include_video/WEDNESDAY/47aa1d5e4c66.npz,54,25.0,2.16,0.7593,1.0,,
78ebebbce486,WEDNESDAY,include_video,video,,include_video:clip:78ebebbce486,data/raw/include_video/Days_and_Time/69. Wednesday/MVI_5457.MOV,data/processed/landmarks/include_video/WEDNESDAY/78ebebbce486.npz,46,25.0,1.84,0.7391,1.0,,
48c4a295f8b9,WEDNESDAY,include_video,video,,include_video:clip:48c4a295f8b9,data/raw/include_video/Days_and_Time/69. Wednesday/MVI_9148.MP4,data/processed/landmarks/include_video/WEDNESDAY/48c4a295f8b9.npz,61,25.0,2.44,0.7705,1.0,,
75d908d9a98a,WEDNESDAY,include_video,video,,include_video:clip:75d908d9a98a,data/raw/include_video/Days_and_Time/69. Wednesday/MVI_9149.MP4,data/processed/landmarks/include_video/WEDNESDAY/75d908d9a98a.npz,61,25.0,2.44,0.7705,1.0,,
38c7a1368d15,WEDNESDAY,include_video,video,,include_video:clip:38c7a1368d15,data/raw/include_video/Days_and_Time/69. Wednesday/MVI_9150.MP4,data/processed/landmarks/include_video/WEDNESDAY/38c7a1368d15.npz,58,25.0,2.32,0.7414,1.0,,
38ef9cbf1682,WEEK,include_video,video,,include_video:clip:38ef9cbf1682,data/raw/include_video/Days_and_Time/76. Week/MVI_4627.MOV,data/processed/landmarks/include_video/WEEK/38ef9cbf1682.npz,71,25.0,2.84,0.6761,0.8873,,
cd86de4343df,WEEK,include_video,video,,include_video:clip:cd86de4343df,data/raw/include_video/Days_and_Time/76. Week/MVI_4628.MOV,data/processed/landmarks/include_video/WEEK/cd86de4343df.npz,69,25.0,2.76,0.6522,1.0,,
8085138d0d5a,WEEK,include_video,video,,include_video:clip:8085138d0d5a,data/raw/include_video/Days_and_Time/76. Week/MVI_4629.MOV,data/processed/landmarks/include_video/WEEK/8085138d0d5a.npz,58,25.0,2.32,0.6034,1.0,,
cd087c492104,WEEK,include_video,video,,include_video:clip:cd087c492104,data/raw/include_video/Days_and_Time/76. Week/MVI_4630.MOV,data/processed/landmarks/include_video/WEEK/cd087c492104.npz,56,25.0,2.24,0.5536,1.0,,
8e1359cc0de5,WEEK,include_video,video,,include_video:clip:8e1359cc0de5,data/raw/include_video/Days_and_Time/76. Week/MVI_5041.MOV,data/processed/landmarks/include_video/WEEK/8e1359cc0de5.npz,53,25.0,2.12,0.5849,1.0,,
cc0d214477c5,WEEK,include_video,video,,include_video:clip:cc0d214477c5,data/raw/include_video/Days_and_Time/76. Week/MVI_5042.MOV,data/processed/landmarks/include_video/WEEK/cc0d214477c5.npz,50,25.0,2.0,0.5,1.0,,
2a696595eaec,WEEK,include_video,video,,include_video:clip:2a696595eaec,data/raw/include_video/Days_and_Time/76. Week/MVI_5043.MOV,data/processed/landmarks/include_video/WEEK/2a696595eaec.npz,49,25.0,1.96,0.2857,1.0,low_hand_detection,
943c8ea2feaf,WEEK,include_video,video,,include_video:clip:943c8ea2feaf,data/raw/include_video/Days_and_Time/76. Week/MVI_5482.MOV,data/processed/landmarks/include_video/WEEK/943c8ea2feaf.npz,46,25.0,1.84,0.7174,1.0,,
efadbcdeb801,WEEK,include_video,video,,include_video:clip:efadbcdeb801,data/raw/include_video/Days_and_Time/76. Week/MVI_5484.MOV,data/processed/landmarks/include_video/WEEK/efadbcdeb801.npz,39,25.0,1.56,0.6667,1.0,,
861210a7ef7d,WEEK,include_video,video,,include_video:clip:861210a7ef7d,data/raw/include_video/Days_and_Time/76. Week/MVI_5485.MOV,data/processed/landmarks/include_video/WEEK/861210a7ef7d.npz,47,25.0,1.88,0.6809,1.0,,
1d6ed51fa54f,WEEK,include_video,video,,include_video:clip:1d6ed51fa54f,data/raw/include_video/Days_and_Time/76. Week/MVI_5486.MOV,data/processed/landmarks/include_video/WEEK/1d6ed51fa54f.npz,42,25.0,1.68,0.7381,1.0,,
f9e859ca0821,WEEK,include_video,video,,include_video:clip:f9e859ca0821,data/raw/include_video/Days_and_Time/76. Week/MVI_9169.MP4,data/processed/landmarks/include_video/WEEK/f9e859ca0821.npz,71,25.0,2.84,0.7746,1.0,,
ab5746a4420c,WEEK,include_video,video,,include_video:clip:ab5746a4420c,data/raw/include_video/Days_and_Time/76. Week/MVI_9170.MP4,data/processed/landmarks/include_video/WEEK/ab5746a4420c.npz,64,25.0,2.56,0.6875,1.0,,
c71830644c4c,WEEK,include_video,video,,include_video:clip:c71830644c4c,data/raw/include_video/Days_and_Time/76. Week/MVI_9171.MP4,data/processed/landmarks/include_video/WEEK/c71830644c4c.npz,69,25.0,2.76,0.7681,1.0,,
1d9793ca0673,WET,include_video,video,,include_video:clip:1d9793ca0673,data/raw/include_video/Adjectives/96. wet/MVI_5164.MOV,data/processed/landmarks/include_video/WET/1d9793ca0673.npz,83,25.0,3.32,0.9277,1.0,,
f5aaf5e462b4,WET,include_video,video,,include_video:clip:f5aaf5e462b4,data/raw/include_video/Adjectives/96. wet/MVI_5165.MOV,data/processed/landmarks/include_video/WET/f5aaf5e462b4.npz,67,25.0,2.68,0.9254,1.0,,
f18594303919,WET,include_video,video,,include_video:clip:f18594303919,data/raw/include_video/Adjectives/96. wet/MVI_5166.MOV,data/processed/landmarks/include_video/WET/f18594303919.npz,76,25.0,3.04,0.9211,1.0,,
d43d5fd0b767,WET,include_video,video,,include_video:clip:d43d5fd0b767,data/raw/include_video/Adjectives/96. wet/MVI_5244.MOV,data/processed/landmarks/include_video/WET/d43d5fd0b767.npz,64,25.0,2.56,1.0,1.0,,
148ab5fcfda8,WET,include_video,video,,include_video:clip:148ab5fcfda8,data/raw/include_video/Adjectives/96. wet/MVI_5245.MOV,data/processed/landmarks/include_video/WET/148ab5fcfda8.npz,71,25.0,2.84,1.0,1.0,,
ca3275bbf1d9,WET,include_video,video,,include_video:clip:ca3275bbf1d9,data/raw/include_video/Adjectives/96. wet/MVI_5246.MOV,data/processed/landmarks/include_video/WET/ca3275bbf1d9.npz,73,25.0,2.92,1.0,1.0,,
6cb95fe01286,WET,include_video,video,,include_video:clip:6cb95fe01286,data/raw/include_video/Adjectives/96. wet/MVI_5322.MOV,data/processed/landmarks/include_video/WET/6cb95fe01286.npz,54,25.0,2.16,1.0,1.0,,
cc23215e183b,WET,include_video,video,,include_video:clip:cc23215e183b,data/raw/include_video/Adjectives/96. wet/MVI_5323.MOV,data/processed/landmarks/include_video/WET/cc23215e183b.npz,55,25.0,2.2,1.0,1.0,,
8d296c03325f,WET,include_video,video,,include_video:clip:8d296c03325f,data/raw/include_video/Adjectives/96. wet/MVI_5324.MOV,data/processed/landmarks/include_video/WET/8d296c03325f.npz,54,25.0,2.16,1.0,1.0,,
b6734cd93848,WET,include_video,video,,include_video:clip:b6734cd93848,data/raw/include_video/Adjectives/96. wet/MVI_9274.MOV,data/processed/landmarks/include_video/WET/b6734cd93848.npz,59,25.0,2.36,0.9153,1.0,,
0a7163c35221,WET,include_video,video,,include_video:clip:0a7163c35221,data/raw/include_video/Adjectives/96. wet/MVI_9275.MOV,data/processed/landmarks/include_video/WET/0a7163c35221.npz,63,25.0,2.52,0.9365,1.0,,
5008a8a5d20a,WET,include_video,video,,include_video:clip:5008a8a5d20a,data/raw/include_video/Adjectives/96. wet/MVI_9276.MOV,data/processed/landmarks/include_video/WET/5008a8a5d20a.npz,65,25.0,2.6,0.8923,1.0,,
d6a1116095e9,WET,include_video,video,,include_video:clip:d6a1116095e9,data/raw/include_video/Adjectives/96. wet/MVI_9355.MOV,data/processed/landmarks/include_video/WET/d6a1116095e9.npz,60,25.0,2.4,0.65,1.0,,
5f9917f6a89b,WET,include_video,video,,include_video:clip:5f9917f6a89b,data/raw/include_video/Adjectives/96. wet/MVI_9356.MOV,data/processed/landmarks/include_video/WET/5f9917f6a89b.npz,57,25.0,2.28,0.7895,1.0,,
c84deaea471e,WET,include_video,video,,include_video:clip:c84deaea471e,data/raw/include_video/Adjectives/96. wet/MVI_9357.MOV,data/processed/landmarks/include_video/WET/c84deaea471e.npz,59,25.0,2.36,0.7288,1.0,,
65e9039c822e,WET,include_video,video,,include_video:clip:65e9039c822e,data/raw/include_video/Adjectives/96. wet/MVI_9436.MOV,data/processed/landmarks/include_video/WET/65e9039c822e.npz,65,25.0,2.6,0.9231,1.0,,
ef5dbdc311fc,WET,include_video,video,,include_video:clip:ef5dbdc311fc,data/raw/include_video/Adjectives/96. wet/MVI_9437.MOV,data/processed/landmarks/include_video/WET/ef5dbdc311fc.npz,63,25.0,2.52,0.873,1.0,,
9877f387f74b,WET,include_video,video,,include_video:clip:9877f387f74b,data/raw/include_video/Adjectives/96. wet/MVI_9438.MOV,data/processed/landmarks/include_video/WET/9877f387f74b.npz,60,25.0,2.4,0.8167,1.0,,
9a3aa51c34d1,WET,include_video,video,,include_video:clip:9a3aa51c34d1,data/raw/include_video/Adjectives/96. wet/MVI_9517.MOV,data/processed/landmarks/include_video/WET/9a3aa51c34d1.npz,68,25.0,2.72,1.0,1.0,,
10976d00d504,WET,include_video,video,,include_video:clip:10976d00d504,data/raw/include_video/Adjectives/96. wet/MVI_9518.MOV,data/processed/landmarks/include_video/WET/10976d00d504.npz,62,25.0,2.48,1.0,1.0,,
51257709079d,WET,include_video,video,,include_video:clip:51257709079d,data/raw/include_video/Adjectives/96. wet/MVI_9520.MOV,data/processed/landmarks/include_video/WET/51257709079d.npz,66,25.0,2.64,1.0,1.0,,
db1a10144e49,WHITE,include_video,video,,include_video:clip:db1a10144e49,data/raw/include_video/Colours/55. White/MVI_3743.MOV,data/processed/landmarks/include_video/WHITE/db1a10144e49.npz,51,25.0,2.04,1.0,1.0,,
40ab14139771,WHITE,include_video,video,,include_video:clip:40ab14139771,data/raw/include_video/Colours/55. White/MVI_3744.MOV,data/processed/landmarks/include_video/WHITE/40ab14139771.npz,45,25.0,1.8,1.0,1.0,,
ce3b15fa9910,WHITE,include_video,video,,include_video:clip:ce3b15fa9910,data/raw/include_video/Colours/55. White/MVI_3745.MOV,data/processed/landmarks/include_video/WHITE/ce3b15fa9910.npz,45,25.0,1.8,1.0,1.0,,
e6e9ca1e09ad,WHITE,include_video,video,,include_video:clip:e6e9ca1e09ad,data/raw/include_video/Colours/55. White/MVI_3890.MOV,data/processed/landmarks/include_video/WHITE/e6e9ca1e09ad.npz,80,25.0,3.2,1.0,1.0,,
24d8cc135bb9,WHITE,include_video,video,,include_video:clip:24d8cc135bb9,data/raw/include_video/Colours/55. White/MVI_3891.MOV,data/processed/landmarks/include_video/WHITE/24d8cc135bb9.npz,85,25.0,3.4,1.0,1.0,,
213852fd7449,WHITE,include_video,video,,include_video:clip:213852fd7449,data/raw/include_video/Colours/55. White/MVI_3892.MOV,data/processed/landmarks/include_video/WHITE/213852fd7449.npz,69,25.0,2.76,1.0,1.0,,
03e17f925796,WHITE,include_video,video,,include_video:clip:03e17f925796,data/raw/include_video/Colours/55. White/MVI_4042.MOV,data/processed/landmarks/include_video/WHITE/03e17f925796.npz,57,25.0,2.28,1.0,1.0,,
78b6d4bde169,WHITE,include_video,video,,include_video:clip:78b6d4bde169,data/raw/include_video/Colours/55. White/MVI_4043.MOV,data/processed/landmarks/include_video/WHITE/78b6d4bde169.npz,57,25.0,2.28,1.0,1.0,,
20e1107d3a5f,WHITE,include_video,video,,include_video:clip:20e1107d3a5f,data/raw/include_video/Colours/55. White/MVI_4044.MOV,data/processed/landmarks/include_video/WHITE/20e1107d3a5f.npz,55,25.0,2.2,1.0,1.0,,
662b6fd4a700,WHITE,include_video,video,,include_video:clip:662b6fd4a700,data/raw/include_video/Colours/55. White/MVI_4216.MOV,data/processed/landmarks/include_video/WHITE/662b6fd4a700.npz,43,25.0,1.72,1.0,1.0,,
7ac128e99da9,WHITE,include_video,video,,include_video:clip:7ac128e99da9,data/raw/include_video/Colours/55. White/MVI_4921.MOV,data/processed/landmarks/include_video/WHITE/7ac128e99da9.npz,49,25.0,1.96,1.0,1.0,,
d434ab5b07fb,WHITE,include_video,video,,include_video:clip:d434ab5b07fb,data/raw/include_video/Colours/55. White/MVI_4922.MOV,data/processed/landmarks/include_video/WHITE/d434ab5b07fb.npz,52,25.0,2.08,1.0,1.0,,
f8011ef9741d,WHITE,include_video,video,,include_video:clip:f8011ef9741d,data/raw/include_video/Colours/55. White/MVI_4923.MOV,data/processed/landmarks/include_video/WHITE/f8011ef9741d.npz,43,25.0,1.72,1.0,1.0,,
9b2fae45506d,WHITE,include_video,video,,include_video:clip:9b2fae45506d,data/raw/include_video/Colours/55. White/MVI_5061.MOV,data/processed/landmarks/include_video/WHITE/9b2fae45506d.npz,44,25.0,1.76,0.9773,1.0,,
8dbffb37266f,WHITE,include_video,video,,include_video:clip:8dbffb37266f,data/raw/include_video/Colours/55. White/MVI_5062.MOV,data/processed/landmarks/include_video/WHITE/8dbffb37266f.npz,47,25.0,1.88,0.5532,1.0,,
a2e55aca2071,WHITE,include_video,video,,include_video:clip:a2e55aca2071,data/raw/include_video/Colours/55. White/MVI_5063.MOV,data/processed/landmarks/include_video/WHITE/a2e55aca2071.npz,51,25.0,2.04,0.6078,1.0,,
664e154b2637,WHITE,include_video,video,,include_video:clip:664e154b2637,data/raw/include_video/Colours/55. White/MVI_5209.MOV,data/processed/landmarks/include_video/WHITE/664e154b2637.npz,48,25.0,1.92,1.0,1.0,,
2ec33e77ca0c,WHITE,include_video,video,,include_video:clip:2ec33e77ca0c,data/raw/include_video/Colours/55. White/MVI_5210.MOV,data/processed/landmarks/include_video/WHITE/2ec33e77ca0c.npz,61,25.0,2.44,1.0,1.0,,
a1752115116c,WHITE,include_video,video,,include_video:clip:a1752115116c,data/raw/include_video/Colours/55. White/MVI_5211.MOV,data/processed/landmarks/include_video/WHITE/a1752115116c.npz,56,25.0,2.24,1.0,1.0,,
5fbda6dc8a1a,WHITE,include_video,video,,include_video:clip:5fbda6dc8a1a,data/raw/include_video/Colours/55. White/MVI_8620.MP4,data/processed/landmarks/include_video/WHITE/5fbda6dc8a1a.npz,61,25.0,2.44,0.7049,1.0,,
da7de281de20,WIDE,include_video,video,,include_video:clip:da7de281de20,data/raw/include_video/Adjectives/81. wide/MVI_5117.MOV,data/processed/landmarks/include_video/WIDE/da7de281de20.npz,61,25.0,2.44,0.8689,1.0,,
cd978ee6331f,WIDE,include_video,video,,include_video:clip:cd978ee6331f,data/raw/include_video/Adjectives/81. wide/MVI_5118.MOV,data/processed/landmarks/include_video/WIDE/cd978ee6331f.npz,48,25.0,1.92,0.8542,1.0,,
6ed61607a80a,WIDE,include_video,video,,include_video:clip:6ed61607a80a,data/raw/include_video/Adjectives/81. wide/MVI_5119.MOV,data/processed/landmarks/include_video/WIDE/6ed61607a80a.npz,68,25.0,2.72,0.8529,1.0,,
1a78b15c2d4e,WIDE,include_video,video,,include_video:clip:1a78b15c2d4e,data/raw/include_video/Adjectives/81. wide/MVI_5197.MOV,data/processed/landmarks/include_video/WIDE/1a78b15c2d4e.npz,70,25.0,2.8,0.7857,1.0,,
1fec574d6bab,WIDE,include_video,video,,include_video:clip:1fec574d6bab,data/raw/include_video/Adjectives/81. wide/MVI_5198.MOV,data/processed/landmarks/include_video/WIDE/1fec574d6bab.npz,70,25.0,2.8,0.8429,1.0,,
124146e1adc3,WIDE,include_video,video,,include_video:clip:124146e1adc3,data/raw/include_video/Adjectives/81. wide/MVI_5199.MOV,data/processed/landmarks/include_video/WIDE/124146e1adc3.npz,71,25.0,2.84,0.8028,1.0,,
a410e098cc77,WIDE,include_video,video,,include_video:clip:a410e098cc77,data/raw/include_video/Adjectives/81. wide/MVI_5277.MOV,data/processed/landmarks/include_video/WIDE/a410e098cc77.npz,57,25.0,2.28,0.7719,1.0,,
65fbb950ef49,WIDE,include_video,video,,include_video:clip:65fbb950ef49,data/raw/include_video/Adjectives/81. wide/MVI_5278.MOV,data/processed/landmarks/include_video/WIDE/65fbb950ef49.npz,65,25.0,2.6,0.8462,1.0,,
08cf8402f656,WIDE,include_video,video,,include_video:clip:08cf8402f656,data/raw/include_video/Adjectives/81. wide/MVI_5279.MOV,data/processed/landmarks/include_video/WIDE/08cf8402f656.npz,60,25.0,2.4,0.8167,1.0,,
61c433b4a0ff,WIDE,include_video,video,,include_video:clip:61c433b4a0ff,data/raw/include_video/Adjectives/81. wide/MVI_9227.MOV,data/processed/landmarks/include_video/WIDE/61c433b4a0ff.npz,39,25.0,1.56,0.6667,1.0,,
2c74fcc00369,WIDE,include_video,video,,include_video:clip:2c74fcc00369,data/raw/include_video/Adjectives/81. wide/MVI_9228.MOV,data/processed/landmarks/include_video/WIDE/2c74fcc00369.npz,49,25.0,1.96,0.7551,1.0,,
021fdf3ee02a,WIDE,include_video,video,,include_video:clip:021fdf3ee02a,data/raw/include_video/Adjectives/81. wide/MVI_9229.MOV,data/processed/landmarks/include_video/WIDE/021fdf3ee02a.npz,46,25.0,1.84,0.6304,1.0,,
8beaff75122b,WIDE,include_video,video,,include_video:clip:8beaff75122b,data/raw/include_video/Adjectives/81. wide/MVI_9310.MOV,data/processed/landmarks/include_video/WIDE/8beaff75122b.npz,51,25.0,2.04,0.549,1.0,,
f7c94303dcf5,WIDE,include_video,video,,include_video:clip:f7c94303dcf5,data/raw/include_video/Adjectives/81. wide/MVI_9311.MOV,data/processed/landmarks/include_video/WIDE/f7c94303dcf5.npz,55,25.0,2.2,0.5455,1.0,,
577ceec39bad,WIDE,include_video,video,,include_video:clip:577ceec39bad,data/raw/include_video/Adjectives/81. wide/MVI_9312.MOV,data/processed/landmarks/include_video/WIDE/577ceec39bad.npz,53,25.0,2.12,0.5472,1.0,,
038713ae3728,WIDE,include_video,video,,include_video:clip:038713ae3728,data/raw/include_video/Adjectives/81. wide/MVI_9388.MOV,data/processed/landmarks/include_video/WIDE/038713ae3728.npz,51,25.0,2.04,0.6667,1.0,,
31740d52ade5,WIDE,include_video,video,,include_video:clip:31740d52ade5,data/raw/include_video/Adjectives/81. wide/MVI_9389.MOV,data/processed/landmarks/include_video/WIDE/31740d52ade5.npz,60,25.0,2.4,0.7167,1.0,,
2097ce507fb0,WIDE,include_video,video,,include_video:clip:2097ce507fb0,data/raw/include_video/Adjectives/81. wide/MVI_9390.MOV,data/processed/landmarks/include_video/WIDE/2097ce507fb0.npz,59,25.0,2.36,0.7119,1.0,,
b8cfbd75b9e8,WIDE,include_video,video,,include_video:clip:b8cfbd75b9e8,data/raw/include_video/Adjectives/81. wide/MVI_9467.MOV,data/processed/landmarks/include_video/WIDE/b8cfbd75b9e8.npz,61,25.0,2.44,1.0,1.0,,
c00010f0aeed,WIDE,include_video,video,,include_video:clip:c00010f0aeed,data/raw/include_video/Adjectives/81. wide/MVI_9468.MOV,data/processed/landmarks/include_video/WIDE/c00010f0aeed.npz,53,25.0,2.12,0.9245,1.0,,
f9944f624a10,WIDE,include_video,video,,include_video:clip:f9944f624a10,data/raw/include_video/Adjectives/81. wide/MVI_9469.MOV,data/processed/landmarks/include_video/WIDE/f9944f624a10.npz,55,25.0,2.2,0.9273,1.0,,
614a01d936b4,WINDOW,include_video,video,,include_video:clip:614a01d936b4,data/raw/include_video/Home/28. Window/MVI_4362.MOV,data/processed/landmarks/include_video/WINDOW/614a01d936b4.npz,84,25.0,3.36,0.7738,1.0,,
2f77d8cf86b1,WINDOW,include_video,video,,include_video:clip:2f77d8cf86b1,data/raw/include_video/Home/28. Window/MVI_4363.MOV,data/processed/landmarks/include_video/WINDOW/2f77d8cf86b1.npz,70,25.0,2.8,0.7429,1.0,,
031639acdfcf,WINDOW,include_video,video,,include_video:clip:031639acdfcf,data/raw/include_video/Home/28. Window/MVI_4364.MOV,data/processed/landmarks/include_video/WINDOW/031639acdfcf.npz,87,25.0,3.48,0.7701,1.0,,
0580349435cc,WINDOW,include_video,video,,include_video:clip:0580349435cc,data/raw/include_video/Home/28. Window/MVI_4365.MOV,data/processed/landmarks/include_video/WINDOW/0580349435cc.npz,81,25.0,3.24,0.7778,1.0,,
eacd0a53dc7c,WINDOW,include_video,video,,include_video:clip:eacd0a53dc7c,data/raw/include_video/Home/28. Window/MVI_4881.MOV,data/processed/landmarks/include_video/WINDOW/eacd0a53dc7c.npz,72,25.0,2.88,0.7083,1.0,,
5051fce8d2a9,WINDOW,include_video,video,,include_video:clip:5051fce8d2a9,data/raw/include_video/Home/28. Window/MVI_4882.MOV,data/processed/landmarks/include_video/WINDOW/5051fce8d2a9.npz,67,25.0,2.68,0.7612,1.0,,
6400e1281936,WINDOW,include_video,video,,include_video:clip:6400e1281936,data/raw/include_video/Home/28. Window/MVI_4883.MOV,data/processed/landmarks/include_video/WINDOW/6400e1281936.npz,66,25.0,2.64,0.7727,1.0,,
c5bb5112b74b,WINDOW,include_video,video,,include_video:clip:c5bb5112b74b,data/raw/include_video/Home/28. Window/MVI_8766.MP4,data/processed/landmarks/include_video/WINDOW/c5bb5112b74b.npz,100,25.0,4.0,0.73,1.0,,
13b68c5b513b,WINDOW,include_video,video,,include_video:clip:13b68c5b513b,data/raw/include_video/Home/28. Window/MVI_8767.MP4,data/processed/landmarks/include_video/WINDOW/13b68c5b513b.npz,99,25.0,3.96,0.697,1.0,,
51ffcfc54df5,WINDOW,include_video,video,,include_video:clip:51ffcfc54df5,data/raw/include_video/Home/28. Window/MVI_8768.MP4,data/processed/landmarks/include_video/WINDOW/51ffcfc54df5.npz,104,25.0,4.16,0.6058,1.0,,
2f9e62dcdbf2,WINDOW,include_video,video,,include_video:clip:2f9e62dcdbf2,data/raw/include_video/Home/28. Window/MVI_8769.MP4,data/processed/landmarks/include_video/WINDOW/2f9e62dcdbf2.npz,101,25.0,4.04,0.7426,1.0,,
f02bcd22ca2b,WINDOW,include_video,video,,include_video:clip:f02bcd22ca2b,data/raw/include_video/Home/28. Window/MVI_9013.MP4,data/processed/landmarks/include_video/WINDOW/f02bcd22ca2b.npz,72,25.0,2.88,0.6667,1.0,,
642ec9dec95e,WINDOW,include_video,video,,include_video:clip:642ec9dec95e,data/raw/include_video/Home/28. Window/MVI_9014.MP4,data/processed/landmarks/include_video/WINDOW/642ec9dec95e.npz,80,25.0,3.2,0.8125,1.0,,
2fdd7d864284,WINDOW,include_video,video,,include_video:clip:2fdd7d864284,data/raw/include_video/Home/28. Window/MVI_9015.MP4,data/processed/landmarks/include_video/WINDOW/2fdd7d864284.npz,85,25.0,3.4,0.7529,1.0,,
87ce11e5c2cb,YEAR,include_video,video,,include_video:clip:87ce11e5c2cb,data/raw/include_video/Days_and_Time/78. Year/MVI_4635.MOV,data/processed/landmarks/include_video/YEAR/87ce11e5c2cb.npz,56,25.0,2.24,0.7857,1.0,,
f00dd8de0743,YEAR,include_video,video,,include_video:clip:f00dd8de0743,data/raw/include_video/Days_and_Time/78. Year/MVI_4636.MOV,data/processed/landmarks/include_video/YEAR/f00dd8de0743.npz,53,25.0,2.12,0.7925,1.0,,
a072075a3108,YEAR,include_video,video,,include_video:clip:a072075a3108,data/raw/include_video/Days_and_Time/78. Year/MVI_4637.MOV,data/processed/landmarks/include_video/YEAR/a072075a3108.npz,50,25.0,2.0,0.78,0.98,,
72e3b65ab265,YEAR,include_video,video,,include_video:clip:72e3b65ab265,data/raw/include_video/Days_and_Time/78. Year/MVI_4638.MOV,data/processed/landmarks/include_video/YEAR/72e3b65ab265.npz,51,25.0,2.04,0.8235,1.0,,
d16cce707ef0,YEAR,include_video,video,,include_video:clip:d16cce707ef0,data/raw/include_video/Days_and_Time/78. Year/MVI_5047.MOV,data/processed/landmarks/include_video/YEAR/d16cce707ef0.npz,46,25.0,1.84,0.7174,1.0,,
87453596712f,YEAR,include_video,video,,include_video:clip:87453596712f,data/raw/include_video/Days_and_Time/78. Year/MVI_5048.MOV,data/processed/landmarks/include_video/YEAR/87453596712f.npz,37,25.0,1.48,0.7027,1.0,,
4e943e002fd0,YEAR,include_video,video,,include_video:clip:4e943e002fd0,data/raw/include_video/Days_and_Time/78. Year/MVI_5049.MOV,data/processed/landmarks/include_video/YEAR/4e943e002fd0.npz,51,25.0,2.04,0.7451,1.0,,
07eab94022b7,YEAR,include_video,video,,include_video:clip:07eab94022b7,data/raw/include_video/Days_and_Time/78. Year/MVI_5491.MOV,data/processed/landmarks/include_video/YEAR/07eab94022b7.npz,46,25.0,1.84,0.913,1.0,,
12e8433297e2,YEAR,include_video,video,,include_video:clip:12e8433297e2,data/raw/include_video/Days_and_Time/78. Year/MVI_5492.MOV,data/processed/landmarks/include_video/YEAR/12e8433297e2.npz,43,25.0,1.72,0.8837,1.0,,
7eacbca42f94,YEAR,include_video,video,,include_video:clip:7eacbca42f94,data/raw/include_video/Days_and_Time/78. Year/MVI_5493.MOV,data/processed/landmarks/include_video/YEAR/7eacbca42f94.npz,39,25.0,1.56,0.7949,1.0,,
6e4b1ed92f0f,YEAR,include_video,video,,include_video:clip:6e4b1ed92f0f,data/raw/include_video/Days_and_Time/78. Year/MVI_5494.MOV,data/processed/landmarks/include_video/YEAR/6e4b1ed92f0f.npz,46,25.0,1.84,0.8478,1.0,,
10e9df76d96d,YEAR,include_video,video,,include_video:clip:10e9df76d96d,data/raw/include_video/Days_and_Time/78. Year/MVI_9175.MP4,data/processed/landmarks/include_video/YEAR/10e9df76d96d.npz,60,25.0,2.4,0.7833,1.0,,
b05e96447794,YEAR,include_video,video,,include_video:clip:b05e96447794,data/raw/include_video/Days_and_Time/78. Year/MVI_9176.MP4,data/processed/landmarks/include_video/YEAR/b05e96447794.npz,61,25.0,2.44,0.8033,1.0,,
89c2dec4a6f0,YEAR,include_video,video,,include_video:clip:89c2dec4a6f0,data/raw/include_video/Days_and_Time/78. Year/MVI_9177.MP4,data/processed/landmarks/include_video/YEAR/89c2dec4a6f0.npz,57,25.0,2.28,0.807,1.0,,
cfdbba37771e,YEAR,include_video,video,,include_video:clip:cfdbba37771e,data/raw/include_video/Days_and_Time/78. Year/MVI_9178.MP4,data/processed/landmarks/include_video/YEAR/cfdbba37771e.npz,69,25.0,2.76,0.7971,1.0,,
860dbc214910,YELLOW,include_video,video,,include_video:clip:860dbc214910,data/raw/include_video/Colours/50. Yellow/MVI_3728.MOV,data/processed/landmarks/include_video/YELLOW/860dbc214910.npz,54,25.0,2.16,1.0,1.0,,
d8489cd1255e,YELLOW,include_video,video,,include_video:clip:d8489cd1255e,data/raw/include_video/Colours/50. Yellow/MVI_3729.MOV,data/processed/landmarks/include_video/YELLOW/d8489cd1255e.npz,65,25.0,2.6,1.0,1.0,,
9ac39f5971f7,YELLOW,include_video,video,,include_video:clip:9ac39f5971f7,data/raw/include_video/Colours/50. Yellow/MVI_3730.MOV,data/processed/landmarks/include_video/YELLOW/9ac39f5971f7.npz,48,25.0,1.92,1.0,1.0,,
b78a91d67b46,YELLOW,include_video,video,,include_video:clip:b78a91d67b46,data/raw/include_video/Colours/50. Yellow/MVI_3875.MOV,data/processed/landmarks/include_video/YELLOW/b78a91d67b46.npz,79,25.0,3.16,1.0,1.0,,
33f3e5608929,YELLOW,include_video,video,,include_video:clip:33f3e5608929,data/raw/include_video/Colours/50. Yellow/MVI_3876.MOV,data/processed/landmarks/include_video/YELLOW/33f3e5608929.npz,82,25.0,3.28,1.0,1.0,,
4db68bd9a6e4,YELLOW,include_video,video,,include_video:clip:4db68bd9a6e4,data/raw/include_video/Colours/50. Yellow/MVI_3877.MOV,data/processed/landmarks/include_video/YELLOW/4db68bd9a6e4.npz,83,25.0,3.32,1.0,1.0,,
b2ef414be3fe,YELLOW,include_video,video,,include_video:clip:b2ef414be3fe,data/raw/include_video/Colours/50. Yellow/MVI_4027.MOV,data/processed/landmarks/include_video/YELLOW/b2ef414be3fe.npz,59,25.0,2.36,1.0,1.0,,
8e831335c32c,YELLOW,include_video,video,,include_video:clip:8e831335c32c,data/raw/include_video/Colours/50. Yellow/MVI_4028.MOV,data/processed/landmarks/include_video/YELLOW/8e831335c32c.npz,62,25.0,2.48,1.0,1.0,,
a295aa5bc2cd,YELLOW,include_video,video,,include_video:clip:a295aa5bc2cd,data/raw/include_video/Colours/50. Yellow/MVI_4029.MOV,data/processed/landmarks/include_video/YELLOW/a295aa5bc2cd.npz,67,25.0,2.68,1.0,1.0,,
3cfd07617628,YELLOW,include_video,video,,include_video:clip:3cfd07617628,data/raw/include_video/Colours/50. Yellow/MVI_4211.MOV,data/processed/landmarks/include_video/YELLOW/3cfd07617628.npz,65,25.0,2.6,1.0,1.0,,
c982ab64bec2,YELLOW,include_video,video,,include_video:clip:c982ab64bec2,data/raw/include_video/Colours/50. Yellow/MVI_4906.MOV,data/processed/landmarks/include_video/YELLOW/c982ab64bec2.npz,45,25.0,1.8,1.0,1.0,,
931c3036e8be,YELLOW,include_video,video,,include_video:clip:931c3036e8be,data/raw/include_video/Colours/50. Yellow/MVI_4907.MOV,data/processed/landmarks/include_video/YELLOW/931c3036e8be.npz,65,25.0,2.6,1.0,1.0,,
03fd158258a7,YELLOW,include_video,video,,include_video:clip:03fd158258a7,data/raw/include_video/Colours/50. Yellow/MVI_4908.MOV,data/processed/landmarks/include_video/YELLOW/03fd158258a7.npz,50,25.0,2.0,1.0,1.0,,
86f3d132c732,YELLOW,include_video,video,,include_video:clip:86f3d132c732,data/raw/include_video/Colours/50. Yellow/MVI_5046.MOV,data/processed/landmarks/include_video/YELLOW/86f3d132c732.npz,52,25.0,2.08,0.9808,1.0,,
9ee2810e5952,YELLOW,include_video,video,,include_video:clip:9ee2810e5952,data/raw/include_video/Colours/50. Yellow/MVI_5047.MOV,data/processed/landmarks/include_video/YELLOW/9ee2810e5952.npz,53,25.0,2.12,0.5094,1.0,,
00a18ce8be82,YELLOW,include_video,video,,include_video:clip:00a18ce8be82,data/raw/include_video/Colours/50. Yellow/MVI_5048.MOV,data/processed/landmarks/include_video/YELLOW/00a18ce8be82.npz,44,25.0,1.76,0.5682,1.0,,
1100e6a6964d,YELLOW,include_video,video,,include_video:clip:1100e6a6964d,data/raw/include_video/Colours/50. Yellow/MVI_5193.MOV,data/processed/landmarks/include_video/YELLOW/1100e6a6964d.npz,51,25.0,2.04,1.0,1.0,,
725814f6c71b,YELLOW,include_video,video,,include_video:clip:725814f6c71b,data/raw/include_video/Colours/50. Yellow/MVI_5194.MOV,data/processed/landmarks/include_video/YELLOW/725814f6c71b.npz,45,25.0,1.8,1.0,1.0,,
11c9db937129,YELLOW,include_video,video,,include_video:clip:11c9db937129,data/raw/include_video/Colours/50. Yellow/MVI_5195.MOV,data/processed/landmarks/include_video/YELLOW/11c9db937129.npz,43,25.0,1.72,1.0,1.0,,
87176c574f21,YELLOW,include_video,video,,include_video:clip:87176c574f21,data/raw/include_video/Colours/50. Yellow/MVI_8615.MP4,data/processed/landmarks/include_video/YELLOW/87176c574f21.npz,64,25.0,2.56,0.875,1.0,,
8b605378d4dc,YESTERDAY,include_video,video,,include_video:clip:8b605378d4dc,data/raw/include_video/Days_and_Time/75. Yesterday/MVI_4623.MOV,data/processed/landmarks/include_video/YESTERDAY/8b605378d4dc.npz,50,25.0,2.0,0.48,1.0,low_hand_detection,
58b8b6573b25,YESTERDAY,include_video,video,,include_video:clip:58b8b6573b25,data/raw/include_video/Days_and_Time/75. Yesterday/MVI_4624.MOV,data/processed/landmarks/include_video/YESTERDAY/58b8b6573b25.npz,47,25.0,1.88,0.5957,1.0,,
7fa691633c80,YESTERDAY,include_video,video,,include_video:clip:7fa691633c80,data/raw/include_video/Days_and_Time/75. Yesterday/MVI_4625.MOV,data/processed/landmarks/include_video/YESTERDAY/7fa691633c80.npz,51,25.0,2.04,0.6667,0.9804,,
ebde5404994e,YESTERDAY,include_video,video,,include_video:clip:ebde5404994e,data/raw/include_video/Days_and_Time/75. Yesterday/MVI_4626.MOV,data/processed/landmarks/include_video/YESTERDAY/ebde5404994e.npz,45,25.0,1.8,0.5778,1.0,,
22d4f62b27c3,YESTERDAY,include_video,video,,include_video:clip:22d4f62b27c3,data/raw/include_video/Days_and_Time/75. Yesterday/MVI_5037.MOV,data/processed/landmarks/include_video/YESTERDAY/22d4f62b27c3.npz,51,25.0,2.04,0.6863,1.0,,
495aac5ab737,YESTERDAY,include_video,video,,include_video:clip:495aac5ab737,data/raw/include_video/Days_and_Time/75. Yesterday/MVI_5038.MOV,data/processed/landmarks/include_video/YESTERDAY/495aac5ab737.npz,51,25.0,2.04,0.6471,1.0,,
1ef244d9c8c0,YESTERDAY,include_video,video,,include_video:clip:1ef244d9c8c0,data/raw/include_video/Days_and_Time/75. Yesterday/MVI_5040.MOV,data/processed/landmarks/include_video/YESTERDAY/1ef244d9c8c0.npz,46,25.0,1.84,0.6522,1.0,,
d3f355dce51e,YESTERDAY,include_video,video,,include_video:clip:d3f355dce51e,data/raw/include_video/Days_and_Time/75. Yesterday/MVI_5478.MOV,data/processed/landmarks/include_video/YESTERDAY/d3f355dce51e.npz,40,25.0,1.6,1.0,1.0,,
411d1b200a3e,YESTERDAY,include_video,video,,include_video:clip:411d1b200a3e,data/raw/include_video/Days_and_Time/75. Yesterday/MVI_5479.MOV,data/processed/landmarks/include_video/YESTERDAY/411d1b200a3e.npz,43,25.0,1.72,1.0,1.0,,
3edd599bd81f,YESTERDAY,include_video,video,,include_video:clip:3edd599bd81f,data/raw/include_video/Days_and_Time/75. Yesterday/MVI_5480.MOV,data/processed/landmarks/include_video/YESTERDAY/3edd599bd81f.npz,42,25.0,1.68,1.0,1.0,,
861bc8b89cfd,YESTERDAY,include_video,video,,include_video:clip:861bc8b89cfd,data/raw/include_video/Days_and_Time/75. Yesterday/MVI_5481.MOV,data/processed/landmarks/include_video/YESTERDAY/861bc8b89cfd.npz,44,25.0,1.76,1.0,1.0,,
a8e83a5aa9e1,YESTERDAY,include_video,video,,include_video:clip:a8e83a5aa9e1,data/raw/include_video/Days_and_Time/75. Yesterday/MVI_9166.MP4,data/processed/landmarks/include_video/YESTERDAY/a8e83a5aa9e1.npz,60,25.0,2.4,1.0,1.0,,
13d584617ff9,YESTERDAY,include_video,video,,include_video:clip:13d584617ff9,data/raw/include_video/Days_and_Time/75. Yesterday/MVI_9167.MP4,data/processed/landmarks/include_video/YESTERDAY/13d584617ff9.npz,68,25.0,2.72,1.0,1.0,,
85ceb3d132cd,YESTERDAY,include_video,video,,include_video:clip:85ceb3d132cd,data/raw/include_video/Days_and_Time/75. Yesterday/MVI_9168.MP4,data/processed/landmarks/include_video/YESTERDAY/85ceb3d132cd.npz,70,25.0,2.8,1.0,1.0,,
a9e5d1f81696,YOUNG,include_video,video,,include_video:clip:a9e5d1f81696,data/raw/include_video/Adjectives/93. young/MVI_5155.MOV,data/processed/landmarks/include_video/YOUNG/a9e5d1f81696.npz,66,25.0,2.64,1.0,1.0,,
c2833e9d989e,YOUNG,include_video,video,,include_video:clip:c2833e9d989e,data/raw/include_video/Adjectives/93. young/MVI_5156.MOV,data/processed/landmarks/include_video/YOUNG/c2833e9d989e.npz,67,25.0,2.68,1.0,1.0,,
e382a2915480,YOUNG,include_video,video,,include_video:clip:e382a2915480,data/raw/include_video/Adjectives/93. young/MVI_5157.MOV,data/processed/landmarks/include_video/YOUNG/e382a2915480.npz,76,25.0,3.04,1.0,1.0,,
78930fc94840,YOUNG,include_video,video,,include_video:clip:78930fc94840,data/raw/include_video/Adjectives/93. young/MVI_5235.MOV,data/processed/landmarks/include_video/YOUNG/78930fc94840.npz,60,25.0,2.4,1.0,1.0,,
001b9aca74b9,YOUNG,include_video,video,,include_video:clip:001b9aca74b9,data/raw/include_video/Adjectives/93. young/MVI_5236.MOV,data/processed/landmarks/include_video/YOUNG/001b9aca74b9.npz,65,25.0,2.6,1.0,1.0,,
3b9bde05ffba,YOUNG,include_video,video,,include_video:clip:3b9bde05ffba,data/raw/include_video/Adjectives/93. young/MVI_5237.MOV,data/processed/landmarks/include_video/YOUNG/3b9bde05ffba.npz,67,25.0,2.68,1.0,1.0,,
efdc3dc40d25,YOUNG,include_video,video,,include_video:clip:efdc3dc40d25,data/raw/include_video/Adjectives/93. young/MVI_5313.MOV,data/processed/landmarks/include_video/YOUNG/efdc3dc40d25.npz,45,25.0,1.8,1.0,1.0,,
8d933b80523d,YOUNG,include_video,video,,include_video:clip:8d933b80523d,data/raw/include_video/Adjectives/93. young/MVI_5314.MOV,data/processed/landmarks/include_video/YOUNG/8d933b80523d.npz,52,25.0,2.08,1.0,1.0,,
cb447eb82cfb,YOUNG,include_video,video,,include_video:clip:cb447eb82cfb,data/raw/include_video/Adjectives/93. young/MVI_5315.MOV,data/processed/landmarks/include_video/YOUNG/cb447eb82cfb.npz,47,25.0,1.88,1.0,1.0,,
e05137614832,YOUNG,include_video,video,,include_video:clip:e05137614832,data/raw/include_video/Adjectives/93. young/MVI_9265.MOV,data/processed/landmarks/include_video/YOUNG/e05137614832.npz,42,25.0,1.68,1.0,1.0,,
a5cef83feb6f,YOUNG,include_video,video,,include_video:clip:a5cef83feb6f,data/raw/include_video/Adjectives/93. young/MVI_9266.MOV,data/processed/landmarks/include_video/YOUNG/a5cef83feb6f.npz,51,25.0,2.04,1.0,1.0,,
41ba0d0f1636,YOUNG,include_video,video,,include_video:clip:41ba0d0f1636,data/raw/include_video/Adjectives/93. young/MVI_9267.MOV,data/processed/landmarks/include_video/YOUNG/41ba0d0f1636.npz,55,25.0,2.2,1.0,1.0,,
783853ba5e16,YOUNG,include_video,video,,include_video:clip:783853ba5e16,data/raw/include_video/Adjectives/93. young/MVI_9346.MOV,data/processed/landmarks/include_video/YOUNG/783853ba5e16.npz,44,25.0,1.76,0.4318,1.0,low_hand_detection,
bf0d4a4dfe2a,YOUNG,include_video,video,,include_video:clip:bf0d4a4dfe2a,data/raw/include_video/Adjectives/93. young/MVI_9347.MOV,data/processed/landmarks/include_video/YOUNG/bf0d4a4dfe2a.npz,47,25.0,1.88,0.4468,1.0,low_hand_detection,
b95ad7cf3cc1,YOUNG,include_video,video,,include_video:clip:b95ad7cf3cc1,data/raw/include_video/Adjectives/93. young/MVI_9348.MOV,data/processed/landmarks/include_video/YOUNG/b95ad7cf3cc1.npz,46,25.0,1.84,0.4565,1.0,low_hand_detection,
e5c74644a9be,YOUNG,include_video,video,,include_video:clip:e5c74644a9be,data/raw/include_video/Adjectives/93. young/MVI_9427.MOV,data/processed/landmarks/include_video/YOUNG/e5c74644a9be.npz,45,25.0,1.8,1.0,1.0,,
9ec9d472b5a2,YOUNG,include_video,video,,include_video:clip:9ec9d472b5a2,data/raw/include_video/Adjectives/93. young/MVI_9428.MOV,data/processed/landmarks/include_video/YOUNG/9ec9d472b5a2.npz,48,25.0,1.92,1.0,1.0,,
f4350f84ef23,YOUNG,include_video,video,,include_video:clip:f4350f84ef23,data/raw/include_video/Adjectives/93. young/MVI_9429.MOV,data/processed/landmarks/include_video/YOUNG/f4350f84ef23.npz,43,25.0,1.72,1.0,1.0,,
3d0a31a17ca7,YOUNG,include_video,video,,include_video:clip:3d0a31a17ca7,data/raw/include_video/Adjectives/93. young/MVI_9507.MOV,data/processed/landmarks/include_video/YOUNG/3d0a31a17ca7.npz,58,25.0,2.32,1.0,1.0,,
da70d4ce1381,YOUNG,include_video,video,,include_video:clip:da70d4ce1381,data/raw/include_video/Adjectives/93. young/MVI_9508.MOV,data/processed/landmarks/include_video/YOUNG/da70d4ce1381.npz,55,25.0,2.2,1.0,1.0,,
38dfe03a756f,YOUNG,include_video,video,,include_video:clip:38dfe03a756f,data/raw/include_video/Adjectives/93. young/MVI_9509.MOV,data/processed/landmarks/include_video/YOUNG/38dfe03a756f.npz,51,25.0,2.04,1.0,1.0,,
