sample_id,label,source,kind,signer_id,group_id,raw_path,landmarks_path,num_frames,fps,duration_s,any_hand_rate,pose_rate,quality_flag,split
d49e7eefe4ab,ARE_YOU_FREE_TODAY,islsentences,video,,islsentences:clip:d49e7eefe4ab,C:\ISL\Videos_Sentence_Level\are you free today\are you free today (2).mp4,data/processed/landmarks/islsentences/ARE_YOU_FREE_TODAY/d49e7eefe4ab.npz,25,25.0,1.0,1.0,1.0,,train
6d00ec2e1383,ARE_YOU_FREE_TODAY,islsentences,video,,islsentences:clip:6d00ec2e1383,C:\ISL\Videos_Sentence_Level\are you free today\are you free today.mp4,data/processed/landmarks/islsentences/ARE_YOU_FREE_TODAY/6d00ec2e1383.npz,50,25.0,2.0,0.92,1.0,,train
152dbc39769b,ARE_YOU_FREE_TODAY,islsentences,video,,islsentences:clip:152dbc39769b,C:\ISL\Videos_Sentence_Level\are you free today\free (2).MP4,data/processed/landmarks/islsentences/ARE_YOU_FREE_TODAY/152dbc39769b.npz,78,25.0,3.12,0.5897,1.0,,train
58f2d866e394,ARE_YOU_FREE_TODAY,islsentences,video,,islsentences:clip:58f2d866e394,C:\ISL\Videos_Sentence_Level\are you free today\free (3).MP4,data/processed/landmarks/islsentences/ARE_YOU_FREE_TODAY/58f2d866e394.npz,98,25.0,3.92,0.7959,1.0,,train
2f55bb51da71,ARE_YOU_FREE_TODAY,islsentences,video,,islsentences:clip:2f55bb51da71,C:\ISL\Videos_Sentence_Level\are you free today\free.MP4,data/processed/landmarks/islsentences/ARE_YOU_FREE_TODAY/2f55bb51da71.npz,101,25.0,4.04,0.6832,1.0,,train
ed720325450d,ARE_YOU_HIDING_SOMETHING,islsentences,video,,islsentences:clip:ed720325450d,C:\ISL\Videos_Sentence_Level\are you hiding something\MVI_6209.MP4,data/processed/landmarks/islsentences/ARE_YOU_HIDING_SOMETHING/ed720325450d.npz,95,25.0,3.8,0.9158,1.0,,train
7c01c9b82922,ARE_YOU_HIDING_SOMETHING,islsentences,video,,islsentences:clip:7c01c9b82922,C:\ISL\Videos_Sentence_Level\are you hiding something\MVI_6507.MP4,data/processed/landmarks/islsentences/ARE_YOU_HIDING_SOMETHING/7c01c9b82922.npz,83,25.0,3.32,0.5904,1.0,,train
630accc3a2f4,ARE_YOU_HIDING_SOMETHING,islsentences,video,,islsentences:clip:630accc3a2f4,C:\ISL\Videos_Sentence_Level\are you hiding something\MVI_6817.MP4,data/processed/landmarks/islsentences/ARE_YOU_HIDING_SOMETHING/630accc3a2f4.npz,101,25.0,4.04,0.5941,1.0,,train
2c5876732488,ARE_YOU_HIDING_SOMETHING,islsentences,video,,islsentences:clip:2c5876732488,C:\ISL\Videos_Sentence_Level\are you hiding something\are you hiding something (2).mp4,data/processed/landmarks/islsentences/ARE_YOU_HIDING_SOMETHING/2c5876732488.npz,50,25.0,2.0,0.92,1.0,,train
8f037414de33,ARE_YOU_HIDING_SOMETHING,islsentences,video,,islsentences:clip:8f037414de33,C:\ISL\Videos_Sentence_Level\are you hiding something\are you hiding something.mp4,data/processed/landmarks/islsentences/ARE_YOU_HIDING_SOMETHING/8f037414de33.npz,50,25.0,2.0,0.8,1.0,,train
6d8931930f53,BRING_WATER_FOR_ME,islsentences,video,,islsentences:clip:6d8931930f53,C:\ISL\Videos_Sentence_Level\bring water for me\bring water for me (3).MP4,data/processed/landmarks/islsentences/BRING_WATER_FOR_ME/6d8931930f53.npz,91,25.0,3.64,0.6484,1.0,,train
3329438dd807,BRING_WATER_FOR_ME,islsentences,video,,islsentences:clip:3329438dd807,C:\ISL\Videos_Sentence_Level\bring water for me\bring water for me (5).MP4,data/processed/landmarks/islsentences/BRING_WATER_FOR_ME/3329438dd807.npz,98,25.0,3.92,0.7245,1.0,,train
f847c6eace50,BRING_WATER_FOR_ME,islsentences,video,,islsentences:clip:f847c6eace50,C:\ISL\Videos_Sentence_Level\bring water for me\bring water for me (6).mp4,data/processed/landmarks/islsentences/BRING_WATER_FOR_ME/f847c6eace50.npz,50,25.0,2.0,1.0,1.0,,train
0e02b4a7e8d7,BRING_WATER_FOR_ME,islsentences,video,,islsentences:clip:0e02b4a7e8d7,C:\ISL\Videos_Sentence_Level\bring water for me\bring water for me (8).MP4,data/processed/landmarks/islsentences/BRING_WATER_FOR_ME/0e02b4a7e8d7.npz,97,25.0,3.88,0.8763,1.0,,train
e8bfb701cb81,CAN_I_HELP_YOU,islsentences,video,,islsentences:clip:e8bfb701cb81,C:\ISL\Videos_Sentence_Level\can i help you\can i help you (2).mp4,data/processed/landmarks/islsentences/CAN_I_HELP_YOU/e8bfb701cb81.npz,50,25.0,2.0,0.96,1.0,,train
d09bace94773,CAN_I_HELP_YOU,islsentences,video,,islsentences:clip:d09bace94773,C:\ISL\Videos_Sentence_Level\can i help you\can i help you.mp4,data/processed/landmarks/islsentences/CAN_I_HELP_YOU/d09bace94773.npz,75,25.0,3.0,0.9067,1.0,,train
1fc9133dd02b,CAN_I_HELP_YOU,islsentences,video,,islsentences:clip:1fc9133dd02b,C:\ISL\Videos_Sentence_Level\can i help you\help (2).MP4,data/processed/landmarks/islsentences/CAN_I_HELP_YOU/1fc9133dd02b.npz,76,25.0,3.04,0.6316,1.0,,train
9d27e2af91e5,CAN_I_HELP_YOU,islsentences,video,,islsentences:clip:9d27e2af91e5,C:\ISL\Videos_Sentence_Level\can i help you\help (3).MP4,data/processed/landmarks/islsentences/CAN_I_HELP_YOU/9d27e2af91e5.npz,105,25.0,4.2,0.781,1.0,,train
f543fb8edf1a,CAN_I_HELP_YOU,islsentences,video,,islsentences:clip:f543fb8edf1a,C:\ISL\Videos_Sentence_Level\can i help you\help (5).MP4,data/processed/landmarks/islsentences/CAN_I_HELP_YOU/f543fb8edf1a.npz,99,25.0,3.96,0.8182,1.0,,train
5f52f7806fb7,CAN_I_HELP_YOU,islsentences,video,,islsentences:clip:5f52f7806fb7,C:\ISL\Videos_Sentence_Level\can i help you\help.MP4,data/processed/landmarks/islsentences/CAN_I_HELP_YOU/5f52f7806fb7.npz,110,25.0,4.4,0.6455,1.0,,train
a0b213a0f8d7,CAN_YOU_REPEAT_THAT_PLEASE,islsentences,video,,islsentences:clip:a0b213a0f8d7,C:\ISL\Videos_Sentence_Level\can you repeat that please\can you repeat that please (1).MP4,data/processed/landmarks/islsentences/CAN_YOU_REPEAT_THAT_PLEASE/a0b213a0f8d7.npz,110,25.0,4.4,0.8545,1.0,,train
cd47a86e9862,CAN_YOU_REPEAT_THAT_PLEASE,islsentences,video,,islsentences:clip:cd47a86e9862,C:\ISL\Videos_Sentence_Level\can you repeat that please\can you repeat that please (5).MP4,data/processed/landmarks/islsentences/CAN_YOU_REPEAT_THAT_PLEASE/cd47a86e9862.npz,100,25.0,4.0,0.66,1.0,,train
475e407dd4fe,CAN_YOU_REPEAT_THAT_PLEASE,islsentences,video,,islsentences:clip:475e407dd4fe,C:\ISL\Videos_Sentence_Level\can you repeat that please\can you repeat that please (6).MP4,data/processed/landmarks/islsentences/CAN_YOU_REPEAT_THAT_PLEASE/475e407dd4fe.npz,101,25.0,4.04,0.6535,1.0,,train
bb1debd4cb3e,CAN_YOU_REPEAT_THAT_PLEASE,islsentences,video,,islsentences:clip:bb1debd4cb3e,C:\ISL\Videos_Sentence_Level\can you repeat that please\can you repeat that please (7).mp4,data/processed/landmarks/islsentences/CAN_YOU_REPEAT_THAT_PLEASE/bb1debd4cb3e.npz,25,25.0,1.0,1.0,1.0,,train
8e01d3488994,COMB_YOUR_HAIR,islsentences,video,,islsentences:clip:8e01d3488994,C:\ISL\Videos_Sentence_Level\comb your hair\comb (2).MP4,data/processed/landmarks/islsentences/COMB_YOUR_HAIR/8e01d3488994.npz,91,25.0,3.64,0.7473,1.0,,train
ba64c2dec397,COMB_YOUR_HAIR,islsentences,video,,islsentences:clip:ba64c2dec397,C:\ISL\Videos_Sentence_Level\comb your hair\comb (3).MP4,data/processed/landmarks/islsentences/COMB_YOUR_HAIR/ba64c2dec397.npz,140,25.0,5.6,0.7214,1.0,,train
d5f7677b2c7f,COMB_YOUR_HAIR,islsentences,video,,islsentences:clip:d5f7677b2c7f,C:\ISL\Videos_Sentence_Level\comb your hair\comb (4).MP4,data/processed/landmarks/islsentences/COMB_YOUR_HAIR/d5f7677b2c7f.npz,98,25.0,3.92,0.7551,1.0,,train
809e62a52f64,COMB_YOUR_HAIR,islsentences,video,,islsentences:clip:809e62a52f64,C:\ISL\Videos_Sentence_Level\comb your hair\comb (5).MP4,data/processed/landmarks/islsentences/COMB_YOUR_HAIR/809e62a52f64.npz,98,25.0,3.92,0.9286,1.0,,train
c8e9a119b514,COMB_YOUR_HAIR,islsentences,video,,islsentences:clip:c8e9a119b514,C:\ISL\Videos_Sentence_Level\comb your hair\comb your hair.mp4,data/processed/landmarks/islsentences/COMB_YOUR_HAIR/c8e9a119b514.npz,75,25.0,3.0,0.9467,1.0,,train
73f3ff4925c5,CONGRATULATIONS,islsentences,video,,islsentences:clip:73f3ff4925c5,C:\ISL\Videos_Sentence_Level\congratulations\congratulations (2).mp4,data/processed/landmarks/islsentences/CONGRATULATIONS/73f3ff4925c5.npz,50,25.0,2.0,1.0,1.0,,train
e3175c8848a6,CONGRATULATIONS,islsentences,video,,islsentences:clip:e3175c8848a6,C:\ISL\Videos_Sentence_Level\congratulations\congratulations (7).MP4,data/processed/landmarks/islsentences/CONGRATULATIONS/e3175c8848a6.npz,54,25.0,2.16,0.5185,1.0,,train
34625e95a188,CONGRATULATIONS,islsentences,video,,islsentences:clip:34625e95a188,C:\ISL\Videos_Sentence_Level\congratulations\congratulations.mp4,data/processed/landmarks/islsentences/CONGRATULATIONS/34625e95a188.npz,50,25.0,2.0,1.0,1.0,,train
bea481cfa6f1,COULD_YOU_PLEASE_TALK_SLOWER,islsentences,video,,islsentences:clip:bea481cfa6f1,C:\ISL\Videos_Sentence_Level\could you please talk slower\could you please talk slower (1).mp4,data/processed/landmarks/islsentences/COULD_YOU_PLEASE_TALK_SLOWER/bea481cfa6f1.npz,50,25.0,2.0,0.98,1.0,,train
76d17c824fe6,COULD_YOU_PLEASE_TALK_SLOWER,islsentences,video,,islsentences:clip:76d17c824fe6,C:\ISL\Videos_Sentence_Level\could you please talk slower\could you please talk slower (2).mp4,data/processed/landmarks/islsentences/COULD_YOU_PLEASE_TALK_SLOWER/76d17c824fe6.npz,75,25.0,3.0,1.0,1.0,,train
c745c1fcd874,COULD_YOU_PLEASE_TALK_SLOWER,islsentences,video,,islsentences:clip:c745c1fcd874,C:\ISL\Videos_Sentence_Level\could you please talk slower\could you please talk slower (3).MP4,data/processed/landmarks/islsentences/COULD_YOU_PLEASE_TALK_SLOWER/c745c1fcd874.npz,141,25.0,5.64,0.8298,1.0,,train
9427470eb994,COULD_YOU_PLEASE_TALK_SLOWER,islsentences,video,,islsentences:clip:9427470eb994,C:\ISL\Videos_Sentence_Level\could you please talk slower\could you please talk slower (4).MP4,data/processed/landmarks/islsentences/COULD_YOU_PLEASE_TALK_SLOWER/9427470eb994.npz,119,25.0,4.76,0.7731,1.0,,train
bb3e7c162a8a,COULD_YOU_PLEASE_TALK_SLOWER,islsentences,video,,islsentences:clip:bb3e7c162a8a,C:\ISL\Videos_Sentence_Level\could you please talk slower\could you please talk slower (6).MP4,data/processed/landmarks/islsentences/COULD_YOU_PLEASE_TALK_SLOWER/bb3e7c162a8a.npz,120,25.0,4.8,0.8,1.0,,train
63181c309ba6,COULD_YOU_PLEASE_TALK_SLOWER,islsentences,video,,islsentences:clip:63181c309ba6,C:\ISL\Videos_Sentence_Level\could you please talk slower\could you please talk slower (7).MP4,data/processed/landmarks/islsentences/COULD_YOU_PLEASE_TALK_SLOWER/63181c309ba6.npz,115,25.0,4.6,0.8,1.0,,train
a7aed71ac5a4,DO_ME_A_FAVOUR,islsentences,video,,islsentences:clip:a7aed71ac5a4,C:\ISL\Videos_Sentence_Level\do me a favour\do me a favour.mp4,data/processed/landmarks/islsentences/DO_ME_A_FAVOUR/a7aed71ac5a4.npz,50,25.0,2.0,0.98,1.0,,train
1cda8aecb657,DO_ME_A_FAVOUR,islsentences,video,,islsentences:clip:1cda8aecb657,C:\ISL\Videos_Sentence_Level\do me a favour\favour (3).MP4,data/processed/landmarks/islsentences/DO_ME_A_FAVOUR/1cda8aecb657.npz,110,25.0,4.4,0.6636,1.0,,train
1b8f26201082,DO_ME_A_FAVOUR,islsentences,video,,islsentences:clip:1b8f26201082,C:\ISL\Videos_Sentence_Level\do me a favour\favour (4).MP4,data/processed/landmarks/islsentences/DO_ME_A_FAVOUR/1b8f26201082.npz,87,25.0,3.48,0.7586,1.0,,train
cbfafbdc7535,DO_ME_A_FAVOUR,islsentences,video,,islsentences:clip:cbfafbdc7535,C:\ISL\Videos_Sentence_Level\do me a favour\favour (5).MP4,data/processed/landmarks/islsentences/DO_ME_A_FAVOUR/cbfafbdc7535.npz,98,25.0,3.92,0.6633,1.0,,train
923ff36d929b,DO_NOT_ABUSE_HIM,islsentences,video,,islsentences:clip:923ff36d929b,C:\ISL\Videos_Sentence_Level\do not abuse him\abuse (2).MP4,data/processed/landmarks/islsentences/DO_NOT_ABUSE_HIM/923ff36d929b.npz,182,25.0,7.28,0.6648,1.0,,train
04ba3eb523e9,DO_NOT_ABUSE_HIM,islsentences,video,,islsentences:clip:04ba3eb523e9,C:\ISL\Videos_Sentence_Level\do not abuse him\abuse (4).MP4,data/processed/landmarks/islsentences/DO_NOT_ABUSE_HIM/04ba3eb523e9.npz,146,25.0,5.84,0.9658,1.0,,train
ede7af0c4c03,DO_NOT_ABUSE_HIM,islsentences,video,,islsentences:clip:ede7af0c4c03,C:\ISL\Videos_Sentence_Level\do not abuse him\abuse.MP4,data/processed/landmarks/islsentences/DO_NOT_ABUSE_HIM/ede7af0c4c03.npz,140,25.0,5.6,0.6857,1.0,,train
5b184cc46df4,DO_NOT_ABUSE_HIM,islsentences,video,,islsentences:clip:5b184cc46df4,C:\ISL\Videos_Sentence_Level\do not abuse him\do not abuse him (2).mp4,data/processed/landmarks/islsentences/DO_NOT_ABUSE_HIM/5b184cc46df4.npz,50,25.0,2.0,0.94,1.0,,train
df7c8b1d8942,DO_NOT_BE_STUBBORN,islsentences,video,,islsentences:clip:df7c8b1d8942,C:\ISL\Videos_Sentence_Level\do not be stubborn\do not be stubborn (2).mp4,data/processed/landmarks/islsentences/DO_NOT_BE_STUBBORN/df7c8b1d8942.npz,75,25.0,3.0,0.9067,1.0,,train
520f57ee0455,DO_NOT_BE_STUBBORN,islsentences,video,,islsentences:clip:520f57ee0455,C:\ISL\Videos_Sentence_Level\do not be stubborn\stubborn (2).MP4,data/processed/landmarks/islsentences/DO_NOT_BE_STUBBORN/520f57ee0455.npz,130,25.0,5.2,0.7,1.0,,train
62a929c95084,DO_NOT_BE_STUBBORN,islsentences,video,,islsentences:clip:62a929c95084,C:\ISL\Videos_Sentence_Level\do not be stubborn\stubborn (3).MP4,data/processed/landmarks/islsentences/DO_NOT_BE_STUBBORN/62a929c95084.npz,158,25.0,6.32,0.8165,1.0,,train
fd8b9be4fc6a,DO_NOT_BE_STUBBORN,islsentences,video,,islsentences:clip:fd8b9be4fc6a,C:\ISL\Videos_Sentence_Level\do not be stubborn\stubborn (4).MP4,data/processed/landmarks/islsentences/DO_NOT_BE_STUBBORN/fd8b9be4fc6a.npz,122,25.0,4.88,0.7131,1.0,,train
70ea11305dbc,DO_NOT_HURT_ME,islsentences,video,,islsentences:clip:70ea11305dbc,C:\ISL\Videos_Sentence_Level\do not hurt me\do not hurt me.mp4,data/processed/landmarks/islsentences/DO_NOT_HURT_ME/70ea11305dbc.npz,75,25.0,3.0,1.0,1.0,,train
05260e47dec2,DO_NOT_HURT_ME,islsentences,video,,islsentences:clip:05260e47dec2,C:\ISL\Videos_Sentence_Level\do not hurt me\hurt me (2).MP4,data/processed/landmarks/islsentences/DO_NOT_HURT_ME/05260e47dec2.npz,107,25.0,4.28,0.7009,1.0,,train
356959b6d76b,DO_NOT_HURT_ME,islsentences,video,,islsentences:clip:356959b6d76b,C:\ISL\Videos_Sentence_Level\do not hurt me\hurt me (3).MP4,data/processed/landmarks/islsentences/DO_NOT_HURT_ME/356959b6d76b.npz,84,25.0,3.36,0.7738,1.0,,train
54bfa339bac0,DO_NOT_HURT_ME,islsentences,video,,islsentences:clip:54bfa339bac0,C:\ISL\Videos_Sentence_Level\do not hurt me\hurt me (4).MP4,data/processed/landmarks/islsentences/DO_NOT_HURT_ME/54bfa339bac0.npz,127,25.0,5.08,0.9764,1.0,,train
acc13deeb453,DO_NOT_HURT_ME,islsentences,video,,islsentences:clip:acc13deeb453,C:\ISL\Videos_Sentence_Level\do not hurt me\hurt.MP4,data/processed/landmarks/islsentences/DO_NOT_HURT_ME/acc13deeb453.npz,89,25.0,3.56,0.573,1.0,,train
ccdf2b32ce9c,DO_NOT_MAKE_ME_ANGRY,islsentences,video,,islsentences:clip:ccdf2b32ce9c,C:\ISL\Videos_Sentence_Level\do not make me angry\do not make me angry (2).mp4,data/processed/landmarks/islsentences/DO_NOT_MAKE_ME_ANGRY/ccdf2b32ce9c.npz,50,25.0,2.0,0.98,1.0,,train
04aa2a691173,DO_NOT_MAKE_ME_ANGRY,islsentences,video,,islsentences:clip:04aa2a691173,C:\ISL\Videos_Sentence_Level\do not make me angry\me angry (2).MP4,data/processed/landmarks/islsentences/DO_NOT_MAKE_ME_ANGRY/04aa2a691173.npz,97,25.0,3.88,0.6598,1.0,,train
36d6029bb624,DO_NOT_MAKE_ME_ANGRY,islsentences,video,,islsentences:clip:36d6029bb624,C:\ISL\Videos_Sentence_Level\do not make me angry\me angry (3).MP4,data/processed/landmarks/islsentences/DO_NOT_MAKE_ME_ANGRY/36d6029bb624.npz,108,25.0,4.32,0.6759,1.0,,train
f9ccf2aeb465,DO_NOT_MAKE_ME_ANGRY,islsentences,video,,islsentences:clip:f9ccf2aeb465,C:\ISL\Videos_Sentence_Level\do not make me angry\me angry (5).MP4,data/processed/landmarks/islsentences/DO_NOT_MAKE_ME_ANGRY/f9ccf2aeb465.npz,91,25.0,3.64,0.967,1.0,,train
a2c69e16dde1,DO_NOT_MAKE_ME_ANGRY,islsentences,video,,islsentences:clip:a2c69e16dde1,C:\ISL\Videos_Sentence_Level\do not make me angry\me angry.MP4,data/processed/landmarks/islsentences/DO_NOT_MAKE_ME_ANGRY/a2c69e16dde1.npz,100,25.0,4.0,0.59,1.0,,train
45fbe1190e63,DO_NOT_TAKE_IT_TO_THE_HEART,islsentences,video,,islsentences:clip:45fbe1190e63,C:\ISL\Videos_Sentence_Level\do not take it to the heart\do not take it to the heart (2).mp4,data/processed/landmarks/islsentences/DO_NOT_TAKE_IT_TO_THE_HEART/45fbe1190e63.npz,50,25.0,2.0,0.94,1.0,,train
df382e08149c,DO_NOT_TAKE_IT_TO_THE_HEART,islsentences,video,,islsentences:clip:df382e08149c,C:\ISL\Videos_Sentence_Level\do not take it to the heart\heart (2).MP4,data/processed/landmarks/islsentences/DO_NOT_TAKE_IT_TO_THE_HEART/df382e08149c.npz,120,25.0,4.8,0.625,1.0,,train
9b17ee02be72,DO_NOT_TAKE_IT_TO_THE_HEART,islsentences,video,,islsentences:clip:9b17ee02be72,C:\ISL\Videos_Sentence_Level\do not take it to the heart\heart (3).MP4,data/processed/landmarks/islsentences/DO_NOT_TAKE_IT_TO_THE_HEART/9b17ee02be72.npz,122,25.0,4.88,0.7131,1.0,,train
873ce26af441,DO_NOT_TAKE_IT_TO_THE_HEART,islsentences,video,,islsentences:clip:873ce26af441,C:\ISL\Videos_Sentence_Level\do not take it to the heart\heart (5).MP4,data/processed/landmarks/islsentences/DO_NOT_TAKE_IT_TO_THE_HEART/873ce26af441.npz,109,25.0,4.36,0.8991,1.0,,train
426a014fe3d4,DO_NOT_TAKE_IT_TO_THE_HEART,islsentences,video,,islsentences:clip:426a014fe3d4,C:\ISL\Videos_Sentence_Level\do not take it to the heart\heart.MP4,data/processed/landmarks/islsentences/DO_NOT_TAKE_IT_TO_THE_HEART/426a014fe3d4.npz,119,25.0,4.76,0.6134,1.0,,train
92ae547a2ca2,DO_NOT_WORRY,islsentences,video,,islsentences:clip:92ae547a2ca2,C:\ISL\Videos_Sentence_Level\do not worry\MVI_6633.MP4,data/processed/landmarks/islsentences/DO_NOT_WORRY/92ae547a2ca2.npz,105,25.0,4.2,0.7905,1.0,,train
93adbe2cf688,DO_NOT_WORRY,islsentences,video,,islsentences:clip:93adbe2cf688,C:\ISL\Videos_Sentence_Level\do not worry\do not worry (2).mp4,data/processed/landmarks/islsentences/DO_NOT_WORRY/93adbe2cf688.npz,75,25.0,3.0,1.0,1.0,,train
8bc1f2a8fa58,DO_NOT_WORRY,islsentences,video,,islsentences:clip:8bc1f2a8fa58,C:\ISL\Videos_Sentence_Level\do not worry\do not worry.mp4,data/processed/landmarks/islsentences/DO_NOT_WORRY/8bc1f2a8fa58.npz,75,25.0,3.0,1.0,1.0,,train
9cbacc4ced96,DO_NOT_WORRY,islsentences,video,,islsentences:clip:9cbacc4ced96,C:\ISL\Videos_Sentence_Level\do not worry\worry (4).MP4,data/processed/landmarks/islsentences/DO_NOT_WORRY/9cbacc4ced96.npz,104,25.0,4.16,1.0,1.0,,train
e38bded48fe4,DO_NOT_WORRY,islsentences,video,,islsentences:clip:e38bded48fe4,C:\ISL\Videos_Sentence_Level\do not worry\worry.MP4,data/processed/landmarks/islsentences/DO_NOT_WORRY/e38bded48fe4.npz,97,25.0,3.88,0.5361,1.0,,train
3de30ba3097a,DO_YOU_NEED_SOMETHING,islsentences,video,,islsentences:clip:3de30ba3097a,C:\ISL\Videos_Sentence_Level\do you need something\do you need something (2).mp4,data/processed/landmarks/islsentences/DO_YOU_NEED_SOMETHING/3de30ba3097a.npz,50,25.0,2.0,0.96,1.0,,train
dc6dfaf8afc0,DO_YOU_NEED_SOMETHING,islsentences,video,,islsentences:clip:dc6dfaf8afc0,C:\ISL\Videos_Sentence_Level\do you need something\do you need something.mp4,data/processed/landmarks/islsentences/DO_YOU_NEED_SOMETHING/dc6dfaf8afc0.npz,50,25.0,2.0,0.56,1.0,,train
a8c8b9aee6c1,DO_YOU_NEED_SOMETHING,islsentences,video,,islsentences:clip:a8c8b9aee6c1,C:\ISL\Videos_Sentence_Level\do you need something\need something (2).MP4,data/processed/landmarks/islsentences/DO_YOU_NEED_SOMETHING/a8c8b9aee6c1.npz,144,25.0,5.76,0.9236,1.0,,train
5df64bb756ca,DO_YOU_NEED_SOMETHING,islsentences,video,,islsentences:clip:5df64bb756ca,C:\ISL\Videos_Sentence_Level\do you need something\need something.MP4,data/processed/landmarks/islsentences/DO_YOU_NEED_SOMETHING/5df64bb756ca.npz,157,25.0,6.28,0.7389,1.0,,train
1484f7a2a718,DO_YOU_NEED_SOMETHING,islsentences,video,,islsentences:clip:1484f7a2a718,C:\ISL\Videos_Sentence_Level\do you need something\something (3).MP4,data/processed/landmarks/islsentences/DO_YOU_NEED_SOMETHING/1484f7a2a718.npz,140,25.0,5.6,0.9357,1.0,,train
455f06ca4708,GO_AND_SLEEP,islsentences,video,,islsentences:clip:455f06ca4708,C:\ISL\Videos_Sentence_Level\go and sleep\sleep (2).MP4,data/processed/landmarks/islsentences/GO_AND_SLEEP/455f06ca4708.npz,143,25.0,5.72,0.7622,1.0,,train
c4455bb2d218,GO_AND_SLEEP,islsentences,video,,islsentences:clip:c4455bb2d218,C:\ISL\Videos_Sentence_Level\go and sleep\sleep (3).MP4,data/processed/landmarks/islsentences/GO_AND_SLEEP/c4455bb2d218.npz,67,25.0,2.68,0.6418,1.0,,train
4e2d014ab45a,GO_AND_SLEEP,islsentences,video,,islsentences:clip:4e2d014ab45a,C:\ISL\Videos_Sentence_Level\go and sleep\sleep (4).MP4,data/processed/landmarks/islsentences/GO_AND_SLEEP/4e2d014ab45a.npz,89,25.0,3.56,0.5843,1.0,,train
b0e068088589,GO_AND_SLEEP,islsentences,video,,islsentences:clip:b0e068088589,C:\ISL\Videos_Sentence_Level\go and sleep\sleep (6).MP4,data/processed/landmarks/islsentences/GO_AND_SLEEP/b0e068088589.npz,89,25.0,3.56,0.8202,1.0,,train
e1b05be15c66,HAD_YOUR_FOOD,islsentences,video,,islsentences:clip:e1b05be15c66,C:\ISL\Videos_Sentence_Level\had your food\food (3).MP4,data/processed/landmarks/islsentences/HAD_YOUR_FOOD/e1b05be15c66.npz,87,25.0,3.48,0.7701,1.0,,train
cd551de96e8b,HAD_YOUR_FOOD,islsentences,video,,islsentences:clip:cd551de96e8b,C:\ISL\Videos_Sentence_Level\had your food\food.MP4,data/processed/landmarks/islsentences/HAD_YOUR_FOOD/cd551de96e8b.npz,91,25.0,3.64,0.6264,1.0,,train
30afaea438e3,HAD_YOUR_FOOD,islsentences,video,,islsentences:clip:30afaea438e3,C:\ISL\Videos_Sentence_Level\had your food\had your food (2).mp4,data/processed/landmarks/islsentences/HAD_YOUR_FOOD/30afaea438e3.npz,50,25.0,2.0,1.0,1.0,,train
b8eed77a43e5,HAD_YOUR_FOOD,islsentences,video,,islsentences:clip:b8eed77a43e5,C:\ISL\Videos_Sentence_Level\had your food\had your food.mp4,data/processed/landmarks/islsentences/HAD_YOUR_FOOD/b8eed77a43e5.npz,50,25.0,2.0,1.0,1.0,,train
bc471b4105f5,HELP_ME,islsentences,video,,islsentences:clip:bc471b4105f5,C:\ISL\Videos_Sentence_Level\help me\help me (4).MP4,data/processed/landmarks/islsentences/HELP_ME/bc471b4105f5.npz,76,25.0,3.04,0.9737,1.0,,train
87fd2a2a80c4,HELP_ME,islsentences,video,,islsentences:clip:87fd2a2a80c4,C:\ISL\Videos_Sentence_Level\help me\help me (5).MP4,data/processed/landmarks/islsentences/HELP_ME/87fd2a2a80c4.npz,71,25.0,2.84,0.9437,1.0,,train
a675c395b141,HELP_ME,islsentences,video,,islsentences:clip:a675c395b141,C:\ISL\Videos_Sentence_Level\help me\help me (6).mp4,data/processed/landmarks/islsentences/HELP_ME/a675c395b141.npz,25,25.0,1.0,0.8,1.0,,train
acf2cfbc5366,HELP_ME,islsentences,video,,islsentences:clip:acf2cfbc5366,C:\ISL\Videos_Sentence_Level\help me\help me (8).MP4,data/processed/landmarks/islsentences/HELP_ME/acf2cfbc5366.npz,98,25.0,3.92,0.8776,1.0,,train
9ebeed0e7d2e,HE_CAME_BY_TRAIN,islsentences,video,,islsentences:clip:9ebeed0e7d2e,C:\ISL\Videos_Sentence_Level\he came by train\train (2).MP4,data/processed/landmarks/islsentences/HE_CAME_BY_TRAIN/9ebeed0e7d2e.npz,99,25.0,3.96,0.6162,1.0,,train
3b096328dfa3,HE_CAME_BY_TRAIN,islsentences,video,,islsentences:clip:3b096328dfa3,C:\ISL\Videos_Sentence_Level\he came by train\train (3).MP4,data/processed/landmarks/islsentences/HE_CAME_BY_TRAIN/3b096328dfa3.npz,116,25.0,4.64,0.5776,1.0,,train
26a6b64bff09,HE_CAME_BY_TRAIN,islsentences,video,,islsentences:clip:26a6b64bff09,C:\ISL\Videos_Sentence_Level\he came by train\train (4).MP4,data/processed/landmarks/islsentences/HE_CAME_BY_TRAIN/26a6b64bff09.npz,106,25.0,4.24,0.7547,1.0,,train
c2742220e38d,HE_CAME_BY_TRAIN,islsentences,video,,islsentences:clip:c2742220e38d,C:\ISL\Videos_Sentence_Level\he came by train\train.MP4,data/processed/landmarks/islsentences/HE_CAME_BY_TRAIN/c2742220e38d.npz,112,25.0,4.48,0.6071,1.0,,train
b4ff1589f579,HE_IS_GOING_INTO_THE_ROOM,islsentences,video,,islsentences:clip:b4ff1589f579,C:\ISL\Videos_Sentence_Level\He is going into the room\MVI_6503.MP4,data/processed/landmarks/islsentences/HE_IS_GOING_INTO_THE_ROOM/b4ff1589f579.npz,130,25.0,5.2,0.7077,1.0,,train
337fc04ea8fb,HE_IS_GOING_INTO_THE_ROOM,islsentences,video,,islsentences:clip:337fc04ea8fb,C:\ISL\Videos_Sentence_Level\He is going into the room\he is going into the room (2).mp4,data/processed/landmarks/islsentences/HE_IS_GOING_INTO_THE_ROOM/337fc04ea8fb.npz,100,25.0,4.0,0.98,1.0,,train
f623021906b2,HE_IS_GOING_INTO_THE_ROOM,islsentences,video,,islsentences:clip:f623021906b2,C:\ISL\Videos_Sentence_Level\He is going into the room\he is going into the room.mp4,data/processed/landmarks/islsentences/HE_IS_GOING_INTO_THE_ROOM/f623021906b2.npz,75,25.0,3.0,0.7867,1.0,,train
0f84b68ed57b,HE_IS_GOING_INTO_THE_ROOM,islsentences,video,,islsentences:clip:0f84b68ed57b,C:\ISL\Videos_Sentence_Level\He is going into the room\room (2).MP4,data/processed/landmarks/islsentences/HE_IS_GOING_INTO_THE_ROOM/0f84b68ed57b.npz,146,25.0,5.84,0.6781,1.0,,train
bee1d8379460,HE_IS_GOING_INTO_THE_ROOM,islsentences,video,,islsentences:clip:bee1d8379460,C:\ISL\Videos_Sentence_Level\He is going into the room\room (3).MP4,data/processed/landmarks/islsentences/HE_IS_GOING_INTO_THE_ROOM/bee1d8379460.npz,114,25.0,4.56,0.9561,1.0,,train
de698cf3dfc7,HE_IS_ON_THE_WAY,islsentences,video,,islsentences:clip:de698cf3dfc7,C:\ISL\Videos_Sentence_Level\he is on the way\he is on the way (2).mp4,data/processed/landmarks/islsentences/HE_IS_ON_THE_WAY/de698cf3dfc7.npz,25,25.0,1.0,0.88,1.0,,train
c8d745a53e25,HE_IS_ON_THE_WAY,islsentences,video,,islsentences:clip:c8d745a53e25,C:\ISL\Videos_Sentence_Level\he is on the way\way (3).MP4,data/processed/landmarks/islsentences/HE_IS_ON_THE_WAY/c8d745a53e25.npz,118,25.0,4.72,0.6102,1.0,,train
399e48ae3795,HE_IS_ON_THE_WAY,islsentences,video,,islsentences:clip:399e48ae3795,C:\ISL\Videos_Sentence_Level\he is on the way\way (4).MP4,data/processed/landmarks/islsentences/HE_IS_ON_THE_WAY/399e48ae3795.npz,91,25.0,3.64,1.0,1.0,,train
8a7820fc2081,HE_IS_ON_THE_WAY,islsentences,video,,islsentences:clip:8a7820fc2081,C:\ISL\Videos_Sentence_Level\he is on the way\way.MP4,data/processed/landmarks/islsentences/HE_IS_ON_THE_WAY/8a7820fc2081.npz,86,25.0,3.44,0.6395,1.0,,train
163abfe918d6,HE_SHE_IS_MY_FRIEND,islsentences,video,,islsentences:clip:163abfe918d6,C:\ISL\Videos_Sentence_Level\he she is my friend\friend (2).MP4,data/processed/landmarks/islsentences/HE_SHE_IS_MY_FRIEND/163abfe918d6.npz,83,25.0,3.32,0.5542,1.0,,train
463027bb4eec,HE_SHE_IS_MY_FRIEND,islsentences,video,,islsentences:clip:463027bb4eec,C:\ISL\Videos_Sentence_Level\he she is my friend\friend (4).MP4,data/processed/landmarks/islsentences/HE_SHE_IS_MY_FRIEND/463027bb4eec.npz,94,25.0,3.76,0.8404,1.0,,train
f5574f06876f,HE_SHE_IS_MY_FRIEND,islsentences,video,,islsentences:clip:f5574f06876f,C:\ISL\Videos_Sentence_Level\he she is my friend\friend.MP4,data/processed/landmarks/islsentences/HE_SHE_IS_MY_FRIEND/f5574f06876f.npz,78,25.0,3.12,0.7179,1.0,,train
5621be87133c,HE_SHE_IS_MY_FRIEND,islsentences,video,,islsentences:clip:5621be87133c,C:\ISL\Videos_Sentence_Level\he she is my friend\heshe is my friend.mp4,data/processed/landmarks/islsentences/HE_SHE_IS_MY_FRIEND/5621be87133c.npz,50,25.0,2.0,0.78,1.0,,train
333927531161,HE_WOULD_BE_COMING_TODAY,islsentences,video,,islsentences:clip:333927531161,C:\ISL\Videos_Sentence_Level\he would be coming today\he would be coming today (2).mp4,data/processed/landmarks/islsentences/HE_WOULD_BE_COMING_TODAY/333927531161.npz,75,25.0,3.0,0.9467,1.0,,train
96f3e331c784,HE_WOULD_BE_COMING_TODAY,islsentences,video,,islsentences:clip:96f3e331c784,C:\ISL\Videos_Sentence_Level\he would be coming today\today (3).MP4,data/processed/landmarks/islsentences/HE_WOULD_BE_COMING_TODAY/96f3e331c784.npz,138,25.0,5.52,0.6667,1.0,,train
7541d6a6e84f,HE_WOULD_BE_COMING_TODAY,islsentences,video,,islsentences:clip:7541d6a6e84f,C:\ISL\Videos_Sentence_Level\he would be coming today\today (4).MP4,data/processed/landmarks/islsentences/HE_WOULD_BE_COMING_TODAY/7541d6a6e84f.npz,157,25.0,6.28,0.9108,1.0,,train
57255ad58d96,HE_WOULD_BE_COMING_TODAY,islsentences,video,,islsentences:clip:57255ad58d96,C:\ISL\Videos_Sentence_Level\he would be coming today\today (5).MP4,data/processed/landmarks/islsentences/HE_WOULD_BE_COMING_TODAY/57255ad58d96.npz,132,25.0,5.28,0.9621,1.0,,train
bfbb5f352320,HE_WOULD_BE_COMING_TODAY,islsentences,video,,islsentences:clip:bfbb5f352320,C:\ISL\Videos_Sentence_Level\he would be coming today\today.MP4,data/processed/landmarks/islsentences/HE_WOULD_BE_COMING_TODAY/bfbb5f352320.npz,110,25.0,4.4,0.6455,1.0,,train
b20790e017b3,HI_HOW_ARE_YOU,islsentences,video,,islsentences:clip:b20790e017b3,C:\ISL\Videos_Sentence_Level\hi how are you\hi how are you (1).mp4,data/processed/landmarks/islsentences/HI_HOW_ARE_YOU/b20790e017b3.npz,75,25.0,3.0,0.6,1.0,,train
838c6cfdc9f5,HI_HOW_ARE_YOU,islsentences,video,,islsentences:clip:838c6cfdc9f5,C:\ISL\Videos_Sentence_Level\hi how are you\hi how are you (2).mp4,data/processed/landmarks/islsentences/HI_HOW_ARE_YOU/838c6cfdc9f5.npz,100,25.0,4.0,0.75,1.0,,train
2fff97448a89,HI_HOW_ARE_YOU,islsentences,video,,islsentences:clip:2fff97448a89,C:\ISL\Videos_Sentence_Level\hi how are you\hi how are you (3).MP4,data/processed/landmarks/islsentences/HI_HOW_ARE_YOU/2fff97448a89.npz,112,25.0,4.48,0.5,1.0,,train
23fe58ed9363,HI_HOW_ARE_YOU,islsentences,video,,islsentences:clip:23fe58ed9363,C:\ISL\Videos_Sentence_Level\hi how are you\hi how are you (6).MP4,data/processed/landmarks/islsentences/HI_HOW_ARE_YOU/23fe58ed9363.npz,108,25.0,4.32,0.713,1.0,,train
5e7b4be98b02,HI_HOW_ARE_YOU,islsentences,video,,islsentences:clip:5e7b4be98b02,C:\ISL\Videos_Sentence_Level\hi how are you\hi how are you (7).MP4,data/processed/landmarks/islsentences/HI_HOW_ARE_YOU/5e7b4be98b02.npz,92,25.0,3.68,0.9022,1.0,,train
691826207f55,HOW_ARE_THINGS,islsentences,video,,islsentences:clip:691826207f55,C:\ISL\Videos_Sentence_Level\how are things\how are things.mp4,data/processed/landmarks/islsentences/HOW_ARE_THINGS/691826207f55.npz,100,25.0,4.0,0.96,1.0,,train
dd18ce8a9f4b,HOW_ARE_THINGS,islsentences,video,,islsentences:clip:dd18ce8a9f4b,C:\ISL\Videos_Sentence_Level\how are things\things (2).MP4,data/processed/landmarks/islsentences/HOW_ARE_THINGS/dd18ce8a9f4b.npz,150,25.0,6.0,0.7267,1.0,,train
4feeaa3d8596,HOW_ARE_THINGS,islsentences,video,,islsentences:clip:4feeaa3d8596,C:\ISL\Videos_Sentence_Level\how are things\things (3).MP4,data/processed/landmarks/islsentences/HOW_ARE_THINGS/4feeaa3d8596.npz,165,25.0,6.6,0.8545,1.0,,train
ac21ef1c7055,HOW_ARE_THINGS,islsentences,video,,islsentences:clip:ac21ef1c7055,C:\ISL\Videos_Sentence_Level\how are things\things.MP4,data/processed/landmarks/islsentences/HOW_ARE_THINGS/ac21ef1c7055.npz,190,25.0,7.6,0.6947,1.0,,train
be124100f06f,HOW_CAN_I_HELP_YOU,islsentences,video,,islsentences:clip:be124100f06f,C:\ISL\Videos_Sentence_Level\how can i help you\how can i help you (1).mp4,data/processed/landmarks/islsentences/HOW_CAN_I_HELP_YOU/be124100f06f.npz,25,25.0,1.0,0.8,1.0,,train
9366fcf92629,HOW_CAN_I_HELP_YOU,islsentences,video,,islsentences:clip:9366fcf92629,C:\ISL\Videos_Sentence_Level\how can i help you\how can i help you (2).mp4,data/processed/landmarks/islsentences/HOW_CAN_I_HELP_YOU/9366fcf92629.npz,50,25.0,2.0,0.78,1.0,,train
3a59da8f9639,HOW_CAN_I_HELP_YOU,islsentences,video,,islsentences:clip:3a59da8f9639,C:\ISL\Videos_Sentence_Level\how can i help you\how can i help you (3).MP4,data/processed/landmarks/islsentences/HOW_CAN_I_HELP_YOU/3a59da8f9639.npz,135,25.0,5.4,0.7333,1.0,,train
d707a0d72524,HOW_CAN_I_HELP_YOU,islsentences,video,,islsentences:clip:d707a0d72524,C:\ISL\Videos_Sentence_Level\how can i help you\how can i help you (5).MP4,data/processed/landmarks/islsentences/HOW_CAN_I_HELP_YOU/d707a0d72524.npz,86,25.0,3.44,0.8488,1.0,,train
8d8a0ad2f92e,HOW_CAN_I_HELP_YOU,islsentences,video,,islsentences:clip:8d8a0ad2f92e,C:\ISL\Videos_Sentence_Level\how can i help you\how can i help you (6).MP4,data/processed/landmarks/islsentences/HOW_CAN_I_HELP_YOU/8d8a0ad2f92e.npz,97,25.0,3.88,0.7216,1.0,,train
611675abf1c5,HOW_CAN_I_TRUST_YOU,islsentences,video,,islsentences:clip:611675abf1c5,C:\ISL\Videos_Sentence_Level\how can i trust you\how can i trust you (2).mp4,data/processed/landmarks/islsentences/HOW_CAN_I_TRUST_YOU/611675abf1c5.npz,50,25.0,2.0,0.9,1.0,,train
40bdb6753732,HOW_CAN_I_TRUST_YOU,islsentences,video,,islsentences:clip:40bdb6753732,C:\ISL\Videos_Sentence_Level\how can i trust you\trust (2).MP4,data/processed/landmarks/islsentences/HOW_CAN_I_TRUST_YOU/40bdb6753732.npz,96,25.0,3.84,0.7708,1.0,,train
f901f74aedee,HOW_CAN_I_TRUST_YOU,islsentences,video,,islsentences:clip:f901f74aedee,C:\ISL\Videos_Sentence_Level\how can i trust you\trust (4).MP4,data/processed/landmarks/islsentences/HOW_CAN_I_TRUST_YOU/f901f74aedee.npz,124,25.0,4.96,0.7661,1.0,,train
41b8e884045a,HOW_CAN_I_TRUST_YOU,islsentences,video,,islsentences:clip:41b8e884045a,C:\ISL\Videos_Sentence_Level\how can i trust you\trust (5).MP4,data/processed/landmarks/islsentences/HOW_CAN_I_TRUST_YOU/41b8e884045a.npz,114,25.0,4.56,1.0,1.0,,train
1b54ab026ea7,HOW_CAN_I_TRUST_YOU,islsentences,video,,islsentences:clip:1b54ab026ea7,C:\ISL\Videos_Sentence_Level\how can i trust you\trust.MP4,data/processed/landmarks/islsentences/HOW_CAN_I_TRUST_YOU/1b54ab026ea7.npz,117,25.0,4.68,0.7009,1.0,,train
a3eb7b5cdb0f,HOW_DARE_YOU,islsentences,video,,islsentences:clip:a3eb7b5cdb0f,C:\ISL\Videos_Sentence_Level\how dare you\dare (2).MP4,data/processed/landmarks/islsentences/HOW_DARE_YOU/a3eb7b5cdb0f.npz,77,25.0,3.08,0.6104,1.0,,train
eff1c723ed8d,HOW_DARE_YOU,islsentences,video,,islsentences:clip:eff1c723ed8d,C:\ISL\Videos_Sentence_Level\how dare you\dare (3).MP4,data/processed/landmarks/islsentences/HOW_DARE_YOU/eff1c723ed8d.npz,95,25.0,3.8,0.6947,1.0,,train
658bef643df1,HOW_DARE_YOU,islsentences,video,,islsentences:clip:658bef643df1,C:\ISL\Videos_Sentence_Level\how dare you\dare (4).MP4,data/processed/landmarks/islsentences/HOW_DARE_YOU/658bef643df1.npz,79,25.0,3.16,0.9114,1.0,,train
88735ffbaf7e,HOW_DARE_YOU,islsentences,video,,islsentences:clip:88735ffbaf7e,C:\ISL\Videos_Sentence_Level\how dare you\dare (5).MP4,data/processed/landmarks/islsentences/HOW_DARE_YOU/88735ffbaf7e.npz,90,25.0,3.6,0.8778,1.0,,train
147b33b04d16,HOW_DARE_YOU,islsentences,video,,islsentences:clip:147b33b04d16,C:\ISL\Videos_Sentence_Level\how dare you\dare.MP4,data/processed/landmarks/islsentences/HOW_DARE_YOU/147b33b04d16.npz,93,25.0,3.72,0.5914,1.0,,train
5b2d46195635,HOW_OLD_ARE_YOU,islsentences,video,,islsentences:clip:5b2d46195635,C:\ISL\Videos_Sentence_Level\how old are you\how old are you (2).mp4,data/processed/landmarks/islsentences/HOW_OLD_ARE_YOU/5b2d46195635.npz,50,25.0,2.0,1.0,1.0,,train
1db13663acc3,HOW_OLD_ARE_YOU,islsentences,video,,islsentences:clip:1db13663acc3,C:\ISL\Videos_Sentence_Level\how old are you\how old are you (4).MP4,data/processed/landmarks/islsentences/HOW_OLD_ARE_YOU/1db13663acc3.npz,109,25.0,4.36,0.5321,1.0,,train
40381f2bdc30,HOW_OLD_ARE_YOU,islsentences,video,,islsentences:clip:40381f2bdc30,C:\ISL\Videos_Sentence_Level\how old are you\how old are you (5).MP4,data/processed/landmarks/islsentences/HOW_OLD_ARE_YOU/40381f2bdc30.npz,97,25.0,3.88,1.0,1.0,,train
3d305479e8c7,HOW_OLD_ARE_YOU,islsentences,video,,islsentences:clip:3d305479e8c7,C:\ISL\Videos_Sentence_Level\how old are you\how old are you (6).MP4,data/processed/landmarks/islsentences/HOW_OLD_ARE_YOU/3d305479e8c7.npz,81,25.0,3.24,0.7654,1.0,,train
0d3a2f8c08e6,HOW_OLD_ARE_YOU,islsentences,video,,islsentences:clip:0d3a2f8c08e6,C:\ISL\Videos_Sentence_Level\how old are you\how old are you (7).MP4,data/processed/landmarks/islsentences/HOW_OLD_ARE_YOU/0d3a2f8c08e6.npz,87,25.0,3.48,0.8161,1.0,,train
5f7d4e8ab2b4,IT_DOES_NOT_MAKE_ANY_DIFFERENCE_TO_ME,islsentences,video,,islsentences:clip:5f7d4e8ab2b4,C:\ISL\Videos_Sentence_Level\it does not make any difference to me\difference (2).MP4,data/processed/landmarks/islsentences/IT_DOES_NOT_MAKE_ANY_DIFFERENCE_TO_ME/5f7d4e8ab2b4.npz,155,25.0,6.2,0.9613,1.0,,train
4b879ec842b4,IT_DOES_NOT_MAKE_ANY_DIFFERENCE_TO_ME,islsentences,video,,islsentences:clip:4b879ec842b4,C:\ISL\Videos_Sentence_Level\it does not make any difference to me\difference (4).MP4,data/processed/landmarks/islsentences/IT_DOES_NOT_MAKE_ANY_DIFFERENCE_TO_ME/4b879ec842b4.npz,121,25.0,4.84,0.8017,1.0,,train
ecee0b21b03e,IT_DOES_NOT_MAKE_ANY_DIFFERENCE_TO_ME,islsentences,video,,islsentences:clip:ecee0b21b03e,C:\ISL\Videos_Sentence_Level\it does not make any difference to me\difference (5).MP4,data/processed/landmarks/islsentences/IT_DOES_NOT_MAKE_ANY_DIFFERENCE_TO_ME/ecee0b21b03e.npz,126,25.0,5.04,0.7143,1.0,,train
1c6ee52966bc,IT_DOES_NOT_MAKE_ANY_DIFFERENCE_TO_ME,islsentences,video,,islsentences:clip:1c6ee52966bc,C:\ISL\Videos_Sentence_Level\it does not make any difference to me\difference.MP4,data/processed/landmarks/islsentences/IT_DOES_NOT_MAKE_ANY_DIFFERENCE_TO_ME/1c6ee52966bc.npz,109,25.0,4.36,0.6514,1.0,,train
3fd95106660f,IT_DOES_NOT_MAKE_ANY_DIFFERENCE_TO_ME,islsentences,video,,islsentences:clip:3fd95106660f,C:\ISL\Videos_Sentence_Level\it does not make any difference to me\it does not make any difference to me (2).mp4,data/processed/landmarks/islsentences/IT_DOES_NOT_MAKE_ANY_DIFFERENCE_TO_ME/3fd95106660f.npz,75,25.0,3.0,1.0,1.0,,train
cde1d7cc3414,IT_WAS_NICE_CHATTING_WITH_YOU,islsentences,video,,islsentences:clip:cde1d7cc3414,C:\ISL\Videos_Sentence_Level\it was nice chatting with you\MVI_6107.MP4,data/processed/landmarks/islsentences/IT_WAS_NICE_CHATTING_WITH_YOU/cde1d7cc3414.npz,135,25.0,5.4,0.9556,1.0,,train
9360f7c6ffc3,IT_WAS_NICE_CHATTING_WITH_YOU,islsentences,video,,islsentences:clip:9360f7c6ffc3,C:\ISL\Videos_Sentence_Level\it was nice chatting with you\MVI_6398.MP4,data/processed/landmarks/islsentences/IT_WAS_NICE_CHATTING_WITH_YOU/9360f7c6ffc3.npz,130,25.0,5.2,0.7,1.0,,train
9e15bbbe8373,IT_WAS_NICE_CHATTING_WITH_YOU,islsentences,video,,islsentences:clip:9e15bbbe8373,C:\ISL\Videos_Sentence_Level\it was nice chatting with you\MVI_6542.MP4,data/processed/landmarks/islsentences/IT_WAS_NICE_CHATTING_WITH_YOU/9e15bbbe8373.npz,126,25.0,5.04,0.881,1.0,,train
b77ce6d5eb79,IT_WAS_NICE_CHATTING_WITH_YOU,islsentences,video,,islsentences:clip:b77ce6d5eb79,C:\ISL\Videos_Sentence_Level\it was nice chatting with you\MVI_6724.MP4,data/processed/landmarks/islsentences/IT_WAS_NICE_CHATTING_WITH_YOU/b77ce6d5eb79.npz,127,25.0,5.08,0.8031,1.0,,train
ea12ad87a462,IT_WAS_NICE_CHATTING_WITH_YOU,islsentences,video,,islsentences:clip:ea12ad87a462,C:\ISL\Videos_Sentence_Level\it was nice chatting with you\it was nice chatting with you.mp4,data/processed/landmarks/islsentences/IT_WAS_NICE_CHATTING_WITH_YOU/ea12ad87a462.npz,75,25.0,3.0,1.0,1.0,,train
a35bb34de2fd,I_AM_AFRAID_OF_THAT,islsentences,video,,islsentences:clip:a35bb34de2fd,C:\ISL\Videos_Sentence_Level\i am afraid of that\afraid (2).MP4,data/processed/landmarks/islsentences/I_AM_AFRAID_OF_THAT/a35bb34de2fd.npz,122,25.0,4.88,0.8361,1.0,,train
66832f2dd804,I_AM_AFRAID_OF_THAT,islsentences,video,,islsentences:clip:66832f2dd804,C:\ISL\Videos_Sentence_Level\i am afraid of that\afraid (3).MP4,data/processed/landmarks/islsentences/I_AM_AFRAID_OF_THAT/66832f2dd804.npz,151,25.0,6.04,0.6556,1.0,,train
f2469b274bd9,I_AM_AFRAID_OF_THAT,islsentences,video,,islsentences:clip:f2469b274bd9,C:\ISL\Videos_Sentence_Level\i am afraid of that\afraid (4).MP4,data/processed/landmarks/islsentences/I_AM_AFRAID_OF_THAT/f2469b274bd9.npz,110,25.0,4.4,0.8091,1.0,,train
778cfd09df06,I_AM_AFRAID_OF_THAT,islsentences,video,,islsentences:clip:778cfd09df06,C:\ISL\Videos_Sentence_Level\i am afraid of that\afraid (5).MP4,data/processed/landmarks/islsentences/I_AM_AFRAID_OF_THAT/778cfd09df06.npz,118,25.0,4.72,0.9576,1.0,,train
ce377e34d041,I_AM_AFRAID_OF_THAT,islsentences,video,,islsentences:clip:ce377e34d041,C:\ISL\Videos_Sentence_Level\i am afraid of that\afraid.MP4,data/processed/landmarks/islsentences/I_AM_AFRAID_OF_THAT/ce377e34d041.npz,124,25.0,4.96,0.7661,1.0,,train
7f67ea671f6b,I_AM_AGE,islsentences,video,,islsentences:clip:7f67ea671f6b,C:\ISL\Videos_Sentence_Level\i am (age)\i am (age) (2).MP4,data/processed/landmarks/islsentences/I_AM_AGE/7f67ea671f6b.npz,74,25.0,2.96,0.5541,1.0,,train
e7d55d015020,I_AM_AGE,islsentences,video,,islsentences:clip:e7d55d015020,C:\ISL\Videos_Sentence_Level\i am (age)\i am (age) (3).MP4,data/processed/landmarks/islsentences/I_AM_AGE/e7d55d015020.npz,63,25.0,2.52,0.7778,1.0,,train
f7ed48f51eae,I_AM_AGE,islsentences,video,,islsentences:clip:f7ed48f51eae,C:\ISL\Videos_Sentence_Level\i am (age)\i am (age) (4).MP4,data/processed/landmarks/islsentences/I_AM_AGE/f7ed48f51eae.npz,72,25.0,2.88,0.5833,1.0,,train
2aa3cdf4f044,I_AM_AGE,islsentences,video,,islsentences:clip:2aa3cdf4f044,C:\ISL\Videos_Sentence_Level\i am (age)\i am (age) (5).MP4,data/processed/landmarks/islsentences/I_AM_AGE/2aa3cdf4f044.npz,66,25.0,2.64,0.5455,1.0,,train
f02b8504d426,I_AM_CRYING,islsentences,video,,islsentences:clip:f02b8504d426,C:\ISL\Videos_Sentence_Level\i am crying\i am crying (2).mp4,data/processed/landmarks/islsentences/I_AM_CRYING/f02b8504d426.npz,75,25.0,3.0,1.0,1.0,,train
5249bccc1d0d,I_AM_CRYING,islsentences,video,,islsentences:clip:5249bccc1d0d,C:\ISL\Videos_Sentence_Level\i am crying\i am crying (4).MP4,data/processed/landmarks/islsentences/I_AM_CRYING/5249bccc1d0d.npz,77,25.0,3.08,0.5974,1.0,,train
1d9e9d98f4e5,I_AM_CRYING,islsentences,video,,islsentences:clip:1d9e9d98f4e5,C:\ISL\Videos_Sentence_Level\i am crying\i am crying (6).MP4,data/processed/landmarks/islsentences/I_AM_CRYING/1d9e9d98f4e5.npz,111,25.0,4.44,0.5766,1.0,,train
1042e6bd42a7,I_AM_CRYING,islsentences,video,,islsentences:clip:1042e6bd42a7,C:\ISL\Videos_Sentence_Level\i am crying\i am crying (7).MP4,data/processed/landmarks/islsentences/I_AM_CRYING/1042e6bd42a7.npz,82,25.0,3.28,0.5244,1.0,,train
103ab1b3458a,I_AM_FEELING_BORED,islsentences,video,,islsentences:clip:103ab1b3458a,C:\ISL\Videos_Sentence_Level\i am feeling bored\bored (4).MP4,data/processed/landmarks/islsentences/I_AM_FEELING_BORED/103ab1b3458a.npz,119,25.0,4.76,0.916,1.0,,train
50c99d0b486a,I_AM_FEELING_BORED,islsentences,video,,islsentences:clip:50c99d0b486a,C:\ISL\Videos_Sentence_Level\i am feeling bored\bored (5).MP4,data/processed/landmarks/islsentences/I_AM_FEELING_BORED/50c99d0b486a.npz,101,25.0,4.04,0.7327,1.0,,train
450ec0080ffa,I_AM_FEELING_BORED,islsentences,video,,islsentences:clip:450ec0080ffa,C:\ISL\Videos_Sentence_Level\i am feeling bored\bored.MP4,data/processed/landmarks/islsentences/I_AM_FEELING_BORED/450ec0080ffa.npz,96,25.0,3.84,0.5104,1.0,,train
e22c24a32359,I_AM_FEELING_BORED,islsentences,video,,islsentences:clip:e22c24a32359,C:\ISL\Videos_Sentence_Level\i am feeling bored\i am feeling bored (2).mp4,data/processed/landmarks/islsentences/I_AM_FEELING_BORED/e22c24a32359.npz,99,25.0,3.96,0.9394,1.0,,train
98d783384fed,I_AM_FEELING_BORED,islsentences,video,,islsentences:clip:98d783384fed,C:\ISL\Videos_Sentence_Level\i am feeling bored\i am feeling bored.mp4,data/processed/landmarks/islsentences/I_AM_FEELING_BORED/98d783384fed.npz,75,25.0,3.0,0.72,1.0,,train
51ee8107cac5,I_AM_FEELING_COLD,islsentences,video,,islsentences:clip:51ee8107cac5,C:\ISL\Videos_Sentence_Level\i am feeling cold\cold (2).MP4,data/processed/landmarks/islsentences/I_AM_FEELING_COLD/51ee8107cac5.npz,77,25.0,3.08,0.5974,1.0,,train
102b295ef39f,I_AM_FEELING_COLD,islsentences,video,,islsentences:clip:102b295ef39f,C:\ISL\Videos_Sentence_Level\i am feeling cold\cold (3).MP4,data/processed/landmarks/islsentences/I_AM_FEELING_COLD/102b295ef39f.npz,83,25.0,3.32,0.506,1.0,,train
806173d89627,I_AM_FEELING_COLD,islsentences,video,,islsentences:clip:806173d89627,C:\ISL\Videos_Sentence_Level\i am feeling cold\cold (4).MP4,data/processed/landmarks/islsentences/I_AM_FEELING_COLD/806173d89627.npz,81,25.0,3.24,0.5432,1.0,,train
fab167aa7d6a,I_AM_FEELING_COLD,islsentences,video,,islsentences:clip:fab167aa7d6a,C:\ISL\Videos_Sentence_Level\i am feeling cold\i am feeling cold (2).mp4,data/processed/landmarks/islsentences/I_AM_FEELING_COLD/fab167aa7d6a.npz,50,25.0,2.0,1.0,1.0,,train
fb77bc4968e9,I_AM_FINE_THANK_YOU_SIR,islsentences,video,,islsentences:clip:fb77bc4968e9,C:\ISL\Videos_Sentence_Level\i am fine. thank you sir\fine thank (2).MP4,data/processed/landmarks/islsentences/I_AM_FINE_THANK_YOU_SIR/fb77bc4968e9.npz,109,25.0,4.36,0.7156,1.0,,train
4b7b0af1f14e,I_AM_FINE_THANK_YOU_SIR,islsentences,video,,islsentences:clip:4b7b0af1f14e,C:\ISL\Videos_Sentence_Level\i am fine. thank you sir\fine thank (4).MP4,data/processed/landmarks/islsentences/I_AM_FINE_THANK_YOU_SIR/4b7b0af1f14e.npz,102,25.0,4.08,0.9902,1.0,,train
154c070b0440,I_AM_FINE_THANK_YOU_SIR,islsentences,video,,islsentences:clip:154c070b0440,C:\ISL\Videos_Sentence_Level\i am fine. thank you sir\fine thank (5).MP4,data/processed/landmarks/islsentences/I_AM_FINE_THANK_YOU_SIR/154c070b0440.npz,129,25.0,5.16,0.9302,1.0,,train
61131217da22,I_AM_FINE_THANK_YOU_SIR,islsentences,video,,islsentences:clip:61131217da22,C:\ISL\Videos_Sentence_Level\i am fine. thank you sir\fine thank.MP4,data/processed/landmarks/islsentences/I_AM_FINE_THANK_YOU_SIR/61131217da22.npz,132,25.0,5.28,0.7121,1.0,,train
006ceb310c2e,I_AM_FINE_THANK_YOU_SIR,islsentences,video,,islsentences:clip:006ceb310c2e,C:\ISL\Videos_Sentence_Level\i am fine. thank you sir\i am fine. thank you sir (2).mp4,data/processed/landmarks/islsentences/I_AM_FINE_THANK_YOU_SIR/006ceb310c2e.npz,75,25.0,3.0,0.96,1.0,,train
2ea9ef7e9265,I_AM_HUNGRY,islsentences,video,,islsentences:clip:2ea9ef7e9265,C:\ISL\Videos_Sentence_Level\i am hungry\i am hungry   (1).mp4,data/processed/landmarks/islsentences/I_AM_HUNGRY/2ea9ef7e9265.npz,50,25.0,2.0,0.96,1.0,,train
43462e5cd04a,I_AM_HUNGRY,islsentences,video,,islsentences:clip:43462e5cd04a,C:\ISL\Videos_Sentence_Level\i am hungry\i am hungry   (2).mp4,data/processed/landmarks/islsentences/I_AM_HUNGRY/43462e5cd04a.npz,50,25.0,2.0,0.88,1.0,,train
0e81c550b8cd,I_AM_HUNGRY,islsentences,video,,islsentences:clip:0e81c550b8cd,C:\ISL\Videos_Sentence_Level\i am hungry\i am hungry   (5).MP4,data/processed/landmarks/islsentences/I_AM_HUNGRY/0e81c550b8cd.npz,106,25.0,4.24,0.6698,1.0,,train
ffeddc0eb30d,I_AM_HUNGRY,islsentences,video,,islsentences:clip:ffeddc0eb30d,C:\ISL\Videos_Sentence_Level\i am hungry\i am hungry   (6).MP4,data/processed/landmarks/islsentences/I_AM_HUNGRY/ffeddc0eb30d.npz,100,25.0,4.0,0.66,1.0,,train
23b1f6fbd6e8,I_AM_HUNGRY,islsentences,video,,islsentences:clip:23b1f6fbd6e8,C:\ISL\Videos_Sentence_Level\i am hungry\i am hungry   (7).MP4,data/processed/landmarks/islsentences/I_AM_HUNGRY/23b1f6fbd6e8.npz,104,25.0,4.16,0.7404,1.0,,train
9b2cac425e6d,I_AM_IN_DILEMMA_WHAT_TO_DO,islsentences,video,,islsentences:clip:9b2cac425e6d,C:\ISL\Videos_Sentence_Level\i am in dilemma what to do\dilemma (3).MP4,data/processed/landmarks/islsentences/I_AM_IN_DILEMMA_WHAT_TO_DO/9b2cac425e6d.npz,183,25.0,7.32,0.7377,1.0,,train
a78e80a74792,I_AM_IN_DILEMMA_WHAT_TO_DO,islsentences,video,,islsentences:clip:a78e80a74792,C:\ISL\Videos_Sentence_Level\i am in dilemma what to do\dilemma (5).MP4,data/processed/landmarks/islsentences/I_AM_IN_DILEMMA_WHAT_TO_DO/a78e80a74792.npz,141,25.0,5.64,0.8865,1.0,,train
9c5c3133db2a,I_AM_IN_DILEMMA_WHAT_TO_DO,islsentences,video,,islsentences:clip:9c5c3133db2a,C:\ISL\Videos_Sentence_Level\i am in dilemma what to do\dilemma.MP4,data/processed/landmarks/islsentences/I_AM_IN_DILEMMA_WHAT_TO_DO/9c5c3133db2a.npz,168,25.0,6.72,0.7262,1.0,,train
2d27c2042aa9,I_AM_IN_DILEMMA_WHAT_TO_DO,islsentences,video,,islsentences:clip:2d27c2042aa9,C:\ISL\Videos_Sentence_Level\i am in dilemma what to do\i am in dilemma what to do (2).mp4,data/processed/landmarks/islsentences/I_AM_IN_DILEMMA_WHAT_TO_DO/2d27c2042aa9.npz,75,25.0,3.0,0.8667,1.0,,train
019aad70be4a,I_AM_IN_DILEMMA_WHAT_TO_DO,islsentences,video,,islsentences:clip:019aad70be4a,C:\ISL\Videos_Sentence_Level\i am in dilemma what to do\i am in dilemma what to do.mp4,data/processed/landmarks/islsentences/I_AM_IN_DILEMMA_WHAT_TO_DO/019aad70be4a.npz,125,25.0,5.0,0.68,1.0,,train
3c9f93a30da8,I_AM_NOT_REALLY_SURE,islsentences,video,,islsentences:clip:3c9f93a30da8,C:\ISL\Videos_Sentence_Level\i am not really sure\MVI_6546.MP4,data/processed/landmarks/islsentences/I_AM_NOT_REALLY_SURE/3c9f93a30da8.npz,78,25.0,3.12,0.8718,1.0,,train
b505ec0c2529,I_AM_NOT_REALLY_SURE,islsentences,video,,islsentences:clip:b505ec0c2529,C:\ISL\Videos_Sentence_Level\i am not really sure\i am not really sure.mp4,data/processed/landmarks/islsentences/I_AM_NOT_REALLY_SURE/b505ec0c2529.npz,75,25.0,3.0,0.9867,1.0,,train
b056513b6cc9,I_AM_NOT_REALLY_SURE,islsentences,video,,islsentences:clip:b056513b6cc9,C:\ISL\Videos_Sentence_Level\i am not really sure\really sure (2).MP4,data/processed/landmarks/islsentences/I_AM_NOT_REALLY_SURE/b056513b6cc9.npz,103,25.0,4.12,0.6796,1.0,,train
0b935b0fa987,I_AM_NOT_REALLY_SURE,islsentences,video,,islsentences:clip:0b935b0fa987,C:\ISL\Videos_Sentence_Level\i am not really sure\really sure (3).MP4,data/processed/landmarks/islsentences/I_AM_NOT_REALLY_SURE/0b935b0fa987.npz,81,25.0,3.24,0.7654,1.0,,train
d22bb4a33d5d,I_AM_NOT_REALLY_SURE,islsentences,video,,islsentences:clip:d22bb4a33d5d,C:\ISL\Videos_Sentence_Level\i am not really sure\really sure.MP4,data/processed/landmarks/islsentences/I_AM_NOT_REALLY_SURE/d22bb4a33d5d.npz,100,25.0,4.0,0.62,1.0,,train
3bfdd5f1e2af,I_AM_REALLY_GRATEFUL,islsentences,video,,islsentences:clip:3bfdd5f1e2af,C:\ISL\Videos_Sentence_Level\i am really grateful\MVI_6104.MP4,data/processed/landmarks/islsentences/I_AM_REALLY_GRATEFUL/3bfdd5f1e2af.npz,133,25.0,5.32,0.9098,1.0,,train
538bc3d2bb7e,I_AM_REALLY_GRATEFUL,islsentences,video,,islsentences:clip:538bc3d2bb7e,C:\ISL\Videos_Sentence_Level\i am really grateful\MVI_6539.MP4,data/processed/landmarks/islsentences/I_AM_REALLY_GRATEFUL/538bc3d2bb7e.npz,93,25.0,3.72,0.9032,1.0,,train
3908f8f9f673,I_AM_REALLY_GRATEFUL,islsentences,video,,islsentences:clip:3908f8f9f673,C:\ISL\Videos_Sentence_Level\i am really grateful\MVI_6849.MP4,data/processed/landmarks/islsentences/I_AM_REALLY_GRATEFUL/3908f8f9f673.npz,110,25.0,4.4,0.8091,1.0,,train
c4140bd29cb0,I_AM_REALLY_GRATEFUL,islsentences,video,,islsentences:clip:c4140bd29cb0,C:\ISL\Videos_Sentence_Level\i am really grateful\i am really grateful (2).mp4,data/processed/landmarks/islsentences/I_AM_REALLY_GRATEFUL/c4140bd29cb0.npz,50,25.0,2.0,1.0,1.0,,train
4ec64efa6f65,I_AM_REALLY_GRATEFUL,islsentences,video,,islsentences:clip:4ec64efa6f65,C:\ISL\Videos_Sentence_Level\i am really grateful\i am really grateful.mp4,data/processed/landmarks/islsentences/I_AM_REALLY_GRATEFUL/4ec64efa6f65.npz,75,25.0,3.0,1.0,1.0,,train
b78be773c97c,I_AM_SITTING_IN_THE_CLASS,islsentences,video,,islsentences:clip:b78be773c97c,C:\ISL\Videos_Sentence_Level\i am sitting in the class\i am sitting in the class.mp4,data/processed/landmarks/islsentences/I_AM_SITTING_IN_THE_CLASS/b78be773c97c.npz,100,25.0,4.0,0.84,1.0,,train
fcab10486a5b,I_AM_SITTING_IN_THE_CLASS,islsentences,video,,islsentences:clip:fcab10486a5b,C:\ISL\Videos_Sentence_Level\i am sitting in the class\sitting (2).MP4,data/processed/landmarks/islsentences/I_AM_SITTING_IN_THE_CLASS/fcab10486a5b.npz,160,25.0,6.4,0.7375,1.0,,train
95eb6969837e,I_AM_SITTING_IN_THE_CLASS,islsentences,video,,islsentences:clip:95eb6969837e,C:\ISL\Videos_Sentence_Level\i am sitting in the class\sitting (4).MP4,data/processed/landmarks/islsentences/I_AM_SITTING_IN_THE_CLASS/95eb6969837e.npz,177,25.0,7.08,0.9887,1.0,,train
7ed6e358675c,I_AM_SITTING_IN_THE_CLASS,islsentences,video,,islsentences:clip:7ed6e358675c,C:\ISL\Videos_Sentence_Level\i am sitting in the class\sitting (5).MP4,data/processed/landmarks/islsentences/I_AM_SITTING_IN_THE_CLASS/7ed6e358675c.npz,176,25.0,7.04,0.9432,1.0,,train
9ddbc84f7849,I_AM_SITTING_IN_THE_CLASS,islsentences,video,,islsentences:clip:9ddbc84f7849,C:\ISL\Videos_Sentence_Level\i am sitting in the class\sitting.MP4,data/processed/landmarks/islsentences/I_AM_SITTING_IN_THE_CLASS/9ddbc84f7849.npz,149,25.0,5.96,0.7718,1.0,,train
7442908e26ad,I_AM_SO_SORRY_TO_HEAR_THAT,islsentences,video,,islsentences:clip:7442908e26ad,C:\ISL\Videos_Sentence_Level\i am so sorry to hear that\i am so sorry to hear that (2).mp4,data/processed/landmarks/islsentences/I_AM_SO_SORRY_TO_HEAR_THAT/7442908e26ad.npz,25,25.0,1.0,1.0,1.0,,train
2e412a06a7bb,I_AM_SO_SORRY_TO_HEAR_THAT,islsentences,video,,islsentences:clip:2e412a06a7bb,C:\ISL\Videos_Sentence_Level\i am so sorry to hear that\i am so sorry to hear that.mp4,data/processed/landmarks/islsentences/I_AM_SO_SORRY_TO_HEAR_THAT/2e412a06a7bb.npz,75,25.0,3.0,1.0,1.0,,train
368701af5632,I_AM_SO_SORRY_TO_HEAR_THAT,islsentences,video,,islsentences:clip:368701af5632,C:\ISL\Videos_Sentence_Level\i am so sorry to hear that\sorry hear (3).MP4,data/processed/landmarks/islsentences/I_AM_SO_SORRY_TO_HEAR_THAT/368701af5632.npz,131,25.0,5.24,0.7405,1.0,,train
5b4463d0ee4f,I_AM_SO_SORRY_TO_HEAR_THAT,islsentences,video,,islsentences:clip:5b4463d0ee4f,C:\ISL\Videos_Sentence_Level\i am so sorry to hear that\sorry hear (5).MP4,data/processed/landmarks/islsentences/I_AM_SO_SORRY_TO_HEAR_THAT/5b4463d0ee4f.npz,113,25.0,4.52,0.5133,1.0,,train
32ecc9aef29e,I_AM_SO_SORRY_TO_HEAR_THAT,islsentences,video,,islsentences:clip:32ecc9aef29e,C:\ISL\Videos_Sentence_Level\i am so sorry to hear that\sorry hear.MP4,data/processed/landmarks/islsentences/I_AM_SO_SORRY_TO_HEAR_THAT/32ecc9aef29e.npz,123,25.0,4.92,0.7398,1.0,,train
ab1a6caa1607,I_AM_SUFFERING_FROM_FEVER,islsentences,video,,islsentences:clip:ab1a6caa1607,C:\ISL\Videos_Sentence_Level\i am suffering from fever\fever (2).MP4,data/processed/landmarks/islsentences/I_AM_SUFFERING_FROM_FEVER/ab1a6caa1607.npz,72,25.0,2.88,0.7778,1.0,,train
df6850f9e648,I_AM_SUFFERING_FROM_FEVER,islsentences,video,,islsentences:clip:df6850f9e648,C:\ISL\Videos_Sentence_Level\i am suffering from fever\fever (4).MP4,data/processed/landmarks/islsentences/I_AM_SUFFERING_FROM_FEVER/df6850f9e648.npz,101,25.0,4.04,0.604,1.0,,train
b012d58c5b5a,I_AM_SUFFERING_FROM_FEVER,islsentences,video,,islsentences:clip:b012d58c5b5a,C:\ISL\Videos_Sentence_Level\i am suffering from fever\fever (5).MP4,data/processed/landmarks/islsentences/I_AM_SUFFERING_FROM_FEVER/b012d58c5b5a.npz,97,25.0,3.88,0.9278,1.0,,train
8e5da4884f94,I_AM_SUFFERING_FROM_FEVER,islsentences,video,,islsentences:clip:8e5da4884f94,C:\ISL\Videos_Sentence_Level\i am suffering from fever\fever.MP4,data/processed/landmarks/islsentences/I_AM_SUFFERING_FROM_FEVER/8e5da4884f94.npz,98,25.0,3.92,0.6531,1.0,,train
0e3d99c6dda3,I_AM_SUFFERING_FROM_FEVER,islsentences,video,,islsentences:clip:0e3d99c6dda3,C:\ISL\Videos_Sentence_Level\i am suffering from fever\i am suffering from fever (2).mp4,data/processed/landmarks/islsentences/I_AM_SUFFERING_FROM_FEVER/0e3d99c6dda3.npz,50,25.0,2.0,0.92,1.0,,train
b32c6fbbef5c,I_AM_TIRED,islsentences,video,,islsentences:clip:b32c6fbbef5c,C:\ISL\Videos_Sentence_Level\i am tired\i am tired (2).mp4,data/processed/landmarks/islsentences/I_AM_TIRED/b32c6fbbef5c.npz,75,25.0,3.0,0.92,1.0,,train
8d47f84e93c2,I_AM_TIRED,islsentences,video,,islsentences:clip:8d47f84e93c2,C:\ISL\Videos_Sentence_Level\i am tired\i am tired.mp4,data/processed/landmarks/islsentences/I_AM_TIRED/8d47f84e93c2.npz,75,25.0,3.0,0.6933,1.0,,train
6e3b30024d58,I_AM_TIRED,islsentences,video,,islsentences:clip:6e3b30024d58,C:\ISL\Videos_Sentence_Level\i am tired\tired (2).MP4,data/processed/landmarks/islsentences/I_AM_TIRED/6e3b30024d58.npz,95,25.0,3.8,0.5053,1.0,,train
81d6f2316d00,I_AM_TIRED,islsentences,video,,islsentences:clip:81d6f2316d00,C:\ISL\Videos_Sentence_Level\i am tired\tired (5).MP4,data/processed/landmarks/islsentences/I_AM_TIRED/81d6f2316d00.npz,116,25.0,4.64,0.569,1.0,,train
8baec62c940a,I_AM_TIRED,islsentences,video,,islsentences:clip:8baec62c940a,C:\ISL\Videos_Sentence_Level\i am tired\tired.MP4,data/processed/landmarks/islsentences/I_AM_TIRED/8baec62c940a.npz,105,25.0,4.2,0.5905,1.0,,train
776b18af0f74,I_AM_VERY_HAPPY,islsentences,video,,islsentences:clip:776b18af0f74,C:\ISL\Videos_Sentence_Level\i am very happy\i am very happy.mp4,data/processed/landmarks/islsentences/I_AM_VERY_HAPPY/776b18af0f74.npz,75,25.0,3.0,1.0,1.0,,train
a0581ad46c39,I_AM_VERY_HAPPY,islsentences,video,,islsentences:clip:a0581ad46c39,C:\ISL\Videos_Sentence_Level\i am very happy\very happy (2).MP4,data/processed/landmarks/islsentences/I_AM_VERY_HAPPY/a0581ad46c39.npz,87,25.0,3.48,0.7701,1.0,,train
01ef0b8335e4,I_AM_VERY_HAPPY,islsentences,video,,islsentences:clip:01ef0b8335e4,C:\ISL\Videos_Sentence_Level\i am very happy\very happy (3).MP4,data/processed/landmarks/islsentences/I_AM_VERY_HAPPY/01ef0b8335e4.npz,74,25.0,2.96,0.8108,1.0,,train
a7fda0624496,I_AM_VERY_HAPPY,islsentences,video,,islsentences:clip:a7fda0624496,C:\ISL\Videos_Sentence_Level\i am very happy\very happy.MP4,data/processed/landmarks/islsentences/I_AM_VERY_HAPPY/a7fda0624496.npz,89,25.0,3.56,0.7191,1.0,,train
702bdccc423f,I_CAN_NOT_HELP_YOU_THERE,islsentences,video,,islsentences:clip:702bdccc423f,C:\ISL\Videos_Sentence_Level\i can not help you there\MVI_6109.MP4,data/processed/landmarks/islsentences/I_CAN_NOT_HELP_YOU_THERE/702bdccc423f.npz,128,25.0,5.12,0.9531,1.0,,train
25a1ea8d1aee,I_CAN_NOT_HELP_YOU_THERE,islsentences,video,,islsentences:clip:25a1ea8d1aee,C:\ISL\Videos_Sentence_Level\i can not help you there\MVI_6545.MP4,data/processed/landmarks/islsentences/I_CAN_NOT_HELP_YOU_THERE/25a1ea8d1aee.npz,94,25.0,3.76,0.8085,1.0,,train
12611c5ca520,I_CAN_NOT_HELP_YOU_THERE,islsentences,video,,islsentences:clip:12611c5ca520,C:\ISL\Videos_Sentence_Level\i can not help you there\MVI_6854.MP4,data/processed/landmarks/islsentences/I_CAN_NOT_HELP_YOU_THERE/12611c5ca520.npz,86,25.0,3.44,0.5465,1.0,,train
0d94c50ea27b,I_CAN_NOT_HELP_YOU_THERE,islsentences,video,,islsentences:clip:0d94c50ea27b,C:\ISL\Videos_Sentence_Level\i can not help you there\i can not help you there (2).mp4,data/processed/landmarks/islsentences/I_CAN_NOT_HELP_YOU_THERE/0d94c50ea27b.npz,50,25.0,2.0,0.86,1.0,,train
442166387f50,I_CAN_NOT_HELP_YOU_THERE,islsentences,video,,islsentences:clip:442166387f50,C:\ISL\Videos_Sentence_Level\i can not help you there\i can not help you there.mp4,data/processed/landmarks/islsentences/I_CAN_NOT_HELP_YOU_THERE/442166387f50.npz,100,25.0,4.0,0.92,1.0,,train
1c48970a6cc2,I_DONT_AGREE,islsentences,video,,islsentences:clip:1c48970a6cc2,C:\ISL\Videos_Sentence_Level\i dont agree\MVI_6494.MP4,data/processed/landmarks/islsentences/I_DONT_AGREE/1c48970a6cc2.npz,100,25.0,4.0,0.63,1.0,,train
6aeb0bacffe2,I_DO_NOT_AGREE,islsentences,video,,islsentences:clip:6aeb0bacffe2,C:\ISL\Videos_Sentence_Level\i do not agree\agree (3).MP4,data/processed/landmarks/islsentences/I_DO_NOT_AGREE/6aeb0bacffe2.npz,110,25.0,4.4,0.7818,1.0,,train
9e8cadc632f5,I_DO_NOT_AGREE,islsentences,video,,islsentences:clip:9e8cadc632f5,C:\ISL\Videos_Sentence_Level\i do not agree\agree (4).MP4,data/processed/landmarks/islsentences/I_DO_NOT_AGREE/9e8cadc632f5.npz,110,25.0,4.4,0.9636,1.0,,train
7c52a1ecc575,I_DO_NOT_AGREE,islsentences,video,,islsentences:clip:7c52a1ecc575,C:\ISL\Videos_Sentence_Level\i do not agree\agree (5).MP4,data/processed/landmarks/islsentences/I_DO_NOT_AGREE/7c52a1ecc575.npz,130,25.0,5.2,0.9923,1.0,,train
ebea6693b89d,I_DO_NOT_AGREE,islsentences,video,,islsentences:clip:ebea6693b89d,C:\ISL\Videos_Sentence_Level\i do not agree\i do not agree (2).mp4,data/processed/landmarks/islsentences/I_DO_NOT_AGREE/ebea6693b89d.npz,50,25.0,2.0,1.0,1.0,,train
9f58a38a33e1,I_DO_NOT_AGREE,islsentences,video,,islsentences:clip:9f58a38a33e1,C:\ISL\Videos_Sentence_Level\i do not agree\i do not agree.mp4,data/processed/landmarks/islsentences/I_DO_NOT_AGREE/9f58a38a33e1.npz,75,25.0,3.0,0.96,1.0,,train
63d9cb7d8d16,I_DO_NOT_LIKE_IT,islsentences,video,,islsentences:clip:63d9cb7d8d16,C:\ISL\Videos_Sentence_Level\i do not like it\hate (2).MP4,data/processed/landmarks/islsentences/I_DO_NOT_LIKE_IT/63d9cb7d8d16.npz,88,25.0,3.52,0.7841,1.0,,train
0aac7b6acd3c,I_DO_NOT_LIKE_IT,islsentences,video,,islsentences:clip:0aac7b6acd3c,C:\ISL\Videos_Sentence_Level\i do not like it\hate (4).MP4,data/processed/landmarks/islsentences/I_DO_NOT_LIKE_IT/0aac7b6acd3c.npz,109,25.0,4.36,0.945,1.0,,train
3e3e3eee8359,I_DO_NOT_LIKE_IT,islsentences,video,,islsentences:clip:3e3e3eee8359,C:\ISL\Videos_Sentence_Level\i do not like it\hate it.MP4,data/processed/landmarks/islsentences/I_DO_NOT_LIKE_IT/3e3e3eee8359.npz,105,25.0,4.2,0.6476,1.0,,train
8156c41286cd,I_DO_NOT_LIKE_IT,islsentences,video,,islsentences:clip:8156c41286cd,C:\ISL\Videos_Sentence_Level\i do not like it\hate.MP4,data/processed/landmarks/islsentences/I_DO_NOT_LIKE_IT/8156c41286cd.npz,110,25.0,4.4,0.6182,1.0,,train
ea59697689ae,I_DO_NOT_LIKE_IT,islsentences,video,,islsentences:clip:ea59697689ae,C:\ISL\Videos_Sentence_Level\i do not like it\i do not like it.mp4,data/processed/landmarks/islsentences/I_DO_NOT_LIKE_IT/ea59697689ae.npz,100,25.0,4.0,0.98,1.0,,train
dbf44bfc609e,I_DO_NOT_MEAN_IT,islsentences,video,,islsentences:clip:dbf44bfc609e,C:\ISL\Videos_Sentence_Level\i do not mean it\i do not mean it.mp4,data/processed/landmarks/islsentences/I_DO_NOT_MEAN_IT/dbf44bfc609e.npz,100,25.0,4.0,0.9,1.0,,train
2454561d0795,I_DO_NOT_MEAN_IT,islsentences,video,,islsentences:clip:2454561d0795,C:\ISL\Videos_Sentence_Level\i do not mean it\mean (2).MP4,data/processed/landmarks/islsentences/I_DO_NOT_MEAN_IT/2454561d0795.npz,149,25.0,5.96,0.5302,1.0,,train
c47a915520ea,I_DO_NOT_MEAN_IT,islsentences,video,,islsentences:clip:c47a915520ea,C:\ISL\Videos_Sentence_Level\i do not mean it\mean (4).MP4,data/processed/landmarks/islsentences/I_DO_NOT_MEAN_IT/c47a915520ea.npz,107,25.0,4.28,0.7103,1.0,,train
a99b0d9f6c99,I_DO_NOT_MEAN_IT,islsentences,video,,islsentences:clip:a99b0d9f6c99,C:\ISL\Videos_Sentence_Level\i do not mean it\mean (5).MP4,data/processed/landmarks/islsentences/I_DO_NOT_MEAN_IT/a99b0d9f6c99.npz,173,25.0,6.92,0.896,1.0,,train
b072454176fa,I_DO_NOT_MEAN_IT,islsentences,video,,islsentences:clip:b072454176fa,C:\ISL\Videos_Sentence_Level\i do not mean it\mean.MP4,data/processed/landmarks/islsentences/I_DO_NOT_MEAN_IT/b072454176fa.npz,105,25.0,4.2,0.9048,1.0,,train
dc1d5f925332,I_ENJOYED_A_LOT,islsentences,video,,islsentences:clip:dc1d5f925332,C:\ISL\Videos_Sentence_Level\i enjoyed a lot\enjoy (2).MP4,data/processed/landmarks/islsentences/I_ENJOYED_A_LOT/dc1d5f925332.npz,83,25.0,3.32,0.6506,1.0,,train
0920bd161089,I_ENJOYED_A_LOT,islsentences,video,,islsentences:clip:0920bd161089,C:\ISL\Videos_Sentence_Level\i enjoyed a lot\enjoy.MP4,data/processed/landmarks/islsentences/I_ENJOYED_A_LOT/0920bd161089.npz,71,25.0,2.84,0.5915,1.0,,train
1825fc3246c1,I_ENJOYED_A_LOT,islsentences,video,,islsentences:clip:1825fc3246c1,C:\ISL\Videos_Sentence_Level\i enjoyed a lot\enjoyed (4).MP4,data/processed/landmarks/islsentences/I_ENJOYED_A_LOT/1825fc3246c1.npz,99,25.0,3.96,0.8182,1.0,,train
c6ed1f34af58,I_ENJOYED_A_LOT,islsentences,video,,islsentences:clip:c6ed1f34af58,C:\ISL\Videos_Sentence_Level\i enjoyed a lot\enjoyed.MP4,data/processed/landmarks/islsentences/I_ENJOYED_A_LOT/c6ed1f34af58.npz,94,25.0,3.76,0.5851,1.0,,train
7c19065cfcdd,I_ENJOYED_A_LOT,islsentences,video,,islsentences:clip:7c19065cfcdd,C:\ISL\Videos_Sentence_Level\i enjoyed a lot\i enjoyed a lot (2).mp4,data/processed/landmarks/islsentences/I_ENJOYED_A_LOT/7c19065cfcdd.npz,50,25.0,2.0,0.96,1.0,,train
7a997aed182d,I_ENJOYED_A_LOT,islsentences,video,,islsentences:clip:7a997aed182d,C:\ISL\Videos_Sentence_Level\i enjoyed a lot\i enjoyed a lot.mp4,data/processed/landmarks/islsentences/I_ENJOYED_A_LOT/7a997aed182d.npz,75,25.0,3.0,0.64,1.0,,train
5766275915eb,I_GOT_HURT,islsentences,video,,islsentences:clip:5766275915eb,C:\ISL\Videos_Sentence_Level\i got hurt\got hurt (4).MP4,data/processed/landmarks/islsentences/I_GOT_HURT/5766275915eb.npz,95,25.0,3.8,0.8421,1.0,,train
52c78be55606,I_GOT_HURT,islsentences,video,,islsentences:clip:52c78be55606,C:\ISL\Videos_Sentence_Level\i got hurt\got hurt (5).MP4,data/processed/landmarks/islsentences/I_GOT_HURT/52c78be55606.npz,120,25.0,4.8,1.0,1.0,,train
8591b05fe5c8,I_GOT_HURT,islsentences,video,,islsentences:clip:8591b05fe5c8,C:\ISL\Videos_Sentence_Level\i got hurt\got hurt.MP4,data/processed/landmarks/islsentences/I_GOT_HURT/8591b05fe5c8.npz,97,25.0,3.88,0.6082,1.0,,train
eaf2b952138b,I_GOT_HURT,islsentences,video,,islsentences:clip:eaf2b952138b,C:\ISL\Videos_Sentence_Level\i got hurt\i got hurt (2).mp4,data/processed/landmarks/islsentences/I_GOT_HURT/eaf2b952138b.npz,75,25.0,3.0,1.0,1.0,,train
a2c94e994fc4,I_GOT_HURT,islsentences,video,,islsentences:clip:a2c94e994fc4,C:\ISL\Videos_Sentence_Level\i got hurt\i got hurt.mp4,data/processed/landmarks/islsentences/I_GOT_HURT/a2c94e994fc4.npz,50,25.0,2.0,1.0,1.0,,train
d36b87b8b158,I_LIKE_YOU_I_LOVE_YOU,islsentences,video,,islsentences:clip:d36b87b8b158,C:\ISL\Videos_Sentence_Level\i like you i love you\MVI_6207.MP4,data/processed/landmarks/islsentences/I_LIKE_YOU_I_LOVE_YOU/d36b87b8b158.npz,76,25.0,3.04,0.9605,1.0,,train
94a549487e2f,I_LIKE_YOU_I_LOVE_YOU,islsentences,video,,islsentences:clip:94a549487e2f,C:\ISL\Videos_Sentence_Level\i like you i love you\MVI_6682.MP4,data/processed/landmarks/islsentences/I_LIKE_YOU_I_LOVE_YOU/94a549487e2f.npz,79,25.0,3.16,0.6709,1.0,,train
45465cbc26db,I_LIKE_YOU_I_LOVE_YOU,islsentences,video,,islsentences:clip:45465cbc26db,C:\ISL\Videos_Sentence_Level\i like you i love you\MVI_6956.MP4,data/processed/landmarks/islsentences/I_LIKE_YOU_I_LOVE_YOU/45465cbc26db.npz,77,25.0,3.08,0.5974,1.0,,train
a07808a00e97,I_LIKE_YOU_I_LOVE_YOU,islsentences,video,,islsentences:clip:a07808a00e97,C:\ISL\Videos_Sentence_Level\i like you i love you\i love you (2).mp4,data/processed/landmarks/islsentences/I_LIKE_YOU_I_LOVE_YOU/a07808a00e97.npz,75,25.0,3.0,1.0,1.0,,train
796456ae5115,I_NEED_WATER,islsentences,video,,islsentences:clip:796456ae5115,C:\ISL\Videos_Sentence_Level\i need water\i need water 1.mp4,data/processed/landmarks/islsentences/I_NEED_WATER/796456ae5115.npz,75,25.0,3.0,0.96,1.0,,train
45acd91e53f5,I_NEED_WATER,islsentences,video,,islsentences:clip:45acd91e53f5,C:\ISL\Videos_Sentence_Level\i need water\i need water 2.mp4,data/processed/landmarks/islsentences/I_NEED_WATER/45acd91e53f5.npz,75,25.0,3.0,1.0,1.0,,train
3992d478d465,I_NEED_WATER,islsentences,video,,islsentences:clip:3992d478d465,C:\ISL\Videos_Sentence_Level\i need water\i need water 4.MP4,data/processed/landmarks/islsentences/I_NEED_WATER/3992d478d465.npz,98,25.0,3.92,0.6837,1.0,,train
353f1f64e51d,I_NEED_WATER,islsentences,video,,islsentences:clip:353f1f64e51d,C:\ISL\Videos_Sentence_Level\i need water\i need water 6.MP4,data/processed/landmarks/islsentences/I_NEED_WATER/353f1f64e51d.npz,133,25.0,5.32,0.6391,1.0,,train
414b6d1eff0a,I_PROMISE,islsentences,video,,islsentences:clip:414b6d1eff0a,C:\ISL\Videos_Sentence_Level\i promise\i promise (2).mp4,data/processed/landmarks/islsentences/I_PROMISE/414b6d1eff0a.npz,50,25.0,2.0,0.98,1.0,,train
f932283d9d3a,I_PROMISE,islsentences,video,,islsentences:clip:f932283d9d3a,C:\ISL\Videos_Sentence_Level\i promise\i promise.mp4,data/processed/landmarks/islsentences/I_PROMISE/f932283d9d3a.npz,50,25.0,2.0,0.86,1.0,,train
098a6dbf2fc9,I_PROMISE,islsentences,video,,islsentences:clip:098a6dbf2fc9,C:\ISL\Videos_Sentence_Level\i promise\promise (2).MP4,data/processed/landmarks/islsentences/I_PROMISE/098a6dbf2fc9.npz,109,25.0,4.36,0.7798,1.0,,train
ee40675542f3,I_PROMISE,islsentences,video,,islsentences:clip:ee40675542f3,C:\ISL\Videos_Sentence_Level\i promise\promise (3).MP4,data/processed/landmarks/islsentences/I_PROMISE/ee40675542f3.npz,94,25.0,3.76,0.7553,1.0,,train
afd41683a732,I_PROMISE,islsentences,video,,islsentences:clip:afd41683a732,C:\ISL\Videos_Sentence_Level\i promise\promise (5).MP4,data/processed/landmarks/islsentences/I_PROMISE/afd41683a732.npz,91,25.0,3.64,0.9011,1.0,,train
86c0b33d8d16,I_REALLY_APPRECIATE_IT,islsentences,video,,islsentences:clip:86c0b33d8d16,C:\ISL\Videos_Sentence_Level\i really appreciate it\i really appreciate it (1).mp4,data/processed/landmarks/islsentences/I_REALLY_APPRECIATE_IT/86c0b33d8d16.npz,50,25.0,2.0,1.0,1.0,,train
4341f0294c82,I_REALLY_APPRECIATE_IT,islsentences,video,,islsentences:clip:4341f0294c82,C:\ISL\Videos_Sentence_Level\i really appreciate it\i really appreciate it (2).mp4,data/processed/landmarks/islsentences/I_REALLY_APPRECIATE_IT/4341f0294c82.npz,75,25.0,3.0,1.0,1.0,,train
6e0597bc11ba,I_REALLY_APPRECIATE_IT,islsentences,video,,islsentences:clip:6e0597bc11ba,C:\ISL\Videos_Sentence_Level\i really appreciate it\i really appreciate it (5).MP4,data/processed/landmarks/islsentences/I_REALLY_APPRECIATE_IT/6e0597bc11ba.npz,99,25.0,3.96,0.9798,1.0,,train
1f974b66e8c3,I_REALLY_APPRECIATE_IT,islsentences,video,,islsentences:clip:1f974b66e8c3,C:\ISL\Videos_Sentence_Level\i really appreciate it\i really appreciate it (6).MP4,data/processed/landmarks/islsentences/I_REALLY_APPRECIATE_IT/1f974b66e8c3.npz,93,25.0,3.72,0.7312,1.0,,train
92bae41d58d7,I_REALLY_APPRECIATE_IT,islsentences,video,,islsentences:clip:92bae41d58d7,C:\ISL\Videos_Sentence_Level\i really appreciate it\i really appreciate it (7).MP4,data/processed/landmarks/islsentences/I_REALLY_APPRECIATE_IT/92bae41d58d7.npz,90,25.0,3.6,0.6111,1.0,,train
a92d35dd3279,I_SOMEHOW_GOT_TO_KNOW_ABOUT_IT,islsentences,video,,islsentences:clip:a92d35dd3279,C:\ISL\Videos_Sentence_Level\i somehow got to know about it\i somehow got to know about it..mp4,data/processed/landmarks/islsentences/I_SOMEHOW_GOT_TO_KNOW_ABOUT_IT/a92d35dd3279.npz,99,25.0,3.96,1.0,1.0,,train
2830f9873c33,I_SOMEHOW_GOT_TO_KNOW_ABOUT_IT,islsentences,video,,islsentences:clip:2830f9873c33,C:\ISL\Videos_Sentence_Level\i somehow got to know about it\i somehow got to know about it.mp4,data/processed/landmarks/islsentences/I_SOMEHOW_GOT_TO_KNOW_ABOUT_IT/2830f9873c33.npz,50,25.0,2.0,1.0,1.0,,train
45a648c0d6a7,I_SOMEHOW_GOT_TO_KNOW_ABOUT_IT,islsentences,video,,islsentences:clip:45a648c0d6a7,C:\ISL\Videos_Sentence_Level\i somehow got to know about it\somehow (2).MP4,data/processed/landmarks/islsentences/I_SOMEHOW_GOT_TO_KNOW_ABOUT_IT/45a648c0d6a7.npz,104,25.0,4.16,0.6154,1.0,,train
6b6871da79fa,I_SOMEHOW_GOT_TO_KNOW_ABOUT_IT,islsentences,video,,islsentences:clip:6b6871da79fa,C:\ISL\Videos_Sentence_Level\i somehow got to know about it\somehow (3).MP4,data/processed/landmarks/islsentences/I_SOMEHOW_GOT_TO_KNOW_ABOUT_IT/6b6871da79fa.npz,149,25.0,5.96,0.6376,1.0,,train
339271524fa9,I_SOMEHOW_GOT_TO_KNOW_ABOUT_IT,islsentences,video,,islsentences:clip:339271524fa9,C:\ISL\Videos_Sentence_Level\i somehow got to know about it\somehow (5).MP4,data/processed/landmarks/islsentences/I_SOMEHOW_GOT_TO_KNOW_ABOUT_IT/339271524fa9.npz,122,25.0,4.88,0.9918,1.0,,train
5efe009df14a,I_WAS_STOPPED_BY_SOME_ONE,islsentences,video,,islsentences:clip:5efe009df14a,C:\ISL\Videos_Sentence_Level\i was stopped by some one\MVI_6504.MP4,data/processed/landmarks/islsentences/I_WAS_STOPPED_BY_SOME_ONE/5efe009df14a.npz,121,25.0,4.84,0.7025,1.0,,train
8da2d0cb6676,I_WAS_STOPPED_BY_SOME_ONE,islsentences,video,,islsentences:clip:8da2d0cb6676,C:\ISL\Videos_Sentence_Level\i was stopped by some one\MVI_6955.MP4,data/processed/landmarks/islsentences/I_WAS_STOPPED_BY_SOME_ONE/8da2d0cb6676.npz,116,25.0,4.64,0.7845,1.0,,train
9b1527aa44dd,I_WAS_STOPPED_BY_SOME_ONE,islsentences,video,,islsentences:clip:9b1527aa44dd,C:\ISL\Videos_Sentence_Level\i was stopped by some one\i was stopped by someone (2).mp4,data/processed/landmarks/islsentences/I_WAS_STOPPED_BY_SOME_ONE/9b1527aa44dd.npz,125,25.0,5.0,0.968,1.0,,train
df1c9d7387f7,I_WAS_STOPPED_BY_SOME_ONE,islsentences,video,,islsentences:clip:df1c9d7387f7,C:\ISL\Videos_Sentence_Level\i was stopped by some one\i was stopped by someone.mp4,data/processed/landmarks/islsentences/I_WAS_STOPPED_BY_SOME_ONE/df1c9d7387f7.npz,75,25.0,3.0,0.9333,1.0,,train
b4e29bcd08b9,I_WAS_STOPPED_BY_SOME_ONE,islsentences,video,,islsentences:clip:b4e29bcd08b9,C:\ISL\Videos_Sentence_Level\i was stopped by some one\stopped.MP4,data/processed/landmarks/islsentences/I_WAS_STOPPED_BY_SOME_ONE/b4e29bcd08b9.npz,118,25.0,4.72,0.5932,1.0,,train
62786c5bd778,LET_HIM_TAKE_TIME,islsentences,video,,islsentences:clip:62786c5bd778,C:\ISL\Videos_Sentence_Level\let him take time\let him take time (2).mp4,data/processed/landmarks/islsentences/LET_HIM_TAKE_TIME/62786c5bd778.npz,75,25.0,3.0,0.9733,1.0,,train
23240e4ed049,LET_HIM_TAKE_TIME,islsentences,video,,islsentences:clip:23240e4ed049,C:\ISL\Videos_Sentence_Level\let him take time\let him take time.mp4,data/processed/landmarks/islsentences/LET_HIM_TAKE_TIME/23240e4ed049.npz,75,25.0,3.0,0.9467,1.0,,train
14d277fb0e85,LET_HIM_TAKE_TIME,islsentences,video,,islsentences:clip:14d277fb0e85,C:\ISL\Videos_Sentence_Level\let him take time\time (4).MP4,data/processed/landmarks/islsentences/LET_HIM_TAKE_TIME/14d277fb0e85.npz,101,25.0,4.04,0.7723,1.0,,train
2673601c2d49,LET_HIM_TAKE_TIME,islsentences,video,,islsentences:clip:2673601c2d49,C:\ISL\Videos_Sentence_Level\let him take time\time (5).MP4,data/processed/landmarks/islsentences/LET_HIM_TAKE_TIME/2673601c2d49.npz,90,25.0,3.6,0.9889,1.0,,train
13c5ef462ab7,LET_HIM_TAKE_TIME,islsentences,video,,islsentences:clip:13c5ef462ab7,C:\ISL\Videos_Sentence_Level\let him take time\time.MP4,data/processed/landmarks/islsentences/LET_HIM_TAKE_TIME/13c5ef462ab7.npz,95,25.0,3.8,0.6737,1.0,,train
72f4036cca45,MY_NAME_IS_XXXXXXXX,islsentences,video,,islsentences:clip:72f4036cca45,C:\ISL\Videos_Sentence_Level\my name is xxxxxxxx\my name is xxxxxxxx (3).MP4,data/processed/landmarks/islsentences/MY_NAME_IS_XXXXXXXX/72f4036cca45.npz,56,25.0,2.24,0.6429,1.0,,train
7ce63e8bebd7,MY_NAME_IS_XXXXXXXX,islsentences,video,,islsentences:clip:7ce63e8bebd7,C:\ISL\Videos_Sentence_Level\my name is xxxxxxxx\my name is xxxxxxxx (5).MP4,data/processed/landmarks/islsentences/MY_NAME_IS_XXXXXXXX/7ce63e8bebd7.npz,67,25.0,2.68,0.7761,1.0,,train
defef39d207b,MY_NAME_IS_XXXXXXXX,islsentences,video,,islsentences:clip:defef39d207b,C:\ISL\Videos_Sentence_Level\my name is xxxxxxxx\my name is xxxxxxxx (6).mp4,data/processed/landmarks/islsentences/MY_NAME_IS_XXXXXXXX/defef39d207b.npz,50,25.0,2.0,1.0,1.0,,train
eadc915388ba,MY_NAME_IS_XXXXXXXX,islsentences,video,,islsentences:clip:eadc915388ba,C:\ISL\Videos_Sentence_Level\my name is xxxxxxxx\my name is xxxxxxxx (7).mp4,data/processed/landmarks/islsentences/MY_NAME_IS_XXXXXXXX/eadc915388ba.npz,75,25.0,3.0,0.8133,1.0,,train
8485e2d0600d,NICE_TO_MEET_YOU,islsentences,video,,islsentences:clip:8485e2d0600d,C:\ISL\Videos_Sentence_Level\nice to meet you\nice to meet you (3).MP4,data/processed/landmarks/islsentences/NICE_TO_MEET_YOU/8485e2d0600d.npz,115,25.0,4.6,0.9913,1.0,,train
2050a71358b9,NICE_TO_MEET_YOU,islsentences,video,,islsentences:clip:2050a71358b9,C:\ISL\Videos_Sentence_Level\nice to meet you\nice to meet you (4).MP4,data/processed/landmarks/islsentences/NICE_TO_MEET_YOU/2050a71358b9.npz,111,25.0,4.44,0.5315,1.0,,train
2711e76ba8c6,NICE_TO_MEET_YOU,islsentences,video,,islsentences:clip:2711e76ba8c6,C:\ISL\Videos_Sentence_Level\nice to meet you\nice to meet you (5).MP4,data/processed/landmarks/islsentences/NICE_TO_MEET_YOU/2711e76ba8c6.npz,128,25.0,5.12,0.5859,1.0,,train
83318717692b,NICE_TO_MEET_YOU,islsentences,video,,islsentences:clip:83318717692b,C:\ISL\Videos_Sentence_Level\nice to meet you\nice to meet you (7).mp4,data/processed/landmarks/islsentences/NICE_TO_MEET_YOU/83318717692b.npz,50,25.0,2.0,1.0,1.0,,train
074297ad2684,NICE_TO_MEET_YOU,islsentences,video,,islsentences:clip:074297ad2684,C:\ISL\Videos_Sentence_Level\nice to meet you\nice to meet you (8).mp4,data/processed/landmarks/islsentences/NICE_TO_MEET_YOU/074297ad2684.npz,99,25.0,3.96,0.9192,1.0,,train
744711ffdeae,NOW_ONWARDS_HE_WILL_NEVER_HURT_YOU,islsentences,video,,islsentences:clip:744711ffdeae,C:\ISL\Videos_Sentence_Level\now onwards he will never hurt you\never hurt (2).MP4,data/processed/landmarks/islsentences/NOW_ONWARDS_HE_WILL_NEVER_HURT_YOU/744711ffdeae.npz,131,25.0,5.24,0.7099,1.0,,train
482e0f778015,NOW_ONWARDS_HE_WILL_NEVER_HURT_YOU,islsentences,video,,islsentences:clip:482e0f778015,C:\ISL\Videos_Sentence_Level\now onwards he will never hurt you\never hurt (5).MP4,data/processed/landmarks/islsentences/NOW_ONWARDS_HE_WILL_NEVER_HURT_YOU/482e0f778015.npz,179,25.0,7.16,0.9721,1.0,,train
23be001262c9,NOW_ONWARDS_HE_WILL_NEVER_HURT_YOU,islsentences,video,,islsentences:clip:23be001262c9,C:\ISL\Videos_Sentence_Level\now onwards he will never hurt you\never hurt.MP4,data/processed/landmarks/islsentences/NOW_ONWARDS_HE_WILL_NEVER_HURT_YOU/23be001262c9.npz,146,25.0,5.84,0.7397,1.0,,train
9af64cb5680a,NOW_ONWARDS_HE_WILL_NEVER_HURT_YOU,islsentences,video,,islsentences:clip:9af64cb5680a,C:\ISL\Videos_Sentence_Level\now onwards he will never hurt you\now onwards he will never hurt you.mp4,data/processed/landmarks/islsentences/NOW_ONWARDS_HE_WILL_NEVER_HURT_YOU/9af64cb5680a.npz,100,25.0,4.0,0.99,1.0,,train
8deb3f2d56dc,NO_NEED_TO_WORRY_DONT_WORRY,islsentences,video,,islsentences:clip:8deb3f2d56dc,C:\ISL\Videos_Sentence_Level\No need to worry dont worry\MVI_6496.MP4,data/processed/landmarks/islsentences/NO_NEED_TO_WORRY_DONT_WORRY/8deb3f2d56dc.npz,97,25.0,3.88,0.5361,1.0,,train
d07f19bbdd1e,POUR_SOME_MORE_WATER_INTO_THE_GLASS,islsentences,video,,islsentences:clip:d07f19bbdd1e,C:\ISL\Videos_Sentence_Level\pour some more water into the glass\pour (2).MP4,data/processed/landmarks/islsentences/POUR_SOME_MORE_WATER_INTO_THE_GLASS/d07f19bbdd1e.npz,93,25.0,3.72,0.5806,1.0,,train
8d5ed5ee3fe3,POUR_SOME_MORE_WATER_INTO_THE_GLASS,islsentences,video,,islsentences:clip:8d5ed5ee3fe3,C:\ISL\Videos_Sentence_Level\pour some more water into the glass\pour (4).MP4,data/processed/landmarks/islsentences/POUR_SOME_MORE_WATER_INTO_THE_GLASS/8d5ed5ee3fe3.npz,92,25.0,3.68,1.0,1.0,,train
9313c33be374,POUR_SOME_MORE_WATER_INTO_THE_GLASS,islsentences,video,,islsentences:clip:9313c33be374,C:\ISL\Videos_Sentence_Level\pour some more water into the glass\pour (5).MP4,data/processed/landmarks/islsentences/POUR_SOME_MORE_WATER_INTO_THE_GLASS/9313c33be374.npz,96,25.0,3.84,0.9167,1.0,,train
320a98e08a6f,POUR_SOME_MORE_WATER_INTO_THE_GLASS,islsentences,video,,islsentences:clip:320a98e08a6f,C:\ISL\Videos_Sentence_Level\pour some more water into the glass\pour some more water into the glass (2).mp4,data/processed/landmarks/islsentences/POUR_SOME_MORE_WATER_INTO_THE_GLASS/320a98e08a6f.npz,75,25.0,3.0,0.9733,1.0,,train
cf6e7d8130ae,POUR_SOME_MORE_WATER_INTO_THE_GLASS,islsentences,video,,islsentences:clip:cf6e7d8130ae,C:\ISL\Videos_Sentence_Level\pour some more water into the glass\pour.MP4,data/processed/landmarks/islsentences/POUR_SOME_MORE_WATER_INTO_THE_GLASS/cf6e7d8130ae.npz,100,25.0,4.0,0.54,1.0,,train
41a3d8f9d0e5,PREPARE_THE_BED,islsentences,video,,islsentences:clip:41a3d8f9d0e5,C:\ISL\Videos_Sentence_Level\prepare the bed\bed (3).MP4,data/processed/landmarks/islsentences/PREPARE_THE_BED/41a3d8f9d0e5.npz,145,25.0,5.8,0.6828,1.0,,train
a11383e8604a,PREPARE_THE_BED,islsentences,video,,islsentences:clip:a11383e8604a,C:\ISL\Videos_Sentence_Level\prepare the bed\bed (4).MP4,data/processed/landmarks/islsentences/PREPARE_THE_BED/a11383e8604a.npz,110,25.0,4.4,0.6455,1.0,,train
e6ba9e84aae2,PREPARE_THE_BED,islsentences,video,,islsentences:clip:e6ba9e84aae2,C:\ISL\Videos_Sentence_Level\prepare the bed\bed (5).MP4,data/processed/landmarks/islsentences/PREPARE_THE_BED/e6ba9e84aae2.npz,120,25.0,4.8,0.725,1.0,,train
c2b682d20662,PREPARE_THE_BED,islsentences,video,,islsentences:clip:c2b682d20662,C:\ISL\Videos_Sentence_Level\prepare the bed\prepare the bed (2).mp4,data/processed/landmarks/islsentences/PREPARE_THE_BED/c2b682d20662.npz,75,25.0,3.0,0.84,1.0,,train
cabcedbd7321,PREPARE_THE_BED,islsentences,video,,islsentences:clip:cabcedbd7321,C:\ISL\Videos_Sentence_Level\prepare the bed\prepare the bed.mp4,data/processed/landmarks/islsentences/PREPARE_THE_BED/cabcedbd7321.npz,100,25.0,4.0,0.63,1.0,,train
7c17cedb466f,SERVE_THE_FOOD,islsentences,video,,islsentences:clip:7c17cedb466f,C:\ISL\Videos_Sentence_Level\serve the food\serve (3).MP4,data/processed/landmarks/islsentences/SERVE_THE_FOOD/7c17cedb466f.npz,166,25.0,6.64,0.7289,1.0,,train
c6ab0ba340a2,SERVE_THE_FOOD,islsentences,video,,islsentences:clip:c6ab0ba340a2,C:\ISL\Videos_Sentence_Level\serve the food\serve (4).MP4,data/processed/landmarks/islsentences/SERVE_THE_FOOD/c6ab0ba340a2.npz,125,25.0,5.0,0.768,1.0,,train
dcb4f258e22c,SERVE_THE_FOOD,islsentences,video,,islsentences:clip:dcb4f258e22c,C:\ISL\Videos_Sentence_Level\serve the food\serve (5).MP4,data/processed/landmarks/islsentences/SERVE_THE_FOOD/dcb4f258e22c.npz,112,25.0,4.48,0.9732,1.0,,train
1944a4a409fe,SERVE_THE_FOOD,islsentences,video,,islsentences:clip:1944a4a409fe,C:\ISL\Videos_Sentence_Level\serve the food\serve 1.MP4,data/processed/landmarks/islsentences/SERVE_THE_FOOD/1944a4a409fe.npz,142,25.0,5.68,0.7676,1.0,,train
ce0b7e721190,SERVE_THE_FOOD,islsentences,video,,islsentences:clip:ce0b7e721190,C:\ISL\Videos_Sentence_Level\serve the food\serve food.MP4,data/processed/landmarks/islsentences/SERVE_THE_FOOD/ce0b7e721190.npz,120,25.0,4.8,0.7583,1.0,,train
b7a0c6034993,SERVE_THE_FOOD,islsentences,video,,islsentences:clip:b7a0c6034993,C:\ISL\Videos_Sentence_Level\serve the food\serve the food.mp4,data/processed/landmarks/islsentences/SERVE_THE_FOOD/b7a0c6034993.npz,75,25.0,3.0,0.92,1.0,,train
f340731f1283,SHALL_WE_GO_OUTSIDE,islsentences,video,,islsentences:clip:f340731f1283,C:\ISL\Videos_Sentence_Level\shall we go outside\outside (2).MP4,data/processed/landmarks/islsentences/SHALL_WE_GO_OUTSIDE/f340731f1283.npz,107,25.0,4.28,0.6636,1.0,,train
a5a45fa978e3,SHALL_WE_GO_OUTSIDE,islsentences,video,,islsentences:clip:a5a45fa978e3,C:\ISL\Videos_Sentence_Level\shall we go outside\outside (3).MP4,data/processed/landmarks/islsentences/SHALL_WE_GO_OUTSIDE/a5a45fa978e3.npz,97,25.0,3.88,0.8866,1.0,,train
3a227dab47e9,SHALL_WE_GO_OUTSIDE,islsentences,video,,islsentences:clip:3a227dab47e9,C:\ISL\Videos_Sentence_Level\shall we go outside\outside (4).MP4,data/processed/landmarks/islsentences/SHALL_WE_GO_OUTSIDE/3a227dab47e9.npz,122,25.0,4.88,0.9918,1.0,,train
ccbc96a86560,SHALL_WE_GO_OUTSIDE,islsentences,video,,islsentences:clip:ccbc96a86560,C:\ISL\Videos_Sentence_Level\shall we go outside\outside.MP4,data/processed/landmarks/islsentences/SHALL_WE_GO_OUTSIDE/ccbc96a86560.npz,108,25.0,4.32,0.787,1.0,,train
7ded10a14c5d,SHALL_WE_GO_OUTSIDE,islsentences,video,,islsentences:clip:7ded10a14c5d,C:\ISL\Videos_Sentence_Level\shall we go outside\shall we go outside.mp4,data/processed/landmarks/islsentences/SHALL_WE_GO_OUTSIDE/7ded10a14c5d.npz,75,25.0,3.0,0.7733,1.0,,train
c0d38500f425,SPEAK_SOFTLY,islsentences,video,,islsentences:clip:c0d38500f425,C:\ISL\Videos_Sentence_Level\speak softly\softly (3).MP4,data/processed/landmarks/islsentences/SPEAK_SOFTLY/c0d38500f425.npz,101,25.0,4.04,0.505,1.0,,train
a4bef45cf7f8,SPEAK_SOFTLY,islsentences,video,,islsentences:clip:a4bef45cf7f8,C:\ISL\Videos_Sentence_Level\speak softly\softly (5).MP4,data/processed/landmarks/islsentences/SPEAK_SOFTLY/a4bef45cf7f8.npz,75,25.0,3.0,0.9867,1.0,,train
0219a84477e0,SPEAK_SOFTLY,islsentences,video,,islsentences:clip:0219a84477e0,C:\ISL\Videos_Sentence_Level\speak softly\softly 1.MP4,data/processed/landmarks/islsentences/SPEAK_SOFTLY/0219a84477e0.npz,90,25.0,3.6,0.6889,1.0,,train
2f0d6362043f,SPEAK_SOFTLY,islsentences,video,,islsentences:clip:2f0d6362043f,C:\ISL\Videos_Sentence_Level\speak softly\softly.MP4,data/processed/landmarks/islsentences/SPEAK_SOFTLY/2f0d6362043f.npz,89,25.0,3.56,0.618,1.0,,train
533bd95f1ffb,SPEAK_SOFTLY,islsentences,video,,islsentences:clip:533bd95f1ffb,C:\ISL\Videos_Sentence_Level\speak softly\speak softly (2).mp4,data/processed/landmarks/islsentences/SPEAK_SOFTLY/533bd95f1ffb.npz,75,25.0,3.0,0.9067,1.0,,train
e9b002536ca3,SPEAK_SOFTLY,islsentences,video,,islsentences:clip:e9b002536ca3,C:\ISL\Videos_Sentence_Level\speak softly\speak softly.mp4,data/processed/landmarks/islsentences/SPEAK_SOFTLY/e9b002536ca3.npz,25,25.0,1.0,1.0,1.0,,train
a14916f890bc,TAKE_CARE_OF_YOURSELF,islsentences,video,,islsentences:clip:a14916f890bc,C:\ISL\Videos_Sentence_Level\take care of yourself\take care (3).MP4,data/processed/landmarks/islsentences/TAKE_CARE_OF_YOURSELF/a14916f890bc.npz,121,25.0,4.84,0.7603,1.0,,train
59bdbe35fc45,TAKE_CARE_OF_YOURSELF,islsentences,video,,islsentences:clip:59bdbe35fc45,C:\ISL\Videos_Sentence_Level\take care of yourself\take care (4).MP4,data/processed/landmarks/islsentences/TAKE_CARE_OF_YOURSELF/59bdbe35fc45.npz,102,25.0,4.08,0.7843,1.0,,train
0318c64c34fd,TAKE_CARE_OF_YOURSELF,islsentences,video,,islsentences:clip:0318c64c34fd,C:\ISL\Videos_Sentence_Level\take care of yourself\take care (5).MP4,data/processed/landmarks/islsentences/TAKE_CARE_OF_YOURSELF/0318c64c34fd.npz,120,25.0,4.8,0.9917,1.0,,train
22cf387facff,TAKE_CARE_OF_YOURSELF,islsentences,video,,islsentences:clip:22cf387facff,C:\ISL\Videos_Sentence_Level\take care of yourself\take care of yourself (2).mp4,data/processed/landmarks/islsentences/TAKE_CARE_OF_YOURSELF/22cf387facff.npz,50,25.0,2.0,0.9,1.0,,train
fef9e3b884c0,TAKE_CARE_OF_YOURSELF,islsentences,video,,islsentences:clip:fef9e3b884c0,C:\ISL\Videos_Sentence_Level\take care of yourself\take care of yourself.mp4,data/processed/landmarks/islsentences/TAKE_CARE_OF_YOURSELF/fef9e3b884c0.npz,75,25.0,3.0,1.0,1.0,,train
64de86325c1a,TELL_ME_TRUTH,islsentences,video,,islsentences:clip:64de86325c1a,C:\ISL\Videos_Sentence_Level\tell me truth\tell me truth.mp4,data/processed/landmarks/islsentences/TELL_ME_TRUTH/64de86325c1a.npz,50,25.0,2.0,0.5,1.0,,train
0ed53acaa783,TELL_ME_TRUTH,islsentences,video,,islsentences:clip:0ed53acaa783,C:\ISL\Videos_Sentence_Level\tell me truth\truth (2).MP4,data/processed/landmarks/islsentences/TELL_ME_TRUTH/0ed53acaa783.npz,84,25.0,3.36,0.5476,1.0,,train
edd336110484,TELL_ME_TRUTH,islsentences,video,,islsentences:clip:edd336110484,C:\ISL\Videos_Sentence_Level\tell me truth\truth (3).MP4,data/processed/landmarks/islsentences/TELL_ME_TRUTH/edd336110484.npz,73,25.0,2.92,0.6849,1.0,,train
82ddc2a34ee7,TELL_ME_TRUTH,islsentences,video,,islsentences:clip:82ddc2a34ee7,C:\ISL\Videos_Sentence_Level\tell me truth\truth (4).MP4,data/processed/landmarks/islsentences/TELL_ME_TRUTH/82ddc2a34ee7.npz,81,25.0,3.24,0.9753,1.0,,train
9dc768b5370f,THANK_YOU_SO_MUCH,islsentences,video,,islsentences:clip:9dc768b5370f,C:\ISL\Videos_Sentence_Level\thank you so much\thank you so much (1).MP4,data/processed/landmarks/islsentences/THANK_YOU_SO_MUCH/9dc768b5370f.npz,108,25.0,4.32,0.7778,1.0,,train
a3f7e6be6f44,THANK_YOU_SO_MUCH,islsentences,video,,islsentences:clip:a3f7e6be6f44,C:\ISL\Videos_Sentence_Level\thank you so much\thank you so much (4).MP4,data/processed/landmarks/islsentences/THANK_YOU_SO_MUCH/a3f7e6be6f44.npz,100,25.0,4.0,0.58,1.0,,train
0bf42fcc585f,THANK_YOU_SO_MUCH,islsentences,video,,islsentences:clip:0bf42fcc585f,C:\ISL\Videos_Sentence_Level\thank you so much\thank you so much (5).MP4,data/processed/landmarks/islsentences/THANK_YOU_SO_MUCH/0bf42fcc585f.npz,81,25.0,3.24,0.6543,1.0,,train
ab8d8dde2341,THAT_IS_SO_KIND_OF_YOU,islsentences,video,,islsentences:clip:ab8d8dde2341,C:\ISL\Videos_Sentence_Level\that is so kind of you\MVI_6106.MP4,data/processed/landmarks/islsentences/THAT_IS_SO_KIND_OF_YOU/ab8d8dde2341.npz,100,25.0,4.0,1.0,1.0,,train
ed84edf25e8e,THAT_IS_SO_KIND_OF_YOU,islsentences,video,,islsentences:clip:ed84edf25e8e,C:\ISL\Videos_Sentence_Level\that is so kind of you\MVI_6396.MP4,data/processed/landmarks/islsentences/THAT_IS_SO_KIND_OF_YOU/ed84edf25e8e.npz,116,25.0,4.64,0.5086,1.0,,train
234ac2aeecd7,THAT_IS_SO_KIND_OF_YOU,islsentences,video,,islsentences:clip:234ac2aeecd7,C:\ISL\Videos_Sentence_Level\that is so kind of you\MVI_6722.MP4,data/processed/landmarks/islsentences/THAT_IS_SO_KIND_OF_YOU/234ac2aeecd7.npz,94,25.0,3.76,0.6702,1.0,,train
d384ad21e3b0,THAT_IS_SO_KIND_OF_YOU,islsentences,video,,islsentences:clip:d384ad21e3b0,C:\ISL\Videos_Sentence_Level\that is so kind of you\that is so kind of you (2).mp4,data/processed/landmarks/islsentences/THAT_IS_SO_KIND_OF_YOU/d384ad21e3b0.npz,75,25.0,3.0,1.0,1.0,,train
38489aba7588,THAT_IS_SO_KIND_OF_YOU,islsentences,video,,islsentences:clip:38489aba7588,C:\ISL\Videos_Sentence_Level\that is so kind of you\that is so kind of you.mp4,data/processed/landmarks/islsentences/THAT_IS_SO_KIND_OF_YOU/38489aba7588.npz,75,25.0,3.0,1.0,1.0,,train
2ff7fede2e89,THIS_PLACE_IS_BEAUTIFUL,islsentences,video,,islsentences:clip:2ff7fede2e89,C:\ISL\Videos_Sentence_Level\This place is beautiful\beautiful (3).MP4,data/processed/landmarks/islsentences/THIS_PLACE_IS_BEAUTIFUL/2ff7fede2e89.npz,95,25.0,3.8,0.7684,1.0,,train
cab24e459edc,THIS_PLACE_IS_BEAUTIFUL,islsentences,video,,islsentences:clip:cab24e459edc,C:\ISL\Videos_Sentence_Level\This place is beautiful\beautiful (4).MP4,data/processed/landmarks/islsentences/THIS_PLACE_IS_BEAUTIFUL/cab24e459edc.npz,112,25.0,4.48,0.8393,1.0,,train
5f2738fb8b85,THIS_PLACE_IS_BEAUTIFUL,islsentences,video,,islsentences:clip:5f2738fb8b85,C:\ISL\Videos_Sentence_Level\This place is beautiful\beautiful.MP4,data/processed/landmarks/islsentences/THIS_PLACE_IS_BEAUTIFUL/5f2738fb8b85.npz,97,25.0,3.88,0.6495,1.0,,train
df9167ef7133,THIS_PLACE_IS_BEAUTIFUL,islsentences,video,,islsentences:clip:df9167ef7133,C:\ISL\Videos_Sentence_Level\This place is beautiful\this place is beautiful (2).mp4,data/processed/landmarks/islsentences/THIS_PLACE_IS_BEAUTIFUL/df9167ef7133.npz,50,25.0,2.0,0.74,1.0,,train
eb0ddbdb7da0,THIS_PLACE_IS_BEAUTIFUL,islsentences,video,,islsentences:clip:eb0ddbdb7da0,C:\ISL\Videos_Sentence_Level\This place is beautiful\this place is beautiful.mp4,data/processed/landmarks/islsentences/THIS_PLACE_IS_BEAUTIFUL/eb0ddbdb7da0.npz,75,25.0,3.0,0.6267,1.0,,train
753be161486c,TRY_TO_UNDERSTAND,islsentences,video,,islsentences:clip:753be161486c,C:\ISL\Videos_Sentence_Level\try to understand\try to understand.mp4,data/processed/landmarks/islsentences/TRY_TO_UNDERSTAND/753be161486c.npz,75,25.0,3.0,0.9733,1.0,,train
e86d49da246f,TRY_TO_UNDERSTAND,islsentences,video,,islsentences:clip:e86d49da246f,C:\ISL\Videos_Sentence_Level\try to understand\understand (2).MP4,data/processed/landmarks/islsentences/TRY_TO_UNDERSTAND/e86d49da246f.npz,145,25.0,5.8,0.8207,1.0,,train
a783af1d151e,TRY_TO_UNDERSTAND,islsentences,video,,islsentences:clip:a783af1d151e,C:\ISL\Videos_Sentence_Level\try to understand\understand (4).MP4,data/processed/landmarks/islsentences/TRY_TO_UNDERSTAND/a783af1d151e.npz,130,25.0,5.2,0.8,1.0,,train
b946e0b661f7,TRY_TO_UNDERSTAND,islsentences,video,,islsentences:clip:b946e0b661f7,C:\ISL\Videos_Sentence_Level\try to understand\understand (5).MP4,data/processed/landmarks/islsentences/TRY_TO_UNDERSTAND/b946e0b661f7.npz,145,25.0,5.8,0.9862,1.0,,train
4050d2a8353b,TRY_TO_UNDERSTAND,islsentences,video,,islsentences:clip:4050d2a8353b,C:\ISL\Videos_Sentence_Level\try to understand\understand.MP4,data/processed/landmarks/islsentences/TRY_TO_UNDERSTAND/4050d2a8353b.npz,119,25.0,4.76,0.7815,1.0,,train
d76bfd224f21,TURN_ON_LIGHT_TURN_OFF_LIGHT,islsentences,video,,islsentences:clip:d76bfd224f21,C:\ISL\Videos_Sentence_Level\turn on light turn off light\turn on (2).MP4,data/processed/landmarks/islsentences/TURN_ON_LIGHT_TURN_OFF_LIGHT/d76bfd224f21.npz,74,25.0,2.96,0.5135,1.0,,train
b026d85da418,TURN_ON_LIGHT_TURN_OFF_LIGHT,islsentences,video,,islsentences:clip:b026d85da418,C:\ISL\Videos_Sentence_Level\turn on light turn off light\turn on (4).MP4,data/processed/landmarks/islsentences/TURN_ON_LIGHT_TURN_OFF_LIGHT/b026d85da418.npz,66,25.0,2.64,0.5152,1.0,,train
613665e60fad,TURN_ON_LIGHT_TURN_OFF_LIGHT,islsentences,video,,islsentences:clip:613665e60fad,C:\ISL\Videos_Sentence_Level\turn on light turn off light\turn on lightturn off light.mp4,data/processed/landmarks/islsentences/TURN_ON_LIGHT_TURN_OFF_LIGHT/613665e60fad.npz,50,25.0,2.0,1.0,1.0,,train
706f596d6631,WEAR_THE_SHIRT,islsentences,video,,islsentences:clip:706f596d6631,C:\ISL\Videos_Sentence_Level\wear the shirt\shirt (5).MP4,data/processed/landmarks/islsentences/WEAR_THE_SHIRT/706f596d6631.npz,100,25.0,4.0,0.92,1.0,,train
0c3d2fe42b59,WEAR_THE_SHIRT,islsentences,video,,islsentences:clip:0c3d2fe42b59,C:\ISL\Videos_Sentence_Level\wear the shirt\shirt.MP4,data/processed/landmarks/islsentences/WEAR_THE_SHIRT/0c3d2fe42b59.npz,82,25.0,3.28,0.5732,1.0,,train
895bdc2d1971,WEAR_THE_SHIRT,islsentences,video,,islsentences:clip:895bdc2d1971,C:\ISL\Videos_Sentence_Level\wear the shirt\wear the shirt (2).mp4,data/processed/landmarks/islsentences/WEAR_THE_SHIRT/895bdc2d1971.npz,50,25.0,2.0,0.72,0.98,,train
9179df587f1b,WEAR_THE_SHIRT,islsentences,video,,islsentences:clip:9179df587f1b,C:\ISL\Videos_Sentence_Level\wear the shirt\wear the shirt.mp4,data/processed/landmarks/islsentences/WEAR_THE_SHIRT/9179df587f1b.npz,50,25.0,2.0,0.52,1.0,,train
e87eb0603749,WE_ARE_ALL_WITH_YOU,islsentences,video,,islsentences:clip:e87eb0603749,C:\ISL\Videos_Sentence_Level\we are all with you\MVI_6957.MP4,data/processed/landmarks/islsentences/WE_ARE_ALL_WITH_YOU/e87eb0603749.npz,99,25.0,3.96,0.5455,1.0,,train
d519a7fd7e32,WE_ARE_ALL_WITH_YOU,islsentences,video,,islsentences:clip:d519a7fd7e32,C:\ISL\Videos_Sentence_Level\we are all with you\all.MP4,data/processed/landmarks/islsentences/WE_ARE_ALL_WITH_YOU/d519a7fd7e32.npz,114,25.0,4.56,0.5088,1.0,,train
ce07a719a2cf,WE_ARE_ALL_WITH_YOU,islsentences,video,,islsentences:clip:ce07a719a2cf,C:\ISL\Videos_Sentence_Level\we are all with you\we are all with you (2).mp4,data/processed/landmarks/islsentences/WE_ARE_ALL_WITH_YOU/ce07a719a2cf.npz,50,25.0,2.0,0.56,1.0,,train
84558ff42ecf,WHAT_ARE_YOU_DOING,islsentences,video,,islsentences:clip:84558ff42ecf,C:\ISL\Videos_Sentence_Level\what are you doing\what are you doing (1).MP4,data/processed/landmarks/islsentences/WHAT_ARE_YOU_DOING/84558ff42ecf.npz,93,25.0,3.72,0.957,1.0,,train
827efdcc070e,WHAT_ARE_YOU_DOING,islsentences,video,,islsentences:clip:827efdcc070e,C:\ISL\Videos_Sentence_Level\what are you doing\what are you doing (3).MP4,data/processed/landmarks/islsentences/WHAT_ARE_YOU_DOING/827efdcc070e.npz,92,25.0,3.68,0.587,1.0,,train
76c63ea761dd,WHAT_ARE_YOU_DOING,islsentences,video,,islsentences:clip:76c63ea761dd,C:\ISL\Videos_Sentence_Level\what are you doing\what are you doing (4).MP4,data/processed/landmarks/islsentences/WHAT_ARE_YOU_DOING/76c63ea761dd.npz,93,25.0,3.72,0.6667,1.0,,train
8c0e246e2a79,WHAT_ARE_YOU_DOING,islsentences,video,,islsentences:clip:8c0e246e2a79,C:\ISL\Videos_Sentence_Level\what are you doing\what are you doing (6).MP4,data/processed/landmarks/islsentences/WHAT_ARE_YOU_DOING/8c0e246e2a79.npz,99,25.0,3.96,0.7273,1.0,,train
c382cfbc3f5a,WHAT_ARE_YOU_DOING,islsentences,video,,islsentences:clip:c382cfbc3f5a,C:\ISL\Videos_Sentence_Level\what are you doing\what are you doing (8).mp4,data/processed/landmarks/islsentences/WHAT_ARE_YOU_DOING/c382cfbc3f5a.npz,75,25.0,3.0,1.0,1.0,,train
0966be7dcd2e,WHAT_DID_YOU_TELL_HIM,islsentences,video,,islsentences:clip:0966be7dcd2e,C:\ISL\Videos_Sentence_Level\what did you tell him\MVI_6497.MP4,data/processed/landmarks/islsentences/WHAT_DID_YOU_TELL_HIM/0966be7dcd2e.npz,83,25.0,3.32,0.6265,1.0,,train
3f7cfe3e6989,WHAT_DID_YOU_TELL_HIM,islsentences,video,,islsentences:clip:3f7cfe3e6989,C:\ISL\Videos_Sentence_Level\what did you tell him\tell him (3).MP4,data/processed/landmarks/islsentences/WHAT_DID_YOU_TELL_HIM/3f7cfe3e6989.npz,106,25.0,4.24,0.6887,1.0,,train
582ce94d1f30,WHAT_DID_YOU_TELL_HIM,islsentences,video,,islsentences:clip:582ce94d1f30,C:\ISL\Videos_Sentence_Level\what did you tell him\tell him (4).MP4,data/processed/landmarks/islsentences/WHAT_DID_YOU_TELL_HIM/582ce94d1f30.npz,102,25.0,4.08,1.0,1.0,,train
b7a7140086a9,WHAT_DID_YOU_TELL_HIM,islsentences,video,,islsentences:clip:b7a7140086a9,C:\ISL\Videos_Sentence_Level\what did you tell him\tell him.MP4,data/processed/landmarks/islsentences/WHAT_DID_YOU_TELL_HIM/b7a7140086a9.npz,77,25.0,3.08,0.6623,1.0,,train
0873b0058e14,WHAT_DID_YOU_TELL_HIM,islsentences,video,,islsentences:clip:0873b0058e14,C:\ISL\Videos_Sentence_Level\what did you tell him\what did you tell him.mp4,data/processed/landmarks/islsentences/WHAT_DID_YOU_TELL_HIM/0873b0058e14.npz,50,25.0,2.0,1.0,1.0,,train
81f27145ed00,WHAT_DO_YOU_DO,islsentences,video,,islsentences:clip:81f27145ed00,C:\ISL\Videos_Sentence_Level\what do you do\what do you do (1).MP4,data/processed/landmarks/islsentences/WHAT_DO_YOU_DO/81f27145ed00.npz,92,25.0,3.68,0.6522,1.0,,train
873a736f0c15,WHAT_DO_YOU_DO,islsentences,video,,islsentences:clip:873a736f0c15,C:\ISL\Videos_Sentence_Level\what do you do\what do you do (5).MP4,data/processed/landmarks/islsentences/WHAT_DO_YOU_DO/873a736f0c15.npz,89,25.0,3.56,0.7753,1.0,,train
cf0a81b4c9d1,WHAT_DO_YOU_DO,islsentences,video,,islsentences:clip:cf0a81b4c9d1,C:\ISL\Videos_Sentence_Level\what do you do\what do you do (6).mp4,data/processed/landmarks/islsentences/WHAT_DO_YOU_DO/cf0a81b4c9d1.npz,50,25.0,2.0,1.0,1.0,,train
6270827138b1,WHAT_DO_YOU_DO,islsentences,video,,islsentences:clip:6270827138b1,C:\ISL\Videos_Sentence_Level\what do you do\what do you do (7).mp4,data/processed/landmarks/islsentences/WHAT_DO_YOU_DO/6270827138b1.npz,50,25.0,2.0,0.96,1.0,,train
3661822c81a3,WHAT_DO_YOU_THINK,islsentences,video,,islsentences:clip:3661822c81a3,C:\ISL\Videos_Sentence_Level\what do you think\what do you think (1).MP4,data/processed/landmarks/islsentences/WHAT_DO_YOU_THINK/3661822c81a3.npz,99,25.0,3.96,0.6465,1.0,,train
7676b7c65140,WHAT_DO_YOU_THINK,islsentences,video,,islsentences:clip:7676b7c65140,C:\ISL\Videos_Sentence_Level\what do you think\what do you think (6).MP4,data/processed/landmarks/islsentences/WHAT_DO_YOU_THINK/7676b7c65140.npz,86,25.0,3.44,0.7791,1.0,,train
980562ab8d45,WHAT_DO_YOU_THINK,islsentences,video,,islsentences:clip:980562ab8d45,C:\ISL\Videos_Sentence_Level\what do you think\what do you think (7).mp4,data/processed/landmarks/islsentences/WHAT_DO_YOU_THINK/980562ab8d45.npz,25,25.0,1.0,1.0,1.0,,train
c053554ee866,WHAT_DO_YOU_THINK,islsentences,video,,islsentences:clip:c053554ee866,C:\ISL\Videos_Sentence_Level\what do you think\what do you think (8).mp4,data/processed/landmarks/islsentences/WHAT_DO_YOU_THINK/c053554ee866.npz,100,25.0,4.0,0.99,1.0,,train
709194d7c21b,WHAT_DO_YOU_WANT_TO_BECOME,islsentences,video,,islsentences:clip:709194d7c21b,C:\ISL\Videos_Sentence_Level\what do you want to become\become (2).MP4,data/processed/landmarks/islsentences/WHAT_DO_YOU_WANT_TO_BECOME/709194d7c21b.npz,85,25.0,3.4,0.5647,1.0,,train
0434653459f8,WHAT_DO_YOU_WANT_TO_BECOME,islsentences,video,,islsentences:clip:0434653459f8,C:\ISL\Videos_Sentence_Level\what do you want to become\become (4).MP4,data/processed/landmarks/islsentences/WHAT_DO_YOU_WANT_TO_BECOME/0434653459f8.npz,92,25.0,3.68,0.7283,1.0,,train
f6eb34b51884,WHAT_DO_YOU_WANT_TO_BECOME,islsentences,video,,islsentences:clip:f6eb34b51884,C:\ISL\Videos_Sentence_Level\what do you want to become\become (5).MP4,data/processed/landmarks/islsentences/WHAT_DO_YOU_WANT_TO_BECOME/f6eb34b51884.npz,104,25.0,4.16,1.0,1.0,,train
9dfdb40b0515,WHAT_DO_YOU_WANT_TO_BECOME,islsentences,video,,islsentences:clip:9dfdb40b0515,C:\ISL\Videos_Sentence_Level\what do you want to become\become.MP4,data/processed/landmarks/islsentences/WHAT_DO_YOU_WANT_TO_BECOME/9dfdb40b0515.npz,96,25.0,3.84,0.6458,1.0,,train
17b674f930f8,WHAT_DO_YOU_WANT_TO_BECOME,islsentences,video,,islsentences:clip:17b674f930f8,C:\ISL\Videos_Sentence_Level\what do you want to become\what do you want to become.mp4,data/processed/landmarks/islsentences/WHAT_DO_YOU_WANT_TO_BECOME/17b674f930f8.npz,100,25.0,4.0,0.88,1.0,,train
b5b260cf0399,WHAT_HAPPENED,islsentences,video,,islsentences:clip:b5b260cf0399,C:\ISL\Videos_Sentence_Level\what happened\MVI_6495.MP4,data/processed/landmarks/islsentences/WHAT_HAPPENED/b5b260cf0399.npz,94,25.0,3.76,0.5532,1.0,,train
a3f342b0ad83,WHAT_HAPPENED,islsentences,video,,islsentences:clip:a3f342b0ad83,C:\ISL\Videos_Sentence_Level\what happened\happened (3).MP4,data/processed/landmarks/islsentences/WHAT_HAPPENED/a3f342b0ad83.npz,89,25.0,3.56,0.9775,1.0,,train
b32d2b13ea65,WHAT_HAPPENED,islsentences,video,,islsentences:clip:b32d2b13ea65,C:\ISL\Videos_Sentence_Level\what happened\happened.MP4,data/processed/landmarks/islsentences/WHAT_HAPPENED/b32d2b13ea65.npz,62,25.0,2.48,0.6452,1.0,,train
03c0fa9a9a6a,WHAT_HAPPENED,islsentences,video,,islsentences:clip:03c0fa9a9a6a,C:\ISL\Videos_Sentence_Level\what happened\what happened.mp4,data/processed/landmarks/islsentences/WHAT_HAPPENED/03c0fa9a9a6a.npz,75,25.0,3.0,0.9333,1.0,,train
fc05a90d1645,WHAT_HAVE_YOU_PLANNED_FOR_YOUR_CAREER,islsentences,video,,islsentences:clip:fc05a90d1645,C:\ISL\Videos_Sentence_Level\what have you planned for your career\MVI_6499.MP4,data/processed/landmarks/islsentences/WHAT_HAVE_YOU_PLANNED_FOR_YOUR_CAREER/fc05a90d1645.npz,146,25.0,5.84,0.7397,1.0,,train
21327549058e,WHAT_HAVE_YOU_PLANNED_FOR_YOUR_CAREER,islsentences,video,,islsentences:clip:21327549058e,C:\ISL\Videos_Sentence_Level\what have you planned for your career\what have you planned for your career.mp4,data/processed/landmarks/islsentences/WHAT_HAVE_YOU_PLANNED_FOR_YOUR_CAREER/21327549058e.npz,99,25.0,3.96,0.8687,1.0,,train
ed2b67bcc89f,WHAT_IS_YOUR_PHONE_NUMBER,islsentences,video,,islsentences:clip:ed2b67bcc89f,C:\ISL\Videos_Sentence_Level\what is your phone number\what is your phone number (1).MP4,data/processed/landmarks/islsentences/WHAT_IS_YOUR_PHONE_NUMBER/ed2b67bcc89f.npz,147,25.0,5.88,0.6735,1.0,,train
3855cafd2656,WHAT_IS_YOUR_PHONE_NUMBER,islsentences,video,,islsentences:clip:3855cafd2656,C:\ISL\Videos_Sentence_Level\what is your phone number\what is your phone number (3).MP4,data/processed/landmarks/islsentences/WHAT_IS_YOUR_PHONE_NUMBER/3855cafd2656.npz,116,25.0,4.64,0.9052,1.0,,train
1b7a0ef8a1ee,WHAT_IS_YOUR_PHONE_NUMBER,islsentences,video,,islsentences:clip:1b7a0ef8a1ee,C:\ISL\Videos_Sentence_Level\what is your phone number\what is your phone number (4).MP4,data/processed/landmarks/islsentences/WHAT_IS_YOUR_PHONE_NUMBER/1b7a0ef8a1ee.npz,138,25.0,5.52,0.7609,1.0,,train
3944a28a8940,WHAT_IS_YOUR_PHONE_NUMBER,islsentences,video,,islsentences:clip:3944a28a8940,C:\ISL\Videos_Sentence_Level\what is your phone number\what is your phone number (5).MP4,data/processed/landmarks/islsentences/WHAT_IS_YOUR_PHONE_NUMBER/3944a28a8940.npz,134,25.0,5.36,0.7239,1.0,,train
5618bde22a63,WHAT_IS_YOUR_PHONE_NUMBER,islsentences,video,,islsentences:clip:5618bde22a63,C:\ISL\Videos_Sentence_Level\what is your phone number\what is your phone number (6).MP4,data/processed/landmarks/islsentences/WHAT_IS_YOUR_PHONE_NUMBER/5618bde22a63.npz,112,25.0,4.48,0.8036,1.0,,train
09b9b5ee66a2,WHAT_YOU_WANT,islsentences,video,,islsentences:clip:09b9b5ee66a2,C:\ISL\Videos_Sentence_Level\what you want\what you want (3).MP4,data/processed/landmarks/islsentences/WHAT_YOU_WANT/09b9b5ee66a2.npz,92,25.0,3.68,0.5978,1.0,,train
2eba6fd71236,WHAT_YOU_WANT,islsentences,video,,islsentences:clip:2eba6fd71236,C:\ISL\Videos_Sentence_Level\what you want\what you want (5).MP4,data/processed/landmarks/islsentences/WHAT_YOU_WANT/2eba6fd71236.npz,94,25.0,3.76,0.6915,1.0,,train
8d340b3ed621,WHAT_YOU_WANT,islsentences,video,,islsentences:clip:8d340b3ed621,C:\ISL\Videos_Sentence_Level\what you want\what you want (7).mp4,data/processed/landmarks/islsentences/WHAT_YOU_WANT/8d340b3ed621.npz,25,25.0,1.0,1.0,1.0,,train
942e967ffa23,WHAT_YOU_WANT,islsentences,video,,islsentences:clip:942e967ffa23,C:\ISL\Videos_Sentence_Level\what you want\what you want (8).mp4,data/processed/landmarks/islsentences/WHAT_YOU_WANT/942e967ffa23.npz,100,25.0,4.0,0.88,1.0,,train
3dd8e6e1fab3,WHEN_WILL_THE_TRAIN_LEAVE,islsentences,video,,islsentences:clip:3dd8e6e1fab3,C:\ISL\Videos_Sentence_Level\when will the train leave\leave (2).MP4,data/processed/landmarks/islsentences/WHEN_WILL_THE_TRAIN_LEAVE/3dd8e6e1fab3.npz,119,25.0,4.76,0.5966,1.0,,train
33d0f1f4bd72,WHEN_WILL_THE_TRAIN_LEAVE,islsentences,video,,islsentences:clip:33d0f1f4bd72,C:\ISL\Videos_Sentence_Level\when will the train leave\leave (4).MP4,data/processed/landmarks/islsentences/WHEN_WILL_THE_TRAIN_LEAVE/33d0f1f4bd72.npz,107,25.0,4.28,0.5794,1.0,,train
b3b03eb08052,WHEN_WILL_THE_TRAIN_LEAVE,islsentences,video,,islsentences:clip:b3b03eb08052,C:\ISL\Videos_Sentence_Level\when will the train leave\leave.MP4,data/processed/landmarks/islsentences/WHEN_WILL_THE_TRAIN_LEAVE/b3b03eb08052.npz,121,25.0,4.84,0.6281,1.0,,train
63efe7dcbaac,WHEN_WILL_THE_TRAIN_LEAVE,islsentences,video,,islsentences:clip:63efe7dcbaac,C:\ISL\Videos_Sentence_Level\when will the train leave\when will the train leave (2).mp4,data/processed/landmarks/islsentences/WHEN_WILL_THE_TRAIN_LEAVE/63efe7dcbaac.npz,50,25.0,2.0,0.98,1.0,,train
20c3601426ba,WHEN_WILL_THE_TRAIN_LEAVE,islsentences,video,,islsentences:clip:20c3601426ba,C:\ISL\Videos_Sentence_Level\when will the train leave\when will the train leave.mp4,data/processed/landmarks/islsentences/WHEN_WILL_THE_TRAIN_LEAVE/20c3601426ba.npz,100,25.0,4.0,1.0,1.0,,train
4bc71d823138,WHERE_ARE_YOU_FROM,islsentences,video,,islsentences:clip:4bc71d823138,C:\ISL\Videos_Sentence_Level\where are you from\where are you from (1).MP4,data/processed/landmarks/islsentences/WHERE_ARE_YOU_FROM/4bc71d823138.npz,96,25.0,3.84,0.5833,1.0,,train
9e774542d54a,WHERE_ARE_YOU_FROM,islsentences,video,,islsentences:clip:9e774542d54a,C:\ISL\Videos_Sentence_Level\where are you from\where are you from (3).MP4,data/processed/landmarks/islsentences/WHERE_ARE_YOU_FROM/9e774542d54a.npz,95,25.0,3.8,0.9789,1.0,,train
9c0c9f6a9983,WHERE_ARE_YOU_FROM,islsentences,video,,islsentences:clip:9c0c9f6a9983,C:\ISL\Videos_Sentence_Level\where are you from\where are you from (4).MP4,data/processed/landmarks/islsentences/WHERE_ARE_YOU_FROM/9c0c9f6a9983.npz,95,25.0,3.8,0.7789,1.0,,train
01bd494a4b0d,WHERE_ARE_YOU_FROM,islsentences,video,,islsentences:clip:01bd494a4b0d,C:\ISL\Videos_Sentence_Level\where are you from\where are you from (6).mp4,data/processed/landmarks/islsentences/WHERE_ARE_YOU_FROM/01bd494a4b0d.npz,25,25.0,1.0,0.76,1.0,,train
da09d9228cdc,WHICH_COLLEGESCHOOL_ARE_YOU_FROM,islsentences,video,,islsentences:clip:da09d9228cdc,C:\ISL\Videos_Sentence_Level\which collegeschool are you from\college school (2).MP4,data/processed/landmarks/islsentences/WHICH_COLLEGESCHOOL_ARE_YOU_FROM/da09d9228cdc.npz,174,25.0,6.96,0.7241,1.0,,train
1c9a108df3d0,WHICH_COLLEGESCHOOL_ARE_YOU_FROM,islsentences,video,,islsentences:clip:1c9a108df3d0,C:\ISL\Videos_Sentence_Level\which collegeschool are you from\college school.MP4,data/processed/landmarks/islsentences/WHICH_COLLEGESCHOOL_ARE_YOU_FROM/1c9a108df3d0.npz,141,25.0,5.64,0.766,1.0,,train
fd2fe609335e,WHICH_COLLEGESCHOOL_ARE_YOU_FROM,islsentences,video,,islsentences:clip:fd2fe609335e,C:\ISL\Videos_Sentence_Level\which collegeschool are you from\school college.MP4,data/processed/landmarks/islsentences/WHICH_COLLEGESCHOOL_ARE_YOU_FROM/fd2fe609335e.npz,129,25.0,5.16,0.7674,1.0,,train
4bd5e0ba3e78,WHICH_COLLEGESCHOOL_ARE_YOU_FROM,islsentences,video,,islsentences:clip:4bd5e0ba3e78,C:\ISL\Videos_Sentence_Level\which collegeschool are you from\which collegeschool are you from (2).mp4,data/processed/landmarks/islsentences/WHICH_COLLEGESCHOOL_ARE_YOU_FROM/4bd5e0ba3e78.npz,50,25.0,2.0,0.94,1.0,,train
7bd71f2f99cf,WHICH_COLLEGESCHOOL_ARE_YOU_FROM,islsentences,video,,islsentences:clip:7bd71f2f99cf,C:\ISL\Videos_Sentence_Level\which collegeschool are you from\which collegeschool are you from.mp4,data/processed/landmarks/islsentences/WHICH_COLLEGESCHOOL_ARE_YOU_FROM/7bd71f2f99cf.npz,75,25.0,3.0,0.6,1.0,,train
bd12a9744212,WHO_ARE_YOU,islsentences,video,,islsentences:clip:bd12a9744212,C:\ISL\Videos_Sentence_Level\who are you\who are you (4).MP4,data/processed/landmarks/islsentences/WHO_ARE_YOU/bd12a9744212.npz,75,25.0,3.0,0.64,1.0,,train
078cd635e6ad,WHO_ARE_YOU,islsentences,video,,islsentences:clip:078cd635e6ad,C:\ISL\Videos_Sentence_Level\who are you\who are you (6).MP4,data/processed/landmarks/islsentences/WHO_ARE_YOU/078cd635e6ad.npz,87,25.0,3.48,0.7816,1.0,,train
10901fcaf2b0,WHO_ARE_YOU,islsentences,video,,islsentences:clip:10901fcaf2b0,C:\ISL\Videos_Sentence_Level\who are you\who are you (8).mp4,data/processed/landmarks/islsentences/WHO_ARE_YOU/10901fcaf2b0.npz,50,25.0,2.0,0.92,1.0,,train
ac2ba7b1906b,WHY_ARE_YOU_ANGRY,islsentences,video,,islsentences:clip:ac2ba7b1906b,C:\ISL\Videos_Sentence_Level\why are you angry\angry (2).MP4,data/processed/landmarks/islsentences/WHY_ARE_YOU_ANGRY/ac2ba7b1906b.npz,88,25.0,3.52,0.5568,1.0,,train
3dc81a6dec2a,WHY_ARE_YOU_ANGRY,islsentences,video,,islsentences:clip:3dc81a6dec2a,C:\ISL\Videos_Sentence_Level\why are you angry\angry (3).MP4,data/processed/landmarks/islsentences/WHY_ARE_YOU_ANGRY/3dc81a6dec2a.npz,93,25.0,3.72,0.5376,1.0,,train
d353ae4680c4,WHY_ARE_YOU_ANGRY,islsentences,video,,islsentences:clip:d353ae4680c4,C:\ISL\Videos_Sentence_Level\why are you angry\angry (4).MP4,data/processed/landmarks/islsentences/WHY_ARE_YOU_ANGRY/d353ae4680c4.npz,99,25.0,3.96,0.7778,1.0,,train
f6b6945882d2,WHY_ARE_YOU_ANGRY,islsentences,video,,islsentences:clip:f6b6945882d2,C:\ISL\Videos_Sentence_Level\why are you angry\angry (5).MP4,data/processed/landmarks/islsentences/WHY_ARE_YOU_ANGRY/f6b6945882d2.npz,93,25.0,3.72,1.0,1.0,,train
dbd38137612f,WHY_ARE_YOU_ANGRY,islsentences,video,,islsentences:clip:dbd38137612f,C:\ISL\Videos_Sentence_Level\why are you angry\why are you angry (2).mp4,data/processed/landmarks/islsentences/WHY_ARE_YOU_ANGRY/dbd38137612f.npz,50,25.0,2.0,0.98,1.0,,train
eb660c30af15,WHY_ARE_YOU_ANGRY,islsentences,video,,islsentences:clip:eb660c30af15,C:\ISL\Videos_Sentence_Level\why are you angry\why are you angry.mp4,data/processed/landmarks/islsentences/WHY_ARE_YOU_ANGRY/eb660c30af15.npz,50,25.0,2.0,0.84,1.0,,train
50822402b97f,WHY_ARE_YOU_CRYING,islsentences,video,,islsentences:clip:50822402b97f,C:\ISL\Videos_Sentence_Level\why are you crying\crying (3).MP4,data/processed/landmarks/islsentences/WHY_ARE_YOU_CRYING/50822402b97f.npz,116,25.0,4.64,0.7328,1.0,,train
bd08782acffe,WHY_ARE_YOU_CRYING,islsentences,video,,islsentences:clip:bd08782acffe,C:\ISL\Videos_Sentence_Level\why are you crying\crying (4).MP4,data/processed/landmarks/islsentences/WHY_ARE_YOU_CRYING/bd08782acffe.npz,91,25.0,3.64,0.6484,1.0,,train
48144ded04bb,WHY_ARE_YOU_CRYING,islsentences,video,,islsentences:clip:48144ded04bb,C:\ISL\Videos_Sentence_Level\why are you crying\crying (5).MP4,data/processed/landmarks/islsentences/WHY_ARE_YOU_CRYING/48144ded04bb.npz,100,25.0,4.0,1.0,1.0,,train
68f3696eeb6d,WHY_ARE_YOU_CRYING,islsentences,video,,islsentences:clip:68f3696eeb6d,C:\ISL\Videos_Sentence_Level\why are you crying\why are you crying (2).mp4,data/processed/landmarks/islsentences/WHY_ARE_YOU_CRYING/68f3696eeb6d.npz,50,25.0,2.0,1.0,1.0,,train
9f3b23086369,WHY_ARE_YOU_DISAPPOINTED,islsentences,video,,islsentences:clip:9f3b23086369,C:\ISL\Videos_Sentence_Level\why are you disappointed\disappointed (2).MP4,data/processed/landmarks/islsentences/WHY_ARE_YOU_DISAPPOINTED/9f3b23086369.npz,123,25.0,4.92,0.6911,1.0,,train
ab0b1370b47a,WHY_ARE_YOU_DISAPPOINTED,islsentences,video,,islsentences:clip:ab0b1370b47a,C:\ISL\Videos_Sentence_Level\why are you disappointed\disappointed (4).MP4,data/processed/landmarks/islsentences/WHY_ARE_YOU_DISAPPOINTED/ab0b1370b47a.npz,99,25.0,3.96,0.6364,1.0,,train
cd5de8b801ea,WHY_ARE_YOU_DISAPPOINTED,islsentences,video,,islsentences:clip:cd5de8b801ea,C:\ISL\Videos_Sentence_Level\why are you disappointed\disappointed (5).MP4,data/processed/landmarks/islsentences/WHY_ARE_YOU_DISAPPOINTED/cd5de8b801ea.npz,116,25.0,4.64,1.0,1.0,,train
947ba1605017,WHY_ARE_YOU_DISAPPOINTED,islsentences,video,,islsentences:clip:947ba1605017,C:\ISL\Videos_Sentence_Level\why are you disappointed\disappointed.MP4,data/processed/landmarks/islsentences/WHY_ARE_YOU_DISAPPOINTED/947ba1605017.npz,94,25.0,3.76,0.5745,1.0,,train
d8d53c4ad7ee,YOU_ARE_BAD,islsentences,video,,islsentences:clip:d8d53c4ad7ee,C:\ISL\Videos_Sentence_Level\you are bad\bad (2).MP4,data/processed/landmarks/islsentences/YOU_ARE_BAD/d8d53c4ad7ee.npz,77,25.0,3.08,0.6364,1.0,,train
e8192e4673ac,YOU_ARE_BAD,islsentences,video,,islsentences:clip:e8192e4673ac,C:\ISL\Videos_Sentence_Level\you are bad\bad (4).MP4,data/processed/landmarks/islsentences/YOU_ARE_BAD/e8192e4673ac.npz,73,25.0,2.92,0.5068,1.0,,train
92c73c631d3d,YOU_ARE_BAD,islsentences,video,,islsentences:clip:92c73c631d3d,C:\ISL\Videos_Sentence_Level\you are bad\bad 1.MP4,data/processed/landmarks/islsentences/YOU_ARE_BAD/92c73c631d3d.npz,101,25.0,4.04,0.5446,1.0,,train
768b32063f42,YOU_ARE_BAD,islsentences,video,,islsentences:clip:768b32063f42,C:\ISL\Videos_Sentence_Level\you are bad\you are bad (2).mp4,data/processed/landmarks/islsentences/YOU_ARE_BAD/768b32063f42.npz,25,25.0,1.0,0.96,1.0,,train
27732f0d5d48,YOU_ARE_BAD,islsentences,video,,islsentences:clip:27732f0d5d48,C:\ISL\Videos_Sentence_Level\you are bad\you are bad.mp4,data/processed/landmarks/islsentences/YOU_ARE_BAD/27732f0d5d48.npz,25,25.0,1.0,1.0,1.0,,train
acc3b0e2d799,YOU_ARE_GOOD,islsentences,video,,islsentences:clip:acc3b0e2d799,C:\ISL\Videos_Sentence_Level\you are good\good (2).MP4,data/processed/landmarks/islsentences/YOU_ARE_GOOD/acc3b0e2d799.npz,71,25.0,2.84,0.5775,1.0,,train
02be3697c9a9,YOU_ARE_GOOD,islsentences,video,,islsentences:clip:02be3697c9a9,C:\ISL\Videos_Sentence_Level\you are good\good (5).MP4,data/processed/landmarks/islsentences/YOU_ARE_GOOD/02be3697c9a9.npz,76,25.0,3.04,0.9737,1.0,,train
07a68d157209,YOU_ARE_GOOD,islsentences,video,,islsentences:clip:07a68d157209,C:\ISL\Videos_Sentence_Level\you are good\good.MP4,data/processed/landmarks/islsentences/YOU_ARE_GOOD/07a68d157209.npz,66,25.0,2.64,0.5455,1.0,,train
6a3014aaefcd,YOU_ARE_GOOD,islsentences,video,,islsentences:clip:6a3014aaefcd,C:\ISL\Videos_Sentence_Level\you are good\you are good.mp4,data/processed/landmarks/islsentences/YOU_ARE_GOOD/6a3014aaefcd.npz,50,25.0,2.0,1.0,1.0,,train
08c3e55ff74b,YOU_ARE_WELCOME,islsentences,video,,islsentences:clip:08c3e55ff74b,C:\ISL\Videos_Sentence_Level\you are welcome\welcome (2).MP4,data/processed/landmarks/islsentences/YOU_ARE_WELCOME/08c3e55ff74b.npz,51,25.0,2.04,0.5686,1.0,,train
aea12bb7216b,YOU_ARE_WELCOME,islsentences,video,,islsentences:clip:aea12bb7216b,C:\ISL\Videos_Sentence_Level\you are welcome\welcome (4).MP4,data/processed/landmarks/islsentences/YOU_ARE_WELCOME/aea12bb7216b.npz,66,25.0,2.64,0.7424,1.0,,train
6d255d0f46b4,YOU_ARE_WELCOME,islsentences,video,,islsentences:clip:6d255d0f46b4,C:\ISL\Videos_Sentence_Level\you are welcome\welcome (5).MP4,data/processed/landmarks/islsentences/YOU_ARE_WELCOME/6d255d0f46b4.npz,82,25.0,3.28,0.5244,1.0,,train
5bf79773759b,YOU_ARE_WELCOME,islsentences,video,,islsentences:clip:5bf79773759b,C:\ISL\Videos_Sentence_Level\you are welcome\you are welcome (2).mp4,data/processed/landmarks/islsentences/YOU_ARE_WELCOME/5bf79773759b.npz,50,25.0,2.0,0.86,1.0,,train
3cb7e3f81a14,YOU_ARE_WELCOME,islsentences,video,,islsentences:clip:3cb7e3f81a14,C:\ISL\Videos_Sentence_Level\you are welcome\you are welcome.mp4,data/processed/landmarks/islsentences/YOU_ARE_WELCOME/3cb7e3f81a14.npz,25,25.0,1.0,0.72,1.0,,train
783aef524d53,YOU_CAN_DO_IT,islsentences,video,,islsentences:clip:783aef524d53,C:\ISL\Videos_Sentence_Level\you can do it\can do (3).MP4,data/processed/landmarks/islsentences/YOU_CAN_DO_IT/783aef524d53.npz,98,25.0,3.92,0.7551,1.0,,train
b9ba821c7112,YOU_CAN_DO_IT,islsentences,video,,islsentences:clip:b9ba821c7112,C:\ISL\Videos_Sentence_Level\you can do it\can do (4).MP4,data/processed/landmarks/islsentences/YOU_CAN_DO_IT/b9ba821c7112.npz,87,25.0,3.48,0.8046,1.0,,train
0ed5ae69380c,YOU_CAN_DO_IT,islsentences,video,,islsentences:clip:0ed5ae69380c,C:\ISL\Videos_Sentence_Level\you can do it\can do.MP4,data/processed/landmarks/islsentences/YOU_CAN_DO_IT/0ed5ae69380c.npz,95,25.0,3.8,0.5474,1.0,,train
54981467094a,YOU_CAN_DO_IT,islsentences,video,,islsentences:clip:54981467094a,C:\ISL\Videos_Sentence_Level\you can do it\you can do it (2).mp4,data/processed/landmarks/islsentences/YOU_CAN_DO_IT/54981467094a.npz,50,25.0,2.0,1.0,1.0,,train
ed89fdc0b48a,YOU_CAN_DO_IT,islsentences,video,,islsentences:clip:ed89fdc0b48a,C:\ISL\Videos_Sentence_Level\you can do it\you can do it.mp4,data/processed/landmarks/islsentences/YOU_CAN_DO_IT/ed89fdc0b48a.npz,75,25.0,3.0,1.0,1.0,,train
fe54bbcdb163,YOU_DO_ANYTHING_I_DO_NOT_CARE,islsentences,video,,islsentences:clip:fe54bbcdb163,"C:\ISL\Videos_Sentence_Level\you do anything, i do not care\care.MP4",data/processed/landmarks/islsentences/YOU_DO_ANYTHING_I_DO_NOT_CARE/fe54bbcdb163.npz,169,25.0,6.76,0.8698,1.0,,train
3581abfb029b,YOU_DO_ANYTHING_I_DO_NOT_CARE,islsentences,video,,islsentences:clip:3581abfb029b,"C:\ISL\Videos_Sentence_Level\you do anything, i do not care\donotcare.MP4",data/processed/landmarks/islsentences/YOU_DO_ANYTHING_I_DO_NOT_CARE/3581abfb029b.npz,133,25.0,5.32,0.7519,1.0,,train
dc510adb812b,YOU_DO_ANYTHING_I_DO_NOT_CARE,islsentences,video,,islsentences:clip:dc510adb812b,"C:\ISL\Videos_Sentence_Level\you do anything, i do not care\dont care.MP4",data/processed/landmarks/islsentences/YOU_DO_ANYTHING_I_DO_NOT_CARE/dc510adb812b.npz,186,25.0,7.44,0.7581,1.0,,train
6c87224ecbca,YOU_DO_ANYTHING_I_DO_NOT_CARE,islsentences,video,,islsentences:clip:6c87224ecbca,"C:\ISL\Videos_Sentence_Level\you do anything, i do not care\you do anything, i do not care (2).mp4",data/processed/landmarks/islsentences/YOU_DO_ANYTHING_I_DO_NOT_CARE/6c87224ecbca.npz,75,25.0,3.0,0.9333,1.0,,train
070cd6b51a52,YOU_NEED_A_MEDICINE_TAKE_THIS_ONE,islsentences,video,,islsentences:clip:070cd6b51a52,"C:\ISL\Videos_Sentence_Level\you need a medicine, take this one\medicine (2).MP4",data/processed/landmarks/islsentences/YOU_NEED_A_MEDICINE_TAKE_THIS_ONE/070cd6b51a52.npz,118,25.0,4.72,0.7627,1.0,,train
564bec4cf228,YOU_NEED_A_MEDICINE_TAKE_THIS_ONE,islsentences,video,,islsentences:clip:564bec4cf228,"C:\ISL\Videos_Sentence_Level\you need a medicine, take this one\medicine (5).MP4",data/processed/landmarks/islsentences/YOU_NEED_A_MEDICINE_TAKE_THIS_ONE/564bec4cf228.npz,115,25.0,4.6,0.9826,1.0,,train
398b77c17d6d,YOU_NEED_A_MEDICINE_TAKE_THIS_ONE,islsentences,video,,islsentences:clip:398b77c17d6d,"C:\ISL\Videos_Sentence_Level\you need a medicine, take this one\medicine.MP4",data/processed/landmarks/islsentences/YOU_NEED_A_MEDICINE_TAKE_THIS_ONE/398b77c17d6d.npz,118,25.0,4.72,0.6525,1.0,,train
3909720eee3e,YOU_NEED_A_MEDICINE_TAKE_THIS_ONE,islsentences,video,,islsentences:clip:3909720eee3e,"C:\ISL\Videos_Sentence_Level\you need a medicine, take this one\you need a medicine, take this one..mp4",data/processed/landmarks/islsentences/YOU_NEED_A_MEDICINE_TAKE_THIS_ONE/3909720eee3e.npz,50,25.0,2.0,0.96,1.0,,train
e69f7d1e7f0c,YOU_NEED_A_MEDICINE_TAKE_THIS_ONE,islsentences,video,,islsentences:clip:e69f7d1e7f0c,"C:\ISL\Videos_Sentence_Level\you need a medicine, take this one\you need a medicine, take this one.mp4",data/processed/landmarks/islsentences/YOU_NEED_A_MEDICINE_TAKE_THIS_ONE/e69f7d1e7f0c.npz,75,25.0,3.0,1.0,1.0,,train
