sample_id,label,source,kind,signer_id,group_id,raw_path,landmarks_path,num_frames,fps,duration_s,any_hand_rate,pose_rate,quality_flag,split
537f611f19f2,BEAR,islwords,video,,islwords:rec:e5c686854f52,C:\ISL\archive\Video_Dataset\Video_Dataset\Bear\WIN_20231102_12_38_17_Pro.mp4,data/processed/landmarks/islwords/BEAR/537f611f19f2.npz,205,30.0,6.833,1.0,1.0,,train
461e852bf0bb,BEAR,islwords,video,,islwords:rec:9440e14cdb7f,C:\ISL\archive\Video_Dataset\Video_Dataset\Bear\WIN_20231102_12_38_27_Pro.mp4,data/processed/landmarks/islwords/BEAR/461e852bf0bb.npz,202,30.0,6.733,1.0,1.0,,train
a372a907225a,BEAR,islwords,video,,islwords:rec:561d3da8f866,C:\ISL\archive\Video_Dataset\Video_Dataset\Bear\WIN_20231102_12_38_49_Pro.mp4,data/processed/landmarks/islwords/BEAR/a372a907225a.npz,209,30.0,6.967,1.0,1.0,,train
6b17b7ad2c61,BEAR,islwords,video,,islwords:rec:d08d40552a90,C:\ISL\archive\Video_Dataset\Video_Dataset\Bear\WIN_20231102_12_38_57_Pro.mp4,data/processed/landmarks/islwords/BEAR/6b17b7ad2c61.npz,190,30.0,6.333,1.0,1.0,,train
2fb214f0c84e,BEAR,islwords,video,,islwords:rec:918797193f1b,C:\ISL\archive\Video_Dataset\Video_Dataset\Bear\WIN_20231102_12_39_05_Pro.mp4,data/processed/landmarks/islwords/BEAR/2fb214f0c84e.npz,190,30.0,6.333,1.0,1.0,,train
a06b0736dce3,BEAR,islwords,video,,islwords:rec:c4e1bac66024,C:\ISL\archive\Video_Dataset\Video_Dataset\Bear\WIN_20231102_12_39_24_Pro.mp4,data/processed/landmarks/islwords/BEAR/a06b0736dce3.npz,198,30.0,6.6,1.0,1.0,,train
435a8626ca28,BEAR,islwords,video,,islwords:rec:7dbc8baab48b,C:\ISL\archive\Video_Dataset\Video_Dataset\Bear\WIN_20231102_12_39_47_Pro.mp4,data/processed/landmarks/islwords/BEAR/435a8626ca28.npz,193,30.0,6.433,1.0,1.0,,train
5d5842145f1b,BEAR,islwords,video,,islwords:rec:3c869e036607,C:\ISL\archive\Video_Dataset\Video_Dataset\Bear\WIN_20231102_12_40_34_Pro.mp4,data/processed/landmarks/islwords/BEAR/5d5842145f1b.npz,210,30.0,7.0,1.0,1.0,,train
c879906415c7,BEAR,islwords,video,,islwords:rec:9cfeba60237d,C:\ISL\archive\Video_Dataset\Video_Dataset\Bear\WIN_20231102_12_40_52_Pro.mp4,data/processed/landmarks/islwords/BEAR/c879906415c7.npz,216,30.0,7.2,1.0,1.0,,train
fd26c78aff8b,BEAR,islwords,video,,islwords:rec:4aa139c000df,C:\ISL\archive\Video_Dataset\Video_Dataset\Bear\WIN_20231102_12_41_20_Pro.mp4,data/processed/landmarks/islwords/BEAR/fd26c78aff8b.npz,199,30.0,6.633,1.0,1.0,,train
0736aa8f2fe7,BEAR,islwords,video,,islwords:rec:27f1aa3bf2ea,C:\ISL\archive\Video_Dataset\Video_Dataset\Bear\WIN_20231102_12_41_29_Pro.mp4,data/processed/landmarks/islwords/BEAR/0736aa8f2fe7.npz,199,30.0,6.633,1.0,1.0,,train
08582632ca3c,BEAR,islwords,video,,islwords:rec:a08d042e9b91,C:\ISL\archive\Video_Dataset\Video_Dataset\Bear\WIN_20231102_12_41_37_Pro.mp4,data/processed/landmarks/islwords/BEAR/08582632ca3c.npz,191,30.0,6.367,1.0,1.0,,train
afab7a63f277,BEAR,islwords,video,,islwords:rec:72823402a402,C:\ISL\archive\Video_Dataset\Video_Dataset\Bear\WIN_20231102_12_41_54_Pro.mp4,data/processed/landmarks/islwords/BEAR/afab7a63f277.npz,178,30.0,5.933,1.0,1.0,,train
005a8fdfd0e5,BEAR,islwords,video,,islwords:rec:07749b8f15bd,C:\ISL\archive\Video_Dataset\Video_Dataset\Bear\WIN_20231102_12_42_18_Pro.mp4,data/processed/landmarks/islwords/BEAR/005a8fdfd0e5.npz,183,30.0,6.1,1.0,1.0,,train
a1b095ebae3d,BREAK,islwords,video,,islwords:rec:b680c8fc6dc1,C:\ISL\archive\Video_Dataset\Video_Dataset\Break\WIN_20231102_13_29_56_Pro.mp4,data/processed/landmarks/islwords/BREAK/a1b095ebae3d.npz,161,30.0,5.367,1.0,1.0,,train
7a035b0bcd0d,BREAK,islwords,video,,islwords:rec:977413aeffb5,C:\ISL\archive\Video_Dataset\Video_Dataset\Break\WIN_20231102_13_30_04_Pro.mp4,data/processed/landmarks/islwords/BREAK/7a035b0bcd0d.npz,142,30.0,4.733,1.0,1.0,,train
e1843f327846,BREAK,islwords,video,,islwords:rec:8791feaeefae,C:\ISL\archive\Video_Dataset\Video_Dataset\Break\WIN_20231102_13_30_27_Pro.mp4,data/processed/landmarks/islwords/BREAK/e1843f327846.npz,135,30.0,4.5,1.0,1.0,,train
7c8c93b6be6b,BREAK,islwords,video,,islwords:rec:c229cf953a39,C:\ISL\archive\Video_Dataset\Video_Dataset\Break\WIN_20231102_13_30_59_Pro.mp4,data/processed/landmarks/islwords/BREAK/7c8c93b6be6b.npz,123,30.0,4.1,1.0,1.0,,train
5f5f163cd397,BREAK,islwords,video,,islwords:rec:22217633833b,C:\ISL\archive\Video_Dataset\Video_Dataset\Break\WIN_20231102_13_31_06_Pro.mp4,data/processed/landmarks/islwords/BREAK/5f5f163cd397.npz,122,30.0,4.067,0.9754,1.0,,train
7fe17ba9b32a,BREAK,islwords,video,,islwords:rec:66e94b072d86,C:\ISL\archive\Video_Dataset\Video_Dataset\Break\WIN_20231102_13_31_37_Pro.mp4,data/processed/landmarks/islwords/BREAK/7fe17ba9b32a.npz,116,30.0,3.867,0.9914,1.0,,train
8a70a49dcbfe,BREAK,islwords,video,,islwords:rec:4d7da1a32ea9,C:\ISL\archive\Video_Dataset\Video_Dataset\Break\WIN_20231102_13_31_43_Pro.mp4,data/processed/landmarks/islwords/BREAK/8a70a49dcbfe.npz,126,30.0,4.2,0.9921,1.0,,train
574136d3be1d,BREAK,islwords,video,,islwords:rec:da84280a5276,C:\ISL\archive\Video_Dataset\Video_Dataset\Break\WIN_20231102_13_33_37_Pro.mp4,data/processed/landmarks/islwords/BREAK/574136d3be1d.npz,112,30.0,3.733,1.0,1.0,,train
9d4856209837,BREAK,islwords,video,,islwords:rec:6decb0f10ff6,C:\ISL\archive\Video_Dataset\Video_Dataset\Break\WIN_20231102_13_34_49_Pro.mp4,data/processed/landmarks/islwords/BREAK/9d4856209837.npz,140,30.0,4.667,1.0,1.0,,train
aefb6691df46,BREAK,islwords,video,,islwords:rec:36ef3316fb17,C:\ISL\archive\Video_Dataset\Video_Dataset\Break\WIN_20231102_14_00_24_Pro.mp4,data/processed/landmarks/islwords/BREAK/aefb6691df46.npz,125,30.0,4.167,0.992,1.0,,train
5988a0eadb76,BREAK,islwords,video,,islwords:rec:e746c1fba4ba,C:\ISL\archive\Video_Dataset\Video_Dataset\Break\WIN_20231102_14_00_31_Pro.mp4,data/processed/landmarks/islwords/BREAK/5988a0eadb76.npz,114,30.0,3.8,1.0,1.0,,train
2564e9445d66,BREAK,islwords,video,,islwords:rec:c9378e577e98,C:\ISL\archive\Video_Dataset\Video_Dataset\Break\WIN_20231102_14_00_37_Pro.mp4,data/processed/landmarks/islwords/BREAK/2564e9445d66.npz,113,30.0,3.767,1.0,1.0,,train
d61e6c30bec6,BREAK,islwords,video,,islwords:rec:de81fd5d373c,C:\ISL\archive\Video_Dataset\Video_Dataset\Break\WIN_20231102_14_00_42_Pro.mp4,data/processed/landmarks/islwords/BREAK/d61e6c30bec6.npz,115,30.0,3.833,1.0,1.0,,train
734cf0368f58,BREAK,islwords,video,,islwords:rec:545d37213956,C:\ISL\archive\Video_Dataset\Video_Dataset\Break\WIN_20231102_14_00_48_Pro.mp4,data/processed/landmarks/islwords/BREAK/734cf0368f58.npz,112,30.0,3.733,1.0,1.0,,train
1699c59b280b,CABBAGE,islwords,video,,islwords:rec:728050269be1,C:\ISL\archive\Video_Dataset\Video_Dataset\Cabbage\WIN_20231102_11_05_03_Pro.mp4,data/processed/landmarks/islwords/CABBAGE/1699c59b280b.npz,180,30.0,6.0,1.0,1.0,,train
67cb904d5000,CABBAGE,islwords,video,,islwords:rec:63a8714804fc,C:\ISL\archive\Video_Dataset\Video_Dataset\Cabbage\WIN_20231102_11_05_17_Pro.mp4,data/processed/landmarks/islwords/CABBAGE/67cb904d5000.npz,181,30.0,6.033,0.9945,1.0,,train
0e83fd24da73,CABBAGE,islwords,video,,islwords:rec:bc587caab774,C:\ISL\archive\Video_Dataset\Video_Dataset\Cabbage\WIN_20231102_11_05_34_Pro.mp4,data/processed/landmarks/islwords/CABBAGE/0e83fd24da73.npz,194,30.0,6.467,1.0,1.0,,train
35a5448ffa9e,CABBAGE,islwords,video,,islwords:rec:1f1120745a89,C:\ISL\archive\Video_Dataset\Video_Dataset\Cabbage\WIN_20231102_11_08_18_Pro.mp4,data/processed/landmarks/islwords/CABBAGE/35a5448ffa9e.npz,203,30.0,6.767,1.0,1.0,,train
419fb52bb526,CABBAGE,islwords,video,,islwords:rec:bcea066e591a,C:\ISL\archive\Video_Dataset\Video_Dataset\Cabbage\WIN_20231102_11_08_36_Pro.mp4,data/processed/landmarks/islwords/CABBAGE/419fb52bb526.npz,201,30.0,6.7,1.0,1.0,,train
1ca9dded7158,CABBAGE,islwords,video,,islwords:rec:61fe0ccfd7ab,C:\ISL\archive\Video_Dataset\Video_Dataset\Cabbage\WIN_20231102_11_08_54_Pro.mp4,data/processed/landmarks/islwords/CABBAGE/1ca9dded7158.npz,199,30.0,6.633,1.0,1.0,,train
02b82e9f2591,CABBAGE,islwords,video,,islwords:rec:6bac27d60971,C:\ISL\archive\Video_Dataset\Video_Dataset\Cabbage\WIN_20231102_11_09_36_Pro.mp4,data/processed/landmarks/islwords/CABBAGE/02b82e9f2591.npz,202,30.0,6.733,1.0,1.0,,train
b4fbe63a7677,CABBAGE,islwords,video,,islwords:rec:098671307242,C:\ISL\archive\Video_Dataset\Video_Dataset\Cabbage\WIN_20231102_11_09_45_Pro.mp4,data/processed/landmarks/islwords/CABBAGE/b4fbe63a7677.npz,188,30.0,6.267,1.0,1.0,,train
a61502acf9b3,CABBAGE,islwords,video,,islwords:rec:6ffec0d6d957,C:\ISL\archive\Video_Dataset\Video_Dataset\Cabbage\WIN_20231102_11_09_52_Pro.mp4,data/processed/landmarks/islwords/CABBAGE/a61502acf9b3.npz,185,30.0,6.167,1.0,1.0,,train
660a4dd177c5,CABBAGE,islwords,video,,islwords:rec:73ef6b81e7a2,C:\ISL\archive\Video_Dataset\Video_Dataset\Cabbage\WIN_20231102_11_10_00_Pro.mp4,data/processed/landmarks/islwords/CABBAGE/660a4dd177c5.npz,181,30.0,6.033,1.0,1.0,,train
2241759291b9,CABBAGE,islwords,video,,islwords:rec:1e3e50b6e35b,C:\ISL\archive\Video_Dataset\Video_Dataset\Cabbage\WIN_20231102_11_10_08_Pro.mp4,data/processed/landmarks/islwords/CABBAGE/2241759291b9.npz,169,30.0,5.633,1.0,1.0,,train
9a7e8b9fd91d,CABBAGE,islwords,video,,islwords:rec:b365fca6e922,C:\ISL\archive\Video_Dataset\Video_Dataset\Cabbage\WIN_20231102_11_10_34_Pro.mp4,data/processed/landmarks/islwords/CABBAGE/9a7e8b9fd91d.npz,186,30.0,6.2,1.0,1.0,,train
6ecac192e7b4,CABBAGE,islwords,video,,islwords:rec:99a020426938,C:\ISL\archive\Video_Dataset\Video_Dataset\Cabbage\WIN_20231102_11_10_42_Pro.mp4,data/processed/landmarks/islwords/CABBAGE/6ecac192e7b4.npz,186,30.0,6.2,0.9946,1.0,,train
ad0e8f86c267,CABBAGE,islwords,video,,islwords:rec:8a2a2ed4e229,C:\ISL\archive\Video_Dataset\Video_Dataset\Cabbage\WIN_20231102_11_11_40_Pro.mp4,data/processed/landmarks/islwords/CABBAGE/ad0e8f86c267.npz,186,30.0,6.2,0.9946,1.0,,train
74d63263e0e2,CAULIFLOWER,islwords,video,,islwords:rec:3442d3f226c8,C:\ISL\archive\Video_Dataset\Video_Dataset\Cauliflower\WIN_20231102_11_34_51_Pro.mp4,data/processed/landmarks/islwords/CAULIFLOWER/74d63263e0e2.npz,169,30.0,5.633,0.9941,1.0,,train
e87542e8ef69,CAULIFLOWER,islwords,video,,islwords:rec:e2758e37b959,C:\ISL\archive\Video_Dataset\Video_Dataset\Cauliflower\WIN_20231102_11_35_19_Pro.mp4,data/processed/landmarks/islwords/CAULIFLOWER/e87542e8ef69.npz,162,30.0,5.4,1.0,1.0,,train
d88d78c3b161,CAULIFLOWER,islwords,video,,islwords:rec:fb8a2a729386,C:\ISL\archive\Video_Dataset\Video_Dataset\Cauliflower\WIN_20231102_11_35_26_Pro.mp4,data/processed/landmarks/islwords/CAULIFLOWER/d88d78c3b161.npz,166,30.0,5.533,0.988,1.0,,train
616b57f545f5,CAULIFLOWER,islwords,video,,islwords:rec:ef226ec71b7b,C:\ISL\archive\Video_Dataset\Video_Dataset\Cauliflower\WIN_20231102_11_41_06_Pro.mp4,data/processed/landmarks/islwords/CAULIFLOWER/616b57f545f5.npz,206,30.0,6.867,1.0,1.0,,train
aec46d8b93ad,CAULIFLOWER,islwords,video,,islwords:rec:916a3ae82198,C:\ISL\archive\Video_Dataset\Video_Dataset\Cauliflower\WIN_20231102_11_41_14_Pro.mp4,data/processed/landmarks/islwords/CAULIFLOWER/aec46d8b93ad.npz,208,30.0,6.933,1.0,1.0,,train
4c81009ae718,CAULIFLOWER,islwords,video,,islwords:rec:1d8371b4a65a,C:\ISL\archive\Video_Dataset\Video_Dataset\Cauliflower\WIN_20231102_11_41_31_Pro.mp4,data/processed/landmarks/islwords/CAULIFLOWER/4c81009ae718.npz,182,30.0,6.067,1.0,1.0,,train
fa00421646b9,CAULIFLOWER,islwords,video,,islwords:rec:5521566a61fa,C:\ISL\archive\Video_Dataset\Video_Dataset\Cauliflower\WIN_20231102_11_43_01_Pro.mp4,data/processed/landmarks/islwords/CAULIFLOWER/fa00421646b9.npz,171,30.0,5.7,1.0,1.0,,train
93f3d161857c,CAULIFLOWER,islwords,video,,islwords:rec:04745e96ca55,C:\ISL\archive\Video_Dataset\Video_Dataset\Cauliflower\WIN_20231102_11_43_08_Pro.mp4,data/processed/landmarks/islwords/CAULIFLOWER/93f3d161857c.npz,175,30.0,5.833,1.0,1.0,,train
2bbd29e2b42a,CAULIFLOWER,islwords,video,,islwords:rec:1af6415519dd,C:\ISL\archive\Video_Dataset\Video_Dataset\Cauliflower\WIN_20231102_11_43_25_Pro.mp4,data/processed/landmarks/islwords/CAULIFLOWER/2bbd29e2b42a.npz,184,30.0,6.133,1.0,1.0,,train
824940e82ec8,CAULIFLOWER,islwords,video,,islwords:rec:344494ce3ae1,C:\ISL\archive\Video_Dataset\Video_Dataset\Cauliflower\WIN_20231102_11_43_34_Pro.mp4,data/processed/landmarks/islwords/CAULIFLOWER/824940e82ec8.npz,178,30.0,5.933,1.0,1.0,,train
7fd164ed219c,CAULIFLOWER,islwords,video,,islwords:rec:3581a87f5210,C:\ISL\archive\Video_Dataset\Video_Dataset\Cauliflower\WIN_20231102_11_43_42_Pro.mp4,data/processed/landmarks/islwords/CAULIFLOWER/7fd164ed219c.npz,154,30.0,5.133,1.0,1.0,,train
b61010d2b491,CAULIFLOWER,islwords,video,,islwords:rec:05ab622bc2ba,C:\ISL\archive\Video_Dataset\Video_Dataset\Cauliflower\WIN_20231102_11_44_21_Pro.mp4,data/processed/landmarks/islwords/CAULIFLOWER/b61010d2b491.npz,152,30.0,5.067,1.0,1.0,,train
578f4c810e60,CAULIFLOWER,islwords,video,,islwords:rec:2f456633dac8,C:\ISL\archive\Video_Dataset\Video_Dataset\Cauliflower\WIN_20231102_11_44_27_Pro.mp4,data/processed/landmarks/islwords/CAULIFLOWER/578f4c810e60.npz,144,30.0,4.8,1.0,1.0,,train
11ba976edc2a,CAULIFLOWER,islwords,video,,islwords:rec:2564538681b9,C:\ISL\archive\Video_Dataset\Video_Dataset\Cauliflower\WIN_20231102_11_44_34_Pro.mp4,data/processed/landmarks/islwords/CAULIFLOWER/11ba976edc2a.npz,137,30.0,4.567,1.0,1.0,,train
ba0e69930742,COME,islwords,video,,islwords:rec:86c6de0e13de,C:\ISL\archive\Video_Dataset\Video_Dataset\Come\WIN_20231103_10_41_41_Pro.mp4,data/processed/landmarks/islwords/COME/ba0e69930742.npz,130,30.0,4.333,1.0,1.0,,train
22cd36b92b42,COME,islwords,video,,islwords:rec:cd1b4a0f4007,C:\ISL\archive\Video_Dataset\Video_Dataset\Come\WIN_20231103_10_41_47_Pro.mp4,data/processed/landmarks/islwords/COME/22cd36b92b42.npz,144,30.0,4.8,1.0,1.0,,train
58a96774f4c2,COME,islwords,video,,islwords:rec:0e3a74c01e5e,C:\ISL\archive\Video_Dataset\Video_Dataset\Come\WIN_20231103_10_41_53_Pro.mp4,data/processed/landmarks/islwords/COME/58a96774f4c2.npz,139,30.0,4.633,1.0,1.0,,train
8d8e45563763,COME,islwords,video,,islwords:rec:48031ca451df,C:\ISL\archive\Video_Dataset\Video_Dataset\Come\WIN_20231103_10_41_58_Pro.mp4,data/processed/landmarks/islwords/COME/8d8e45563763.npz,128,30.0,4.267,1.0,1.0,,train
60d220cf84c9,COME,islwords,video,,islwords:rec:7e5aa4d16bd4,C:\ISL\archive\Video_Dataset\Video_Dataset\Come\WIN_20231103_10_42_34_Pro.mp4,data/processed/landmarks/islwords/COME/60d220cf84c9.npz,116,30.0,3.867,1.0,1.0,,train
4c2e08e16275,COME,islwords,video,,islwords:rec:106203efd3e0,C:\ISL\archive\Video_Dataset\Video_Dataset\Come\WIN_20231103_10_43_05_Pro.mp4,data/processed/landmarks/islwords/COME/4c2e08e16275.npz,108,30.0,3.6,1.0,1.0,,train
e18c51b0f77a,COME,islwords,video,,islwords:rec:9f84c0b7bdb0,C:\ISL\archive\Video_Dataset\Video_Dataset\Come\WIN_20231103_10_43_24_Pro.mp4,data/processed/landmarks/islwords/COME/e18c51b0f77a.npz,119,30.0,3.967,1.0,1.0,,train
d3eae3d26636,COME,islwords,video,,islwords:rec:85d4560972a4,C:\ISL\archive\Video_Dataset\Video_Dataset\Come\WIN_20231103_10_43_30_Pro.mp4,data/processed/landmarks/islwords/COME/d3eae3d26636.npz,124,30.0,4.133,1.0,1.0,,train
4d7a279f1e7c,COME,islwords,video,,islwords:rec:47cfe5460721,C:\ISL\archive\Video_Dataset\Video_Dataset\Come\WIN_20231103_10_43_50_Pro.mp4,data/processed/landmarks/islwords/COME/4d7a279f1e7c.npz,136,30.0,4.533,1.0,1.0,,train
84b7ff5e6708,COME,islwords,video,,islwords:rec:b7d480d0bd99,C:\ISL\archive\Video_Dataset\Video_Dataset\Come\WIN_20231103_10_44_08_Pro.mp4,data/processed/landmarks/islwords/COME/84b7ff5e6708.npz,126,30.0,4.2,1.0,1.0,,train
4f0b0ccacd4c,COME,islwords,video,,islwords:rec:425d491d96f9,C:\ISL\archive\Video_Dataset\Video_Dataset\Come\WIN_20231103_10_44_32_Pro.mp4,data/processed/landmarks/islwords/COME/4f0b0ccacd4c.npz,116,30.0,3.867,1.0,1.0,,train
f0217259b1c9,COME,islwords,video,,islwords:rec:24858e5873e0,C:\ISL\archive\Video_Dataset\Video_Dataset\Come\WIN_20231103_10_44_37_Pro.mp4,data/processed/landmarks/islwords/COME/f0217259b1c9.npz,120,30.0,4.0,1.0,1.0,,train
35bba1908b32,COME,islwords,video,,islwords:rec:9c8ca909cc10,C:\ISL\archive\Video_Dataset\Video_Dataset\Come\WIN_20231103_10_44_43_Pro.mp4,data/processed/landmarks/islwords/COME/35bba1908b32.npz,130,30.0,4.333,1.0,1.0,,train
bf8035b2ad00,COME,islwords,video,,islwords:rec:9ac6e2521bed,C:\ISL\archive\Video_Dataset\Video_Dataset\Come\WIN_20231103_10_44_49_Pro.mp4,data/processed/landmarks/islwords/COME/bf8035b2ad00.npz,113,30.0,3.767,1.0,1.0,,train
60e686cf67c7,CRY,islwords,video,,islwords:rec:b8073d5632f0,C:\ISL\archive\Video_Dataset\Video_Dataset\Cry\WIN_20231103_10_51_30_Pro.mp4,data/processed/landmarks/islwords/CRY/60e686cf67c7.npz,134,30.0,4.467,1.0,1.0,,train
912aefdfb7b5,CRY,islwords,video,,islwords:rec:7cb579d4cb08,C:\ISL\archive\Video_Dataset\Video_Dataset\Cry\WIN_20231103_10_51_37_Pro.mp4,data/processed/landmarks/islwords/CRY/912aefdfb7b5.npz,153,30.0,5.1,1.0,1.0,,train
fb1b2f411998,CRY,islwords,video,,islwords:rec:e1f40f44dc34,C:\ISL\archive\Video_Dataset\Video_Dataset\Cry\WIN_20231103_10_51_45_Pro.mp4,data/processed/landmarks/islwords/CRY/fb1b2f411998.npz,140,30.0,4.667,1.0,1.0,,train
bfb65c083362,CRY,islwords,video,,islwords:rec:af17ac17a499,C:\ISL\archive\Video_Dataset\Video_Dataset\Cry\WIN_20231103_10_52_10_Pro.mp4,data/processed/landmarks/islwords/CRY/bfb65c083362.npz,130,30.0,4.333,1.0,1.0,,train
b4882341640d,CRY,islwords,video,,islwords:rec:8fb0492ad59a,C:\ISL\archive\Video_Dataset\Video_Dataset\Cry\WIN_20231103_10_52_27_Pro.mp4,data/processed/landmarks/islwords/CRY/b4882341640d.npz,137,30.0,4.567,1.0,1.0,,train
c99af2998fa7,CRY,islwords,video,,islwords:rec:0b961e2f6190,C:\ISL\archive\Video_Dataset\Video_Dataset\Cry\WIN_20231103_10_52_51_Pro.mp4,data/processed/landmarks/islwords/CRY/c99af2998fa7.npz,142,30.0,4.733,1.0,1.0,,train
77eb19fd7b0d,CRY,islwords,video,,islwords:rec:9cc3837d51ff,C:\ISL\archive\Video_Dataset\Video_Dataset\Cry\WIN_20231103_10_53_04_Pro.mp4,data/processed/landmarks/islwords/CRY/77eb19fd7b0d.npz,186,30.0,6.2,1.0,1.0,,train
f63da598d53a,CRY,islwords,video,,islwords:rec:ffb49b2698ce,C:\ISL\archive\Video_Dataset\Video_Dataset\Cry\WIN_20231103_10_53_19_Pro.mp4,data/processed/landmarks/islwords/CRY/f63da598d53a.npz,181,30.0,6.033,1.0,1.0,,train
1d655aa853ed,CRY,islwords,video,,islwords:rec:5162ffe618a9,C:\ISL\archive\Video_Dataset\Video_Dataset\Cry\WIN_20231103_10_53_26_Pro.mp4,data/processed/landmarks/islwords/CRY/1d655aa853ed.npz,208,30.0,6.933,1.0,1.0,,train
05dc4799d2e6,CRY,islwords,video,,islwords:rec:c83f123f0a3f,C:\ISL\archive\Video_Dataset\Video_Dataset\Cry\WIN_20231103_10_53_55_Pro.mp4,data/processed/landmarks/islwords/CRY/05dc4799d2e6.npz,166,30.0,5.533,1.0,1.0,,train
ac131dfcc74d,CRY,islwords,video,,islwords:rec:933cc8079f97,C:\ISL\archive\Video_Dataset\Video_Dataset\Cry\WIN_20231103_10_54_03_Pro.mp4,data/processed/landmarks/islwords/CRY/ac131dfcc74d.npz,177,30.0,5.9,1.0,1.0,,train
0b6c4be14551,CRY,islwords,video,,islwords:rec:d0dfe817e4cf,C:\ISL\archive\Video_Dataset\Video_Dataset\Cry\WIN_20231103_10_54_10_Pro.mp4,data/processed/landmarks/islwords/CRY/0b6c4be14551.npz,173,30.0,5.767,1.0,1.0,,train
c89d8ccdea24,CRY,islwords,video,,islwords:rec:5b24be6df11d,C:\ISL\archive\Video_Dataset\Video_Dataset\Cry\WIN_20231103_10_54_18_Pro.mp4,data/processed/landmarks/islwords/CRY/c89d8ccdea24.npz,157,30.0,5.233,1.0,1.0,,train
23bac05e1514,CRY,islwords,video,,islwords:rec:f68176d36967,C:\ISL\archive\Video_Dataset\Video_Dataset\Cry\WIN_20231103_10_54_25_Pro.mp4,data/processed/landmarks/islwords/CRY/23bac05e1514.npz,163,30.0,5.433,1.0,1.0,,train
c6649466a6ee,CUCUMBER,islwords,video,,islwords:rec:24c7b22e62e7,C:\ISL\archive\Video_Dataset\Video_Dataset\Cucumber\WIN_20231102_11_57_21_Pro.mp4,data/processed/landmarks/islwords/CUCUMBER/c6649466a6ee.npz,198,30.0,6.6,0.9949,1.0,,train
6d3e8f50c4bb,CUCUMBER,islwords,video,,islwords:rec:1a18c073a4fd,C:\ISL\archive\Video_Dataset\Video_Dataset\Cucumber\WIN_20231102_11_57_30_Pro.mp4,data/processed/landmarks/islwords/CUCUMBER/6d3e8f50c4bb.npz,207,30.0,6.9,0.9952,1.0,,train
fc968be5818d,CUCUMBER,islwords,video,,islwords:rec:4f0083d71894,C:\ISL\archive\Video_Dataset\Video_Dataset\Cucumber\WIN_20231102_11_58_11_Pro.mp4,data/processed/landmarks/islwords/CUCUMBER/fc968be5818d.npz,220,30.0,7.333,1.0,1.0,,train
981dd4fee00e,CUCUMBER,islwords,video,,islwords:rec:6bc9918f4231,C:\ISL\archive\Video_Dataset\Video_Dataset\Cucumber\WIN_20231102_11_58_56_Pro.mp4,data/processed/landmarks/islwords/CUCUMBER/981dd4fee00e.npz,225,30.0,7.5,0.9956,1.0,,train
316783fefdeb,CUCUMBER,islwords,video,,islwords:rec:81f3a8c837f4,C:\ISL\archive\Video_Dataset\Video_Dataset\Cucumber\WIN_20231102_11_59_06_Pro.mp4,data/processed/landmarks/islwords/CUCUMBER/316783fefdeb.npz,197,30.0,6.567,1.0,1.0,,train
991243c9f856,CUCUMBER,islwords,video,,islwords:rec:4baee3596120,C:\ISL\archive\Video_Dataset\Video_Dataset\Cucumber\WIN_20231102_11_59_14_Pro.mp4,data/processed/landmarks/islwords/CUCUMBER/991243c9f856.npz,211,30.0,7.033,1.0,1.0,,train
5aa6cdb560b1,CUCUMBER,islwords,video,,islwords:rec:8adffd14cbeb,C:\ISL\archive\Video_Dataset\Video_Dataset\Cucumber\WIN_20231102_11_59_31_Pro.mp4,data/processed/landmarks/islwords/CUCUMBER/5aa6cdb560b1.npz,209,30.0,6.967,1.0,1.0,,train
22a4b7db086c,CUCUMBER,islwords,video,,islwords:rec:8445cb070bfe,C:\ISL\archive\Video_Dataset\Video_Dataset\Cucumber\WIN_20231102_12_00_01_Pro.mp4,data/processed/landmarks/islwords/CUCUMBER/22a4b7db086c.npz,196,30.0,6.533,1.0,1.0,,train
11fb786e7823,CUCUMBER,islwords,video,,islwords:rec:f0e1f6859836,C:\ISL\archive\Video_Dataset\Video_Dataset\Cucumber\WIN_20231102_12_00_19_Pro.mp4,data/processed/landmarks/islwords/CUCUMBER/11fb786e7823.npz,229,30.0,7.633,1.0,1.0,,train
16a26db67f72,CUCUMBER,islwords,video,,islwords:rec:a11f7b228aea,C:\ISL\archive\Video_Dataset\Video_Dataset\Cucumber\WIN_20231102_12_00_28_Pro.mp4,data/processed/landmarks/islwords/CUCUMBER/16a26db67f72.npz,211,30.0,7.033,1.0,1.0,,train
8c9db56c8d7d,CUCUMBER,islwords,video,,islwords:rec:77246da6087e,C:\ISL\archive\Video_Dataset\Video_Dataset\Cucumber\WIN_20231102_12_01_06_Pro.mp4,data/processed/landmarks/islwords/CUCUMBER/8c9db56c8d7d.npz,197,30.0,6.567,1.0,1.0,,train
6ef4d12130d8,CUCUMBER,islwords,video,,islwords:rec:1fd3c602517e,C:\ISL\archive\Video_Dataset\Video_Dataset\Cucumber\WIN_20231102_12_01_31_Pro.mp4,data/processed/landmarks/islwords/CUCUMBER/6ef4d12130d8.npz,185,30.0,6.167,0.9946,1.0,,train
a44eec287a14,CUCUMBER,islwords,video,,islwords:rec:e1bfad3a58aa,C:\ISL\archive\Video_Dataset\Video_Dataset\Cucumber\WIN_20231102_12_01_39_Pro.mp4,data/processed/landmarks/islwords/CUCUMBER/a44eec287a14.npz,213,30.0,7.1,1.0,1.0,,train
0e62db3892b2,CUCUMBER,islwords,video,,islwords:rec:0a31f7a198a4,C:\ISL\archive\Video_Dataset\Video_Dataset\Cucumber\WIN_20231102_12_01_49_Pro.mp4,data/processed/landmarks/islwords/CUCUMBER/0e62db3892b2.npz,194,30.0,6.467,1.0,1.0,,train
003ea657cfe0,DRINK,islwords,video,,islwords:rec:6cdea914d8cc,C:\ISL\archive\Video_Dataset\Video_Dataset\Drink\WIN_20231103_10_55_48_Pro.mp4,data/processed/landmarks/islwords/DRINK/003ea657cfe0.npz,144,30.0,4.8,1.0,1.0,,train
6d337cf92805,DRINK,islwords,video,,islwords:rec:a27ef6f89208,C:\ISL\archive\Video_Dataset\Video_Dataset\Drink\WIN_20231103_10_55_55_Pro.mp4,data/processed/landmarks/islwords/DRINK/6d337cf92805.npz,125,30.0,4.167,1.0,1.0,,train
3be299574c89,DRINK,islwords,video,,islwords:rec:1a8797579a96,C:\ISL\archive\Video_Dataset\Video_Dataset\Drink\WIN_20231103_10_56_00_Pro.mp4,data/processed/landmarks/islwords/DRINK/3be299574c89.npz,146,30.0,4.867,1.0,1.0,,train
c087d43212f2,DRINK,islwords,video,,islwords:rec:bd4cf021783e,C:\ISL\archive\Video_Dataset\Video_Dataset\Drink\WIN_20231103_10_56_06_Pro.mp4,data/processed/landmarks/islwords/DRINK/c087d43212f2.npz,120,30.0,4.0,1.0,1.0,,train
9c64814f005d,DRINK,islwords,video,,islwords:rec:a338026d67fa,C:\ISL\archive\Video_Dataset\Video_Dataset\Drink\WIN_20231103_10_56_11_Pro.mp4,data/processed/landmarks/islwords/DRINK/9c64814f005d.npz,124,30.0,4.133,1.0,1.0,,train
2611de70b308,DRINK,islwords,video,,islwords:rec:c97482c279b3,C:\ISL\archive\Video_Dataset\Video_Dataset\Drink\WIN_20231103_10_56_29_Pro.mp4,data/processed/landmarks/islwords/DRINK/2611de70b308.npz,127,30.0,4.233,1.0,1.0,,train
4b7cb824bdd0,DRINK,islwords,video,,islwords:rec:49621ba388ef,C:\ISL\archive\Video_Dataset\Video_Dataset\Drink\WIN_20231103_10_56_35_Pro.mp4,data/processed/landmarks/islwords/DRINK/4b7cb824bdd0.npz,136,30.0,4.533,1.0,1.0,,train
29459d476ed1,DRINK,islwords,video,,islwords:rec:206281630dc1,C:\ISL\archive\Video_Dataset\Video_Dataset\Drink\WIN_20231103_10_57_14_Pro.mp4,data/processed/landmarks/islwords/DRINK/29459d476ed1.npz,143,30.0,4.767,1.0,1.0,,train
574cf6dd71ae,DRINK,islwords,video,,islwords:rec:390a5dd4b927,C:\ISL\archive\Video_Dataset\Video_Dataset\Drink\WIN_20231103_10_57_20_Pro.mp4,data/processed/landmarks/islwords/DRINK/574cf6dd71ae.npz,157,30.0,5.233,1.0,1.0,,train
65ce5ebb749d,DRINK,islwords,video,,islwords:rec:9030d8b47e2c,C:\ISL\archive\Video_Dataset\Video_Dataset\Drink\WIN_20231103_10_57_27_Pro.mp4,data/processed/landmarks/islwords/DRINK/65ce5ebb749d.npz,180,30.0,6.0,1.0,1.0,,train
2dcae8ee5e8b,DRINK,islwords,video,,islwords:rec:acd2988395f4,C:\ISL\archive\Video_Dataset\Video_Dataset\Drink\WIN_20231103_10_57_54_Pro.mp4,data/processed/landmarks/islwords/DRINK/2dcae8ee5e8b.npz,148,30.0,4.933,1.0,1.0,,train
fed0569237a5,DRINK,islwords,video,,islwords:rec:151c92cd12a7,C:\ISL\archive\Video_Dataset\Video_Dataset\Drink\WIN_20231103_10_58_18_Pro.mp4,data/processed/landmarks/islwords/DRINK/fed0569237a5.npz,123,30.0,4.1,1.0,1.0,,train
20bdf2c206b0,DRINK,islwords,video,,islwords:rec:a840ffcbb76c,C:\ISL\archive\Video_Dataset\Video_Dataset\Drink\WIN_20231103_10_58_24_Pro.mp4,data/processed/landmarks/islwords/DRINK/20bdf2c206b0.npz,109,30.0,3.633,1.0,1.0,,train
41aca0558436,DRINK,islwords,video,,islwords:rec:2d4c602bae49,C:\ISL\archive\Video_Dataset\Video_Dataset\Drink\WIN_20231103_10_58_35_Pro.mp4,data/processed/landmarks/islwords/DRINK/41aca0558436.npz,101,30.0,3.367,1.0,1.0,,train
b33b4771f987,ELEPHANT,islwords,video,,islwords:rec:4b70a0b9ebc0,C:\ISL\archive\Video_Dataset\Video_Dataset\Elephant\WIN_20231102_12_59_25_Pro.mp4,data/processed/landmarks/islwords/ELEPHANT/b33b4771f987.npz,204,30.0,6.8,1.0,1.0,,train
d574b63ecd0e,ELEPHANT,islwords,video,,islwords:rec:c1c0ab20835a,C:\ISL\archive\Video_Dataset\Video_Dataset\Elephant\WIN_20231102_12_59_34_Pro.mp4,data/processed/landmarks/islwords/ELEPHANT/d574b63ecd0e.npz,193,30.0,6.433,1.0,1.0,,train
c37c511400db,ELEPHANT,islwords,video,,islwords:rec:d44e3fc2ce4b,C:\ISL\archive\Video_Dataset\Video_Dataset\Elephant\WIN_20231102_12_59_43_Pro.mp4,data/processed/landmarks/islwords/ELEPHANT/c37c511400db.npz,221,30.0,7.367,1.0,1.0,,train
a07692d40e04,ELEPHANT,islwords,video,,islwords:rec:5e34b6382401,C:\ISL\archive\Video_Dataset\Video_Dataset\Elephant\WIN_20231102_12_59_56_Pro.mp4,data/processed/landmarks/islwords/ELEPHANT/a07692d40e04.npz,220,30.0,7.333,1.0,1.0,,train
35cb2ddd3d4a,ELEPHANT,islwords,video,,islwords:rec:3b658c01ba52,C:\ISL\archive\Video_Dataset\Video_Dataset\Elephant\WIN_20231102_13_00_43_Pro.mp4,data/processed/landmarks/islwords/ELEPHANT/35cb2ddd3d4a.npz,172,30.0,5.733,1.0,1.0,,train
8a0817b9d6c4,ELEPHANT,islwords,video,,islwords:rec:1ac6942218e4,C:\ISL\archive\Video_Dataset\Video_Dataset\Elephant\WIN_20231102_13_00_58_Pro.mp4,data/processed/landmarks/islwords/ELEPHANT/8a0817b9d6c4.npz,134,30.0,4.467,1.0,1.0,,train
451ccea5a171,ELEPHANT,islwords,video,,islwords:rec:30dc3c1138f2,C:\ISL\archive\Video_Dataset\Video_Dataset\Elephant\WIN_20231102_13_01_11_Pro.mp4,data/processed/landmarks/islwords/ELEPHANT/451ccea5a171.npz,128,30.0,4.267,1.0,1.0,,train
0cbb8b0f8480,ELEPHANT,islwords,video,,islwords:rec:2fe442f286bb,C:\ISL\archive\Video_Dataset\Video_Dataset\Elephant\WIN_20231102_13_01_17_Pro.mp4,data/processed/landmarks/islwords/ELEPHANT/0cbb8b0f8480.npz,147,30.0,4.9,1.0,1.0,,train
a227f994e2eb,ELEPHANT,islwords,video,,islwords:rec:a57ca18d43ab,C:\ISL\archive\Video_Dataset\Video_Dataset\Elephant\WIN_20231102_13_01_36_Pro.mp4,data/processed/landmarks/islwords/ELEPHANT/a227f994e2eb.npz,156,30.0,5.2,1.0,1.0,,train
1b2bbb2e2bcd,ELEPHANT,islwords,video,,islwords:rec:9fb71e42df37,C:\ISL\archive\Video_Dataset\Video_Dataset\Elephant\WIN_20231102_13_02_01_Pro.mp4,data/processed/landmarks/islwords/ELEPHANT/1b2bbb2e2bcd.npz,164,30.0,5.467,1.0,1.0,,train
a2dbd5fcded5,ELEPHANT,islwords,video,,islwords:rec:1927811ac289,C:\ISL\archive\Video_Dataset\Video_Dataset\Elephant\WIN_20231102_13_03_52_Pro.mp4,data/processed/landmarks/islwords/ELEPHANT/a2dbd5fcded5.npz,195,30.0,6.5,1.0,1.0,,train
1a58cdf9cb17,ELEPHANT,islwords,video,,islwords:rec:08fd4528dcf6,C:\ISL\archive\Video_Dataset\Video_Dataset\Elephant\WIN_20231102_13_40_16_Pro.mp4,data/processed/landmarks/islwords/ELEPHANT/1a58cdf9cb17.npz,159,30.0,5.3,1.0,1.0,,train
80df07065ae0,ELEPHANT,islwords,video,,islwords:rec:29c7c1d00fde,C:\ISL\archive\Video_Dataset\Video_Dataset\Elephant\WIN_20231102_13_40_24_Pro.mp4,data/processed/landmarks/islwords/ELEPHANT/80df07065ae0.npz,148,30.0,4.933,1.0,1.0,,train
56af4df3c88e,ELEPHANT,islwords,video,,islwords:rec:fcc26b8b0803,C:\ISL\archive\Video_Dataset\Video_Dataset\Elephant\WIN_20231102_13_40_32_Pro.mp4,data/processed/landmarks/islwords/ELEPHANT/56af4df3c88e.npz,137,30.0,4.567,1.0,1.0,,train
70dd7aa6dc03,FEDUP,islwords,video,,islwords:rec:5de29ef7302f,C:\ISL\archive\Video_Dataset\Video_Dataset\Fedup\WIN_20231103_13_02_30_Pro.mp4,data/processed/landmarks/islwords/FEDUP/70dd7aa6dc03.npz,129,30.0,4.3,1.0,1.0,,train
2c8529f44a4f,FEDUP,islwords,video,,islwords:rec:70e7c03a8e3b,C:\ISL\archive\Video_Dataset\Video_Dataset\Fedup\WIN_20231103_13_03_42_Pro.mp4,data/processed/landmarks/islwords/FEDUP/2c8529f44a4f.npz,99,30.0,3.3,1.0,1.0,,train
43dd86eeb08b,FEDUP,islwords,video,,islwords:rec:1dd6a004e84c,C:\ISL\archive\Video_Dataset\Video_Dataset\Fedup\WIN_20231103_13_04_01_Pro.mp4,data/processed/landmarks/islwords/FEDUP/43dd86eeb08b.npz,116,30.0,3.867,1.0,1.0,,train
9382ecbb58d5,FEDUP,islwords,video,,islwords:rec:de6390ba781a,C:\ISL\archive\Video_Dataset\Video_Dataset\Fedup\WIN_20231103_13_05_37_Pro.mp4,data/processed/landmarks/islwords/FEDUP/9382ecbb58d5.npz,143,30.0,4.767,1.0,1.0,,train
ad2da9c0b6b2,FEDUP,islwords,video,,islwords:rec:d3cb17fa10b4,C:\ISL\archive\Video_Dataset\Video_Dataset\Fedup\WIN_20231103_13_05_43_Pro.mp4,data/processed/landmarks/islwords/FEDUP/ad2da9c0b6b2.npz,112,30.0,3.733,1.0,1.0,,train
2d972e59fa7c,FEDUP,islwords,video,,islwords:rec:c79a2f7fa789,C:\ISL\archive\Video_Dataset\Video_Dataset\Fedup\WIN_20231103_13_05_54_Pro.mp4,data/processed/landmarks/islwords/FEDUP/2d972e59fa7c.npz,120,30.0,4.0,1.0,1.0,,train
386340d4d5db,FEDUP,islwords,video,,islwords:rec:0f9de93af1da,C:\ISL\archive\Video_Dataset\Video_Dataset\Fedup\WIN_20231103_13_05_59_Pro.mp4,data/processed/landmarks/islwords/FEDUP/386340d4d5db.npz,126,30.0,4.2,1.0,1.0,,train
e0ee2c4212b8,FEDUP,islwords,video,,islwords:rec:dcb4c2a10d4c,C:\ISL\archive\Video_Dataset\Video_Dataset\Fedup\WIN_20231103_13_07_12_Pro.mp4,data/processed/landmarks/islwords/FEDUP/e0ee2c4212b8.npz,109,30.0,3.633,1.0,1.0,,train
34d9516f9a0a,FEDUP,islwords,video,,islwords:rec:7b6259dae7c0,C:\ISL\archive\Video_Dataset\Video_Dataset\Fedup\WIN_20231103_13_07_17_Pro.mp4,data/processed/landmarks/islwords/FEDUP/34d9516f9a0a.npz,121,30.0,4.033,1.0,1.0,,train
719a8f1cb3bc,FEDUP,islwords,video,,islwords:rec:b95fc908a584,C:\ISL\archive\Video_Dataset\Video_Dataset\Fedup\WIN_20231103_13_44_15_Pro.mp4,data/processed/landmarks/islwords/FEDUP/719a8f1cb3bc.npz,154,30.0,5.133,1.0,1.0,,train
1173482a8803,FEDUP,islwords,video,,islwords:rec:2a1fab658fa9,C:\ISL\archive\Video_Dataset\Video_Dataset\Fedup\WIN_20231103_13_44_23_Pro.mp4,data/processed/landmarks/islwords/FEDUP/1173482a8803.npz,132,30.0,4.4,1.0,1.0,,train
0e9c41ba6124,FEDUP,islwords,video,,islwords:rec:7be57fb39854,C:\ISL\archive\Video_Dataset\Video_Dataset\Fedup\WIN_20231103_13_44_29_Pro.mp4,data/processed/landmarks/islwords/FEDUP/0e9c41ba6124.npz,133,30.0,4.433,1.0,1.0,,train
3564937a4aca,FEDUP,islwords,video,,islwords:rec:55c7112580f5,C:\ISL\archive\Video_Dataset\Video_Dataset\Fedup\WIN_20231103_13_44_35_Pro.mp4,data/processed/landmarks/islwords/FEDUP/3564937a4aca.npz,112,30.0,3.733,1.0,1.0,,train
a4f8a54d9748,FEDUP,islwords,video,,islwords:rec:9f0e2a29ccbf,C:\ISL\archive\Video_Dataset\Video_Dataset\Fedup\WIN_20231103_13_44_40_Pro.mp4,data/processed/landmarks/islwords/FEDUP/a4f8a54d9748.npz,126,30.0,4.2,1.0,1.0,,train
44f41edba11d,FEVER,islwords,video,,islwords:rec:b5bd4b1008d6,C:\ISL\archive\Video_Dataset\Video_Dataset\Fever\WIN_20230901_10_05_26_Pro.mp4,data/processed/landmarks/islwords/FEVER/44f41edba11d.npz,180,30.0,6.0,1.0,1.0,,train
804678dc781c,FEVER,islwords,video,,islwords:rec:74a6f7496258,C:\ISL\archive\Video_Dataset\Video_Dataset\Fever\WIN_20230901_10_05_35_Pro.mp4,data/processed/landmarks/islwords/FEVER/804678dc781c.npz,145,30.0,4.833,1.0,1.0,,train
15f3a00a085e,FEVER,islwords,video,,islwords:rec:39d1e0866145,C:\ISL\archive\Video_Dataset\Video_Dataset\Fever\WIN_20230901_10_06_12_Pro.mp4,data/processed/landmarks/islwords/FEVER/15f3a00a085e.npz,145,30.0,4.833,1.0,1.0,,train
bb1bc5cf1592,FEVER,islwords,video,,islwords:rec:2e39b159db52,C:\ISL\archive\Video_Dataset\Video_Dataset\Fever\WIN_20230901_10_06_44_Pro.mp4,data/processed/landmarks/islwords/FEVER/bb1bc5cf1592.npz,168,30.0,5.6,1.0,1.0,,train
e5b4c715cb9d,FEVER,islwords,video,,islwords:rec:025423bf4d7f,C:\ISL\archive\Video_Dataset\Video_Dataset\Fever\WIN_20230901_10_06_52_Pro.mp4,data/processed/landmarks/islwords/FEVER/e5b4c715cb9d.npz,146,30.0,4.867,1.0,1.0,,train
8a39f9666d60,FEVER,islwords,video,,islwords:rec:3590a8bf8502,C:\ISL\archive\Video_Dataset\Video_Dataset\Fever\WIN_20230901_10_06_58_Pro.mp4,data/processed/landmarks/islwords/FEVER/8a39f9666d60.npz,157,30.0,5.233,1.0,1.0,,train
20c45ed3e005,FEVER,islwords,video,,islwords:rec:2a735471a2c3,C:\ISL\archive\Video_Dataset\Video_Dataset\Fever\WIN_20230901_10_07_12_Pro.mp4,data/processed/landmarks/islwords/FEVER/20c45ed3e005.npz,156,30.0,5.2,1.0,1.0,,train
580ab5f0ca92,FEVER,islwords,video,,islwords:rec:e4b81af6afba,C:\ISL\archive\Video_Dataset\Video_Dataset\Fever\WIN_20230901_10_07_53_Pro.mp4,data/processed/landmarks/islwords/FEVER/580ab5f0ca92.npz,170,30.0,5.667,1.0,1.0,,train
24362c8e07a4,FEVER,islwords,video,,islwords:rec:f185ca651c5d,C:\ISL\archive\Video_Dataset\Video_Dataset\Fever\WIN_20230901_10_08_00_Pro.mp4,data/processed/landmarks/islwords/FEVER/24362c8e07a4.npz,202,30.0,6.733,1.0,1.0,,train
5f22d27a411d,FEVER,islwords,video,,islwords:rec:21422f336665,C:\ISL\archive\Video_Dataset\Video_Dataset\Fever\WIN_20230901_10_08_08_Pro.mp4,data/processed/landmarks/islwords/FEVER/5f22d27a411d.npz,198,30.0,6.6,1.0,1.0,,train
f04e223cf303,FEVER,islwords,video,,islwords:rec:48fb21fa4c4a,C:\ISL\archive\Video_Dataset\Video_Dataset\Fever\WIN_20230901_10_08_16_Pro.mp4,data/processed/landmarks/islwords/FEVER/f04e223cf303.npz,226,30.0,7.533,1.0,1.0,,train
8dedbb3d6bb0,FEVER,islwords,video,,islwords:rec:2bafd31d33d3,C:\ISL\archive\Video_Dataset\Video_Dataset\Fever\WIN_20230901_10_08_25_Pro.mp4,data/processed/landmarks/islwords/FEVER/8dedbb3d6bb0.npz,233,30.0,7.767,1.0,1.0,,train
b378659d65ea,FEVER,islwords,video,,islwords:rec:2628d324ae0b,C:\ISL\archive\Video_Dataset\Video_Dataset\Fever\WIN_20230926_11_27_24_Pro_Trim_cropped.mp4,data/processed/landmarks/islwords/FEVER/b378659d65ea.npz,203,30.0,6.767,1.0,1.0,,train
4130d596c633,FEVER,islwords,video,,islwords:rec:ea1ea6f1a2a9,C:\ISL\archive\Video_Dataset\Video_Dataset\Fever\WIN_20230926_11_28_27_Pro_Trim_cropped.mp4,data/processed/landmarks/islwords/FEVER/4130d596c633.npz,183,30.0,6.1,1.0,1.0,,train
c69131ee74e3,GIRAFFE,islwords,video,,islwords:rec:8c05db09aad6,C:\ISL\archive\Video_Dataset\Video_Dataset\Giraffe\WIN_20231102_13_05_38_Pro.mp4,data/processed/landmarks/islwords/GIRAFFE/c69131ee74e3.npz,247,30.0,8.233,1.0,1.0,,train
6e10b66abef5,GIRAFFE,islwords,video,,islwords:rec:56b76dbc08e4,C:\ISL\archive\Video_Dataset\Video_Dataset\Giraffe\WIN_20231102_13_06_28_Pro.mp4,data/processed/landmarks/islwords/GIRAFFE/6e10b66abef5.npz,228,30.0,7.6,1.0,1.0,,train
1c402035e14e,GIRAFFE,islwords,video,,islwords:rec:2a918f62fef7,C:\ISL\archive\Video_Dataset\Video_Dataset\Giraffe\WIN_20231102_13_07_32_Pro.mp4,data/processed/landmarks/islwords/GIRAFFE/1c402035e14e.npz,160,30.0,5.333,1.0,1.0,,train
1db5a03013f1,GIRAFFE,islwords,video,,islwords:rec:5810ae1ae3c3,C:\ISL\archive\Video_Dataset\Video_Dataset\Giraffe\WIN_20231102_13_07_40_Pro.mp4,data/processed/landmarks/islwords/GIRAFFE/1db5a03013f1.npz,189,30.0,6.3,1.0,1.0,,train
26901e750e92,GIRAFFE,islwords,video,,islwords:rec:402e8ea5d6bf,C:\ISL\archive\Video_Dataset\Video_Dataset\Giraffe\WIN_20231102_13_07_48_Pro.mp4,data/processed/landmarks/islwords/GIRAFFE/26901e750e92.npz,183,30.0,6.1,1.0,1.0,,train
bb0f1344688b,GIRAFFE,islwords,video,,islwords:rec:b77ec4b8a9a1,C:\ISL\archive\Video_Dataset\Video_Dataset\Giraffe\WIN_20231102_13_07_55_Pro.mp4,data/processed/landmarks/islwords/GIRAFFE/bb0f1344688b.npz,185,30.0,6.167,1.0,1.0,,train
129dba6735d6,GIRAFFE,islwords,video,,islwords:rec:b5ed2d01cd3b,C:\ISL\archive\Video_Dataset\Video_Dataset\Giraffe\WIN_20231102_13_08_34_Pro.mp4,data/processed/landmarks/islwords/GIRAFFE/129dba6735d6.npz,241,30.0,8.033,1.0,1.0,,train
4e2f9432887d,GIRAFFE,islwords,video,,islwords:rec:00db8d5e8a4f,C:\ISL\archive\Video_Dataset\Video_Dataset\Giraffe\WIN_20231102_13_08_54_Pro.mp4,data/processed/landmarks/islwords/GIRAFFE/4e2f9432887d.npz,278,30.0,9.267,1.0,1.0,,train
d9f8230761ac,GIRAFFE,islwords,video,,islwords:rec:ca34865fb901,C:\ISL\archive\Video_Dataset\Video_Dataset\Giraffe\WIN_20231102_13_09_05_Pro.mp4,data/processed/landmarks/islwords/GIRAFFE/d9f8230761ac.npz,272,30.0,9.067,1.0,1.0,,train
95e6ffdf2543,GIRAFFE,islwords,video,,islwords:rec:ed0eadbf3d38,C:\ISL\archive\Video_Dataset\Video_Dataset\Giraffe\WIN_20231102_13_43_43_Pro.mp4,data/processed/landmarks/islwords/GIRAFFE/95e6ffdf2543.npz,257,30.0,8.567,1.0,1.0,,train
8e6f01855435,GIRAFFE,islwords,video,,islwords:rec:4d8d131d14d6,C:\ISL\archive\Video_Dataset\Video_Dataset\Giraffe\WIN_20231102_13_43_57_Pro.mp4,data/processed/landmarks/islwords/GIRAFFE/8e6f01855435.npz,219,30.0,7.3,1.0,1.0,,train
61e505575b40,GIRAFFE,islwords,video,,islwords:rec:0887c5d46d7a,C:\ISL\archive\Video_Dataset\Video_Dataset\Giraffe\WIN_20231102_13_44_15_Pro.mp4,data/processed/landmarks/islwords/GIRAFFE/61e505575b40.npz,242,30.0,8.067,1.0,1.0,,train
3d08a8bae85a,GIRAFFE,islwords,video,,islwords:rec:0756c5cd94f0,C:\ISL\archive\Video_Dataset\Video_Dataset\Giraffe\WIN_20231102_13_44_25_Pro.mp4,data/processed/landmarks/islwords/GIRAFFE/3d08a8bae85a.npz,226,30.0,7.533,1.0,1.0,,train
979d3cea7e42,GIRAFFE,islwords,video,,islwords:rec:bae5860b6924,C:\ISL\archive\Video_Dataset\Video_Dataset\Giraffe\WIN_20231102_13_44_38_Pro.mp4,data/processed/landmarks/islwords/GIRAFFE/979d3cea7e42.npz,225,30.0,7.5,1.0,1.0,,train
9350590b7d28,INJURY,islwords,video,,islwords:rec:4b825dfc5ee2,C:\ISL\archive\Video_Dataset\Video_Dataset\Injury\WIN_20230831_14_19_32_Pro.mp4,data/processed/landmarks/islwords/INJURY/9350590b7d28.npz,136,30.0,4.533,1.0,1.0,,train
96e84c079aed,INJURY,islwords,video,,islwords:rec:96035bcba6a5,C:\ISL\archive\Video_Dataset\Video_Dataset\Injury\WIN_20230831_14_19_37_Pro.mp4,data/processed/landmarks/islwords/INJURY/96e84c079aed.npz,136,30.0,4.533,1.0,1.0,,train
dcc790cb5fd7,INJURY,islwords,video,,islwords:rec:2a022bd6ff83,C:\ISL\archive\Video_Dataset\Video_Dataset\Injury\WIN_20230831_14_21_03_Pro.mp4,data/processed/landmarks/islwords/INJURY/dcc790cb5fd7.npz,137,30.0,4.567,1.0,1.0,,train
16ea4b1904b5,INJURY,islwords,video,,islwords:rec:db21d7430697,C:\ISL\archive\Video_Dataset\Video_Dataset\Injury\WIN_20230831_14_21_11_Pro.mp4,data/processed/landmarks/islwords/INJURY/16ea4b1904b5.npz,137,30.0,4.567,1.0,1.0,,train
2cabbee2a428,INJURY,islwords,video,,islwords:rec:d8943f1b7daa,C:\ISL\archive\Video_Dataset\Video_Dataset\Injury\WIN_20230831_14_21_17_Pro.mp4,data/processed/landmarks/islwords/INJURY/2cabbee2a428.npz,129,30.0,4.3,1.0,1.0,,train
848315fd4464,INJURY,islwords,video,,islwords:rec:40dc0ba0f583,C:\ISL\archive\Video_Dataset\Video_Dataset\Injury\WIN_20230831_14_21_25_Pro.mp4,data/processed/landmarks/islwords/INJURY/848315fd4464.npz,123,30.0,4.1,1.0,1.0,,train
eb724a549bbe,INJURY,islwords,video,,islwords:rec:5d9d29c05cfd,C:\ISL\archive\Video_Dataset\Video_Dataset\Injury\WIN_20230831_14_21_31_Pro.mp4,data/processed/landmarks/islwords/INJURY/eb724a549bbe.npz,135,30.0,4.5,1.0,1.0,,train
4a06f39872da,INJURY,islwords,video,,islwords:rec:b328cf2a9024,C:\ISL\archive\Video_Dataset\Video_Dataset\Injury\WIN_20230831_14_26_25_Pro.mp4,data/processed/landmarks/islwords/INJURY/4a06f39872da.npz,138,30.0,4.6,1.0,1.0,,train
43271b9bb4d1,INJURY,islwords,video,,islwords:rec:a08a83bae439,C:\ISL\archive\Video_Dataset\Video_Dataset\Injury\WIN_20230831_14_26_53_Pro.mp4,data/processed/landmarks/islwords/INJURY/43271b9bb4d1.npz,138,30.0,4.6,1.0,1.0,,train
0aabd994f398,INJURY,islwords,video,,islwords:rec:8e9839377ac9,C:\ISL\archive\Video_Dataset\Video_Dataset\Injury\WIN_20230831_14_27_00_Pro.mp4,data/processed/landmarks/islwords/INJURY/0aabd994f398.npz,149,30.0,4.967,1.0,1.0,,train
8d654d9dc1b8,INJURY,islwords,video,,islwords:rec:7e448680ccd1,C:\ISL\archive\Video_Dataset\Video_Dataset\Injury\WIN_20230831_14_27_06_Pro.mp4,data/processed/landmarks/islwords/INJURY/8d654d9dc1b8.npz,150,30.0,5.0,1.0,1.0,,train
77e2bbf7533f,INJURY,islwords,video,,islwords:rec:7ba8c7a112ab,C:\ISL\archive\Video_Dataset\Video_Dataset\Injury\WIN_20230927_07_28_19_Pro_Trim_cropped.mp4,data/processed/landmarks/islwords/INJURY/77e2bbf7533f.npz,125,30.0,4.167,0.992,1.0,,train
102425000429,INJURY,islwords,video,,islwords:rec:92d13bcf61ea,C:\ISL\archive\Video_Dataset\Video_Dataset\Injury\WIN_20230927_07_28_46_Pro_Trim_cropped.mp4,data/processed/landmarks/islwords/INJURY/102425000429.npz,128,30.0,4.267,0.9922,1.0,,train
9fb3d8f629c7,INTERVIEW,islwords,video,,islwords:rec:e205306a096c,C:\ISL\archive\Video_Dataset\Video_Dataset\Interview\WIN_20230901_09_46_18_Pro.mp4,data/processed/landmarks/islwords/INTERVIEW/9fb3d8f629c7.npz,164,30.0,5.467,0.9939,1.0,,train
8600fb437809,INTERVIEW,islwords,video,,islwords:rec:709c17637673,C:\ISL\archive\Video_Dataset\Video_Dataset\Interview\WIN_20230901_09_46_24_Pro.mp4,data/processed/landmarks/islwords/INTERVIEW/8600fb437809.npz,159,30.0,5.3,1.0,1.0,,train
692b0ac5b5f3,INTERVIEW,islwords,video,,islwords:rec:6b25d1d82319,C:\ISL\archive\Video_Dataset\Video_Dataset\Interview\WIN_20230901_09_46_31_Pro.mp4,data/processed/landmarks/islwords/INTERVIEW/692b0ac5b5f3.npz,149,30.0,4.967,0.9933,1.0,,train
658e048550eb,INTERVIEW,islwords,video,,islwords:rec:794c50d708d1,C:\ISL\archive\Video_Dataset\Video_Dataset\Interview\WIN_20230901_09_46_54_Pro.mp4,data/processed/landmarks/islwords/INTERVIEW/658e048550eb.npz,132,30.0,4.4,1.0,1.0,,train
47cc4df945d7,INTERVIEW,islwords,video,,islwords:rec:d96087479786,C:\ISL\archive\Video_Dataset\Video_Dataset\Interview\WIN_20230901_09_47_07_Pro.mp4,data/processed/landmarks/islwords/INTERVIEW/47cc4df945d7.npz,134,30.0,4.467,1.0,1.0,,train
f2eae754be80,INTERVIEW,islwords,video,,islwords:rec:1c230062a8fe,C:\ISL\archive\Video_Dataset\Video_Dataset\Interview\WIN_20230901_09_47_21_Pro.mp4,data/processed/landmarks/islwords/INTERVIEW/f2eae754be80.npz,133,30.0,4.433,1.0,1.0,,train
d73454a4b03f,INTERVIEW,islwords,video,,islwords:rec:b99015f2234f,C:\ISL\archive\Video_Dataset\Video_Dataset\Interview\WIN_20230901_09_48_20_Pro.mp4,data/processed/landmarks/islwords/INTERVIEW/d73454a4b03f.npz,145,30.0,4.833,1.0,1.0,,train
a16e774ed633,INTERVIEW,islwords,video,,islwords:rec:d88efebe47bd,C:\ISL\archive\Video_Dataset\Video_Dataset\Interview\WIN_20230901_09_48_27_Pro.mp4,data/processed/landmarks/islwords/INTERVIEW/a16e774ed633.npz,157,30.0,5.233,1.0,1.0,,train
0b7e2a27d8c1,INTERVIEW,islwords,video,,islwords:rec:1b8fb8c34aee,C:\ISL\archive\Video_Dataset\Video_Dataset\Interview\WIN_20230901_09_48_40_Pro.mp4,data/processed/landmarks/islwords/INTERVIEW/0b7e2a27d8c1.npz,168,30.0,5.6,1.0,1.0,,train
1a3a8378f6d4,INTERVIEW,islwords,video,,islwords:rec:a6255cbb8fa6,C:\ISL\archive\Video_Dataset\Video_Dataset\Interview\WIN_20230901_09_48_47_Pro.mp4,data/processed/landmarks/islwords/INTERVIEW/1a3a8378f6d4.npz,168,30.0,5.6,1.0,1.0,,train
7e40119f8fc7,INTERVIEW,islwords,video,,islwords:rec:75224dc94515,C:\ISL\archive\Video_Dataset\Video_Dataset\Interview\WIN_20230927_07_30_06_Pro_Trim_cropped.mp4,data/processed/landmarks/islwords/INTERVIEW/7e40119f8fc7.npz,167,30.0,5.567,1.0,1.0,,train
2252e2c2b76f,INTERVIEW,islwords,video,,islwords:rec:511c08d80f2e,C:\ISL\archive\Video_Dataset\Video_Dataset\Interview\WIN_20230927_07_30_27_Pro_Trim_cropped.mp4,data/processed/landmarks/islwords/INTERVIEW/2252e2c2b76f.npz,170,30.0,5.667,1.0,1.0,,train
d14d4e1c1fc8,INTERVIEW,islwords,video,,islwords:rec:bf9da0416fd2,C:\ISL\archive\Video_Dataset\Video_Dataset\Interview\WIN_20230927_07_30_41_Pro_Trim_cropped.mp4,data/processed/landmarks/islwords/INTERVIEW/d14d4e1c1fc8.npz,137,30.0,4.567,0.9635,1.0,,train
2a2342a7624c,INTERVIEW,islwords,video,,islwords:rec:5b59015e2f69,C:\ISL\archive\Video_Dataset\Video_Dataset\Interview\WIN_20230927_07_31_09_Pro_Trim_cropped.mp4,data/processed/landmarks/islwords/INTERVIEW/2a2342a7624c.npz,129,30.0,4.3,0.9845,1.0,,train
6e279f98c3ae,JUMP,islwords,video,,islwords:rec:6f43e27f2d76,C:\ISL\archive\Video_Dataset\Video_Dataset\Jump\WIN_20231103_11_03_33_Pro.mp4,data/processed/landmarks/islwords/JUMP/6e279f98c3ae.npz,162,30.0,5.4,1.0,1.0,,train
690d4a2731f6,JUMP,islwords,video,,islwords:rec:f0ed1e0e5732,C:\ISL\archive\Video_Dataset\Video_Dataset\Jump\WIN_20231103_11_03_40_Pro.mp4,data/processed/landmarks/islwords/JUMP/690d4a2731f6.npz,195,30.0,6.5,1.0,1.0,,train
2180b27fe3d3,JUMP,islwords,video,,islwords:rec:63b76cc63f97,C:\ISL\archive\Video_Dataset\Video_Dataset\Jump\WIN_20231103_11_03_48_Pro.mp4,data/processed/landmarks/islwords/JUMP/2180b27fe3d3.npz,200,30.0,6.667,1.0,1.0,,train
670429508e22,JUMP,islwords,video,,islwords:rec:6d6368d638f8,C:\ISL\archive\Video_Dataset\Video_Dataset\Jump\WIN_20231103_11_03_56_Pro.mp4,data/processed/landmarks/islwords/JUMP/670429508e22.npz,195,30.0,6.5,1.0,1.0,,train
b0f5c7346717,JUMP,islwords,video,,islwords:rec:360562c57315,C:\ISL\archive\Video_Dataset\Video_Dataset\Jump\WIN_20231103_11_04_04_Pro.mp4,data/processed/landmarks/islwords/JUMP/b0f5c7346717.npz,188,30.0,6.267,1.0,1.0,,train
a4c20c02d696,JUMP,islwords,video,,islwords:rec:01998334645c,C:\ISL\archive\Video_Dataset\Video_Dataset\Jump\WIN_20231103_11_04_53_Pro.mp4,data/processed/landmarks/islwords/JUMP/a4c20c02d696.npz,188,30.0,6.267,1.0,1.0,,train
762bdfff4400,JUMP,islwords,video,,islwords:rec:371b6823404d,C:\ISL\archive\Video_Dataset\Video_Dataset\Jump\WIN_20231103_11_05_01_Pro.mp4,data/processed/landmarks/islwords/JUMP/762bdfff4400.npz,196,30.0,6.533,1.0,1.0,,train
b6014ebbb5c0,JUMP,islwords,video,,islwords:rec:1e80123db407,C:\ISL\archive\Video_Dataset\Video_Dataset\Jump\WIN_20231103_11_05_09_Pro.mp4,data/processed/landmarks/islwords/JUMP/b6014ebbb5c0.npz,192,30.0,6.4,1.0,1.0,,train
806a62b0c4f0,JUMP,islwords,video,,islwords:rec:02efd3230822,C:\ISL\archive\Video_Dataset\Video_Dataset\Jump\WIN_20231103_11_06_14_Pro.mp4,data/processed/landmarks/islwords/JUMP/806a62b0c4f0.npz,268,30.0,8.933,1.0,1.0,,train
69d748670927,JUMP,islwords,video,,islwords:rec:5bee130a16b4,C:\ISL\archive\Video_Dataset\Video_Dataset\Jump\WIN_20231103_11_06_33_Pro.mp4,data/processed/landmarks/islwords/JUMP/69d748670927.npz,200,30.0,6.667,1.0,1.0,,train
e11c341a393a,JUMP,islwords,video,,islwords:rec:faf303cc3bd6,C:\ISL\archive\Video_Dataset\Video_Dataset\Jump\WIN_20231103_11_06_40_Pro.mp4,data/processed/landmarks/islwords/JUMP/e11c341a393a.npz,191,30.0,6.367,1.0,1.0,,train
dfc5164b7448,JUMP,islwords,video,,islwords:rec:dcad2e3813ce,C:\ISL\archive\Video_Dataset\Video_Dataset\Jump\WIN_20231103_11_07_02_Pro.mp4,data/processed/landmarks/islwords/JUMP/dfc5164b7448.npz,206,30.0,6.867,1.0,1.0,,train
a2f63444463d,JUMP,islwords,video,,islwords:rec:ec60d94b191b,C:\ISL\archive\Video_Dataset\Video_Dataset\Jump\WIN_20231103_11_07_11_Pro.mp4,data/processed/landmarks/islwords/JUMP/a2f63444463d.npz,206,30.0,6.867,1.0,1.0,,train
188a58e3f427,JUMP,islwords,video,,islwords:rec:9a634bd77a9a,C:\ISL\archive\Video_Dataset\Video_Dataset\Jump\WIN_20231103_11_08_11_Pro.mp4,data/processed/landmarks/islwords/JUMP/188a58e3f427.npz,196,30.0,6.533,1.0,1.0,,train
a11a3f7471a4,KARNATAKA,islwords,video,,islwords:rec:9002f9af3224,C:\ISL\archive\Video_Dataset\Video_Dataset\Karnataka\WIN_20231103_11_14_01_Pro.mp4,data/processed/landmarks/islwords/KARNATAKA/a11a3f7471a4.npz,121,30.0,4.033,1.0,1.0,,train
e0cf4a478572,KARNATAKA,islwords,video,,islwords:rec:55f57b2c6056,C:\ISL\archive\Video_Dataset\Video_Dataset\Karnataka\WIN_20231103_11_14_07_Pro.mp4,data/processed/landmarks/islwords/KARNATAKA/e0cf4a478572.npz,117,30.0,3.9,1.0,1.0,,train
3d859702f84d,KARNATAKA,islwords,video,,islwords:rec:e988b7f92a65,C:\ISL\archive\Video_Dataset\Video_Dataset\Karnataka\WIN_20231103_11_14_18_Pro.mp4,data/processed/landmarks/islwords/KARNATAKA/3d859702f84d.npz,100,30.0,3.333,1.0,1.0,,train
7ed39c738aa7,KARNATAKA,islwords,video,,islwords:rec:4a2c3b4dc243,C:\ISL\archive\Video_Dataset\Video_Dataset\Karnataka\WIN_20231103_11_14_23_Pro.mp4,data/processed/landmarks/islwords/KARNATAKA/7ed39c738aa7.npz,126,30.0,4.2,1.0,1.0,,train
6f64822fc008,KARNATAKA,islwords,video,,islwords:rec:e36e0366fd6d,C:\ISL\archive\Video_Dataset\Video_Dataset\Karnataka\WIN_20231103_11_15_13_Pro.mp4,data/processed/landmarks/islwords/KARNATAKA/6f64822fc008.npz,157,30.0,5.233,1.0,1.0,,train
9723e7c7262c,KARNATAKA,islwords,video,,islwords:rec:1cc1615adb04,C:\ISL\archive\Video_Dataset\Video_Dataset\Karnataka\WIN_20231103_11_15_20_Pro.mp4,data/processed/landmarks/islwords/KARNATAKA/9723e7c7262c.npz,151,30.0,5.033,1.0,1.0,,train
d722621693ee,KARNATAKA,islwords,video,,islwords:rec:a4e09c078c41,C:\ISL\archive\Video_Dataset\Video_Dataset\Karnataka\WIN_20231103_11_15_44_Pro.mp4,data/processed/landmarks/islwords/KARNATAKA/d722621693ee.npz,147,30.0,4.9,1.0,1.0,,train
c2142d58163f,KARNATAKA,islwords,video,,islwords:rec:f613fca2a835,C:\ISL\archive\Video_Dataset\Video_Dataset\Karnataka\WIN_20231103_11_15_50_Pro.mp4,data/processed/landmarks/islwords/KARNATAKA/c2142d58163f.npz,147,30.0,4.9,1.0,1.0,,train
04e31597a56b,KARNATAKA,islwords,video,,islwords:rec:fda2f0205053,C:\ISL\archive\Video_Dataset\Video_Dataset\Karnataka\WIN_20231103_11_15_56_Pro.mp4,data/processed/landmarks/islwords/KARNATAKA/04e31597a56b.npz,143,30.0,4.767,1.0,1.0,,train
338935dc218b,KARNATAKA,islwords,video,,islwords:rec:ff221aaddbb9,C:\ISL\archive\Video_Dataset\Video_Dataset\Karnataka\WIN_20231103_11_16_02_Pro.mp4,data/processed/landmarks/islwords/KARNATAKA/338935dc218b.npz,144,30.0,4.8,1.0,1.0,,train
4bdf4e6a00c1,KARNATAKA,islwords,video,,islwords:rec:66badf1d6ee1,C:\ISL\archive\Video_Dataset\Video_Dataset\Karnataka\WIN_20231103_11_16_43_Pro.mp4,data/processed/landmarks/islwords/KARNATAKA/4bdf4e6a00c1.npz,137,30.0,4.567,1.0,1.0,,train
f1f1e0c267db,KARNATAKA,islwords,video,,islwords:rec:724a021da7f4,C:\ISL\archive\Video_Dataset\Video_Dataset\Karnataka\WIN_20231103_11_16_51_Pro.mp4,data/processed/landmarks/islwords/KARNATAKA/f1f1e0c267db.npz,144,30.0,4.8,1.0,1.0,,train
c314fdbc4dd0,KARNATAKA,islwords,video,,islwords:rec:cc1d62e2763e,C:\ISL\archive\Video_Dataset\Video_Dataset\Karnataka\WIN_20231103_11_16_58_Pro.mp4,data/processed/landmarks/islwords/KARNATAKA/c314fdbc4dd0.npz,123,30.0,4.1,1.0,1.0,,train
987a90fbbdc7,KARNATAKA,islwords,video,,islwords:rec:cbf266546ac2,C:\ISL\archive\Video_Dataset\Video_Dataset\Karnataka\WIN_20231103_11_17_10_Pro.mp4,data/processed/landmarks/islwords/KARNATAKA/987a90fbbdc7.npz,126,30.0,4.2,1.0,1.0,,train
0bf02763628f,LION,islwords,video,,islwords:rec:ba073bbf6971,C:\ISL\archive\Video_Dataset\Video_Dataset\Lion\WIN_20231102_13_10_25_Pro.mp4,data/processed/landmarks/islwords/LION/0bf02763628f.npz,155,30.0,5.167,1.0,1.0,,train
2132d68a2575,LION,islwords,video,,islwords:rec:2894c2996679,C:\ISL\archive\Video_Dataset\Video_Dataset\Lion\WIN_20231102_13_10_32_Pro.mp4,data/processed/landmarks/islwords/LION/2132d68a2575.npz,142,30.0,4.733,1.0,1.0,,train
0744174f12dd,LION,islwords,video,,islwords:rec:b2025268586a,C:\ISL\archive\Video_Dataset\Video_Dataset\Lion\WIN_20231102_13_10_39_Pro.mp4,data/processed/landmarks/islwords/LION/0744174f12dd.npz,149,30.0,4.967,1.0,1.0,,train
a2e5722aaa5f,LION,islwords,video,,islwords:rec:2fa78207e0e8,C:\ISL\archive\Video_Dataset\Video_Dataset\Lion\WIN_20231102_13_10_45_Pro.mp4,data/processed/landmarks/islwords/LION/a2e5722aaa5f.npz,152,30.0,5.067,1.0,1.0,,train
3a8e4b3ac08d,LION,islwords,video,,islwords:rec:38555325f1d4,C:\ISL\archive\Video_Dataset\Video_Dataset\Lion\WIN_20231102_13_10_52_Pro.mp4,data/processed/landmarks/islwords/LION/3a8e4b3ac08d.npz,124,30.0,4.133,1.0,1.0,,train
a98309d9499b,LION,islwords,video,,islwords:rec:436a85035f58,C:\ISL\archive\Video_Dataset\Video_Dataset\Lion\WIN_20231102_13_12_11_Pro.mp4,data/processed/landmarks/islwords/LION/a98309d9499b.npz,159,30.0,5.3,1.0,1.0,,train
665f38b9f693,LION,islwords,video,,islwords:rec:448cb2d74920,C:\ISL\archive\Video_Dataset\Video_Dataset\Lion\WIN_20231102_13_12_18_Pro.mp4,data/processed/landmarks/islwords/LION/665f38b9f693.npz,159,30.0,5.3,0.9937,1.0,,train
279da2a82e0a,LION,islwords,video,,islwords:rec:357160877886,C:\ISL\archive\Video_Dataset\Video_Dataset\Lion\WIN_20231102_13_12_26_Pro.mp4,data/processed/landmarks/islwords/LION/279da2a82e0a.npz,134,30.0,4.467,0.9925,1.0,,train
62724160cf07,LION,islwords,video,,islwords:rec:fbc403c73571,C:\ISL\archive\Video_Dataset\Video_Dataset\Lion\WIN_20231102_13_13_00_Pro.mp4,data/processed/landmarks/islwords/LION/62724160cf07.npz,153,30.0,5.1,1.0,1.0,,train
76ab7f30c767,LION,islwords,video,,islwords:rec:44c8e3be7eb4,C:\ISL\archive\Video_Dataset\Video_Dataset\Lion\WIN_20231102_13_13_17_Pro.mp4,data/processed/landmarks/islwords/LION/76ab7f30c767.npz,183,30.0,6.1,1.0,1.0,,train
63ca34c71b11,LION,islwords,video,,islwords:rec:fc64d9403486,C:\ISL\archive\Video_Dataset\Video_Dataset\Lion\WIN_20231102_13_13_36_Pro.mp4,data/processed/landmarks/islwords/LION/63ca34c71b11.npz,193,30.0,6.433,1.0,1.0,,train
4464c9138373,LION,islwords,video,,islwords:rec:861bee6b0550,C:\ISL\archive\Video_Dataset\Video_Dataset\Lion\WIN_20231102_13_47_26_Pro.mp4,data/processed/landmarks/islwords/LION/4464c9138373.npz,158,30.0,5.267,1.0,1.0,,train
e2d6fbf3980d,LION,islwords,video,,islwords:rec:d9c5df8f856d,C:\ISL\archive\Video_Dataset\Video_Dataset\Lion\WIN_20231102_13_47_41_Pro.mp4,data/processed/landmarks/islwords/LION/e2d6fbf3980d.npz,162,30.0,5.4,1.0,1.0,,train
90a796887a87,LION,islwords,video,,islwords:rec:410d1831c794,C:\ISL\archive\Video_Dataset\Video_Dataset\Lion\WIN_20231102_13_47_48_Pro.mp4,data/processed/landmarks/islwords/LION/90a796887a87.npz,140,30.0,4.667,1.0,1.0,,train
383e3c94d22f,MONKEY,islwords,video,,islwords:rec:a34b8d2b5284,C:\ISL\archive\Video_Dataset\Video_Dataset\Monkey\WIN_20231102_13_15_07_Pro.mp4,data/processed/landmarks/islwords/MONKEY/383e3c94d22f.npz,141,30.0,4.7,1.0,1.0,,train
105aafa2e6ea,MONKEY,islwords,video,,islwords:rec:4785e8f15759,C:\ISL\archive\Video_Dataset\Video_Dataset\Monkey\WIN_20231102_13_15_19_Pro.mp4,data/processed/landmarks/islwords/MONKEY/105aafa2e6ea.npz,155,30.0,5.167,1.0,1.0,,train
60f15cea7cba,MONKEY,islwords,video,,islwords:rec:724833280777,C:\ISL\archive\Video_Dataset\Video_Dataset\Monkey\WIN_20231102_13_15_31_Pro.mp4,data/processed/landmarks/islwords/MONKEY/60f15cea7cba.npz,154,30.0,5.133,1.0,1.0,,train
4bb19fa3b953,MONKEY,islwords,video,,islwords:rec:e88b3beccac3,C:\ISL\archive\Video_Dataset\Video_Dataset\Monkey\WIN_20231102_13_15_42_Pro.mp4,data/processed/landmarks/islwords/MONKEY/4bb19fa3b953.npz,151,30.0,5.033,1.0,1.0,,train
1b212507cec4,MONKEY,islwords,video,,islwords:rec:304b16959411,C:\ISL\archive\Video_Dataset\Video_Dataset\Monkey\WIN_20231102_13_15_49_Pro.mp4,data/processed/landmarks/islwords/MONKEY/1b212507cec4.npz,153,30.0,5.1,1.0,1.0,,train
58ed54988cd1,MONKEY,islwords,video,,islwords:rec:d53911ccaf3d,C:\ISL\archive\Video_Dataset\Video_Dataset\Monkey\WIN_20231102_13_16_37_Pro.mp4,data/processed/landmarks/islwords/MONKEY/58ed54988cd1.npz,151,30.0,5.033,1.0,1.0,,train
88b12611c226,MONKEY,islwords,video,,islwords:rec:f5f53ab4cb18,C:\ISL\archive\Video_Dataset\Video_Dataset\Monkey\WIN_20231102_13_16_57_Pro.mp4,data/processed/landmarks/islwords/MONKEY/88b12611c226.npz,136,30.0,4.533,0.9926,1.0,,train
305a4cd72419,MONKEY,islwords,video,,islwords:rec:3472e751ac40,C:\ISL\archive\Video_Dataset\Video_Dataset\Monkey\WIN_20231102_13_17_25_Pro.mp4,data/processed/landmarks/islwords/MONKEY/305a4cd72419.npz,152,30.0,5.067,1.0,1.0,,train
adcf7b5d3a22,MONKEY,islwords,video,,islwords:rec:7c0b2c8e3ffb,C:\ISL\archive\Video_Dataset\Video_Dataset\Monkey\WIN_20231102_13_17_32_Pro.mp4,data/processed/landmarks/islwords/MONKEY/adcf7b5d3a22.npz,150,30.0,5.0,1.0,1.0,,train
180129f99659,MONKEY,islwords,video,,islwords:rec:2bc5e6b55c37,C:\ISL\archive\Video_Dataset\Video_Dataset\Monkey\WIN_20231102_13_17_45_Pro.mp4,data/processed/landmarks/islwords/MONKEY/180129f99659.npz,159,30.0,5.3,1.0,1.0,,train
75c813c68f9d,MONKEY,islwords,video,,islwords:rec:4aea34d5d85c,C:\ISL\archive\Video_Dataset\Video_Dataset\Monkey\WIN_20231102_13_17_53_Pro.mp4,data/processed/landmarks/islwords/MONKEY/75c813c68f9d.npz,186,30.0,6.2,1.0,1.0,,train
24f0021ff2a4,MONKEY,islwords,video,,islwords:rec:aecd718e9aea,C:\ISL\archive\Video_Dataset\Video_Dataset\Monkey\WIN_20231102_13_18_00_Pro.mp4,data/processed/landmarks/islwords/MONKEY/24f0021ff2a4.npz,165,30.0,5.5,1.0,1.0,,train
f69f3e739d85,MONKEY,islwords,video,,islwords:rec:d016375ae512,C:\ISL\archive\Video_Dataset\Video_Dataset\Monkey\WIN_20231102_13_52_23_Pro.mp4,data/processed/landmarks/islwords/MONKEY/f69f3e739d85.npz,127,30.0,4.233,1.0,1.0,,train
4b216f4debf9,MONKEY,islwords,video,,islwords:rec:0b6a26a1d970,C:\ISL\archive\Video_Dataset\Video_Dataset\Monkey\WIN_20231102_13_53_00_Pro.mp4,data/processed/landmarks/islwords/MONKEY/4b216f4debf9.npz,129,30.0,4.3,1.0,1.0,,train
6bb6820e79cc,ONION,islwords,video,,islwords:rec:8e64e844c758,C:\ISL\archive\Video_Dataset\Video_Dataset\Onion\WIN_20231102_12_12_50_Pro.mp4,data/processed/landmarks/islwords/ONION/6bb6820e79cc.npz,153,30.0,5.1,1.0,1.0,,train
e2bada495971,ONION,islwords,video,,islwords:rec:5ac122abd032,C:\ISL\archive\Video_Dataset\Video_Dataset\Onion\WIN_20231102_12_13_53_Pro.mp4,data/processed/landmarks/islwords/ONION/e2bada495971.npz,167,30.0,5.567,1.0,1.0,,train
26a92b27ddf3,ONION,islwords,video,,islwords:rec:d4ee05518745,C:\ISL\archive\Video_Dataset\Video_Dataset\Onion\WIN_20231102_12_14_53_Pro.mp4,data/processed/landmarks/islwords/ONION/26a92b27ddf3.npz,150,30.0,5.0,1.0,1.0,,train
b22c86af7819,ONION,islwords,video,,islwords:rec:d0eb78802c84,C:\ISL\archive\Video_Dataset\Video_Dataset\Onion\WIN_20231102_12_16_18_Pro.mp4,data/processed/landmarks/islwords/ONION/b22c86af7819.npz,168,30.0,5.6,1.0,1.0,,train
4290064b6335,ONION,islwords,video,,islwords:rec:e63023596044,C:\ISL\archive\Video_Dataset\Video_Dataset\Onion\WIN_20231102_12_16_44_Pro.mp4,data/processed/landmarks/islwords/ONION/4290064b6335.npz,197,30.0,6.567,1.0,1.0,,train
6233d68e6be6,ONION,islwords,video,,islwords:rec:e6a90543ce8a,C:\ISL\archive\Video_Dataset\Video_Dataset\Onion\WIN_20231102_12_18_06_Pro.mp4,data/processed/landmarks/islwords/ONION/6233d68e6be6.npz,184,30.0,6.133,1.0,1.0,,train
11ccb332906d,ONION,islwords,video,,islwords:rec:a72422fb43f0,C:\ISL\archive\Video_Dataset\Video_Dataset\Onion\WIN_20231102_12_18_22_Pro.mp4,data/processed/landmarks/islwords/ONION/11ccb332906d.npz,172,30.0,5.733,1.0,1.0,,train
6d2c440e5dcf,ONION,islwords,video,,islwords:rec:810f896e7112,C:\ISL\archive\Video_Dataset\Video_Dataset\Onion\WIN_20231102_12_20_24_Pro.mp4,data/processed/landmarks/islwords/ONION/6d2c440e5dcf.npz,177,30.0,5.9,1.0,1.0,,train
d3ba2eb9622c,ONION,islwords,video,,islwords:rec:6df6360564f2,C:\ISL\archive\Video_Dataset\Video_Dataset\Onion\WIN_20231102_12_23_28_Pro.mp4,data/processed/landmarks/islwords/ONION/d3ba2eb9622c.npz,127,30.0,4.233,1.0,1.0,,train
6b5caa35cee0,ONION,islwords,video,,islwords:rec:571192b86ab3,C:\ISL\archive\Video_Dataset\Video_Dataset\Onion\WIN_20231102_12_23_33_Pro.mp4,data/processed/landmarks/islwords/ONION/6b5caa35cee0.npz,135,30.0,4.5,1.0,1.0,,train
564a442d8d7a,ONION,islwords,video,,islwords:rec:636fd7fdec14,C:\ISL\archive\Video_Dataset\Video_Dataset\Onion\WIN_20231102_12_23_39_Pro.mp4,data/processed/landmarks/islwords/ONION/564a442d8d7a.npz,131,30.0,4.367,1.0,1.0,,train
86d91deaa7cf,ONION,islwords,video,,islwords:rec:ed59706404bf,C:\ISL\archive\Video_Dataset\Video_Dataset\Onion\WIN_20231102_12_23_45_Pro.mp4,data/processed/landmarks/islwords/ONION/86d91deaa7cf.npz,154,30.0,5.133,1.0,1.0,,train
fb93a1f226e9,ONION,islwords,video,,islwords:rec:f2b9a6c0e99a,C:\ISL\archive\Video_Dataset\Video_Dataset\Onion\WIN_20231102_12_24_32_Pro.mp4,data/processed/landmarks/islwords/ONION/fb93a1f226e9.npz,122,30.0,4.067,1.0,1.0,,train
19acf367f431,ONION,islwords,video,,islwords:rec:9cc89239a865,C:\ISL\archive\Video_Dataset\Video_Dataset\Onion\WIN_20231102_12_24_37_Pro.mp4,data/processed/landmarks/islwords/ONION/19acf367f431.npz,123,30.0,4.1,1.0,1.0,,train
c168d3d3dadd,PEACOCK,islwords,video,,islwords:rec:063cff73b602,C:\ISL\archive\Video_Dataset\Video_Dataset\Peacock\WIN_20231103_12_51_54_Pro.mp4,data/processed/landmarks/islwords/PEACOCK/c168d3d3dadd.npz,115,30.0,3.833,1.0,1.0,,train
0b4b5025d83c,PEACOCK,islwords,video,,islwords:rec:d82ad71a72e8,C:\ISL\archive\Video_Dataset\Video_Dataset\Peacock\WIN_20231103_12_52_00_Pro.mp4,data/processed/landmarks/islwords/PEACOCK/0b4b5025d83c.npz,104,30.0,3.467,1.0,1.0,,train
b90f12d6f85b,PEACOCK,islwords,video,,islwords:rec:ea47099aea4a,C:\ISL\archive\Video_Dataset\Video_Dataset\Peacock\WIN_20231103_12_52_10_Pro.mp4,data/processed/landmarks/islwords/PEACOCK/b90f12d6f85b.npz,115,30.0,3.833,0.9913,1.0,,train
e82e3e598dcd,PEACOCK,islwords,video,,islwords:rec:86452d1d3e42,C:\ISL\archive\Video_Dataset\Video_Dataset\Peacock\WIN_20231103_12_52_15_Pro.mp4,data/processed/landmarks/islwords/PEACOCK/e82e3e598dcd.npz,110,30.0,3.667,1.0,1.0,,train
2d13c5aaeaf2,PEACOCK,islwords,video,,islwords:rec:aca7bc213cd2,C:\ISL\archive\Video_Dataset\Video_Dataset\Peacock\WIN_20231103_12_52_28_Pro.mp4,data/processed/landmarks/islwords/PEACOCK/2d13c5aaeaf2.npz,159,30.0,5.3,1.0,1.0,,train
875b5ce103c0,PEACOCK,islwords,video,,islwords:rec:299ac6d0504b,C:\ISL\archive\Video_Dataset\Video_Dataset\Peacock\WIN_20231103_12_52_41_Pro.mp4,data/processed/landmarks/islwords/PEACOCK/875b5ce103c0.npz,174,30.0,5.8,1.0,1.0,,train
c7d7093f3ce3,PEACOCK,islwords,video,,islwords:rec:a023af756f78,C:\ISL\archive\Video_Dataset\Video_Dataset\Peacock\WIN_20231103_12_52_48_Pro.mp4,data/processed/landmarks/islwords/PEACOCK/c7d7093f3ce3.npz,161,30.0,5.367,1.0,1.0,,train
6a2896986969,PEACOCK,islwords,video,,islwords:rec:ff03d36582c1,C:\ISL\archive\Video_Dataset\Video_Dataset\Peacock\WIN_20231103_12_53_21_Pro.mp4,data/processed/landmarks/islwords/PEACOCK/6a2896986969.npz,156,30.0,5.2,0.9936,1.0,,train
80c0e69ecd89,PEACOCK,islwords,video,,islwords:rec:7ea45b35b2d1,C:\ISL\archive\Video_Dataset\Video_Dataset\Peacock\WIN_20231103_12_53_35_Pro.mp4,data/processed/landmarks/islwords/PEACOCK/80c0e69ecd89.npz,152,30.0,5.067,0.9934,1.0,,train
28ec8bfb0ff8,PEACOCK,islwords,video,,islwords:rec:016277f82101,C:\ISL\archive\Video_Dataset\Video_Dataset\Peacock\WIN_20231103_12_53_42_Pro.mp4,data/processed/landmarks/islwords/PEACOCK/28ec8bfb0ff8.npz,132,30.0,4.4,0.9924,1.0,,train
a9609812aabd,PEACOCK,islwords,video,,islwords:rec:c85c4da0b53e,C:\ISL\archive\Video_Dataset\Video_Dataset\Peacock\WIN_20231103_13_37_23_Pro.mp4,data/processed/landmarks/islwords/PEACOCK/a9609812aabd.npz,214,30.0,7.133,0.9953,1.0,,train
9fb6e6d57694,PEACOCK,islwords,video,,islwords:rec:591f8cf0b7c1,C:\ISL\archive\Video_Dataset\Video_Dataset\Peacock\WIN_20231103_13_37_34_Pro.mp4,data/processed/landmarks/islwords/PEACOCK/9fb6e6d57694.npz,178,30.0,5.933,1.0,1.0,,train
c97e17c41115,PEACOCK,islwords,video,,islwords:rec:d46f9f6078f6,C:\ISL\archive\Video_Dataset\Video_Dataset\Peacock\WIN_20231103_13_37_42_Pro.mp4,data/processed/landmarks/islwords/PEACOCK/c97e17c41115.npz,159,30.0,5.3,1.0,1.0,,train
9b5ee212bad8,PEACOCK,islwords,video,,islwords:rec:30a8d2ddf6db,C:\ISL\archive\Video_Dataset\Video_Dataset\Peacock\WIN_20231103_13_37_49_Pro.mp4,data/processed/landmarks/islwords/PEACOCK/9b5ee212bad8.npz,149,30.0,4.967,0.9933,1.0,,train
cbaa8ef8111d,PIGEON,islwords,video,,islwords:rec:e4acbc46aa13,C:\ISL\archive\Video_Dataset\Video_Dataset\Pigeon\WIN_20231103_12_54_54_Pro.mp4,data/processed/landmarks/islwords/PIGEON/cbaa8ef8111d.npz,155,30.0,5.167,1.0,1.0,,train
fdaf5e9b549a,PIGEON,islwords,video,,islwords:rec:86ea6aa34f57,C:\ISL\archive\Video_Dataset\Video_Dataset\Pigeon\WIN_20231103_12_55_08_Pro.mp4,data/processed/landmarks/islwords/PIGEON/fdaf5e9b549a.npz,162,30.0,5.4,1.0,1.0,,train
3ca759ab8cf8,PIGEON,islwords,video,,islwords:rec:3c2b0f5c53f0,C:\ISL\archive\Video_Dataset\Video_Dataset\Pigeon\WIN_20231103_12_55_21_Pro.mp4,data/processed/landmarks/islwords/PIGEON/3ca759ab8cf8.npz,151,30.0,5.033,1.0,1.0,,train
5e5e1f7438e0,PIGEON,islwords,video,,islwords:rec:d0c1a481b3f4,C:\ISL\archive\Video_Dataset\Video_Dataset\Pigeon\WIN_20231103_12_56_05_Pro.mp4,data/processed/landmarks/islwords/PIGEON/5e5e1f7438e0.npz,276,30.0,9.2,1.0,1.0,,train
bbb95c68c120,PIGEON,islwords,video,,islwords:rec:e684292bbf3e,C:\ISL\archive\Video_Dataset\Video_Dataset\Pigeon\WIN_20231103_12_56_15_Pro.mp4,data/processed/landmarks/islwords/PIGEON/bbb95c68c120.npz,239,30.0,7.967,1.0,1.0,,train
42626a7a8806,PIGEON,islwords,video,,islwords:rec:75c95e7abb24,C:\ISL\archive\Video_Dataset\Video_Dataset\Pigeon\WIN_20231103_12_56_24_Pro.mp4,data/processed/landmarks/islwords/PIGEON/42626a7a8806.npz,260,30.0,8.667,1.0,1.0,,train
79d862c0139d,PIGEON,islwords,video,,islwords:rec:e46b27ba0d59,C:\ISL\archive\Video_Dataset\Video_Dataset\Pigeon\WIN_20231103_12_56_34_Pro.mp4,data/processed/landmarks/islwords/PIGEON/79d862c0139d.npz,272,30.0,9.067,1.0,1.0,,train
fee1c85d7290,PIGEON,islwords,video,,islwords:rec:894e29125072,C:\ISL\archive\Video_Dataset\Video_Dataset\Pigeon\WIN_20231103_12_57_12_Pro.mp4,data/processed/landmarks/islwords/PIGEON/fee1c85d7290.npz,215,30.0,7.167,1.0,1.0,,train
10d8fe823e09,PIGEON,islwords,video,,islwords:rec:fcf808dd77bd,C:\ISL\archive\Video_Dataset\Video_Dataset\Pigeon\WIN_20231103_12_57_21_Pro.mp4,data/processed/landmarks/islwords/PIGEON/10d8fe823e09.npz,197,30.0,6.567,0.9949,1.0,,train
a94edd001c3e,PIGEON,islwords,video,,islwords:rec:aa548a2df2bb,C:\ISL\archive\Video_Dataset\Video_Dataset\Pigeon\WIN_20231103_12_57_30_Pro.mp4,data/processed/landmarks/islwords/PIGEON/a94edd001c3e.npz,197,30.0,6.567,0.9898,1.0,,train
539b6308c847,PIGEON,islwords,video,,islwords:rec:7d0407adaf95,C:\ISL\archive\Video_Dataset\Video_Dataset\Pigeon\WIN_20231103_12_57_48_Pro.mp4,data/processed/landmarks/islwords/PIGEON/539b6308c847.npz,200,30.0,6.667,0.995,1.0,,train
89ffc0dd573b,PIGEON,islwords,video,,islwords:rec:a980102bcd4a,C:\ISL\archive\Video_Dataset\Video_Dataset\Pigeon\WIN_20231103_13_39_37_Pro.mp4,data/processed/landmarks/islwords/PIGEON/89ffc0dd573b.npz,199,30.0,6.633,1.0,1.0,,train
50f559095297,PIGEON,islwords,video,,islwords:rec:b9c677b797da,C:\ISL\archive\Video_Dataset\Video_Dataset\Pigeon\WIN_20231103_13_39_55_Pro.mp4,data/processed/landmarks/islwords/PIGEON/50f559095297.npz,206,30.0,6.867,1.0,1.0,,train
029a691000d0,PIGEON,islwords,video,,islwords:rec:66178030467d,C:\ISL\archive\Video_Dataset\Video_Dataset\Pigeon\WIN_20231103_13_40_04_Pro.mp4,data/processed/landmarks/islwords/PIGEON/029a691000d0.npz,213,30.0,7.1,1.0,1.0,,train
940de3c7b277,RADISH,islwords,video,,islwords:rec:c718985d18cc,C:\ISL\archive\Video_Dataset\Video_Dataset\Radish\WIN_20231102_12_26_37_Pro.mp4,data/processed/landmarks/islwords/RADISH/940de3c7b277.npz,159,30.0,5.3,1.0,1.0,,train
2e52cb899182,RADISH,islwords,video,,islwords:rec:280b259d2ed4,C:\ISL\archive\Video_Dataset\Video_Dataset\Radish\WIN_20231102_12_26_45_Pro.mp4,data/processed/landmarks/islwords/RADISH/2e52cb899182.npz,157,30.0,5.233,1.0,1.0,,train
4b27b8603535,RADISH,islwords,video,,islwords:rec:f2414c05a612,C:\ISL\archive\Video_Dataset\Video_Dataset\Radish\WIN_20231102_12_26_51_Pro.mp4,data/processed/landmarks/islwords/RADISH/4b27b8603535.npz,144,30.0,4.8,1.0,1.0,,train
d0f6ddf63f9a,RADISH,islwords,video,,islwords:rec:d72e3be82820,C:\ISL\archive\Video_Dataset\Video_Dataset\Radish\WIN_20231102_12_26_58_Pro.mp4,data/processed/landmarks/islwords/RADISH/d0f6ddf63f9a.npz,123,30.0,4.1,1.0,1.0,,train
567e1f6871c5,RADISH,islwords,video,,islwords:rec:b6fe8a52857d,C:\ISL\archive\Video_Dataset\Video_Dataset\Radish\WIN_20231102_12_27_07_Pro.mp4,data/processed/landmarks/islwords/RADISH/567e1f6871c5.npz,140,30.0,4.667,1.0,1.0,,train
a60e7d6bc2cf,RADISH,islwords,video,,islwords:rec:a86e7b4269da,C:\ISL\archive\Video_Dataset\Video_Dataset\Radish\WIN_20231102_12_27_39_Pro.mp4,data/processed/landmarks/islwords/RADISH/a60e7d6bc2cf.npz,129,30.0,4.3,1.0,1.0,,train
5f4144158d6c,RADISH,islwords,video,,islwords:rec:c351498d3540,C:\ISL\archive\Video_Dataset\Video_Dataset\Radish\WIN_20231102_12_27_46_Pro.mp4,data/processed/landmarks/islwords/RADISH/5f4144158d6c.npz,122,30.0,4.067,1.0,1.0,,train
41df7d5f55c6,RADISH,islwords,video,,islwords:rec:dfe602a7e41a,C:\ISL\archive\Video_Dataset\Video_Dataset\Radish\WIN_20231102_12_28_24_Pro.mp4,data/processed/landmarks/islwords/RADISH/41df7d5f55c6.npz,129,30.0,4.3,1.0,1.0,,train
0b40000cb3ab,RADISH,islwords,video,,islwords:rec:749d9f1097e6,C:\ISL\archive\Video_Dataset\Video_Dataset\Radish\WIN_20231102_12_29_32_Pro.mp4,data/processed/landmarks/islwords/RADISH/0b40000cb3ab.npz,161,30.0,5.367,1.0,1.0,,train
fbadba7bcfdc,RADISH,islwords,video,,islwords:rec:6d892951e4ae,C:\ISL\archive\Video_Dataset\Video_Dataset\Radish\WIN_20231102_12_29_47_Pro.mp4,data/processed/landmarks/islwords/RADISH/fbadba7bcfdc.npz,173,30.0,5.767,1.0,1.0,,train
31198e622f8a,RADISH,islwords,video,,islwords:rec:5a3c16f855a6,C:\ISL\archive\Video_Dataset\Video_Dataset\Radish\WIN_20231102_12_30_17_Pro.mp4,data/processed/landmarks/islwords/RADISH/31198e622f8a.npz,121,30.0,4.033,1.0,1.0,,train
32e6776a90c1,RADISH,islwords,video,,islwords:rec:532724b9f696,C:\ISL\archive\Video_Dataset\Video_Dataset\Radish\WIN_20231102_12_30_22_Pro.mp4,data/processed/landmarks/islwords/RADISH/32e6776a90c1.npz,124,30.0,4.133,1.0,1.0,,train
87573c5b7c9e,RADISH,islwords,video,,islwords:rec:b3e1c7e35479,C:\ISL\archive\Video_Dataset\Video_Dataset\Radish\WIN_20231102_12_30_34_Pro.mp4,data/processed/landmarks/islwords/RADISH/87573c5b7c9e.npz,111,30.0,3.7,1.0,1.0,,train
dbd273efb802,RADISH,islwords,video,,islwords:rec:7f5cfd8e6695,C:\ISL\archive\Video_Dataset\Video_Dataset\Radish\WIN_20231102_12_30_42_Pro.mp4,data/processed/landmarks/islwords/RADISH/dbd273efb802.npz,109,30.0,3.633,1.0,1.0,,train
0d2ff2ab6dd4,TURTLE,islwords,video,,islwords:rec:15b6992e75b7,C:\ISL\archive\Video_Dataset\Video_Dataset\Turtle\WIN_20231102_13_23_44_Pro.mp4,data/processed/landmarks/islwords/TURTLE/0d2ff2ab6dd4.npz,172,30.0,5.733,1.0,1.0,,train
7d5580c23b88,TURTLE,islwords,video,,islwords:rec:7e895aa28ec3,C:\ISL\archive\Video_Dataset\Video_Dataset\Turtle\WIN_20231102_13_24_00_Pro.mp4,data/processed/landmarks/islwords/TURTLE/7d5580c23b88.npz,181,30.0,6.033,1.0,1.0,,train
c23f97ee02c2,TURTLE,islwords,video,,islwords:rec:a447c57916f3,C:\ISL\archive\Video_Dataset\Video_Dataset\Turtle\WIN_20231102_13_24_08_Pro.mp4,data/processed/landmarks/islwords/TURTLE/c23f97ee02c2.npz,202,30.0,6.733,1.0,1.0,,train
d0bd00842aa7,TURTLE,islwords,video,,islwords:rec:9e1bc0b0bce6,C:\ISL\archive\Video_Dataset\Video_Dataset\Turtle\WIN_20231102_13_25_27_Pro.mp4,data/processed/landmarks/islwords/TURTLE/d0bd00842aa7.npz,169,30.0,5.633,1.0,1.0,,train
c8a168fccb96,TURTLE,islwords,video,,islwords:rec:1c6ea2ef8e91,C:\ISL\archive\Video_Dataset\Video_Dataset\Turtle\WIN_20231102_13_25_35_Pro.mp4,data/processed/landmarks/islwords/TURTLE/c8a168fccb96.npz,150,30.0,5.0,1.0,1.0,,train
129b219ea886,TURTLE,islwords,video,,islwords:rec:840acfc1cfb8,C:\ISL\archive\Video_Dataset\Video_Dataset\Turtle\WIN_20231102_13_25_42_Pro.mp4,data/processed/landmarks/islwords/TURTLE/129b219ea886.npz,161,30.0,5.367,1.0,1.0,,train
a3939c25a74f,TURTLE,islwords,video,,islwords:rec:f761d6210690,C:\ISL\archive\Video_Dataset\Video_Dataset\Turtle\WIN_20231102_13_25_56_Pro.mp4,data/processed/landmarks/islwords/TURTLE/a3939c25a74f.npz,169,30.0,5.633,1.0,1.0,,train
052de42c5de2,TURTLE,islwords,video,,islwords:rec:630bba21a128,C:\ISL\archive\Video_Dataset\Video_Dataset\Turtle\WIN_20231102_13_27_47_Pro.mp4,data/processed/landmarks/islwords/TURTLE/052de42c5de2.npz,189,30.0,6.3,1.0,1.0,,train
2369c995d01f,TURTLE,islwords,video,,islwords:rec:762f91e796fb,C:\ISL\archive\Video_Dataset\Video_Dataset\Turtle\WIN_20231102_13_27_56_Pro.mp4,data/processed/landmarks/islwords/TURTLE/2369c995d01f.npz,209,30.0,6.967,1.0,1.0,,train
b61b8ad24f92,TURTLE,islwords,video,,islwords:rec:ba2cf3ae55f4,C:\ISL\archive\Video_Dataset\Video_Dataset\Turtle\WIN_20231102_13_28_05_Pro.mp4,data/processed/landmarks/islwords/TURTLE/b61b8ad24f92.npz,194,30.0,6.467,1.0,1.0,,train
a2891b87e8c9,TURTLE,islwords,video,,islwords:rec:af09ba595801,C:\ISL\archive\Video_Dataset\Video_Dataset\Turtle\WIN_20231102_13_28_13_Pro.mp4,data/processed/landmarks/islwords/TURTLE/a2891b87e8c9.npz,211,30.0,7.033,1.0,1.0,,train
262f77f76c66,TURTLE,islwords,video,,islwords:rec:e893c129ddfe,C:\ISL\archive\Video_Dataset\Video_Dataset\Turtle\WIN_20231102_13_57_35_Pro.mp4,data/processed/landmarks/islwords/TURTLE/262f77f76c66.npz,178,30.0,5.933,1.0,1.0,,train
c51f561b5440,TURTLE,islwords,video,,islwords:rec:2ffd0e256eb0,C:\ISL\archive\Video_Dataset\Video_Dataset\Turtle\WIN_20231102_13_57_44_Pro.mp4,data/processed/landmarks/islwords/TURTLE/c51f561b5440.npz,186,30.0,6.2,1.0,1.0,,train
fe7153c3fea1,TURTLE,islwords,video,,islwords:rec:62062109c0c1,C:\ISL\archive\Video_Dataset\Video_Dataset\Turtle\WIN_20231102_13_58_00_Pro.mp4,data/processed/landmarks/islwords/TURTLE/fe7153c3fea1.npz,169,30.0,5.633,1.0,1.0,,train
67b9aa83b0b8,UMBRELLA,islwords,video,,islwords:rec:35fb0556e491,C:\ISL\archive\Video_Dataset\Video_Dataset\Umbrella\WIN_20230831_13_06_19_Pro.mp4,data/processed/landmarks/islwords/UMBRELLA/67b9aa83b0b8.npz,170,30.0,5.667,1.0,1.0,,train
4a83442f26d8,UMBRELLA,islwords,video,,islwords:rec:44125eb7a254,C:\ISL\archive\Video_Dataset\Video_Dataset\Umbrella\WIN_20230831_13_06_28_Pro.mp4,data/processed/landmarks/islwords/UMBRELLA/4a83442f26d8.npz,143,30.0,4.767,1.0,1.0,,train
e8646788c576,UMBRELLA,islwords,video,,islwords:rec:3edf40f87d78,C:\ISL\archive\Video_Dataset\Video_Dataset\Umbrella\WIN_20230831_13_06_35_Pro.mp4,data/processed/landmarks/islwords/UMBRELLA/e8646788c576.npz,145,30.0,4.833,0.9931,1.0,,train
27243df92bbf,UMBRELLA,islwords,video,,islwords:rec:dd04716f2ebc,C:\ISL\archive\Video_Dataset\Video_Dataset\Umbrella\WIN_20230831_13_06_42_Pro.mp4,data/processed/landmarks/islwords/UMBRELLA/27243df92bbf.npz,158,30.0,5.267,1.0,1.0,,train
0513c3147e60,UMBRELLA,islwords,video,,islwords:rec:c42454e06e12,C:\ISL\archive\Video_Dataset\Video_Dataset\Umbrella\WIN_20230831_13_07_31_Pro.mp4,data/processed/landmarks/islwords/UMBRELLA/0513c3147e60.npz,159,30.0,5.3,1.0,1.0,,train
eaf2ed627f8f,UMBRELLA,islwords,video,,islwords:rec:062ecba313e7,C:\ISL\archive\Video_Dataset\Video_Dataset\Umbrella\WIN_20230831_13_07_39_Pro.mp4,data/processed/landmarks/islwords/UMBRELLA/eaf2ed627f8f.npz,169,30.0,5.633,1.0,1.0,,train
7bb133eafe0c,UMBRELLA,islwords,video,,islwords:rec:a759d6412943,C:\ISL\archive\Video_Dataset\Video_Dataset\Umbrella\WIN_20230831_13_07_47_Pro.mp4,data/processed/landmarks/islwords/UMBRELLA/7bb133eafe0c.npz,162,30.0,5.4,1.0,1.0,,train
ba36f299eec5,UMBRELLA,islwords,video,,islwords:rec:7f15ca2c6ad6,C:\ISL\archive\Video_Dataset\Video_Dataset\Umbrella\WIN_20230831_13_08_03_Pro.mp4,data/processed/landmarks/islwords/UMBRELLA/ba36f299eec5.npz,150,30.0,5.0,0.9933,1.0,,train
1cf6ebfda4ea,UMBRELLA,islwords,video,,islwords:rec:efabe7c1950e,C:\ISL\archive\Video_Dataset\Video_Dataset\Umbrella\WIN_20230831_13_09_40_Pro.mp4,data/processed/landmarks/islwords/UMBRELLA/1cf6ebfda4ea.npz,202,30.0,6.733,1.0,1.0,,train
e35e943c4535,UMBRELLA,islwords,video,,islwords:rec:491ec54110a1,C:\ISL\archive\Video_Dataset\Video_Dataset\Umbrella\WIN_20230831_13_10_07_Pro.mp4,data/processed/landmarks/islwords/UMBRELLA/e35e943c4535.npz,209,30.0,6.967,1.0,1.0,,train
31460cfd0948,UMBRELLA,islwords,video,,islwords:rec:424fb261167b,C:\ISL\archive\Video_Dataset\Video_Dataset\Umbrella\WIN_20230927_07_55_05_Pro_Trim_cropped.mp4,data/processed/landmarks/islwords/UMBRELLA/31460cfd0948.npz,140,30.0,4.667,1.0,1.0,,train
c66955263f3a,UMBRELLA,islwords,video,,islwords:rec:347495c9215e,C:\ISL\archive\Video_Dataset\Video_Dataset\Umbrella\WIN_20230927_07_55_16_Pro_Trim_cropped.mp4,data/processed/landmarks/islwords/UMBRELLA/c66955263f3a.npz,144,30.0,4.8,1.0,1.0,,train
f4dce729fe23,UMBRELLA,islwords,video,,islwords:rec:819f2026c56f,C:\ISL\archive\Video_Dataset\Video_Dataset\Umbrella\WIN_20230927_07_55_27_Pro_Trim_cropped.mp4,data/processed/landmarks/islwords/UMBRELLA/f4dce729fe23.npz,149,30.0,4.967,1.0,1.0,,train
6a64e0049997,UMBRELLA,islwords,video,,islwords:rec:1db2e60996fe,C:\ISL\archive\Video_Dataset\Video_Dataset\Umbrella\WIN_20230927_07_55_41_Pro_Trim_cropped.mp4,data/processed/landmarks/islwords/UMBRELLA/6a64e0049997.npz,143,30.0,4.767,1.0,1.0,,train
db13ca2e397a,WRONG,islwords,video,,islwords:rec:1168395ca599,C:\ISL\archive\Video_Dataset\Video_Dataset\Wrong\WIN_20230831_13_16_23_Pro.mp4,data/processed/landmarks/islwords/WRONG/db13ca2e397a.npz,144,30.0,4.8,1.0,1.0,,train
561234b2f67a,WRONG,islwords,video,,islwords:rec:f541f7a3b28d,C:\ISL\archive\Video_Dataset\Video_Dataset\Wrong\WIN_20230831_13_16_40_Pro.mp4,data/processed/landmarks/islwords/WRONG/561234b2f67a.npz,146,30.0,4.867,1.0,1.0,,train
452d82f81f1e,WRONG,islwords,video,,islwords:rec:305de0d3c5a1,C:\ISL\archive\Video_Dataset\Video_Dataset\Wrong\WIN_20230831_13_16_52_Pro.mp4,data/processed/landmarks/islwords/WRONG/452d82f81f1e.npz,141,30.0,4.7,1.0,1.0,,train
1decdf1de77f,WRONG,islwords,video,,islwords:rec:20829d5989cb,C:\ISL\archive\Video_Dataset\Video_Dataset\Wrong\WIN_20230831_13_18_20_Pro.mp4,data/processed/landmarks/islwords/WRONG/1decdf1de77f.npz,159,30.0,5.3,1.0,1.0,,train
7d8450612c3e,WRONG,islwords,video,,islwords:rec:b804dcf1e1ee,C:\ISL\archive\Video_Dataset\Video_Dataset\Wrong\WIN_20230831_13_18_36_Pro.mp4,data/processed/landmarks/islwords/WRONG/7d8450612c3e.npz,150,30.0,5.0,1.0,1.0,,train
1bb12d4d3457,WRONG,islwords,video,,islwords:rec:4eb15bbda734,C:\ISL\archive\Video_Dataset\Video_Dataset\Wrong\WIN_20230831_13_18_43_Pro.mp4,data/processed/landmarks/islwords/WRONG/1bb12d4d3457.npz,163,30.0,5.433,1.0,1.0,,train
a03692a6904f,WRONG,islwords,video,,islwords:rec:01e6b0f9aa43,C:\ISL\archive\Video_Dataset\Video_Dataset\Wrong\WIN_20230831_13_18_52_Pro.mp4,data/processed/landmarks/islwords/WRONG/a03692a6904f.npz,152,30.0,5.067,1.0,1.0,,train
361330bc8abd,WRONG,islwords,video,,islwords:rec:bae1e54b6afb,C:\ISL\archive\Video_Dataset\Video_Dataset\Wrong\WIN_20230831_13_22_21_Pro.mp4,data/processed/landmarks/islwords/WRONG/361330bc8abd.npz,181,30.0,6.033,1.0,1.0,,train
eb6340920764,WRONG,islwords,video,,islwords:rec:006700acfb08,C:\ISL\archive\Video_Dataset\Video_Dataset\Wrong\WIN_20230831_13_22_37_Pro.mp4,data/processed/landmarks/islwords/WRONG/eb6340920764.npz,159,30.0,5.3,1.0,1.0,,train
3dd53f47248a,WRONG,islwords,video,,islwords:rec:68fdfefbed4c,C:\ISL\archive\Video_Dataset\Video_Dataset\Wrong\WIN_20230831_13_22_47_Pro.mp4,data/processed/landmarks/islwords/WRONG/3dd53f47248a.npz,188,30.0,6.267,1.0,1.0,,train
8b46f9b8fc68,WRONG,islwords,video,,islwords:rec:c28b9796d2cf,C:\ISL\archive\Video_Dataset\Video_Dataset\Wrong\WIN_20230927_08_10_16_Pro_Trim_cropped.mp4,data/processed/landmarks/islwords/WRONG/8b46f9b8fc68.npz,136,30.0,4.533,1.0,1.0,,train
a08209935254,WRONG,islwords,video,,islwords:rec:d679fe4b36bd,C:\ISL\archive\Video_Dataset\Video_Dataset\Wrong\WIN_20230927_08_10_26_Pro_Trim_cropped.mp4,data/processed/landmarks/islwords/WRONG/a08209935254.npz,141,30.0,4.7,1.0,1.0,,train
02533cbfedd4,WRONG,islwords,video,,islwords:rec:62ad0018cfd4,C:\ISL\archive\Video_Dataset\Video_Dataset\Wrong\WIN_20230927_08_10_36_Pro_Trim_cropped.mp4,data/processed/landmarks/islwords/WRONG/02533cbfedd4.npz,139,30.0,4.633,1.0,1.0,,train
e615cef95905,WRONG,islwords,video,,islwords:rec:091ddbc9b0b5,C:\ISL\archive\Video_Dataset\Video_Dataset\Wrong\WIN_20230927_08_10_46_Pro_Trim_cropped.mp4,data/processed/landmarks/islwords/WRONG/e615cef95905.npz,127,30.0,4.233,1.0,1.0,,train
7e9855f64f67,BEAR,islwords,video,,islwords:rec:300905392465,C:\ISL\archive\Video_Dataset\Video_Dataset\Bear\WIN_20231102_12_40_43_Pro.mp4,data/processed/landmarks/islwords/BEAR/7e9855f64f67.npz,212,30.0,7.067,1.0,1.0,,val
9ed325a197af,BEAR,islwords,video,,islwords:rec:ee9a6be73ffd,C:\ISL\archive\Video_Dataset\Video_Dataset\Bear\WIN_20231102_12_41_45_Pro.mp4,data/processed/landmarks/islwords/BEAR/9ed325a197af.npz,186,30.0,6.2,1.0,1.0,,val
a9e302148aeb,BEAR,islwords,video,,islwords:rec:006b23fe1baf,C:\ISL\archive\Video_Dataset\Video_Dataset\Bear\WIN_20231102_12_42_36_Pro.mp4,data/processed/landmarks/islwords/BEAR/a9e302148aeb.npz,216,30.0,7.2,1.0,1.0,,val
3928ff97f8fd,BREAK,islwords,video,,islwords:rec:92eb1146445e,C:\ISL\archive\Video_Dataset\Video_Dataset\Break\WIN_20231102_13_30_19_Pro.mp4,data/processed/landmarks/islwords/BREAK/3928ff97f8fd.npz,152,30.0,5.067,1.0,1.0,,val
9acc7b0e6dae,BREAK,islwords,video,,islwords:rec:9232d34239f0,C:\ISL\archive\Video_Dataset\Video_Dataset\Break\WIN_20231102_13_31_13_Pro.mp4,data/processed/landmarks/islwords/BREAK/9acc7b0e6dae.npz,117,30.0,3.9,0.9915,1.0,,val
52c63a448037,BREAK,islwords,video,,islwords:rec:4c3217c3522a,C:\ISL\archive\Video_Dataset\Video_Dataset\Break\WIN_20231102_13_34_57_Pro.mp4,data/processed/landmarks/islwords/BREAK/52c63a448037.npz,116,30.0,3.867,1.0,1.0,,val
4e06793a4cd0,CABBAGE,islwords,video,,islwords:rec:18fc1366ff5b,C:\ISL\archive\Video_Dataset\Video_Dataset\Cabbage\WIN_20231102_11_05_25_Pro.mp4,data/processed/landmarks/islwords/CABBAGE/4e06793a4cd0.npz,164,30.0,5.467,0.9939,1.0,,val
56bceb405fb2,CABBAGE,islwords,video,,islwords:rec:f1f4e9efba14,C:\ISL\archive\Video_Dataset\Video_Dataset\Cabbage\WIN_20231102_11_08_28_Pro.mp4,data/processed/landmarks/islwords/CABBAGE/56bceb405fb2.npz,209,30.0,6.967,1.0,1.0,,val
d4d75fd26511,CABBAGE,islwords,video,,islwords:rec:304c51a4c996,C:\ISL\archive\Video_Dataset\Video_Dataset\Cabbage\WIN_20231102_11_08_45_Pro.mp4,data/processed/landmarks/islwords/CABBAGE/d4d75fd26511.npz,217,30.0,7.233,1.0,1.0,,val
49e90609ee5e,CAULIFLOWER,islwords,video,,islwords:rec:4b69d3ef305c,C:\ISL\archive\Video_Dataset\Video_Dataset\Cauliflower\WIN_20231102_11_41_23_Pro.mp4,data/processed/landmarks/islwords/CAULIFLOWER/49e90609ee5e.npz,194,30.0,6.467,1.0,1.0,,val
d1ec6d348ebf,CAULIFLOWER,islwords,video,,islwords:rec:540d311481b9,C:\ISL\archive\Video_Dataset\Video_Dataset\Cauliflower\WIN_20231102_11_44_13_Pro.mp4,data/processed/landmarks/islwords/CAULIFLOWER/d1ec6d348ebf.npz,153,30.0,5.1,1.0,1.0,,val
5e60caa2f004,CAULIFLOWER,islwords,video,,islwords:rec:4f903fca705a,C:\ISL\archive\Video_Dataset\Video_Dataset\Cauliflower\WIN_20231102_11_44_58_Pro.mp4,data/processed/landmarks/islwords/CAULIFLOWER/5e60caa2f004.npz,136,30.0,4.533,0.9926,1.0,,val
eec363066a86,COME,islwords,video,,islwords:rec:b09bb7620fda,C:\ISL\archive\Video_Dataset\Video_Dataset\Come\WIN_20231103_10_42_51_Pro.mp4,data/processed/landmarks/islwords/COME/eec363066a86.npz,106,30.0,3.533,1.0,1.0,,val
ff0474bcf23c,COME,islwords,video,,islwords:rec:f4edcc84f08d,C:\ISL\archive\Video_Dataset\Video_Dataset\Come\WIN_20231103_10_43_56_Pro.mp4,data/processed/landmarks/islwords/COME/ff0474bcf23c.npz,124,30.0,4.133,1.0,1.0,,val
93944952e967,COME,islwords,video,,islwords:rec:fe5ca65dd290,C:\ISL\archive\Video_Dataset\Video_Dataset\Come\WIN_20231103_10_44_25_Pro.mp4,data/processed/landmarks/islwords/COME/93944952e967.npz,131,30.0,4.367,1.0,1.0,,val
ccdfffef4758,CRY,islwords,video,,islwords:rec:e7a992cc89fd,C:\ISL\archive\Video_Dataset\Video_Dataset\Cry\WIN_20231103_10_51_51_Pro.mp4,data/processed/landmarks/islwords/CRY/ccdfffef4758.npz,151,30.0,5.033,1.0,1.0,,val
f22ebcfb760b,CRY,islwords,video,,islwords:rec:cf406cdc2507,C:\ISL\archive\Video_Dataset\Video_Dataset\Cry\WIN_20231103_10_52_22_Pro.mp4,data/processed/landmarks/islwords/CRY/f22ebcfb760b.npz,134,30.0,4.467,1.0,1.0,,val
626d902e3b4b,CRY,islwords,video,,islwords:rec:b1a11020b998,C:\ISL\archive\Video_Dataset\Video_Dataset\Cry\WIN_20231103_10_53_34_Pro.mp4,data/processed/landmarks/islwords/CRY/626d902e3b4b.npz,213,30.0,7.1,1.0,1.0,,val
a99760f3d384,CUCUMBER,islwords,video,,islwords:rec:d6fed589e58c,C:\ISL\archive\Video_Dataset\Video_Dataset\Cucumber\WIN_20231102_11_56_56_Pro.mp4,data/processed/landmarks/islwords/CUCUMBER/a99760f3d384.npz,199,30.0,6.633,1.0,1.0,,val
652c0d52cde9,CUCUMBER,islwords,video,,islwords:rec:ed3272aa50a6,C:\ISL\archive\Video_Dataset\Video_Dataset\Cucumber\WIN_20231102_12_00_36_Pro.mp4,data/processed/landmarks/islwords/CUCUMBER/652c0d52cde9.npz,220,30.0,7.333,1.0,1.0,,val
5627ba5580fe,CUCUMBER,islwords,video,,islwords:rec:bdcb1979b8de,C:\ISL\archive\Video_Dataset\Video_Dataset\Cucumber\WIN_20231102_12_01_14_Pro.mp4,data/processed/landmarks/islwords/CUCUMBER/5627ba5580fe.npz,195,30.0,6.5,0.9897,1.0,,val
cb978db25243,DRINK,islwords,video,,islwords:rec:973e6a9d1e35,C:\ISL\archive\Video_Dataset\Video_Dataset\Drink\WIN_20231103_10_56_24_Pro.mp4,data/processed/landmarks/islwords/DRINK/cb978db25243.npz,122,30.0,4.067,1.0,1.0,,val
42849d7dba15,DRINK,islwords,video,,islwords:rec:60b899f41762,C:\ISL\archive\Video_Dataset\Video_Dataset\Drink\WIN_20231103_10_56_54_Pro.mp4,data/processed/landmarks/islwords/DRINK/42849d7dba15.npz,131,30.0,4.367,1.0,1.0,,val
7da7bc2a8e56,DRINK,islwords,video,,islwords:rec:ca720cb96b05,C:\ISL\archive\Video_Dataset\Video_Dataset\Drink\WIN_20231103_10_58_11_Pro.mp4,data/processed/landmarks/islwords/DRINK/7da7bc2a8e56.npz,139,30.0,4.633,1.0,1.0,,val
343fd8282109,ELEPHANT,islwords,video,,islwords:rec:4f4e488495b5,C:\ISL\archive\Video_Dataset\Video_Dataset\Elephant\WIN_20231102_13_00_50_Pro.mp4,data/processed/landmarks/islwords/ELEPHANT/343fd8282109.npz,162,30.0,5.4,1.0,1.0,,val
7863aed1c38f,ELEPHANT,islwords,video,,islwords:rec:7910bc8f9eb3,C:\ISL\archive\Video_Dataset\Video_Dataset\Elephant\WIN_20231102_13_02_08_Pro.mp4,data/processed/landmarks/islwords/ELEPHANT/7863aed1c38f.npz,171,30.0,5.7,1.0,1.0,,val
f22f558fcf59,ELEPHANT,islwords,video,,islwords:rec:f917953b14b4,C:\ISL\archive\Video_Dataset\Video_Dataset\Elephant\WIN_20231102_13_40_08_Pro.mp4,data/processed/landmarks/islwords/ELEPHANT/f22f558fcf59.npz,170,30.0,5.667,1.0,1.0,,val
f3e7382a5f06,FEDUP,islwords,video,,islwords:rec:46db29923305,C:\ISL\archive\Video_Dataset\Video_Dataset\Fedup\WIN_20231103_13_03_36_Pro.mp4,data/processed/landmarks/islwords/FEDUP/f3e7382a5f06.npz,121,30.0,4.033,1.0,1.0,,val
126d5e5a13d0,FEDUP,islwords,video,,islwords:rec:7972b1d34c35,C:\ISL\archive\Video_Dataset\Video_Dataset\Fedup\WIN_20231103_13_05_48_Pro.mp4,data/processed/landmarks/islwords/FEDUP/126d5e5a13d0.npz,131,30.0,4.367,1.0,1.0,,val
f05bc51d4012,FEDUP,islwords,video,,islwords:rec:2e46257f9375,C:\ISL\archive\Video_Dataset\Video_Dataset\Fedup\WIN_20231103_13_07_22_Pro.mp4,data/processed/landmarks/islwords/FEDUP/f05bc51d4012.npz,111,30.0,3.7,1.0,1.0,,val
600809a120e9,FEVER,islwords,video,,islwords:rec:3d8e46bfe585,C:\ISL\archive\Video_Dataset\Video_Dataset\Fever\WIN_20230901_10_06_05_Pro.mp4,data/processed/landmarks/islwords/FEVER/600809a120e9.npz,152,30.0,5.067,1.0,1.0,,val
1505775423ad,FEVER,islwords,video,,islwords:rec:738944795acd,C:\ISL\archive\Video_Dataset\Video_Dataset\Fever\WIN_20230901_10_07_05_Pro.mp4,data/processed/landmarks/islwords/FEVER/1505775423ad.npz,156,30.0,5.2,1.0,1.0,,val
fb010aaa10f1,FEVER,islwords,video,,islwords:rec:b5b7e5b369bd,C:\ISL\archive\Video_Dataset\Video_Dataset\Fever\WIN_20230926_11_28_14_Pro_Trim_cropped.mp4,data/processed/landmarks/islwords/FEVER/fb010aaa10f1.npz,193,30.0,6.433,1.0,1.0,,val
e269fc963d67,GIRAFFE,islwords,video,,islwords:rec:287c95cf88ed,C:\ISL\archive\Video_Dataset\Video_Dataset\Giraffe\WIN_20231102_13_05_27_Pro.mp4,data/processed/landmarks/islwords/GIRAFFE/e269fc963d67.npz,272,30.0,9.067,1.0,1.0,,val
0a83d7f2004f,GIRAFFE,islwords,video,,islwords:rec:fed07bb8af39,C:\ISL\archive\Video_Dataset\Video_Dataset\Giraffe\WIN_20231102_13_05_48_Pro.mp4,data/processed/landmarks/islwords/GIRAFFE/0a83d7f2004f.npz,247,30.0,8.233,1.0,1.0,,val
0ee6d531289f,GIRAFFE,islwords,video,,islwords:rec:7ac99d736534,C:\ISL\archive\Video_Dataset\Video_Dataset\Giraffe\WIN_20231102_13_05_59_Pro.mp4,data/processed/landmarks/islwords/GIRAFFE/0ee6d531289f.npz,240,30.0,8.0,1.0,1.0,,val
c030c26ea188,INJURY,islwords,video,,islwords:rec:12c9b3b97b24,C:\ISL\archive\Video_Dataset\Video_Dataset\Injury\WIN_20230831_14_19_14_Pro.mp4,data/processed/landmarks/islwords/INJURY/c030c26ea188.npz,111,30.0,3.7,0.991,1.0,,val
50079083e7d7,INJURY,islwords,video,,islwords:rec:2a5491beec92,C:\ISL\archive\Video_Dataset\Video_Dataset\Injury\WIN_20230831_14_27_13_Pro.mp4,data/processed/landmarks/islwords/INJURY/50079083e7d7.npz,145,30.0,4.833,1.0,1.0,,val
6c72a1187735,INJURY,islwords,video,,islwords:rec:dcad5e1d2e72,C:\ISL\archive\Video_Dataset\Video_Dataset\Injury\WIN_20230927_07_27_44_Pro_Trim_cropped.mp4,data/processed/landmarks/islwords/INJURY/6c72a1187735.npz,160,30.0,5.333,1.0,1.0,,val
1d58facdb879,INTERVIEW,islwords,video,,islwords:rec:74dadbeb9275,C:\ISL\archive\Video_Dataset\Video_Dataset\Interview\WIN_20230901_09_45_57_Pro.mp4,data/processed/landmarks/islwords/INTERVIEW/1d58facdb879.npz,158,30.0,5.267,0.9937,1.0,,val
df7d7f56a5a1,INTERVIEW,islwords,video,,islwords:rec:cba73a8e6261,C:\ISL\archive\Video_Dataset\Video_Dataset\Interview\WIN_20230901_09_48_33_Pro.mp4,data/processed/landmarks/islwords/INTERVIEW/df7d7f56a5a1.npz,178,30.0,5.933,1.0,1.0,,val
ca7fe8e61851,INTERVIEW,islwords,video,,islwords:rec:7700d0b1a771,C:\ISL\archive\Video_Dataset\Video_Dataset\Interview\WIN_20230927_07_30_57_Pro_Trim_cropped.mp4,data/processed/landmarks/islwords/INTERVIEW/ca7fe8e61851.npz,137,30.0,4.567,0.9927,1.0,,val
6a090741d4ea,JUMP,islwords,video,,islwords:rec:236bf34e4fe6,C:\ISL\archive\Video_Dataset\Video_Dataset\Jump\WIN_20231103_11_04_31_Pro.mp4,data/processed/landmarks/islwords/JUMP/6a090741d4ea.npz,180,30.0,6.0,1.0,1.0,,val
7b4a47445eed,JUMP,islwords,video,,islwords:rec:d1e0fb533edd,C:\ISL\archive\Video_Dataset\Video_Dataset\Jump\WIN_20231103_11_05_56_Pro.mp4,data/processed/landmarks/islwords/JUMP/7b4a47445eed.npz,298,30.0,9.933,1.0,1.0,,val
30b6af51d8b5,JUMP,islwords,video,,islwords:rec:aaff922b49a5,C:\ISL\archive\Video_Dataset\Video_Dataset\Jump\WIN_20231103_11_06_24_Pro.mp4,data/processed/landmarks/islwords/JUMP/30b6af51d8b5.npz,219,30.0,7.3,1.0,1.0,,val
e014b524ece3,KARNATAKA,islwords,video,,islwords:rec:c65c9a66ce4b,C:\ISL\archive\Video_Dataset\Video_Dataset\Karnataka\WIN_20231103_11_14_12_Pro.mp4,data/processed/landmarks/islwords/KARNATAKA/e014b524ece3.npz,135,30.0,4.5,1.0,1.0,,val
34e68ef959c9,KARNATAKA,islwords,video,,islwords:rec:4a3a5d56a042,C:\ISL\archive\Video_Dataset\Video_Dataset\Karnataka\WIN_20231103_11_15_04_Pro.mp4,data/processed/landmarks/islwords/KARNATAKA/34e68ef959c9.npz,160,30.0,5.333,1.0,1.0,,val
a555bdc68cfd,KARNATAKA,islwords,video,,islwords:rec:2b3c1a622ae7,C:\ISL\archive\Video_Dataset\Video_Dataset\Karnataka\WIN_20231103_11_17_04_Pro.mp4,data/processed/landmarks/islwords/KARNATAKA/a555bdc68cfd.npz,109,30.0,3.633,1.0,1.0,,val
4b52fd00a08c,LION,islwords,video,,islwords:rec:3e2a410b3731,C:\ISL\archive\Video_Dataset\Video_Dataset\Lion\WIN_20231102_13_12_38_Pro.mp4,data/processed/landmarks/islwords/LION/4b52fd00a08c.npz,122,30.0,4.067,1.0,1.0,,val
530fbc2fe44b,LION,islwords,video,,islwords:rec:160f5f30e6cc,C:\ISL\archive\Video_Dataset\Video_Dataset\Lion\WIN_20231102_13_13_07_Pro.mp4,data/processed/landmarks/islwords/LION/530fbc2fe44b.npz,175,30.0,5.833,1.0,1.0,,val
c2bb94fa1b5a,LION,islwords,video,,islwords:rec:2d47e6bcf1fa,C:\ISL\archive\Video_Dataset\Video_Dataset\Lion\WIN_20231102_13_13_44_Pro.mp4,data/processed/landmarks/islwords/LION/c2bb94fa1b5a.npz,218,30.0,7.267,1.0,1.0,,val
0549aabdfb92,MONKEY,islwords,video,,islwords:rec:2dffe057379c,C:\ISL\archive\Video_Dataset\Video_Dataset\Monkey\WIN_20231102_13_16_50_Pro.mp4,data/processed/landmarks/islwords/MONKEY/0549aabdfb92.npz,137,30.0,4.567,1.0,1.0,,val
f901a40cecd8,MONKEY,islwords,video,,islwords:rec:481005ceb087,C:\ISL\archive\Video_Dataset\Video_Dataset\Monkey\WIN_20231102_13_53_07_Pro.mp4,data/processed/landmarks/islwords/MONKEY/f901a40cecd8.npz,153,30.0,5.1,1.0,1.0,,val
ab7d1a1e8142,MONKEY,islwords,video,,islwords:rec:7f71d8c68f35,C:\ISL\archive\Video_Dataset\Video_Dataset\Monkey\WIN_20231102_13_53_24_Pro.mp4,data/processed/landmarks/islwords/MONKEY/ab7d1a1e8142.npz,132,30.0,4.4,1.0,1.0,,val
580f6dbc6199,ONION,islwords,video,,islwords:rec:7cafda87a076,C:\ISL\archive\Video_Dataset\Video_Dataset\Onion\WIN_20231102_12_18_14_Pro.mp4,data/processed/landmarks/islwords/ONION/580f6dbc6199.npz,177,30.0,5.9,1.0,1.0,,val
1a8a4e50e44f,ONION,islwords,video,,islwords:rec:0acebc50a803,C:\ISL\archive\Video_Dataset\Video_Dataset\Onion\WIN_20231102_12_23_22_Pro.mp4,data/processed/landmarks/islwords/ONION/1a8a4e50e44f.npz,134,30.0,4.467,1.0,1.0,,val
f9de116897dc,ONION,islwords,video,,islwords:rec:ae32ac912e09,C:\ISL\archive\Video_Dataset\Video_Dataset\Onion\WIN_20231102_12_24_43_Pro.mp4,data/processed/landmarks/islwords/ONION/f9de116897dc.npz,127,30.0,4.233,1.0,1.0,,val
f6634183b779,PEACOCK,islwords,video,,islwords:rec:e07ff582b332,C:\ISL\archive\Video_Dataset\Video_Dataset\Peacock\WIN_20231103_12_52_05_Pro.mp4,data/processed/landmarks/islwords/PEACOCK/f6634183b779.npz,96,30.0,3.2,0.9896,1.0,,val
ebc2bed29853,PEACOCK,islwords,video,,islwords:rec:59839087c585,C:\ISL\archive\Video_Dataset\Video_Dataset\Peacock\WIN_20231103_12_53_48_Pro.mp4,data/processed/landmarks/islwords/PEACOCK/ebc2bed29853.npz,135,30.0,4.5,0.9926,1.0,,val
a386c6837d81,PEACOCK,islwords,video,,islwords:rec:e0a544439eea,C:\ISL\archive\Video_Dataset\Video_Dataset\Peacock\WIN_20231103_13_37_56_Pro.mp4,data/processed/landmarks/islwords/PEACOCK/a386c6837d81.npz,166,30.0,5.533,0.994,1.0,,val
aa75b6ad5b53,PIGEON,islwords,video,,islwords:rec:6c716783069f,C:\ISL\archive\Video_Dataset\Video_Dataset\Pigeon\WIN_20231103_12_55_01_Pro.mp4,data/processed/landmarks/islwords/PIGEON/aa75b6ad5b53.npz,147,30.0,4.9,1.0,1.0,,val
a184ff5ef4e6,PIGEON,islwords,video,,islwords:rec:1369a5fb56c4,C:\ISL\archive\Video_Dataset\Video_Dataset\Pigeon\WIN_20231103_12_57_39_Pro.mp4,data/processed/landmarks/islwords/PIGEON/a184ff5ef4e6.npz,199,30.0,6.633,0.995,1.0,,val
f46044747b8f,PIGEON,islwords,video,,islwords:rec:8c575368b628,C:\ISL\archive\Video_Dataset\Video_Dataset\Pigeon\WIN_20231103_13_39_01_Pro.mp4,data/processed/landmarks/islwords/PIGEON/f46044747b8f.npz,197,30.0,6.567,1.0,1.0,,val
e6f614c3edd0,RADISH,islwords,video,,islwords:rec:183e7b88f69c,C:\ISL\archive\Video_Dataset\Video_Dataset\Radish\WIN_20231102_12_29_22_Pro.mp4,data/processed/landmarks/islwords/RADISH/e6f614c3edd0.npz,169,30.0,5.633,1.0,1.0,,val
cb8f8741ac40,RADISH,islwords,video,,islwords:rec:5d47e81a3de7,C:\ISL\archive\Video_Dataset\Video_Dataset\Radish\WIN_20231102_12_29_39_Pro.mp4,data/processed/landmarks/islwords/RADISH/cb8f8741ac40.npz,185,30.0,6.167,1.0,1.0,,val
34c9377755c6,RADISH,islwords,video,,islwords:rec:9f115282ccbc,C:\ISL\archive\Video_Dataset\Video_Dataset\Radish\WIN_20231102_12_29_58_Pro.mp4,data/processed/landmarks/islwords/RADISH/34c9377755c6.npz,161,30.0,5.367,1.0,1.0,,val
704f2ac7cddc,TURTLE,islwords,video,,islwords:rec:8b7bda7399fa,C:\ISL\archive\Video_Dataset\Video_Dataset\Turtle\WIN_20231102_13_23_53_Pro.mp4,data/processed/landmarks/islwords/TURTLE/704f2ac7cddc.npz,170,30.0,5.667,1.0,1.0,,val
ab2877a7fd51,TURTLE,islwords,video,,islwords:rec:0d09608daedd,C:\ISL\archive\Video_Dataset\Video_Dataset\Turtle\WIN_20231102_13_25_49_Pro.mp4,data/processed/landmarks/islwords/TURTLE/ab2877a7fd51.npz,159,30.0,5.3,1.0,1.0,,val
b7b84e076123,TURTLE,islwords,video,,islwords:rec:21811870e63f,C:\ISL\archive\Video_Dataset\Video_Dataset\Turtle\WIN_20231102_13_57_52_Pro.mp4,data/processed/landmarks/islwords/TURTLE/b7b84e076123.npz,171,30.0,5.7,1.0,1.0,,val
e6d239c4b2b8,UMBRELLA,islwords,video,,islwords:rec:31ffda45d7b9,C:\ISL\archive\Video_Dataset\Video_Dataset\Umbrella\WIN_20230831_13_06_52_Pro.mp4,data/processed/landmarks/islwords/UMBRELLA/e6d239c4b2b8.npz,137,30.0,4.567,1.0,1.0,,val
56c2e36b3c7b,UMBRELLA,islwords,video,,islwords:rec:d721b5ceb406,C:\ISL\archive\Video_Dataset\Video_Dataset\Umbrella\WIN_20230831_13_07_54_Pro.mp4,data/processed/landmarks/islwords/UMBRELLA/56c2e36b3c7b.npz,177,30.0,5.9,1.0,1.0,,val
4fb1faa0e765,UMBRELLA,islwords,video,,islwords:rec:fbba8c7ca8fd,C:\ISL\archive\Video_Dataset\Video_Dataset\Umbrella\WIN_20230831_13_10_40_Pro.mp4,data/processed/landmarks/islwords/UMBRELLA/4fb1faa0e765.npz,196,30.0,6.533,1.0,1.0,,val
d9b830c68203,WRONG,islwords,video,,islwords:rec:c02b019e34da,C:\ISL\archive\Video_Dataset\Video_Dataset\Wrong\WIN_20230831_13_16_46_Pro.mp4,data/processed/landmarks/islwords/WRONG/d9b830c68203.npz,138,30.0,4.6,1.0,1.0,,val
2b24d8226d70,WRONG,islwords,video,,islwords:rec:153fb4266d92,C:\ISL\archive\Video_Dataset\Video_Dataset\Wrong\WIN_20230831_13_18_28_Pro.mp4,data/processed/landmarks/islwords/WRONG/2b24d8226d70.npz,154,30.0,5.133,1.0,1.0,,val
027b04c48580,WRONG,islwords,video,,islwords:rec:03b94c177512,C:\ISL\archive\Video_Dataset\Video_Dataset\Wrong\WIN_20230831_13_22_29_Pro.mp4,data/processed/landmarks/islwords/WRONG/027b04c48580.npz,178,30.0,5.933,1.0,1.0,,val
d80d4b5920b7,BEAR,islwords,video,,islwords:rec:565ac2118b00,C:\ISL\archive\Video_Dataset\Video_Dataset\Bear\WIN_20231102_12_42_27_Pro.mp4,data/processed/landmarks/islwords/BEAR/d80d4b5920b7.npz,207,30.0,6.9,1.0,1.0,,test
ce4570bbf194,BEAR,islwords,video,,islwords:rec:04b95cba5f56,C:\ISL\archive\Video_Dataset\Video_Dataset\Bear\WIN_20231102_12_42_45_Pro.mp4,data/processed/landmarks/islwords/BEAR/ce4570bbf194.npz,222,30.0,7.4,1.0,1.0,,test
8d9cc5bdf09c,BEAR,islwords,video,,islwords:rec:653e82952a41,C:\ISL\archive\Video_Dataset\Video_Dataset\Bear\WIN_20231102_12_42_54_Pro.mp4,data/processed/landmarks/islwords/BEAR/8d9cc5bdf09c.npz,208,30.0,6.933,1.0,1.0,,test
5b62d4e6c9d1,BREAK,islwords,video,,islwords:rec:f58874fc598c,C:\ISL\archive\Video_Dataset\Video_Dataset\Break\WIN_20231102_13_30_11_Pro.mp4,data/processed/landmarks/islwords/BREAK/5b62d4e6c9d1.npz,138,30.0,4.6,1.0,1.0,,test
28c4d0c42faf,BREAK,islwords,video,,islwords:rec:2dabd795d58c,C:\ISL\archive\Video_Dataset\Video_Dataset\Break\WIN_20231102_13_33_50_Pro.mp4,data/processed/landmarks/islwords/BREAK/28c4d0c42faf.npz,129,30.0,4.3,1.0,1.0,,test
c73dac70fbd8,BREAK,islwords,video,,islwords:rec:ce3376f09b97,C:\ISL\archive\Video_Dataset\Video_Dataset\Break\WIN_20231102_13_34_10_Pro.mp4,data/processed/landmarks/islwords/BREAK/c73dac70fbd8.npz,106,30.0,3.533,1.0,1.0,,test
28729ffb6385,CABBAGE,islwords,video,,islwords:rec:012e506e2026,C:\ISL\archive\Video_Dataset\Video_Dataset\Cabbage\WIN_20231102_11_05_42_Pro.mp4,data/processed/landmarks/islwords/CABBAGE/28729ffb6385.npz,181,30.0,6.033,0.989,1.0,,test
20af67fc10a5,CABBAGE,islwords,video,,islwords:rec:ead35b42192c,C:\ISL\archive\Video_Dataset\Video_Dataset\Cabbage\WIN_20231102_11_10_50_Pro.mp4,data/processed/landmarks/islwords/CABBAGE/20af67fc10a5.npz,178,30.0,5.933,1.0,1.0,,test
da58d52baae0,CABBAGE,islwords,video,,islwords:rec:6798b20cefbb,C:\ISL\archive\Video_Dataset\Video_Dataset\Cabbage\WIN_20231102_11_10_57_Pro.mp4,data/processed/landmarks/islwords/CABBAGE/da58d52baae0.npz,174,30.0,5.8,1.0,1.0,,test
4ccc1e6964fc,CAULIFLOWER,islwords,video,,islwords:rec:1bc2d506c790,C:\ISL\archive\Video_Dataset\Video_Dataset\Cauliflower\WIN_20231102_11_35_11_Pro.mp4,data/processed/landmarks/islwords/CAULIFLOWER/4ccc1e6964fc.npz,174,30.0,5.8,1.0,1.0,,test
1b61f184a75c,CAULIFLOWER,islwords,video,,islwords:rec:8c796c69fe1f,C:\ISL\archive\Video_Dataset\Video_Dataset\Cauliflower\WIN_20231102_11_35_34_Pro.mp4,data/processed/landmarks/islwords/CAULIFLOWER/1b61f184a75c.npz,160,30.0,5.333,0.9875,1.0,,test
2272d3d2c32c,CAULIFLOWER,islwords,video,,islwords:rec:6f0772cc2939,C:\ISL\archive\Video_Dataset\Video_Dataset\Cauliflower\WIN_20231102_11_40_50_Pro.mp4,data/processed/landmarks/islwords/CAULIFLOWER/2272d3d2c32c.npz,207,30.0,6.9,1.0,1.0,,test
58bdd827807b,COME,islwords,video,,islwords:rec:cc7e66d15a8a,C:\ISL\archive\Video_Dataset\Video_Dataset\Come\WIN_20231103_10_42_56_Pro.mp4,data/processed/landmarks/islwords/COME/58bdd827807b.npz,105,30.0,3.5,1.0,1.0,,test
495f879a8c37,COME,islwords,video,,islwords:rec:5418146a99dd,C:\ISL\archive\Video_Dataset\Video_Dataset\Come\WIN_20231103_10_43_00_Pro.mp4,data/processed/landmarks/islwords/COME/495f879a8c37.npz,103,30.0,3.433,1.0,1.0,,test
1bda3cefa1fd,COME,islwords,video,,islwords:rec:e6ec86489125,C:\ISL\archive\Video_Dataset\Video_Dataset\Come\WIN_20231103_10_43_10_Pro.mp4,data/processed/landmarks/islwords/COME/1bda3cefa1fd.npz,99,30.0,3.3,1.0,1.0,,test
6340323c0d41,CRY,islwords,video,,islwords:rec:547c47224a65,C:\ISL\archive\Video_Dataset\Video_Dataset\Cry\WIN_20231103_10_51_58_Pro.mp4,data/processed/landmarks/islwords/CRY/6340323c0d41.npz,149,30.0,4.967,1.0,1.0,,test
2781b544789f,CRY,islwords,video,,islwords:rec:89b7c9c4a386,C:\ISL\archive\Video_Dataset\Video_Dataset\Cry\WIN_20231103_10_52_15_Pro.mp4,data/processed/landmarks/islwords/CRY/2781b544789f.npz,135,30.0,4.5,1.0,1.0,,test
1613e12a9f58,CRY,islwords,video,,islwords:rec:ed523291e223,C:\ISL\archive\Video_Dataset\Video_Dataset\Cry\WIN_20231103_10_53_11_Pro.mp4,data/processed/landmarks/islwords/CRY/1613e12a9f58.npz,192,30.0,6.4,1.0,1.0,,test
7f3a91d964fa,CUCUMBER,islwords,video,,islwords:rec:98e35976ff90,C:\ISL\archive\Video_Dataset\Video_Dataset\Cucumber\WIN_20231102_11_57_07_Pro.mp4,data/processed/landmarks/islwords/CUCUMBER/7f3a91d964fa.npz,204,30.0,6.8,0.9951,1.0,,test
dd275b5d0819,CUCUMBER,islwords,video,,islwords:rec:b05e67b4e59e,C:\ISL\archive\Video_Dataset\Video_Dataset\Cucumber\WIN_20231102_11_59_23_Pro.mp4,data/processed/landmarks/islwords/CUCUMBER/dd275b5d0819.npz,209,30.0,6.967,1.0,1.0,,test
b52b4c536d59,CUCUMBER,islwords,video,,islwords:rec:15c4ea21169e,C:\ISL\archive\Video_Dataset\Video_Dataset\Cucumber\WIN_20231102_12_00_45_Pro.mp4,data/processed/landmarks/islwords/CUCUMBER/b52b4c536d59.npz,205,30.0,6.833,1.0,1.0,,test
b5c8c7b933d4,DRINK,islwords,video,,islwords:rec:0d9c62b0f505,C:\ISL\archive\Video_Dataset\Video_Dataset\Drink\WIN_20231103_10_57_00_Pro.mp4,data/processed/landmarks/islwords/DRINK/b5c8c7b933d4.npz,131,30.0,4.367,1.0,1.0,,test
908b89983586,DRINK,islwords,video,,islwords:rec:d76f7f9e0b53,C:\ISL\archive\Video_Dataset\Video_Dataset\Drink\WIN_20231103_10_57_34_Pro.mp4,data/processed/landmarks/islwords/DRINK/908b89983586.npz,180,30.0,6.0,1.0,1.0,,test
fd4f0928fb56,DRINK,islwords,video,,islwords:rec:b5ec3d12a4f1,C:\ISL\archive\Video_Dataset\Video_Dataset\Drink\WIN_20231103_10_58_29_Pro.mp4,data/processed/landmarks/islwords/DRINK/fd4f0928fb56.npz,131,30.0,4.367,1.0,1.0,,test
3919f5814517,ELEPHANT,islwords,video,,islwords:rec:2a52200589a0,C:\ISL\archive\Video_Dataset\Video_Dataset\Elephant\WIN_20231102_13_00_08_Pro.mp4,data/processed/landmarks/islwords/ELEPHANT/3919f5814517.npz,204,30.0,6.8,1.0,1.0,,test
2725417dd15e,ELEPHANT,islwords,video,,islwords:rec:01c719b4aaf1,C:\ISL\archive\Video_Dataset\Video_Dataset\Elephant\WIN_20231102_13_03_43_Pro.mp4,data/processed/landmarks/islwords/ELEPHANT/2725417dd15e.npz,200,30.0,6.667,1.0,1.0,,test
a3d4b7aca1e4,ELEPHANT,islwords,video,,islwords:rec:cfa5faadcf76,C:\ISL\archive\Video_Dataset\Video_Dataset\Elephant\WIN_20231102_13_39_57_Pro.mp4,data/processed/landmarks/islwords/ELEPHANT/a3d4b7aca1e4.npz,186,30.0,6.2,1.0,1.0,,test
4de21fad31b5,FEDUP,islwords,video,,islwords:rec:e0493662a146,C:\ISL\archive\Video_Dataset\Video_Dataset\Fedup\WIN_20231103_13_04_06_Pro.mp4,data/processed/landmarks/islwords/FEDUP/4de21fad31b5.npz,113,30.0,3.767,1.0,1.0,,test
62e7a3f404b0,FEDUP,islwords,video,,islwords:rec:dd338dbfe11b,C:\ISL\archive\Video_Dataset\Video_Dataset\Fedup\WIN_20231103_13_06_17_Pro.mp4,data/processed/landmarks/islwords/FEDUP/62e7a3f404b0.npz,132,30.0,4.4,1.0,1.0,,test
351e04d31fb3,FEDUP,islwords,video,,islwords:rec:d100b63f63e5,C:\ISL\archive\Video_Dataset\Video_Dataset\Fedup\WIN_20231103_13_07_05_Pro.mp4,data/processed/landmarks/islwords/FEDUP/351e04d31fb3.npz,137,30.0,4.567,1.0,1.0,,test
ad20f5c6ee97,FEVER,islwords,video,,islwords:rec:b2229a760a87,C:\ISL\archive\Video_Dataset\Video_Dataset\Fever\WIN_20230901_10_05_57_Pro.mp4,data/processed/landmarks/islwords/FEVER/ad20f5c6ee97.npz,165,30.0,5.5,1.0,1.0,,test
f95daa2121f3,FEVER,islwords,video,,islwords:rec:b05209918508,C:\ISL\archive\Video_Dataset\Video_Dataset\Fever\WIN_20230926_11_27_43_Pro_Trim_cropped.mp4,data/processed/landmarks/islwords/FEVER/f95daa2121f3.npz,204,30.0,6.8,1.0,1.0,,test
68f467de8ff9,FEVER,islwords,video,,islwords:rec:dd1925812137,C:\ISL\archive\Video_Dataset\Video_Dataset\Fever\WIN_20230926_11_28_02_Pro_Trim_cropped.mp4,data/processed/landmarks/islwords/FEVER/68f467de8ff9.npz,199,30.0,6.633,1.0,1.0,,test
bb108f1b69da,GIRAFFE,islwords,video,,islwords:rec:8eff691f3470,C:\ISL\archive\Video_Dataset\Video_Dataset\Giraffe\WIN_20231102_13_08_03_Pro.mp4,data/processed/landmarks/islwords/GIRAFFE/bb108f1b69da.npz,187,30.0,6.233,1.0,1.0,,test
054f34d67d26,GIRAFFE,islwords,video,,islwords:rec:57d5e278d303,C:\ISL\archive\Video_Dataset\Video_Dataset\Giraffe\WIN_20231102_13_08_25_Pro.mp4,data/processed/landmarks/islwords/GIRAFFE/054f34d67d26.npz,229,30.0,7.633,1.0,1.0,,test
22dfa7c78fc9,GIRAFFE,islwords,video,,islwords:rec:c5b7d835b82a,C:\ISL\archive\Video_Dataset\Video_Dataset\Giraffe\WIN_20231102_13_08_44_Pro.mp4,data/processed/landmarks/islwords/GIRAFFE/22dfa7c78fc9.npz,234,30.0,7.8,1.0,1.0,,test
d3566f59e352,INJURY,islwords,video,,islwords:rec:c0321db0bf9d,C:\ISL\archive\Video_Dataset\Video_Dataset\Injury\WIN_20230831_14_19_20_Pro.mp4,data/processed/landmarks/islwords/INJURY/d3566f59e352.npz,114,30.0,3.8,0.9912,1.0,,test
57a61a4cb30d,INJURY,islwords,video,,islwords:rec:4d9876fee5c6,C:\ISL\archive\Video_Dataset\Video_Dataset\Injury\WIN_20230831_14_20_27_Pro.mp4,data/processed/landmarks/islwords/INJURY/57a61a4cb30d.npz,142,30.0,4.733,0.993,1.0,,test
7743ec208f90,INJURY,islwords,video,,islwords:rec:6334c1660c67,C:\ISL\archive\Video_Dataset\Video_Dataset\Injury\WIN_20230927_07_28_32_Pro_Trim_cropped.mp4,data/processed/landmarks/islwords/INJURY/7743ec208f90.npz,130,30.0,4.333,0.9769,1.0,,test
7a0ca4deec60,INTERVIEW,islwords,video,,islwords:rec:13b31b4c409a,C:\ISL\archive\Video_Dataset\Video_Dataset\Interview\WIN_20230901_09_46_11_Pro.mp4,data/processed/landmarks/islwords/INTERVIEW/7a0ca4deec60.npz,156,30.0,5.2,0.9936,1.0,,test
be8badc6b78e,INTERVIEW,islwords,video,,islwords:rec:67a837cf52c9,C:\ISL\archive\Video_Dataset\Video_Dataset\Interview\WIN_20230901_09_46_48_Pro.mp4,data/processed/landmarks/islwords/INTERVIEW/be8badc6b78e.npz,135,30.0,4.5,1.0,1.0,,test
9c1608c78062,INTERVIEW,islwords,video,,islwords:rec:65c4df303b78,C:\ISL\archive\Video_Dataset\Video_Dataset\Interview\WIN_20230901_09_47_14_Pro.mp4,data/processed/landmarks/islwords/INTERVIEW/9c1608c78062.npz,140,30.0,4.667,1.0,1.0,,test
7eb537f616ed,JUMP,islwords,video,,islwords:rec:8024fe457684,C:\ISL\archive\Video_Dataset\Video_Dataset\Jump\WIN_20231103_11_04_38_Pro.mp4,data/processed/landmarks/islwords/JUMP/7eb537f616ed.npz,182,30.0,6.067,1.0,1.0,,test
232d1ada0a5e,JUMP,islwords,video,,islwords:rec:086ec0cf39d7,C:\ISL\archive\Video_Dataset\Video_Dataset\Jump\WIN_20231103_11_07_44_Pro.mp4,data/processed/landmarks/islwords/JUMP/232d1ada0a5e.npz,197,30.0,6.567,1.0,1.0,,test
93de21747b4f,JUMP,islwords,video,,islwords:rec:f32cca696d16,C:\ISL\archive\Video_Dataset\Video_Dataset\Jump\WIN_20231103_11_07_52_Pro.mp4,data/processed/landmarks/islwords/JUMP/93de21747b4f.npz,198,30.0,6.6,1.0,1.0,,test
1b8d02d802ff,KARNATAKA,islwords,video,,islwords:rec:bcf1d1aba36c,C:\ISL\archive\Video_Dataset\Video_Dataset\Karnataka\WIN_20231103_11_14_57_Pro.mp4,data/processed/landmarks/islwords/KARNATAKA/1b8d02d802ff.npz,158,30.0,5.267,1.0,1.0,,test
9a147adaf5b7,KARNATAKA,islwords,video,,islwords:rec:0b86edc8bc92,C:\ISL\archive\Video_Dataset\Video_Dataset\Karnataka\WIN_20231103_11_15_26_Pro.mp4,data/processed/landmarks/islwords/KARNATAKA/9a147adaf5b7.npz,168,30.0,5.6,1.0,1.0,,test
4c24fe55a505,KARNATAKA,islwords,video,,islwords:rec:a8e71e19bff3,C:\ISL\archive\Video_Dataset\Video_Dataset\Karnataka\WIN_20231103_11_16_08_Pro.mp4,data/processed/landmarks/islwords/KARNATAKA/4c24fe55a505.npz,146,30.0,4.867,1.0,1.0,,test
1dd89f4a8948,LION,islwords,video,,islwords:rec:6e1a3ea34fb3,C:\ISL\archive\Video_Dataset\Video_Dataset\Lion\WIN_20231102_13_12_32_Pro.mp4,data/processed/landmarks/islwords/LION/1dd89f4a8948.npz,143,30.0,4.767,1.0,1.0,,test
baa02cb6d5a0,LION,islwords,video,,islwords:rec:df3187d9410b,C:\ISL\archive\Video_Dataset\Video_Dataset\Lion\WIN_20231102_13_47_34_Pro.mp4,data/processed/landmarks/islwords/LION/baa02cb6d5a0.npz,132,30.0,4.4,1.0,1.0,,test
99787391708a,LION,islwords,video,,islwords:rec:5bfa7232406b,C:\ISL\archive\Video_Dataset\Video_Dataset\Lion\WIN_20231102_13_47_58_Pro.mp4,data/processed/landmarks/islwords/LION/99787391708a.npz,144,30.0,4.8,1.0,1.0,,test
e95b9253bfb9,MONKEY,islwords,video,,islwords:rec:57f11bb85783,C:\ISL\archive\Video_Dataset\Video_Dataset\Monkey\WIN_20231102_13_16_44_Pro.mp4,data/processed/landmarks/islwords/MONKEY/e95b9253bfb9.npz,135,30.0,4.5,0.9926,1.0,,test
49da7cfe5653,MONKEY,islwords,video,,islwords:rec:70a675970fcf,C:\ISL\archive\Video_Dataset\Video_Dataset\Monkey\WIN_20231102_13_17_03_Pro.mp4,data/processed/landmarks/islwords/MONKEY/49da7cfe5653.npz,118,30.0,3.933,1.0,1.0,,test
0a269fb44a9d,MONKEY,islwords,video,,islwords:rec:242ddd9a9fdb,C:\ISL\archive\Video_Dataset\Video_Dataset\Monkey\WIN_20231102_13_53_14_Pro.mp4,data/processed/landmarks/islwords/MONKEY/0a269fb44a9d.npz,123,30.0,4.1,1.0,1.0,,test
780d0a9d69b9,ONION,islwords,video,,islwords:rec:2e079a5bc161,C:\ISL\archive\Video_Dataset\Video_Dataset\Onion\WIN_20231102_12_12_33_Pro.mp4,data/processed/landmarks/islwords/ONION/780d0a9d69b9.npz,175,30.0,5.833,1.0,1.0,,test
4fac832b7ee3,ONION,islwords,video,,islwords:rec:0a88d46f3c5a,C:\ISL\archive\Video_Dataset\Video_Dataset\Onion\WIN_20231102_12_24_19_Pro.mp4,data/processed/landmarks/islwords/ONION/4fac832b7ee3.npz,128,30.0,4.267,1.0,1.0,,test
e676c9be7d3a,ONION,islwords,video,,islwords:rec:49a078c6aa64,C:\ISL\archive\Video_Dataset\Video_Dataset\Onion\WIN_20231102_12_24_25_Pro.mp4,data/processed/landmarks/islwords/ONION/e676c9be7d3a.npz,147,30.0,4.9,1.0,1.0,,test
203443ca7661,PEACOCK,islwords,video,,islwords:rec:d07ab4f8055b,C:\ISL\archive\Video_Dataset\Video_Dataset\Peacock\WIN_20231103_12_52_35_Pro.mp4,data/processed/landmarks/islwords/PEACOCK/203443ca7661.npz,139,30.0,4.633,1.0,1.0,,test
149f6575d8d2,PEACOCK,islwords,video,,islwords:rec:815c9a2fe7bd,C:\ISL\archive\Video_Dataset\Video_Dataset\Peacock\WIN_20231103_12_52_54_Pro.mp4,data/processed/landmarks/islwords/PEACOCK/149f6575d8d2.npz,169,30.0,5.633,0.9941,1.0,,test
1f60fd91eeea,PEACOCK,islwords,video,,islwords:rec:382f84a61841,C:\ISL\archive\Video_Dataset\Video_Dataset\Peacock\WIN_20231103_12_53_28_Pro.mp4,data/processed/landmarks/islwords/PEACOCK/1f60fd91eeea.npz,158,30.0,5.267,0.9937,1.0,,test
82e82bf38aae,PIGEON,islwords,video,,islwords:rec:e944af449a64,C:\ISL\archive\Video_Dataset\Video_Dataset\Pigeon\WIN_20231103_12_55_15_Pro.mp4,data/processed/landmarks/islwords/PIGEON/82e82bf38aae.npz,166,30.0,5.533,1.0,1.0,,test
a77ca71a48c0,PIGEON,islwords,video,,islwords:rec:5ed472638665,C:\ISL\archive\Video_Dataset\Video_Dataset\Pigeon\WIN_20231103_12_55_52_Pro.mp4,data/processed/landmarks/islwords/PIGEON/a77ca71a48c0.npz,237,30.0,7.9,1.0,1.0,,test
869ae3388d81,PIGEON,islwords,video,,islwords:rec:4800eada777e,C:\ISL\archive\Video_Dataset\Video_Dataset\Pigeon\WIN_20231103_13_39_46_Pro.mp4,data/processed/landmarks/islwords/PIGEON/869ae3388d81.npz,212,30.0,7.067,1.0,1.0,,test
699301c6aede,RADISH,islwords,video,,islwords:rec:90c4a5675220,C:\ISL\archive\Video_Dataset\Video_Dataset\Radish\WIN_20231102_12_28_31_Pro.mp4,data/processed/landmarks/islwords/RADISH/699301c6aede.npz,135,30.0,4.5,1.0,1.0,,test
bd1ce8b5f02c,RADISH,islwords,video,,islwords:rec:1c7acb59994d,C:\ISL\archive\Video_Dataset\Video_Dataset\Radish\WIN_20231102_12_28_37_Pro.mp4,data/processed/landmarks/islwords/RADISH/bd1ce8b5f02c.npz,132,30.0,4.4,1.0,1.0,,test
f493f7695cd3,RADISH,islwords,video,,islwords:rec:02c9bf5565f0,C:\ISL\archive\Video_Dataset\Video_Dataset\Radish\WIN_20231102_12_30_28_Pro.mp4,data/processed/landmarks/islwords/RADISH/f493f7695cd3.npz,131,30.0,4.367,1.0,1.0,,test
9b32ea2bd9e0,TURTLE,islwords,video,,islwords:rec:1fd9157ea292,C:\ISL\archive\Video_Dataset\Video_Dataset\Turtle\WIN_20231102_13_24_17_Pro.mp4,data/processed/landmarks/islwords/TURTLE/9b32ea2bd9e0.npz,176,30.0,5.867,1.0,1.0,,test
036ec695d6d1,TURTLE,islwords,video,,islwords:rec:7ea1d173a7be,C:\ISL\archive\Video_Dataset\Video_Dataset\Turtle\WIN_20231102_13_28_22_Pro.mp4,data/processed/landmarks/islwords/TURTLE/036ec695d6d1.npz,226,30.0,7.533,1.0,1.0,,test
0abd02b4ea6d,TURTLE,islwords,video,,islwords:rec:b5e49421dddb,C:\ISL\archive\Video_Dataset\Video_Dataset\Turtle\WIN_20231102_13_57_27_Pro.mp4,data/processed/landmarks/islwords/TURTLE/0abd02b4ea6d.npz,151,30.0,5.033,1.0,1.0,,test
aefec8fd6ed4,UMBRELLA,islwords,video,,islwords:rec:0857a21c0f02,C:\ISL\archive\Video_Dataset\Video_Dataset\Umbrella\WIN_20230831_13_09_49_Pro.mp4,data/processed/landmarks/islwords/UMBRELLA/aefec8fd6ed4.npz,209,30.0,6.967,1.0,1.0,,test
33729151e1b7,UMBRELLA,islwords,video,,islwords:rec:e7e11f4a14d7,C:\ISL\archive\Video_Dataset\Video_Dataset\Umbrella\WIN_20230831_13_09_58_Pro.mp4,data/processed/landmarks/islwords/UMBRELLA/33729151e1b7.npz,221,30.0,7.367,1.0,1.0,,test
c92b3b9d9e11,UMBRELLA,islwords,video,,islwords:rec:6d2d5f09ae3d,C:\ISL\archive\Video_Dataset\Video_Dataset\Umbrella\WIN_20230927_07_55_53_Pro_Trim_cropped.mp4,data/processed/landmarks/islwords/UMBRELLA/c92b3b9d9e11.npz,150,30.0,5.0,1.0,1.0,,test
5a91adab8416,WRONG,islwords,video,,islwords:rec:bc15cff3ece2,C:\ISL\archive\Video_Dataset\Video_Dataset\Wrong\WIN_20230831_13_16_16_Pro.mp4,data/processed/landmarks/islwords/WRONG/5a91adab8416.npz,168,30.0,5.6,1.0,1.0,,test
4d692a591375,WRONG,islwords,video,,islwords:rec:9d34aa2dfa36,C:\ISL\archive\Video_Dataset\Video_Dataset\Wrong\WIN_20230831_13_22_55_Pro.mp4,data/processed/landmarks/islwords/WRONG/4d692a591375.npz,178,30.0,5.933,1.0,1.0,,test
62f96c03f30b,WRONG,islwords,video,,islwords:rec:9e2f0501d4d4,C:\ISL\archive\Video_Dataset\Video_Dataset\Wrong\WIN_20230927_08_10_57_Pro_Trim_cropped.mp4,data/processed/landmarks/islwords/WRONG/62f96c03f30b.npz,140,30.0,4.667,1.0,1.0,,test
