sample_id,label,source,kind,signer_id,group_id,raw_path,landmarks_path,num_frames,fps,duration_s,any_hand_rate,pose_rate,quality_flag,split
b01688847437,BIRD,include50,video,,include:clip:b01688847437,data/external/include_pose/INCLUDE/Pose_Signs/Animals/4. Bird/MVI_2987.pkl,data/processed/landmarks/include50/BIRD/b01688847437.npz,76,0.0,0.0,0.9342,1.0,,train
61ebca069470,BIRD,include50,video,,include:clip:61ebca069470,data/external/include_pose/INCLUDE/Pose_Signs/Animals/4. Bird/MVI_3094.pkl,data/processed/landmarks/include50/BIRD/61ebca069470.npz,96,0.0,0.0,0.8958,1.0,,train
2564f8985ad4,BIRD,include50,video,,include:clip:2564f8985ad4,data/external/include_pose/INCLUDE/Pose_Signs/Animals/4. Bird/MVI_3095.pkl,data/processed/landmarks/include50/BIRD/2564f8985ad4.npz,80,0.0,0.0,0.775,1.0,,train
b368e4a2e701,BIRD,include50,video,,include:clip:b368e4a2e701,data/external/include_pose/INCLUDE/Pose_Signs/Animals/4. Bird/MVI_8567.pkl,data/processed/landmarks/include50/BIRD/b368e4a2e701.npz,73,0.0,0.0,0.6301,1.0,,train
9e5f2efe340d,BIRD,include50,video,,include:clip:9e5f2efe340d,data/external/include_pose/INCLUDE/Pose_Signs/Animals/4. Bird/MVI_3096.pkl,data/processed/landmarks/include50/BIRD/9e5f2efe340d.npz,85,0.0,0.0,0.6353,1.0,,train
dd5901935bdb,BIRD,include50,video,,include:clip:dd5901935bdb,data/external/include_pose/INCLUDE/Pose_Signs/Animals/4. Bird/MVI_3037.pkl,data/processed/landmarks/include50/BIRD/dd5901935bdb.npz,86,0.0,0.0,0.9419,1.0,,train
fb73b821bfe7,BIRD,include50,video,,include:clip:fb73b821bfe7,data/external/include_pose/INCLUDE/Pose_Signs/Animals/4. Bird/MVI_3013.pkl,data/processed/landmarks/include50/BIRD/fb73b821bfe7.npz,81,0.0,0.0,0.963,1.0,,train
9a5fb79cdca4,BIRD,include50,video,,include:clip:9a5fb79cdca4,data/external/include_pose/INCLUDE/Pose_Signs/Animals/4. Bird/MVI_3012.pkl,data/processed/landmarks/include50/BIRD/9a5fb79cdca4.npz,84,0.0,0.0,0.9643,1.0,,train
c08c275db1fe,BIRD,include50,video,,include:clip:c08c275db1fe,data/external/include_pose/INCLUDE/Pose_Signs/Animals/4. Bird/MVI_3038.pkl,data/processed/landmarks/include50/BIRD/c08c275db1fe.npz,94,0.0,0.0,0.9362,1.0,,train
eb820b514aa5,BIRD,include50,video,,include:clip:eb820b514aa5,data/external/include_pose/INCLUDE/Pose_Signs/Animals/4. Bird/Extra/MVI_3044.pkl,data/processed/landmarks/include50/BIRD/eb820b514aa5.npz,95,0.0,0.0,0.9579,1.0,,train
b87ebe1d7ad5,BIRD,include50,video,,include:clip:b87ebe1d7ad5,data/external/include_pose/INCLUDE/Pose_Signs/Animals/4. Bird/Extra/MVI_3043.pkl,data/processed/landmarks/include50/BIRD/b87ebe1d7ad5.npz,94,0.0,0.0,0.9574,1.0,,train
10131dceb0de,BIRD,include50,video,,include:clip:10131dceb0de,data/external/include_pose/INCLUDE/Pose_Signs/Animals/4. Bird/Extra/MVI_3041.pkl,data/processed/landmarks/include50/BIRD/10131dceb0de.npz,98,0.0,0.0,0.9388,1.0,,train
1e304bd3e632,BIRD,include50,video,,include:clip:1e304bd3e632,data/external/include_pose/INCLUDE/Pose_Signs/Animals/4. Bird/MVI_4155.pkl,data/processed/landmarks/include50/BIRD/1e304bd3e632.npz,61,0.0,0.0,0.9016,1.0,,train
97b8d6fffa1d,BIRD,include50,video,,include:clip:97b8d6fffa1d,data/external/include_pose/INCLUDE/Pose_Signs/Animals/4. Bird/MVI_4157.pkl,data/processed/landmarks/include50/BIRD/97b8d6fffa1d.npz,54,0.0,0.0,0.8889,1.0,,train
824487ed3bfe,BIRD,include50,video,,include:clip:824487ed3bfe,data/external/include_pose/INCLUDE/Pose_Signs/Animals/4. Bird/MVI_4156.pkl,data/processed/landmarks/include50/BIRD/824487ed3bfe.npz,66,0.0,0.0,0.9242,1.0,,train
0f597b4a476c,BIRD,include50,video,,include:clip:0f597b4a476c,data/external/include_pose/INCLUDE/Pose_Signs/Animals/4. Bird/MVI_3070.pkl,data/processed/landmarks/include50/BIRD/0f597b4a476c.npz,84,0.0,0.0,0.8929,1.0,,train
d7624ac83f6b,BIRD,include50,video,,include:clip:d7624ac83f6b,data/external/include_pose/INCLUDE/Pose_Signs/Animals/4. Bird/MVI_8568.pkl,data/processed/landmarks/include50/BIRD/d7624ac83f6b.npz,76,0.0,0.0,0.5789,1.0,,train
f0b1bd76cdac,BIRD,include50,video,,include:clip:f0b1bd76cdac,data/external/include_pose/INCLUDE/Pose_Signs/Animals/4. Bird/MVI_3071.pkl,data/processed/landmarks/include50/BIRD/f0b1bd76cdac.npz,85,0.0,0.0,0.9176,1.0,,train
87341f837e09,BIRD,include50,video,,include:clip:87341f837e09,data/external/include_pose/INCLUDE/Pose_Signs/Animals/4. Bird/MVI_3072.pkl,data/processed/landmarks/include50/BIRD/87341f837e09.npz,93,0.0,0.0,0.914,1.0,,train
af5a0aa88e3d,BIRD,include50,video,,include:clip:af5a0aa88e3d,data/external/include_pose/INCLUDE/Pose_Signs/Animals/4. Bird/MVI_2989.pkl,data/processed/landmarks/include50/BIRD/af5a0aa88e3d.npz,64,0.0,0.0,0.9375,1.0,,train
3106b72ddccd,BLACK,include50,video,,include:clip:3106b72ddccd,data/external/include_pose/INCLUDE/Pose_Signs/Colours/54. Black/MVI_4919.pkl,data/processed/landmarks/include50/BLACK/3106b72ddccd.npz,54,0.0,0.0,1.0,1.0,,train
1f13bf4c5ad8,BLACK,include50,video,,include:clip:1f13bf4c5ad8,data/external/include_pose/INCLUDE/Pose_Signs/Colours/54. Black/MVI_4918.pkl,data/processed/landmarks/include50/BLACK/1f13bf4c5ad8.npz,43,0.0,0.0,1.0,1.0,,train
99cfe1aa38a3,BLACK,include50,video,,include:clip:99cfe1aa38a3,data/external/include_pose/INCLUDE/Pose_Signs/Colours/54. Black/MVI_5208.pkl,data/processed/landmarks/include50/BLACK/99cfe1aa38a3.npz,54,0.0,0.0,1.0,1.0,,train
065fa625d07e,BLACK,include50,video,,include:clip:065fa625d07e,data/external/include_pose/INCLUDE/Pose_Signs/Colours/54. Black/MVI_3889.pkl,data/processed/landmarks/include50/BLACK/065fa625d07e.npz,58,0.0,0.0,1.0,1.0,,train
b13fc6f8bd9d,BLACK,include50,video,,include:clip:b13fc6f8bd9d,data/external/include_pose/INCLUDE/Pose_Signs/Colours/54. Black/MVI_3888.pkl,data/processed/landmarks/include50/BLACK/b13fc6f8bd9d.npz,72,0.0,0.0,1.0,1.0,,train
888067359246,BLACK,include50,video,,include:clip:888067359246,data/external/include_pose/INCLUDE/Pose_Signs/Colours/54. Black/MVI_3741.pkl,data/processed/landmarks/include50/BLACK/888067359246.npz,52,0.0,0.0,1.0,1.0,,train
9d263d6c11f0,BLACK,include50,video,,include:clip:9d263d6c11f0,data/external/include_pose/INCLUDE/Pose_Signs/Colours/54. Black/MVI_4039.pkl,data/processed/landmarks/include50/BLACK/9d263d6c11f0.npz,48,0.0,0.0,1.0,1.0,,train
9628b891c39d,BLACK,include50,video,,include:clip:9628b891c39d,data/external/include_pose/INCLUDE/Pose_Signs/Colours/54. Black/MVI_4215.pkl,data/processed/landmarks/include50/BLACK/9628b891c39d.npz,49,0.0,0.0,1.0,1.0,,train
3767f953d236,BLACK,include50,video,,include:clip:3767f953d236,data/external/include_pose/INCLUDE/Pose_Signs/Colours/54. Black/MVI_5058.pkl,data/processed/landmarks/include50/BLACK/3767f953d236.npz,47,0.0,0.0,0.9149,1.0,,train
8d71f15ff632,BLACK,include50,video,,include:clip:8d71f15ff632,data/external/include_pose/INCLUDE/Pose_Signs/Colours/54. Black/MVI_5060.pkl,data/processed/landmarks/include50/BLACK/8d71f15ff632.npz,41,0.0,0.0,1.0,1.0,,train
3368dd705d5f,BLACK,include50,video,,include:clip:3368dd705d5f,data/external/include_pose/INCLUDE/Pose_Signs/Colours/54. Black/MVI_3887.pkl,data/processed/landmarks/include50/BLACK/3368dd705d5f.npz,69,0.0,0.0,1.0,1.0,,train
83f98ba26465,BLACK,include50,video,,include:clip:83f98ba26465,data/external/include_pose/INCLUDE/Pose_Signs/Colours/54. Black/MVI_5206.pkl,data/processed/landmarks/include50/BLACK/83f98ba26465.npz,52,0.0,0.0,1.0,1.0,,train
d2721c2c8f24,BLACK,include50,video,,include:clip:d2721c2c8f24,data/external/include_pose/INCLUDE/Pose_Signs/Colours/54. Black/MVI_4040.pkl,data/processed/landmarks/include50/BLACK/d2721c2c8f24.npz,46,0.0,0.0,1.0,1.0,,train
006785414fa1,CAR,include50,video,,include:clip:006785414fa1,data/external/include_pose/INCLUDE/Pose_Signs/Means_of_Transportation/11. Car/MVI_3240.pkl,data/processed/landmarks/include50/CAR/006785414fa1.npz,97,0.0,0.0,0.9588,1.0,,train
a3a4c92e9780,CAR,include50,video,,include:clip:a3a4c92e9780,data/external/include_pose/INCLUDE/Pose_Signs/Means_of_Transportation/11. Car/MVI_3146.pkl,data/processed/landmarks/include50/CAR/a3a4c92e9780.npz,148,0.0,0.0,0.9054,1.0,,train
42748e167137,CAR,include50,video,,include:clip:42748e167137,data/external/include_pose/INCLUDE/Pose_Signs/Means_of_Transportation/11. Car/MVI_3147.pkl,data/processed/landmarks/include50/CAR/42748e167137.npz,154,0.0,0.0,0.7922,1.0,,train
cec7f5fa118f,CAR,include50,video,,include:clip:cec7f5fa118f,data/external/include_pose/INCLUDE/Pose_Signs/Means_of_Transportation/11. Car/MVI_3209.pkl,data/processed/landmarks/include50/CAR/cec7f5fa118f.npz,111,0.0,0.0,0.973,1.0,,train
93176314871a,CAR,include50,video,,include:clip:93176314871a,data/external/include_pose/INCLUDE/Pose_Signs/Means_of_Transportation/11. Car/MVI_4176.pkl,data/processed/landmarks/include50/CAR/93176314871a.npz,75,0.0,0.0,0.96,1.0,,train
9fceb17200c6,CAR,include50,video,,include:clip:9fceb17200c6,data/external/include_pose/INCLUDE/Pose_Signs/Means_of_Transportation/11. Car/MVI_4177.pkl,data/processed/landmarks/include50/CAR/9fceb17200c6.npz,83,0.0,0.0,0.9036,1.0,,train
cf4030aa81a2,CAR,include50,video,,include:clip:cf4030aa81a2,data/external/include_pose/INCLUDE/Pose_Signs/Means_of_Transportation/11. Car/MVI_3211.pkl,data/processed/landmarks/include50/CAR/cf4030aa81a2.npz,96,0.0,0.0,1.0,1.0,,train
7e1d8502ff16,CAR,include50,video,,include:clip:7e1d8502ff16,data/external/include_pose/INCLUDE/Pose_Signs/Means_of_Transportation/11. Car/MVI_3239.pkl,data/processed/landmarks/include50/CAR/7e1d8502ff16.npz,108,0.0,0.0,0.9352,1.0,,train
c01422d0232e,CAR,include50,video,,include:clip:c01422d0232e,data/external/include_pose/INCLUDE/Pose_Signs/Means_of_Transportation/11. Car/MVI_3238.pkl,data/processed/landmarks/include50/CAR/c01422d0232e.npz,104,0.0,0.0,0.9808,1.0,,train
58d8787748ad,CAR,include50,video,,include:clip:58d8787748ad,data/external/include_pose/INCLUDE/Pose_Signs/Means_of_Transportation/11. Car/MVI_4178.pkl,data/processed/landmarks/include50/CAR/58d8787748ad.npz,77,0.0,0.0,0.974,1.0,,train
d05c79ff0381,CAR,include50,video,,include:clip:d05c79ff0381,data/external/include_pose/INCLUDE/Pose_Signs/Means_of_Transportation/11. Car/MVI_3175.pkl,data/processed/landmarks/include50/CAR/d05c79ff0381.npz,96,0.0,0.0,0.9479,1.0,,train
353c5b02874a,CAR,include50,video,,include:clip:353c5b02874a,data/external/include_pose/INCLUDE/Pose_Signs/Means_of_Transportation/11. Car/MVI_8583.pkl,data/processed/landmarks/include50/CAR/353c5b02874a.npz,92,0.0,0.0,0.5,1.0,,train
d4bb62c2f926,CAR,include50,video,,include:clip:d4bb62c2f926,data/external/include_pose/INCLUDE/Pose_Signs/Means_of_Transportation/11. Car/MVI_3117.pkl,data/processed/landmarks/include50/CAR/d4bb62c2f926.npz,98,0.0,0.0,0.949,1.0,,train
bb3ee26dc4ef,DOG,include50,video,,include:clip:bb3ee26dc4ef,data/external/include_pose/INCLUDE/Pose_Signs/Animals/1. Dog/MVI_2979.pkl,data/processed/landmarks/include50/DOG/bb3ee26dc4ef.npz,76,0.0,0.0,0.9211,1.0,,train
b14b434d88ab,DOG,include50,video,,include:clip:b14b434d88ab,data/external/include_pose/INCLUDE/Pose_Signs/Animals/1. Dog/MVI_8561.pkl,data/processed/landmarks/include50/DOG/b14b434d88ab.npz,67,0.0,0.0,0.5373,1.0,,train
da18c2e0c98f,DOG,include50,video,,include:clip:da18c2e0c98f,data/external/include_pose/INCLUDE/Pose_Signs/Animals/1. Dog/MVI_3085.pkl,data/processed/landmarks/include50/DOG/da18c2e0c98f.npz,85,0.0,0.0,0.6706,1.0,,train
45d141ef5d92,DOG,include50,video,,include:clip:45d141ef5d92,data/external/include_pose/INCLUDE/Pose_Signs/Animals/1. Dog/MVI_4148.pkl,data/processed/landmarks/include50/DOG/45d141ef5d92.npz,71,0.0,0.0,1.0,1.0,,train
542d737bfe6d,DOG,include50,video,,include:clip:542d737bfe6d,data/external/include_pose/INCLUDE/Pose_Signs/Animals/1. Dog/MVI_4146.pkl,data/processed/landmarks/include50/DOG/542d737bfe6d.npz,71,0.0,0.0,1.0,1.0,,train
d08eab7a3666,DOG,include50,video,,include:clip:d08eab7a3666,data/external/include_pose/INCLUDE/Pose_Signs/Animals/1. Dog/MVI_3004.pkl,data/processed/landmarks/include50/DOG/d08eab7a3666.npz,87,0.0,0.0,0.931,1.0,,train
8b16e37a0bdf,DOG,include50,video,,include:clip:8b16e37a0bdf,data/external/include_pose/INCLUDE/Pose_Signs/Animals/1. Dog/MVI_3028.pkl,data/processed/landmarks/include50/DOG/8b16e37a0bdf.npz,92,0.0,0.0,0.9022,1.0,,train
3d63c488342d,DOG,include50,video,,include:clip:3d63c488342d,data/external/include_pose/INCLUDE/Pose_Signs/Animals/1. Dog/MVI_3002.pkl,data/processed/landmarks/include50/DOG/3d63c488342d.npz,87,0.0,0.0,0.931,1.0,,train
136390d80304,DOG,include50,video,,include:clip:136390d80304,data/external/include_pose/INCLUDE/Pose_Signs/Animals/1. Dog/MVI_3003.pkl,data/processed/landmarks/include50/DOG/136390d80304.npz,92,0.0,0.0,0.9348,1.0,,train
841b8528c938,DOG,include50,video,,include:clip:841b8528c938,data/external/include_pose/INCLUDE/Pose_Signs/Animals/1. Dog/MVI_3059.pkl,data/processed/landmarks/include50/DOG/841b8528c938.npz,75,0.0,0.0,0.92,1.0,,train
3e25434eb807,DOG,include50,video,,include:clip:3e25434eb807,data/external/include_pose/INCLUDE/Pose_Signs/Animals/1. Dog/MVI_3060.pkl,data/processed/landmarks/include50/DOG/3e25434eb807.npz,85,0.0,0.0,0.9059,1.0,,train
60ad56d8c625,FALL,include50,video,,include:clip:60ad56d8c625,data/external/include_pose/INCLUDE/Pose_Signs/Seasons/64. Fall/MVI_5434.pkl,data/processed/landmarks/include50/FALL/60ad56d8c625.npz,53,0.0,0.0,1.0,1.0,,train
4e4f22492d1a,FALL,include50,video,,include:clip:4e4f22492d1a,data/external/include_pose/INCLUDE/Pose_Signs/Seasons/64. Fall/MVI_9133.pkl,data/processed/landmarks/include50/FALL/4e4f22492d1a.npz,76,0.0,0.0,1.0,1.0,,train
0c09bda3609a,FALL,include50,video,,include:clip:0c09bda3609a,data/external/include_pose/INCLUDE/Pose_Signs/Seasons/64. Fall/MVI_5436.pkl,data/processed/landmarks/include50/FALL/0c09bda3609a.npz,52,0.0,0.0,1.0,1.0,,train
2dac46fdfa00,FALL,include50,video,,include:clip:2dac46fdfa00,data/external/include_pose/INCLUDE/Pose_Signs/Seasons/64. Fall/MVI_5433.pkl,data/processed/landmarks/include50/FALL/2dac46fdfa00.npz,55,0.0,0.0,1.0,1.0,,train
c7245acaf27a,FALL,include50,video,,include:clip:c7245acaf27a,data/external/include_pose/INCLUDE/Pose_Signs/Seasons/64. Fall/MVI_9135.pkl,data/processed/landmarks/include50/FALL/c7245acaf27a.npz,71,0.0,0.0,1.0,1.0,,train
aecd293ef2f8,FALL,include50,video,,include:clip:aecd293ef2f8,data/external/include_pose/INCLUDE/Pose_Signs/Seasons/64. Fall/MVI_9134.pkl,data/processed/landmarks/include50/FALL/aecd293ef2f8.npz,76,0.0,0.0,1.0,1.0,,train
29d55e75e9e3,FALL,include50,video,,include:clip:29d55e75e9e3,data/external/include_pose/INCLUDE/Pose_Signs/Seasons/64. Fall/MVI_4577.pkl,data/processed/landmarks/include50/FALL/29d55e75e9e3.npz,71,0.0,0.0,0.9718,1.0,,train
46b8ab13bb65,FALL,include50,video,,include:clip:46b8ab13bb65,data/external/include_pose/INCLUDE/Pose_Signs/Seasons/64. Fall/MVI_4580.pkl,data/processed/landmarks/include50/FALL/46b8ab13bb65.npz,60,0.0,0.0,1.0,1.0,,train
6d36ca2f2af1,FALL,include50,video,,include:clip:6d36ca2f2af1,data/external/include_pose/INCLUDE/Pose_Signs/Seasons/64. Fall/MVI_4999.pkl,data/processed/landmarks/include50/FALL/6d36ca2f2af1.npz,44,0.0,0.0,1.0,1.0,,train
f58a19a73fef,FALL,include50,video,,include:clip:f58a19a73fef,data/external/include_pose/INCLUDE/Pose_Signs/Seasons/64. Fall/MVI_5000.pkl,data/processed/landmarks/include50/FALL/f58a19a73fef.npz,38,0.0,0.0,1.0,1.0,,train
b1a9aa3658ef,FATHER,include50,video,,include:clip:b1a9aa3658ef,data/external/include_pose/INCLUDE/Pose_Signs/People/61. Father/MVI_3910.pkl,data/processed/landmarks/include50/FATHER/b1a9aa3658ef.npz,71,0.0,0.0,0.9577,1.0,,train
018f291b3958,FATHER,include50,video,,include:clip:018f291b3958,data/external/include_pose/INCLUDE/Pose_Signs/People/61. Father/MVI_5227.pkl,data/processed/landmarks/include50/FATHER/018f291b3958.npz,50,0.0,0.0,0.98,1.0,,train
306a7a50bdfc,FATHER,include50,video,,include:clip:306a7a50bdfc,data/external/include_pose/INCLUDE/Pose_Signs/People/61. Father/MVI_3912.pkl,data/processed/landmarks/include50/FATHER/306a7a50bdfc.npz,94,0.0,0.0,0.9894,1.0,,train
87e396b38a8f,FATHER,include50,video,,include:clip:87e396b38a8f,data/external/include_pose/INCLUDE/Pose_Signs/People/61. Father/MVI_4062.pkl,data/processed/landmarks/include50/FATHER/87e396b38a8f.npz,56,0.0,0.0,0.9821,1.0,,train
8b9e21d96a77,FATHER,include50,video,,include:clip:8b9e21d96a77,data/external/include_pose/INCLUDE/Pose_Signs/People/61. Father/MVI_4061.pkl,data/processed/landmarks/include50/FATHER/8b9e21d96a77.npz,57,0.0,0.0,0.9474,1.0,,train
7421cff9fe38,FATHER,include50,video,,include:clip:7421cff9fe38,data/external/include_pose/INCLUDE/Pose_Signs/People/61. Father/MVI_4060.pkl,data/processed/landmarks/include50/FATHER/7421cff9fe38.npz,56,0.0,0.0,0.9643,1.0,,train
2354566040be,FATHER,include50,video,,include:clip:2354566040be,data/external/include_pose/INCLUDE/Pose_Signs/People/61. Father/MVI_4940.pkl,data/processed/landmarks/include50/FATHER/2354566040be.npz,60,0.0,0.0,0.9833,1.0,,train
b96b2187e9b0,FATHER,include50,video,,include:clip:b96b2187e9b0,data/external/include_pose/INCLUDE/Pose_Signs/People/61. Father/MVI_4941.pkl,data/processed/landmarks/include50/FATHER/b96b2187e9b0.npz,49,0.0,0.0,0.9592,1.0,,train
1ca7806b3519,FATHER,include50,video,,include:clip:1ca7806b3519,data/external/include_pose/INCLUDE/Pose_Signs/People/61. Father/MVI_4942.pkl,data/processed/landmarks/include50/FATHER/1ca7806b3519.npz,59,0.0,0.0,0.9492,1.0,,train
9822af84e42d,FATHER,include50,video,,include:clip:9822af84e42d,data/external/include_pose/INCLUDE/Pose_Signs/People/61. Father/MVI_3763.pkl,data/processed/landmarks/include50/FATHER/9822af84e42d.npz,51,0.0,0.0,0.902,1.0,,train
aa5e37c5a3b4,FATHER,include50,video,,include:clip:aa5e37c5a3b4,data/external/include_pose/INCLUDE/Pose_Signs/People/61. Father/MVI_4223.pkl,data/processed/landmarks/include50/FATHER/aa5e37c5a3b4.npz,63,0.0,0.0,0.9683,1.0,,train
b3cbbd4ea7c8,FATHER,include50,video,,include:clip:b3cbbd4ea7c8,data/external/include_pose/INCLUDE/Pose_Signs/People/61. Father/MVI_3764.pkl,data/processed/landmarks/include50/FATHER/b3cbbd4ea7c8.npz,56,0.0,0.0,0.9821,1.0,,train
9dbb47e3d535,FATHER,include50,video,,include:clip:9dbb47e3d535,data/external/include_pose/INCLUDE/Pose_Signs/People/61. Father/MVI_3765.pkl,data/processed/landmarks/include50/FATHER/9dbb47e3d535.npz,55,0.0,0.0,0.9091,1.0,,train
3379fe74b6ed,FATHER,include50,video,,include:clip:3379fe74b6ed,data/external/include_pose/INCLUDE/Pose_Signs/People/61. Father/MVI_5228.pkl,data/processed/landmarks/include50/FATHER/3379fe74b6ed.npz,50,0.0,0.0,0.98,1.0,,train
7d1d7b518222,FATHER,include50,video,,include:clip:7d1d7b518222,data/external/include_pose/INCLUDE/Pose_Signs/People/61. Father/MVI_3909.pkl,data/processed/landmarks/include50/FATHER/7d1d7b518222.npz,71,0.0,0.0,0.9577,1.0,,train
5847ec4f96d7,GOOD_MORNING,include50,video,,include:clip:5847ec4f96d7,data/external/include_pose/INCLUDE/Pose_Signs/Greetings/51. Good Morning/MVI_9970.pkl,data/processed/landmarks/include50/GOOD_MORNING/5847ec4f96d7.npz,82,0.0,0.0,1.0,1.0,,train
be4d153e342c,GOOD_MORNING,include50,video,,include:clip:be4d153e342c,data/external/include_pose/INCLUDE/Pose_Signs/Greetings/51. Good Morning/MVI_0048.pkl,data/processed/landmarks/include50/GOOD_MORNING/be4d153e342c.npz,41,0.0,0.0,1.0,1.0,,train
ef5f84d8e585,GOOD_MORNING,include50,video,,include:clip:ef5f84d8e585,data/external/include_pose/INCLUDE/Pose_Signs/Greetings/51. Good Morning/MVI_0100.pkl,data/processed/landmarks/include50/GOOD_MORNING/ef5f84d8e585.npz,63,0.0,0.0,1.0,1.0,,train
71839094ec56,GOOD_MORNING,include50,video,,include:clip:71839094ec56,data/external/include_pose/INCLUDE/Pose_Signs/Greetings/51. Good Morning/MVI_0099.pkl,data/processed/landmarks/include50/GOOD_MORNING/71839094ec56.npz,66,0.0,0.0,1.0,1.0,,train
c106e3b24e50,GOOD_MORNING,include50,video,,include:clip:c106e3b24e50,data/external/include_pose/INCLUDE/Pose_Signs/Greetings/51. Good Morning/MVI_0098.pkl,data/processed/landmarks/include50/GOOD_MORNING/c106e3b24e50.npz,66,0.0,0.0,1.0,1.0,,train
c2ecf1f8f953,GOOD_MORNING,include50,video,,include:clip:c2ecf1f8f953,data/external/include_pose/INCLUDE/Pose_Signs/Greetings/51. Good Morning/MVI_0042.pkl,data/processed/landmarks/include50/GOOD_MORNING/c2ecf1f8f953.npz,85,0.0,0.0,1.0,1.0,,train
697d44e9d39a,GOOD_MORNING,include50,video,,include:clip:697d44e9d39a,data/external/include_pose/INCLUDE/Pose_Signs/Greetings/51. Good Morning/MVI_9933.pkl,data/processed/landmarks/include50/GOOD_MORNING/697d44e9d39a.npz,53,0.0,0.0,1.0,1.0,,train
58e8741332f2,GOOD_MORNING,include50,video,,include:clip:58e8741332f2,data/external/include_pose/INCLUDE/Pose_Signs/Greetings/51. Good Morning/MVI_9932.pkl,data/processed/landmarks/include50/GOOD_MORNING/58e8741332f2.npz,56,0.0,0.0,1.0,1.0,,train
e53856c003f6,GOOD_MORNING,include50,video,,include:clip:e53856c003f6,data/external/include_pose/INCLUDE/Pose_Signs/Greetings/51. Good Morning/MVI_0043.pkl,data/processed/landmarks/include50/GOOD_MORNING/e53856c003f6.npz,83,0.0,0.0,1.0,1.0,,train
0b3bb387ac45,GOOD_MORNING,include50,video,,include:clip:0b3bb387ac45,data/external/include_pose/INCLUDE/Pose_Signs/Greetings/51. Good Morning/MVI_9935.pkl,data/processed/landmarks/include50/GOOD_MORNING/0b3bb387ac45.npz,48,0.0,0.0,1.0,1.0,,train
33d79dba9e42,GOOD_MORNING,include50,video,,include:clip:33d79dba9e42,data/external/include_pose/INCLUDE/Pose_Signs/Greetings/51. Good Morning/MVI_9934.pkl,data/processed/landmarks/include50/GOOD_MORNING/33d79dba9e42.npz,56,0.0,0.0,1.0,1.0,,train
6a66d3753341,GOOD_MORNING,include50,video,,include:clip:6a66d3753341,data/external/include_pose/INCLUDE/Pose_Signs/Greetings/51. Good Morning/MVI_0045.pkl,data/processed/landmarks/include50/GOOD_MORNING/6a66d3753341.npz,90,0.0,0.0,1.0,1.0,,train
72d5fdc6e763,GOOD_MORNING,include50,video,,include:clip:72d5fdc6e763,data/external/include_pose/INCLUDE/Pose_Signs/Greetings/51. Good Morning/MVI_0047.pkl,data/processed/landmarks/include50/GOOD_MORNING/72d5fdc6e763.npz,59,0.0,0.0,1.0,1.0,,train
2e85275498dd,GOOD_MORNING,include50,video,,include:clip:2e85275498dd,data/external/include_pose/INCLUDE/Pose_Signs/Greetings/51. Good Morning/MVI_9991.pkl,data/processed/landmarks/include50/GOOD_MORNING/2e85275498dd.npz,58,0.0,0.0,1.0,1.0,,train
d97812f898a2,RED,include50,video,,include:clip:d97812f898a2,data/external/include_pose/INCLUDE/Pose_Signs/Colours/47. Red/MVI_5184.pkl,data/processed/landmarks/include50/RED/d97812f898a2.npz,50,0.0,0.0,1.0,1.0,,train
5d3b0233f318,RED,include50,video,,include:clip:5d3b0233f318,data/external/include_pose/INCLUDE/Pose_Signs/Colours/47. Red/MVI_3867.pkl,data/processed/landmarks/include50/RED/5d3b0233f318.npz,66,0.0,0.0,1.0,1.0,,train
93fce47eff39,RED,include50,video,,include:clip:93fce47eff39,data/external/include_pose/INCLUDE/Pose_Signs/Colours/47. Red/MVI_5185.pkl,data/processed/landmarks/include50/RED/93fce47eff39.npz,49,0.0,0.0,1.0,1.0,,train
4743e8c21f07,RED,include50,video,,include:clip:4743e8c21f07,data/external/include_pose/INCLUDE/Pose_Signs/Colours/47. Red/MVI_3721.pkl,data/processed/landmarks/include50/RED/4743e8c21f07.npz,54,0.0,0.0,1.0,1.0,,train
b0ab529aadff,RED,include50,video,,include:clip:b0ab529aadff,data/external/include_pose/INCLUDE/Pose_Signs/Colours/47. Red/MVI_3719.pkl,data/processed/landmarks/include50/RED/b0ab529aadff.npz,58,0.0,0.0,1.0,1.0,,train
3395054716a8,RED,include50,video,,include:clip:3395054716a8,data/external/include_pose/INCLUDE/Pose_Signs/Colours/47. Red/MVI_5037.pkl,data/processed/landmarks/include50/RED/3395054716a8.npz,52,0.0,0.0,0.9231,1.0,,train
74a7d5dc75e9,RED,include50,video,,include:clip:74a7d5dc75e9,data/external/include_pose/INCLUDE/Pose_Signs/Colours/47. Red/MVI_8612.pkl,data/processed/landmarks/include50/RED/74a7d5dc75e9.npz,73,0.0,0.0,0.8356,1.0,,train
d5708c24eae7,RED,include50,video,,include:clip:d5708c24eae7,data/external/include_pose/INCLUDE/Pose_Signs/Colours/47. Red/MVI_4207.pkl,data/processed/landmarks/include50/RED/d5708c24eae7.npz,44,0.0,0.0,1.0,1.0,,train
7f0c7df375bc,RED,include50,video,,include:clip:7f0c7df375bc,data/external/include_pose/INCLUDE/Pose_Signs/Colours/47. Red/MVI_4017.pkl,data/processed/landmarks/include50/RED/7f0c7df375bc.npz,61,0.0,0.0,1.0,1.0,,train
1d81337185f9,RED,include50,video,,include:clip:1d81337185f9,data/external/include_pose/INCLUDE/Pose_Signs/Colours/47. Red/MVI_4019.pkl,data/processed/landmarks/include50/RED/1d81337185f9.npz,64,0.0,0.0,1.0,1.0,,train
07d5e3d6c7dc,RED,include50,video,,include:clip:07d5e3d6c7dc,data/external/include_pose/INCLUDE/Pose_Signs/Colours/47. Red/MVI_4018.pkl,data/processed/landmarks/include50/RED/07d5e3d6c7dc.npz,66,0.0,0.0,1.0,1.0,,train
ff5199f31492,RED,include50,video,,include:clip:ff5199f31492,data/external/include_pose/INCLUDE/Pose_Signs/Colours/47. Red/MVI_5039.pkl,data/processed/landmarks/include50/RED/ff5199f31492.npz,59,0.0,0.0,0.9661,1.0,,train
381647c9dc10,RED,include50,video,,include:clip:381647c9dc10,data/external/include_pose/INCLUDE/Pose_Signs/Colours/47. Red/MVI_5038.pkl,data/processed/landmarks/include50/RED/381647c9dc10.npz,59,0.0,0.0,0.9661,1.0,,train
a7fdbf7eb7bf,RED,include50,video,,include:clip:a7fdbf7eb7bf,data/external/include_pose/INCLUDE/Pose_Signs/Colours/47. Red/MVI_4899.pkl,data/processed/landmarks/include50/RED/a7fdbf7eb7bf.npz,58,0.0,0.0,1.0,1.0,,train
815e5587851e,RED,include50,video,,include:clip:815e5587851e,data/external/include_pose/INCLUDE/Pose_Signs/Colours/47. Red/MVI_3868.pkl,data/processed/landmarks/include50/RED/815e5587851e.npz,70,0.0,0.0,1.0,1.0,,train
c70891c93377,SUMMER,include50,video,,include:clip:c70891c93377,data/external/include_pose/INCLUDE/Pose_Signs/Seasons/61. Summer/MVI_5420.pkl,data/processed/landmarks/include50/SUMMER/c70891c93377.npz,64,0.0,0.0,1.0,1.0,,train
54590773907d,SUMMER,include50,video,,include:clip:54590773907d,data/external/include_pose/INCLUDE/Pose_Signs/Seasons/61. Summer/MVI_9124.pkl,data/processed/landmarks/include50/SUMMER/54590773907d.npz,75,0.0,0.0,1.0,1.0,,train
808ccc317af3,SUMMER,include50,video,,include:clip:808ccc317af3,data/external/include_pose/INCLUDE/Pose_Signs/Seasons/61. Summer/MVI_5421.pkl,data/processed/landmarks/include50/SUMMER/808ccc317af3.npz,70,0.0,0.0,1.0,1.0,,train
c1bf7285cc75,SUMMER,include50,video,,include:clip:c1bf7285cc75,data/external/include_pose/INCLUDE/Pose_Signs/Seasons/61. Summer/MVI_5422.pkl,data/processed/landmarks/include50/SUMMER/c1bf7285cc75.npz,58,0.0,0.0,1.0,1.0,,train
f881083dd452,SUMMER,include50,video,,include:clip:f881083dd452,data/external/include_pose/INCLUDE/Pose_Signs/Seasons/61. Summer/MVI_9123.pkl,data/processed/landmarks/include50/SUMMER/f881083dd452.npz,71,0.0,0.0,1.0,1.0,,train
b0571d9ac6ea,SUMMER,include50,video,,include:clip:b0571d9ac6ea,data/external/include_pose/INCLUDE/Pose_Signs/Seasons/61. Summer/MVI_4990.pkl,data/processed/landmarks/include50/SUMMER/b0571d9ac6ea.npz,63,0.0,0.0,1.0,1.0,,train
9e045ca5dcd4,SUMMER,include50,video,,include:clip:9e045ca5dcd4,data/external/include_pose/INCLUDE/Pose_Signs/Seasons/61. Summer/MVI_4992.pkl,data/processed/landmarks/include50/SUMMER/9e045ca5dcd4.npz,60,0.0,0.0,1.0,1.0,,train
3b032982172d,SUMMER,include50,video,,include:clip:3b032982172d,data/external/include_pose/INCLUDE/Pose_Signs/Seasons/61. Summer/MVI_4565.pkl,data/processed/landmarks/include50/SUMMER/3b032982172d.npz,78,0.0,0.0,1.0,1.0,,train
fc2d95703826,SUMMER,include50,video,,include:clip:fc2d95703826,data/external/include_pose/INCLUDE/Pose_Signs/Seasons/61. Summer/MVI_4567.pkl,data/processed/landmarks/include50/SUMMER/fc2d95703826.npz,67,0.0,0.0,0.9851,1.0,,train
b9095514c870,WHITE,include50,video,,include:clip:b9095514c870,data/external/include_pose/INCLUDE/Pose_Signs/Colours/55. White/MVI_4923.pkl,data/processed/landmarks/include50/WHITE/b9095514c870.npz,43,0.0,0.0,1.0,1.0,,train
a54ec061842b,WHITE,include50,video,,include:clip:a54ec061842b,data/external/include_pose/INCLUDE/Pose_Signs/Colours/55. White/MVI_5209.pkl,data/processed/landmarks/include50/WHITE/a54ec061842b.npz,48,0.0,0.0,1.0,1.0,,train
f64a52ad3679,WHITE,include50,video,,include:clip:f64a52ad3679,data/external/include_pose/INCLUDE/Pose_Signs/Colours/55. White/MVI_4922.pkl,data/processed/landmarks/include50/WHITE/f64a52ad3679.npz,52,0.0,0.0,1.0,1.0,,train
0b808c0f8362,WHITE,include50,video,,include:clip:0b808c0f8362,data/external/include_pose/INCLUDE/Pose_Signs/Colours/55. White/MVI_4921.pkl,data/processed/landmarks/include50/WHITE/0b808c0f8362.npz,49,0.0,0.0,1.0,1.0,,train
e1296ec9d6a4,WHITE,include50,video,,include:clip:e1296ec9d6a4,data/external/include_pose/INCLUDE/Pose_Signs/Colours/55. White/MVI_3743.pkl,data/processed/landmarks/include50/WHITE/e1296ec9d6a4.npz,51,0.0,0.0,1.0,1.0,,train
36fc04fdd5dd,WHITE,include50,video,,include:clip:36fc04fdd5dd,data/external/include_pose/INCLUDE/Pose_Signs/Colours/55. White/MVI_4216.pkl,data/processed/landmarks/include50/WHITE/36fc04fdd5dd.npz,43,0.0,0.0,1.0,1.0,,train
e4847108d7e8,WHITE,include50,video,,include:clip:e4847108d7e8,data/external/include_pose/INCLUDE/Pose_Signs/Colours/55. White/MVI_3744.pkl,data/processed/landmarks/include50/WHITE/e4847108d7e8.npz,45,0.0,0.0,1.0,1.0,,train
6fce232366e2,WHITE,include50,video,,include:clip:6fce232366e2,data/external/include_pose/INCLUDE/Pose_Signs/Colours/55. White/MVI_5061.pkl,data/processed/landmarks/include50/WHITE/6fce232366e2.npz,44,0.0,0.0,0.9545,1.0,,train
881e63061ad2,WHITE,include50,video,,include:clip:881e63061ad2,data/external/include_pose/INCLUDE/Pose_Signs/Colours/55. White/MVI_5063.pkl,data/processed/landmarks/include50/WHITE/881e63061ad2.npz,51,0.0,0.0,1.0,1.0,,train
ce6e05a369f0,WHITE,include50,video,,include:clip:ce6e05a369f0,data/external/include_pose/INCLUDE/Pose_Signs/Colours/55. White/MVI_5062.pkl,data/processed/landmarks/include50/WHITE/ce6e05a369f0.npz,47,0.0,0.0,0.9149,1.0,,train
0ef8f0189524,WHITE,include50,video,,include:clip:0ef8f0189524,data/external/include_pose/INCLUDE/Pose_Signs/Colours/55. White/MVI_3892.pkl,data/processed/landmarks/include50/WHITE/0ef8f0189524.npz,69,0.0,0.0,1.0,1.0,,train
1e1242419b5c,WHITE,include50,video,,include:clip:1e1242419b5c,data/external/include_pose/INCLUDE/Pose_Signs/Colours/55. White/MVI_4044.pkl,data/processed/landmarks/include50/WHITE/1e1242419b5c.npz,55,0.0,0.0,1.0,1.0,,train
f8b5a3bdcce0,WHITE,include50,video,,include:clip:f8b5a3bdcce0,data/external/include_pose/INCLUDE/Pose_Signs/Colours/55. White/MVI_8620.pkl,data/processed/landmarks/include50/WHITE/f8b5a3bdcce0.npz,61,0.0,0.0,0.9672,1.0,,train
ca5cd54f9a58,WHITE,include50,video,,include:clip:ca5cd54f9a58,data/external/include_pose/INCLUDE/Pose_Signs/Colours/55. White/MVI_3890.pkl,data/processed/landmarks/include50/WHITE/ca5cd54f9a58.npz,80,0.0,0.0,1.0,1.0,,train
79eeabf33b03,WHITE,include50,video,,include:clip:79eeabf33b03,data/external/include_pose/INCLUDE/Pose_Signs/Colours/55. White/MVI_4043.pkl,data/processed/landmarks/include50/WHITE/79eeabf33b03.npz,57,0.0,0.0,1.0,1.0,,train
afdc95c93789,WHITE,include50,video,,include:clip:afdc95c93789,data/external/include_pose/INCLUDE/Pose_Signs/Colours/55. White/MVI_4042.pkl,data/processed/landmarks/include50/WHITE/afdc95c93789.npz,57,0.0,0.0,1.0,1.0,,train
ec35e7ba6783,LOUD,include50,video,,include:clip:ec35e7ba6783,data/external/include_pose/INCLUDE/Pose_Signs/Adjectives/1. loud/MVI_5178.pkl,data/processed/landmarks/include50/LOUD/ec35e7ba6783.npz,64,0.0,0.0,0.9219,1.0,,train
cc566252234b,LOUD,include50,video,,include:clip:cc566252234b,data/external/include_pose/INCLUDE/Pose_Signs/Adjectives/1. loud/MVI_5179.pkl,data/processed/landmarks/include50/LOUD/cc566252234b.npz,66,0.0,0.0,0.9545,1.0,,train
b38e9f33d9da,LOUD,include50,video,,include:clip:b38e9f33d9da,data/external/include_pose/INCLUDE/Pose_Signs/Adjectives/1. loud/MVI_9368.pkl,data/processed/landmarks/include50/LOUD/b38e9f33d9da.npz,47,0.0,0.0,0.8723,1.0,,train
08f65759b156,LOUD,include50,video,,include:clip:08f65759b156,data/external/include_pose/INCLUDE/Pose_Signs/Adjectives/1. loud/MVI_9291.pkl,data/processed/landmarks/include50/LOUD/08f65759b156.npz,63,0.0,0.0,0.9206,1.0,,train
1abdf069ed95,LOUD,include50,video,,include:clip:1abdf069ed95,data/external/include_pose/INCLUDE/Pose_Signs/Adjectives/1. loud/MVI_9290.pkl,data/processed/landmarks/include50/LOUD/1abdf069ed95.npz,64,0.0,0.0,0.9219,1.0,,train
0657ecf213dd,LOUD,include50,video,,include:clip:0657ecf213dd,data/external/include_pose/INCLUDE/Pose_Signs/Adjectives/1. loud/MVI_9535.pkl,data/processed/landmarks/include50/LOUD/0657ecf213dd.npz,65,0.0,0.0,0.9846,1.0,,train
d89ab1cace74,LOUD,include50,video,,include:clip:d89ab1cace74,data/external/include_pose/INCLUDE/Pose_Signs/Adjectives/1. loud/MVI_5337.pkl,data/processed/landmarks/include50/LOUD/d89ab1cace74.npz,48,0.0,0.0,0.9583,1.0,,train
ce69eb9a211c,LOUD,include50,video,,include:clip:ce69eb9a211c,data/external/include_pose/INCLUDE/Pose_Signs/Adjectives/1. loud/MVI_9450.pkl,data/processed/landmarks/include50/LOUD/ce69eb9a211c.npz,50,0.0,0.0,0.92,1.0,,train
f7c712ebd311,LOUD,include50,video,,include:clip:f7c712ebd311,data/external/include_pose/INCLUDE/Pose_Signs/Adjectives/1. loud/MVI_5336.pkl,data/processed/landmarks/include50/LOUD/f7c712ebd311.npz,42,0.0,0.0,0.9524,1.0,,train
caf175fcc0c8,LOUD,include50,video,,include:clip:caf175fcc0c8,data/external/include_pose/INCLUDE/Pose_Signs/Adjectives/1. loud/MVI_5335.pkl,data/processed/landmarks/include50/LOUD/caf175fcc0c8.npz,45,0.0,0.0,0.9333,1.0,,train
115fe2c8accb,LOUD,include50,video,,include:clip:115fe2c8accb,data/external/include_pose/INCLUDE/Pose_Signs/Adjectives/1. loud/MVI_9449.pkl,data/processed/landmarks/include50/LOUD/115fe2c8accb.npz,47,0.0,0.0,0.9149,1.0,,train
296474e2af74,LOUD,include50,video,,include:clip:296474e2af74,data/external/include_pose/INCLUDE/Pose_Signs/Adjectives/1. loud/MVI_9448.pkl,data/processed/landmarks/include50/LOUD/296474e2af74.npz,56,0.0,0.0,0.9464,1.0,,train
e27fb65e7f3c,LOUD,include50,video,,include:clip:e27fb65e7f3c,data/external/include_pose/INCLUDE/Pose_Signs/Adjectives/1. loud/MVI_9370.pkl,data/processed/landmarks/include50/LOUD/e27fb65e7f3c.npz,46,0.0,0.0,0.913,1.0,,train
4fe3a9df0484,QUIET,include50,video,,include:clip:4fe3a9df0484,data/external/include_pose/INCLUDE/Pose_Signs/Adjectives/2. quiet/MVI_5340.pkl,data/processed/landmarks/include50/QUIET/4fe3a9df0484.npz,53,0.0,0.0,1.0,1.0,,train
72b81a4c87e8,QUIET,include50,video,,include:clip:72b81a4c87e8,data/external/include_pose/INCLUDE/Pose_Signs/Adjectives/2. quiet/MVI_5181.pkl,data/processed/landmarks/include50/QUIET/72b81a4c87e8.npz,74,0.0,0.0,1.0,1.0,,train
46d3bbcf87ce,QUIET,include50,video,,include:clip:46d3bbcf87ce,data/external/include_pose/INCLUDE/Pose_Signs/Adjectives/2. quiet/MVI_5182.pkl,data/processed/landmarks/include50/QUIET/46d3bbcf87ce.npz,76,0.0,0.0,1.0,1.0,,train
8889544ff4cf,QUIET,include50,video,,include:clip:8889544ff4cf,data/external/include_pose/INCLUDE/Pose_Signs/Adjectives/2. quiet/MVI_9537.pkl,data/processed/landmarks/include50/QUIET/8889544ff4cf.npz,69,0.0,0.0,1.0,1.0,,train
52f2299afc30,QUIET,include50,video,,include:clip:52f2299afc30,data/external/include_pose/INCLUDE/Pose_Signs/Adjectives/2. quiet/MVI_9292.pkl,data/processed/landmarks/include50/QUIET/52f2299afc30.npz,53,0.0,0.0,1.0,1.0,,train
6a76bc81e6b7,QUIET,include50,video,,include:clip:6a76bc81e6b7,data/external/include_pose/INCLUDE/Pose_Signs/Adjectives/2. quiet/MVI_9294.pkl,data/processed/landmarks/include50/QUIET/6a76bc81e6b7.npz,56,0.0,0.0,1.0,1.0,,train
c8f8005bf141,QUIET,include50,video,,include:clip:c8f8005bf141,data/external/include_pose/INCLUDE/Pose_Signs/Adjectives/2. quiet/MVI_9451.pkl,data/processed/landmarks/include50/QUIET/c8f8005bf141.npz,57,0.0,0.0,1.0,1.0,,train
c07ad129d239,QUIET,include50,video,,include:clip:c07ad129d239,data/external/include_pose/INCLUDE/Pose_Signs/Adjectives/2. quiet/MVI_9452.pkl,data/processed/landmarks/include50/QUIET/c07ad129d239.npz,66,0.0,0.0,1.0,1.0,,train
478713a7b21a,QUIET,include50,video,,include:clip:478713a7b21a,data/external/include_pose/INCLUDE/Pose_Signs/Adjectives/2. quiet/MVI_9453.pkl,data/processed/landmarks/include50/QUIET/478713a7b21a.npz,60,0.0,0.0,1.0,1.0,,train
484fb7c4a607,QUIET,include50,video,,include:clip:484fb7c4a607,data/external/include_pose/INCLUDE/Pose_Signs/Adjectives/2. quiet/MVI_9538.pkl,data/processed/landmarks/include50/QUIET/484fb7c4a607.npz,66,0.0,0.0,1.0,1.0,,train
fc22c3f3abd0,QUIET,include50,video,,include:clip:fc22c3f3abd0,data/external/include_pose/INCLUDE/Pose_Signs/Adjectives/2. quiet/MVI_5262.pkl,data/processed/landmarks/include50/QUIET/fc22c3f3abd0.npz,66,0.0,0.0,1.0,1.0,,train
a9132486cd53,QUIET,include50,video,,include:clip:a9132486cd53,data/external/include_pose/INCLUDE/Pose_Signs/Adjectives/2. quiet/MVI_5261.pkl,data/processed/landmarks/include50/QUIET/a9132486cd53.npz,63,0.0,0.0,1.0,1.0,,train
7ef37057df9d,QUIET,include50,video,,include:clip:7ef37057df9d,data/external/include_pose/INCLUDE/Pose_Signs/Adjectives/2. quiet/MVI_5260.pkl,data/processed/landmarks/include50/QUIET/7ef37057df9d.npz,69,0.0,0.0,1.0,1.0,,train
69ed27adc96b,QUIET,include50,video,,include:clip:69ed27adc96b,data/external/include_pose/INCLUDE/Pose_Signs/Adjectives/2. quiet/MVI_9373.pkl,data/processed/landmarks/include50/QUIET/69ed27adc96b.npz,47,0.0,0.0,1.0,1.0,,train
46c937689182,QUIET,include50,video,,include:clip:46c937689182,data/external/include_pose/INCLUDE/Pose_Signs/Adjectives/2. quiet/MVI_9371.pkl,data/processed/landmarks/include50/QUIET/46c937689182.npz,48,0.0,0.0,0.9375,1.0,,train
950efc10160c,HAPPY,include50,video,,include:clip:950efc10160c,data/external/include_pose/INCLUDE/Pose_Signs/Adjectives/3. happy/MVI_9541.pkl,data/processed/landmarks/include50/HAPPY/950efc10160c.npz,57,0.0,0.0,0.9123,1.0,,train
f22d1db56f20,HAPPY,include50,video,,include:clip:f22d1db56f20,data/external/include_pose/INCLUDE/Pose_Signs/Adjectives/3. happy/MVI_5184.pkl,data/processed/landmarks/include50/HAPPY/f22d1db56f20.npz,69,0.0,0.0,0.971,1.0,,train
1a8454696bbf,HAPPY,include50,video,,include:clip:1a8454696bbf,data/external/include_pose/INCLUDE/Pose_Signs/Adjectives/3. happy/MVI_5185.pkl,data/processed/landmarks/include50/HAPPY/1a8454696bbf.npz,78,0.0,0.0,0.9487,1.0,,train
30caa0c2176c,HAPPY,include50,video,,include:clip:30caa0c2176c,data/external/include_pose/INCLUDE/Pose_Signs/Adjectives/3. happy/MVI_9542.pkl,data/processed/landmarks/include50/HAPPY/30caa0c2176c.npz,58,0.0,0.0,0.8793,1.0,,train
450c91bc5dca,HAPPY,include50,video,,include:clip:450c91bc5dca,data/external/include_pose/INCLUDE/Pose_Signs/Adjectives/3. happy/MVI_5341.pkl,data/processed/landmarks/include50/HAPPY/450c91bc5dca.npz,41,0.0,0.0,0.9268,1.0,,train
6049af7f4d77,HAPPY,include50,video,,include:clip:6049af7f4d77,data/external/include_pose/INCLUDE/Pose_Signs/Adjectives/3. happy/MVI_5343.pkl,data/processed/landmarks/include50/HAPPY/6049af7f4d77.npz,73,0.0,0.0,0.9452,1.0,,train
7ccebbb950e9,HAPPY,include50,video,,include:clip:7ccebbb950e9,data/external/include_pose/INCLUDE/Pose_Signs/Adjectives/3. happy/MVI_5342.pkl,data/processed/landmarks/include50/HAPPY/7ccebbb950e9.npz,53,0.0,0.0,0.9623,1.0,,train
7a68675673c4,HAPPY,include50,video,,include:clip:7a68675673c4,data/external/include_pose/INCLUDE/Pose_Signs/Adjectives/3. happy/MVI_9456.pkl,data/processed/landmarks/include50/HAPPY/7a68675673c4.npz,43,0.0,0.0,0.8605,1.0,,train
eb54655d934e,HAPPY,include50,video,,include:clip:eb54655d934e,data/external/include_pose/INCLUDE/Pose_Signs/Adjectives/3. happy/MVI_9454.pkl,data/processed/landmarks/include50/HAPPY/eb54655d934e.npz,44,0.0,0.0,0.9545,1.0,,train
fadfe3cf7ba7,HAPPY,include50,video,,include:clip:fadfe3cf7ba7,data/external/include_pose/INCLUDE/Pose_Signs/Adjectives/3. happy/MVI_9295.pkl,data/processed/landmarks/include50/HAPPY/fadfe3cf7ba7.npz,48,0.0,0.0,0.8125,1.0,,train
f75ed53d2441,HAPPY,include50,video,,include:clip:f75ed53d2441,data/external/include_pose/INCLUDE/Pose_Signs/Adjectives/3. happy/MVI_9296.pkl,data/processed/landmarks/include50/HAPPY/f75ed53d2441.npz,50,0.0,0.0,0.84,1.0,,train
a04180d74578,HAPPY,include50,video,,include:clip:a04180d74578,data/external/include_pose/INCLUDE/Pose_Signs/Adjectives/3. happy/MVI_5264.pkl,data/processed/landmarks/include50/HAPPY/a04180d74578.npz,56,0.0,0.0,0.9286,1.0,,train
fb2aca07e0fd,HAPPY,include50,video,,include:clip:fb2aca07e0fd,data/external/include_pose/INCLUDE/Pose_Signs/Adjectives/3. happy/MVI_9375.pkl,data/processed/landmarks/include50/HAPPY/fb2aca07e0fd.npz,41,0.0,0.0,0.8537,1.0,,train
4517d1207bf1,HAPPY,include50,video,,include:clip:4517d1207bf1,data/external/include_pose/INCLUDE/Pose_Signs/Adjectives/3. happy/MVI_9374.pkl,data/processed/landmarks/include50/HAPPY/4517d1207bf1.npz,45,0.0,0.0,0.9333,1.0,,train
b501a5f176b5,HAPPY,include50,video,,include:clip:b501a5f176b5,data/external/include_pose/INCLUDE/Pose_Signs/Adjectives/3. happy/MVI_9376.pkl,data/processed/landmarks/include50/HAPPY/b501a5f176b5.npz,36,0.0,0.0,0.7778,1.0,,train
43ea58ee8812,LONG,include50,video,,include:clip:43ea58ee8812,data/external/include_pose/INCLUDE/Pose_Signs/Adjectives/78. long/MVI_5187.pkl,data/processed/landmarks/include50/LONG/43ea58ee8812.npz,60,0.0,0.0,0.95,1.0,,train
4b788955122f,LONG,include50,video,,include:clip:4b788955122f,data/external/include_pose/INCLUDE/Pose_Signs/Adjectives/78. long/MVI_5186.pkl,data/processed/landmarks/include50/LONG/4b788955122f.npz,64,0.0,0.0,0.9688,1.0,,train
b6ab7eb1988d,LONG,include50,video,,include:clip:b6ab7eb1988d,data/external/include_pose/INCLUDE/Pose_Signs/Adjectives/78. long/MVI_9378.pkl,data/processed/landmarks/include50/LONG/b6ab7eb1988d.npz,52,0.0,0.0,0.9038,1.0,,train
01c0b77d8637,LONG,include50,video,,include:clip:01c0b77d8637,data/external/include_pose/INCLUDE/Pose_Signs/Adjectives/78. long/MVI_5108.pkl,data/processed/landmarks/include50/LONG/01c0b77d8637.npz,78,0.0,0.0,0.9487,1.0,,train
03933e55e7b8,LONG,include50,video,,include:clip:03933e55e7b8,data/external/include_pose/INCLUDE/Pose_Signs/Adjectives/78. long/MVI_5107.pkl,data/processed/landmarks/include50/LONG/03933e55e7b8.npz,71,0.0,0.0,0.9577,1.0,,train
f293689dae7b,LONG,include50,video,,include:clip:f293689dae7b,data/external/include_pose/INCLUDE/Pose_Signs/Adjectives/78. long/MVI_9298.pkl,data/processed/landmarks/include50/LONG/f293689dae7b.npz,53,0.0,0.0,0.9434,1.0,,train
f245a1685a60,LONG,include50,video,,include:clip:f245a1685a60,data/external/include_pose/INCLUDE/Pose_Signs/Adjectives/78. long/MVI_5267.pkl,data/processed/landmarks/include50/LONG/f245a1685a60.npz,62,0.0,0.0,1.0,1.0,,train
533146bbe534,LONG,include50,video,,include:clip:533146bbe534,data/external/include_pose/INCLUDE/Pose_Signs/Adjectives/78. long/MVI_9460.pkl,data/processed/landmarks/include50/LONG/533146bbe534.npz,52,0.0,0.0,0.9038,1.0,,train
3a0ab04178a3,LONG,include50,video,,include:clip:3a0ab04178a3,data/external/include_pose/INCLUDE/Pose_Signs/Adjectives/78. long/MVI_5266.pkl,data/processed/landmarks/include50/LONG/3a0ab04178a3.npz,69,0.0,0.0,0.971,1.0,,train
ef0be566fe30,LONG,include50,video,,include:clip:ef0be566fe30,data/external/include_pose/INCLUDE/Pose_Signs/Adjectives/78. long/MVI_9299.pkl,data/processed/landmarks/include50/LONG/ef0be566fe30.npz,50,0.0,0.0,0.88,1.0,,train
0273e00f4700,LONG,include50,video,,include:clip:0273e00f4700,data/external/include_pose/INCLUDE/Pose_Signs/Adjectives/78. long/MVI_9458.pkl,data/processed/landmarks/include50/LONG/0273e00f4700.npz,56,0.0,0.0,0.8571,1.0,,train
2a0e93d3843e,LONG,include50,video,,include:clip:2a0e93d3843e,data/external/include_pose/INCLUDE/Pose_Signs/Adjectives/78. long/MVI_9459.pkl,data/processed/landmarks/include50/LONG/2a0e93d3843e.npz,51,0.0,0.0,0.8824,1.0,,train
d2a1a064deea,LONG,include50,video,,include:clip:d2a1a064deea,data/external/include_pose/INCLUDE/Pose_Signs/Adjectives/78. long/MVI_5188.pkl,data/processed/landmarks/include50/LONG/d2a1a064deea.npz,51,0.0,0.0,1.0,1.0,,train
469e78917230,SHORT,include50,video,,include:clip:469e78917230,data/external/include_pose/INCLUDE/Pose_Signs/Adjectives/79. short/MVI_5190.pkl,data/processed/landmarks/include50/SHORT/469e78917230.npz,56,0.0,0.0,1.0,1.0,,train
0be0bc5dbd96,SHORT,include50,video,,include:clip:0be0bc5dbd96,data/external/include_pose/INCLUDE/Pose_Signs/Adjectives/79. short/MVI_9382.pkl,data/processed/landmarks/include50/SHORT/0be0bc5dbd96.npz,45,0.0,0.0,0.9556,1.0,,train
c834704d82c4,SHORT,include50,video,,include:clip:c834704d82c4,data/external/include_pose/INCLUDE/Pose_Signs/Adjectives/79. short/MVI_9221.pkl,data/processed/landmarks/include50/SHORT/c834704d82c4.npz,44,0.0,0.0,0.8636,1.0,,train
7a6032c6d4e2,SHORT,include50,video,,include:clip:7a6032c6d4e2,data/external/include_pose/INCLUDE/Pose_Signs/Adjectives/79. short/MVI_9380.pkl,data/processed/landmarks/include50/SHORT/7a6032c6d4e2.npz,53,0.0,0.0,0.9245,1.0,,train
0a64e841bb4d,SHORT,include50,video,,include:clip:0a64e841bb4d,data/external/include_pose/INCLUDE/Pose_Signs/Adjectives/79. short/MVI_9381.pkl,data/processed/landmarks/include50/SHORT/0a64e841bb4d.npz,47,0.0,0.0,0.8723,1.0,,train
9bdcc8f4bc67,SHORT,include50,video,,include:clip:9bdcc8f4bc67,data/external/include_pose/INCLUDE/Pose_Signs/Adjectives/79. short/MVI_5112.pkl,data/processed/landmarks/include50/SHORT/9bdcc8f4bc67.npz,61,0.0,0.0,0.9672,1.0,,train
87700b2f4dc7,SHORT,include50,video,,include:clip:87700b2f4dc7,data/external/include_pose/INCLUDE/Pose_Signs/Adjectives/79. short/MVI_5270.pkl,data/processed/landmarks/include50/SHORT/87700b2f4dc7.npz,51,0.0,0.0,0.9216,1.0,,train
ed333c754054,SHORT,include50,video,,include:clip:ed333c754054,data/external/include_pose/INCLUDE/Pose_Signs/Adjectives/79. short/MVI_9463.pkl,data/processed/landmarks/include50/SHORT/ed333c754054.npz,56,0.0,0.0,0.9107,1.0,,train
9115db2ef035,SHORT,include50,video,,include:clip:9115db2ef035,data/external/include_pose/INCLUDE/Pose_Signs/Adjectives/79. short/MVI_5111.pkl,data/processed/landmarks/include50/SHORT/9115db2ef035.npz,68,0.0,0.0,0.9412,1.0,,train
86e9e1575caf,SHORT,include50,video,,include:clip:86e9e1575caf,data/external/include_pose/INCLUDE/Pose_Signs/Adjectives/79. short/MVI_5110.pkl,data/processed/landmarks/include50/SHORT/86e9e1575caf.npz,62,0.0,0.0,0.9516,1.0,,train
d2e4e30e6c89,SHORT,include50,video,,include:clip:d2e4e30e6c89,data/external/include_pose/INCLUDE/Pose_Signs/Adjectives/79. short/extra/MVI_5192.pkl,data/processed/landmarks/include50/SHORT/d2e4e30e6c89.npz,59,0.0,0.0,0.9492,1.0,,train
efa620a2f465,SHORT,include50,video,,include:clip:efa620a2f465,data/external/include_pose/INCLUDE/Pose_Signs/Adjectives/79. short/MVI_9302.pkl,data/processed/landmarks/include50/SHORT/efa620a2f465.npz,44,0.0,0.0,0.9091,1.0,,train
98f115d23c9f,SHORT,include50,video,,include:clip:98f115d23c9f,data/external/include_pose/INCLUDE/Pose_Signs/Adjectives/79. short/MVI_9301.pkl,data/processed/landmarks/include50/SHORT/98f115d23c9f.npz,49,0.0,0.0,0.8571,1.0,,train
629d3721f665,SHORT,include50,video,,include:clip:629d3721f665,data/external/include_pose/INCLUDE/Pose_Signs/Adjectives/79. short/MVI_5189.pkl,data/processed/landmarks/include50/SHORT/629d3721f665.npz,57,0.0,0.0,0.9649,1.0,,train
37e6cb54d795,BIG_LARGE,include50,video,,include:clip:37e6cb54d795,data/external/include_pose/INCLUDE/Pose_Signs/Adjectives/83. big large/MVI_9233.pkl,data/processed/landmarks/include50/BIG_LARGE/37e6cb54d795.npz,48,0.0,0.0,0.75,1.0,,train
b2f3b5ed9c78,BIG_LARGE,include50,video,,include:clip:b2f3b5ed9c78,data/external/include_pose/INCLUDE/Pose_Signs/Adjectives/83. big large/MVI_9234.pkl,data/processed/landmarks/include50/BIG_LARGE/b2f3b5ed9c78.npz,47,0.0,0.0,0.8085,1.0,,train
2868a10f61b7,BIG_LARGE,include50,video,,include:clip:2868a10f61b7,data/external/include_pose/INCLUDE/Pose_Signs/Adjectives/83. big large/MVI_9396.pkl,data/processed/landmarks/include50/BIG_LARGE/2868a10f61b7.npz,56,0.0,0.0,0.8929,1.0,,train
6f8dfdb24f06,BIG_LARGE,include50,video,,include:clip:6f8dfdb24f06,data/external/include_pose/INCLUDE/Pose_Signs/Adjectives/83. big large/MVI_9235.pkl,data/processed/landmarks/include50/BIG_LARGE/6f8dfdb24f06.npz,46,0.0,0.0,0.6957,1.0,,train
a1735a2aa3bf,BIG_LARGE,include50,video,,include:clip:a1735a2aa3bf,data/external/include_pose/INCLUDE/Pose_Signs/Adjectives/83. big large/MVI_9394.pkl,data/processed/landmarks/include50/BIG_LARGE/a1735a2aa3bf.npz,59,0.0,0.0,0.8983,1.0,,train
0c544a94d256,BIG_LARGE,include50,video,,include:clip:0c544a94d256,data/external/include_pose/INCLUDE/Pose_Signs/Adjectives/83. big large/MVI_9318.pkl,data/processed/landmarks/include50/BIG_LARGE/0c544a94d256.npz,49,0.0,0.0,0.8776,1.0,,train
7d21f08d4a26,BIG_LARGE,include50,video,,include:clip:7d21f08d4a26,data/external/include_pose/INCLUDE/Pose_Signs/Adjectives/83. big large/MVI_5124.pkl,data/processed/landmarks/include50/BIG_LARGE/7d21f08d4a26.npz,61,0.0,0.0,0.9508,1.0,,train
e8803bef3e89,BIG_LARGE,include50,video,,include:clip:e8803bef3e89,data/external/include_pose/INCLUDE/Pose_Signs/Adjectives/83. big large/MVI_5285.pkl,data/processed/landmarks/include50/BIG_LARGE/e8803bef3e89.npz,51,0.0,0.0,0.8431,1.0,,train
bc3e3af0f089,BIG_LARGE,include50,video,,include:clip:bc3e3af0f089,data/external/include_pose/INCLUDE/Pose_Signs/Adjectives/83. big large/MVI_5284.pkl,data/processed/landmarks/include50/BIG_LARGE/bc3e3af0f089.npz,55,0.0,0.0,0.9091,1.0,,train
f6cb7d906ec6,BIG_LARGE,include50,video,,include:clip:f6cb7d906ec6,data/external/include_pose/INCLUDE/Pose_Signs/Adjectives/83. big large/MVI_5125.pkl,data/processed/landmarks/include50/BIG_LARGE/f6cb7d906ec6.npz,71,0.0,0.0,0.9437,1.0,,train
b141b1eba7fe,BIG_LARGE,include50,video,,include:clip:b141b1eba7fe,data/external/include_pose/INCLUDE/Pose_Signs/Adjectives/83. big large/MVI_5123.pkl,data/processed/landmarks/include50/BIG_LARGE/b141b1eba7fe.npz,54,0.0,0.0,0.9259,1.0,,train
f113cf0c147d,BIG_LARGE,include50,video,,include:clip:f113cf0c147d,data/external/include_pose/INCLUDE/Pose_Signs/Adjectives/83. big large/MVI_9477.pkl,data/processed/landmarks/include50/BIG_LARGE/f113cf0c147d.npz,56,0.0,0.0,0.8929,1.0,,train
6bed3b9e88f6,BIG_LARGE,include50,video,,include:clip:6bed3b9e88f6,data/external/include_pose/INCLUDE/Pose_Signs/Adjectives/83. big large/MVI_9317.pkl,data/processed/landmarks/include50/BIG_LARGE/6bed3b9e88f6.npz,48,0.0,0.0,0.7917,1.0,,train
951c6d794d08,BIG_LARGE,include50,video,,include:clip:951c6d794d08,data/external/include_pose/INCLUDE/Pose_Signs/Adjectives/83. big large/MVI_5204.pkl,data/processed/landmarks/include50/BIG_LARGE/951c6d794d08.npz,70,0.0,0.0,0.9143,1.0,,train
ce57ba9e103e,BIG_LARGE,include50,video,,include:clip:ce57ba9e103e,data/external/include_pose/INCLUDE/Pose_Signs/Adjectives/83. big large/MVI_5205.pkl,data/processed/landmarks/include50/BIG_LARGE/ce57ba9e103e.npz,66,0.0,0.0,0.8788,1.0,,train
39c474af04bf,SMALL_LITTLE,include50,video,,include:clip:39c474af04bf,data/external/include_pose/INCLUDE/Pose_Signs/Adjectives/84. small little/MVI_5208.pkl,data/processed/landmarks/include50/SMALL_LITTLE/39c474af04bf.npz,58,0.0,0.0,0.8966,1.0,,train
e20c1411023f,SMALL_LITTLE,include50,video,,include:clip:e20c1411023f,data/external/include_pose/INCLUDE/Pose_Signs/Adjectives/84. small little/MVI_9237.pkl,data/processed/landmarks/include50/SMALL_LITTLE/e20c1411023f.npz,52,0.0,0.0,0.9231,1.0,,train
d3aa3e0710bf,SMALL_LITTLE,include50,video,,include:clip:d3aa3e0710bf,data/external/include_pose/INCLUDE/Pose_Signs/Adjectives/84. small little/MVI_9236.pkl,data/processed/landmarks/include50/SMALL_LITTLE/d3aa3e0710bf.npz,44,0.0,0.0,0.9318,1.0,,train
ff661781aa3f,SMALL_LITTLE,include50,video,,include:clip:ff661781aa3f,data/external/include_pose/INCLUDE/Pose_Signs/Adjectives/84. small little/MVI_9319.pkl,data/processed/landmarks/include50/SMALL_LITTLE/ff661781aa3f.npz,51,0.0,0.0,0.902,1.0,,train
bd130ec49f22,SMALL_LITTLE,include50,video,,include:clip:bd130ec49f22,data/external/include_pose/INCLUDE/Pose_Signs/Adjectives/84. small little/MVI_5286.pkl,data/processed/landmarks/include50/SMALL_LITTLE/bd130ec49f22.npz,52,0.0,0.0,0.9615,1.0,,train
fde2c6b6b1df,SMALL_LITTLE,include50,video,,include:clip:fde2c6b6b1df,data/external/include_pose/INCLUDE/Pose_Signs/Adjectives/84. small little/MVI_9480.pkl,data/processed/landmarks/include50/SMALL_LITTLE/fde2c6b6b1df.npz,55,0.0,0.0,0.9455,1.0,,train
83d97c6cd83c,SMALL_LITTLE,include50,video,,include:clip:83d97c6cd83c,data/external/include_pose/INCLUDE/Pose_Signs/Adjectives/84. small little/MVI_5126.pkl,data/processed/landmarks/include50/SMALL_LITTLE/83d97c6cd83c.npz,83,0.0,0.0,0.9518,1.0,,train
851dbd6661b8,SMALL_LITTLE,include50,video,,include:clip:851dbd6661b8,data/external/include_pose/INCLUDE/Pose_Signs/Adjectives/84. small little/MVI_9479.pkl,data/processed/landmarks/include50/SMALL_LITTLE/851dbd6661b8.npz,52,0.0,0.0,0.9231,1.0,,train
70c2a0a76ff3,SMALL_LITTLE,include50,video,,include:clip:70c2a0a76ff3,data/external/include_pose/INCLUDE/Pose_Signs/Adjectives/84. small little/MVI_9478.pkl,data/processed/landmarks/include50/SMALL_LITTLE/70c2a0a76ff3.npz,54,0.0,0.0,0.9074,1.0,,train
d912841640f7,SMALL_LITTLE,include50,video,,include:clip:d912841640f7,data/external/include_pose/INCLUDE/Pose_Signs/Adjectives/84. small little/MVI_9321.pkl,data/processed/landmarks/include50/SMALL_LITTLE/d912841640f7.npz,54,0.0,0.0,0.8704,1.0,,train
12bbfd9ad90e,SMALL_LITTLE,include50,video,,include:clip:12bbfd9ad90e,data/external/include_pose/INCLUDE/Pose_Signs/Adjectives/84. small little/extra/MVI_5209.pkl,data/processed/landmarks/include50/SMALL_LITTLE/12bbfd9ad90e.npz,68,0.0,0.0,0.9559,1.0,,train
ea67ab6d8855,SMALL_LITTLE,include50,video,,include:clip:ea67ab6d8855,data/external/include_pose/INCLUDE/Pose_Signs/Adjectives/84. small little/MVI_5128.pkl,data/processed/landmarks/include50/SMALL_LITTLE/ea67ab6d8855.npz,62,0.0,0.0,0.9516,1.0,,train
d8f3a8ceb431,SMALL_LITTLE,include50,video,,include:clip:d8f3a8ceb431,data/external/include_pose/INCLUDE/Pose_Signs/Adjectives/84. small little/MVI_5288.pkl,data/processed/landmarks/include50/SMALL_LITTLE/d8f3a8ceb431.npz,38,0.0,0.0,0.9211,1.0,,train
0ca565145727,SMALL_LITTLE,include50,video,,include:clip:0ca565145727,data/external/include_pose/INCLUDE/Pose_Signs/Adjectives/84. small little/MVI_9398.pkl,data/processed/landmarks/include50/SMALL_LITTLE/0ca565145727.npz,50,0.0,0.0,0.94,1.0,,train
0615b222fd1c,SMALL_LITTLE,include50,video,,include:clip:0615b222fd1c,data/external/include_pose/INCLUDE/Pose_Signs/Adjectives/84. small little/MVI_9238.pkl,data/processed/landmarks/include50/SMALL_LITTLE/0615b222fd1c.npz,51,0.0,0.0,0.9216,1.0,,train
7b10b305f901,HOT,include50,video,,include:clip:7b10b305f901,data/external/include_pose/INCLUDE/Pose_Signs/Adjectives/87. hot/MVI_5218.pkl,data/processed/landmarks/include50/HOT/7b10b305f901.npz,66,0.0,0.0,0.9545,1.0,,train
5f4e2259e379,HOT,include50,video,,include:clip:5f4e2259e379,data/external/include_pose/INCLUDE/Pose_Signs/Adjectives/87. hot/MVI_9330.pkl,data/processed/landmarks/include50/HOT/5f4e2259e379.npz,50,0.0,0.0,0.78,1.0,,train
f544698827de,HOT,include50,video,,include:clip:f544698827de,data/external/include_pose/INCLUDE/Pose_Signs/Adjectives/87. hot/MVI_9247.pkl,data/processed/landmarks/include50/HOT/f544698827de.npz,55,0.0,0.0,0.8,1.0,,train
953159390d1d,HOT,include50,video,,include:clip:953159390d1d,data/external/include_pose/INCLUDE/Pose_Signs/Adjectives/87. hot/MVI_5295.pkl,data/processed/landmarks/include50/HOT/953159390d1d.npz,56,0.0,0.0,0.9643,1.0,,train
34f48f331cad,HOT,include50,video,,include:clip:34f48f331cad,data/external/include_pose/INCLUDE/Pose_Signs/Adjectives/87. hot/MVI_5136.pkl,data/processed/landmarks/include50/HOT/34f48f331cad.npz,71,0.0,0.0,0.9577,1.0,,train
8b88071db2a1,HOT,include50,video,,include:clip:8b88071db2a1,data/external/include_pose/INCLUDE/Pose_Signs/Adjectives/87. hot/MVI_5297.pkl,data/processed/landmarks/include50/HOT/8b88071db2a1.npz,55,0.0,0.0,0.9636,1.0,,train
1b201283078e,HOT,include50,video,,include:clip:1b201283078e,data/external/include_pose/INCLUDE/Pose_Signs/Adjectives/87. hot/MVI_5296.pkl,data/processed/landmarks/include50/HOT/1b201283078e.npz,56,0.0,0.0,0.9464,1.0,,train
6392c87cd3e0,HOT,include50,video,,include:clip:6392c87cd3e0,data/external/include_pose/INCLUDE/Pose_Signs/Adjectives/87. hot/MVI_9488.pkl,data/processed/landmarks/include50/HOT/6392c87cd3e0.npz,65,0.0,0.0,1.0,1.0,,train
2bbcac2dd296,HOT,include50,video,,include:clip:2bbcac2dd296,data/external/include_pose/INCLUDE/Pose_Signs/Adjectives/87. hot/MVI_5138.pkl,data/processed/landmarks/include50/HOT/2bbcac2dd296.npz,49,0.0,0.0,0.9796,1.0,,train
99a09b1cfd69,HOT,include50,video,,include:clip:99a09b1cfd69,data/external/include_pose/INCLUDE/Pose_Signs/Adjectives/87. hot/MVI_9249.pkl,data/processed/landmarks/include50/HOT/99a09b1cfd69.npz,48,0.0,0.0,0.875,1.0,,train
0524f5c6fffb,HOT,include50,video,,include:clip:0524f5c6fffb,data/external/include_pose/INCLUDE/Pose_Signs/Adjectives/87. hot/MVI_9328.pkl,data/processed/landmarks/include50/HOT/0524f5c6fffb.npz,52,0.0,0.0,0.8269,1.0,,train
c64f159baae2,HOT,include50,video,,include:clip:c64f159baae2,data/external/include_pose/INCLUDE/Pose_Signs/Adjectives/87. hot/MVI_9410.pkl,data/processed/landmarks/include50/HOT/c64f159baae2.npz,56,0.0,0.0,0.9286,1.0,,train
78440f881174,HOT,include50,video,,include:clip:78440f881174,data/external/include_pose/INCLUDE/Pose_Signs/Adjectives/87. hot/MVI_5217.pkl,data/processed/landmarks/include50/HOT/78440f881174.npz,66,0.0,0.0,0.9697,1.0,,train
e1a39ce2b71a,NEW,include50,video,,include:clip:e1a39ce2b71a,data/external/include_pose/INCLUDE/Pose_Signs/Adjectives/91. new/MVI_9421.pkl,data/processed/landmarks/include50/NEW/e1a39ce2b71a.npz,63,0.0,0.0,1.0,1.0,,train
550807a02a8a,NEW,include50,video,,include:clip:550807a02a8a,data/external/include_pose/INCLUDE/Pose_Signs/Adjectives/91. new/MVI_5151.pkl,data/processed/landmarks/include50/NEW/550807a02a8a.npz,59,0.0,0.0,1.0,1.0,,train
6708e757d915,NEW,include50,video,,include:clip:6708e757d915,data/external/include_pose/INCLUDE/Pose_Signs/Adjectives/91. new/MVI_9423.pkl,data/processed/landmarks/include50/NEW/6708e757d915.npz,49,0.0,0.0,1.0,1.0,,train
07526318d42f,NEW,include50,video,,include:clip:07526318d42f,data/external/include_pose/INCLUDE/Pose_Signs/Adjectives/91. new/MVI_9422.pkl,data/processed/landmarks/include50/NEW/07526318d42f.npz,47,0.0,0.0,1.0,1.0,,train
9acef749ee7e,NEW,include50,video,,include:clip:9acef749ee7e,data/external/include_pose/INCLUDE/Pose_Signs/Adjectives/91. new/MVI_9340.pkl,data/processed/landmarks/include50/NEW/9acef749ee7e.npz,49,0.0,0.0,1.0,1.0,,train
f85e48a4d8e0,NEW,include50,video,,include:clip:f85e48a4d8e0,data/external/include_pose/INCLUDE/Pose_Signs/Adjectives/91. new/MVI_9341.pkl,data/processed/landmarks/include50/NEW/f85e48a4d8e0.npz,49,0.0,0.0,1.0,1.0,,train
bc3a05f41948,NEW,include50,video,,include:clip:bc3a05f41948,data/external/include_pose/INCLUDE/Pose_Signs/Adjectives/91. new/MVI_9342.pkl,data/processed/landmarks/include50/NEW/bc3a05f41948.npz,47,0.0,0.0,1.0,1.0,,train
d7e94f4605cf,NEW,include50,video,,include:clip:d7e94f4605cf,data/external/include_pose/INCLUDE/Pose_Signs/Adjectives/91. new/MVI_5308.pkl,data/processed/landmarks/include50/NEW/d7e94f4605cf.npz,42,0.0,0.0,1.0,1.0,,train
4c920298eb80,NEW,include50,video,,include:clip:4c920298eb80,data/external/include_pose/INCLUDE/Pose_Signs/Adjectives/91. new/MVI_9502.pkl,data/processed/landmarks/include50/NEW/4c920298eb80.npz,52,0.0,0.0,1.0,1.0,,train
4a4b0033e8c2,NEW,include50,video,,include:clip:4a4b0033e8c2,data/external/include_pose/INCLUDE/Pose_Signs/Adjectives/91. new/MVI_9259.pkl,data/processed/landmarks/include50/NEW/4a4b0033e8c2.npz,46,0.0,0.0,1.0,1.0,,train
dde1b36451b1,NEW,include50,video,,include:clip:dde1b36451b1,data/external/include_pose/INCLUDE/Pose_Signs/Adjectives/91. new/MVI_5307.pkl,data/processed/landmarks/include50/NEW/dde1b36451b1.npz,39,0.0,0.0,1.0,1.0,,train
1c137e3cca88,NEW,include50,video,,include:clip:1c137e3cca88,data/external/include_pose/INCLUDE/Pose_Signs/Adjectives/91. new/MVI_9500.pkl,data/processed/landmarks/include50/NEW/1c137e3cca88.npz,56,0.0,0.0,1.0,1.0,,train
eb8b203f504f,NEW,include50,video,,include:clip:eb8b203f504f,data/external/include_pose/INCLUDE/Pose_Signs/Adjectives/91. new/MVI_9261.pkl,data/processed/landmarks/include50/NEW/eb8b203f504f.npz,49,0.0,0.0,1.0,1.0,,train
24dfd8f7c04c,NEW,include50,video,,include:clip:24dfd8f7c04c,data/external/include_pose/INCLUDE/Pose_Signs/Adjectives/91. new/MVI_9260.pkl,data/processed/landmarks/include50/NEW/24dfd8f7c04c.npz,49,0.0,0.0,1.0,1.0,,train
9405b13a65d7,NEW,include50,video,,include:clip:9405b13a65d7,data/external/include_pose/INCLUDE/Pose_Signs/Adjectives/91. new/MVI_5229.pkl,data/processed/landmarks/include50/NEW/9405b13a65d7.npz,54,0.0,0.0,1.0,1.0,,train
c89314f191da,DRY,include50,video,,include:clip:c89314f191da,data/external/include_pose/INCLUDE/Pose_Signs/Adjectives/97. dry/MVI_5169.pkl,data/processed/landmarks/include50/DRY/c89314f191da.npz,82,0.0,0.0,0.9878,1.0,,train
5a3e56bc6a28,DRY,include50,video,,include:clip:5a3e56bc6a28,data/external/include_pose/INCLUDE/Pose_Signs/Adjectives/97. dry/MVI_5168.pkl,data/processed/landmarks/include50/DRY/5a3e56bc6a28.npz,80,0.0,0.0,1.0,1.0,,train
c893a8d1a002,DRY,include50,video,,include:clip:c893a8d1a002,data/external/include_pose/INCLUDE/Pose_Signs/Adjectives/97. dry/MVI_9279.pkl,data/processed/landmarks/include50/DRY/c893a8d1a002.npz,56,0.0,0.0,0.8571,1.0,,train
e3b8513adce5,DRY,include50,video,,include:clip:e3b8513adce5,data/external/include_pose/INCLUDE/Pose_Signs/Adjectives/97. dry/MVI_9523.pkl,data/processed/landmarks/include50/DRY/e3b8513adce5.npz,66,0.0,0.0,0.9697,1.0,,train
33364d0ba5e7,DRY,include50,video,,include:clip:33364d0ba5e7,data/external/include_pose/INCLUDE/Pose_Signs/Adjectives/97. dry/MVI_5250.pkl,data/processed/landmarks/include50/DRY/33364d0ba5e7.npz,67,0.0,0.0,0.9552,1.0,,train
d40213ae008d,DRY,include50,video,,include:clip:d40213ae008d,data/external/include_pose/INCLUDE/Pose_Signs/Adjectives/97. dry/MVI_9278.pkl,data/processed/landmarks/include50/DRY/d40213ae008d.npz,62,0.0,0.0,0.9032,1.0,,train
9f969c4baa24,DRY,include50,video,,include:clip:9f969c4baa24,data/external/include_pose/INCLUDE/Pose_Signs/Adjectives/97. dry/MVI_5326.pkl,data/processed/landmarks/include50/DRY/9f969c4baa24.npz,60,0.0,0.0,0.9667,1.0,,train
63e092c146c1,DRY,include50,video,,include:clip:63e092c146c1,data/external/include_pose/INCLUDE/Pose_Signs/Adjectives/97. dry/MVI_9440.pkl,data/processed/landmarks/include50/DRY/63e092c146c1.npz,58,0.0,0.0,0.9138,1.0,,train
500ab7ffe6fc,DRY,include50,video,,include:clip:500ab7ffe6fc,data/external/include_pose/INCLUDE/Pose_Signs/Adjectives/97. dry/MVI_9441.pkl,data/processed/landmarks/include50/DRY/500ab7ffe6fc.npz,57,0.0,0.0,0.9298,1.0,,train
98fe9e10ca93,DRY,include50,video,,include:clip:98fe9e10ca93,data/external/include_pose/INCLUDE/Pose_Signs/Adjectives/97. dry/MVI_9521.pkl,data/processed/landmarks/include50/DRY/98fe9e10ca93.npz,63,0.0,0.0,0.9524,1.0,,train
179206409278,DRY,include50,video,,include:clip:179206409278,data/external/include_pose/INCLUDE/Pose_Signs/Adjectives/97. dry/MVI_9277.pkl,data/processed/landmarks/include50/DRY/179206409278.npz,57,0.0,0.0,0.8421,1.0,,train
bbe9986eaf59,DRY,include50,video,,include:clip:bbe9986eaf59,data/external/include_pose/INCLUDE/Pose_Signs/Adjectives/97. dry/MVI_5249.pkl,data/processed/landmarks/include50/DRY/bbe9986eaf59.npz,67,0.0,0.0,0.9403,1.0,,train
bcaffbed4be2,DRY,include50,video,,include:clip:bcaffbed4be2,data/external/include_pose/INCLUDE/Pose_Signs/Adjectives/97. dry/MVI_5248.pkl,data/processed/landmarks/include50/DRY/bcaffbed4be2.npz,58,0.0,0.0,0.9828,1.0,,train
df013d239169,DRY,include50,video,,include:clip:df013d239169,data/external/include_pose/INCLUDE/Pose_Signs/Adjectives/97. dry/MVI_5328.pkl,data/processed/landmarks/include50/DRY/df013d239169.npz,55,0.0,0.0,0.9636,1.0,,train
b7edb804c516,DRY,include50,video,,include:clip:b7edb804c516,data/external/include_pose/INCLUDE/Pose_Signs/Adjectives/97. dry/MVI_9359.pkl,data/processed/landmarks/include50/DRY/b7edb804c516.npz,55,0.0,0.0,0.9455,1.0,,train
c17be25a0d98,DRY,include50,video,,include:clip:c17be25a0d98,data/external/include_pose/INCLUDE/Pose_Signs/Adjectives/97. dry/MVI_9361.pkl,data/processed/landmarks/include50/DRY/c17be25a0d98.npz,53,0.0,0.0,0.9434,1.0,,train
f3106a4cf706,DRY,include50,video,,include:clip:f3106a4cf706,data/external/include_pose/INCLUDE/Pose_Signs/Adjectives/97. dry/MVI_9360.pkl,data/processed/landmarks/include50/DRY/f3106a4cf706.npz,53,0.0,0.0,0.9245,1.0,,train
c29c7067c0fa,DRY,include50,video,,include:clip:c29c7067c0fa,data/external/include_pose/INCLUDE/Pose_Signs/Adjectives/97. dry/MVI_9439.pkl,data/processed/landmarks/include50/DRY/c29c7067c0fa.npz,63,0.0,0.0,0.9683,1.0,,train
798a2fbd074f,GOOD,include50,video,,include:clip:798a2fbd074f,data/external/include_pose/INCLUDE/Pose_Signs/Adjectives/94. good/MVI_9350.pkl,data/processed/landmarks/include50/GOOD/798a2fbd074f.npz,45,0.0,0.0,1.0,1.0,,train
2a26510a18ad,GOOD,include50,video,,include:clip:2a26510a18ad,data/external/include_pose/INCLUDE/Pose_Signs/Adjectives/94. good/MVI_9432.pkl,data/processed/landmarks/include50/GOOD/2a26510a18ad.npz,59,0.0,0.0,1.0,1.0,,train
acc2cb34daae,GOOD,include50,video,,include:clip:acc2cb34daae,data/external/include_pose/INCLUDE/Pose_Signs/Adjectives/94. good/MVI_9431.pkl,data/processed/landmarks/include50/GOOD/acc2cb34daae.npz,59,0.0,0.0,1.0,1.0,,train
27749765a3c6,GOOD,include50,video,,include:clip:27749765a3c6,data/external/include_pose/INCLUDE/Pose_Signs/Adjectives/94. good/MVI_5318.pkl,data/processed/landmarks/include50/GOOD/27749765a3c6.npz,44,0.0,0.0,1.0,1.0,,train
dd1e89404315,GOOD,include50,video,,include:clip:dd1e89404315,data/external/include_pose/INCLUDE/Pose_Signs/Adjectives/94. good/MVI_9268.pkl,data/processed/landmarks/include50/GOOD/dd1e89404315.npz,46,0.0,0.0,1.0,1.0,,train
e5ae4baa5dfa,GOOD,include50,video,,include:clip:e5ae4baa5dfa,data/external/include_pose/INCLUDE/Pose_Signs/Adjectives/94. good/MVI_9269.pkl,data/processed/landmarks/include50/GOOD/e5ae4baa5dfa.npz,48,0.0,0.0,1.0,1.0,,train
6af4f481bb6a,GOOD,include50,video,,include:clip:6af4f481bb6a,data/external/include_pose/INCLUDE/Pose_Signs/Adjectives/94. good/MVI_9270.pkl,data/processed/landmarks/include50/GOOD/6af4f481bb6a.npz,46,0.0,0.0,1.0,1.0,,train
02b8e1248b9a,GOOD,include50,video,,include:clip:02b8e1248b9a,data/external/include_pose/INCLUDE/Pose_Signs/Adjectives/94. good/MVI_5316.pkl,data/processed/landmarks/include50/GOOD/02b8e1248b9a.npz,46,0.0,0.0,1.0,1.0,,train
84c7ee74ba78,GOOD,include50,video,,include:clip:84c7ee74ba78,data/external/include_pose/INCLUDE/Pose_Signs/Adjectives/94. good/MVI_5317.pkl,data/processed/landmarks/include50/GOOD/84c7ee74ba78.npz,49,0.0,0.0,1.0,1.0,,train
e4b7a0f9c7f9,GOOD,include50,video,,include:clip:e4b7a0f9c7f9,data/external/include_pose/INCLUDE/Pose_Signs/Adjectives/94. good/MVI_9511.pkl,data/processed/landmarks/include50/GOOD/e4b7a0f9c7f9.npz,56,0.0,0.0,1.0,1.0,,train
2b2856d14df7,GOOD,include50,video,,include:clip:2b2856d14df7,data/external/include_pose/INCLUDE/Pose_Signs/Adjectives/94. good/MVI_9512.pkl,data/processed/landmarks/include50/GOOD/2b2856d14df7.npz,50,0.0,0.0,1.0,1.0,,train
ce743588da79,GOOD,include50,video,,include:clip:ce743588da79,data/external/include_pose/INCLUDE/Pose_Signs/Adjectives/94. good/MVI_5159.pkl,data/processed/landmarks/include50/GOOD/ce743588da79.npz,63,0.0,0.0,1.0,1.0,,train
5459b39bae16,GOOD,include50,video,,include:clip:5459b39bae16,data/external/include_pose/INCLUDE/Pose_Signs/Adjectives/94. good/MVI_5238.pkl,data/processed/landmarks/include50/GOOD/5459b39bae16.npz,49,0.0,0.0,1.0,1.0,,train
398d89d4ebe4,GOOD,include50,video,,include:clip:398d89d4ebe4,data/external/include_pose/INCLUDE/Pose_Signs/Adjectives/94. good/MVI_9349.pkl,data/processed/landmarks/include50/GOOD/398d89d4ebe4.npz,41,0.0,0.0,1.0,1.0,,train
ea2612c5d714,GOOD,include50,video,,include:clip:ea2612c5d714,data/external/include_pose/INCLUDE/Pose_Signs/Adjectives/94. good/MVI_5160.pkl,data/processed/landmarks/include50/GOOD/ea2612c5d714.npz,62,0.0,0.0,1.0,1.0,,train
3cf07d2f26ff,COW,include50,video,,include:clip:3cf07d2f26ff,data/external/include_pose/INCLUDE/Pose_Signs/Animals/5. Cow/MVI_2992.pkl,data/processed/landmarks/include50/COW/3cf07d2f26ff.npz,91,0.0,0.0,0.9451,1.0,,train
b3390e2f785b,COW,include50,video,,include:clip:b3390e2f785b,data/external/include_pose/INCLUDE/Pose_Signs/Animals/5. Cow/MVI_3046.pkl,data/processed/landmarks/include50/COW/b3390e2f785b.npz,78,0.0,0.0,0.9103,1.0,,train
0864e4d1b7c4,COW,include50,video,,include:clip:0864e4d1b7c4,data/external/include_pose/INCLUDE/Pose_Signs/Animals/5. Cow/MVI_2990.pkl,data/processed/landmarks/include50/COW/0864e4d1b7c4.npz,73,0.0,0.0,0.8767,1.0,,train
6356019c531e,COW,include50,video,,include:clip:6356019c531e,data/external/include_pose/INCLUDE/Pose_Signs/Animals/5. Cow/MVI_2991.pkl,data/processed/landmarks/include50/COW/6356019c531e.npz,65,0.0,0.0,0.8923,1.0,,train
66775441e811,COW,include50,video,,include:clip:66775441e811,data/external/include_pose/INCLUDE/Pose_Signs/Animals/5. Cow/MVI_3047.pkl,data/processed/landmarks/include50/COW/66775441e811.npz,109,0.0,0.0,0.9358,1.0,,train
0106bf68a913,COW,include50,video,,include:clip:0106bf68a913,data/external/include_pose/INCLUDE/Pose_Signs/Animals/5. Cow/MVI_3097.pkl,data/processed/landmarks/include50/COW/0106bf68a913.npz,76,0.0,0.0,0.8553,1.0,,train
e1debb3f2682,COW,include50,video,,include:clip:e1debb3f2682,data/external/include_pose/INCLUDE/Pose_Signs/Animals/5. Cow/MVI_8570.pkl,data/processed/landmarks/include50/COW/e1debb3f2682.npz,75,0.0,0.0,0.5733,1.0,,train
d250d6882065,COW,include50,video,,include:clip:d250d6882065,data/external/include_pose/INCLUDE/Pose_Signs/Animals/5. Cow/MVI_4158.pkl,data/processed/landmarks/include50/COW/d250d6882065.npz,59,0.0,0.0,0.8644,1.0,,train
63277832393e,COW,include50,video,,include:clip:63277832393e,data/external/include_pose/INCLUDE/Pose_Signs/Animals/5. Cow/MVI_4159.pkl,data/processed/landmarks/include50/COW/63277832393e.npz,50,0.0,0.0,0.9,1.0,,train
3ebb79e0afb5,COW,include50,video,,include:clip:3ebb79e0afb5,data/external/include_pose/INCLUDE/Pose_Signs/Animals/5. Cow/MVI_4160.pkl,data/processed/landmarks/include50/COW/3ebb79e0afb5.npz,57,0.0,0.0,0.8947,1.0,,train
b2c176609ab7,COW,include50,video,,include:clip:b2c176609ab7,data/external/include_pose/INCLUDE/Pose_Signs/Animals/5. Cow/MVI_3015.pkl,data/processed/landmarks/include50/COW/b2c176609ab7.npz,99,0.0,0.0,0.9394,1.0,,train
5d96ff6c6960,COW,include50,video,,include:clip:5d96ff6c6960,data/external/include_pose/INCLUDE/Pose_Signs/Animals/5. Cow/MVI_8569.pkl,data/processed/landmarks/include50/COW/5d96ff6c6960.npz,80,0.0,0.0,0.5125,1.0,,train
4e6687883a42,COW,include50,video,,include:clip:4e6687883a42,data/external/include_pose/INCLUDE/Pose_Signs/Animals/5. Cow/MVI_3099.pkl,data/processed/landmarks/include50/COW/4e6687883a42.npz,76,0.0,0.0,0.8421,1.0,,train
90f7d9da7049,COW,include50,video,,include:clip:90f7d9da7049,data/external/include_pose/INCLUDE/Pose_Signs/Animals/5. Cow/MVI_3075.pkl,data/processed/landmarks/include50/COW/90f7d9da7049.npz,84,0.0,0.0,0.8929,1.0,,train
e7a394d89e6c,COW,include50,video,,include:clip:e7a394d89e6c,data/external/include_pose/INCLUDE/Pose_Signs/Animals/5. Cow/MVI_3074.pkl,data/processed/landmarks/include50/COW/e7a394d89e6c.npz,84,0.0,0.0,0.8929,1.0,,train
02aab9fd0848,HAT,include50,video,,include:clip:02aab9fd0848,data/external/include_pose/INCLUDE/Pose_Signs/Clothes/37. Hat/MVI_3690.pkl,data/processed/landmarks/include50/HAT/02aab9fd0848.npz,59,0.0,0.0,1.0,1.0,,train
c7c122b13d93,HAT,include50,video,,include:clip:c7c122b13d93,data/external/include_pose/INCLUDE/Pose_Signs/Clothes/37. Hat/MVI_5008.pkl,data/processed/landmarks/include50/HAT/c7c122b13d93.npz,50,0.0,0.0,1.0,1.0,,train
0ae8bb9077e8,HAT,include50,video,,include:clip:0ae8bb9077e8,data/external/include_pose/INCLUDE/Pose_Signs/Clothes/37. Hat/MVI_5154.pkl,data/processed/landmarks/include50/HAT/0ae8bb9077e8.npz,60,0.0,0.0,1.0,1.0,,train
5c048720c09c,HAT,include50,video,,include:clip:5c048720c09c,data/external/include_pose/INCLUDE/Pose_Signs/Clothes/37. Hat/MVI_3985.pkl,data/processed/landmarks/include50/HAT/5c048720c09c.npz,59,0.0,0.0,1.0,1.0,,train
630541bc2163,HAT,include50,video,,include:clip:630541bc2163,data/external/include_pose/INCLUDE/Pose_Signs/Clothes/37. Hat/MVI_3986.pkl,data/processed/landmarks/include50/HAT/630541bc2163.npz,101,0.0,0.0,1.0,1.0,,train
ca6ea0d88ed9,HAT,include50,video,,include:clip:ca6ea0d88ed9,data/external/include_pose/INCLUDE/Pose_Signs/Clothes/37. Hat/MVI_3835.pkl,data/processed/landmarks/include50/HAT/ca6ea0d88ed9.npz,70,0.0,0.0,1.0,1.0,,train
b09b1c91497b,HAT,include50,video,,include:clip:b09b1c91497b,data/external/include_pose/INCLUDE/Pose_Signs/Clothes/37. Hat/MVI_3837.pkl,data/processed/landmarks/include50/HAT/b09b1c91497b.npz,40,0.0,0.0,1.0,1.0,,train
3b406e9d2ff4,HAT,include50,video,,include:clip:3b406e9d2ff4,data/external/include_pose/INCLUDE/Pose_Signs/Clothes/37. Hat/MVI_3688.pkl,data/processed/landmarks/include50/HAT/3b406e9d2ff4.npz,69,0.0,0.0,1.0,1.0,,train
b1cd972173e9,HAT,include50,video,,include:clip:b1cd972173e9,data/external/include_pose/INCLUDE/Pose_Signs/Clothes/37. Hat/MVI_5006.pkl,data/processed/landmarks/include50/HAT/b1cd972173e9.npz,60,0.0,0.0,1.0,1.0,,train
f8d4eb24e2a9,HAT,include50,video,,include:clip:f8d4eb24e2a9,data/external/include_pose/INCLUDE/Pose_Signs/Clothes/37. Hat/MVI_4867.pkl,data/processed/landmarks/include50/HAT/f8d4eb24e2a9.npz,67,0.0,0.0,1.0,1.0,,train
9ef0b5de9a79,HAT,include50,video,,include:clip:9ef0b5de9a79,data/external/include_pose/INCLUDE/Pose_Signs/Clothes/37. Hat/MVI_4866.pkl,data/processed/landmarks/include50/HAT/9ef0b5de9a79.npz,57,0.0,0.0,1.0,1.0,,train
9b6b6441c58d,HAT,include50,video,,include:clip:9b6b6441c58d,data/external/include_pose/INCLUDE/Pose_Signs/Clothes/37. Hat/MVI_5007.pkl,data/processed/landmarks/include50/HAT/9b6b6441c58d.npz,50,0.0,0.0,1.0,1.0,,train
34d496376b7b,T_SHIRT,include50,video,,include:clip:34d496376b7b,data/external/include_pose/INCLUDE/Pose_Signs/Clothes/42. T-Shirt/MVI_5022.pkl,data/processed/landmarks/include50/T_SHIRT/34d496376b7b.npz,76,0.0,0.0,0.8947,1.0,,train
3bc068233122,T_SHIRT,include50,video,,include:clip:3bc068233122,data/external/include_pose/INCLUDE/Pose_Signs/Clothes/42. T-Shirt/MVI_4881.pkl,data/processed/landmarks/include50/T_SHIRT/3bc068233122.npz,77,0.0,0.0,0.961,1.0,,train
644f6760ee2f,T_SHIRT,include50,video,,include:clip:644f6760ee2f,data/external/include_pose/INCLUDE/Pose_Signs/Clothes/42. T-Shirt/MVI_5169.pkl,data/processed/landmarks/include50/T_SHIRT/644f6760ee2f.npz,60,0.0,0.0,0.9667,1.0,,train
361774c09100,T_SHIRT,include50,video,,include:clip:361774c09100,data/external/include_pose/INCLUDE/Pose_Signs/Clothes/42. T-Shirt/MVI_5021.pkl,data/processed/landmarks/include50/T_SHIRT/361774c09100.npz,64,0.0,0.0,0.875,1.0,,train
d0d09fc864dc,T_SHIRT,include50,video,,include:clip:d0d09fc864dc,data/external/include_pose/INCLUDE/Pose_Signs/Clothes/42. T-Shirt/MVI_4883.pkl,data/processed/landmarks/include50/T_SHIRT/d0d09fc864dc.npz,70,0.0,0.0,0.9857,1.0,,train
9bc2dbe939b4,T_SHIRT,include50,video,,include:clip:9bc2dbe939b4,data/external/include_pose/INCLUDE/Pose_Signs/Clothes/42. T-Shirt/MVI_4882.pkl,data/processed/landmarks/include50/T_SHIRT/9bc2dbe939b4.npz,78,0.0,0.0,0.9615,1.0,,train
f7cebb52855c,T_SHIRT,include50,video,,include:clip:f7cebb52855c,data/external/include_pose/INCLUDE/Pose_Signs/Clothes/42. T-Shirt/MVI_8606.pkl,data/processed/landmarks/include50/T_SHIRT/f7cebb52855c.npz,76,0.0,0.0,0.8684,1.0,,train
9ac57fb4e204,T_SHIRT,include50,video,,include:clip:9ac57fb4e204,data/external/include_pose/INCLUDE/Pose_Signs/Clothes/42. T-Shirt/MVI_4202.pkl,data/processed/landmarks/include50/T_SHIRT/9ac57fb4e204.npz,61,0.0,0.0,0.9672,1.0,,train
86dc647ef0ea,T_SHIRT,include50,video,,include:clip:86dc647ef0ea,data/external/include_pose/INCLUDE/Pose_Signs/Clothes/42. T-Shirt/MVI_4002.pkl,data/processed/landmarks/include50/T_SHIRT/86dc647ef0ea.npz,92,0.0,0.0,0.9565,1.0,,train
6effa5be1895,T_SHIRT,include50,video,,include:clip:6effa5be1895,data/external/include_pose/INCLUDE/Pose_Signs/Clothes/42. T-Shirt/MVI_4003.pkl,data/processed/landmarks/include50/T_SHIRT/6effa5be1895.npz,85,0.0,0.0,0.8824,1.0,,train
7df54dbe7848,T_SHIRT,include50,video,,include:clip:7df54dbe7848,data/external/include_pose/INCLUDE/Pose_Signs/Clothes/42. T-Shirt/MVI_5171.pkl,data/processed/landmarks/include50/T_SHIRT/7df54dbe7848.npz,65,0.0,0.0,0.9846,1.0,,train
dba7d7217076,T_SHIRT,include50,video,,include:clip:dba7d7217076,data/external/include_pose/INCLUDE/Pose_Signs/Clothes/42. T-Shirt/MVI_3851.pkl,data/processed/landmarks/include50/T_SHIRT/dba7d7217076.npz,88,0.0,0.0,0.9545,1.0,,train
9b70f9f0a21d,T_SHIRT,include50,video,,include:clip:9b70f9f0a21d,data/external/include_pose/INCLUDE/Pose_Signs/Clothes/42. T-Shirt/MVI_3705.pkl,data/processed/landmarks/include50/T_SHIRT/9b70f9f0a21d.npz,70,0.0,0.0,0.9429,1.0,,train
e760a2495654,T_SHIRT,include50,video,,include:clip:e760a2495654,data/external/include_pose/INCLUDE/Pose_Signs/Clothes/42. T-Shirt/MVI_3706.pkl,data/processed/landmarks/include50/T_SHIRT/e760a2495654.npz,74,0.0,0.0,0.9595,1.0,,train
9302a30d5c6c,SHOES,include50,video,,include:clip:9302a30d5c6c,data/external/include_pose/INCLUDE/Pose_Signs/Clothes/44. Shoes/MVI_5030.pkl,data/processed/landmarks/include50/SHOES/9302a30d5c6c.npz,72,0.0,0.0,0.8889,1.0,,train
9459ff7dbf50,SHOES,include50,video,,include:clip:9459ff7dbf50,data/external/include_pose/INCLUDE/Pose_Signs/Clothes/44. Shoes/MVI_4887.pkl,data/processed/landmarks/include50/SHOES/9459ff7dbf50.npz,83,0.0,0.0,0.988,1.0,,train
a5f5398be699,SHOES,include50,video,,include:clip:a5f5398be699,data/external/include_pose/INCLUDE/Pose_Signs/Clothes/44. Shoes/MVI_4204.pkl,data/processed/landmarks/include50/SHOES/a5f5398be699.npz,57,0.0,0.0,0.9649,1.0,,train
c5cb27209961,SHOES,include50,video,,include:clip:c5cb27209961,data/external/include_pose/INCLUDE/Pose_Signs/Clothes/44. Shoes/MVI_4009.pkl,data/processed/landmarks/include50/SHOES/c5cb27209961.npz,69,0.0,0.0,0.913,1.0,,train
2aa5076c4c2d,SHOES,include50,video,,include:clip:2aa5076c4c2d,data/external/include_pose/INCLUDE/Pose_Signs/Clothes/44. Shoes/MVI_8608.pkl,data/processed/landmarks/include50/SHOES/2aa5076c4c2d.npz,62,0.0,0.0,0.8387,1.0,,train
8a13d0cc1412,SHOES,include50,video,,include:clip:8a13d0cc1412,data/external/include_pose/INCLUDE/Pose_Signs/Clothes/44. Shoes/MVI_3710.pkl,data/processed/landmarks/include50/SHOES/8a13d0cc1412.npz,65,0.0,0.0,0.9231,1.0,,train
8caf487a6f86,SHOES,include50,video,,include:clip:8caf487a6f86,data/external/include_pose/INCLUDE/Pose_Signs/Clothes/44. Shoes/MVI_5177.pkl,data/processed/landmarks/include50/SHOES/8caf487a6f86.npz,60,0.0,0.0,0.9667,1.0,,train
2d09113a622d,SHOES,include50,video,,include:clip:2d09113a622d,data/external/include_pose/INCLUDE/Pose_Signs/Clothes/44. Shoes/MVI_3857.pkl,data/processed/landmarks/include50/SHOES/2d09113a622d.npz,93,0.0,0.0,0.9677,1.0,,train
63f2625c0246,SHOES,include50,video,,include:clip:63f2625c0246,data/external/include_pose/INCLUDE/Pose_Signs/Clothes/44. Shoes/MVI_3856.pkl,data/processed/landmarks/include50/SHOES/63f2625c0246.npz,83,0.0,0.0,0.9759,1.0,,train
595d2c594902,SHOES,include50,video,,include:clip:595d2c594902,data/external/include_pose/INCLUDE/Pose_Signs/Clothes/44. Shoes/MVI_4888.pkl,data/processed/landmarks/include50/SHOES/595d2c594902.npz,80,0.0,0.0,0.9875,1.0,,train
f0c36603d662,SHOES,include50,video,,include:clip:f0c36603d662,data/external/include_pose/INCLUDE/Pose_Signs/Clothes/44. Shoes/MVI_3711.pkl,data/processed/landmarks/include50/SHOES/f0c36603d662.npz,69,0.0,0.0,0.8551,1.0,,train
782e3cf32d81,SHOES,include50,video,,include:clip:782e3cf32d81,data/external/include_pose/INCLUDE/Pose_Signs/Clothes/44. Shoes/MVI_5028.pkl,data/processed/landmarks/include50/SHOES/782e3cf32d81.npz,64,0.0,0.0,0.875,1.0,,train
713a4a9988fd,SHOES,include50,video,,include:clip:713a4a9988fd,data/external/include_pose/INCLUDE/Pose_Signs/Clothes/44. Shoes/MVI_5175.pkl,data/processed/landmarks/include50/SHOES/713a4a9988fd.npz,60,0.0,0.0,1.0,1.0,,train
0d7ff6b30525,SHOES,include50,video,,include:clip:0d7ff6b30525,data/external/include_pose/INCLUDE/Pose_Signs/Clothes/44. Shoes/MVI_3712.pkl,data/processed/landmarks/include50/SHOES/0d7ff6b30525.npz,70,0.0,0.0,0.9286,1.0,,train
5a91cbaeaa13,MONDAY,include50,video,,include:clip:5a91cbaeaa13,data/external/include_pose/INCLUDE/Pose_Signs/Days_and_Time/67. Monday/MVI_9144.pkl,data/processed/landmarks/include50/MONDAY/5a91cbaeaa13.npz,58,0.0,0.0,0.931,1.0,,train
db4657cee140,MONDAY,include50,video,,include:clip:db4657cee140,data/external/include_pose/INCLUDE/Pose_Signs/Days_and_Time/67. Monday/MVI_9142.pkl,data/processed/landmarks/include50/MONDAY/db4657cee140.npz,63,0.0,0.0,0.9365,1.0,,train
2b124330d810,MONDAY,include50,video,,include:clip:2b124330d810,data/external/include_pose/INCLUDE/Pose_Signs/Days_and_Time/67. Monday/MVI_9143.pkl,data/processed/landmarks/include50/MONDAY/2b124330d810.npz,70,0.0,0.0,0.9714,1.0,,train
35282257058c,MONDAY,include50,video,,include:clip:35282257058c,data/external/include_pose/INCLUDE/Pose_Signs/Days_and_Time/67. Monday/MVI_4594.pkl,data/processed/landmarks/include50/MONDAY/35282257058c.npz,59,0.0,0.0,0.9322,1.0,,train
59a2c80c21dc,MONDAY,include50,video,,include:clip:59a2c80c21dc,data/external/include_pose/INCLUDE/Pose_Signs/Days_and_Time/67. Monday/MVI_5449.pkl,data/processed/landmarks/include50/MONDAY/59a2c80c21dc.npz,51,0.0,0.0,0.902,1.0,,train
1fa8a6e3b8fe,MONDAY,include50,video,,include:clip:1fa8a6e3b8fe,data/external/include_pose/INCLUDE/Pose_Signs/Days_and_Time/67. Monday/MVI_5448.pkl,data/processed/landmarks/include50/MONDAY/1fa8a6e3b8fe.npz,54,0.0,0.0,0.9259,1.0,,train
3b5d786b7a1b,MONDAY,include50,video,,include:clip:3b5d786b7a1b,data/external/include_pose/INCLUDE/Pose_Signs/Days_and_Time/67. Monday/MVI_4592.pkl,data/processed/landmarks/include50/MONDAY/3b5d786b7a1b.npz,54,0.0,0.0,0.8704,1.0,,train
00e8c37f3ed9,MONDAY,include50,video,,include:clip:00e8c37f3ed9,data/external/include_pose/INCLUDE/Pose_Signs/Days_and_Time/67. Monday/MVI_4591.pkl,data/processed/landmarks/include50/MONDAY/00e8c37f3ed9.npz,57,0.0,0.0,0.8947,1.0,,train
9dbdee9fdf7a,MONDAY,include50,video,,include:clip:9dbdee9fdf7a,data/external/include_pose/INCLUDE/Pose_Signs/Days_and_Time/67. Monday/MVI_5011.pkl,data/processed/landmarks/include50/MONDAY/9dbdee9fdf7a.npz,54,0.0,0.0,0.8889,1.0,,train
839d6d3c1066,MONDAY,include50,video,,include:clip:839d6d3c1066,data/external/include_pose/INCLUDE/Pose_Signs/Days_and_Time/67. Monday/MVI_5010.pkl,data/processed/landmarks/include50/MONDAY/839d6d3c1066.npz,47,0.0,0.0,0.8723,1.0,,train
2c83d49107e5,YEAR,include50,video,,include:clip:2c83d49107e5,data/external/include_pose/INCLUDE/Pose_Signs/Days_and_Time/78. Year/MVI_9178.pkl,data/processed/landmarks/include50/YEAR/2c83d49107e5.npz,69,0.0,0.0,0.9565,1.0,,train
568b9269d6a7,YEAR,include50,video,,include:clip:568b9269d6a7,data/external/include_pose/INCLUDE/Pose_Signs/Days_and_Time/78. Year/MVI_5492.pkl,data/processed/landmarks/include50/YEAR/568b9269d6a7.npz,43,0.0,0.0,0.9767,1.0,,train
62ab2867f440,YEAR,include50,video,,include:clip:62ab2867f440,data/external/include_pose/INCLUDE/Pose_Signs/Days_and_Time/78. Year/MVI_5493.pkl,data/processed/landmarks/include50/YEAR/62ab2867f440.npz,39,0.0,0.0,0.9487,1.0,,train
fe4defd0a936,YEAR,include50,video,,include:clip:fe4defd0a936,data/external/include_pose/INCLUDE/Pose_Signs/Days_and_Time/78. Year/MVI_5491.pkl,data/processed/landmarks/include50/YEAR/fe4defd0a936.npz,46,0.0,0.0,1.0,1.0,,train
15857608e6aa,YEAR,include50,video,,include:clip:15857608e6aa,data/external/include_pose/INCLUDE/Pose_Signs/Days_and_Time/78. Year/MVI_5048.pkl,data/processed/landmarks/include50/YEAR/15857608e6aa.npz,37,0.0,0.0,0.8378,1.0,,train
64c1db800c48,YEAR,include50,video,,include:clip:64c1db800c48,data/external/include_pose/INCLUDE/Pose_Signs/Days_and_Time/78. Year/MVI_9175.pkl,data/processed/landmarks/include50/YEAR/64c1db800c48.npz,60,0.0,0.0,0.9333,1.0,,train
fd92bab6c4d7,YEAR,include50,video,,include:clip:fd92bab6c4d7,data/external/include_pose/INCLUDE/Pose_Signs/Days_and_Time/78. Year/MVI_9176.pkl,data/processed/landmarks/include50/YEAR/fd92bab6c4d7.npz,61,0.0,0.0,0.8852,1.0,,train
48522d6b1bc9,TIME,include50,video,,include:clip:48522d6b1bc9,data/external/include_pose/INCLUDE/Pose_Signs/Days_and_Time/86. Time/MVI_4670.pkl,data/processed/landmarks/include50/TIME/48522d6b1bc9.npz,66,0.0,0.0,0.9242,1.0,,train
7b9ecca5a9ec,TIME,include50,video,,include:clip:7b9ecca5a9ec,data/external/include_pose/INCLUDE/Pose_Signs/Days_and_Time/86. Time/MVI_5078.pkl,data/processed/landmarks/include50/TIME/7b9ecca5a9ec.npz,44,0.0,0.0,0.8636,1.0,,train
e3f6afd36521,TIME,include50,video,,include:clip:e3f6afd36521,data/external/include_pose/INCLUDE/Pose_Signs/Days_and_Time/86. Time/MVI_5079.pkl,data/processed/landmarks/include50/TIME/e3f6afd36521.npz,42,0.0,0.0,0.9762,1.0,,train
a6b63e9e10e2,TIME,include50,video,,include:clip:a6b63e9e10e2,data/external/include_pose/INCLUDE/Pose_Signs/Days_and_Time/86. Time/MVI_5526.pkl,data/processed/landmarks/include50/TIME/a6b63e9e10e2.npz,43,0.0,0.0,1.0,1.0,,train
c222c514b3f4,TIME,include50,video,,include:clip:c222c514b3f4,data/external/include_pose/INCLUDE/Pose_Signs/Days_and_Time/86. Time/MVI_9204.pkl,data/processed/landmarks/include50/TIME/c222c514b3f4.npz,57,0.0,0.0,0.9474,1.0,,train
02bf719813bf,TIME,include50,video,,include:clip:02bf719813bf,data/external/include_pose/INCLUDE/Pose_Signs/Days_and_Time/86. Time/MVI_9202.pkl,data/processed/landmarks/include50/TIME/02bf719813bf.npz,58,0.0,0.0,0.931,1.0,,train
4fe259f1e30a,TIME,include50,video,,include:clip:4fe259f1e30a,data/external/include_pose/INCLUDE/Pose_Signs/Days_and_Time/86. Time/MVI_9203.pkl,data/processed/landmarks/include50/TIME/4fe259f1e30a.npz,57,0.0,0.0,0.9649,1.0,,train
e2e7fb1b0648,TIME,include50,video,,include:clip:e2e7fb1b0648,data/external/include_pose/INCLUDE/Pose_Signs/Days_and_Time/86. Time/MVI_9201.pkl,data/processed/landmarks/include50/TIME/e2e7fb1b0648.npz,64,0.0,0.0,0.9688,1.0,,train
7ba8a440a647,TIME,include50,video,,include:clip:7ba8a440a647,data/external/include_pose/INCLUDE/Pose_Signs/Days_and_Time/86. Time/MVI_4668.pkl,data/processed/landmarks/include50/TIME/7ba8a440a647.npz,59,0.0,0.0,0.8983,1.0,,train
9e8c4b581ed6,TIME,include50,video,,include:clip:9e8c4b581ed6,data/external/include_pose/INCLUDE/Pose_Signs/Days_and_Time/86. Time/MVI_4669.pkl,data/processed/landmarks/include50/TIME/9e8c4b581ed6.npz,73,0.0,0.0,0.9452,1.0,,train
818fe851998f,FAN,include50,video,,include:clip:818fe851998f,data/external/include_pose/INCLUDE/Pose_Signs/Electronics/53. Fan/MVI_5390.pkl,data/processed/landmarks/include50/FAN/818fe851998f.npz,57,0.0,0.0,1.0,1.0,,train
fc6fffc013df,FAN,include50,video,,include:clip:fc6fffc013df,data/external/include_pose/INCLUDE/Pose_Signs/Electronics/53. Fan/MVI_9097.pkl,data/processed/landmarks/include50/FAN/fc6fffc013df.npz,78,0.0,0.0,1.0,1.0,,train
974e094dc8ea,FAN,include50,video,,include:clip:974e094dc8ea,data/external/include_pose/INCLUDE/Pose_Signs/Electronics/53. Fan/MVI_4966.pkl,data/processed/landmarks/include50/FAN/974e094dc8ea.npz,53,0.0,0.0,1.0,1.0,,train
18d2298cb74e,FAN,include50,video,,include:clip:18d2298cb74e,data/external/include_pose/INCLUDE/Pose_Signs/Electronics/53. Fan/MVI_4534.pkl,data/processed/landmarks/include50/FAN/18d2298cb74e.npz,59,0.0,0.0,0.9492,1.0,,train
1a42b4148c0a,FAN,include50,video,,include:clip:1a42b4148c0a,data/external/include_pose/INCLUDE/Pose_Signs/Electronics/53. Fan/MVI_4536.pkl,data/processed/landmarks/include50/FAN/1a42b4148c0a.npz,64,0.0,0.0,0.8281,1.0,,train
d1f31186f942,FAN,include50,video,,include:clip:d1f31186f942,data/external/include_pose/INCLUDE/Pose_Signs/Electronics/53. Fan/MVI_9099.pkl,data/processed/landmarks/include50/FAN/d1f31186f942.npz,87,0.0,0.0,1.0,1.0,,train
629d3e18b839,FAN,include50,video,,include:clip:629d3e18b839,data/external/include_pose/INCLUDE/Pose_Signs/Electronics/53. Fan/MVI_9098.pkl,data/processed/landmarks/include50/FAN/629d3e18b839.npz,71,0.0,0.0,1.0,1.0,,train
e5dec7b87b26,FAN,include50,video,,include:clip:e5dec7b87b26,data/external/include_pose/INCLUDE/Pose_Signs/Electronics/53. Fan/MVI_4533.pkl,data/processed/landmarks/include50/FAN/e5dec7b87b26.npz,65,0.0,0.0,0.9692,1.0,,train
4d87c53d924b,FAN,include50,video,,include:clip:4d87c53d924b,data/external/include_pose/INCLUDE/Pose_Signs/Electronics/53. Fan/MVI_4532.pkl,data/processed/landmarks/include50/FAN/4d87c53d924b.npz,78,0.0,0.0,0.9872,1.0,,train
0dd30c66fa8f,FAN,include50,video,,include:clip:0dd30c66fa8f,data/external/include_pose/INCLUDE/Pose_Signs/Electronics/53. Fan/MVI_5389.pkl,data/processed/landmarks/include50/FAN/0dd30c66fa8f.npz,55,0.0,0.0,1.0,1.0,,train
2571435de9ef,CELL_PHONE,include50,video,,include:clip:2571435de9ef,data/external/include_pose/INCLUDE/Pose_Signs/Electronics/54. Cell phone/MVI_5391.pkl,data/processed/landmarks/include50/CELL_PHONE/2571435de9ef.npz,46,0.0,0.0,1.0,1.0,,train
5b26bd754518,CELL_PHONE,include50,video,,include:clip:5b26bd754518,data/external/include_pose/INCLUDE/Pose_Signs/Electronics/54. Cell phone/MVI_5392.pkl,data/processed/landmarks/include50/CELL_PHONE/5b26bd754518.npz,53,0.0,0.0,1.0,1.0,,train
81d10ab916d0,CELL_PHONE,include50,video,,include:clip:81d10ab916d0,data/external/include_pose/INCLUDE/Pose_Signs/Electronics/54. Cell phone/MVI_5394.pkl,data/processed/landmarks/include50/CELL_PHONE/81d10ab916d0.npz,60,0.0,0.0,1.0,1.0,,train
5fb645a256ec,CELL_PHONE,include50,video,,include:clip:5fb645a256ec,data/external/include_pose/INCLUDE/Pose_Signs/Electronics/54. Cell phone/MVI_4539.pkl,data/processed/landmarks/include50/CELL_PHONE/5fb645a256ec.npz,53,0.0,0.0,1.0,1.0,,train
47d0a7ebae5c,CELL_PHONE,include50,video,,include:clip:47d0a7ebae5c,data/external/include_pose/INCLUDE/Pose_Signs/Electronics/54. Cell phone/MVI_4538.pkl,data/processed/landmarks/include50/CELL_PHONE/47d0a7ebae5c.npz,47,0.0,0.0,1.0,1.0,,train
00b994954e1b,CELL_PHONE,include50,video,,include:clip:00b994954e1b,data/external/include_pose/INCLUDE/Pose_Signs/Electronics/54. Cell phone/MVI_4968.pkl,data/processed/landmarks/include50/CELL_PHONE/00b994954e1b.npz,59,0.0,0.0,1.0,1.0,,train
61b70e8ac99b,CELL_PHONE,include50,video,,include:clip:61b70e8ac99b,data/external/include_pose/INCLUDE/Pose_Signs/Electronics/54. Cell phone/MVI_9102.pkl,data/processed/landmarks/include50/CELL_PHONE/61b70e8ac99b.npz,62,0.0,0.0,1.0,1.0,,train
873b789d4380,CELL_PHONE,include50,video,,include:clip:873b789d4380,data/external/include_pose/INCLUDE/Pose_Signs/Electronics/54. Cell phone/MVI_9100.pkl,data/processed/landmarks/include50/CELL_PHONE/873b789d4380.npz,73,0.0,0.0,1.0,1.0,,train
ad59f264be2b,CELL_PHONE,include50,video,,include:clip:ad59f264be2b,data/external/include_pose/INCLUDE/Pose_Signs/Electronics/54. Cell phone/MVI_9101.pkl,data/processed/landmarks/include50/CELL_PHONE/ad59f264be2b.npz,69,0.0,0.0,1.0,1.0,,train
00186e65b71c,HELLO,include50,video,,include:clip:00186e65b71c,data/external/include_pose/INCLUDE/Pose_Signs/Greetings/48. Hello/MVI_0039.pkl,data/processed/landmarks/include50/HELLO/00186e65b71c.npz,52,0.0,0.0,1.0,1.0,,train
76351c8f3553,HELLO,include50,video,,include:clip:76351c8f3553,data/external/include_pose/INCLUDE/Pose_Signs/Greetings/48. Hello/MVI_0038.pkl,data/processed/landmarks/include50/HELLO/76351c8f3553.npz,56,0.0,0.0,1.0,1.0,,train
b9d67fdb472d,HELLO,include50,video,,include:clip:b9d67fdb472d,data/external/include_pose/INCLUDE/Pose_Signs/Greetings/48. Hello/MVI_0089.pkl,data/processed/landmarks/include50/HELLO/b9d67fdb472d.npz,68,0.0,0.0,1.0,1.0,,train
2a72c56e7759,HELLO,include50,video,,include:clip:2a72c56e7759,data/external/include_pose/INCLUDE/Pose_Signs/Greetings/48. Hello/MVI_9917.pkl,data/processed/landmarks/include50/HELLO/2a72c56e7759.npz,49,0.0,0.0,1.0,1.0,,train
08048e068302,HELLO,include50,video,,include:clip:08048e068302,data/external/include_pose/INCLUDE/Pose_Signs/Greetings/48. Hello/MVI_9916.pkl,data/processed/landmarks/include50/HELLO/08048e068302.npz,50,0.0,0.0,1.0,1.0,,train
9a298b220cb1,HELLO,include50,video,,include:clip:9a298b220cb1,data/external/include_pose/INCLUDE/Pose_Signs/Greetings/48. Hello/MVI_0090.pkl,data/processed/landmarks/include50/HELLO/9a298b220cb1.npz,69,0.0,0.0,1.0,1.0,,train
8516b3aae845,HELLO,include50,video,,include:clip:8516b3aae845,data/external/include_pose/INCLUDE/Pose_Signs/Greetings/48. Hello/MVI_9984.pkl,data/processed/landmarks/include50/HELLO/8516b3aae845.npz,47,0.0,0.0,1.0,1.0,,train
308976e87c22,HELLO,include50,video,,include:clip:308976e87c22,data/external/include_pose/INCLUDE/Pose_Signs/Greetings/48. Hello/MVI_0037.pkl,data/processed/landmarks/include50/HELLO/308976e87c22.npz,49,0.0,0.0,1.0,1.0,,train
385c471e8c88,HELLO,include50,video,,include:clip:385c471e8c88,data/external/include_pose/INCLUDE/Pose_Signs/Greetings/48. Hello/MVI_9956.pkl,data/processed/landmarks/include50/HELLO/385c471e8c88.npz,76,0.0,0.0,1.0,1.0,,train
d73b20f7e5e2,HELLO,include50,video,,include:clip:d73b20f7e5e2,data/external/include_pose/INCLUDE/Pose_Signs/Greetings/48. Hello/MVI_0032.pkl,data/processed/landmarks/include50/HELLO/d73b20f7e5e2.npz,61,0.0,0.0,1.0,1.0,,train
95f610793afa,HELLO,include50,video,,include:clip:95f610793afa,data/external/include_pose/INCLUDE/Pose_Signs/Greetings/48. Hello/MVI_9955.pkl,data/processed/landmarks/include50/HELLO/95f610793afa.npz,84,0.0,0.0,1.0,1.0,,train
bba82de4a8d5,HELLO,include50,video,,include:clip:bba82de4a8d5,data/external/include_pose/INCLUDE/Pose_Signs/Greetings/48. Hello/MVI_9954.pkl,data/processed/landmarks/include50/HELLO/bba82de4a8d5.npz,69,0.0,0.0,1.0,1.0,,train
1f55f945f2c5,THANK_YOU,include50,video,,include:clip:1f55f945f2c5,data/external/include_pose/INCLUDE/Pose_Signs/Greetings/55. Thank you/MVI_0007.pkl,data/processed/landmarks/include50/THANK_YOU/1f55f945f2c5.npz,56,0.0,0.0,0.9643,1.0,,train
8f6037f1b768,THANK_YOU,include50,video,,include:clip:8f6037f1b768,data/external/include_pose/INCLUDE/Pose_Signs/Greetings/55. Thank you/MVI_9949.pkl,data/processed/landmarks/include50/THANK_YOU/8f6037f1b768.npz,57,0.0,0.0,0.8947,1.0,,train
a10c1071ff67,THANK_YOU,include50,video,,include:clip:a10c1071ff67,data/external/include_pose/INCLUDE/Pose_Signs/Greetings/55. Thank you/MVI_0063.pkl,data/processed/landmarks/include50/THANK_YOU/a10c1071ff67.npz,86,0.0,0.0,0.9535,1.0,,train
fc334b72056a,THANK_YOU,include50,video,,include:clip:fc334b72056a,data/external/include_pose/INCLUDE/Pose_Signs/Greetings/55. Thank you/MVI_0062.pkl,data/processed/landmarks/include50/THANK_YOU/fc334b72056a.npz,79,0.0,0.0,0.8734,1.0,,train
8a48bb2dd12b,THANK_YOU,include50,video,,include:clip:8a48bb2dd12b,data/external/include_pose/INCLUDE/Pose_Signs/Greetings/55. Thank you/MVI_0060.pkl,data/processed/landmarks/include50/THANK_YOU/8a48bb2dd12b.npz,56,0.0,0.0,0.9643,1.0,,train
9676576f185c,THANK_YOU,include50,video,,include:clip:9676576f185c,data/external/include_pose/INCLUDE/Pose_Signs/Greetings/55. Thank you/MVI_0061.pkl,data/processed/landmarks/include50/THANK_YOU/9676576f185c.npz,82,0.0,0.0,0.9634,1.0,,train
c619b4c354ca,THANK_YOU,include50,video,,include:clip:c619b4c354ca,data/external/include_pose/INCLUDE/Pose_Signs/Greetings/55. Thank you/MVI_0111.pkl,data/processed/landmarks/include50/THANK_YOU/c619b4c354ca.npz,62,0.0,0.0,0.9194,1.0,,train
9cc661ab7eb1,THANK_YOU,include50,video,,include:clip:9cc661ab7eb1,data/external/include_pose/INCLUDE/Pose_Signs/Greetings/55. Thank you/MVI_0112.pkl,data/processed/landmarks/include50/THANK_YOU/9cc661ab7eb1.npz,75,0.0,0.0,0.9067,1.0,,train
e7638922221b,THANK_YOU,include50,video,,include:clip:e7638922221b,data/external/include_pose/INCLUDE/Pose_Signs/Greetings/55. Thank you/MVI_9950.pkl,data/processed/landmarks/include50/THANK_YOU/e7638922221b.npz,52,0.0,0.0,0.9038,1.0,,train
b5a2437b7e37,THANK_YOU,include50,video,,include:clip:b5a2437b7e37,data/external/include_pose/INCLUDE/Pose_Signs/Greetings/55. Thank you/MVI_9986.pkl,data/processed/landmarks/include50/THANK_YOU/b5a2437b7e37.npz,56,0.0,0.0,0.9286,1.0,,train
45528c5a7dd6,THANK_YOU,include50,video,,include:clip:45528c5a7dd6,data/external/include_pose/INCLUDE/Pose_Signs/Greetings/55. Thank you/MVI_0008.pkl,data/processed/landmarks/include50/THANK_YOU/45528c5a7dd6.npz,57,0.0,0.0,0.9474,1.0,,train
647823341a81,THANK_YOU,include50,video,,include:clip:647823341a81,data/external/include_pose/INCLUDE/Pose_Signs/Greetings/55. Thank you/MVI_9985.pkl,data/processed/landmarks/include50/THANK_YOU/647823341a81.npz,67,0.0,0.0,0.9254,1.0,,train
c8959089a1eb,WINDOW,include50,video,,include:clip:c8959089a1eb,data/external/include_pose/INCLUDE/Pose_Signs/Home/28. Window/MVI_4881.pkl,data/processed/landmarks/include50/WINDOW/c8959089a1eb.npz,72,0.0,0.0,0.875,1.0,,train
6c0ef2071481,WINDOW,include50,video,,include:clip:6c0ef2071481,data/external/include_pose/INCLUDE/Pose_Signs/Home/28. Window/MVI_8767.pkl,data/processed/landmarks/include50/WINDOW/6c0ef2071481.npz,99,0.0,0.0,0.5859,1.0,,train
b63d7186aa10,WINDOW,include50,video,,include:clip:b63d7186aa10,data/external/include_pose/INCLUDE/Pose_Signs/Home/28. Window/MVI_4882.pkl,data/processed/landmarks/include50/WINDOW/b63d7186aa10.npz,67,0.0,0.0,0.8209,1.0,,train
616a14943767,WINDOW,include50,video,,include:clip:616a14943767,data/external/include_pose/INCLUDE/Pose_Signs/Home/28. Window/MVI_8766.pkl,data/processed/landmarks/include50/WINDOW/616a14943767.npz,100,0.0,0.0,0.72,1.0,,train
822fec50205c,WINDOW,include50,video,,include:clip:822fec50205c,data/external/include_pose/INCLUDE/Pose_Signs/Home/28. Window/MVI_4364.pkl,data/processed/landmarks/include50/WINDOW/822fec50205c.npz,87,0.0,0.0,0.954,1.0,,train
d54edc2c36de,WINDOW,include50,video,,include:clip:d54edc2c36de,data/external/include_pose/INCLUDE/Pose_Signs/Home/28. Window/MVI_4362.pkl,data/processed/landmarks/include50/WINDOW/d54edc2c36de.npz,84,0.0,0.0,0.9286,1.0,,train
030c86df598f,WINDOW,include50,video,,include:clip:030c86df598f,data/external/include_pose/INCLUDE/Pose_Signs/Home/28. Window/MVI_9013.pkl,data/processed/landmarks/include50/WINDOW/030c86df598f.npz,72,0.0,0.0,0.9306,1.0,,train
578c38307f29,WINDOW,include50,video,,include:clip:578c38307f29,data/external/include_pose/INCLUDE/Pose_Signs/Home/28. Window/MVI_9014.pkl,data/processed/landmarks/include50/WINDOW/578c38307f29.npz,80,0.0,0.0,0.9,1.0,,train
49ce74a9cf43,WINDOW,include50,video,,include:clip:49ce74a9cf43,data/external/include_pose/INCLUDE/Pose_Signs/Home/28. Window/MVI_8769.pkl,data/processed/landmarks/include50/WINDOW/49ce74a9cf43.npz,101,0.0,0.0,0.7921,1.0,,train
8fb01695732f,PEN,include50,video,,include:clip:8fb01695732f,data/external/include_pose/INCLUDE/Pose_Signs/Home/34. Pen/MVI_4908.pkl,data/processed/landmarks/include50/PEN/8fb01695732f.npz,58,0.0,0.0,0.8621,1.0,,train
4026de51841c,PEN,include50,video,,include:clip:4026de51841c,data/external/include_pose/INCLUDE/Pose_Signs/Home/34. Pen/MVI_9032.pkl,data/processed/landmarks/include50/PEN/4026de51841c.npz,63,0.0,0.0,1.0,1.0,,train
18e6cf46c0a3,PEN,include50,video,,include:clip:18e6cf46c0a3,data/external/include_pose/INCLUDE/Pose_Signs/Home/34. Pen/MVI_4388.pkl,data/processed/landmarks/include50/PEN/18e6cf46c0a3.npz,53,0.0,0.0,1.0,1.0,,train
a9ea159b915a,PEN,include50,video,,include:clip:a9ea159b915a,data/external/include_pose/INCLUDE/Pose_Signs/Home/34. Pen/MVI_9034.pkl,data/processed/landmarks/include50/PEN/a9ea159b915a.npz,59,0.0,0.0,1.0,1.0,,train
ab45e1996b5f,PEN,include50,video,,include:clip:ab45e1996b5f,data/external/include_pose/INCLUDE/Pose_Signs/Home/34. Pen/MVI_4389.pkl,data/processed/landmarks/include50/PEN/ab45e1996b5f.npz,55,0.0,0.0,1.0,1.0,,train
271ad028018b,PEN,include50,video,,include:clip:271ad028018b,data/external/include_pose/INCLUDE/Pose_Signs/Home/34. Pen/MVI_4387.pkl,data/processed/landmarks/include50/PEN/271ad028018b.npz,64,0.0,0.0,1.0,1.0,,train
d818b73990d9,PEN,include50,video,,include:clip:d818b73990d9,data/external/include_pose/INCLUDE/Pose_Signs/Home/34. Pen/MVI_4390.pkl,data/processed/landmarks/include50/PEN/d818b73990d9.npz,57,0.0,0.0,1.0,1.0,,train
6cc252ed1a90,PEN,include50,video,,include:clip:6cc252ed1a90,data/external/include_pose/INCLUDE/Pose_Signs/Home/34. Pen/MVI_8794.pkl,data/processed/landmarks/include50/PEN/6cc252ed1a90.npz,63,0.0,0.0,0.7302,1.0,,train
aa4f2bb3eb92,PEN,include50,video,,include:clip:aa4f2bb3eb92,data/external/include_pose/INCLUDE/Pose_Signs/Home/34. Pen/MVI_8791.pkl,data/processed/landmarks/include50/PEN/aa4f2bb3eb92.npz,57,0.0,0.0,0.5088,1.0,,train
32e51e2f0b00,PAINT,include50,video,,include:clip:32e51e2f0b00,data/external/include_pose/INCLUDE/Pose_Signs/Home/40. Paint/MVI_8819.pkl,data/processed/landmarks/include50/PAINT/32e51e2f0b00.npz,70,0.0,0.0,0.5429,1.0,,train
745c153206a5,PAINT,include50,video,,include:clip:745c153206a5,data/external/include_pose/INCLUDE/Pose_Signs/Home/40. Paint/MVI_9051.pkl,data/processed/landmarks/include50/PAINT/745c153206a5.npz,70,0.0,0.0,0.8857,1.0,,train
ea2e5bae05aa,PAINT,include50,video,,include:clip:ea2e5bae05aa,data/external/include_pose/INCLUDE/Pose_Signs/Home/40. Paint/MVI_8818.pkl,data/processed/landmarks/include50/PAINT/ea2e5bae05aa.npz,69,0.0,0.0,0.6522,1.0,,train
9054cf75f75f,PAINT,include50,video,,include:clip:9054cf75f75f,data/external/include_pose/INCLUDE/Pose_Signs/Home/40. Paint/MVI_4926.pkl,data/processed/landmarks/include50/PAINT/9054cf75f75f.npz,64,0.0,0.0,0.8594,1.0,,train
eb51362ef6a9,PAINT,include50,video,,include:clip:eb51362ef6a9,data/external/include_pose/INCLUDE/Pose_Signs/Home/40. Paint/MVI_9053.pkl,data/processed/landmarks/include50/PAINT/eb51362ef6a9.npz,72,0.0,0.0,0.8889,1.0,,train
66db4e8fe83e,PAINT,include50,video,,include:clip:66db4e8fe83e,data/external/include_pose/INCLUDE/Pose_Signs/Home/40. Paint/MVI_9052.pkl,data/processed/landmarks/include50/PAINT/66db4e8fe83e.npz,68,0.0,0.0,0.8676,1.0,,train
f95c03fb80ce,PAINT,include50,video,,include:clip:f95c03fb80ce,data/external/include_pose/INCLUDE/Pose_Signs/Home/40. Paint/MVI_8820.pkl,data/processed/landmarks/include50/PAINT/f95c03fb80ce.npz,66,0.0,0.0,0.6818,1.0,,train
0e87eef5d680,PAINT,include50,video,,include:clip:0e87eef5d680,data/external/include_pose/INCLUDE/Pose_Signs/Home/40. Paint/MVI_4414.pkl,data/processed/landmarks/include50/PAINT/0e87eef5d680.npz,54,0.0,0.0,0.8704,1.0,,train
5f22ea250e49,PAINT,include50,video,,include:clip:5f22ea250e49,data/external/include_pose/INCLUDE/Pose_Signs/Home/40. Paint/MVI_4413.pkl,data/processed/landmarks/include50/PAINT/5f22ea250e49.npz,54,0.0,0.0,0.8519,1.0,,train
eb2dba49f588,PAINT,include50,video,,include:clip:eb2dba49f588,data/external/include_pose/INCLUDE/Pose_Signs/Home/40. Paint/MVI_4928.pkl,data/processed/landmarks/include50/PAINT/eb2dba49f588.npz,57,0.0,0.0,0.9123,1.0,,train
9824efc705a5,TEACHER,include50,video,,include:clip:9824efc705a5,data/external/include_pose/INCLUDE/Pose_Signs/Jobs/84. Teacher/MVI_4459.pkl,data/processed/landmarks/include50/TEACHER/9824efc705a5.npz,79,0.0,0.0,0.8861,1.0,,train
28214c5a668d,TEACHER,include50,video,,include:clip:28214c5a668d,data/external/include_pose/INCLUDE/Pose_Signs/Jobs/84. Teacher/MVI_8866.pkl,data/processed/landmarks/include50/TEACHER/28214c5a668d.npz,61,0.0,0.0,0.9508,1.0,,train
70fb8d170082,TEACHER,include50,video,,include:clip:70fb8d170082,data/external/include_pose/INCLUDE/Pose_Signs/Jobs/84. Teacher/MVI_5311.pkl,data/processed/landmarks/include50/TEACHER/70fb8d170082.npz,50,0.0,0.0,0.98,1.0,,train
c0142636a21a,TEACHER,include50,video,,include:clip:c0142636a21a,data/external/include_pose/INCLUDE/Pose_Signs/Jobs/84. Teacher/MVI_8864.pkl,data/processed/landmarks/include50/TEACHER/c0142636a21a.npz,73,0.0,0.0,0.9589,1.0,,train
206334aba8fd,TEACHER,include50,video,,include:clip:206334aba8fd,data/external/include_pose/INCLUDE/Pose_Signs/Jobs/84. Teacher/MVI_8865.pkl,data/processed/landmarks/include50/TEACHER/206334aba8fd.npz,60,0.0,0.0,0.9667,1.0,,train
dcec0f87136f,TEACHER,include50,video,,include:clip:dcec0f87136f,data/external/include_pose/INCLUDE/Pose_Signs/Jobs/84. Teacher/MVI_5312.pkl,data/processed/landmarks/include50/TEACHER/dcec0f87136f.npz,51,0.0,0.0,0.9412,1.0,,train
af829ccf19c3,TEACHER,include50,video,,include:clip:af829ccf19c3,data/external/include_pose/INCLUDE/Pose_Signs/Jobs/84. Teacher/MVI_4746.pkl,data/processed/landmarks/include50/TEACHER/af829ccf19c3.npz,59,0.0,0.0,0.9322,1.0,,train
6543aa6e8827,TEACHER,include50,video,,include:clip:6543aa6e8827,data/external/include_pose/INCLUDE/Pose_Signs/Jobs/84. Teacher/MVI_4745.pkl,data/processed/landmarks/include50/TEACHER/6543aa6e8827.npz,64,0.0,0.0,0.9375,1.0,,train
23220c97e9ff,TEACHER,include50,video,,include:clip:23220c97e9ff,data/external/include_pose/INCLUDE/Pose_Signs/Jobs/84. Teacher/MVI_4744.pkl,data/processed/landmarks/include50/TEACHER/23220c97e9ff.npz,53,0.0,0.0,0.9434,1.0,,train
f84c4eb13b28,PRIEST,include50,video,,include:clip:f84c4eb13b28,data/external/include_pose/INCLUDE/Pose_Signs/Jobs/91. Priest/MVI_5345.pkl,data/processed/landmarks/include50/PRIEST/f84c4eb13b28.npz,45,0.0,0.0,1.0,1.0,,train
d0d1e5f2ef61,PRIEST,include50,video,,include:clip:d0d1e5f2ef61,data/external/include_pose/INCLUDE/Pose_Signs/Jobs/91. Priest/MVI_4488.pkl,data/processed/landmarks/include50/PRIEST/d0d1e5f2ef61.npz,78,0.0,0.0,1.0,1.0,,train
c341cfc4555a,PRIEST,include50,video,,include:clip:c341cfc4555a,data/external/include_pose/INCLUDE/Pose_Signs/Jobs/91. Priest/MVI_4489.pkl,data/processed/landmarks/include50/PRIEST/c341cfc4555a.npz,60,0.0,0.0,1.0,1.0,,train
503dd2f9d600,PRIEST,include50,video,,include:clip:503dd2f9d600,data/external/include_pose/INCLUDE/Pose_Signs/Jobs/91. Priest/MVI_5344.pkl,data/processed/landmarks/include50/PRIEST/503dd2f9d600.npz,47,0.0,0.0,1.0,1.0,,train
58309a358eb1,PRIEST,include50,video,,include:clip:58309a358eb1,data/external/include_pose/INCLUDE/Pose_Signs/Jobs/91. Priest/MVI_5343.pkl,data/processed/landmarks/include50/PRIEST/58309a358eb1.npz,53,0.0,0.0,1.0,1.0,,train
c419469e64be,PRIEST,include50,video,,include:clip:c419469e64be,data/external/include_pose/INCLUDE/Pose_Signs/Jobs/91. Priest/MVI_5342.pkl,data/processed/landmarks/include50/PRIEST/c419469e64be.npz,53,0.0,0.0,1.0,1.0,,train
780147a5175f,PRIEST,include50,video,,include:clip:780147a5175f,data/external/include_pose/INCLUDE/Pose_Signs/Jobs/91. Priest/MVI_8887.pkl,data/processed/landmarks/include50/PRIEST/780147a5175f.npz,61,0.0,0.0,1.0,1.0,,train
01272ba12a17,PRIEST,include50,video,,include:clip:01272ba12a17,data/external/include_pose/INCLUDE/Pose_Signs/Jobs/91. Priest/MVI_4770.pkl,data/processed/landmarks/include50/PRIEST/01272ba12a17.npz,61,0.0,0.0,1.0,1.0,,train
f3d4d4c53506,PRIEST,include50,video,,include:clip:f3d4d4c53506,data/external/include_pose/INCLUDE/Pose_Signs/Jobs/91. Priest/MVI_4771.pkl,data/processed/landmarks/include50/PRIEST/f3d4d4c53506.npz,56,0.0,0.0,1.0,1.0,,train
a44b452a28b9,PRIEST,include50,video,,include:clip:a44b452a28b9,data/external/include_pose/INCLUDE/Pose_Signs/Jobs/91. Priest/MVI_8889.pkl,data/processed/landmarks/include50/PRIEST/a44b452a28b9.npz,65,0.0,0.0,1.0,1.0,,train
252e4a6d2e57,PRIEST,include50,video,,include:clip:252e4a6d2e57,data/external/include_pose/INCLUDE/Pose_Signs/Jobs/91. Priest/MVI_4490.pkl,data/processed/landmarks/include50/PRIEST/252e4a6d2e57.npz,73,0.0,0.0,1.0,1.0,,train
b74ee81db7ed,PRIEST,include50,video,,include:clip:b74ee81db7ed,data/external/include_pose/INCLUDE/Pose_Signs/Jobs/91. Priest/MVI_4486.pkl,data/processed/landmarks/include50/PRIEST/b74ee81db7ed.npz,79,0.0,0.0,1.0,1.0,,train
30ad9c5bb489,TRAIN_TICKET,include50,video,,include:clip:30ad9c5bb489,data/external/include_pose/INCLUDE/Pose_Signs/Means_of_Transportation/16. train ticket/MVI_3133.pkl,data/processed/landmarks/include50/TRAIN_TICKET/30ad9c5bb489.npz,102,0.0,0.0,0.951,1.0,,train
be7d9e0ff676,TRAIN_TICKET,include50,video,,include:clip:be7d9e0ff676,data/external/include_pose/INCLUDE/Pose_Signs/Means_of_Transportation/16. train ticket/MVI_3255.pkl,data/processed/landmarks/include50/TRAIN_TICKET/be7d9e0ff676.npz,81,0.0,0.0,0.9753,1.0,,train
8956cd03703e,TRAIN_TICKET,include50,video,,include:clip:8956cd03703e,data/external/include_pose/INCLUDE/Pose_Signs/Means_of_Transportation/16. train ticket/MVI_3254.pkl,data/processed/landmarks/include50/TRAIN_TICKET/8956cd03703e.npz,75,0.0,0.0,0.9333,1.0,,train
b1b1e175890a,TRAIN_TICKET,include50,video,,include:clip:b1b1e175890a,data/external/include_pose/INCLUDE/Pose_Signs/Means_of_Transportation/16. train ticket/MVI_3224.pkl,data/processed/landmarks/include50/TRAIN_TICKET/b1b1e175890a.npz,91,0.0,0.0,0.978,1.0,,train
06b51fa38ec1,TRAIN_TICKET,include50,video,,include:clip:06b51fa38ec1,data/external/include_pose/INCLUDE/Pose_Signs/Means_of_Transportation/16. train ticket/MVI_3226.pkl,data/processed/landmarks/include50/TRAIN_TICKET/06b51fa38ec1.npz,81,0.0,0.0,0.9877,1.0,,train
fe77ec29efd1,TRAIN_TICKET,include50,video,,include:clip:fe77ec29efd1,data/external/include_pose/INCLUDE/Pose_Signs/Means_of_Transportation/16. train ticket/MVI_3196.pkl,data/processed/landmarks/include50/TRAIN_TICKET/fe77ec29efd1.npz,102,0.0,0.0,0.9804,1.0,,train
c47d20d2fb99,TRAIN_TICKET,include50,video,,include:clip:c47d20d2fb99,data/external/include_pose/INCLUDE/Pose_Signs/Means_of_Transportation/16. train ticket/MVI_4191.pkl,data/processed/landmarks/include50/TRAIN_TICKET/c47d20d2fb99.npz,77,0.0,0.0,0.9481,1.0,,train
45c6e2c9f530,TRAIN_TICKET,include50,video,,include:clip:45c6e2c9f530,data/external/include_pose/INCLUDE/Pose_Signs/Means_of_Transportation/16. train ticket/MVI_3164.pkl,data/processed/landmarks/include50/TRAIN_TICKET/45c6e2c9f530.npz,111,0.0,0.0,0.8468,1.0,,train
e9eb050d1057,TRAIN_TICKET,include50,video,,include:clip:e9eb050d1057,data/external/include_pose/INCLUDE/Pose_Signs/Means_of_Transportation/16. train ticket/MVI_4192.pkl,data/processed/landmarks/include50/TRAIN_TICKET/e9eb050d1057.npz,79,0.0,0.0,0.9747,1.0,,train
ba260433da16,TRAIN_TICKET,include50,video,,include:clip:ba260433da16,data/external/include_pose/INCLUDE/Pose_Signs/Means_of_Transportation/16. train ticket/MVI_3162.pkl,data/processed/landmarks/include50/TRAIN_TICKET/ba260433da16.npz,85,0.0,0.0,0.8,1.0,,train
badc22002b11,TRAIN_TICKET,include50,video,,include:clip:badc22002b11,data/external/include_pose/INCLUDE/Pose_Signs/Means_of_Transportation/16. train ticket/MVI_8596.pkl,data/processed/landmarks/include50/TRAIN_TICKET/badc22002b11.npz,101,0.0,0.0,0.8515,1.0,,train
086301af0ccf,BROTHER,include50,video,,include:clip:086301af0ccf,data/external/include_pose/INCLUDE/Pose_Signs/People/66. Brother/MVI_4076.pkl,data/processed/landmarks/include50/BROTHER/086301af0ccf.npz,56,0.0,0.0,1.0,1.0,,train
c983d2d94b27,BROTHER,include50,video,,include:clip:c983d2d94b27,data/external/include_pose/INCLUDE/Pose_Signs/People/66. Brother/MVI_3928.pkl,data/processed/landmarks/include50/BROTHER/c983d2d94b27.npz,85,0.0,0.0,1.0,1.0,,train
3a129ea1a008,BROTHER,include50,video,,include:clip:3a129ea1a008,data/external/include_pose/INCLUDE/Pose_Signs/People/66. Brother/MVI_5245.pkl,data/processed/landmarks/include50/BROTHER/3a129ea1a008.npz,62,0.0,0.0,1.0,1.0,,train
d4609bb1067e,BROTHER,include50,video,,include:clip:d4609bb1067e,data/external/include_pose/INCLUDE/Pose_Signs/People/66. Brother/MVI_5244.pkl,data/processed/landmarks/include50/BROTHER/d4609bb1067e.npz,61,0.0,0.0,1.0,1.0,,train
19e457b6ca20,BROTHER,include50,video,,include:clip:19e457b6ca20,data/external/include_pose/INCLUDE/Pose_Signs/People/66. Brother/MVI_3781.pkl,data/processed/landmarks/include50/BROTHER/19e457b6ca20.npz,61,0.0,0.0,1.0,1.0,,train
326d5d6ec721,BROTHER,include50,video,,include:clip:326d5d6ec721,data/external/include_pose/INCLUDE/Pose_Signs/People/66. Brother/MVI_5096.pkl,data/processed/landmarks/include50/BROTHER/326d5d6ec721.npz,63,0.0,0.0,0.9683,1.0,,train
3caf3e4e62c3,BROTHER,include50,video,,include:clip:3caf3e4e62c3,data/external/include_pose/INCLUDE/Pose_Signs/People/66. Brother/MVI_5243.pkl,data/processed/landmarks/include50/BROTHER/3caf3e4e62c3.npz,57,0.0,0.0,1.0,1.0,,train
e6d76a025831,BROTHER,include50,video,,include:clip:e6d76a025831,data/external/include_pose/INCLUDE/Pose_Signs/People/66. Brother/MVI_4955.pkl,data/processed/landmarks/include50/BROTHER/e6d76a025831.npz,41,0.0,0.0,1.0,1.0,,train
16fb270c51e2,BROTHER,include50,video,,include:clip:16fb270c51e2,data/external/include_pose/INCLUDE/Pose_Signs/People/66. Brother/MVI_4957.pkl,data/processed/landmarks/include50/BROTHER/16fb270c51e2.npz,54,0.0,0.0,1.0,1.0,,train
0fcf0364f89a,BROTHER,include50,video,,include:clip:0fcf0364f89a,data/external/include_pose/INCLUDE/Pose_Signs/People/66. Brother/MVI_5095.pkl,data/processed/landmarks/include50/BROTHER/0fcf0364f89a.npz,59,0.0,0.0,0.9661,1.0,,train
9ca89311eb1c,BROTHER,include50,video,,include:clip:9ca89311eb1c,data/external/include_pose/INCLUDE/Pose_Signs/People/66. Brother/MVI_4956.pkl,data/processed/landmarks/include50/BROTHER/9ca89311eb1c.npz,52,0.0,0.0,1.0,1.0,,train
db023d95d825,BROTHER,include50,video,,include:clip:db023d95d825,data/external/include_pose/INCLUDE/Pose_Signs/People/66. Brother/MVI_3778.pkl,data/processed/landmarks/include50/BROTHER/db023d95d825.npz,59,0.0,0.0,1.0,1.0,,train
5d1a77d85606,BROTHER,include50,video,,include:clip:5d1a77d85606,data/external/include_pose/INCLUDE/Pose_Signs/People/66. Brother/MVI_4230.pkl,data/processed/landmarks/include50/BROTHER/5d1a77d85606.npz,51,0.0,0.0,1.0,1.0,,train
acad286c3f7f,BROTHER,include50,video,,include:clip:acad286c3f7f,data/external/include_pose/INCLUDE/Pose_Signs/People/66. Brother/MVI_8631.pkl,data/processed/landmarks/include50/BROTHER/acad286c3f7f.npz,63,0.0,0.0,0.7143,1.0,,train
9b4b80c14c40,BOY,include50,video,,include:clip:9b4b80c14c40,data/external/include_pose/INCLUDE/Pose_Signs/People/77. Boy/MVI_4112.pkl,data/processed/landmarks/include50/BOY/9b4b80c14c40.npz,66,0.0,0.0,1.0,1.0,,train
a0b47cae21e0,BOY,include50,video,,include:clip:a0b47cae21e0,data/external/include_pose/INCLUDE/Pose_Signs/People/77. Boy/MVI_5133.pkl,data/processed/landmarks/include50/BOY/a0b47cae21e0.npz,58,0.0,0.0,1.0,1.0,,train
24acdce4fd37,BOY,include50,video,,include:clip:24acdce4fd37,data/external/include_pose/INCLUDE/Pose_Signs/People/77. Boy/MVI_5286.pkl,data/processed/landmarks/include50/BOY/24acdce4fd37.npz,52,0.0,0.0,1.0,1.0,,train
f7d43288473e,BOY,include50,video,,include:clip:f7d43288473e,data/external/include_pose/INCLUDE/Pose_Signs/People/77. Boy/MVI_5132.pkl,data/processed/landmarks/include50/BOY/f7d43288473e.npz,59,0.0,0.0,0.8983,1.0,,train
e0dcf402917a,BOY,include50,video,,include:clip:e0dcf402917a,data/external/include_pose/INCLUDE/Pose_Signs/People/77. Boy/MVI_3964.pkl,data/processed/landmarks/include50/BOY/e0dcf402917a.npz,68,0.0,0.0,1.0,1.0,,train
dd74dcea5439,BOY,include50,video,,include:clip:dd74dcea5439,data/external/include_pose/INCLUDE/Pose_Signs/People/77. Boy/MVI_5285.pkl,data/processed/landmarks/include50/BOY/dd74dcea5439.npz,55,0.0,0.0,1.0,1.0,,train
226afe6f4657,BOY,include50,video,,include:clip:226afe6f4657,data/external/include_pose/INCLUDE/Pose_Signs/People/77. Boy/MVI_4983.pkl,data/processed/landmarks/include50/BOY/226afe6f4657.npz,50,0.0,0.0,1.0,1.0,,train
373bfff648cc,BOY,include50,video,,include:clip:373bfff648cc,data/external/include_pose/INCLUDE/Pose_Signs/People/77. Boy/MVI_3815.pkl,data/processed/landmarks/include50/BOY/373bfff648cc.npz,58,0.0,0.0,1.0,1.0,,train
5c0faf659c60,BOY,include50,video,,include:clip:5c0faf659c60,data/external/include_pose/INCLUDE/Pose_Signs/People/77. Boy/MVI_3814.pkl,data/processed/landmarks/include50/BOY/5c0faf659c60.npz,63,0.0,0.0,1.0,1.0,,train
c227589208f2,BOY,include50,video,,include:clip:c227589208f2,data/external/include_pose/INCLUDE/Pose_Signs/People/77. Boy/MVI_4982.pkl,data/processed/landmarks/include50/BOY/c227589208f2.npz,51,0.0,0.0,1.0,1.0,,train
3bc13f058604,BOY,include50,video,,include:clip:3bc13f058604,data/external/include_pose/INCLUDE/Pose_Signs/People/77. Boy/MVI_3816.pkl,data/processed/landmarks/include50/BOY/3bc13f058604.npz,54,0.0,0.0,1.0,1.0,,train
a55714470ad6,BOY,include50,video,,include:clip:a55714470ad6,data/external/include_pose/INCLUDE/Pose_Signs/People/77. Boy/MVI_3963.pkl,data/processed/landmarks/include50/BOY/a55714470ad6.npz,81,0.0,0.0,1.0,1.0,,train
af93a9d032d9,BOY,include50,video,,include:clip:af93a9d032d9,data/external/include_pose/INCLUDE/Pose_Signs/People/77. Boy/MVI_4981.pkl,data/processed/landmarks/include50/BOY/af93a9d032d9.npz,54,0.0,0.0,1.0,1.0,,train
011d3b812e23,BOY,include50,video,,include:clip:011d3b812e23,data/external/include_pose/INCLUDE/Pose_Signs/People/77. Boy/MVI_4242.pkl,data/processed/landmarks/include50/BOY/011d3b812e23.npz,63,0.0,0.0,1.0,1.0,,train
7f9a98070602,GIRL,include50,video,,include:clip:7f9a98070602,data/external/include_pose/INCLUDE/Pose_Signs/People/78. Girl/MVI_4113.pkl,data/processed/landmarks/include50/GIRL/7f9a98070602.npz,53,0.0,0.0,1.0,1.0,,train
fa45e9d4bf95,GIRL,include50,video,,include:clip:fa45e9d4bf95,data/external/include_pose/INCLUDE/Pose_Signs/People/78. Girl/MVI_4115.pkl,data/processed/landmarks/include50/GIRL/fa45e9d4bf95.npz,92,0.0,0.0,1.0,1.0,,train
7dd76d4a6abe,GIRL,include50,video,,include:clip:7dd76d4a6abe,data/external/include_pose/INCLUDE/Pose_Signs/People/78. Girl/MVI_3967.pkl,data/processed/landmarks/include50/GIRL/7dd76d4a6abe.npz,75,0.0,0.0,1.0,1.0,,train
ac3ab2e7663d,GIRL,include50,video,,include:clip:ac3ab2e7663d,data/external/include_pose/INCLUDE/Pose_Signs/People/78. Girl/MVI_3966.pkl,data/processed/landmarks/include50/GIRL/ac3ab2e7663d.npz,68,0.0,0.0,1.0,1.0,,train
b57cd84abf72,GIRL,include50,video,,include:clip:b57cd84abf72,data/external/include_pose/INCLUDE/Pose_Signs/People/78. Girl/MVI_4984.pkl,data/processed/landmarks/include50/GIRL/b57cd84abf72.npz,48,0.0,0.0,1.0,1.0,,train
5fb92dee7db5,GIRL,include50,video,,include:clip:5fb92dee7db5,data/external/include_pose/INCLUDE/Pose_Signs/People/78. Girl/MVI_5290.pkl,data/processed/landmarks/include50/GIRL/5fb92dee7db5.npz,57,0.0,0.0,1.0,1.0,,train
b6c32bf3b14a,GIRL,include50,video,,include:clip:b6c32bf3b14a,data/external/include_pose/INCLUDE/Pose_Signs/People/78. Girl/MVI_5135.pkl,data/processed/landmarks/include50/GIRL/b6c32bf3b14a.npz,54,0.0,0.0,1.0,1.0,,train
a7d0c776d24c,GIRL,include50,video,,include:clip:a7d0c776d24c,data/external/include_pose/INCLUDE/Pose_Signs/People/78. Girl/MVI_3817.pkl,data/processed/landmarks/include50/GIRL/a7d0c776d24c.npz,51,0.0,0.0,1.0,1.0,,train
ffe431865ff4,GIRL,include50,video,,include:clip:ffe431865ff4,data/external/include_pose/INCLUDE/Pose_Signs/People/78. Girl/MVI_5137.pkl,data/processed/landmarks/include50/GIRL/ffe431865ff4.npz,58,0.0,0.0,1.0,1.0,,train
48a8e5fbecfc,GIRL,include50,video,,include:clip:48a8e5fbecfc,data/external/include_pose/INCLUDE/Pose_Signs/People/78. Girl/MVI_3819.pkl,data/processed/landmarks/include50/GIRL/48a8e5fbecfc.npz,58,0.0,0.0,1.0,1.0,,train
819018c62c3c,GIRL,include50,video,,include:clip:819018c62c3c,data/external/include_pose/INCLUDE/Pose_Signs/People/78. Girl/MVI_3818.pkl,data/processed/landmarks/include50/GIRL/819018c62c3c.npz,52,0.0,0.0,1.0,1.0,,train
5f3e79f3407e,GIRL,include50,video,,include:clip:5f3e79f3407e,data/external/include_pose/INCLUDE/Pose_Signs/People/78. Girl/MVI_5289.pkl,data/processed/landmarks/include50/GIRL/5f3e79f3407e.npz,49,0.0,0.0,1.0,1.0,,train
98309d7b54f1,GIRL,include50,video,,include:clip:98309d7b54f1,data/external/include_pose/INCLUDE/Pose_Signs/People/78. Girl/MVI_5288.pkl,data/processed/landmarks/include50/GIRL/98309d7b54f1.npz,48,0.0,0.0,1.0,1.0,,train
a43039367294,GIRL,include50,video,,include:clip:a43039367294,data/external/include_pose/INCLUDE/Pose_Signs/People/78. Girl/MVI_8645.pkl,data/processed/landmarks/include50/GIRL/a43039367294.npz,62,0.0,0.0,0.5161,1.0,,train
ce764605346c,GIRL,include50,video,,include:clip:ce764605346c,data/external/include_pose/INCLUDE/Pose_Signs/People/78. Girl/MVI_4243.pkl,data/processed/landmarks/include50/GIRL/ce764605346c.npz,64,0.0,0.0,1.0,1.0,,train
8af93566135e,COURT,include50,video,,include:clip:8af93566135e,data/external/include_pose/INCLUDE/Pose_Signs/Places/23. Court/MVI_3455.pkl,data/processed/landmarks/include50/COURT/8af93566135e.npz,59,0.0,0.0,0.9831,1.0,,train
61e73fe225bb,COURT,include50,video,,include:clip:61e73fe225bb,data/external/include_pose/INCLUDE/Pose_Signs/Places/23. Court/MVI_3454.pkl,data/processed/landmarks/include50/COURT/61e73fe225bb.npz,59,0.0,0.0,0.9661,1.0,,train
7d783418ebbb,COURT,include50,video,,include:clip:7d783418ebbb,data/external/include_pose/INCLUDE/Pose_Signs/Places/23. Court/MVI_3285.pkl,data/processed/landmarks/include50/COURT/7d783418ebbb.npz,68,0.0,0.0,0.9118,1.0,,train
34cf9e8370b2,COURT,include50,video,,include:clip:34cf9e8370b2,data/external/include_pose/INCLUDE/Pose_Signs/Places/23. Court/MVI_3534.pkl,data/processed/landmarks/include50/COURT/34cf9e8370b2.npz,60,0.0,0.0,0.9,1.0,,train
b15ed553e906,COURT,include50,video,,include:clip:b15ed553e906,data/external/include_pose/INCLUDE/Pose_Signs/Places/23. Court/MVI_3287.pkl,data/processed/landmarks/include50/COURT/b15ed553e906.npz,84,0.0,0.0,0.9286,1.0,,train
036fcf4ca322,COURT,include50,video,,include:clip:036fcf4ca322,data/external/include_pose/INCLUDE/Pose_Signs/Places/23. Court/MVI_3533.pkl,data/processed/landmarks/include50/COURT/036fcf4ca322.npz,54,0.0,0.0,0.8704,1.0,,train
2fd198a73327,COURT,include50,video,,include:clip:2fd198a73327,data/external/include_pose/INCLUDE/Pose_Signs/Places/23. Court/MVI_3452.pkl,data/processed/landmarks/include50/COURT/2fd198a73327.npz,68,0.0,0.0,0.9412,1.0,,train
83b68b672bcf,COURT,include50,video,,include:clip:83b68b672bcf,data/external/include_pose/INCLUDE/Pose_Signs/Places/23. Court/MVI_3532.pkl,data/processed/landmarks/include50/COURT/83b68b672bcf.npz,56,0.0,0.0,0.9286,1.0,,train
7922f42c8851,COURT,include50,video,,include:clip:7922f42c8851,data/external/include_pose/INCLUDE/Pose_Signs/Places/23. Court/MVI_3531.pkl,data/processed/landmarks/include50/COURT/7922f42c8851.npz,70,0.0,0.0,0.9714,1.0,,train
8cc56db958d0,COURT,include50,video,,include:clip:8cc56db958d0,data/external/include_pose/INCLUDE/Pose_Signs/Places/23. Court/MVI_3609.pkl,data/processed/landmarks/include50/COURT/8cc56db958d0.npz,62,0.0,0.0,0.9355,1.0,,train
6fa85ccfd674,COURT,include50,video,,include:clip:6fa85ccfd674,data/external/include_pose/INCLUDE/Pose_Signs/Places/23. Court/MVI_3370.pkl,data/processed/landmarks/include50/COURT/6fa85ccfd674.npz,81,0.0,0.0,0.9383,1.0,,train
005e071bd364,COURT,include50,video,,include:clip:005e071bd364,data/external/include_pose/INCLUDE/Pose_Signs/Places/23. Court/MVI_3366.pkl,data/processed/landmarks/include50/COURT/005e071bd364.npz,61,0.0,0.0,0.918,1.0,,train
d418819cdc47,COURT,include50,video,,include:clip:d418819cdc47,data/external/include_pose/INCLUDE/Pose_Signs/Places/23. Court/MVI_3367.pkl,data/processed/landmarks/include50/COURT/d418819cdc47.npz,69,0.0,0.0,0.971,1.0,,train
88c2f838752a,COURT,include50,video,,include:clip:88c2f838752a,data/external/include_pose/INCLUDE/Pose_Signs/Places/23. Court/Extra/MVI_3613.pkl,data/processed/landmarks/include50/COURT/88c2f838752a.npz,66,0.0,0.0,0.9697,1.0,,train
4e806e2a846e,COURT,include50,video,,include:clip:4e806e2a846e,data/external/include_pose/INCLUDE/Pose_Signs/Places/23. Court/Extra/MVI_3288.pkl,data/processed/landmarks/include50/COURT/4e806e2a846e.npz,76,0.0,0.0,0.9342,1.0,,train
34916770b12c,COURT,include50,video,,include:clip:34916770b12c,data/external/include_pose/INCLUDE/Pose_Signs/Places/23. Court/MVI_3612.pkl,data/processed/landmarks/include50/COURT/34916770b12c.npz,61,0.0,0.0,1.0,1.0,,train
38e051df4d19,COURT,include50,video,,include:clip:38e051df4d19,data/external/include_pose/INCLUDE/Pose_Signs/Places/23. Court/MVI_3610.pkl,data/processed/landmarks/include50/COURT/38e051df4d19.npz,56,0.0,0.0,0.9821,1.0,,train
383af869ac22,HOUSE,include50,video,,include:clip:383af869ac22,data/external/include_pose/INCLUDE/Pose_Signs/Places/19. House/MVI_3269.pkl,data/processed/landmarks/include50/HOUSE/383af869ac22.npz,61,0.0,0.0,0.8689,1.0,,train
0e660df172ea,HOUSE,include50,video,,include:clip:0e660df172ea,data/external/include_pose/INCLUDE/Pose_Signs/Places/19. House/MVI_3268.pkl,data/processed/landmarks/include50/HOUSE/0e660df172ea.npz,75,0.0,0.0,0.9067,1.0,,train
6f553e14088c,HOUSE,include50,video,,include:clip:6f553e14088c,data/external/include_pose/INCLUDE/Pose_Signs/Places/19. House/MVI_3436.pkl,data/processed/landmarks/include50/HOUSE/6f553e14088c.npz,64,0.0,0.0,0.9375,1.0,,train
af492a151e59,HOUSE,include50,video,,include:clip:af492a151e59,data/external/include_pose/INCLUDE/Pose_Signs/Places/19. House/MVI_3350.pkl,data/processed/landmarks/include50/HOUSE/af492a151e59.npz,54,0.0,0.0,0.8889,1.0,,train
443ef36a3229,HOUSE,include50,video,,include:clip:443ef36a3229,data/external/include_pose/INCLUDE/Pose_Signs/Places/19. House/MVI_3437.pkl,data/processed/landmarks/include50/HOUSE/443ef36a3229.npz,67,0.0,0.0,0.9403,1.0,,train
4b4369bea5a4,HOUSE,include50,video,,include:clip:4b4369bea5a4,data/external/include_pose/INCLUDE/Pose_Signs/Places/19. House/MVI_3351.pkl,data/processed/landmarks/include50/HOUSE/4b4369bea5a4.npz,58,0.0,0.0,0.9655,1.0,,train
b94cdd1c7a28,HOUSE,include50,video,,include:clip:b94cdd1c7a28,data/external/include_pose/INCLUDE/Pose_Signs/Places/19. House/MVI_3594.pkl,data/processed/landmarks/include50/HOUSE/b94cdd1c7a28.npz,57,0.0,0.0,0.9474,1.0,,train
2439eec51b9a,HOUSE,include50,video,,include:clip:2439eec51b9a,data/external/include_pose/INCLUDE/Pose_Signs/Places/19. House/MVI_3596.pkl,data/processed/landmarks/include50/HOUSE/2439eec51b9a.npz,54,0.0,0.0,0.9074,1.0,,train
f4d3aebcde05,HOUSE,include50,video,,include:clip:f4d3aebcde05,data/external/include_pose/INCLUDE/Pose_Signs/Places/19. House/MVI_3435.pkl,data/processed/landmarks/include50/HOUSE/f4d3aebcde05.npz,65,0.0,0.0,0.8615,1.0,,train
dd75af873f7c,HOUSE,include50,video,,include:clip:dd75af873f7c,data/external/include_pose/INCLUDE/Pose_Signs/Places/19. House/MVI_3593.pkl,data/processed/landmarks/include50/HOUSE/dd75af873f7c.npz,63,0.0,0.0,0.9365,1.0,,train
2b1662e806d5,HOUSE,include50,video,,include:clip:2b1662e806d5,data/external/include_pose/INCLUDE/Pose_Signs/Places/19. House/MVI_3438.pkl,data/processed/landmarks/include50/HOUSE/2b1662e806d5.npz,58,0.0,0.0,0.8966,1.0,,train
a8acd623d306,HOUSE,include50,video,,include:clip:a8acd623d306,data/external/include_pose/INCLUDE/Pose_Signs/Places/19. House/MVI_3514.pkl,data/processed/landmarks/include50/HOUSE/a8acd623d306.npz,48,0.0,0.0,0.8542,1.0,,train
96fa7147bdf0,HOUSE,include50,video,,include:clip:96fa7147bdf0,data/external/include_pose/INCLUDE/Pose_Signs/Places/19. House/MVI_3515.pkl,data/processed/landmarks/include50/HOUSE/96fa7147bdf0.npz,45,0.0,0.0,0.8,1.0,,train
11e62a17db10,HOUSE,include50,video,,include:clip:11e62a17db10,data/external/include_pose/INCLUDE/Pose_Signs/Places/19. House/MVI_3267.pkl,data/processed/landmarks/include50/HOUSE/11e62a17db10.npz,78,0.0,0.0,0.8974,1.0,,train
961e66da3e91,HOUSE,include50,video,,include:clip:961e66da3e91,data/external/include_pose/INCLUDE/Pose_Signs/Places/19. House/MVI_3270.pkl,data/processed/landmarks/include50/HOUSE/961e66da3e91.npz,74,0.0,0.0,0.9324,1.0,,train
3d376ca6f97c,HOUSE,include50,video,,include:clip:3d376ca6f97c,data/external/include_pose/INCLUDE/Pose_Signs/Places/19. House/MVI_3516.pkl,data/processed/landmarks/include50/HOUSE/3d376ca6f97c.npz,48,0.0,0.0,0.7083,1.0,,train
384bb61f90b0,HOUSE,include50,video,,include:clip:384bb61f90b0,data/external/include_pose/INCLUDE/Pose_Signs/Places/19. House/MVI_3513.pkl,data/processed/landmarks/include50/HOUSE/384bb61f90b0.npz,53,0.0,0.0,0.8679,1.0,,train
633644662c70,STORE_OR_SHOP,include50,video,,include:clip:633644662c70,data/external/include_pose/INCLUDE/Pose_Signs/Places/28. Store or Shop/MVI_3309.pkl,data/processed/landmarks/include50/STORE_OR_SHOP/633644662c70.npz,63,0.0,0.0,0.7937,1.0,,train
5ec69e56a6f6,STORE_OR_SHOP,include50,video,,include:clip:5ec69e56a6f6,data/external/include_pose/INCLUDE/Pose_Signs/Places/28. Store or Shop/MVI_3308.pkl,data/processed/landmarks/include50/STORE_OR_SHOP/5ec69e56a6f6.npz,61,0.0,0.0,0.8033,1.0,,train
4439607f0a32,STORE_OR_SHOP,include50,video,,include:clip:4439607f0a32,data/external/include_pose/INCLUDE/Pose_Signs/Places/28. Store or Shop/MVI_3387.pkl,data/processed/landmarks/include50/STORE_OR_SHOP/4439607f0a32.npz,52,0.0,0.0,0.5385,1.0,,train
1c59a98989bc,STORE_OR_SHOP,include50,video,,include:clip:1c59a98989bc,data/external/include_pose/INCLUDE/Pose_Signs/Places/28. Store or Shop/MVI_3635.pkl,data/processed/landmarks/include50/STORE_OR_SHOP/1c59a98989bc.npz,52,0.0,0.0,0.9423,1.0,,train
93e1445d9c66,STORE_OR_SHOP,include50,video,,include:clip:93e1445d9c66,data/external/include_pose/INCLUDE/Pose_Signs/Places/28. Store or Shop/MVI_3386.pkl,data/processed/landmarks/include50/STORE_OR_SHOP/93e1445d9c66.npz,59,0.0,0.0,0.6441,1.0,,train
83c79914fb0c,STORE_OR_SHOP,include50,video,,include:clip:83c79914fb0c,data/external/include_pose/INCLUDE/Pose_Signs/Places/28. Store or Shop/MVI_3555.pkl,data/processed/landmarks/include50/STORE_OR_SHOP/83c79914fb0c.npz,52,0.0,0.0,0.8846,1.0,,train
bfb54d97fb84,STORE_OR_SHOP,include50,video,,include:clip:bfb54d97fb84,data/external/include_pose/INCLUDE/Pose_Signs/Places/28. Store or Shop/MVI_3385.pkl,data/processed/landmarks/include50/STORE_OR_SHOP/bfb54d97fb84.npz,64,0.0,0.0,0.6562,1.0,,train
a93af218a29c,STORE_OR_SHOP,include50,video,,include:clip:a93af218a29c,data/external/include_pose/INCLUDE/Pose_Signs/Places/28. Store or Shop/MVI_3554.pkl,data/processed/landmarks/include50/STORE_OR_SHOP/a93af218a29c.npz,56,0.0,0.0,0.8571,1.0,,train
d528f38a714c,STORE_OR_SHOP,include50,video,,include:clip:d528f38a714c,data/external/include_pose/INCLUDE/Pose_Signs/Places/28. Store or Shop/MVI_3633.pkl,data/processed/landmarks/include50/STORE_OR_SHOP/d528f38a714c.npz,49,0.0,0.0,0.9796,1.0,,train
be4b81643b7a,STORE_OR_SHOP,include50,video,,include:clip:be4b81643b7a,data/external/include_pose/INCLUDE/Pose_Signs/Places/28. Store or Shop/MVI_3553.pkl,data/processed/landmarks/include50/STORE_OR_SHOP/be4b81643b7a.npz,49,0.0,0.0,0.898,1.0,,train
7883a91a6ff2,STORE_OR_SHOP,include50,video,,include:clip:7883a91a6ff2,data/external/include_pose/INCLUDE/Pose_Signs/Places/28. Store or Shop/Extra/MVI_3637.pkl,data/processed/landmarks/include50/STORE_OR_SHOP/7883a91a6ff2.npz,48,0.0,0.0,0.9792,1.0,,train
72a510e44974,STORE_OR_SHOP,include50,video,,include:clip:72a510e44974,data/external/include_pose/INCLUDE/Pose_Signs/Places/28. Store or Shop/MVI_3474.pkl,data/processed/landmarks/include50/STORE_OR_SHOP/72a510e44974.npz,45,0.0,0.0,0.9556,1.0,,train
91e882905a84,STORE_OR_SHOP,include50,video,,include:clip:91e882905a84,data/external/include_pose/INCLUDE/Pose_Signs/Places/28. Store or Shop/MVI_3475.pkl,data/processed/landmarks/include50/STORE_OR_SHOP/91e882905a84.npz,46,0.0,0.0,0.9565,1.0,,train
04a40778ca57,STORE_OR_SHOP,include50,video,,include:clip:04a40778ca57,data/external/include_pose/INCLUDE/Pose_Signs/Places/28. Store or Shop/MVI_3310.pkl,data/processed/landmarks/include50/STORE_OR_SHOP/04a40778ca57.npz,56,0.0,0.0,0.7857,1.0,,train
2285547f4169,STORE_OR_SHOP,include50,video,,include:clip:2285547f4169,data/external/include_pose/INCLUDE/Pose_Signs/Places/28. Store or Shop/MVI_3473.pkl,data/processed/landmarks/include50/STORE_OR_SHOP/2285547f4169.npz,43,0.0,0.0,0.9767,1.0,,train
44ebaab31c6b,BANK,include50,video,,include:clip:44ebaab31c6b,data/external/include_pose/INCLUDE/Pose_Signs/Places/35. Bank/MVI_3337.pkl,data/processed/landmarks/include50/BANK/44ebaab31c6b.npz,62,0.0,0.0,0.9032,1.0,,train
e8b17c79a74b,BANK,include50,video,,include:clip:e8b17c79a74b,data/external/include_pose/INCLUDE/Pose_Signs/Places/35. Bank/MVI_3422.pkl,data/processed/landmarks/include50/BANK/e8b17c79a74b.npz,59,0.0,0.0,0.9322,1.0,,train
146723e805df,BANK,include50,video,,include:clip:146723e805df,data/external/include_pose/INCLUDE/Pose_Signs/Places/35. Bank/MVI_3423.pkl,data/processed/landmarks/include50/BANK/146723e805df.npz,70,0.0,0.0,0.9429,1.0,,train
aa0d3dfb766c,BANK,include50,video,,include:clip:aa0d3dfb766c,data/external/include_pose/INCLUDE/Pose_Signs/Places/35. Bank/MVI_3582.pkl,data/processed/landmarks/include50/BANK/aa0d3dfb766c.npz,51,0.0,0.0,0.8824,1.0,,train
f8f8b8840bba,BANK,include50,video,,include:clip:f8f8b8840bba,data/external/include_pose/INCLUDE/Pose_Signs/Places/35. Bank/MVI_3421.pkl,data/processed/landmarks/include50/BANK/f8f8b8840bba.npz,59,0.0,0.0,0.9153,1.0,,train
c6b8fe8f19a3,BANK,include50,video,,include:clip:c6b8fe8f19a3,data/external/include_pose/INCLUDE/Pose_Signs/Places/35. Bank/MVI_3583.pkl,data/processed/landmarks/include50/BANK/c6b8fe8f19a3.npz,45,0.0,0.0,0.8667,1.0,,train
70b817a8a5d3,BANK,include50,video,,include:clip:70b817a8a5d3,data/external/include_pose/INCLUDE/Pose_Signs/Places/35. Bank/Extra/MVI_3420.pkl,data/processed/landmarks/include50/BANK/70b817a8a5d3.npz,66,0.0,0.0,0.8788,1.0,,train
63b28704dde1,BANK,include50,video,,include:clip:63b28704dde1,data/external/include_pose/INCLUDE/Pose_Signs/Places/35. Bank/Extra/MVI_3339.pkl,data/processed/landmarks/include50/BANK/63b28704dde1.npz,63,0.0,0.0,0.9206,1.0,,train
e01afe32b01f,BANK,include50,video,,include:clip:e01afe32b01f,data/external/include_pose/INCLUDE/Pose_Signs/Places/35. Bank/MVI_3500.pkl,data/processed/landmarks/include50/BANK/e01afe32b01f.npz,44,0.0,0.0,0.9773,1.0,,train
44149265e97c,BANK,include50,video,,include:clip:44149265e97c,data/external/include_pose/INCLUDE/Pose_Signs/Places/35. Bank/MVI_3663.pkl,data/processed/landmarks/include50/BANK/44149265e97c.npz,44,0.0,0.0,0.9545,1.0,,train
4895d3b8037a,BANK,include50,video,,include:clip:4895d3b8037a,data/external/include_pose/INCLUDE/Pose_Signs/Places/35. Bank/MVI_3501.pkl,data/processed/landmarks/include50/BANK/4895d3b8037a.npz,41,0.0,0.0,0.9512,1.0,,train
1fd0aa9c5433,BANK,include50,video,,include:clip:1fd0aa9c5433,data/external/include_pose/INCLUDE/Pose_Signs/Places/35. Bank/MVI_3661.pkl,data/processed/landmarks/include50/BANK/1fd0aa9c5433.npz,44,0.0,0.0,0.9091,1.0,,train
9c05c5a94909,BANK,include50,video,,include:clip:9c05c5a94909,data/external/include_pose/INCLUDE/Pose_Signs/Places/35. Bank/MVI_3502.pkl,data/processed/landmarks/include50/BANK/9c05c5a94909.npz,48,0.0,0.0,1.0,1.0,,train
4af16d1a91eb,BANK,include50,video,,include:clip:4af16d1a91eb,data/external/include_pose/INCLUDE/Pose_Signs/Places/35. Bank/MVI_3664.pkl,data/processed/landmarks/include50/BANK/4af16d1a91eb.npz,47,0.0,0.0,0.9362,1.0,,train
6ce997fbd44c,I,include50,video,,include:clip:6ce997fbd44c,data/external/include_pose/INCLUDE/Pose_Signs/Pronouns/40. I/MVI_9959.pkl,data/processed/landmarks/include50/I/6ce997fbd44c.npz,50,0.0,0.0,1.0,1.0,,train
9c88448e509d,I,include50,video,,include:clip:9c88448e509d,data/external/include_pose/INCLUDE/Pose_Signs/Pronouns/40. I/MVI_9958.pkl,data/processed/landmarks/include50/I/9c88448e509d.npz,47,0.0,0.0,1.0,1.0,,train
a62d974e2f26,I,include50,video,,include:clip:a62d974e2f26,data/external/include_pose/INCLUDE/Pose_Signs/Pronouns/40. I/MVI_0001.pkl,data/processed/landmarks/include50/I/a62d974e2f26.npz,66,0.0,0.0,1.0,1.0,,train
d0c59b57a85a,I,include50,video,,include:clip:d0c59b57a85a,data/external/include_pose/INCLUDE/Pose_Signs/Pronouns/40. I/MVI_0003.pkl,data/processed/landmarks/include50/I/d0c59b57a85a.npz,52,0.0,0.0,1.0,1.0,,train
f969b7daa37e,I,include50,video,,include:clip:f969b7daa37e,data/external/include_pose/INCLUDE/Pose_Signs/Pronouns/40. I/MVI_0013.pkl,data/processed/landmarks/include50/I/f969b7daa37e.npz,43,0.0,0.0,1.0,1.0,,train
400e0d22eb37,I,include50,video,,include:clip:400e0d22eb37,data/external/include_pose/INCLUDE/Pose_Signs/Pronouns/40. I/MVI_0065.pkl,data/processed/landmarks/include50/I/400e0d22eb37.npz,71,0.0,0.0,1.0,1.0,,train
8b97b821f889,I,include50,video,,include:clip:8b97b821f889,data/external/include_pose/INCLUDE/Pose_Signs/Pronouns/40. I/MVI_0066.pkl,data/processed/landmarks/include50/I/8b97b821f889.npz,65,0.0,0.0,1.0,1.0,,train
be5b0ac57acc,I,include50,video,,include:clip:be5b0ac57acc,data/external/include_pose/INCLUDE/Pose_Signs/Pronouns/40. I/MVI_9918.pkl,data/processed/landmarks/include50/I/be5b0ac57acc.npz,83,0.0,0.0,1.0,1.0,,train
424e0f201e23,I,include50,video,,include:clip:424e0f201e23,data/external/include_pose/INCLUDE/Pose_Signs/Pronouns/40. I/MVI_9878.pkl,data/processed/landmarks/include50/I/424e0f201e23.npz,48,0.0,0.0,1.0,1.0,,train
cd233d9be1e7,I,include50,video,,include:clip:cd233d9be1e7,data/external/include_pose/INCLUDE/Pose_Signs/Pronouns/40. I/MVI_9919.pkl,data/processed/landmarks/include50/I/cd233d9be1e7.npz,81,0.0,0.0,1.0,1.0,,train
75ec5d0f3ff2,I,include50,video,,include:clip:75ec5d0f3ff2,data/external/include_pose/INCLUDE/Pose_Signs/Pronouns/40. I/MVI_9920.pkl,data/processed/landmarks/include50/I/75ec5d0f3ff2.npz,80,0.0,0.0,1.0,1.0,,train
15e52bcae45a,I,include50,video,,include:clip:15e52bcae45a,data/external/include_pose/INCLUDE/Pose_Signs/Pronouns/40. I/MVI_9922.pkl,data/processed/landmarks/include50/I/15e52bcae45a.npz,68,0.0,0.0,1.0,1.0,,train
5951c6498a77,I,include50,video,,include:clip:5951c6498a77,data/external/include_pose/INCLUDE/Pose_Signs/Pronouns/40. I/MVI_9881.pkl,data/processed/landmarks/include50/I/5951c6498a77.npz,50,0.0,0.0,1.0,1.0,,train
fc2279996cc9,I,include50,video,,include:clip:fc2279996cc9,data/external/include_pose/INCLUDE/Pose_Signs/Pronouns/40. I/MVI_9995.pkl,data/processed/landmarks/include50/I/fc2279996cc9.npz,74,0.0,0.0,1.0,1.0,,train
76ce41b6ae4c,I,include50,video,,include:clip:76ce41b6ae4c,data/external/include_pose/INCLUDE/Pose_Signs/Pronouns/40. I/MVI_9957.pkl,data/processed/landmarks/include50/I/76ce41b6ae4c.npz,46,0.0,0.0,1.0,1.0,,train
9bc203d787b3,IT,include50,video,,include:clip:9bc203d787b3,data/external/include_pose/INCLUDE/Pose_Signs/Pronouns/44. it/MVI_0014.pkl,data/processed/landmarks/include50/IT/9bc203d787b3.npz,78,0.0,0.0,1.0,1.0,,train
565e80abeca3,IT,include50,video,,include:clip:565e80abeca3,data/external/include_pose/INCLUDE/Pose_Signs/Pronouns/44. it/MVI_9970.pkl,data/processed/landmarks/include50/IT/565e80abeca3.npz,48,0.0,0.0,1.0,1.0,,train
2595ca3291e9,IT,include50,video,,include:clip:2595ca3291e9,data/external/include_pose/INCLUDE/Pose_Signs/Pronouns/44. it/MVI_9898.pkl,data/processed/landmarks/include50/IT/2595ca3291e9.npz,46,0.0,0.0,1.0,1.0,,train
a5bcb4dae6a9,IT,include50,video,,include:clip:a5bcb4dae6a9,data/external/include_pose/INCLUDE/Pose_Signs/Pronouns/44. it/MVI_9939.pkl,data/processed/landmarks/include50/IT/a5bcb4dae6a9.npz,74,0.0,0.0,1.0,1.0,,train
d5d2d289345d,IT,include50,video,,include:clip:d5d2d289345d,data/external/include_pose/INCLUDE/Pose_Signs/Pronouns/44. it/MVI_9938.pkl,data/processed/landmarks/include50/IT/d5d2d289345d.npz,68,0.0,0.0,1.0,1.0,,train
5683648d1900,IT,include50,video,,include:clip:5683648d1900,data/external/include_pose/INCLUDE/Pose_Signs/Pronouns/44. it/MVI_0078.pkl,data/processed/landmarks/include50/IT/5683648d1900.npz,58,0.0,0.0,1.0,1.0,,train
04c5555bb231,IT,include50,video,,include:clip:04c5555bb231,data/external/include_pose/INCLUDE/Pose_Signs/Pronouns/44. it/MVI_9897.pkl,data/processed/landmarks/include50/IT/04c5555bb231.npz,44,0.0,0.0,1.0,1.0,,train
589f5f817239,IT,include50,video,,include:clip:589f5f817239,data/external/include_pose/INCLUDE/Pose_Signs/Pronouns/44. it/MVI_9936.pkl,data/processed/landmarks/include50/IT/589f5f817239.npz,74,0.0,0.0,1.0,1.0,,train
1417ef73c042,IT,include50,video,,include:clip:1417ef73c042,data/external/include_pose/INCLUDE/Pose_Signs/Pronouns/44. it/MVI_9937.pkl,data/processed/landmarks/include50/IT/1417ef73c042.npz,87,0.0,0.0,1.0,1.0,,train
24061f831afb,IT,include50,video,,include:clip:24061f831afb,data/external/include_pose/INCLUDE/Pose_Signs/Pronouns/44. it/MVI_0025.pkl,data/processed/landmarks/include50/IT/24061f831afb.npz,40,0.0,0.0,1.0,1.0,,train
a3b3b4cc6164,YOU_PLURAL,include50,video,,include:clip:a3b3b4cc6164,data/external/include_pose/INCLUDE/Pose_Signs/Pronouns/46. you (plural)/MVI_9976.pkl,data/processed/landmarks/include50/YOU_PLURAL/a3b3b4cc6164.npz,74,0.0,0.0,1.0,1.0,,train
a390174d1c0c,YOU_PLURAL,include50,video,,include:clip:a390174d1c0c,data/external/include_pose/INCLUDE/Pose_Signs/Pronouns/46. you (plural)/MVI_0082.pkl,data/processed/landmarks/include50/YOU_PLURAL/a390174d1c0c.npz,70,0.0,0.0,1.0,1.0,,train
b7a8056a0795,YOU_PLURAL,include50,video,,include:clip:b7a8056a0795,data/external/include_pose/INCLUDE/Pose_Signs/Pronouns/46. you (plural)/MVI_0083.pkl,data/processed/landmarks/include50/YOU_PLURAL/b7a8056a0795.npz,78,0.0,0.0,1.0,1.0,,train
798a5f6c2304,YOU_PLURAL,include50,video,,include:clip:798a5f6c2304,data/external/include_pose/INCLUDE/Pose_Signs/Pronouns/46. you (plural)/MVI_9909.pkl,data/processed/landmarks/include50/YOU_PLURAL/798a5f6c2304.npz,57,0.0,0.0,1.0,1.0,,train
e53f2dd513c5,YOU_PLURAL,include50,video,,include:clip:e53f2dd513c5,data/external/include_pose/INCLUDE/Pose_Signs/Pronouns/46. you (plural)/MVI_9908.pkl,data/processed/landmarks/include50/YOU_PLURAL/e53f2dd513c5.npz,51,0.0,0.0,1.0,1.0,,train
8565e090b057,YOU_PLURAL,include50,video,,include:clip:8565e090b057,data/external/include_pose/INCLUDE/Pose_Signs/Pronouns/46. you (plural)/MVI_0084.pkl,data/processed/landmarks/include50/YOU_PLURAL/8565e090b057.npz,72,0.0,0.0,1.0,1.0,,train
b29aea353a8b,YOU_PLURAL,include50,video,,include:clip:b29aea353a8b,data/external/include_pose/INCLUDE/Pose_Signs/Pronouns/46. you (plural)/MVI_0021.pkl,data/processed/landmarks/include50/YOU_PLURAL/b29aea353a8b.npz,75,0.0,0.0,1.0,1.0,,train
89c4fd20f64c,YOU_PLURAL,include50,video,,include:clip:89c4fd20f64c,data/external/include_pose/INCLUDE/Pose_Signs/Pronouns/46. you (plural)/MVI_9945.pkl,data/processed/landmarks/include50/YOU_PLURAL/89c4fd20f64c.npz,72,0.0,0.0,1.0,1.0,,train
f8a7d2d8c445,YOU_PLURAL,include50,video,,include:clip:f8a7d2d8c445,data/external/include_pose/INCLUDE/Pose_Signs/Pronouns/46. you (plural)/MVI_0022.pkl,data/processed/landmarks/include50/YOU_PLURAL/f8a7d2d8c445.npz,84,0.0,0.0,1.0,1.0,,train
a6ab3eca9289,YOU_PLURAL,include50,video,,include:clip:a6ab3eca9289,data/external/include_pose/INCLUDE/Pose_Signs/Pronouns/46. you (plural)/MVI_9946.pkl,data/processed/landmarks/include50/YOU_PLURAL/a6ab3eca9289.npz,87,0.0,0.0,1.0,1.0,,train
530e077547b8,YOU_PLURAL,include50,video,,include:clip:530e077547b8,data/external/include_pose/INCLUDE/Pose_Signs/Pronouns/46. you (plural)/MVI_0023.pkl,data/processed/landmarks/include50/YOU_PLURAL/530e077547b8.npz,92,0.0,0.0,1.0,1.0,,train
9386253c79fb,YOU_PLURAL,include50,video,,include:clip:9386253c79fb,data/external/include_pose/INCLUDE/Pose_Signs/Pronouns/46. you (plural)/MVI_0032.pkl,data/processed/landmarks/include50/YOU_PLURAL/9386253c79fb.npz,56,0.0,0.0,1.0,1.0,,train
3957cc9ce8c4,YOU_PLURAL,include50,video,,include:clip:3957cc9ce8c4,data/external/include_pose/INCLUDE/Pose_Signs/Pronouns/46. you (plural)/MVI_0030.pkl,data/processed/landmarks/include50/YOU_PLURAL/3957cc9ce8c4.npz,61,0.0,0.0,1.0,1.0,,train
5f6c28783df7,YOU_PLURAL,include50,video,,include:clip:5f6c28783df7,data/external/include_pose/INCLUDE/Pose_Signs/Pronouns/46. you (plural)/MVI_0024.pkl,data/processed/landmarks/include50/YOU_PLURAL/5f6c28783df7.npz,74,0.0,0.0,1.0,1.0,,train
2af917723094,YOU_PLURAL,include50,video,,include:clip:2af917723094,data/external/include_pose/INCLUDE/Pose_Signs/Pronouns/46. you (plural)/MVI_0031.pkl,data/processed/landmarks/include50/YOU_PLURAL/2af917723094.npz,61,0.0,0.0,1.0,1.0,,train
2a161a6f196b,ELECTION,include50,video,,include:clip:2a161a6f196b,data/external/include_pose/INCLUDE/Pose_Signs/Society/14. Election/MVI_4306.pkl,data/processed/landmarks/include50/ELECTION/2a161a6f196b.npz,76,0.0,0.0,0.9737,1.0,,train
d5706c030a6e,ELECTION,include50,video,,include:clip:d5706c030a6e,data/external/include_pose/INCLUDE/Pose_Signs/Society/14. Election/MVI_4307.pkl,data/processed/landmarks/include50/ELECTION/d5706c030a6e.npz,73,0.0,0.0,0.9863,1.0,,train
8c0d70076b85,ELECTION,include50,video,,include:clip:8c0d70076b85,data/external/include_pose/INCLUDE/Pose_Signs/Society/14. Election/MVI_4305.pkl,data/processed/landmarks/include50/ELECTION/8c0d70076b85.npz,80,0.0,0.0,1.0,1.0,,train
e8a5c0403efd,ELECTION,include50,video,,include:clip:e8a5c0403efd,data/external/include_pose/INCLUDE/Pose_Signs/Society/14. Election/MVI_4304.pkl,data/processed/landmarks/include50/ELECTION/e8a5c0403efd.npz,72,0.0,0.0,1.0,1.0,,train
513016f98564,ELECTION,include50,video,,include:clip:513016f98564,data/external/include_pose/INCLUDE/Pose_Signs/Society/14. Election/MVI_8968.pkl,data/processed/landmarks/include50/ELECTION/513016f98564.npz,75,0.0,0.0,0.9333,1.0,,train
67ee4c5b4b7f,ELECTION,include50,video,,include:clip:67ee4c5b4b7f,data/external/include_pose/INCLUDE/Pose_Signs/Society/14. Election/MVI_4840.pkl,data/processed/landmarks/include50/ELECTION/67ee4c5b4b7f.npz,65,0.0,0.0,0.8462,1.0,,train
9226dbb25c25,ELECTION,include50,video,,include:clip:9226dbb25c25,data/external/include_pose/INCLUDE/Pose_Signs/Society/14. Election/MVI_8712.pkl,data/processed/landmarks/include50/ELECTION/9226dbb25c25.npz,83,0.0,0.0,0.7349,1.0,,train
2ae47e2cabdf,ELECTION,include50,video,,include:clip:2ae47e2cabdf,data/external/include_pose/INCLUDE/Pose_Signs/Society/14. Election/MVI_8710.pkl,data/processed/landmarks/include50/ELECTION/2ae47e2cabdf.npz,76,0.0,0.0,0.7237,1.0,,train
afc9d84f2692,ELECTION,include50,video,,include:clip:afc9d84f2692,data/external/include_pose/INCLUDE/Pose_Signs/Society/14. Election/MVI_8711.pkl,data/processed/landmarks/include50/ELECTION/afc9d84f2692.npz,78,0.0,0.0,0.6154,1.0,,train
3df2c48d2982,ELECTION,include50,video,,include:clip:3df2c48d2982,data/external/include_pose/INCLUDE/Pose_Signs/Society/14. Election/MVI_4839.pkl,data/processed/landmarks/include50/ELECTION/3df2c48d2982.npz,73,0.0,0.0,0.8767,1.0,,train
8cdc390247a3,DEATH,include50,video,,include:clip:8cdc390247a3,data/external/include_pose/INCLUDE/Pose_Signs/Society/2. Death/MVI_4258.pkl,data/processed/landmarks/include50/DEATH/8cdc390247a3.npz,59,0.0,0.0,0.9661,1.0,,train
d35209849459,DEATH,include50,video,,include:clip:d35209849459,data/external/include_pose/INCLUDE/Pose_Signs/Society/2. Death/MVI_8932.pkl,data/processed/landmarks/include50/DEATH/d35209849459.npz,71,0.0,0.0,0.9296,1.0,,train
61d01e20bb7f,DEATH,include50,video,,include:clip:61d01e20bb7f,data/external/include_pose/INCLUDE/Pose_Signs/Society/2. Death/MVI_8661.pkl,data/processed/landmarks/include50/DEATH/61d01e20bb7f.npz,92,0.0,0.0,0.8696,1.0,,train
8110f66c08e8,DEATH,include50,video,,include:clip:8110f66c08e8,data/external/include_pose/INCLUDE/Pose_Signs/Society/2. Death/MVI_8662.pkl,data/processed/landmarks/include50/DEATH/8110f66c08e8.npz,82,0.0,0.0,0.7805,1.0,,train
2a5711097504,DEATH,include50,video,,include:clip:2a5711097504,data/external/include_pose/INCLUDE/Pose_Signs/Society/2. Death/MVI_8663.pkl,data/processed/landmarks/include50/DEATH/2a5711097504.npz,86,0.0,0.0,0.7907,1.0,,train
82fe12cfdb27,DEATH,include50,video,,include:clip:82fe12cfdb27,data/external/include_pose/INCLUDE/Pose_Signs/Society/2. Death/MVI_8664.pkl,data/processed/landmarks/include50/DEATH/82fe12cfdb27.npz,92,0.0,0.0,0.8043,1.0,,train
d6fd582d1ee7,DEATH,include50,video,,include:clip:d6fd582d1ee7,data/external/include_pose/INCLUDE/Pose_Signs/Society/2. Death/MVI_4802.pkl,data/processed/landmarks/include50/DEATH/d6fd582d1ee7.npz,61,0.0,0.0,0.9508,1.0,,train
df8c3fd26fd6,DEATH,include50,video,,include:clip:df8c3fd26fd6,data/external/include_pose/INCLUDE/Pose_Signs/Society/2. Death/MVI_4257.pkl,data/processed/landmarks/include50/DEATH/df8c3fd26fd6.npz,116,0.0,0.0,0.9655,1.0,,train
